Num_Acc,id_vehicule,num_veh,senc,catv,obs,obsm,choc,manv,motor,occutc
202100000001,201 764,B01,1,1,0,2,1,1,5,
202100000001,201 765,A01,1,7,0,9,3,17,1,
202100000002,201 762,A01,0,7,2,2,1,1,0,
202100000002,201 763,B01,0,7,0,2,1,9,0,
202100000003,201 761,A01,1,7,0,1,3,1,1,
202100000004,201 758,A01,1,7,0,2,3,15,1,
202100000004,201 759,D01,-1,60,0,0,7,19,5,
202100000005,201 754,A01,2,7,0,2,4,1,1,
202100000005,201 755,Z01,2,7,0,2,1,0,-1,
202100000006,201 752,B01,2,1,0,0,5,1,5,
202100000006,201 753,A01,2,7,0,2,1,1,1,
202100000007,201 750,B01,3,7,0,2,2,11,1,
202100000007,201 751,A01,3,7,0,2,2,1,1,
202100000008,201 748,B01,2,32,0,2,1,1,1,
202100000008,201 749,A01,2,7,0,0,6,10,1,
202100000009,201 746,A01,1,7,0,2,5,15,1,
202100000009,201 747,B01,2,7,0,2,1,1,1,
202100000010,201 744,A01,1,99,0,2,7,7,1,
202100000010,201 745,B01,1,37,0,2,3,2,2,4.0
202100000011,201 742,A01,3,7,0,2,2,16,1,
202100000011,201 743,B01,3,99,0,2,1,26,3,
202100000012,201 740,A01,2,7,0,2,2,1,1,
202100000012,201 741,B01,1,10,16,2,2,19,1,
202100000013,201 738,A01,1,7,0,2,1,2,1,
202100000013,201 739,B01,1,2,0,0,4,2,1,
202100000014,201 736,A01,1,7,0,2,2,16,1,
202100000014,201 737,B01,1,60,0,2,0,0,5,
202100000015,201 734,B01,1,7,0,2,3,1,1,
202100000015,201 735,A01,1,7,0,2,2,19,1,
202100000016,201 733,A01,1,15,1,0,1,1,1,
202100000017,201 731,A01,2,7,0,0,7,5,1,
202100000017,201 732,B01,1,7,0,0,1,1,1,
202100000018,201 729,B01,2,7,0,0,4,1,1,
202100000018,201 730,A01,2,14,0,2,1,1,1,
202100000019,201 727,B01,2,7,0,2,8,1,1,
202100000019,201 728,A01,1,7,0,2,3,13,1,
202100000020,201 725,A01,2,0,0,2,5,2,-1,
202100000020,201 726,B01,2,33,0,2,4,2,1,
202100000021,201 723,B01,1,32,0,2,7,0,1,
202100000021,201 724,A01,1,7,0,2,3,19,1,
202100000022,201 721,A01,1,7,0,2,1,0,1,
202100000022,201 722,B01,1,7,9,2,2,15,1,
202100000023,201 719,A01,1,7,0,1,1,19,1,
202100000024,201 717,B01,2,7,0,2,1,1,1,
202100000024,201 718,A01,1,7,0,2,1,5,1,
202100000025,201 716,A01,2,33,5,0,1,1,1,
202100000026,201 713,C01,1,7,0,2,5,23,1,
202100000026,201 714,B01,1,7,0,0,3,22,1,
202100000026,201 715,A01,1,33,0,2,7,3,1,
202100000027,201 711,A01,2,2,0,2,4,1,1,
202100000027,201 712,B01,2,10,0,2,2,2,1,
202100000028,201 709,A01,3,7,0,2,3,9,1,
202100000028,201 710,B01,1,32,0,2,1,21,1,
202100000029,201 708,A01,1,10,0,1,2,1,0,
202100000030,201 707,A01,2,7,0,1,1,1,1,
202100000031,201 706,A01,1,7,1,0,4,26,1,
202100000032,201 703,B01,3,15,0,2,1,2,0,
202100000032,201 704,A01,3,99,0,2,4,1,0,
202100000033,201 702,A01,3,7,0,1,1,17,1,
202100000034,201 701,A01,1,7,0,1,1,20,1,
202100000035,201 698,A01,1,7,0,1,1,16,1,
202100000036,201 696,A01,1,10,13,0,1,1,1,
202100000037,201 695,A01,2,7,0,1,2,1,1,
202100000038,201 693,B01,1,1,0,2,1,1,5,
202100000038,201 694,A01,1,0,0,2,4,17,-1,
202100000039,201 691,A01,1,7,0,2,7,15,0,
202100000039,201 692,B01,2,2,0,2,1,1,0,
202100000040,201 689,B01,1,31,0,2,1,19,1,
202100000040,201 690,A01,1,34,16,0,1,26,1,
202100000041,201 687,A01,1,7,0,2,1,1,1,
202100000041,201 688,B01,1,32,0,2,7,21,1,
202100000042,201 685,B01,1,7,0,2,3,1,1,
202100000042,201 686,A01,2,7,0,2,3,13,1,
202100000043,201 682,A01,2,7,16,0,-1,13,1,
202100000044,201 677,A01,1,7,3,2,1,1,1,
202100000044,201 678,B01,1,7,14,0,7,21,1,
202100000044,201 679,C01,1,7,14,0,2,1,1,
202100000044,201 680,D01,1,7,14,0,1,1,1,
202100000044,201 681,E01,1,7,3,0,7,21,1,
202100000045,201 676,A01,1,32,0,1,1,1,1,
202100000046,201 674,A01,2,7,0,2,3,13,0,
202100000046,201 675,B01,1,10,0,2,8,1,1,
202100000047,201 672,A01,1,31,0,2,1,1,1,
202100000047,201 673,B01,1,7,0,2,3,1,1,
202100000048,201 669,B01,3,7,0,2,1,19,1,
202100000048,201 670,A01,2,7,0,2,2,1,1,
202100000048,201 671,C01,1,7,0,2,3,1,2,
202100000049,201 661,B01,1,7,0,2,1,1,1,
202100000049,201 662,A01,1,7,0,2,4,23,1,
202100000050,201 659,B01,1,7,0,2,4,1,1,
202100000050,201 660,A01,2,33,0,2,1,26,1,
202100000051,201 657,B01,3,7,0,2,1,1,0,
202100000051,201 658,A01,3,1,0,2,8,1,5,
202100000052,201 653,A01,2,7,0,1,3,19,1,
202100000053,201 651,A01,1,99,0,2,3,10,1,
202100000053,201 652,B01,1,33,0,2,1,1,1,
202100000054,201 650,A01,1,7,1,0,2,26,1,
202100000055,201 648,A01,1,32,1,2,3,18,1,
202100000055,201 649,B01,1,7,0,2,7,1,1,
202100000056,201 647,A01,0,30,0,0,1,14,1,
202100000057,201 645,B01,3,10,0,2,1,1,1,
202100000057,201 646,A01,3,7,0,2,1,16,1,
202100000058,201 643,A01,3,10,0,2,2,1,1,
202100000058,201 644,B01,1,10,0,2,3,1,1,
202100000059,201 642,A01,2,33,0,0,8,0,1,
202100000060,201 640,A01,0,7,0,2,3,1,0,
202100000060,201 641,B01,0,7,0,2,3,1,0,
202100000061,201 638,A01,3,7,0,2,2,15,1,
202100000061,201 639,B01,3,7,0,2,1,1,1,
202100000062,201 637,A01,1,50,0,1,1,1,3,
202100000063,201 636,A01,1,2,0,6,1,1,1,
202100000064,201 634,A01,1,7,0,-1,4,1,-1,
202100000064,201 635,B01,1,7,0,0,1,1,-1,
202100000065,201 633,A01,0,50,0,1,1,26,3,
202100000066,201 632,A01,0,7,0,1,1,1,1,
202100000067,201 630,A01,2,7,0,2,1,1,1,
202100000067,201 631,B01,1,33,0,2,2,15,1,
202100000068,201 629,A01,1,7,13,0,3,1,1,
202100000069,201 627,A01,2,7,0,2,3,5,1,
202100000069,201 628,B01,0,7,0,0,0,0,1,
202100000070,201 625,B01,0,1,0,2,0,0,-1,
202100000070,201 626,A01,0,7,0,2,0,0,-1,
202100000071,201 623,B01,0,1,0,0,0,0,0,
202100000071,201 624,A01,1,7,0,2,3,21,1,
202100000072,201 622,A01,2,10,0,0,-1,1,1,
202100000073,201 621,A01,2,7,0,1,2,16,1,
202100000074,201 620,A01,1,7,0,1,1,1,1,
202100000075,201 616,D01,1,7,0,2,1,2,1,
202100000075,201 617,C01,1,7,0,2,1,2,1,
202100000075,201 618,B01,1,7,0,2,1,2,1,
202100000075,201 619,A01,1,7,0,0,0,0,1,
202100000076,201 615,A01,2,2,0,0,0,26,1,
202100000077,201 614,A01,3,7,0,1,0,26,1,
202100000078,201 612,A01,1,7,0,2,3,26,1,
202100000078,201 613,B01,2,2,0,2,3,15,1,
202100000079,201 610,B01,1,99,0,2,1,1,1,
202100000079,201 611,A01,1,10,0,2,8,15,0,
202100000080,201 609,A01,1,7,8,0,1,9,1,
202100000081,201 608,A01,0,7,2,0,1,1,1,
202100000082,201 606,A01,3,7,0,2,3,19,1,
202100000082,201 607,B01,2,30,0,2,1,17,1,
202100000083,201 605,A01,3,33,0,1,1,1,1,
202100000084,201 603,A01,1,7,0,2,3,1,1,
202100000084,201 604,B01,1,7,0,2,1,1,1,
202100000085,201 597,A01,1,7,5,0,1,0,1,
202100000086,201 596,A01,2,99,4,0,0,26,6,
202100000087,201 594,B01,3,7,0,2,1,0,1,
202100000087,201 595,A01,3,50,0,2,1,13,3,
202100000088,201 592,A01,3,7,6,0,1,1,1,
202100000089,201 590,B01,1,33,-1,2,2,1,1,
202100000089,201 591,A01,1,7,0,2,8,1,1,
202100000090,201 588,B01,3,60,0,2,3,19,5,
202100000090,201 589,A01,3,7,0,1,1,1,1,
202100000091,201 586,A01,2,7,0,2,8,1,1,
202100000091,201 587,B01,1,31,0,2,0,13,1,
202100000092,201 584,A01,2,7,0,2,2,1,1,
202100000092,201 585,B01,2,2,0,2,8,19,1,
202100000093,201 583,A01,2,7,0,1,3,19,1,
202100000094,201 582,A01,2,7,3,2,1,14,1,
202100000095,201 581,A01,3,3,1,0,1,0,0,
202100000096,201 579,A01,3,7,0,2,3,9,2,
202100000096,201 580,B01,3,50,0,2,1,0,3,
202100000097,201 577,A01,3,3,0,2,3,19,0,
202100000097,201 578,B01,0,2,0,2,1,0,1,
202100000098,201 575,B01,2,7,0,2,8,19,1,
202100000098,201 576,A01,2,10,0,2,1,1,1,
202100000099,201 573,A01,1,7,0,2,7,18,1,
202100000099,201 574,B01,2,10,0,2,1,1,0,
202100000100,201 572,A01,1,7,0,1,1,2,1,
202100000101,201 570,A01,3,1,14,0,1,1,0,
202100000101,201 571,B01,3,1,14,0,1,1,0,
202100000102,201 569,A01,0,2,16,0,7,14,1,
202100000103,201 567,A01,3,7,0,2,2,1,1,
202100000103,201 568,C01,3,30,0,2,8,9,1,
202100000104,201 565,B01,1,7,0,2,1,1,1,
202100000104,201 566,A01,1,7,0,2,1,13,1,
202100000105,201 563,A01,1,10,0,2,1,1,1,
202100000105,201 564,B01,2,7,0,2,1,1,1,
202100000106,201 561,A01,3,7,0,2,4,23,1,
202100000106,201 562,B01,3,7,0,2,1,2,1,
202100000107,201 559,A01,0,10,0,2,1,11,-1,
202100000107,201 560,B01,0,1,0,2,1,1,-1,
202100000108,201 558,A01,3,1,12,0,1,14,5,
202100000109,201 557,A01,1,7,17,0,1,1,1,
202100000110,201 555,B01,3,7,0,2,2,1,1,
202100000110,201 556,A01,3,30,0,2,8,13,1,
202100000111,201 553,A01,3,7,0,2,2,15,1,
202100000111,201 554,B01,3,2,0,2,1,26,1,
202100000112,201 550,A01,0,7,0,0,0,1,1,
202100000113,201 549,A01,1,7,10,1,2,2,1,
202100000114,201 548,A01,2,7,0,1,1,1,1,
202100000115,201 546,A01,1,7,0,2,3,13,1,
202100000115,201 547,B01,2,7,0,2,3,1,1,
202100000116,201 545,A01,2,7,0,1,1,1,1,
202100000117,201 543,A01,1,7,0,2,3,19,1,
202100000117,201 544,B01,0,10,0,0,8,2,1,
202100000118,201 542,A01,3,2,0,1,2,17,1,
202100000119,201 541,A01,0,7,0,1,1,1,6,
202100000120,201 540,A01,2,7,0,1,1,1,1,
202100000121,201 538,A01,1,30,0,2,1,1,1,
202100000121,201 539,B01,1,7,0,2,4,23,1,
202100000122,201 536,A01,3,7,8,2,2,1,1,
202100000122,201 537,B01,3,7,0,2,6,1,1,
202100000123,201 535,A01,1,7,3,0,2,1,1,
202100000124,201 533,B01,1,7,0,2,1,1,1,
202100000124,201 534,A01,2,7,0,2,1,1,1,
202100000125,201 532,A01,2,7,0,0,3,1,1,
202100000126,201 530,B01,2,33,0,2,1,17,1,
202100000126,201 531,A01,2,7,0,2,8,15,1,
202100000127,201 529,A01,3,39,0,1,2,19,3,
202100000128,201 524,A01,3,7,0,0,1,19,1,
202100000129,201 523,A01,0,7,12,0,2,1,1,
202100000130,201 521,A01,3,7,0,2,3,1,1,
202100000130,201 522,B01,3,50,0,2,0,0,3,
202100000131,201 517,B01,1,2,0,2,1,1,1,
202100000131,201 518,A01,1,7,0,2,3,15,1,
202100000132,201 514,A01,0,33,0,0,1,26,1,
202100000133,201 512,B01,2,34,0,2,1,1,1,
202100000133,201 513,A01,1,7,0,2,2,15,1,
202100000134,201 510,A01,2,30,0,1,1,17,1,
202100000134,201 511,B01,1,7,0,2,8,23,1,
202100000135,201 509,A01,3,36,2,0,1,13,1,
202100000136,201 507,A01,3,13,0,2,2,26,1,
202100000136,201 508,B01,3,1,0,2,3,0,0,
202100000137,201 503,D01,1,7,0,2,4,1,1,
202100000137,201 504,C01,1,7,0,2,6,1,1,
202100000137,201 505,B01,1,7,12,2,5,1,1,
202100000137,201 506,A01,1,99,0,2,1,1,1,
202100000138,201 501,A01,1,7,0,1,1,1,1,
202100000139,201 499,B01,1,2,0,2,1,1,1,
202100000139,201 500,A01,1,7,0,2,5,4,1,
202100000140,201 497,B01,2,32,0,2,1,1,1,
202100000140,201 498,A01,2,7,0,2,4,9,1,
202100000141,201 495,B01,3,2,0,2,0,13,1,
202100000141,201 496,A01,3,99,0,2,3,0,1,
202100000142,201 491,C01,1,7,0,2,4,1,1,
202100000142,201 492,A01,1,7,0,2,1,1,1,
202100000142,201 493,B01,1,7,0,2,4,1,1,
202100000143,201 488,A01,1,7,0,2,7,11,1,
202100000143,201 489,B01,1,7,0,2,9,1,2,
202100000143,201 490,C01,1,7,0,2,8,1,1,
202100000144,201 486,A01,2,7,0,2,1,1,1,
202100000144,201 487,B01,2,7,0,2,4,2,1,
202100000145,201 484,A01,2,7,3,2,2,17,1,
202100000145,201 485,B01,2,7,3,2,6,1,1,
202100000146,201 483,A01,1,7,4,0,1,12,1,
202100000147,201 482,A01,2,7,16,0,1,1,1,
202100000148,201 479,C01,2,7,0,2,8,21,1,
202100000148,201 480,B01,2,7,0,2,1,1,1,
202100000148,201 481,A01,2,7,0,2,4,1,1,
202100000149,201 478,A01,1,7,4,9,1,21,1,
202100000150,201 477,A01,2,7,1,0,1,13,1,
202100000151,201 475,A01,2,7,0,2,3,13,1,
202100000151,201 476,B01,1,7,0,2,3,21,1,
202100000152,201 474,A01,3,33,0,0,4,1,1,
202100000153,201 473,A01,1,7,0,6,3,1,2,
202100000154,201 472,A01,1,7,0,1,1,15,1,
202100000155,201 471,A01,3,30,1,0,5,1,1,
202100000156,201 469,B01,1,33,0,2,0,0,1,
202100000156,201 470,A01,1,7,0,2,3,9,1,
202100000157,201 467,B01,2,33,0,2,1,1,1,
202100000157,201 468,A01,1,7,0,2,2,15,1,
202100000158,201 465,B01,0,7,0,2,5,1,1,
202100000158,201 466,A01,0,7,0,2,1,19,1,
202100000159,201 464,A01,2,7,6,0,3,13,1,
202100000160,201 462,A01,0,10,0,2,3,0,1,
202100000160,201 463,B01,0,7,0,2,3,0,1,
202100000161,201 458,B01,3,31,0,2,3,10,1,
202100000161,201 459,A01,3,7,0,2,2,17,1,
202100000162,201 456,B01,0,1,0,2,1,2,5,
202100000162,201 457,A01,0,7,0,2,2,11,1,
202100000163,201 453,A01,1,7,0,1,0,1,0,
202100000164,201 452,A01,1,7,0,1,1,1,1,
202100000165,201 451,A01,2,7,0,1,2,1,1,
202100000166,201 447,C01,2,7,0,2,2,2,0,
202100000166,201 448,D01,2,7,0,2,1,2,1,
202100000166,201 449,B01,2,7,0,2,6,2,1,
202100000166,201 450,A01,2,7,0,2,4,1,1,
202100000167,201 445,B01,3,7,0,9,3,1,1,
202100000167,201 446,A01,3,33,0,2,1,1,1,
202100000168,201 443,B01,3,7,0,2,4,23,1,
202100000168,201 444,A01,3,7,0,2,1,2,1,
202100000169,201 442,A01,0,7,0,0,9,21,1,
202100000170,201 440,A01,2,7,0,2,1,13,1,
202100000170,201 441,B01,1,10,0,2,1,21,1,
202100000171,201 438,B01,1,2,0,2,1,0,6,
202100000171,201 439,A01,1,7,0,2,3,15,0,
202100000172,201 436,B01,2,7,0,2,3,15,1,
202100000172,201 437,A01,2,30,1,2,9,17,1,
202100000173,201 434,A01,1,34,0,2,8,15,1,
202100000173,201 435,B01,1,2,0,2,3,15,1,
202100000174,201 433,A01,2,7,0,0,9,13,1,
202100000175,201 432,A01,1,1,0,0,8,1,5,
202100000176,201 431,A01,2,7,0,1,1,1,1,
202100000177,201 429,B01,2,31,0,2,1,3,1,
202100000177,201 430,A01,1,30,0,2,1,3,1,
202100000178,201 424,B01,2,7,0,2,4,23,1,
202100000178,201 425,A01,2,7,2,2,1,26,1,
202100000179,201 422,A01,1,1,0,2,8,2,5,
202100000179,201 423,B01,1,7,0,2,7,16,1,
202100000180,201 420,A01,2,1,0,2,4,1,5,
202100000180,201 421,B01,2,7,0,2,1,1,-1,
202100000181,201 418,B01,1,1,0,2,1,1,5,
202100000181,201 419,A01,2,7,0,2,1,15,1,
202100000182,201 417,A01,2,7,15,0,1,1,1,
202100000183,201 416,A01,2,33,14,0,1,1,1,
202100000184,201 413,A01,1,7,2,0,3,1,1,
202100000185,201 411,A01,2,7,0,2,2,15,1,
202100000185,201 412,B01,1,2,0,0,2,1,1,
202100000186,201 409,A01,1,7,0,2,1,1,1,
202100000186,201 410,B01,1,7,0,2,4,15,1,
202100000187,201 407,A01,0,7,0,2,3,13,1,
202100000187,201 408,B01,0,7,0,2,3,1,1,
202100000188,201 406,A01,1,7,13,0,2,1,1,
202100000189,201 403,A01,3,7,0,2,1,1,1,
202100000189,201 404,B01,3,7,0,2,4,23,1,
202100000189,201 405,C01,3,7,6,2,4,23,1,
202100000190,201 401,A01,3,99,0,2,1,1,3,
202100000190,201 402,B01,3,7,0,2,3,9,2,
202100000191,201 399,B01,0,80,0,2,1,15,3,
202100000191,201 400,A01,2,7,0,2,1,15,1,
202100000192,201 398,A01,1,7,0,1,2,9,1,
202100000193,201 396,B01,1,7,0,2,3,13,0,
202100000193,201 397,A01,2,7,0,2,3,1,1,
202100000194,201 395,A01,0,7,2,0,1,15,1,
202100000195,201 393,B01,1,39,0,2,8,1,3,
202100000195,201 394,A01,2,1,0,4,0,26,5,
202100000196,201 392,A01,2,7,3,0,1,1,1,
202100000197,201 387,A01,1,7,1,1,1,25,1,
202100000198,201 386,A01,1,7,8,0,1,1,1,
202100000199,201 384,B01,1,7,0,2,4,1,-1,
202100000199,201 385,A01,1,30,0,2,1,1,0,
202100000200,201 383,A01,3,30,0,1,1,18,1,
202100000201,201 379,A01,2,7,0,2,1,9,1,
202100000201,201 380,B01,1,1,0,2,3,9,5,
202100000202,201 377,A01,2,7,0,2,3,15,1,
202100000202,201 378,B01,3,2,0,2,1,1,1,
202100000203,201 376,A01,1,1,0,0,8,1,5,
202100000204,201 374,B01,2,80,0,2,7,1,3,
202100000204,201 375,A01,2,7,0,2,1,1,1,
202100000205,201 370,A01,1,7,0,2,4,1,1,
202100000205,201 371,B01,1,10,0,2,1,1,1,
202100000206,201 368,B01,2,34,0,2,1,16,1,
202100000206,201 369,A01,2,7,0,2,7,1,1,
202100000207,201 366,B01,3,7,0,2,2,1,1,
202100000207,201 367,A01,3,33,0,2,2,1,1,
202100000208,201 365,A01,3,7,3,0,1,26,1,
202100000209,201 364,A01,1,7,9,0,1,13,1,
202100000210,201 363,A01,1,32,0,1,1,0,1,
202100000211,201 361,B01,0,7,0,0,0,0,0,
202100000211,201 362,A01,0,7,8,2,3,7,1,
202100000212,201 360,A01,1,7,6,0,1,1,1,
202100000213,201 357,A01,2,7,0,1,2,2,1,
202100000214,201 355,A01,1,7,0,2,4,1,1,
202100000214,201 356,B01,1,2,0,2,1,2,1,
202100000215,201 354,A01,3,7,0,1,2,1,1,
202100000216,201 351,C01,1,7,0,2,8,23,1,
202100000216,201 352,A01,1,7,0,2,1,15,1,
202100000216,201 353,B01,1,10,0,2,7,26,1,
202100000217,201 350,A01,3,1,16,0,1,1,5,
202100000218,201 348,A01,1,7,0,2,7,16,1,
202100000218,201 349,B01,1,1,0,2,7,1,5,
202100000219,201 346,B01,1,33,0,2,1,3,1,
202100000219,201 347,A01,1,7,0,2,2,10,1,
202100000220,201 345,A01,1,10,0,0,2,1,1,
202100000221,201 343,B01,1,10,0,2,8,22,1,
202100000221,201 344,A01,1,80,1,0,7,26,3,
202100000222,201 342,A01,1,7,6,0,3,1,1,
202100000223,201 339,A01,1,7,0,2,1,21,1,
202100000223,201 340,B01,1,7,0,2,6,23,1,
202100000223,201 341,C01,1,7,0,0,4,23,1,
202100000224,201 333,A01,1,7,0,1,1,9,1,
202100000225,201 331,A01,1,7,0,2,3,13,1,
202100000225,201 332,B01,2,7,0,2,3,1,1,
202100000226,201 327,A01,1,7,0,2,7,16,1,
202100000226,201 328,B01,1,1,0,2,1,1,5,
202100000227,201 322,A01,1,7,0,2,4,2,1,
202100000227,201 323,B01,1,7,0,2,1,2,1,
202100000227,201 324,C01,1,7,5,2,8,2,0,
202100000227,201 325,D01,1,7,0,2,4,2,0,
202100000227,201 326,E01,1,7,0,2,1,2,0,
202100000228,201 319,C01,2,7,0,2,2,1,1,
202100000228,201 320,A01,1,1,0,2,1,19,5,
202100000228,201 321,B01,1,1,0,2,1,19,5,
202100000229,201 317,A01,1,7,1,0,1,1,1,
202100000229,201 318,C01,1,7,0,2,4,0,1,
202100000230,201 316,A01,2,7,0,1,1,1,1,
202100000231,201 314,A01,1,7,0,2,1,2,1,
202100000231,201 315,B01,1,10,0,2,4,2,1,
202100000232,201 312,A01,2,32,0,2,1,8,1,
202100000232,201 313,B01,1,7,0,2,2,15,1,
202100000233,201 310,B01,3,7,0,2,5,1,2,
202100000233,201 311,A01,3,2,0,2,3,0,1,
202100000234,201 309,A01,2,7,6,0,1,1,1,
202100000235,201 307,B01,3,2,0,0,2,1,1,
202100000235,201 308,A01,3,7,0,2,3,9,1,
202100000236,201 305,B01,1,31,1,2,2,17,1,
202100000236,201 306,A01,1,7,0,2,3,15,1,
202100000237,201 303,B01,1,2,0,2,1,13,1,
202100000237,201 304,A01,1,7,0,2,8,13,1,
202100000238,201 301,A01,1,10,3,0,3,26,1,
202100000239,201 297,A01,2,30,0,2,1,1,1,
202100000239,201 298,B01,2,7,0,2,4,1,1,
202100000240,201 293,A01,1,7,0,2,2,12,1,
202100000240,201 294,B01,1,43,0,2,3,7,1,
202100000241,201 292,A01,1,33,0,6,1,1,1,
202100000242,201 290,B01,1,7,0,2,3,15,-1,
202100000242,201 291,A01,1,34,0,2,1,17,1,
202100000243,201 288,B01,2,60,0,2,1,1,5,
202100000243,201 289,A01,1,10,0,2,2,15,1,
202100000244,201 285,A01,3,7,0,1,1,15,1,
202100000245,201 283,A01,3,7,7,2,1,1,1,
202100000245,201 284,B01,3,7,0,2,3,15,1,
202100000246,201 282,B01,0,7,0,2,1,1,1,
202100000247,201 281,A01,2,7,0,1,1,14,1,
202100000248,201 279,A01,2,30,0,2,2,15,1,
202100000248,201 280,B01,1,7,0,2,1,1,1,
202100000249,201 277,A01,1,1,0,2,4,11,5,
202100000249,201 278,B01,1,7,0,2,2,1,1,
202100000250,201 275,A01,2,7,0,2,2,14,1,
202100000250,201 276,B01,2,1,0,2,4,26,0,
202100000251,201 274,A01,3,1,0,1,0,2,0,
202100000252,201 273,A01,3,38,0,1,8,16,1,1.0
202100000253,201 271,B01,2,31,0,2,0,0,1,
202100000253,201 272,A01,3,10,0,2,7,19,1,
202100000254,201 270,A01,0,30,0,1,4,21,1,
202100000255,201 269,A01,1,7,0,0,1,1,1,
202100000256,201 267,A01,3,7,13,0,0,15,1,
202100000257,201 266,A01,2,7,6,0,1,13,1,
202100000258,201 265,A01,1,7,1,0,2,21,1,
202100000259,201 264,A01,1,7,4,0,1,1,1,
202100000260,201 260,B01,1,7,0,2,-1,17,-1,
202100000260,201 261,A01,1,7,0,0,0,1,1,
202100000261,201 258,A01,3,7,0,2,3,10,1,
202100000261,201 259,B01,3,2,0,2,1,17,1,
202100000262,201 254,B01,-1,30,-1,-1,-1,-1,-1,
202100000262,201 255,A01,-1,20,-1,-1,-1,-1,-1,
202100000263,201 252,A01,1,32,0,2,1,1,1,
202100000263,201 253,B01,2,7,0,2,3,15,1,
202100000264,201 250,A01,1,7,0,2,2,15,1,
202100000264,201 251,B01,1,3,0,2,1,1,0,
202100000265,201 248,B01,3,33,0,2,2,17,1,
202100000265,201 249,A01,3,7,0,2,8,19,1,
202100000266,201 246,A01,1,10,0,2,3,16,1,
202100000266,201 247,B01,1,34,0,2,1,1,1,
202100000267,201 244,B01,1,7,0,2,4,1,1,
202100000267,201 245,A01,1,30,0,2,1,26,1,
202100000268,201 243,A01,1,10,6,0,1,1,1,
202100000269,201 240,A01,1,7,0,2,9,13,1,
202100000269,201 241,C01,3,7,0,0,1,1,1,
202100000269,201 242,B01,3,7,0,2,1,1,1,
202100000270,201 238,B01,2,7,0,2,3,20,1,
202100000270,201 239,A01,2,2,0,2,2,1,1,
202100000271,201 237,E01,2,39,0,1,6,1,3,
202100000272,201 235,B01,1,7,0,2,6,1,1,
202100000272,201 236,A01,2,7,1,2,1,13,1,
202100000273,201 233,B01,0,50,0,2,8,19,3,
202100000273,201 234,A01,1,7,0,2,1,1,1,
202100000274,201 231,B01,1,1,0,2,1,2,5,
202100000274,201 232,A01,1,7,0,2,2,2,1,
202100000275,201 229,B01,3,33,0,2,1,1,1,
202100000275,201 230,A01,3,10,0,2,2,15,1,
202100000276,201 227,B01,1,7,0,2,7,1,1,
202100000276,201 228,A01,3,7,0,2,1,1,1,
202100000277,201 226,A01,2,7,2,0,0,13,1,
202100000278,201 225,A01,2,7,4,0,0,21,1,
202100000279,201 224,A01,1,10,0,1,1,1,1,
202100000280,201 223,A01,2,2,0,1,1,26,1,
202100000281,201 221,B01,3,7,0,2,1,1,0,
202100000281,201 222,A01,3,7,0,2,8,15,0,
202100000282,201 220,A01,0,7,0,1,2,1,1,
202100000283,201 218,A01,0,13,0,2,0,0,0,
202100000283,201 219,B01,3,31,0,2,0,0,0,
202100000284,201 217,A01,1,33,0,1,7,1,1,
202100000285,201 215,B01,2,43,0,2,1,0,1,
202100000285,201 216,A01,1,1,0,2,7,19,5,
202100000286,201 212,C01,1,7,0,2,8,1,1,
202100000286,201 213,B01,1,7,0,2,4,1,1,
202100000286,201 214,A01,1,7,0,2,1,1,1,
202100000287,201 210,A01,1,30,0,2,0,1,1,
202100000287,201 211,B01,2,7,0,2,0,15,1,
202100000288,201 209,A01,1,7,8,0,7,1,1,
202100000289,201 207,A01,1,7,0,2,1,1,1,
202100000289,201 208,B01,1,7,0,2,3,1,1,
202100000290,201 205,A01,3,7,0,2,1,1,1,
202100000290,201 206,B01,3,7,0,2,4,1,1,
202100000291,201 203,B01,0,7,0,2,4,0,1,
202100000291,201 204,A01,0,7,0,2,1,0,1,
202100000292,201 201,A01,1,33,0,2,1,26,1,
202100000292,201 202,B01,1,7,0,2,6,1,1,
202100000293,201 199,B01,2,1,0,2,8,15,5,
202100000293,201 200,A01,2,7,0,2,2,1,1,
202100000294,201 197,A01,3,1,0,2,7,19,5,
202100000294,201 198,B01,2,31,0,2,1,1,1,
202100000295,201 195,A01,2,7,0,2,1,21,1,
202100000295,201 196,B01,2,7,0,2,4,20,1,
202100000296,201 193,A01,1,2,0,2,7,1,1,
202100000296,201 194,B01,1,7,0,2,1,1,1,
202100000297,201 191,A01,1,31,0,2,0,1,1,
202100000297,201 192,B01,1,7,0,0,0,0,1,
202100000298,201 189,A01,2,7,0,2,8,1,1,
202100000298,201 190,B01,2,10,0,2,1,1,1,
202100000299,201 187,A01,2,7,0,2,3,9,1,
202100000299,201 188,B01,1,33,0,2,1,1,1,
202100000300,201 185,A01,1,7,0,2,3,0,1,
202100000300,201 186,B01,2,33,0,2,5,0,1,
202100000301,201 184,A01,1,7,0,1,7,0,1,
202100000302,201 181,A01,3,50,0,1,4,1,3,
202100000303,201 179,B01,1,7,0,2,4,23,2,
202100000303,201 180,A01,1,7,0,2,1,0,1,
202100000304,201 178,A01,1,7,0,1,1,1,1,
202100000305,201 174,A01,0,7,0,1,1,1,1,
202100000306,201 171,A01,1,7,0,1,1,1,1,
202100000307,201 169,A01,1,7,0,2,2,17,1,
202100000307,201 170,B01,1,80,0,2,1,0,5,