Num_Acc,id_vehicule,num_veh,senc,catv,obs,obsm,choc,manv,motor,occutc
202100000308,201 167,B01,3,1,0,2,4,6,5,
202100000308,201 168,A01,2,7,0,2,3,21,1,
202100000309,201 165,B01,3,7,0,2,1,1,1,
202100000309,201 166,A01,3,7,0,2,2,5,0,
202100000310,201 164,A01,1,7,14,0,1,26,1,
202100000311,201 162,A01,0,33,0,2,3,9,1,
202100000311,201 163,B01,3,1,0,2,0,0,0,
202100000312,201 160,A01,3,7,0,2,8,11,1,
202100000312,201 161,B01,3,32,0,2,1,1,1,
202100000313,201 158,B01,0,7,0,2,6,15,1,
202100000313,201 159,A01,3,33,0,2,2,17,1,
202100000314,201 156,A01,3,30,7,2,0,1,1,
202100000314,201 157,B01,3,7,0,2,3,19,1,
202100000315,201 154,A01,3,7,15,2,3,19,1,
202100000315,201 155,B01,3,7,15,2,2,1,1,
202100000316,201 153,A01,3,31,2,0,8,1,1,
202100000317,201 151,A01,3,7,0,2,1,16,1,
202100000317,201 152,B01,3,7,0,1,4,16,1,
202100000318,201 150,A01,0,7,13,0,8,9,1,
202100000319,201 148,B01,3,7,0,2,6,2,1,
202100000319,201 149,A01,3,7,0,2,2,1,1,
202100000320,201 146,A01,1,7,0,2,5,1,1,
202100000320,201 147,Z01,1,7,0,2,1,1,1,
202100000321,201 145,A01,3,7,0,1,1,1,1,
202100000322,201 143,A01,2,1,0,2,7,1,5,
202100000322,201 144,B01,1,7,0,2,1,1,1,
202100000323,201 141,A01,1,10,0,2,3,15,1,
202100000323,201 142,B01,2,31,0,2,8,1,1,
202100000324,201 139,B01,2,7,0,2,1,1,-1,
202100000324,201 140,A01,2,7,15,2,7,1,1,
202100000325,201 138,A01,1,7,0,1,0,15,-1,
202100000326,201 137,A01,0,39,0,1,1,1,3,
202100000327,201 136,A01,-1,7,0,-1,-1,4,-1,
202100000328,201 134,A01,2,7,0,0,0,15,1,
202100000328,201 135,B01,1,31,0,0,9,1,1,
202100000329,201 131,C01,1,7,0,2,3,1,1,
202100000329,201 132,B01,1,7,0,2,3,1,1,
202100000329,201 133,A01,2,7,0,2,3,13,1,
202100000330,201 130,A01,3,7,2,0,0,14,1,
202100000331,201 129,A01,2,10,0,1,3,1,1,
202100000332,201 128,A01,2,7,13,0,1,17,1,
202100000333,201 126,B01,2,7,1,0,1,2,1,
202100000333,201 127,A01,2,7,0,2,4,23,1,
202100000334,201 124,A01,3,39,0,2,2,1,-1,
202100000334,201 125,B01,1,1,0,4,7,23,5,
202100000335,201 123,A01,3,34,0,1,1,1,0,
202100000336,201 121,B01,2,7,0,2,3,13,1,
202100000336,201 122,A01,1,10,0,2,3,1,1,
202100000337,201 119,B01,1,30,0,2,1,1,1,
202100000337,201 120,A01,2,33,0,2,1,17,1,
202100000338,201 117,B01,1,31,0,2,7,1,1,
202100000338,201 118,A01,1,10,0,2,8,13,1,
202100000339,201 115,B01,2,7,0,2,4,2,1,
202100000339,201 116,A01,2,7,0,2,1,2,1,
202100000340,201 113,B01,1,7,0,2,2,21,1,
202100000340,201 114,A01,1,7,0,2,1,21,1,
202100000341,201 111,B01,1,10,0,2,1,13,1,
202100000341,201 112,A01,2,7,0,2,1,1,1,
202100000342,201 108,A01,2,7,0,2,1,1,1,
202100000342,201 109,B01,2,7,0,2,4,2,1,
202100000343,201 107,A01,2,7,6,0,1,1,1,
202100000344,201 105,A01,2,7,0,2,5,16,1,
202100000344,201 106,B01,2,1,0,2,1,1,5,
202100000345,201 099,B01,1,7,0,2,7,12,1,
202100000345,201 100,A01,1,7,0,2,8,2,1,
202100000346,201 095,E01,1,14,0,2,1,2,1,
202100000346,201 096,F01,1,7,0,2,9,2,1,
202100000346,201 097,G01,1,10,0,2,9,2,1,
202100000346,201 098,H01,1,7,0,2,9,2,1,
202100000347,201 093,A01,2,7,0,2,2,1,1,
202100000347,201 094,B01,2,7,0,2,3,16,1,
202100000348,201 092,A01,2,7,0,1,3,1,1,
202100000349,201 090,B01,2,1,0,2,1,1,5,
202100000349,201 091,A01,2,10,0,2,3,22,1,
202100000350,201 088,B01,1,7,0,2,4,2,1,
202100000350,201 089,A01,1,7,0,2,1,2,1,
202100000351,201 087,A01,2,7,8,0,3,14,1,
202100000352,201 085,A01,3,7,0,2,1,15,1,
202100000352,201 086,B01,3,7,0,2,1,1,1,
202100000353,201 084,A01,2,1,7,0,0,14,5,
202100000354,201 082,B01,1,1,0,2,1,1,5,
202100000354,201 083,A01,1,99,0,2,6,15,1,
202100000355,201 081,A01,1,32,0,0,8,1,1,
202100000356,201 080,A01,2,7,0,1,7,16,1,
202100000357,201 079,A01,2,33,3,0,1,17,1,
202100000358,201 076,A01,2,7,0,2,1,15,2,
202100000358,201 077,B01,2,1,0,2,1,23,5,
202100000359,201 074,A01,1,7,0,2,1,2,1,
202100000359,201 075,B01,1,7,0,2,4,1,1,
202100000360,201 067,A01,3,7,0,0,2,15,1,
202100000361,201 065,B01,3,7,0,2,2,15,1,
202100000361,201 066,A01,3,7,0,2,5,1,1,
202100000362,201 063,B01,1,7,0,2,5,1,1,
202100000362,201 064,A01,3,33,0,2,1,2,1,
202100000363,201 062,A01,3,34,12,0,3,13,1,
202100000364,201 057,B01,0,7,0,2,1,2,1,
202100000364,201 058,C01,0,7,0,2,1,2,1,
202100000364,201 059,D01,0,7,0,2,1,2,1,
202100000364,201 060,E01,0,7,0,2,1,2,1,
202100000364,201 061,A01,0,7,0,0,0,23,1,
202100000365,201 055,B01,3,1,0,2,1,2,5,
202100000365,201 056,A01,3,10,0,2,5,2,1,
202100000366,201 053,A01,3,7,0,2,2,15,1,
202100000366,201 054,B01,3,32,0,2,1,3,1,
202100000367,201 052,A01,1,32,0,1,1,26,1,
202100000368,201 050,B01,1,7,0,2,1,1,1,
202100000368,201 051,A01,2,7,6,2,1,4,1,
202100000369,201 049,A01,1,7,0,1,2,21,1,
202100000370,201 047,A01,1,7,0,2,2,1,1,
202100000370,201 048,B01,1,33,0,2,4,1,1,
202100000371,201 045,B01,2,1,1,2,7,1,5,
202100000371,201 046,A01,1,7,0,2,1,9,1,
202100000372,201 044,A01,3,7,6,0,1,1,1,
202100000373,201 042,A01,1,30,0,2,7,1,-1,
202100000373,201 043,B01,1,7,0,2,1,1,-1,
202100000374,201 041,A01,3,39,0,1,1,1,6,
202100000375,201 039,B01,3,7,0,2,3,1,1,
202100000375,201 040,A01,3,7,0,2,2,1,3,
202100000376,201 035,A01,1,7,0,2,3,1,1,
202100000376,201 036,B01,0,30,0,2,7,1,1,
202100000377,201 030,A01,2,7,0,2,8,1,-1,
202100000377,201 031,B01,1,80,0,2,8,1,-1,
202100000377,201 032,C01,1,1,0,2,4,1,-1,
202100000378,201 029,A01,1,7,0,1,1,1,1,
202100000379,201 027,B01,0,7,0,2,3,16,1,
202100000379,201 028,A01,0,43,0,2,7,1,1,
202100000380,201 024,A01,2,7,13,0,9,1,1,
202100000381,201 022,B01,2,7,0,2,3,2,1,
202100000381,201 023,A01,1,10,0,2,3,13,1,
202100000382,201 020,B01,2,15,0,2,4,1,-1,
202100000382,201 021,A01,2,7,3,2,9,1,0,
202100000383,201 019,A01,2,80,6,0,1,1,3,
202100000384,201 018,A01,1,7,3,0,1,26,1,
202100000385,201 016,B01,1,80,0,2,2,9,3,
202100000385,201 017,A01,1,7,0,2,3,9,1,
202100000386,201 015,A01,0,7,13,0,9,1,1,
202100000387,201 013,A01,2,7,0,2,1,5,1,
202100000387,201 014,B01,1,7,0,2,3,0,2,
202100000388,201 012,A01,2,7,0,1,2,1,1,
202100000389,201 011,A01,3,7,2,0,1,1,1,
202100000390,201 008,B01,3,32,0,2,1,1,1,
202100000390,201 009,A01,3,7,0,2,3,15,1,
202100000391,201 005,Z01,1,7,0,2,1,0,0,
202100000391,201 006,A01,1,7,0,2,4,23,1,
202100000392,201 003,B01,3,50,0,2,1,9,3,
202100000392,201 004,A01,3,7,0,2,2,1,1,
202100000393,201 001,A01,3,7,0,2,8,10,1,
202100000393,201 002,B01,3,34,0,2,8,1,1,
202100000394,200 996,C01,3,7,0,2,8,1,1,
202100000394,200 997,D01,3,7,0,2,1,1,1,
202100000394,200 998,E01,3,10,0,0,0,0,0,
202100000394,200 999,B01,3,7,0,2,4,1,1,
202100000394,201 000,A01,3,7,0,2,1,1,1,
202100000395,200 995,A01,3,7,14,0,2,0,1,
202100000396,200 994,A01,1,7,13,0,3,1,1,
202100000397,200 993,A01,0,7,0,1,3,1,1,
202100000398,200 991,B01,3,7,0,2,4,24,2,
202100000398,200 992,A01,2,7,1,0,1,1,1,
202100000399,200 989,B01,0,7,0,2,4,1,1,
202100000399,200 990,A01,0,7,0,2,1,2,1,
202100000400,200 988,A01,3,2,0,0,1,15,1,
202100000401,200 986,A01,3,7,0,2,1,5,2,
202100000401,200 987,B01,3,7,0,2,1,1,1,
202100000402,200 984,B01,3,33,0,2,1,1,1,
202100000402,200 985,A01,3,7,0,2,3,10,1,
202100000403,200 982,B01,3,43,0,2,8,0,1,
202100000403,200 983,A01,3,7,0,2,2,16,1,
202100000404,200 980,Y01,3,0,0,2,1,1,0,
202100000404,200 981,Z01,3,7,0,0,0,0,0,
202100000405,200 979,A01,0,7,0,1,2,1,1,
202100000406,200 977,B01,3,33,0,2,1,17,1,
202100000406,200 978,A01,3,7,0,2,3,15,1,
202100000407,200 975,B01,0,7,0,2,4,9,1,
202100000407,200 976,A01,0,10,0,2,4,9,1,
202100000408,200 973,A01,3,7,0,2,2,15,1,
202100000408,200 974,B01,3,32,0,2,1,1,1,
202100000409,200 972,A01,2,7,0,0,0,14,1,
202100000410,200 971,A01,2,39,0,1,2,1,3,
202100000411,200 970,C01,1,39,0,1,0,1,3,
202100000412,200 969,A01,0,39,0,1,9,1,-1,
202100000413,200 968,A01,1,7,0,1,2,1,1,
202100000414,200 966,A01,1,7,0,2,1,2,1,
202100000414,200 967,B01,0,7,0,2,4,23,1,
202100000415,200 964,B01,1,7,0,9,3,15,1,
202100000415,200 965,A01,1,33,0,2,3,17,1,
202100000416,200 962,A01,2,0,0,2,0,1,0,
202100000416,200 963,B01,0,3,0,2,8,1,1,
202100000417,200 960,A01,1,7,0,2,4,20,1,
202100000417,200 961,B01,1,32,0,2,7,1,1,
202100000418,200 958,B01,2,99,1,0,1,2,1,
202100000418,200 959,A01,2,99,0,2,4,23,1,
202100000419,200 956,B01,1,7,0,2,3,15,1,
202100000419,200 957,A01,1,7,0,2,1,17,1,
202100000420,200 955,A01,1,40,0,1,2,19,3,
202100000421,200 954,A01,1,17,0,0,0,14,6,
202100000422,200 953,A01,1,7,13,0,0,2,1,
202100000423,200 952,A01,3,7,2,0,1,0,1,
202100000424,200 951,A01,3,7,12,0,2,14,1,
202100000425,200 950,A01,1,33,12,0,0,0,1,
202100000426,200 949,B01,3,50,0,0,0,0,3,
202100000427,200 946,A01,1,7,0,1,1,1,1,
202100000428,200 944,A01,0,7,0,2,2,15,1,
202100000428,200 945,B01,0,7,0,2,3,1,1,
202100000429,200 942,B01,1,7,0,2,5,2,1,
202100000429,200 943,A01,1,7,9,2,3,2,1,
202100000430,200 940,A01,3,7,0,2,3,16,0,
202100000430,200 941,B01,1,33,0,2,2,1,0,
202100000431,200 935,A01,2,33,8,0,1,1,1,
202100000432,200 933,A01,3,7,0,2,1,5,1,
202100000432,200 934,B01,3,10,0,2,1,0,1,
202100000433,200 931,A01,1,7,0,2,3,15,1,
202100000433,200 932,B01,1,2,0,2,1,1,1,
202100000434,200 929,B01,2,13,0,2,6,1,1,
202100000434,200 930,A01,2,10,0,2,2,3,1,
202100000435,200 927,B01,2,7,0,2,4,2,1,
202100000435,200 928,A01,2,7,0,2,1,1,1,
202100000436,200 925,B01,2,7,0,2,6,15,1,
202100000436,200 926,A01,2,2,0,2,1,17,0,
202100000437,200 923,B01,0,7,0,2,8,13,1,
202100000437,200 924,A01,0,7,0,2,3,13,1,
202100000438,200 922,A01,2,7,0,1,2,1,1,
202100000439,200 920,A01,2,33,0,2,1,1,1,
202100000439,200 921,B01,3,7,0,2,3,15,1,
202100000440,200 918,B01,3,7,8,2,3,1,1,
202100000440,200 919,A01,3,7,0,2,2,19,1,
202100000441,200 916,B01,1,7,9,0,3,21,1,
202100000441,200 917,A01,2,7,0,0,3,13,1,
202100000442,200 914,B01,2,10,0,9,3,1,1,
202100000442,200 915,A01,1,1,0,2,1,5,5,
202100000443,200 913,A01,3,99,0,1,3,26,1,
202100000444,200 910,A01,2,33,3,0,9,1,1,
202100000445,200 909,A01,3,7,6,0,1,13,1,
202100000446,200 907,B01,1,7,13,0,1,21,1,
202100000446,200 908,A01,1,7,0,0,0,3,1,
202100000447,200 906,A01,1,7,13,0,8,5,1,
202100000448,200 904,A01,2,7,0,2,3,1,1,
202100000448,200 905,B01,1,34,0,6,1,1,1,
202100000449,200 902,B01,1,2,0,0,1,17,1,
202100000449,200 903,A01,1,7,0,0,3,15,1,
202100000450,200 901,A01,1,7,6,0,1,1,1,
202100000451,200 899,B01,1,7,0,2,2,2,1,
202100000451,200 900,A01,1,1,0,0,4,0,5,
202100000452,200 898,A01,2,7,0,1,1,26,1,
202100000453,200 897,A01,2,7,4,0,1,13,1,
202100000454,200 896,A01,3,7,9,0,2,14,1,
202100000455,200 894,A01,2,7,0,2,2,19,1,
202100000455,200 895,B01,1,2,0,2,8,26,1,
202100000456,200 892,B01,2,1,0,2,8,19,5,
202100000456,200 893,A01,2,7,0,9,2,2,1,
202100000457,200 890,A01,0,7,0,2,8,19,1,
202100000457,200 891,B01,2,7,0,2,1,1,1,
202100000458,200 888,A01,1,7,0,2,3,17,1,
202100000458,200 889,B01,1,7,0,2,1,1,1,
202100000459,200 886,B01,2,7,0,2,8,15,1,
202100000459,200 887,A01,2,7,0,2,1,2,1,
202100000460,200 883,C01,2,7,0,2,4,2,1,
202100000460,200 884,B01,2,7,0,2,4,2,1,
202100000460,200 885,A01,2,7,0,2,2,1,1,
202100000461,200 881,B01,2,31,0,2,1,3,1,
202100000461,200 882,A01,1,7,0,2,2,15,1,
202100000462,200 879,B01,1,31,0,2,1,1,1,
202100000462,200 880,A01,1,7,0,2,3,15,2,
202100000463,200 877,A01,1,7,0,2,1,1,1,
202100000463,200 878,B01,1,30,0,2,4,23,1,
202100000464,200 875,B01,2,30,0,2,8,1,1,
202100000464,200 876,A01,2,7,0,2,1,9,1,
202100000465,200 873,B01,1,7,0,2,5,1,1,
202100000465,200 874,A01,1,1,0,2,8,15,5,
202100000466,200 872,A01,2,7,0,1,1,17,1,
202100000467,200 870,B01,2,34,0,2,0,1,1,
202100000467,200 871,A01,1,2,0,2,0,15,6,
202100000468,200 868,B01,3,7,0,2,1,9,1,
202100000468,200 869,A01,2,7,0,2,2,1,1,
202100000469,200 867,A01,2,7,0,1,1,1,1,
202100000470,200 865,B01,1,1,0,2,1,1,5,
202100000470,200 866,A01,1,7,0,2,1,9,1,
202100000471,200 864,A01,3,7,0,1,1,9,1,
202100000472,200 863,A01,1,32,0,1,8,1,1,
202100000473,200 860,C01,1,7,0,2,1,1,1,
202100000473,200 861,A01,2,7,0,2,1,1,1,
202100000473,200 862,B01,2,7,0,2,1,1,1,
202100000474,200 858,A01,1,7,0,2,0,0,1,
202100000474,200 859,B01,2,7,0,2,0,0,1,
202100000475,200 856,B01,1,7,0,2,6,15,1,
202100000475,200 857,A01,1,30,0,2,1,17,1,
202100000476,200 854,A01,2,30,0,2,1,17,1,
202100000476,200 855,B01,2,7,0,2,3,15,1,
202100000477,200 852,B01,1,7,0,2,3,1,1,
202100000477,200 853,A01,1,7,0,2,3,1,1,
202100000478,200 850,A01,1,7,0,2,2,9,1,
202100000478,200 851,B01,1,80,0,2,0,1,3,
202100000479,200 848,B01,2,7,0,2,6,15,1,
202100000479,200 849,A01,2,30,0,2,1,17,1,
202100000480,200 846,A01,2,7,0,2,7,15,1,
202100000480,200 847,B01,1,30,0,2,1,1,1,
202100000481,200 844,B01,3,7,1,2,4,1,1,
202100000481,200 845,A01,3,7,0,2,1,1,1,
202100000482,200 842,B01,3,7,0,0,3,15,1,
202100000482,200 843,A01,3,33,0,2,1,17,1,
202100000483,200 840,B01,1,7,0,2,3,1,1,
202100000483,200 841,A01,1,7,0,2,3,1,1,
202100000484,200 838,A01,2,7,0,0,2,1,1,
202100000484,200 839,B01,3,7,0,2,3,1,1,
202100000485,200 836,B01,1,7,14,0,3,1,1,
202100000485,200 837,A01,1,7,3,0,3,1,1,
202100000486,200 834,B01,2,7,0,2,1,1,2,
202100000486,200 835,A01,0,50,0,2,2,19,3,
202100000487,200 833,A01,2,7,0,1,3,9,1,
202100000488,200 831,B01,1,2,0,2,3,1,1,
202100000488,200 832,A01,1,3,0,2,6,15,1,
202100000489,200 830,A01,1,10,0,1,5,9,1,
202100000490,200 829,A01,3,7,0,1,3,15,1,
202100000491,200 826,A01,2,7,0,2,1,2,1,
202100000491,200 827,B01,2,33,0,2,4,23,1,
202100000491,200 828,C01,2,7,0,2,4,23,1,
202100000492,200 824,B01,0,15,0,2,4,23,1,
202100000492,200 825,A01,0,33,0,2,1,1,1,
202100000493,200 822,Z01,0,7,0,2,1,1,1,
202100000493,200 823,A01,0,7,0,2,4,23,1,
202100000494,200 820,B01,1,2,0,2,1,1,1,
202100000494,200 821,A01,2,1,0,2,2,15,5,
202100000495,200 818,B01,0,7,0,2,1,1,1,
202100000495,200 819,A01,0,1,0,2,8,19,5,
202100000496,200 817,A01,1,40,0,1,2,1,3,
202100000497,200 815,B01,3,2,0,0,8,21,1,
202100000497,200 816,A01,3,7,0,0,2,26,1,
202100000498,200 813,B01,3,7,0,2,2,9,0,
202100000498,200 814,A01,1,2,0,2,3,1,1,
202100000499,200 808,A01,3,30,0,2,1,1,1,
202100000499,200 809,B01,3,7,0,2,1,15,1,
202100000500,200 807,A01,1,33,1,0,1,1,1,
202100000501,200 806,A01,2,7,0,1,2,26,1,
202100000502,200 805,A01,2,7,0,1,1,1,1,
202100000503,200 804,A01,3,7,0,1,1,15,1,
202100000504,200 801,A01,3,7,0,2,1,2,1,
202100000504,200 802,B01,3,7,0,0,4,2,1,
202100000504,200 803,C01,3,7,0,2,4,2,1,
202100000505,200 799,B01,2,7,0,2,2,1,1,
202100000505,200 800,A01,1,33,0,2,1,1,1,
202100000506,200 797,A01,1,30,0,2,7,2,1,
202100000506,200 798,B01,1,7,0,2,8,2,1,
202100000507,200 794,C01,1,7,0,2,4,23,1,
202100000507,200 795,A01,1,7,0,2,1,2,1,
202100000507,200 796,B01,1,7,0,2,4,23,1,
202100000508,200 792,A01,2,10,0,2,4,26,1,
202100000508,200 793,B01,1,7,0,2,1,23,0,
202100000509,200 790,B01,3,1,0,2,7,1,0,
202100000509,200 791,A01,3,7,0,9,1,9,1,
202100000510,200 788,B01,2,7,0,2,2,15,1,
202100000510,200 789,A01,1,34,0,2,1,1,1,
202100000511,200 786,A01,1,80,0,2,4,5,3,
202100000511,200 787,B01,2,10,0,2,1,1,1,
202100000512,200 782,A01,1,7,0,2,1,2,1,
202100000512,200 783,D01,1,7,0,2,4,23,1,
202100000512,200 784,C01,1,7,0,2,4,23,1,
202100000512,200 785,B01,1,7,0,2,4,23,1,
202100000513,200 781,A01,3,32,10,0,1,0,1,
202100000514,200 778,A01,1,7,0,2,3,20,1,
202100000514,200 779,B01,1,33,0,2,8,17,1,
202100000514,200 780,C01,2,7,0,2,1,1,1,
202100000515,200 777,A01,1,32,1,0,1,1,1,
202100000516,200 776,A01,0,50,0,0,0,0,3,
202100000517,200 774,A01,1,7,8,2,5,1,1,
202100000517,200 775,B01,1,7,0,2,2,1,1,
202100000518,200 772,B01,3,7,0,9,5,16,1,
202100000518,200 773,A01,0,1,0,2,5,2,5,
202100000519,200 771,A01,1,7,0,1,2,1,1,
202100000520,200 769,B01,1,1,0,0,2,2,5,
202100000520,200 770,A01,2,30,0,0,0,2,1,
202100000521,200 767,B01,0,7,0,2,3,1,1,
202100000521,200 768,A01,0,7,0,2,1,15,1,
202100000522,200 765,A01,0,7,0,2,1,2,1,
202100000522,200 766,B01,0,7,0,2,4,2,1,
202100000523,200 764,A01,2,7,4,0,3,13,1,
202100000524,200 763,A01,1,3,13,0,2,14,1,
202100000525,200 762,A01,0,7,0,1,2,20,1,
202100000526,200 760,B01,1,33,0,2,3,21,1,
202100000526,200 761,A01,1,7,0,2,2,21,1,
202100000527,200 758,B01,3,2,0,2,1,0,1,
202100000527,200 759,A01,3,37,0,2,3,15,1,1.0
202100000528,200 757,A01,1,40,0,1,1,1,3,
202100000529,200 756,A01,1,40,0,1,1,1,3,
202100000530,200 755,A01,1,7,0,1,4,4,0,
202100000531,200 754,A01,1,7,0,1,1,1,1,
202100000532,200 750,A01,1,50,0,2,1,1,3,
202100000532,200 751,B01,2,7,0,2,6,1,1,
202100000533,200 749,A01,1,2,1,0,9,1,1,
202100000534,200 748,A01,2,37,0,1,1,26,1,1.0
202100000535,200 747,A01,2,7,0,1,3,9,1,
202100000536,200 746,A01,3,10,0,1,2,16,1,
202100000537,200 744,B01,2,7,14,0,4,0,1,
202100000537,200 745,A01,2,7,0,2,1,2,1,
202100000538,200 743,A01,1,7,0,1,8,13,1,
202100000539,200 742,A01,3,7,8,0,1,16,1,
202100000540,200 741,A01,1,7,15,0,1,19,1,
202100000541,200 738,A01,1,10,0,2,3,2,1,
202100000541,200 739,B01,1,7,0,0,4,0,1,
202100000541,200 740,C01,1,7,0,2,1,2,1,
202100000542,200 737,A01,1,33,0,0,7,26,1,
202100000543,200 735,A01,2,34,0,2,1,1,1,
202100000543,200 736,B01,1,7,0,2,7,15,1,
202100000544,200 733,A01,1,7,0,1,1,1,1,
202100000545,200 730,B01,2,10,0,0,2,0,1,
202100000545,200 731,C01,2,15,0,2,6,0,1,
202100000545,200 732,A01,1,7,0,2,1,26,1,
202100000546,200 728,A01,2,10,0,2,6,11,1,
202100000546,200 729,B01,2,33,0,2,2,17,1,
202100000547,200 727,A01,0,7,0,1,1,1,1,
202100000548,200 724,A01,1,7,0,2,0,23,2,
202100000548,200 725,B01,1,7,0,2,0,1,2,
202100000548,200 726,C01,1,99,0,2,0,26,5,
202100000549,200 722,A01,1,7,0,2,8,12,1,
202100000549,200 723,Z01,1,0,0,2,0,17,0,
202100000550,200 719,A01,3,1,13,0,1,26,5,
202100000551,200 717,B01,3,30,0,2,1,1,1,
202100000551,200 718,A01,3,99,0,2,2,15,1,
202100000552,200 715,A01,2,10,0,2,2,16,1,
202100000552,200 716,B01,2,1,0,2,1,1,5,
202100000553,200 713,B01,1,7,0,2,4,2,1,
202100000553,200 714,A01,1,7,0,2,1,2,1,
202100000554,200 712,A01,2,99,1,0,2,1,3,
202100000555,200 710,A01,1,7,0,2,1,15,1,
202100000555,200 711,B01,1,1,0,2,3,1,5,
202100000556,200 709,A01,1,0,0,1,1,1,1,
202100000557,200 708,A01,1,7,7,0,2,14,3,
202100000558,200 706,A01,2,2,0,2,1,16,1,
202100000558,200 707,B01,0,7,0,2,1,1,1,
202100000559,200 701,A01,2,7,0,2,5,16,1,
202100000559,200 702,B01,2,1,0,2,1,1,5,
202100000560,200 699,A01,2,7,0,2,1,19,1,
202100000560,200 700,B01,2,7,0,2,8,1,1,
202100000561,200 697,B01,2,1,0,2,8,1,5,
202100000561,200 698,A01,1,7,0,2,3,15,1,
202100000562,200 696,A01,1,7,0,1,2,1,1,
202100000563,200 695,A01,1,7,0,1,1,1,1,
202100000564,200 693,B01,1,1,0,2,5,26,5,
202100000564,200 694,A01,1,7,0,2,3,26,1,
202100000565,200 692,A01,1,7,12,0,1,1,1,
202100000566,200 690,A01,1,7,0,2,1,1,1,
202100000566,200 691,B01,1,7,0,2,3,1,1,
202100000567,200 689,A01,1,7,0,1,1,15,1,
202100000568,200 688,A01,2,99,0,0,0,0,3,
202100000569,200 685,A01,1,13,0,2,1,1,1,
202100000569,200 686,B01,1,7,0,2,4,1,1,
202100000569,200 687,C01,1,7,0,2,4,1,1,
202100000570,200 683,B01,1,2,0,2,1,1,1,
202100000570,200 684,A01,1,7,0,2,7,15,1,
202100000571,200 681,A01,0,7,0,2,1,15,1,
202100000571,200 682,B01,0,32,0,2,1,1,1,
202100000572,200 680,A01,1,10,0,1,1,1,6,
202100000573,200 679,A01,1,7,15,0,9,1,1,
202100000574,200 677,B01,3,7,0,2,6,23,1,
202100000574,200 678,A01,3,32,0,2,1,1,1,
202100000575,200 676,A01,1,7,0,1,0,26,1,
202100000576,200 673,C01,2,7,0,2,8,2,1,
202100000576,200 674,B01,2,7,0,2,7,1,1,
202100000576,200 675,A01,2,7,0,2,9,9,1,
202100000577,200 671,A01,3,7,0,2,1,16,1,
202100000577,200 672,B01,3,1,0,2,7,1,5,
202100000578,200 668,C01,0,7,0,2,1,26,1,
202100000578,200 669,B01,0,7,0,2,3,9,0,
202100000578,200 670,A01,0,7,1,2,1,1,1,
202100000579,200 666,B01,1,7,0,2,1,1,1,
202100000579,200 667,A01,3,7,0,2,8,9,1,
202100000580,200 664,A01,3,7,0,2,1,1,1,
202100000580,200 665,B01,3,7,0,2,7,15,1,
202100000581,200 662,B01,2,7,0,2,3,9,1,
202100000581,200 663,A01,2,7,0,2,1,1,0,
202100000582,200 659,C01,2,15,0,2,6,1,1,
202100000582,200 660,B01,2,7,0,2,7,1,1,
202100000582,200 661,A01,2,7,0,2,8,11,1,
202100000583,200 658,A01,1,1,1,0,1,21,5,
202100000584,200 656,A01,2,7,0,2,1,1,1,
202100000584,200 657,B01,2,32,0,0,4,1,1,
202100000585,200 654,A01,2,7,0,2,1,9,1,
202100000585,200 655,B01,1,7,0,2,3,1,1,
202100000586,200 652,B01,1,1,0,2,1,1,5,
202100000586,200 653,A01,2,7,0,9,8,9,1,
202100000587,200 650,A01,2,7,0,2,1,15,1,
202100000587,200 651,B01,1,31,0,2,7,1,1,
202100000588,200 648,B01,1,7,0,2,4,0,1,
202100000588,200 649,A01,1,7,0,2,1,1,1,
202100000589,200 646,B01,0,7,0,2,1,1,1,
202100000589,200 647,A01,0,7,0,2,1,13,1,
202100000590,200 645,A01,1,7,0,1,8,1,1,
202100000591,200 644,A01,3,7,0,1,4,20,1,
202100000592,200 642,A01,1,7,0,1,1,1,3,
202100000593,200 640,A01,1,7,0,9,7,15,1,
202100000593,200 641,B01,1,1,0,2,1,1,5,
202100000594,200 639,A01,1,80,0,0,0,1,3,
202100000595,200 637,A01,3,7,0,2,3,1,1,
202100000595,200 638,B01,3,50,0,2,7,19,3,
202100000596,200 635,B01,3,50,0,2,1,3,3,
202100000596,200 636,A01,3,7,0,2,3,9,1,
202100000597,200 634,A01,1,7,0,1,1,1,2,
202100000598,200 632,A01,3,7,0,2,3,5,1,
202100000598,200 633,B01,1,2,0,2,1,1,1,
202100000599,200 631,A01,3,7,0,1,3,16,1,
202100000600,200 630,A01,1,30,0,2,0,0,1,
202100000601,200 628,A01,2,30,0,2,1,1,0,
202100000601,200 629,B01,2,7,0,0,0,23,0,
202100000602,200 627,A01,3,10,0,0,0,1,1,
202100000603,200 626,A01,1,7,12,0,3,13,1,
202100000604,200 625,A01,1,10,0,1,1,18,1,
202100000605,200 623,B01,1,7,0,2,1,1,1,
202100000605,200 624,A01,1,7,0,2,1,26,1,
202100000606,200 621,B01,1,7,0,2,1,1,1,
202100000606,200 622,A01,1,7,0,2,1,15,1,
202100000607,200 620,A01,0,7,0,1,0,0,1,
202100000608,200 618,A01,0,7,0,9,3,9,1,
202100000608,200 619,B01,0,50,0,2,1,26,3,
202100000609,200 617,A01,1,33,0,9,7,21,1,
202100000610,200 613,A01,2,7,0,2,1,1,1,
202100000610,200 614,B01,2,7,0,2,6,1,1,
202100000610,200 615,C01,2,7,0,2,8,1,1,