Num_Acc,id_vehicule,num_veh,senc,catv,obs,obsm,choc,manv,motor,occutc
202100001246,199 537,C01,2,7,0,2,1,1,1,
202100001246,199 538,D01,1,7,0,2,1,1,1,
202100001246,199 539,E01,1,7,0,2,1,1,1,
202100001247,199 531,A01,1,7,13,0,1,1,1,
202100001248,199 529,B01,1,7,0,2,4,1,1,
202100001248,199 530,A01,1,7,0,2,1,2,1,
202100001249,199 528,A01,1,7,4,0,1,13,0,
202100001250,199 526,A01,2,7,0,2,2,0,1,
202100001250,199 527,B01,2,10,0,2,6,26,1,
202100001251,199 524,B01,1,7,1,0,4,23,1,
202100001251,199 525,A01,1,10,1,0,1,2,1,
202100001252,199 523,A01,2,7,4,0,1,1,1,
202100001253,199 522,A01,2,7,4,0,1,2,1,
202100001254,199 521,A01,1,33,0,0,1,0,1,
202100001255,199 520,A01,2,7,0,0,1,1,1,
202100001256,199 519,A01,1,7,6,0,3,0,1,
202100001257,199 518,A01,3,7,4,0,2,0,1,
202100001258,199 517,A01,2,7,0,0,1,1,1,
202100001259,199 516,A01,1,7,0,2,1,16,1,
202100001260,199 515,A01,2,10,0,2,1,13,1,
202100001261,199 513,A01,2,7,3,2,1,1,1,
202100001261,199 514,B01,2,7,0,2,4,2,1,
202100001262,199 510,A01,1,17,0,2,1,2,1,
202100001262,199 511,B01,1,7,0,2,4,2,1,
202100001262,199 512,C01,1,7,0,2,4,2,1,
202100001263,199 504,F01,2,7,0,2,1,1,1,
202100001263,199 505,E01,2,7,0,2,4,1,0,
202100001263,199 506,D01,2,7,0,2,4,1,0,
202100001263,199 507,C01,2,7,0,2,4,1,2,
202100001263,199 508,A01,2,7,0,2,4,1,2,
202100001263,199 509,B01,2,7,0,2,4,2,1,
202100001264,199 502,A01,1,10,0,2,8,21,1,
202100001264,199 503,B01,1,7,0,2,1,1,1,
202100001265,199 500,A01,1,7,3,2,1,1,1,
202100001265,199 501,B01,1,7,0,2,3,1,0,
202100001266,199 498,A01,1,7,0,2,7,1,1,
202100001266,199 499,B01,0,7,0,2,1,1,2,
202100001267,199 494,A01,3,7,0,2,5,9,1,
202100001267,199 495,B01,3,7,0,2,4,0,2,
202100001267,199 496,C01,3,7,0,2,4,0,1,
202100001267,199 497,D01,3,7,0,9,0,0,1,
202100001268,199 493,A01,3,7,0,0,2,26,1,
202100001269,199 492,A01,3,2,0,1,1,1,1,
202100001270,199 491,A01,3,0,0,2,0,0,0,
202100001271,199 489,A01,3,7,0,2,5,1,1,
202100001271,199 490,B01,3,2,0,2,1,2,1,
202100001272,199 487,B01,1,7,0,2,1,1,1,
202100001272,199 488,A01,1,7,0,2,3,19,1,
202100001273,199 485,A01,3,7,0,2,4,23,1,
202100001273,199 486,B01,3,7,0,2,1,2,1,
202100001274,199 484,A01,3,7,0,0,0,13,1,
202100001275,199 482,A01,1,7,0,2,1,13,1,
202100001275,199 483,B01,2,7,0,2,1,21,1,
202100001276,199 479,C01,2,7,0,2,4,23,1,
202100001276,199 480,B01,2,7,0,2,4,23,1,
202100001276,199 481,A01,2,7,0,2,1,1,1,
202100001277,199 477,A01,0,7,0,2,2,15,1,
202100001277,199 478,B01,0,33,0,2,1,1,1,
202100001278,199 475,A01,2,7,0,2,3,19,1,
202100001278,199 476,B01,1,2,0,2,1,1,1,
202100001279,199 473,A01,3,7,0,2,2,10,1,
202100001279,199 474,B01,3,2,0,2,9,1,1,
202100001280,199 471,A01,1,1,0,2,7,9,5,
202100001280,199 472,B01,1,7,0,2,3,16,1,
202100001281,199 470,A01,1,99,0,1,2,16,6,
202100001282,199 469,A01,1,31,6,0,1,1,1,
202100001283,199 468,A01,2,7,0,1,1,1,1,
202100001284,199 466,A01,1,7,0,2,7,26,1,
202100001284,199 467,B01,1,30,0,2,1,26,1,
202100001285,199 465,A01,1,7,13,0,7,1,1,
202100001286,199 464,A01,1,7,8,0,1,19,1,
202100001287,199 462,A01,1,7,0,2,8,1,1,
202100001287,199 463,B01,1,30,0,2,7,17,3,
202100001288,199 460,B01,2,7,0,2,1,1,1,
202100001288,199 461,A01,2,7,0,2,1,1,1,
202100001289,199 459,A01,0,7,0,4,1,26,1,
202100001290,199 458,A01,1,7,8,0,1,26,0,
202100001291,199 457,A01,1,7,14,0,1,9,1,
202100001292,199 455,B01,2,7,0,2,5,23,2,
202100001292,199 456,A01,2,32,0,2,1,1,1,
202100001293,199 453,B01,2,7,0,2,6,1,1,
202100001293,199 454,A01,2,1,0,2,1,1,5,
202100001294,199 451,B01,2,43,0,2,1,1,1,
202100001294,199 452,A01,2,7,0,2,4,10,1,
202100001295,199 449,A01,2,30,0,2,4,10,1,
202100001295,199 450,B01,2,7,0,2,3,1,1,
202100001296,199 448,A01,2,30,14,0,1,1,1,
202100001297,199 446,B01,2,30,0,2,1,1,1,
202100001297,199 447,A01,2,7,0,2,4,23,1,
202100001298,199 444,A01,2,7,0,2,3,10,1,
202100001298,199 445,B01,2,32,0,2,1,1,1,
202100001299,199 443,A01,3,10,1,0,1,1,1,
202100001300,199 441,A01,3,2,0,2,1,2,1,
202100001300,199 442,B01,3,13,0,2,5,2,1,
202100001301,199 439,A01,1,7,0,2,4,2,1,
202100001301,199 440,B01,1,7,0,2,1,0,0,
202100001302,199 438,A01,2,7,4,0,1,13,1,
202100001303,199 436,B01,2,2,0,2,3,16,0,
202100001303,199 437,A01,2,7,0,2,5,16,1,
202100001304,199 432,C01,1,17,0,0,4,24,1,
202100001304,199 433,D01,1,7,14,0,3,2,1,
202100001304,199 434,B01,1,7,1,2,1,1,1,
202100001304,199 435,A01,1,7,4,0,1,0,1,
202100001305,199 430,A01,0,2,0,2,1,1,1,
202100001305,199 431,B01,0,7,0,2,1,15,1,
202100001306,199 429,A01,1,7,10,0,8,13,1,
202100001307,199 428,A01,1,10,0,1,2,1,1,
202100001308,199 426,A01,3,7,0,2,6,19,1,
202100001308,199 427,B01,1,33,0,2,1,1,1,
202100001309,199 423,A01,2,10,0,2,8,11,1,
202100001309,199 424,B01,2,7,0,2,7,1,1,
202100001309,199 425,C01,1,7,0,9,2,2,1,
202100001310,199 421,A01,1,7,3,2,1,2,1,
202100001310,199 422,B01,1,17,0,2,5,2,1,
202100001311,199 416,A01,1,10,0,2,1,1,1,
202100001311,199 417,B01,1,7,0,2,3,16,0,
202100001311,199 418,C01,2,7,0,2,3,1,1,
202100001312,199 412,D01,1,7,0,2,1,1,1,
202100001312,199 413,C01,1,7,0,2,3,1,1,
202100001312,199 414,B01,1,10,0,2,6,21,1,
202100001312,199 415,A01,2,7,0,2,3,13,1,
202100001313,199 410,B01,2,7,0,2,1,1,1,
202100001313,199 411,A01,1,17,0,2,8,15,1,
202100001314,199 408,B01,2,10,0,2,1,1,1,
202100001314,199 409,A01,1,7,0,2,6,13,1,
202100001315,199 407,A01,1,7,2,0,9,1,1,
202100001316,199 406,A01,2,7,2,0,7,1,1,
202100001317,199 405,A01,1,7,2,0,8,1,1,
202100001318,199 404,A01,2,7,9,0,1,1,1,
202100001319,199 403,A01,2,7,0,1,3,1,1,
202100001320,199 402,A01,2,7,6,0,1,1,3,
202100001321,199 400,A01,2,7,0,2,1,1,1,
202100001321,199 401,B01,2,20,0,0,4,1,1,
202100001322,199 398,A01,1,2,0,2,1,1,1,
202100001322,199 399,B01,1,7,0,2,5,15,1,
202100001323,199 397,A01,2,7,13,0,1,1,1,
202100001324,199 395,A01,1,7,0,2,1,17,1,
202100001324,199 396,B01,2,7,0,2,1,21,1,
202100001325,199 390,B01,2,7,0,2,1,1,1,
202100001325,199 391,A01,1,7,0,2,1,13,1,
202100001326,199 388,B01,2,7,0,0,3,1,1,
202100001326,199 389,A01,2,7,0,2,9,14,1,
202100001327,199 387,A01,1,7,0,1,3,1,0,
202100001328,199 385,B01,1,17,0,2,5,2,1,
202100001328,199 386,A01,1,7,0,2,3,14,1,
202100001329,199 383,B01,1,7,3,2,1,1,1,
202100001329,199 384,A01,1,7,3,2,2,14,1,
202100001330,199 381,A01,1,1,0,2,3,0,5,
202100001330,199 382,B01,1,10,0,2,2,0,1,
202100001331,199 379,B01,0,7,0,2,6,23,1,
202100001331,199 380,A01,2,1,0,2,1,1,5,
202100001332,199 377,A01,3,2,0,2,1,13,1,
202100001332,199 378,B01,3,36,0,2,1,1,1,
202100001333,199 375,A01,3,33,0,2,7,1,1,
202100001333,199 376,B01,3,7,0,2,1,19,1,
202100001334,199 374,A01,2,7,5,0,1,1,1,
202100001335,199 373,A01,3,7,6,0,1,1,1,
202100001336,199 371,A01,1,7,0,2,1,1,1,
202100001336,199 372,B01,2,14,13,2,1,1,1,
202100001337,199 369,B01,0,7,0,2,2,1,1,
202100001337,199 370,A01,0,7,0,2,1,15,1,
202100001338,199 368,A01,1,7,7,0,2,1,1,
202100001339,199 367,A01,1,7,0,1,8,1,1,
202100001340,199 365,B01,1,7,0,2,3,21,1,
202100001340,199 366,A01,1,7,0,2,3,13,1,
202100001341,199 362,B01,2,7,0,2,1,0,1,
202100001341,199 363,A01,2,7,0,2,4,0,1,
202100001341,199 364,C01,2,7,0,2,1,0,1,
202100001342,199 360,A01,1,7,0,2,1,0,1,
202100001342,199 361,B01,1,7,0,2,4,0,1,
202100001343,199 359,B01,1,7,0,1,2,1,1,
202100001344,199 356,A01,1,7,0,2,1,2,1,
202100001344,199 357,B01,1,10,0,2,4,2,1,
202100001344,199 358,C01,1,7,0,2,4,2,1,
202100001345,199 354,A01,1,7,0,2,2,2,1,
202100001345,199 355,B01,1,7,0,2,2,2,1,
202100001346,199 353,A01,1,7,0,0,9,1,1,
202100001347,199 349,D01,1,7,0,2,4,2,1,
202100001347,199 350,C01,1,7,0,2,4,2,1,
202100001347,199 351,B01,1,7,0,2,4,2,1,
202100001347,199 352,A01,1,10,0,2,3,2,1,
202100001348,199 348,A01,1,7,4,0,1,2,1,
202100001349,199 347,A01,2,7,3,0,7,13,1,
202100001350,199 346,A01,2,7,4,0,1,2,1,
202100001351,199 344,A01,2,7,4,2,1,1,1,
202100001351,199 345,B01,2,7,4,2,4,2,1,
202100001352,199 343,A01,1,7,4,0,1,1,1,
202100001353,199 342,A01,1,7,4,0,1,1,1,
202100001354,199 340,A01,2,7,0,2,1,2,1,
202100001354,199 341,B01,2,7,0,2,4,2,1,
202100001355,199 339,A01,2,7,3,0,1,1,1,
202100001356,199 338,A01,2,7,4,0,2,14,1,
202100001357,199 337,A01,1,7,4,0,1,2,1,
202100001358,199 335,A01,2,7,4,2,3,1,1,
202100001358,199 336,B01,2,17,0,2,8,1,1,
202100001359,199 334,A01,1,7,3,5,3,21,1,
202100001360,199 332,A01,1,2,0,2,4,2,0,
202100001360,199 333,B01,1,7,0,2,4,2,1,
202100001361,199 330,B01,1,7,0,2,2,2,1,
202100001361,199 331,A01,1,7,0,2,6,2,1,
202100001362,199 329,A01,2,31,0,1,1,1,1,
202100001363,199 328,A01,3,2,12,0,1,1,1,
202100001364,199 326,B01,1,7,0,2,3,6,0,
202100001364,199 327,A01,1,32,0,2,2,1,1,
202100001365,199 325,A01,0,7,9,0,1,1,1,
202100001366,199 323,Y01,1,1,0,2,3,1,5,
202100001366,199 324,A01,1,7,0,9,3,15,1,
202100001367,199 321,B01,1,7,9,2,2,1,1,
202100001367,199 322,A01,1,7,0,2,3,19,1,
202100001368,199 320,A01,1,7,2,0,7,14,1,
202100001369,199 319,A01,1,7,0,1,2,16,1,
202100001370,199 318,A01,1,32,0,0,8,26,1,
202100001371,199 316,B01,2,32,0,2,7,1,1,
202100001371,199 317,A01,2,7,0,2,8,9,1,
202100001372,199 314,A01,2,7,0,2,1,15,1,
202100001372,199 315,B01,1,7,0,2,1,1,1,
202100001373,199 313,A01,1,7,4,0,3,13,1,
202100001374,199 312,A01,3,7,16,0,1,24,1,
202100001375,199 311,A01,1,10,0,1,4,4,1,
202100001376,199 309,A01,3,7,0,2,3,16,1,
202100001376,199 310,B01,3,7,0,2,1,1,1,
202100001377,199 307,A01,1,7,0,2,6,19,1,
202100001377,199 308,B01,1,30,0,2,1,19,1,
202100001378,199 306,A01,2,32,0,1,1,1,1,
202100001379,199 304,B01,2,1,0,2,8,19,5,
202100001379,199 305,A01,1,32,0,2,1,1,1,
202100001380,199 302,A01,3,7,0,2,1,1,1,
202100001380,199 303,B01,3,7,0,2,4,1,1,
202100001381,199 300,A01,1,7,0,2,1,1,1,
202100001381,199 301,B01,1,30,0,2,4,23,1,
202100001382,199 299,A01,1,32,0,1,0,16,1,
202100001383,199 298,A01,2,2,0,1,1,3,1,
202100001384,199 296,B01,3,7,0,2,4,26,1,
202100001384,199 297,A01,3,7,0,2,1,1,1,
202100001385,199 293,C01,1,7,0,2,0,0,1,
202100001385,199 294,B01,1,7,0,2,0,26,1,
202100001385,199 295,A01,-1,7,0,2,4,23,1,
202100001386,199 291,B01,2,10,0,2,7,15,0,
202100001386,199 292,A01,1,30,0,2,1,7,1,
202100001387,199 289,B01,3,50,0,2,3,1,3,
202100001387,199 290,A01,1,7,0,9,2,1,0,
202100001388,199 288,A01,2,7,2,0,1,1,1,
202100001389,199 287,Z01,1,30,0,1,1,1,1,
202100001390,199 285,B01,2,30,0,2,0,1,1,
202100001390,199 286,A01,1,7,0,2,0,15,1,
202100001391,199 284,A01,1,7,4,0,1,1,1,
202100001392,199 283,A01,3,31,12,0,3,1,1,
202100001393,199 280,C01,1,7,2,2,8,1,2,
202100001393,199 281,B01,2,10,0,2,6,1,1,
202100001393,199 282,A01,2,33,0,2,1,2,1,
202100001394,199 278,A01,2,7,0,0,6,2,1,
202100001394,199 279,B01,2,7,0,2,1,2,1,
202100001395,199 275,C01,1,7,0,2,1,1,1,
202100001395,199 276,B01,1,7,0,2,1,1,1,
202100001395,199 277,A01,2,7,0,2,7,1,1,
202100001396,199 274,A01,1,7,2,0,1,1,1,
202100001397,199 273,A01,1,7,13,0,1,1,1,
202100001398,199 272,A01,2,7,0,0,0,0,1,
202100001399,199 271,A01,1,7,16,0,3,1,1,
202100001400,199 270,A01,2,7,13,0,9,1,1,
202100001401,199 269,A01,1,7,6,0,1,1,1,
202100001402,199 268,A01,1,7,13,0,1,1,1,
202100001403,199 267,A01,1,7,8,0,8,1,1,
202100001404,199 265,B01,1,7,0,2,4,2,1,
202100001404,199 266,A01,1,7,0,2,1,2,1,
202100001405,199 264,A01,1,7,3,0,8,1,1,
202100001406,199 263,A01,1,7,16,0,0,1,1,
202100001407,199 262,A01,1,7,13,0,3,13,1,
202100001408,199 259,A01,1,7,0,0,3,1,1,
202100001408,199 260,B01,2,7,7,0,3,1,1,
202100001408,199 261,C01,1,10,0,2,6,1,1,
202100001409,199 257,B01,1,7,0,2,7,1,1,
202100001409,199 258,A01,1,7,2,2,2,14,1,
202100001410,199 255,A01,1,2,0,2,1,16,1,
202100001410,199 256,B01,2,7,0,2,1,15,1,
202100001411,199 253,B01,2,7,0,2,3,1,1,
202100001411,199 254,A01,1,7,0,2,3,1,1,
202100001412,199 252,A01,1,7,0,9,0,21,1,
202100001413,199 250,A01,1,7,0,2,1,2,1,
202100001413,199 251,B01,1,15,0,0,4,2,1,
202100001414,199 248,B01,1,1,0,0,4,1,5,
202100001414,199 249,A01,1,15,0,2,2,2,1,
202100001415,199 247,A01,2,10,8,0,3,1,1,
202100001416,199 246,A01,1,7,0,1,0,1,-1,
202100001417,199 245,A01,1,7,16,0,9,14,1,
202100001418,199 244,A01,0,7,13,0,0,1,0,
202100001419,199 241,C01,1,2,0,0,4,0,1,
202100001419,199 242,B01,1,7,0,2,1,0,0,
202100001419,199 243,A01,1,7,0,2,4,2,1,
202100001420,199 240,A01,3,7,0,1,4,4,1,
202100001421,199 239,A01,2,7,17,0,2,1,1,
202100001422,199 237,A01,2,7,0,2,7,2,1,
202100001422,199 238,B01,2,50,0,2,8,2,3,
202100001423,199 235,B01,0,10,0,2,1,1,1,
202100001423,199 236,A01,1,10,0,2,7,1,1,
202100001424,199 234,A01,1,7,3,0,7,14,1,
202100001425,199 233,A01,2,7,0,1,2,1,1,
202100001426,199 232,A01,3,33,0,0,7,1,1,
202100001427,199 231,A01,1,7,6,0,5,13,1,
202100001428,199 226,A01,2,7,0,2,4,0,1,
202100001428,199 227,B01,2,7,0,2,1,0,1,
202100001428,199 228,C01,2,7,0,2,4,0,1,
202100001428,199 229,D01,2,7,1,0,9,0,1,
202100001429,199 224,A01,2,7,0,2,1,2,1,
202100001429,199 225,B01,2,7,0,2,4,2,1,
202100001430,199 222,A01,1,7,0,2,2,26,2,
202100001430,199 223,B01,1,7,0,2,6,1,1,
202100001431,199 221,A01,2,7,4,0,2,2,1,
202100001432,199 220,A01,2,15,0,0,1,1,1,
202100001433,199 219,A01,1,7,4,0,1,1,1,
202100001434,199 217,A01,1,7,0,2,1,1,1,
202100001434,199 218,B01,1,7,0,2,6,2,1,
202100001435,199 216,A01,2,7,4,0,1,1,1,
202100001436,199 215,A01,1,7,3,9,1,9,1,
202100001437,199 214,A01,1,7,3,2,1,26,1,
202100001438,199 213,A01,2,7,4,0,1,0,1,
202100001439,199 211,B01,2,7,0,2,5,12,1,
202100001439,199 212,A01,2,32,0,2,1,1,1,
202100001440,199 209,B01,3,7,0,2,8,19,3,
202100001440,199 210,A01,3,7,0,2,2,19,1,
202100001441,199 206,C01,3,7,1,2,0,0,1,
202100001441,199 207,B01,1,7,0,2,6,1,1,
202100001441,199 208,A01,1,30,0,2,1,1,1,
202100001442,199 204,A01,1,30,0,2,8,9,1,
202100001442,199 205,B01,1,10,0,2,1,1,1,
202100001443,199 202,B01,0,7,0,2,3,1,1,
202100001443,199 203,A01,0,33,0,2,1,1,1,
202100001444,199 201,A01,2,34,0,1,2,21,1,
202100001445,199 199,B01,1,2,16,0,8,9,6,
202100001445,199 200,A01,1,7,0,2,2,26,1,
202100001446,199 198,A01,3,7,0,1,0,26,1,
202100001447,199 196,A01,3,7,0,2,3,19,1,
202100001447,199 197,Z01,2,7,0,2,2,1,1,
202100001448,199 194,B01,1,7,14,2,1,1,1,
202100001448,199 195,A01,2,7,0,2,4,23,1,
202100001449,199 193,A01,2,10,0,1,1,26,1,
202100001450,199 191,A01,2,7,0,2,7,1,1,
202100001450,199 192,B01,0,99,0,2,1,26,1,
202100001451,199 189,B01,2,7,0,2,7,15,1,
202100001451,199 190,A01,1,7,0,0,0,0,1,
202100001452,199 187,A01,3,7,0,2,1,1,1,
202100001452,199 188,B01,3,7,0,2,5,1,1,
202100001453,199 185,B01,1,1,0,2,1,1,6,
202100001453,199 186,A01,2,7,0,9,2,15,1,
202100001454,199 184,A01,3,7,1,0,1,1,1,
202100001455,199 182,B01,3,7,0,2,0,16,1,
202100001455,199 183,A01,3,30,0,2,0,1,1,
202100001456,199 181,A01,1,7,0,1,1,16,1,
202100001457,199 179,A01,2,7,0,2,1,5,1,
202100001457,199 180,B01,1,7,0,2,1,1,1,
202100001458,199 177,B01,2,7,0,2,7,1,1,
202100001458,199 178,A01,3,7,0,2,1,1,1,
202100001459,199 176,A01,1,30,0,0,7,26,1,
202100001460,199 175,A01,2,7,0,0,1,26,1,
202100001461,199 174,Y01,3,30,0,1,1,26,1,
202100001462,199 172,B01,1,2,0,2,1,1,1,
202100001462,199 173,A01,2,7,0,2,8,15,1,
202100001463,199 171,A01,1,7,9,0,1,26,1,
202100001464,199 169,A01,1,7,0,9,1,1,1,
202100001464,199 170,B01,1,50,0,2,1,1,3,
202100001465,199 167,B01,1,14,0,2,3,26,1,
202100001465,199 168,A01,1,7,0,2,2,26,1,
202100001466,199 165,A01,1,7,0,2,2,20,1,
202100001466,199 166,B01,1,1,0,2,1,1,5,
202100001467,199 163,A01,1,7,0,2,3,26,1,
202100001467,199 164,B01,1,2,0,2,4,26,1,
202100001468,199 161,A01,2,7,0,2,3,19,1,
202100001468,199 162,B01,2,33,0,2,1,1,1,
202100001469,199 159,B01,2,7,0,2,1,1,1,
202100001469,199 160,A01,1,7,0,2,1,13,1,
202100001470,199 158,A01,2,30,0,0,0,21,1,
202100001471,199 156,B01,3,7,0,2,1,2,1,
202100001471,199 157,A01,3,7,0,2,4,23,1,
202100001472,199 155,A01,1,7,0,1,1,1,1,
202100001473,199 154,A01,2,7,0,1,1,1,1,
202100001474,199 152,B01,2,7,0,2,4,1,1,
202100001474,199 153,A01,2,7,0,2,2,1,1,
202100001475,199 150,B01,2,7,8,0,7,1,1,
202100001475,199 151,A01,1,7,0,2,1,1,1,
202100001476,199 148,B01,3,7,0,2,0,1,1,
202100001476,199 149,A01,3,7,0,2,0,15,1,
202100001477,199 147,A01,2,7,0,1,3,1,1,
202100001478,199 145,B01,2,7,0,2,8,15,1,
202100001478,199 146,A01,2,30,0,2,1,17,1,
202100001479,199 143,A01,2,7,0,2,1,15,1,
202100001479,199 144,B01,2,50,0,2,0,19,3,
202100001480,199 141,A01,2,10,0,2,5,20,1,
202100001480,199 142,B01,2,43,0,2,1,2,1,
202100001481,199 140,A01,2,7,6,0,1,13,1,
202100001482,199 138,A01,1,7,0,2,3,9,1,
202100001482,199 139,B01,1,60,0,2,1,9,5,
202100001483,199 136,A01,2,7,0,2,1,1,1,
202100001483,199 137,B01,1,30,0,2,1,1,1,
202100001484,199 134,A01,1,7,0,2,3,19,1,
202100001484,199 135,B01,1,14,0,2,1,26,1,
202100001485,199 132,B01,2,7,0,2,1,1,1,
202100001485,199 133,A01,2,7,0,2,3,19,1,
202100001486,199 129,A01,1,33,12,0,5,1,1,
202100001487,199 127,A01,1,7,0,2,1,9,1,
202100001487,199 128,B01,1,2,0,2,7,0,1,
202100001488,199 126,A01,1,10,0,1,1,15,1,
202100001489,199 124,A01,2,7,0,2,8,10,1,
202100001489,199 125,B01,2,32,0,2,1,17,1,
202100001490,199 123,A01,2,50,14,0,1,26,3,
202100001491,199 122,A01,1,10,6,0,1,1,1,
202100001492,199 120,B01,1,7,0,2,8,9,2,
202100001492,199 121,A01,2,30,0,2,1,6,1,
202100001493,199 119,A01,2,10,14,0,2,14,1,
202100001494,199 117,B01,1,32,0,2,3,1,1,
202100001494,199 118,A01,2,10,0,2,1,15,1,
202100001495,199 116,A01,1,1,0,0,0,5,5,
202100001496,199 114,B01,1,7,0,2,3,15,2,
202100001496,199 115,A01,2,33,0,2,1,1,1,
202100001497,199 113,A01,1,10,6,0,1,1,1,
202100001498,199 112,A01,2,7,0,1,7,1,1,
202100001499,199 111,A01,1,7,9,1,4,4,1,
202100001500,199 110,A01,1,7,14,0,3,13,1,
202100001501,199 108,B01,1,32,1,2,1,18,1,
202100001501,199 109,A01,1,10,0,2,8,22,1,
202100001502,199 107,Z01,1,13,0,1,2,14,0,
202100001503,199 105,Z01,0,7,0,2,7,22,0,
202100001503,199 106,B01,2,1,0,2,8,1,5,
202100001504,199 103,B01,3,99,0,2,3,16,1,
202100001504,199 104,A01,3,7,0,2,7,1,1,
202100001505,199 102,A01,2,7,15,1,3,1,1,
202100001506,199 100,A01,2,10,0,2,2,10,1,
202100001506,199 101,B01,2,31,0,2,1,1,1,
202100001507,199 099,A01,2,7,0,1,1,1,1,
202100001508,199 097,Z01,1,0,0,2,1,26,1,
202100001508,199 098,A01,2,32,0,2,2,1,1,
202100001509,199 096,A01,1,10,0,1,1,9,1,
202100001510,199 095,A01,2,7,0,1,2,1,1,
202100001511,199 094,A01,2,7,0,1,1,19,1,
202100001512,199 092,A01,1,7,0,2,8,15,2,
202100001512,199 093,B01,1,7,0,2,3,1,1,
202100001513,199 091,A01,2,32,0,0,3,1,1,
202100001514,199 090,A01,1,7,13,0,1,1,1,
202100001515,199 088,B01,1,2,0,2,6,2,1,
202100001515,199 089,A01,1,7,0,2,2,2,1,
202100001516,199 087,A01,2,0,0,0,0,0,0,
202100001517,199 086,A01,3,33,12,0,0,1,1,
202100001518,199 085,A01,3,7,0,0,9,2,1,
202100001519,199 084,A01,1,7,13,0,3,1,1,
202100001520,199 081,A01,3,7,0,2,7,15,1,
202100001520,199 082,B01,3,7,0,2,2,1,1,
202100001520,199 083,C01,3,7,0,2,3,23,1,
202100001521,199 077,A01,1,1,0,5,1,1,5,
202100001522,199 076,A01,1,3,14,0,9,1,1,
202100001523,199 075,A01,1,7,13,0,1,1,1,
202100001524,199 073,A01,2,7,0,2,2,19,1,
202100001524,199 074,B01,2,7,6,2,3,1,1,
202100001525,199 072,A01,3,7,0,1,1,2,1,
202100001526,199 071,A01,3,7,2,0,1,1,1,
202100001527,199 070,A01,1,7,8,0,2,1,1,
202100001528,199 069,A01,3,7,2,0,1,0,1,
202100001529,199 067,A01,1,10,0,2,3,13,1,
202100001529,199 068,B01,2,7,0,2,3,1,1,
202100001530,199 065,B01,0,43,0,2,1,1,1,
202100001530,199 066,A01,0,7,0,2,3,9,1,
202100001531,199 064,A01,2,2,7,0,1,1,1,
202100001532,199 062,B01,0,7,0,2,3,1,1,
202100001532,199 063,A01,0,2,0,2,1,13,1,
202100001533,199 061,A01,0,7,8,0,2,1,1,
202100001534,199 060,A01,1,7,13,0,0,1,1,
202100001535,199 058,A01,2,7,0,1,7,15,1,
202100001535,199 059,B01,1,7,0,2,1,1,2,
202100001536,199 057,A01,1,7,13,0,9,1,1,
202100001537,199 054,B01,2,7,0,0,6,23,1,
202100001537,199 055,A01,2,14,1,0,2,1,1,
202100001538,199 053,A01,1,7,13,0,1,1,1,
202100001539,199 052,A01,2,7,4,0,2,1,1,
202100001540,199 050,A01,1,7,0,2,2,15,1,
202100001540,199 051,B01,2,7,0,2,1,1,1,
202100001541,199 048,A01,1,10,0,2,1,2,1,
202100001541,199 049,B01,1,50,0,2,8,15,3,
202100001542,199 046,B01,2,7,0,2,1,2,1,
202100001542,199 047,A01,1,7,0,0,4,2,1,
202100001543,199 044,A01,2,7,3,0,3,1,1,
202100001543,199 045,B01,2,7,0,2,1,2,1,
202100001544,199 042,B01,1,7,0,2,2,14,0,
202100001544,199 043,A01,1,7,0,2,8,2,1,
202100001545,199 040,B01,2,7,4,0,4,2,1,
202100001545,199 041,A01,2,7,0,2,1,2,1,
202100001546,199 039,A01,1,7,0,1,7,1,1,
202100001547,199 038,A01,1,7,4,0,0,1,1,
202100001548,199 037,A01,1,2,6,0,1,1,1,
202100001549,199 035,B01,1,7,0,2,1,1,1,
202100001549,199 036,A01,2,7,0,2,1,1,1,
202100001550,199 034,A01,3,99,6,0,3,1,1,
202100001551,199 033,A01,2,7,3,0,2,6,1,
202100001552,199 032,A01,1,7,9,0,2,1,1,
202100001553,199 031,A01,0,7,13,0,2,1,1,
202100001554,199 030,A01,2,10,6,0,0,0,0,
202100001555,199 029,A01,0,7,8,0,1,1,1,
202100001556,199 027,B01,2,7,0,2,2,1,1,
202100001556,199 028,A01,2,7,1,2,3,1,1,
202100001557,199 025,B01,2,7,0,2,0,0,1,
202100001557,199 026,A01,2,7,0,2,4,0,1,
202100001558,199 024,A01,1,7,4,0,1,1,1,
202100001559,199 022,B01,2,7,0,2,6,1,1,
202100001559,199 023,A01,2,10,0,2,2,14,1,
202100001560,199 020,A01,1,7,0,2,1,12,1,
202100001560,199 021,B01,1,7,0,2,4,2,1,
202100001561,199 018,A01,2,7,0,2,2,2,1,
202100001561,199 019,B01,2,7,0,2,6,1,1,
202100001562,199 016,A01,2,31,0,2,8,2,1,
202100001562,199 017,Z01,1,10,0,2,7,14,1,
202100001563,199 014,B01,1,33,0,2,0,0,1,
202100001563,199 015,A01,1,7,0,2,0,0,1,
202100001564,199 013,A01,1,7,0,0,0,0,1,
202100001565,199 012,A01,2,7,4,0,1,1,1,
202100001566,199 011,A01,1,7,4,0,3,0,1,
202100001567,199 009,A01,1,7,0,2,1,1,1,
202100001567,199 010,B01,1,7,0,2,4,2,1,
202100001568,199 008,A01,1,7,0,1,3,19,1,
202100001569,199 006,A01,2,7,0,2,3,13,1,
202100001569,199 007,B01,1,7,0,2,3,1,1,