Num_Acc,id_vehicule,num_veh,senc,catv,obs,obsm,choc,manv,motor,occutc
202100001570,199 004,A01,0,30,0,2,1,9,1,
202100001570,199 005,B01,2,30,0,2,8,1,1,
202100001571,199 003,A01,1,7,0,1,1,15,1,
202100001572,199 001,B01,2,2,0,2,2,1,1,
202100001572,199 002,A01,3,7,0,2,5,4,1,
202100001573,198 999,B01,3,1,0,2,0,0,0,
202100001573,199 000,A01,2,1,0,9,7,26,6,
202100001574,198 998,A01,3,38,0,1,4,4,1,1.0
202100001575,198 997,A01,1,7,12,0,1,0,1,
202100001576,198 995,B01,1,7,0,2,4,0,1,
202100001576,198 996,A01,1,7,0,2,1,0,1,
202100001577,198 992,A01,1,32,0,2,3,13,1,
202100001577,198 993,B01,2,33,0,2,3,1,1,
202100001577,198 994,C01,2,7,0,9,6,1,1,
202100001578,198 991,A01,2,7,0,1,3,1,1,
202100001579,198 990,A01,3,7,0,1,2,23,1,
202100001580,198 989,A01,1,50,0,0,0,1,3,
202100001581,198 987,B01,1,7,0,2,4,2,1,
202100001581,198 988,A01,1,7,0,2,1,2,1,
202100001582,198 981,A01,2,7,0,1,1,1,1,
202100001583,198 980,A01,2,7,0,1,3,26,1,
202100001584,198 979,A01,2,7,0,1,1,1,1,
202100001585,198 976,A01,2,10,0,2,1,1,1,
202100001585,198 977,B01,2,7,0,2,4,1,1,
202100001585,198 978,C01,2,7,0,2,4,1,1,
202100001586,198 974,A01,2,50,0,2,1,15,3,
202100001586,198 975,B01,2,7,0,2,5,1,1,
202100001587,198 972,A01,1,30,0,2,3,16,1,
202100001587,198 973,B01,2,7,0,2,5,1,1,
202100001588,198 970,A01,1,7,0,2,1,2,1,
202100001588,198 971,B01,1,7,0,2,4,0,1,
202100001589,198 968,B01,1,7,0,2,4,1,1,
202100001589,198 969,A01,1,7,0,2,1,1,1,
202100001590,198 966,B01,2,33,0,2,1,1,1,
202100001590,198 967,A01,1,7,0,2,1,15,2,
202100001591,198 964,B01,2,1,0,2,4,15,5,
202100001591,198 965,A01,2,3,0,2,3,16,3,
202100001592,198 962,A01,1,33,0,2,1,2,1,
202100001592,198 963,B01,1,7,0,2,4,2,1,
202100001593,198 960,B01,2,7,0,0,4,2,1,
202100001593,198 961,A01,2,3,0,2,1,2,1,
202100001594,198 957,A01,2,7,0,1,1,1,1,
202100001595,198 954,C01,1,7,0,2,3,1,1,
202100001595,198 955,B01,1,7,0,2,1,1,1,
202100001595,198 956,A01,1,7,0,2,1,26,1,
202100001596,198 953,A01,1,33,0,0,1,26,1,
202100001597,198 951,A01,1,7,0,2,0,0,1,
202100001597,198 952,B01,1,7,0,2,0,0,1,
202100001598,198 950,A01,2,7,0,1,1,1,1,
202100001599,198 948,A01,3,1,0,2,1,19,5,
202100001599,198 949,B01,3,7,0,2,1,1,1,
202100001600,198 946,A01,3,7,0,9,2,16,0,
202100001600,198 947,B01,1,99,0,2,3,5,5,
202100001601,198 945,A01,3,7,0,0,0,23,1,
202100001602,198 942,C01,1,7,0,2,1,1,1,
202100001602,198 943,B01,1,7,0,2,1,1,1,
202100001602,198 944,A01,2,7,0,2,1,13,1,
202100001603,198 940,A01,2,7,0,2,1,2,1,
202100001603,198 941,B01,2,7,0,2,4,2,1,
202100001604,198 938,A01,3,7,0,2,2,12,1,
202100001604,198 939,B01,3,7,0,2,8,15,1,
202100001605,198 936,A01,2,7,3,0,1,1,1,
202100001605,198 937,B01,1,7,0,2,1,1,1,
202100001606,198 934,A01,0,7,0,2,2,1,1,
202100001606,198 935,B01,0,10,0,2,1,1,1,
202100001607,198 927,A01,3,7,0,2,1,1,1,
202100001607,198 928,B01,3,1,0,2,1,1,5,
202100001608,198 925,A01,3,7,0,2,2,15,1,
202100001608,198 926,B01,3,2,0,2,1,26,1,
202100001609,198 923,A01,0,7,0,2,7,9,1,
202100001609,198 924,B01,0,33,0,2,1,1,1,
202100001610,198 919,B01,1,43,0,2,1,0,1,
202100001610,198 920,A01,1,10,0,2,8,15,1,
202100001611,198 918,A01,2,7,10,0,1,1,1,
202100001612,198 916,B01,0,33,0,2,1,1,1,
202100001612,198 917,A01,3,32,0,2,2,10,1,
202100001613,198 914,A01,1,7,0,2,1,19,1,
202100001613,198 915,B01,1,99,0,2,7,19,1,
202100001614,198 913,A01,1,50,15,0,1,1,3,
202100001615,198 911,A01,3,10,0,0,7,19,1,
202100001615,198 912,Y01,1,1,0,2,1,1,5,
202100001616,198 908,B01,0,7,0,0,2,6,1,
202100001616,198 909,C01,0,7,0,0,3,23,1,
202100001616,198 910,A01,2,33,0,2,3,18,1,
202100001617,198 906,B01,1,7,0,2,4,1,1,
202100001617,198 907,A01,1,7,0,2,1,1,1,
202100001618,198 904,A01,2,7,0,2,2,2,1,
202100001618,198 905,B01,2,33,0,2,4,2,1,
202100001619,198 903,A01,2,7,0,1,1,1,1,
202100001620,198 902,A01,1,7,0,1,3,1,1,
202100001621,198 901,A01,2,10,0,1,2,16,1,
202100001622,198 900,A01,1,7,0,1,1,1,1,
202100001623,198 898,A01,1,7,0,2,7,16,1,
202100001623,198 899,B01,1,30,0,2,8,1,1,
202100001624,198 896,B01,2,7,0,2,3,1,1,
202100001624,198 897,A01,2,30,0,2,2,16,1,
202100001625,198 895,A01,1,31,0,0,8,1,1,
202100001626,198 894,A01,2,30,0,1,1,1,1,
202100001627,198 893,A01,1,80,14,0,3,13,3,
202100001628,198 891,B01,2,7,0,2,3,15,1,
202100001628,198 892,A01,2,7,0,2,2,21,1,
202100001629,198 890,A01,2,7,0,1,3,13,1,
202100001630,198 888,B01,0,50,0,2,3,16,3,
202100001630,198 889,A01,2,7,0,2,1,1,0,
202100001631,198 886,B01,2,60,0,2,1,1,5,
202100001631,198 887,Z01,1,7,0,2,0,17,1,
202100001632,198 885,A01,3,7,0,1,0,0,0,
202100001633,198 884,A01,3,7,15,0,1,9,1,
202100001634,198 882,B01,2,37,0,2,3,9,1,1.0
202100001634,198 883,A01,2,7,0,2,6,26,1,
202100001635,198 881,A01,1,7,0,1,2,1,1,
202100001636,198 880,A01,3,7,0,1,4,4,1,
202100001637,198 878,B01,2,43,0,2,5,13,1,
202100001637,198 879,A01,1,10,0,2,1,15,1,
202100001638,198 875,A01,1,7,0,2,1,1,1,
202100001638,198 876,C01,3,7,0,2,3,0,1,
202100001638,198 877,B01,3,7,0,2,6,0,2,
202100001639,198 873,A01,-1,37,8,2,2,26,1,2.0
202100001639,198 874,B01,-1,7,0,2,6,0,1,
202100001640,198 872,A01,2,7,0,1,2,16,1,
202100001641,198 870,A01,1,7,0,2,2,15,1,
202100001641,198 871,B01,2,30,0,2,1,1,1,
202100001642,198 868,A01,3,7,0,0,7,19,1,
202100001642,198 869,B01,1,15,0,2,1,19,1,
202100001643,198 867,A01,2,7,0,1,2,1,1,
202100001644,198 866,A01,1,7,13,0,1,14,1,
202100001645,198 865,A01,2,7,0,0,1,1,1,
202100001646,198 861,A01,1,10,0,2,1,1,1,
202100001646,198 862,B01,1,7,0,2,7,19,1,
202100001647,198 859,A01,2,7,0,2,3,0,1,
202100001647,198 860,B01,1,7,0,2,1,21,0,
202100001648,198 857,B01,2,10,0,2,4,1,1,
202100001648,198 858,A01,2,7,0,2,1,1,1,
202100001649,198 856,A01,1,7,0,0,0,15,1,
202100001650,198 853,C01,1,7,0,2,4,23,1,
202100001650,198 854,B01,1,7,0,2,4,23,1,
202100001650,198 855,A01,1,7,0,2,1,1,1,
202100001651,198 852,A01,2,7,2,0,1,1,1,
202100001652,198 850,A01,2,7,0,1,1,16,1,
202100001653,198 848,B01,2,7,0,0,0,15,1,
202100001653,198 849,A01,2,31,0,0,0,1,1,
202100001654,198 847,A01,1,2,12,0,2,0,1,
202100001655,198 846,A01,0,7,0,1,2,1,1,
202100001656,198 845,A01,2,7,2,0,8,1,1,
202100001657,198 843,A01,2,7,0,2,2,1,1,
202100001657,198 844,B01,2,7,0,0,6,1,1,
202100001658,198 842,A01,2,33,14,0,8,1,1,
202100001659,198 841,A01,2,7,3,0,1,1,1,
202100001660,198 837,A01,2,7,0,2,3,13,1,
202100001660,198 838,B01,1,15,0,2,3,1,1,
202100001660,198 839,C01,2,17,0,0,4,1,1,
202100001660,198 840,D01,2,17,0,2,1,2,1,
202100001661,198 836,A01,2,10,13,0,7,1,1,
202100001662,198 834,A01,3,7,0,2,3,15,1,
202100001662,198 835,B01,3,34,0,2,1,17,1,
202100001663,198 832,A01,2,7,0,0,8,2,1,
202100001663,198 833,B01,1,7,0,2,6,1,1,
202100001664,198 830,A01,3,7,0,1,2,1,1,
202100001665,198 829,A01,1,7,2,0,1,1,1,
202100001666,198 828,A01,2,7,13,0,1,1,1,
202100001667,198 827,A01,1,7,2,0,8,1,1,
202100001668,198 823,D01,2,7,4,2,1,2,1,
202100001668,198 824,C01,2,14,4,2,2,11,1,
202100001668,198 825,B01,2,10,4,2,7,0,1,
202100001668,198 826,A01,2,15,4,2,4,2,1,
202100001669,198 818,C01,2,7,0,2,4,1,1,
202100001669,198 819,D01,2,7,0,2,4,0,1,
202100001669,198 820,E01,2,7,0,2,4,1,1,
202100001669,198 821,A01,2,7,0,2,4,17,1,
202100001669,198 822,B01,2,7,0,2,4,1,1,
202100001670,198 816,B01,2,7,1,0,1,2,1,
202100001670,198 817,A01,2,7,0,2,6,23,1,
202100001671,198 811,B01,1,7,0,2,4,2,3,
202100001671,198 812,A01,1,7,0,2,1,2,1,
202100001672,198 808,A01,1,7,0,2,1,26,1,
202100001672,198 809,B01,1,7,0,2,4,0,1,
202100001672,198 810,C01,1,7,0,2,4,0,1,
202100001673,198 806,A01,2,33,0,2,3,3,1,
202100001673,198 807,B01,2,7,0,2,2,1,1,
202100001674,198 804,A01,2,7,0,9,4,26,1,
202100001674,198 805,B01,2,7,0,2,1,0,1,
202100001675,198 802,A01,2,7,0,2,1,2,1,
202100001675,198 803,B01,2,7,0,2,4,2,1,
202100001676,198 801,A01,1,10,4,0,1,14,1,
202100001677,198 799,A01,2,32,0,2,8,18,1,
202100001677,198 800,B01,2,7,0,2,1,1,1,
202100001678,198 797,Z01,1,17,0,2,2,12,1,
202100001678,198 798,A01,1,7,4,0,6,1,1,
202100001679,198 794,C01,1,7,0,2,6,1,3,
202100001679,198 795,B01,1,7,0,2,1,1,1,
202100001679,198 796,A01,1,7,0,2,1,21,2,
202100001680,198 791,A01,1,7,0,2,4,1,2,
202100001680,198 792,B01,1,7,0,2,4,2,1,
202100001680,198 793,C01,1,7,0,2,1,2,1,
202100001681,198 789,B01,2,7,0,2,8,9,1,
202100001681,198 790,A01,2,10,0,2,2,1,1,
202100001682,198 787,A01,1,7,0,2,4,11,1,
202100001682,198 788,B01,1,33,0,2,1,1,1,
202100001683,198 785,B01,1,7,0,2,4,2,1,
202100001683,198 786,A01,1,7,0,2,1,2,1,
202100001684,198 783,B01,1,7,0,2,3,1,1,
202100001684,198 784,A01,2,7,0,2,7,1,1,
202100001685,198 781,Z01,1,7,0,2,7,12,1,
202100001685,198 782,A01,1,7,8,2,1,1,1,
202100001686,198 779,B01,1,33,0,2,1,1,1,
202100001686,198 780,A01,1,30,0,2,4,13,1,
202100001687,198 776,A01,3,32,0,2,1,21,1,
202100001687,198 777,B01,3,32,0,2,4,23,1,
202100001687,198 778,C01,3,32,0,2,4,23,1,
202100001688,198 774,B01,3,7,0,2,1,0,1,
202100001688,198 775,A01,3,7,0,2,7,1,1,
202100001689,198 772,B01,1,7,0,2,8,15,1,
202100001689,198 773,A01,1,30,0,2,1,17,0,
202100001690,198 770,B01,1,7,0,2,5,2,1,
202100001690,198 771,A01,1,7,0,2,3,14,1,
202100001691,198 767,C01,3,7,0,2,4,2,1,
202100001691,198 768,B01,3,7,0,2,4,2,1,
202100001691,198 769,A01,3,7,0,2,1,2,1,
202100001692,198 765,B01,1,7,0,2,1,1,1,
202100001692,198 766,A01,2,7,1,1,1,1,1,
202100001693,198 763,A01,1,7,0,2,2,9,1,
202100001693,198 764,B01,1,14,0,2,3,1,1,
202100001694,198 761,A01,1,7,0,2,3,15,1,
202100001694,198 762,B01,2,1,0,2,1,1,0,
202100001695,198 759,B01,2,33,0,2,9,1,1,
202100001695,198 760,A01,2,7,0,2,7,12,2,
202100001696,198 757,A01,1,7,0,2,7,14,1,
202100001696,198 758,B01,1,43,0,2,8,1,1,
202100001697,198 754,A01,2,7,0,2,1,2,1,
202100001697,198 755,B01,2,7,0,2,4,2,1,
202100001697,198 756,C01,2,33,0,2,4,2,1,
202100001698,198 752,A01,1,7,0,2,3,15,1,
202100001698,198 753,B01,1,31,0,2,1,3,1,
202100001699,198 750,A01,2,7,0,2,1,1,1,
202100001699,198 751,B01,3,7,0,2,3,15,1,
202100001700,198 749,A01,2,10,0,1,2,17,1,
202100001701,198 747,A01,0,7,0,2,1,9,1,
202100001701,198 748,B01,0,7,0,2,5,9,1,
202100001702,198 746,A01,1,7,0,1,3,16,2,
202100001703,198 743,A01,2,7,0,2,3,17,1,
202100001703,198 744,B01,1,7,0,2,3,1,1,
202100001703,198 745,C01,2,7,0,2,0,23,1,
202100001704,198 742,A01,1,7,0,1,1,1,1,
202100001705,198 740,B01,2,2,0,0,0,1,1,
202100001705,198 741,A01,1,7,0,0,0,15,1,
202100001706,198 738,A01,2,7,0,2,2,15,1,
202100001706,198 739,B01,1,1,0,2,1,1,5,
202100001707,198 737,Z01,2,7,0,1,8,1,0,
202100001708,198 735,A01,2,7,0,2,4,23,1,
202100001708,198 736,B01,2,7,0,2,1,2,1,
202100001709,198 733,A01,1,10,0,2,1,1,6,
202100001709,198 734,B01,0,7,12,2,7,1,0,
202100001710,198 732,A01,3,7,0,1,1,16,1,
202100001711,198 731,A01,1,30,0,1,1,1,1,
202100001712,198 729,B01,1,7,0,0,4,1,1,
202100001712,198 730,A01,1,7,0,2,1,1,1,
202100001713,198 727,A01,1,7,0,2,1,1,1,
202100001713,198 728,B01,1,10,0,2,1,1,1,
202100001714,198 726,A01,1,7,0,1,1,1,1,
202100001715,198 725,A01,3,7,0,1,2,1,1,
202100001716,198 723,A01,1,10,0,2,1,2,1,
202100001716,198 724,B01,1,7,0,0,4,2,1,
202100001717,198 722,A01,1,7,1,0,3,13,1,
202100001718,198 720,A01,2,7,0,2,1,1,1,
202100001718,198 721,B01,2,7,0,2,4,1,1,
202100001719,198 717,A01,1,7,0,2,1,2,1,
202100001719,198 718,B01,1,7,0,2,4,2,1,
202100001719,198 719,C01,1,7,0,2,1,2,1,
202100001720,198 716,A01,1,7,0,1,3,26,1,
202100001721,198 715,A01,2,7,0,1,1,15,1,
202100001722,198 712,C01,2,7,0,2,4,2,1,
202100001722,198 713,B01,2,7,0,2,5,2,1,
202100001722,198 714,A01,2,7,0,2,1,2,1,
202100001723,198 709,B01,3,7,0,2,7,21,1,
202100001723,198 710,X01,3,7,0,2,2,5,-1,
202100001723,198 711,A01,3,7,0,2,1,1,1,
202100001724,198 705,B01,3,30,0,2,4,23,1,
202100001724,198 706,A01,2,7,0,2,1,1,1,
202100001725,198 704,A01,1,7,0,1,1,16,1,
202100001726,198 703,A01,1,3,0,1,1,9,1,
202100001727,198 700,A01,1,7,6,0,1,13,1,
202100001728,198 698,A01,0,7,0,2,6,15,1,
202100001728,198 699,B01,0,33,0,2,1,1,1,
202100001729,198 696,Z01,0,32,0,2,1,2,0,
202100001729,198 697,B01,0,7,0,0,4,23,6,
202100001730,198 694,B01,0,7,0,2,3,11,6,
202100001730,198 695,A01,0,7,0,2,2,26,6,
202100001731,198 692,A01,2,7,0,2,3,9,1,
202100001731,198 693,B01,2,50,0,2,1,1,3,
202100001732,198 691,A01,1,7,0,1,1,1,1,
202100001733,198 690,A01,3,50,15,0,1,26,3,
202100001734,198 688,B01,2,7,0,2,7,19,1,
202100001734,198 689,A01,1,7,0,2,1,1,1,
202100001735,198 687,A01,1,7,0,1,2,15,1,
202100001736,198 685,B01,2,1,0,2,1,1,6,
202100001736,198 686,Z01,1,7,0,2,2,15,0,
202100001737,198 683,B01,2,10,0,2,4,1,1,
202100001737,198 684,A01,2,32,0,2,1,13,1,
202100001738,198 681,B01,1,7,0,2,5,23,1,
202100001738,198 682,A01,1,43,0,2,3,3,1,
202100001739,198 679,B01,2,7,0,2,6,9,1,
202100001739,198 680,A01,2,13,0,2,2,1,1,
202100001740,198 677,A01,1,32,0,2,1,1,1,
202100001740,198 678,Z01,2,7,0,2,1,5,0,
202100001741,198 676,A01,1,7,0,1,1,15,1,
202100001742,198 674,B01,3,30,0,2,3,1,1,
202100001742,198 675,A01,3,10,0,2,2,1,1,
202100001743,198 672,B01,1,7,0,2,1,1,2,
202100001743,198 673,A01,2,10,0,2,7,1,1,
202100001744,198 670,A01,2,7,0,2,5,15,1,
202100001744,198 671,B01,2,33,0,2,1,1,3,
202100001745,198 668,B01,3,33,0,2,7,17,1,
202100001745,198 669,A01,3,7,0,2,8,15,1,
202100001746,198 666,B01,2,1,0,2,2,1,5,
202100001746,198 667,A01,1,7,0,2,2,15,1,
202100001747,198 664,A01,2,7,0,2,2,16,1,
202100001747,198 665,B01,2,50,0,2,1,19,3,
202100001748,198 662,B01,2,7,0,2,5,24,1,
202100001748,198 663,A01,2,32,0,1,2,18,1,
202100001749,198 661,A01,1,1,0,1,1,1,5,
202100001750,198 660,Z01,2,7,1,1,2,1,1,
202100001751,198 658,A01,1,10,0,2,2,15,1,
202100001751,198 659,B01,1,31,0,2,1,1,1,
202100001752,198 657,A01,3,34,15,0,1,14,1,
202100001753,198 655,A01,2,30,0,2,1,3,3,
202100001753,198 656,B01,2,7,0,2,7,16,1,
202100001754,198 654,A01,1,10,0,1,1,15,1,
202100001755,198 652,A01,1,10,0,2,6,11,1,
202100001755,198 653,B01,1,7,0,2,2,2,1,
202100001756,198 650,A01,1,7,0,0,0,0,1,
202100001756,198 651,B01,2,2,0,0,0,0,1,
202100001757,198 648,A01,2,7,0,2,0,0,0,
202100001757,198 649,B01,1,1,0,2,0,0,0,
202100001758,198 647,A01,-1,7,0,1,1,1,1,
202100001759,198 646,Z01,1,0,0,0,0,26,0,
202100001760,198 644,B01,2,33,0,2,2,2,1,
202100001760,198 645,Z01,1,14,0,2,0,0,0,
202100001761,198 642,A01,1,30,0,2,0,0,1,
202100001761,198 643,B01,1,7,0,2,1,1,2,
202100001762,198 640,B01,1,32,0,2,5,17,1,
202100001762,198 641,A01,3,7,0,2,3,26,1,
202100001763,198 639,A01,1,7,0,1,4,26,2,
202100001764,198 638,A01,2,7,0,1,2,1,1,
202100001765,198 636,B01,2,31,0,2,1,1,3,
202100001765,198 637,A01,1,7,0,2,3,15,1,
202100001766,198 633,A01,3,7,0,2,1,5,1,
202100001766,198 634,B01,3,7,0,2,1,23,1,
202100001766,198 635,C01,3,31,0,2,1,1,1,
202100001767,198 632,A01,1,7,13,0,1,21,1,
202100001768,198 630,B01,3,32,0,2,1,17,1,
202100001768,198 631,A01,3,7,0,2,3,26,1,
202100001769,198 628,B01,1,7,0,0,6,15,1,
202100001769,198 629,A01,1,7,0,2,1,17,1,
202100001770,198 626,A01,2,7,0,2,1,1,1,
202100001770,198 627,B01,1,7,0,2,7,15,1,
202100001771,198 625,A01,1,7,6,0,3,0,1,
202100001772,198 624,A01,1,7,0,1,1,16,1,
202100001773,198 623,A01,1,7,2,0,1,26,1,
202100001774,198 622,A01,1,7,6,0,6,1,1,
202100001775,198 620,B01,2,7,0,2,1,1,1,
202100001775,198 621,A01,1,7,0,2,1,1,1,
202100001776,198 617,C01,2,7,0,2,1,2,1,
202100001776,198 618,B01,2,7,0,2,5,2,1,
202100001776,198 619,A01,2,7,0,2,3,2,1,
202100001777,198 615,A01,1,1,0,2,8,10,5,
202100001777,198 616,B01,1,7,0,2,7,17,1,
202100001778,198 611,A01,2,7,3,2,3,17,1,
202100001778,198 612,B01,1,10,0,2,1,1,1,
202100001778,198 613,C01,1,10,13,2,2,2,1,
202100001778,198 614,D01,2,15,0,2,1,2,1,
202100001779,198 610,A01,3,7,0,1,2,2,1,
202100001780,198 609,A01,1,7,13,0,2,1,1,
202100001781,198 607,B01,2,10,0,2,7,19,1,
202100001781,198 608,A01,2,7,0,2,1,1,1,
202100001782,198 605,B01,1,2,0,2,8,1,1,
202100001782,198 606,A01,1,7,0,2,3,9,1,
202100001783,198 604,A01,2,7,2,0,1,0,1,
202100001784,198 602,B01,3,10,0,2,7,1,0,
202100001784,198 603,A01,3,1,0,2,8,1,5,
202100001785,198 601,A01,1,7,0,1,1,1,1,
202100001786,198 600,A01,3,20,0,1,4,4,4,
202100001787,198 599,A01,1,7,13,0,9,1,1,
202100001788,198 597,A01,3,7,0,2,1,1,1,
202100001788,198 598,B01,0,2,0,2,7,1,1,
202100001789,198 595,A01,1,7,0,2,2,1,1,
202100001789,198 596,B01,2,10,0,2,3,1,1,
202100001790,198 594,A01,2,7,13,0,1,14,1,
202100001791,198 593,A01,1,7,0,1,2,1,1,
202100001792,198 592,A01,2,17,0,1,2,1,1,
202100001793,198 591,A01,3,7,13,0,2,0,1,
202100001794,198 590,A01,1,7,0,1,2,1,1,
202100001795,198 589,A01,1,3,0,0,0,1,3,
202100001796,198 588,A01,1,7,3,0,0,0,1,
202100001797,198 586,B01,1,17,0,0,4,2,1,
202100001797,198 587,A01,1,10,0,2,1,2,1,
202100001798,198 585,A01,2,33,0,0,7,9,1,
202100001799,198 584,A01,2,7,2,0,2,1,1,
202100001800,198 581,A01,1,7,4,0,4,2,1,
202100001800,198 582,C01,1,7,0,2,1,2,1,
202100001800,198 583,B01,1,7,0,2,1,2,1,
202100001801,198 579,B01,3,7,0,2,8,1,1,
202100001801,198 580,A01,2,15,0,2,3,1,1,
202100001802,198 578,A01,3,7,2,0,7,0,1,
202100001803,198 576,B01,2,10,0,0,1,17,1,
202100001803,198 577,A01,1,7,0,0,1,1,1,
202100001804,198 575,A01,1,7,2,0,3,1,1,
202100001805,198 573,A01,3,7,0,2,3,0,1,
202100001805,198 574,B01,3,7,0,2,3,0,1,
202100001806,198 572,A01,0,7,0,1,4,26,1,
202100001807,198 570,B01,2,7,0,2,1,1,2,
202100001807,198 571,A01,2,7,0,2,8,15,1,
202100001808,198 568,A01,1,7,0,0,2,1,1,
202100001808,198 569,B01,3,7,0,2,1,19,1,
202100001809,198 563,E01,1,7,0,2,1,2,1,
202100001809,198 564,D01,1,7,0,0,5,2,1,
202100001809,198 565,C01,1,7,0,0,7,23,1,
202100001809,198 566,B01,1,10,0,2,1,1,1,
202100001809,198 567,A01,1,7,0,2,1,2,1,
202100001810,198 561,A01,2,7,0,2,3,19,1,
202100001810,198 562,B01,2,10,0,2,2,1,1,
202100001811,198 560,A01,1,7,3,0,1,1,1,
202100001812,198 558,B01,1,7,0,2,3,1,1,
202100001812,198 559,A01,2,7,0,2,3,13,1,
202100001813,198 557,A01,1,7,17,0,1,1,1,
202100001814,198 555,A01,3,7,0,2,3,1,1,
202100001814,198 556,B01,3,7,0,2,3,1,1,
202100001815,198 553,A01,1,7,0,2,2,13,1,
202100001815,198 554,B01,2,2,0,2,1,1,1,
202100001816,198 552,A01,2,7,13,0,1,0,1,
202100001817,198 550,A01,2,7,0,9,9,17,1,
202100001817,198 551,B01,2,1,0,2,4,1,5,
202100001818,198 549,A01,1,7,9,9,1,2,1,
202100001819,198 548,A01,1,7,3,0,1,14,1,
202100001820,198 546,A01,-1,14,0,2,0,0,1,
202100001820,198 547,B01,-1,7,0,2,4,2,1,
202100001821,198 543,C01,1,7,0,2,1,2,1,
202100001821,198 544,B01,1,7,0,2,4,2,1,
202100001821,198 545,A01,1,7,0,2,2,2,1,
202100001822,198 542,A01,1,33,6,0,8,1,1,
202100001823,198 540,B01,1,7,0,2,3,2,1,
202100001823,198 541,A01,1,7,0,2,2,2,1,
202100001824,198 537,A01,1,10,0,2,8,11,1,
202100001824,198 538,C01,1,7,0,2,4,2,1,
202100001824,198 539,B01,1,43,0,2,2,2,1,
202100001825,198 535,B01,2,7,0,2,2,0,1,
202100001825,198 536,A01,2,7,3,2,6,1,3,
202100001826,198 533,A01,2,7,0,2,7,17,1,
202100001826,198 534,B01,2,7,0,2,3,1,1,
202100001827,198 531,A01,2,7,0,2,1,1,1,
202100001827,198 532,B01,2,7,0,2,4,1,1,
202100001828,198 529,A01,2,7,0,2,1,2,1,
202100001828,198 530,B01,2,7,0,2,4,2,1,
202100001829,198 527,B01,1,7,0,2,0,0,1,
202100001829,198 528,A01,1,7,0,0,2,17,1,
202100001830,198 525,A01,1,30,0,2,1,26,1,
202100001830,198 526,B01,2,30,0,2,1,21,1,
202100001831,198 524,A01,3,0,0,1,0,26,1,
202100001832,198 522,A01,2,7,0,2,5,15,1,
202100001832,198 523,B01,1,2,0,2,1,1,1,
202100001833,198 521,A01,3,30,15,0,8,13,1,
202100001834,198 519,A01,1,30,0,2,1,1,1,
202100001834,198 520,B01,1,7,0,2,4,2,1,
202100001835,198 517,A01,1,50,0,2,1,1,3,
202100001835,198 518,B01,1,7,0,2,2,1,1,
202100001836,198 515,A01,1,7,0,2,8,11,1,
202100001836,198 516,B01,1,33,0,2,7,1,1,
202100001837,198 513,A01,1,7,0,2,1,21,1,
202100001837,198 514,B01,1,7,0,2,4,1,1,
202100001838,198 511,B01,1,7,0,2,7,15,1,
202100001838,198 512,A01,2,33,0,2,1,1,1,
202100001839,198 510,A01,2,13,0,1,3,15,1,
202100001840,198 509,A01,1,7,0,1,3,1,1,
202100001841,198 508,A01,1,30,0,1,1,17,1,
202100001842,198 507,A01,1,7,15,0,1,0,1,
202100001843,198 505,A01,3,7,0,2,1,26,1,
202100001843,198 506,B01,2,7,0,2,1,26,1,
202100001844,198 503,B01,2,7,0,2,6,24,1,
202100001844,198 504,A01,1,7,1,0,1,13,1,
202100001845,198 501,A01,3,7,0,2,2,19,1,
202100001845,198 502,B01,3,1,0,2,1,1,5,
202100001846,198 499,B01,3,1,0,2,7,19,0,
202100001846,198 500,A01,1,7,0,9,1,26,1,
202100001847,198 497,A01,0,7,0,2,1,1,1,
202100001847,198 498,B01,0,7,0,2,2,1,1,
202100001848,198 495,A01,3,7,15,0,8,26,0,
202100001848,198 496,B01,1,10,0,0,1,1,0,
202100001849,198 493,A01,2,7,0,2,1,2,1,
202100001849,198 494,B01,2,7,0,2,4,1,1,
202100001850,198 491,B01,2,7,0,2,4,2,1,
202100001850,198 492,Z01,1,7,0,2,1,2,0,
202100001851,198 488,B01,3,15,0,2,4,11,1,
202100001851,198 489,A01,3,7,0,2,1,12,1,
202100001852,198 487,A01,1,7,0,0,1,9,1,
202100001853,198 485,A01,0,7,0,2,2,9,1,
202100001853,198 486,B01,0,3,0,2,3,1,1,
202100001854,198 483,B01,1,7,0,2,8,15,1,
202100001854,198 484,A01,1,33,0,2,1,17,1,
202100001855,198 481,A01,1,7,0,2,1,2,1,
202100001855,198 482,B01,1,7,0,2,4,2,1,
202100001856,198 479,B01,1,80,1,2,6,1,3,
202100001856,198 480,A01,1,7,0,2,1,1,1,
202100001857,198 476,C01,2,7,0,2,0,0,1,
202100001857,198 477,B01,2,7,0,2,0,0,1,
202100001857,198 478,A01,1,7,0,2,3,13,2,
202100001858,198 474,A01,1,7,0,2,3,5,1,
202100001858,198 475,B01,2,7,0,2,3,1,1,
202100001859,198 472,A01,1,7,0,2,1,2,1,
202100001859,198 473,B01,1,7,0,2,4,2,1,
202100001860,198 470,A01,1,7,0,2,3,13,1,
202100001860,198 471,B01,1,17,0,2,3,1,1,
202100001861,198 469,A01,1,40,0,1,2,26,3,
202100001862,198 468,A01,3,7,0,1,1,15,1,
202100001863,198 466,B01,1,20,0,2,1,5,0,
202100001863,198 467,A01,2,20,0,0,1,1,1,
202100001864,198 465,A01,1,33,16,0,0,1,1,