Num_Acc,id_vehicule,num_veh,senc,catv,obs,obsm,choc,manv,motor,occutc
202100001865,198 463,A01,1,3,0,2,1,2,1,
202100001865,198 464,B01,1,7,0,2,4,1,1,
202100001866,198 462,A01,1,7,0,1,1,1,1,
202100001867,198 459,A01,2,7,0,2,9,1,1,
202100001867,198 460,B01,1,10,0,2,8,1,1,
202100001867,198 461,C01,1,7,0,2,2,1,1,
202100001868,198 457,A01,1,7,0,9,1,1,1,
202100001868,198 458,B01,1,1,0,2,8,15,5,
202100001869,198 452,E01,1,7,0,2,1,1,1,
202100001869,198 453,D01,1,7,0,2,8,1,1,
202100001869,198 454,C01,1,15,0,2,6,1,1,
202100001869,198 455,B01,1,7,0,2,2,1,1,
202100001869,198 456,A01,1,7,0,2,9,17,1,
202100001870,198 450,B01,1,7,0,2,1,26,3,
202100001870,198 451,A01,1,30,0,2,1,26,3,
202100001871,198 448,B01,1,30,0,2,1,26,1,
202100001871,198 449,A01,1,7,0,2,8,26,1,
202100001872,198 447,A01,1,7,0,1,3,26,1,
202100001873,198 446,A01,3,34,4,0,8,1,1,
202100001874,198 445,A01,2,7,6,0,4,14,1,
202100001875,198 444,A01,1,7,4,0,9,1,1,
202100001876,198 439,A01,2,10,0,2,1,2,1,
202100001876,198 440,B01,2,7,0,2,4,2,1,
202100001876,198 441,C01,2,7,0,2,4,2,1,
202100001876,198 442,D01,2,7,0,2,4,2,1,
202100001876,198 443,E01,2,7,0,0,4,2,1,
202100001877,198 437,B01,1,7,0,2,4,2,1,
202100001877,198 438,A01,1,14,0,2,1,2,1,
202100001878,198 435,A01,2,7,0,2,4,23,1,
202100001878,198 436,B01,2,7,0,2,1,2,1,
202100001879,198 433,A01,1,7,0,2,1,1,1,
202100001879,198 434,B01,1,7,0,2,4,1,1,
202100001880,198 432,A01,1,30,0,0,0,1,1,
202100001881,198 431,A01,2,7,8,0,1,15,1,
202100001882,198 430,A01,1,7,0,1,3,26,1,
202100001883,198 429,A01,3,7,0,1,2,1,1,
202100001884,198 427,B01,3,7,0,2,1,5,1,
202100001884,198 428,A01,3,7,0,2,1,1,1,
202100001885,198 426,A01,0,7,0,1,1,19,1,
202100001886,198 425,A01,0,7,3,0,1,1,1,
202100001887,198 423,B01,3,1,0,2,1,1,5,
202100001887,198 424,A01,3,7,0,2,8,1,1,
202100001888,198 421,A01,2,7,0,2,2,26,1,
202100001888,198 422,B01,1,7,0,2,1,0,1,
202100001889,198 419,B01,1,7,0,9,7,1,1,
202100001889,198 420,A01,1,1,0,2,1,1,5,
202100001890,198 417,B01,1,7,0,2,3,15,1,
202100001890,198 418,A01,1,7,6,2,2,21,1,
202100001891,198 415,B01,1,7,0,2,6,1,1,
202100001891,198 416,A01,1,7,0,2,2,26,1,
202100001892,198 414,A01,3,7,0,1,1,1,3,
202100001893,198 413,A01,2,30,2,0,3,26,1,
202100001894,198 411,A01,1,7,15,1,2,15,0,
202100001894,198 412,B01,1,7,15,1,5,23,1,
202100001895,198 409,A01,0,7,0,2,3,2,1,
202100001895,198 410,B01,0,1,0,0,0,0,0,
202100001896,198 407,B01,1,33,0,2,2,1,1,
202100001896,198 408,A01,1,7,0,2,3,12,1,
202100001897,198 406,A01,3,7,0,1,1,1,1,
202100001898,198 404,B01,2,14,0,2,3,1,1,
202100001898,198 405,A01,1,7,0,2,1,13,1,
202100001899,198 401,C01,2,7,0,2,6,23,1,
202100001899,198 402,B01,2,33,0,2,4,23,1,
202100001899,198 403,A01,2,31,0,2,1,1,1,
202100001900,198 400,A01,1,7,2,0,2,21,1,
202100001901,198 398,A01,2,7,4,2,9,16,1,
202100001901,198 399,B01,2,7,4,2,8,1,1,
202100001902,198 396,A01,1,32,0,2,4,7,1,
202100001902,198 397,B01,1,7,0,2,1,16,1,
202100001903,198 394,A01,1,31,14,0,1,14,1,
202100001904,198 393,A01,2,50,0,1,0,25,3,
202100001905,198 391,A01,1,10,0,2,3,15,1,
202100001905,198 392,B01,1,7,0,2,2,1,1,
202100001906,198 390,A01,1,50,0,0,1,1,3,
202100001907,198 388,B01,2,32,0,2,1,1,3,
202100001907,198 389,A01,1,7,0,2,2,15,2,
202100001908,198 386,A01,2,7,0,2,7,11,1,
202100001908,198 387,B01,2,2,0,2,3,11,1,
202100001909,198 385,A01,2,7,0,1,2,26,1,
202100001910,198 383,B01,2,1,0,2,6,1,5,
202100001910,198 384,A01,2,7,0,9,1,1,2,
202100001911,198 377,A01,2,7,0,2,1,1,1,
202100001911,198 378,B01,2,7,0,2,8,2,1,
202100001912,198 375,B01,2,33,0,2,3,1,1,
202100001912,198 376,A01,1,7,0,2,3,15,1,
202100001913,198 373,B01,3,33,0,2,1,1,1,
202100001913,198 374,A01,3,10,0,2,2,5,1,
202100001914,198 372,A01,3,10,0,1,1,15,3,
202100001915,198 371,A01,2,7,6,0,2,14,1,
202100001916,198 369,B01,-1,3,0,2,4,2,0,
202100001916,198 370,A01,-1,3,0,2,1,23,0,
202100001917,198 367,A01,2,7,0,2,1,9,1,
202100001917,198 368,B01,3,2,0,2,7,0,1,
202100001918,198 365,A01,2,2,0,2,3,26,1,
202100001918,198 366,B01,2,7,0,2,1,26,2,
202100001919,198 363,B01,1,33,0,2,7,2,1,
202100001919,198 364,A01,1,7,0,2,8,11,1,
202100001920,198 362,A01,2,7,0,1,1,1,1,
202100001921,198 360,A01,3,7,0,2,1,16,1,
202100001921,198 361,B01,3,10,0,0,0,0,1,
202100001922,198 358,A01,1,7,0,2,1,1,1,
202100001922,198 359,B01,1,50,0,2,8,19,3,
202100001923,198 357,A01,0,34,0,0,8,1,0,
202100001924,198 355,A01,1,7,0,2,6,23,1,
202100001924,198 356,B01,1,7,1,0,2,0,1,
202100001925,198 353,B01,2,33,0,2,1,1,1,
202100001925,198 354,A01,1,7,0,2,5,15,1,
202100001926,198 350,A01,1,7,0,2,1,17,1,
202100001926,198 351,B01,2,2,0,2,1,1,1,
202100001927,198 349,A01,2,14,0,1,2,1,1,
202100001928,198 348,A01,0,7,2,0,3,1,1,
202100001929,198 346,A01,2,7,0,2,1,2,1,
202100001929,198 347,B01,2,7,0,2,4,15,1,
202100001930,198 344,B01,1,7,0,2,1,1,1,
202100001930,198 345,A01,2,7,0,2,1,13,1,
202100001931,198 343,A01,2,7,13,0,1,1,1,
202100001932,198 341,A01,1,7,0,2,3,0,1,
202100001932,198 342,B01,2,7,0,2,3,0,1,
202100001933,198 340,A01,2,7,0,1,2,2,1,
202100001934,198 338,B01,2,7,0,2,1,1,1,
202100001934,198 339,A01,1,10,0,2,1,1,1,
202100001935,198 337,B01,0,0,0,0,0,0,0,
202100001936,198 335,B01,2,15,0,2,3,1,1,
202100001936,198 336,A01,1,7,0,2,1,13,1,
202100001937,198 334,A01,1,7,15,0,9,1,1,
202100001938,198 333,A01,2,10,0,1,3,9,1,
202100001939,198 332,A01,1,7,0,1,1,13,1,
202100001940,198 331,A01,1,33,8,0,8,13,1,
202100001941,198 329,A01,1,7,0,2,1,1,1,
202100001941,198 330,B01,1,15,0,0,4,1,1,
202100001942,198 328,A01,1,10,0,1,2,1,1,
202100001943,198 327,A01,2,7,8,0,3,1,1,
202100001944,198 326,A01,2,7,16,0,0,1,1,
202100001945,198 324,A01,1,7,0,2,1,15,1,
202100001945,198 325,B01,2,7,0,2,2,1,1,
202100001946,198 323,A01,2,2,0,6,1,0,1,
202100001947,198 321,A01,1,2,0,2,1,0,1,
202100001947,198 322,B01,2,7,0,2,3,0,1,
202100001948,198 319,A01,2,15,0,2,6,13,1,
202100001948,198 320,B01,2,10,3,2,2,17,1,
202100001949,198 318,A01,3,7,6,0,1,1,1,
202100001950,198 317,A01,1,7,0,0,7,1,1,
202100001951,198 315,A01,0,7,0,2,8,16,1,
202100001951,198 316,B01,1,7,0,2,1,1,1,
202100001952,198 312,A01,1,7,0,2,1,15,2,
202100001952,198 313,B01,2,7,0,2,1,1,1,
202100001952,198 314,C01,1,14,0,2,3,1,1,
202100001953,198 310,A01,3,7,0,2,3,1,1,
202100001953,198 311,B01,3,2,0,2,1,1,3,
202100001954,198 309,A01,1,33,12,0,7,1,1,
202100001955,198 307,B01,2,7,0,2,2,1,1,
202100001955,198 308,A01,1,7,0,2,3,15,1,
202100001956,198 304,C01,3,15,0,2,3,23,1,
202100001956,198 305,A01,2,15,0,2,5,15,1,
202100001956,198 306,B01,1,7,0,2,1,1,1,
202100001957,198 301,C01,1,7,0,2,1,1,1,
202100001957,198 302,B01,1,7,0,2,6,1,1,
202100001957,198 303,A01,2,7,0,2,3,13,1,
202100001958,198 300,A01,1,15,8,0,1,1,1,
202100001959,198 299,A01,2,7,2,0,7,14,1,
202100001960,198 297,A01,1,7,0,2,3,5,1,
202100001960,198 298,B01,2,33,0,0,8,1,1,
202100001961,198 295,A01,1,10,0,2,1,15,1,
202100001961,198 296,B01,2,2,0,2,1,1,1,
202100001962,198 294,A01,2,7,4,0,3,1,1,
202100001963,198 292,A01,1,7,0,2,3,13,1,
202100001963,198 293,B01,2,10,13,2,8,1,1,
202100001964,198 290,A01,1,7,0,2,2,5,1,
202100001964,198 291,B01,2,7,0,2,1,1,1,
202100001965,198 289,A01,1,39,0,1,2,0,3,
202100001966,198 288,A01,2,7,2,0,1,1,1,
202100001967,198 286,B01,1,14,0,2,3,1,1,
202100001967,198 287,A01,2,7,0,2,3,13,1,
202100001968,198 284,B01,1,7,0,2,2,1,1,
202100001968,198 285,A01,1,7,0,0,7,15,1,
202100001969,198 282,A01,2,7,0,0,3,23,1,
202100001969,198 283,B01,2,7,1,0,2,2,1,
202100001970,198 280,A01,1,7,0,2,4,26,1,
202100001970,198 281,B01,1,7,0,2,0,26,1,
202100001971,198 279,A01,1,34,3,0,7,1,1,
202100001972,198 277,B01,1,7,0,2,1,2,1,
202100001972,198 278,A01,1,7,0,2,4,2,1,
202100001973,198 275,A01,2,10,0,2,7,21,1,
202100001973,198 276,B01,2,7,0,2,8,1,1,
202100001974,198 273,B01,1,7,0,2,1,1,1,
202100001974,198 274,A01,1,7,0,2,4,1,1,
202100001975,198 271,B01,1,10,0,2,1,1,1,
202100001975,198 272,A01,1,7,0,2,4,1,1,
202100001976,198 268,A01,1,7,0,2,4,2,3,
202100001976,198 269,C01,1,7,0,2,1,2,1,
202100001976,198 270,B01,1,7,0,2,4,2,1,
202100001977,198 266,B01,2,7,4,0,4,23,1,
202100001977,198 267,A01,2,10,14,0,1,1,1,
202100001978,198 264,A01,2,33,0,2,1,11,1,
202100001978,198 265,B01,2,7,0,2,4,1,1,
202100001979,198 261,A01,2,10,0,2,1,2,1,
202100001979,198 262,B01,2,7,0,2,4,2,1,
202100001979,198 263,C01,2,7,0,2,4,2,1,
202100001980,198 260,A01,2,17,16,0,7,26,1,
202100001981,198 258,B01,2,7,0,2,4,1,1,
202100001981,198 259,A01,2,33,0,2,1,3,1,
202100001982,198 256,A01,2,7,0,2,1,2,1,
202100001982,198 257,B01,2,10,0,2,5,2,1,
202100001983,198 254,A01,1,10,0,2,6,26,0,
202100001983,198 255,B01,1,10,0,2,2,1,1,
202100001984,198 252,B01,2,1,0,2,9,1,5,
202100001984,198 253,A01,2,7,0,2,1,16,1,
202100001985,198 251,A01,2,7,3,0,2,14,1,
202100001986,198 249,B01,1,7,0,1,5,26,1,
202100001986,198 250,A01,1,30,0,2,1,1,1,
202100001987,198 247,A01,2,32,0,2,3,1,1,
202100001987,198 248,B01,1,30,0,2,2,1,1,
202100001988,198 245,A01,3,7,0,2,1,10,1,
202100001988,198 246,B01,3,30,0,2,1,1,1,
202100001989,198 243,B01,1,30,0,2,2,1,1,
202100001989,198 244,A01,1,30,0,2,4,15,1,
202100001990,198 241,B01,1,33,0,2,0,1,1,
202100001990,198 242,A01,2,10,0,0,1,16,1,
202100001991,198 240,T01,3,40,0,1,3,1,3,
202100001992,198 236,A01,1,7,0,2,1,0,0,
202100001992,198 237,B01,1,7,0,2,4,23,1,
202100001992,198 238,C01,1,7,0,2,4,23,1,
202100001992,198 239,D01,1,7,0,2,4,23,1,
202100001993,198 234,B01,3,32,0,2,3,1,1,
202100001993,198 235,A01,3,7,0,2,2,15,1,
202100001994,198 233,A01,1,10,0,1,3,1,1,
202100001995,198 231,A01,0,7,0,2,1,1,1,
202100001995,198 232,B01,0,1,0,2,8,15,5,
202100001996,198 229,A01,1,7,0,2,2,1,1,
202100001996,198 230,B01,2,50,0,2,1,14,3,
202100001997,198 228,A01,1,7,0,1,1,1,2,
202100001998,198 226,A01,0,33,0,2,2,19,1,
202100001998,198 227,B01,0,7,0,2,3,1,1,
202100001999,198 224,A01,1,7,0,1,4,1,1,
202100001999,198 225,B01,1,7,0,2,1,2,1,
202100002000,198 216,A01,1,15,0,2,2,15,1,
202100002000,198 217,B01,2,2,0,2,1,1,1,
202100002001,198 215,A01,3,33,8,1,0,17,1,
202100002002,198 213,A01,3,30,0,2,1,26,1,
202100002002,198 214,B01,0,10,0,2,3,9,1,
202100002003,198 210,B01,2,7,0,2,1,16,1,
202100002003,198 211,A01,2,7,0,2,2,1,1,
202100002004,198 208,A01,1,7,0,2,2,1,1,
202100002004,198 209,B01,2,7,0,2,1,1,1,
202100002005,198 207,A01,1,7,1,0,8,14,1,
202100002006,198 206,A01,1,7,13,2,1,14,1,
202100002007,198 204,A01,1,1,1,2,2,15,5,
202100002007,198 205,Z01,2,7,0,2,1,16,0,
202100002008,198 202,A01,2,33,0,2,3,18,1,
202100002008,198 203,B01,2,7,0,2,2,14,1,
202100002009,198 200,B01,1,7,0,2,2,2,1,
202100002009,198 201,A01,2,7,0,2,3,9,1,
202100002010,198 198,A01,1,7,0,2,7,9,1,
202100002010,198 199,B01,1,1,0,2,3,9,0,
202100002011,198 196,B01,1,7,0,2,1,1,1,
202100002011,198 197,A01,2,7,0,2,1,26,1,
202100002012,198 195,A01,2,7,2,0,1,26,1,
202100002013,198 194,A01,2,7,0,2,1,26,1,
202100002014,198 192,A01,3,33,0,2,1,1,1,
202100002014,198 193,B01,3,7,0,2,2,15,1,
202100002015,198 191,A01,1,7,0,1,1,15,1,
202100002016,198 187,D01,2,7,0,2,4,2,1,
202100002016,198 188,C01,2,7,0,2,4,2,1,
202100002016,198 189,B01,2,7,0,2,4,2,1,
202100002016,198 190,A01,2,10,0,2,1,1,1,
202100002017,198 186,A01,3,7,2,1,1,13,1,
202100002018,198 185,A01,1,7,0,1,2,26,2,
202100002019,198 183,A01,1,7,0,2,2,9,1,
202100002019,198 184,B01,1,7,0,2,3,1,1,
202100002020,198 181,B01,2,7,0,2,8,15,1,
202100002020,198 182,A01,2,1,0,2,1,1,5,
202100002021,198 179,A01,3,15,0,1,0,1,1,
202100002022,198 176,A01,2,7,0,2,1,9,1,
202100002022,198 177,B01,2,7,0,2,9,23,1,
202100002022,198 178,C01,2,7,0,2,5,23,1,
202100002023,198 174,B01,0,1,0,2,3,26,5,
202100002023,198 175,A01,2,7,0,2,3,2,1,
202100002024,198 173,A01,2,7,6,0,3,26,1,
202100002025,198 171,A01,2,7,0,2,1,5,1,
202100002025,198 172,B01,1,7,0,2,1,1,1,
202100002026,198 169,B01,2,30,0,2,1,1,1,
202100002026,198 170,A01,2,7,0,2,8,15,1,
202100002027,198 168,A01,1,7,0,5,1,1,1,
202100002028,198 166,B01,1,7,0,2,1,1,1,
202100002028,198 167,A01,1,7,0,2,3,1,1,
202100002029,198 165,A01,2,37,0,0,0,1,1,3.0
202100002030,198 163,A01,0,7,0,2,1,3,1,
202100002030,198 164,B01,0,37,0,2,3,1,1,6.0
202100002031,198 162,A01,3,32,13,0,7,1,1,
202100002032,198 161,A01,0,10,0,1,0,1,1,
202100002033,198 160,A01,2,7,6,0,1,15,1,
202100002034,198 159,A01,1,15,2,0,3,14,1,
202100002035,198 157,A01,2,2,7,2,1,1,1,
202100002035,198 158,Z01,1,2,0,2,1,1,1,
202100002036,198 155,A01,2,7,0,9,1,9,1,
202100002036,198 156,B01,2,80,0,2,4,1,3,
202100002037,198 152,A01,2,7,0,2,1,1,1,
202100002037,198 153,B01,2,7,0,2,4,23,1,
202100002037,198 154,C01,2,7,0,2,4,23,1,
202100002038,198 149,A01,1,14,0,2,3,2,1,
202100002038,198 150,B01,1,7,0,2,6,1,1,
202100002038,198 151,C01,1,33,0,2,7,3,1,
202100002039,198 146,C01,1,7,0,2,4,2,1,
202100002039,198 147,B01,1,7,0,2,1,2,1,
202100002039,198 148,A01,1,7,0,2,1,2,1,
202100002040,198 145,A01,1,7,12,1,2,14,1,
202100002041,198 144,A01,1,43,0,1,2,1,1,
202100002042,198 142,B01,1,10,0,2,3,9,1,
202100002042,198 143,A01,2,32,0,2,1,17,1,
202100002043,198 141,A01,2,7,2,0,3,21,1,
202100002044,198 139,B01,2,32,0,2,0,21,1,
202100002044,198 140,A01,1,7,0,2,0,15,1,
202100002045,198 137,B01,3,7,0,2,8,1,1,
202100002045,198 138,A01,3,50,0,2,1,1,3,
202100002046,198 135,A01,1,1,0,2,1,1,5,
202100002046,198 136,Z01,2,50,0,2,1,1,3,
202100002047,198 134,A01,2,33,0,1,1,1,1,
202100002048,198 133,A01,3,1,0,1,1,25,5,
202100002049,198 131,A01,3,7,0,2,1,1,0,
202100002049,198 132,B01,3,7,1,0,7,0,1,
202100002050,198 130,A01,0,10,2,0,1,0,1,
202100002051,198 127,C01,2,10,0,2,1,2,1,
202100002051,198 128,B01,2,7,0,2,4,1,1,
202100002051,198 129,A01,2,7,0,2,4,16,1,
202100002052,198 125,B01,1,7,0,2,3,1,2,
202100002052,198 126,A01,1,1,0,2,1,1,5,
202100002053,198 124,A01,0,7,1,0,2,2,1,
202100002054,198 121,A01,2,7,1,2,2,17,1,
202100002054,198 122,B01,2,7,0,2,8,1,1,
202100002054,198 123,D01,2,7,0,2,4,24,1,
202100002055,198 119,A01,1,7,0,2,3,1,1,
202100002055,198 120,B01,0,50,0,2,2,17,3,
202100002056,198 118,A01,1,10,0,1,2,1,1,
202100002057,198 116,A01,-1,7,0,2,8,15,1,
202100002057,198 117,B01,-1,32,0,2,2,1,1,
202100002058,198 115,A01,2,30,0,1,1,1,1,
202100002059,198 114,A01,1,7,0,1,2,1,1,
202100002060,198 112,B01,3,7,0,2,0,0,1,
202100002060,198 113,A01,3,50,0,2,3,1,3,
202100002061,198 111,A01,1,7,0,1,3,2,1,
202100002062,198 109,B01,2,10,0,0,6,23,1,
202100002062,198 110,A01,2,1,1,0,1,1,5,
202100002063,198 107,B01,0,7,0,0,4,1,1,
202100002063,198 108,A01,3,2,0,2,1,2,1,
202100002064,198 106,A01,2,33,15,0,1,1,1,
202100002065,198 105,A01,1,7,13,0,1,14,1,
202100002066,198 104,A01,2,7,1,0,1,13,1,
202100002067,198 102,B01,1,7,0,2,1,1,1,
202100002067,198 103,A01,2,10,0,2,1,17,1,
202100002068,198 101,A01,3,2,1,0,7,1,1,
202100002069,198 098,C01,1,7,0,2,2,1,1,
202100002069,198 099,B01,1,7,0,2,1,1,1,
202100002069,198 100,A01,2,7,0,2,1,13,1,
202100002070,198 096,A01,1,10,0,9,0,0,1,
202100002070,198 097,B01,1,1,0,9,1,2,5,
202100002071,198 095,A01,2,7,13,0,9,17,1,
202100002072,198 094,A01,1,2,13,0,0,13,1,
202100002073,198 092,B01,1,7,0,2,3,1,1,
202100002073,198 093,A01,2,10,0,2,3,13,1,
202100002074,198 089,C01,3,7,0,0,6,0,1,
202100002074,198 090,B01,3,7,0,0,2,0,1,
202100002074,198 091,A01,3,7,0,0,3,0,1,
202100002075,198 087,A01,1,7,0,2,3,9,1,
202100002075,198 088,B01,2,2,0,2,1,1,1,
202100002076,198 086,A01,1,7,13,0,0,1,1,
202100002077,198 085,A01,0,7,13,0,3,17,1,
202100002078,198 084,A01,3,10,0,1,1,15,1,
202100002079,198 082,A01,2,7,0,0,1,1,1,
202100002079,198 083,B01,1,10,0,0,1,1,1,
202100002080,198 081,A01,2,10,0,1,1,0,1,
202100002081,198 079,B01,2,7,0,2,3,15,1,
202100002081,198 080,A01,2,31,13,9,1,17,1,
202100002082,198 077,C01,1,7,0,2,4,24,1,
202100002082,198 078,A01,1,7,1,0,3,13,1,
202100002083,198 076,A01,2,7,13,0,9,14,1,
202100002084,198 073,A01,1,7,0,2,3,1,1,
202100002084,198 074,B01,2,7,0,2,3,1,1,
202100002084,198 075,C01,1,7,0,2,2,1,1,
202100002085,198 072,A01,0,7,8,0,0,1,1,
202100002086,198 070,B01,1,7,0,2,1,1,1,
202100002086,198 071,A01,2,7,0,2,1,17,1,
202100002087,198 069,A01,1,2,8,0,3,1,1,
202100002088,198 066,A01,2,7,0,2,3,0,1,
202100002088,198 067,B01,1,10,0,2,3,1,1,
202100002088,198 068,C01,2,7,0,2,1,0,0,
202100002089,198 064,B01,2,10,0,2,2,1,1,
202100002089,198 065,A01,2,10,0,2,3,11,1,
202100002090,198 062,A01,2,7,0,2,2,1,1,
202100002090,198 063,B01,3,10,14,0,2,19,1,
202100002091,198 061,A01,1,7,13,0,1,2,1,
202100002092,198 058,A01,1,7,0,0,6,11,1,
202100002092,198 059,B01,1,7,0,2,2,1,1,
202100002092,198 060,C01,1,7,0,2,2,1,1,
202100002093,198 056,A01,1,14,0,2,3,1,1,
202100002093,198 057,B01,2,10,0,2,1,5,1,
202100002094,198 054,A01,3,1,0,2,8,19,5,
202100002094,198 055,B01,3,14,0,9,1,1,1,
202100002095,198 053,A01,2,7,3,0,3,16,1,
202100002096,198 050,A01,2,7,3,2,4,2,1,
202100002096,198 051,B01,2,7,0,2,1,2,1,
202100002096,198 052,C01,2,15,0,0,8,1,1,
202100002097,198 048,A01,1,31,0,2,8,5,1,
202100002097,198 049,B01,2,7,0,2,8,21,1,
202100002098,198 046,A01,1,33,0,2,1,1,1,
202100002098,198 047,B01,0,7,0,9,8,15,1,
202100002099,198 044,A01,1,7,0,2,6,17,1,
202100002099,198 045,B01,1,33,0,2,1,17,1,
202100002100,198 042,B01,1,7,0,2,3,1,1,
202100002100,198 043,A01,1,7,0,0,8,15,1,
202100002101,198 041,A01,3,7,2,0,1,0,1,
202100002102,198 040,A01,1,31,0,0,7,0,1,
202100002103,198 039,A01,1,7,13,0,1,1,1,
202100002104,198 038,A01,1,2,0,0,2,0,1,
202100002105,198 037,A01,1,7,2,0,1,5,1,
202100002106,198 035,A01,1,7,0,2,1,15,1,
202100002106,198 036,B01,2,7,0,2,1,1,1,
202100002107,198 034,A01,1,7,0,1,5,1,1,
202100002108,198 033,A01,3,2,0,0,1,1,1,
202100002109,198 030,A01,2,17,0,2,5,16,1,
202100002109,198 031,B01,2,80,0,2,3,1,3,
202100002110,198 026,D01,1,7,0,2,9,26,1,
202100002110,198 027,C01,1,7,0,2,9,0,1,
202100002110,198 028,B01,1,7,0,2,9,26,1,
202100002110,198 029,A01,1,7,0,2,4,26,1,
202100002111,198 025,A01,1,7,6,0,1,0,1,
202100002112,198 023,A01,1,10,0,2,7,1,1,
202100002112,198 024,B01,1,37,0,2,2,1,1,1.0
202100002113,198 016,A01,1,7,0,2,1,2,1,
202100002113,198 017,B01,1,10,0,2,4,2,1,
202100002113,198 018,C01,1,10,0,2,4,2,1,
202100002113,198 019,D01,1,7,0,2,4,2,1,
202100002113,198 020,E01,1,7,0,2,4,2,1,
202100002114,198 015,A01,2,7,4,0,3,21,1,
202100002115,198 014,A01,2,7,4,0,8,13,1,
202100002116,198 013,A01,1,33,4,2,9,26,1,
202100002117,198 011,A01,3,10,0,2,7,1,1,
202100002117,198 012,B01,3,33,0,2,1,1,1,
202100002118,198 010,A01,3,7,6,0,9,21,1,
202100002119,198 009,A01,2,7,0,1,3,25,1,
202100002120,198 006,A01,2,7,0,2,1,0,1,
202100002120,198 007,B01,1,7,0,2,1,1,1,
202100002120,198 008,C01,2,7,0,2,6,0,1,
202100002121,198 004,B01,3,30,0,2,1,1,1,
202100002121,198 005,A01,3,30,0,2,1,1,1,
202100002122,198 003,A01,1,7,8,0,1,26,1,
202100002123,198 001,A01,2,7,0,2,3,15,1,
202100002123,198 002,B01,1,7,0,2,2,1,1,
202100002124,197 998,A01,1,7,0,2,2,20,1,
202100002124,197 999,B01,1,7,0,2,6,24,1,
202100002124,198 000,Z01,1,7,0,2,2,1,0,
202100002125,197 997,A01,2,7,1,0,1,19,1,
202100002126,197 995,A01,2,7,0,2,1,15,1,
202100002126,197 996,B01,1,1,0,2,7,1,5,
202100002127,197 993,B01,1,60,0,2,1,26,5,
202100002127,197 994,A01,2,7,0,9,2,1,1,
202100002128,197 992,A01,1,30,14,0,1,1,1,
202100002129,197 990,A01,3,7,0,2,3,15,1,
202100002129,197 991,B01,2,2,0,2,7,1,1,
202100002130,197 985,C01,0,10,0,2,3,1,1,
202100002130,197 986,A01,0,7,0,2,2,1,1,
202100002130,197 987,B01,0,7,0,2,5,1,1,
202100002131,197 983,A01,1,7,0,2,3,13,1,
202100002131,197 984,B01,2,7,0,2,3,1,1,
202100002132,197 982,A01,1,32,6,0,3,26,1,
202100002133,197 980,A01,1,31,0,2,1,26,1,
202100002133,197 981,B01,2,7,0,2,1,15,1,
202100002134,197 976,B01,2,7,0,2,2,15,1,
202100002134,197 977,A01,1,1,0,2,3,1,5,
202100002135,197 974,B01,3,7,0,2,1,0,1,
202100002135,197 975,A01,3,30,0,2,2,15,1,
202100002136,197 973,A01,3,7,16,0,9,13,1,
202100002137,197 971,A01,2,7,0,2,1,1,1,
202100002137,197 972,B01,2,7,0,2,4,23,1,
202100002138,197 969,A01,2,10,0,2,1,1,1,
202100002138,197 970,B01,2,30,0,2,4,1,1,
202100002139,197 967,A01,1,7,0,2,3,13,1,
202100002139,197 968,B01,2,7,0,2,3,1,1,
202100002140,197 962,A01,3,7,0,0,0,0,0,
202100002140,197 963,B01,3,7,0,0,0,0,0,
202100002141,197 960,B01,3,10,0,2,6,19,1,
202100002141,197 961,A01,2,33,0,9,3,17,1,
202100002142,197 958,A01,1,7,0,2,5,15,1,
202100002142,197 959,B01,1,33,0,2,1,1,1,
202100002143,197 957,A01,3,99,12,0,0,1,3,
202100002144,197 955,A01,1,7,0,2,5,0,1,
202100002144,197 956,B01,1,7,0,2,1,0,1,
202100002145,197 953,A01,1,7,0,2,3,0,1,
202100002145,197 954,B01,2,7,0,2,8,0,1,
202100002146,197 950,B01,2,7,0,2,5,23,2,
202100002146,197 951,A01,2,7,0,2,1,2,1,
202100002147,197 948,B01,3,2,0,2,8,1,1,
202100002147,197 949,A01,3,10,0,2,1,1,1,
202100002148,197 946,B01,1,30,0,2,1,1,1,
202100002148,197 947,A01,2,7,0,2,2,15,1,
202100002149,197 944,B01,3,7,0,2,3,2,1,
202100002149,197 945,A01,3,33,0,2,1,13,1,
202100002150,197 943,A01,3,7,0,1,1,1,1,
202100002151,197 941,B01,2,7,0,0,6,1,1,
202100002151,197 942,A01,2,7,0,2,2,2,1,
202100002152,197 939,A01,1,32,0,2,2,3,1,
202100002152,197 940,B01,1,7,0,2,8,11,2,
202100002153,197 937,A01,1,33,0,2,3,3,1,
202100002153,197 938,B01,1,7,0,2,5,12,1,
202100002154,197 936,A01,1,7,0,1,3,1,1,
202100002155,197 935,A01,1,50,12,0,2,14,3,
202100002156,197 933,B01,3,7,0,2,1,15,1,
202100002156,197 934,A01,3,7,0,2,4,15,1,
202100002157,197 931,A01,1,7,0,2,2,15,1,
202100002157,197 932,B01,2,33,0,2,8,1,1,
202100002158,197 927,A01,2,7,0,2,2,15,1,
202100002158,197 928,B01,1,7,0,2,3,1,1,
202100002158,197 929,C01,1,7,0,2,5,23,1,
202100002158,197 930,D01,1,7,0,2,4,23,1,
202100002159,197 925,A01,3,7,0,2,3,19,1,
202100002159,197 926,B01,3,7,0,2,2,1,1,