Num_Acc,id_vehicule,num_veh,senc,catv,obs,obsm,choc,manv,motor,occutc
202100002753,196 847,A01,1,7,0,1,1,1,1,
202100002754,196 845,B01,2,33,0,2,1,1,1,
202100002754,196 846,A01,1,7,0,2,2,13,1,
202100002755,196 843,B01,0,7,0,2,1,16,1,
202100002755,196 844,A01,0,50,0,2,1,1,3,
202100002756,196 841,B01,1,1,0,2,1,15,5,
202100002756,196 842,A01,2,7,0,2,3,9,1,
202100002757,196 839,A01,1,7,0,9,1,1,1,
202100002757,196 840,B01,2,1,0,2,8,19,5,
202100002758,196 837,B01,3,7,14,2,4,23,6,
202100002758,196 838,A01,0,7,0,2,1,2,0,
202100002759,196 836,A01,0,7,0,1,2,9,1,
202100002760,196 835,A01,0,7,9,0,9,1,1,
202100002761,196 834,A01,0,7,0,0,1,13,1,
202100002762,196 832,A01,1,7,0,2,2,15,1,
202100002762,196 833,B01,1,7,0,2,8,14,3,
202100002763,196 830,B01,0,7,0,2,6,1,1,
202100002763,196 831,A01,3,7,12,0,7,1,1,
202100002764,196 828,B01,1,7,0,2,6,26,1,
202100002764,196 829,A01,1,7,0,2,1,2,1,
202100002765,196 826,A01,3,7,0,2,3,10,1,
202100002765,196 827,B01,3,33,0,2,7,1,1,
202100002766,196 822,Z01,2,7,0,2,3,1,0,
202100002766,196 823,A01,2,50,0,2,1,1,3,
202100002767,196 820,B01,3,1,0,2,1,1,5,
202100002767,196 821,A01,3,7,0,2,3,15,1,
202100002768,196 818,B01,2,1,0,2,8,1,5,
202100002768,196 819,A01,1,7,0,2,3,15,1,
202100002769,196 815,A01,1,7,0,1,1,1,1,
202100002770,196 814,A01,1,13,0,1,1,26,1,
202100002771,196 812,B01,2,7,0,2,2,1,1,
202100002771,196 813,A01,2,7,0,2,3,10,1,
202100002772,196 810,A01,1,7,0,2,8,1,1,
202100002772,196 811,B01,1,33,0,0,7,1,1,
202100002773,196 808,B01,2,7,0,2,3,1,1,
202100002773,196 809,A01,1,7,0,2,3,15,1,
202100002774,196 807,A01,3,7,0,1,8,1,2,
202100002775,196 805,A01,3,7,0,2,1,9,1,
202100002775,196 806,B01,3,7,0,2,7,2,1,
202100002776,196 804,A01,2,7,0,1,1,1,1,
202100002777,196 802,B01,3,7,0,2,1,1,1,
202100002777,196 803,A01,3,7,0,2,1,15,1,
202100002778,196 800,A01,1,7,0,2,1,9,1,
202100002778,196 801,B01,2,15,0,2,7,2,6,
202100002779,196 798,A01,2,10,0,2,1,1,1,
202100002779,196 799,B01,2,7,0,2,4,1,1,
202100002780,196 797,A01,2,7,0,0,9,13,1,
202100002781,196 795,A01,1,30,0,2,1,1,1,
202100002781,196 796,B01,2,7,0,2,3,1,1,
202100002782,196 793,A01,1,30,0,2,2,17,1,
202100002782,196 794,B01,1,7,0,2,3,15,1,
202100002783,196 792,A01,1,7,0,1,1,1,1,
202100002784,196 790,A01,1,33,0,2,2,17,1,
202100002784,196 791,B01,1,7,0,2,3,15,1,
202100002785,196 788,B01,3,1,0,2,1,1,6,
202100002785,196 789,A01,3,7,0,2,1,11,1,
202100002786,196 786,B01,1,10,0,2,8,1,0,
202100002786,196 787,A01,1,17,0,2,2,12,1,
202100002787,196 785,A01,2,32,0,1,2,17,1,
202100002788,196 783,A01,2,10,0,2,3,22,1,
202100002788,196 784,B01,2,1,0,2,2,1,5,
202100002789,196 781,A01,2,7,0,2,5,15,1,
202100002789,196 782,B01,2,32,0,2,1,1,1,
202100002790,196 779,B01,2,7,0,2,5,2,2,
202100002790,196 780,A01,2,33,0,2,1,2,1,
202100002791,196 777,B01,1,30,0,2,4,15,1,
202100002791,196 778,A01,1,7,0,2,1,2,1,
202100002792,196 776,A01,2,7,1,0,1,14,1,
202100002793,196 775,A01,3,50,0,0,0,25,3,
202100002794,196 774,A01,1,7,0,1,3,15,2,
202100002795,196 772,B01,1,1,0,2,1,1,5,
202100002795,196 773,A01,2,50,0,2,1,13,3,
202100002796,196 771,A01,1,60,0,1,0,1,5,
202100002797,196 769,A01,2,2,0,2,1,1,1,
202100002797,196 770,B01,1,7,0,2,2,1,2,
202100002798,196 767,B01,1,7,0,2,8,1,1,
202100002798,196 768,A01,2,33,0,2,1,1,1,
202100002799,196 765,B01,2,32,0,2,7,17,1,
202100002799,196 766,A01,2,7,0,2,3,15,1,
202100002800,196 763,B01,2,43,0,2,3,7,1,
202100002800,196 764,A01,2,7,0,2,5,16,1,
202100002801,196 761,A01,2,33,0,2,1,1,1,
202100002801,196 762,B01,1,7,0,2,1,17,1,
202100002802,196 760,A01,2,30,0,1,0,13,1,
202100002803,196 758,B01,2,7,0,0,6,24,1,
202100002803,196 759,A01,1,17,1,0,5,15,1,
202100002804,196 756,B01,2,33,0,2,1,1,1,
202100002804,196 757,A01,1,7,0,2,7,15,1,
202100002805,196 755,A01,2,7,0,1,1,2,1,
202100002806,196 753,A01,1,7,0,2,2,1,1,
202100002806,196 754,B01,2,7,0,2,3,1,1,
202100002807,196 751,A01,1,32,0,2,1,3,1,
202100002807,196 752,B01,1,7,0,2,3,15,1,
202100002808,196 749,A01,1,7,0,2,3,19,1,
202100002808,196 750,B01,2,43,0,2,1,1,1,
202100002809,196 747,B01,-1,7,0,2,1,1,0,
202100002809,196 748,A01,3,7,0,2,7,0,1,
202100002810,196 746,A01,0,7,0,1,3,1,1,
202100002811,196 744,A01,2,10,0,2,7,1,1,
202100002811,196 745,B01,1,30,0,2,1,1,1,
202100002812,196 742,B01,-1,33,0,2,8,1,0,
202100002812,196 743,A01,-1,7,0,2,2,12,0,
202100002813,196 741,A01,-1,7,0,1,1,1,1,
202100002814,196 740,A01,-1,7,0,1,4,4,1,
202100002815,196 739,A01,1,37,0,1,3,1,1,1.0
202100002816,196 737,E01,1,7,0,2,4,1,1,
202100002816,196 738,A01,1,7,0,1,1,17,1,
202100002817,196 736,A01,3,7,0,1,1,1,1,
202100002818,196 735,A01,2,33,0,1,1,1,1,
202100002819,196 733,A01,1,7,0,2,0,15,1,
202100002819,196 734,B01,1,1,0,2,0,0,5,
202100002820,196 731,B01,2,7,0,2,5,14,1,
202100002820,196 732,A01,2,33,0,2,1,0,1,
202100002821,196 730,A01,2,7,0,1,1,1,1,
202100002822,196 728,A01,2,7,0,2,1,1,1,
202100002822,196 729,B01,2,7,0,2,8,23,1,
202100002823,196 727,A01,2,7,2,0,8,1,1,
202100002824,196 725,A01,0,7,0,2,1,0,1,
202100002824,196 726,B01,0,7,0,0,3,1,1,
202100002825,196 723,A01,2,10,2,0,1,21,1,
202100002826,196 721,B01,3,50,0,2,8,14,3,
202100002826,196 722,A01,3,13,0,9,1,1,1,
202100002827,196 720,A01,1,7,0,1,2,9,1,
202100002828,196 719,A01,3,7,3,0,1,16,1,
202100002829,196 717,B01,2,33,0,2,1,1,1,
202100002829,196 718,A01,1,7,0,2,3,15,1,
202100002830,196 716,A01,2,2,0,1,1,1,1,
202100002831,196 715,A01,1,7,7,0,1,1,1,
202100002832,196 713,A01,2,7,0,2,1,9,1,
202100002832,196 714,B01,2,10,0,2,7,15,1,
202100002833,196 711,A01,3,7,0,2,1,1,1,
202100002833,196 712,B01,3,7,0,0,4,1,1,
202100002834,196 709,B01,3,7,0,2,3,21,1,
202100002834,196 710,A01,3,2,0,2,8,5,1,
202100002835,196 708,A01,3,36,0,0,9,1,1,
202100002836,196 707,A01,3,7,0,1,1,1,1,
202100002837,196 705,A01,0,7,0,2,5,15,1,
202100002837,196 706,B01,2,33,0,2,3,1,1,
202100002838,196 704,A01,3,7,0,5,1,1,1,
202100002839,196 702,B01,1,7,0,2,3,1,0,
202100002839,196 703,A01,2,7,0,2,3,1,2,
202100002840,196 701,A01,3,7,1,0,4,1,1,
202100002841,196 699,A01,2,7,0,2,2,17,1,
202100002841,196 700,B01,2,1,16,2,8,2,5,
202100002842,196 698,A01,1,7,2,0,1,1,1,
202100002843,196 696,B01,1,7,0,2,8,11,1,
202100002843,196 697,A01,2,2,0,2,3,1,1,
202100002844,196 694,B01,1,7,0,2,1,1,1,
202100002844,196 695,A01,2,7,0,2,1,13,1,
202100002845,196 693,A01,0,7,0,1,2,1,1,
202100002846,196 692,A01,3,7,13,0,2,1,1,
202100002847,196 690,B01,2,1,0,2,3,2,5,
202100002847,196 691,A01,1,7,0,2,3,13,1,
202100002848,196 689,A01,3,7,8,0,1,0,1,
202100002849,196 687,A01,2,7,0,2,1,1,1,
202100002849,196 688,B01,3,7,0,0,8,16,1,
202100002850,196 686,A01,2,7,13,0,1,1,1,
202100002851,196 684,B01,1,7,0,2,3,1,1,
202100002851,196 685,A01,2,7,3,2,5,13,1,
202100002852,196 682,B01,1,7,0,0,2,1,1,
202100002852,196 683,A01,2,2,0,0,1,19,1,
202100002853,196 680,B01,3,7,8,0,7,19,0,
202100002853,196 681,A01,3,10,0,2,1,1,1,
202100002854,196 678,B01,2,7,0,2,3,5,1,
202100002854,196 679,A01,1,7,0,2,3,5,1,
202100002855,196 676,A01,1,7,13,2,2,2,1,
202100002855,196 677,B01,1,7,13,0,6,1,1,
202100002856,196 674,A01,1,2,0,2,1,14,1,
202100002856,196 675,B01,1,99,0,0,7,15,1,
202100002857,196 672,A01,0,7,0,2,8,9,1,
202100002857,196 673,B01,0,32,0,2,1,17,1,
202100002858,196 668,A01,1,10,0,2,7,1,1,
202100002858,196 669,B01,1,7,3,2,4,14,1,
202100002858,196 670,C01,1,15,0,0,5,2,1,
202100002858,196 671,D01,1,7,0,9,7,2,1,
202100002859,196 666,B01,1,10,0,2,1,1,1,
202100002859,196 667,A01,2,7,0,2,1,5,1,
202100002860,196 664,A01,1,7,0,2,2,5,1,
202100002860,196 665,B01,2,7,0,2,2,0,1,
202100002861,196 663,A01,2,1,15,0,1,21,5,
202100002862,196 661,A01,2,7,0,2,7,9,3,
202100002862,196 662,B01,1,7,0,2,3,1,1,
202100002863,196 659,A01,1,33,0,2,1,3,1,
202100002863,196 660,B01,1,7,0,2,8,23,1,
202100002864,196 656,C01,1,10,13,0,1,0,1,
202100002864,196 657,B01,1,10,0,2,8,2,1,
202100002864,196 658,A01,2,7,0,2,1,13,1,
202100002865,196 654,B01,2,7,0,2,3,1,1,
202100002865,196 655,A01,1,2,0,2,8,13,1,
202100002866,196 652,A01,1,7,0,2,3,10,2,
202100002866,196 653,B01,1,10,0,2,2,17,1,
202100002867,196 651,A01,1,33,0,0,7,1,1,
202100002868,196 649,B01,2,2,0,2,1,1,1,
202100002868,196 650,A01,1,7,0,2,2,15,1,
202100002869,196 647,A01,0,31,0,2,1,1,1,
202100002869,196 648,B01,0,7,0,2,1,1,1,
202100002870,196 646,A01,0,7,8,0,1,1,1,
202100002871,196 644,A01,1,33,0,2,0,0,1,
202100002871,196 645,B01,1,7,0,0,0,0,1,
202100002872,196 640,B01,2,7,0,2,8,1,1,
202100002872,196 641,A01,2,7,0,2,1,3,1,
202100002873,196 637,C01,1,7,0,2,1,2,0,
202100002873,196 638,A01,1,15,0,2,2,12,0,
202100002873,196 639,B01,1,7,0,2,8,2,0,
202100002874,196 632,E01,2,7,0,2,4,2,2,
202100002874,196 633,D01,2,7,0,2,4,2,0,
202100002874,196 634,C01,2,7,0,2,4,2,0,
202100002874,196 635,B01,2,34,0,2,4,2,0,
202100002874,196 636,A01,2,7,0,2,1,2,0,
202100002875,196 630,B01,2,33,0,2,3,3,1,
202100002875,196 631,A01,2,7,0,2,5,12,1,
202100002876,196 629,A01,2,7,0,1,1,26,0,
202100002877,196 627,A01,1,7,0,2,2,2,1,
202100002877,196 628,B01,1,1,0,2,4,2,5,
202100002878,196 625,A01,2,7,0,2,3,15,1,
202100002878,196 626,B01,2,32,0,2,1,1,1,
202100002879,196 622,A01,2,1,0,2,4,19,5,
202100002879,196 623,B01,2,31,0,2,1,26,1,
202100002879,196 624,Z01,2,7,0,9,1,26,1,
202100002880,196 619,Z01,1,99,0,2,0,0,1,
202100002880,196 620,C01,1,10,0,2,1,0,1,
202100002880,196 621,B01,1,32,0,2,6,1,1,
202100002881,196 618,A01,0,7,6,0,1,15,1,
202100002882,196 617,A01,3,7,0,0,9,13,1,
202100002883,196 615,A01,2,33,0,2,1,3,1,
202100002883,196 616,B01,2,7,0,2,7,12,1,
202100002884,196 614,A01,2,7,0,0,1,26,1,
202100002885,196 612,A01,2,7,0,2,1,2,1,
202100002885,196 613,B01,2,7,0,2,4,23,1,
202100002886,196 611,A01,3,7,0,1,2,1,1,
202100002887,196 609,B01,1,37,0,2,3,1,1,1.0
202100002887,196 610,A01,1,7,0,2,8,1,1,
202100002888,196 608,A01,2,7,0,1,3,1,1,
202100002889,196 607,A01,1,30,0,0,1,26,1,
202100002890,196 605,B01,2,33,0,2,1,0,1,
202100002890,196 606,A01,2,7,0,2,1,15,1,
202100002891,196 603,A01,2,10,0,2,5,1,1,
202100002891,196 604,B01,2,31,0,2,3,2,1,
202100002892,196 602,A01,0,7,0,1,3,1,1,
202100002893,196 601,A01,2,7,0,1,7,16,1,
202100002894,196 599,B01,2,1,0,2,0,2,5,
202100002894,196 600,Z01,2,10,0,2,0,2,0,
202100002895,196 595,A01,1,10,0,1,2,1,1,
202100002896,196 594,A01,1,37,0,1,2,9,0,1.0
202100002897,196 593,A01,3,7,0,1,1,26,1,
202100002898,196 592,A01,0,7,0,1,1,1,1,
202100002899,196 590,A01,0,50,0,2,8,5,3,
202100002899,196 591,B01,0,7,0,2,1,9,1,
202100002900,196 588,B01,0,7,0,2,2,1,1,
202100002900,196 589,A01,0,60,0,2,1,1,5,
202100002901,196 587,A01,1,7,0,1,3,1,1,
202100002902,196 582,B01,3,7,0,2,4,23,2,
202100002902,196 583,A01,3,7,0,2,1,2,1,
202100002903,196 581,A01,3,7,0,1,6,20,1,
202100002904,196 580,A01,1,7,0,1,1,1,1,
202100002905,196 578,A01,1,7,0,2,1,15,1,
202100002905,196 579,B01,2,7,0,2,8,1,1,
202100002906,196 576,B01,1,50,0,4,8,0,3,
202100002906,196 577,A01,3,40,0,2,3,1,3,
202100002907,196 574,B01,3,1,0,2,8,1,0,
202100002907,196 575,A01,3,7,0,2,1,9,1,
202100002908,196 572,A01,1,7,0,2,3,2,1,
202100002908,196 573,B01,1,1,0,2,4,2,5,
202100002909,196 570,Z01,3,7,0,0,0,0,0,
202100002909,196 571,B01,1,37,0,0,0,1,4,2.0
202100002910,196 568,B01,2,7,0,2,2,20,1,
202100002910,196 569,A01,2,31,1,2,1,14,1,
202100002911,196 567,A01,1,7,0,1,1,26,1,
202100002912,196 566,A01,2,7,0,0,9,11,1,
202100002913,196 565,A01,0,7,0,2,1,1,1,
202100002914,196 563,A01,1,7,0,2,1,2,1,
202100002914,196 564,B01,1,7,0,2,4,23,1,
202100002915,196 557,E01,2,7,1,0,0,2,1,
202100002915,196 558,F01,1,7,1,0,0,2,1,
202100002915,196 559,C01,1,7,0,2,7,23,1,
202100002915,196 560,A01,1,7,0,2,9,2,1,
202100002915,196 561,D01,2,7,0,2,1,1,1,
202100002915,196 562,B01,1,7,0,2,6,23,1,
202100002916,196 555,Z01,2,10,0,2,3,9,0,
202100002916,196 556,A01,2,7,0,2,2,1,1,
202100002917,196 554,A01,3,14,0,1,1,15,1,
202100002918,196 552,A01,0,10,0,2,7,15,1,
202100002918,196 553,B01,2,31,0,2,1,1,1,
202100002919,196 551,A01,3,10,0,1,1,11,1,
202100002920,196 549,A01,1,7,1,9,1,1,1,
202100002920,196 550,B01,2,1,0,2,3,19,5,
202100002921,196 547,B01,2,7,0,2,1,1,1,
202100002921,196 548,A01,1,7,0,2,1,17,1,
202100002922,196 546,A01,1,7,16,0,0,14,1,
202100002923,196 545,A01,2,33,16,0,0,1,1,
202100002924,196 543,B01,1,37,0,2,1,1,1,2.0
202100002924,196 544,A01,2,7,0,2,2,9,1,
202100002925,196 542,A01,1,7,9,0,2,0,1,
202100002926,196 541,A01,0,7,0,1,1,1,1,
202100002927,196 540,A01,1,43,0,0,0,26,1,
202100002928,196 538,B01,1,30,0,0,0,0,1,
202100002928,196 539,A01,1,7,0,2,1,15,1,
202100002929,196 534,D01,1,10,0,2,6,1,1,
202100002929,196 535,C01,2,7,0,2,8,5,1,
202100002929,196 536,B01,2,7,0,2,3,5,1,
202100002929,196 537,A01,1,7,0,2,1,17,1,
202100002930,196 533,A01,0,7,0,1,3,15,1,
202100002931,196 532,A01,2,7,4,0,8,17,1,
202100002932,196 530,A01,1,7,0,2,6,16,1,
202100002932,196 531,B01,1,1,0,2,2,15,5,
202100002933,196 528,A01,2,34,0,2,7,1,1,
202100002933,196 529,B01,2,7,0,2,8,2,0,
202100002934,196 526,A01,2,30,0,2,1,21,1,
202100002934,196 527,B01,2,10,0,2,4,20,1,
202100002935,196 525,A01,1,7,0,1,1,15,1,
202100002936,196 524,A01,2,7,0,1,1,1,1,
202100002937,196 523,A01,2,7,0,1,2,1,1,
202100002938,196 521,B01,1,33,0,2,1,1,1,
202100002938,196 522,A01,2,7,0,2,7,15,1,
202100002939,196 520,A01,1,7,0,1,2,1,1,
202100002940,196 519,Z01,0,10,0,1,4,0,0,
202100002941,196 517,B01,2,7,0,2,3,2,3,
202100002941,196 518,A01,2,33,0,2,2,17,1,
202100002942,196 516,A01,0,7,0,2,3,1,0,
202100002943,196 514,B01,1,2,0,2,4,2,1,
202100002943,196 515,A01,1,7,0,2,1,2,1,
202100002944,196 513,A01,2,10,0,1,1,15,0,
202100002945,196 509,D01,3,7,0,2,1,2,1,
202100002945,196 510,C01,3,7,0,2,1,1,1,
202100002945,196 511,B01,3,7,0,2,1,1,1,
202100002945,196 512,A01,0,7,0,2,1,1,1,
202100002946,196 505,A01,2,7,0,2,1,26,1,
202100002946,196 506,B01,2,7,0,2,4,21,1,
202100002947,196 504,A01,1,7,6,0,1,26,1,
202100002948,196 503,A01,3,7,1,1,6,26,1,
202100002949,196 499,A01,1,7,0,2,1,26,1,
202100002949,196 500,B01,1,7,0,2,4,1,1,
202100002949,196 501,C01,1,7,0,2,0,0,1,
202100002949,196 502,D01,1,7,0,2,0,0,1,
202100002950,196 497,B01,1,7,0,2,2,1,1,
202100002950,196 498,A01,1,7,0,2,7,19,1,
202100002951,196 496,LA01,0,7,0,1,2,9,1,
202100002952,196 495,A01,1,7,4,0,2,1,1,
202100002953,196 493,A01,1,31,0,2,1,1,1,
202100002953,196 494,B01,2,7,0,2,3,1,1,
202100002954,196 491,A01,2,37,0,2,2,2,1,1.0
202100002954,196 492,B01,1,7,0,2,4,16,1,
202100002955,196 490,A01,2,7,0,1,0,26,1,
202100002956,196 489,A01,1,7,0,1,1,1,2,
202100002957,196 487,B01,3,33,0,2,1,1,1,
202100002957,196 488,A01,3,7,8,2,6,19,1,
202100002958,196 485,A01,3,7,0,2,2,21,1,
202100002958,196 486,B01,3,30,0,2,1,0,3,
202100002959,196 484,A01,2,7,16,0,2,1,1,
202100002960,196 482,B01,1,31,0,2,3,3,3,
202100002960,196 483,A01,1,7,0,2,2,12,1,
202100002961,196 480,B01,2,31,0,2,3,1,1,
202100002961,196 481,A01,2,10,0,2,7,12,1,
202100002962,196 478,A01,1,32,0,2,2,1,1,
202100002962,196 479,B01,1,7,0,2,6,11,1,
202100002963,196 476,A01,1,32,0,2,8,3,1,
202100002963,196 477,Z01,1,7,0,2,7,12,1,
202100002964,196 474,A01,2,7,0,2,7,1,1,
202100002964,196 475,B01,2,2,0,2,1,1,1,
202100002965,196 473,A01,2,37,0,1,5,9,2,1.0
202100002966,196 472,A01,3,1,0,0,0,1,5,
202100002967,196 470,A01,1,1,0,1,1,1,5,
202100002968,196 468,A01,2,10,0,2,3,1,3,
202100002968,196 469,B01,2,50,0,2,1,1,3,
202100002969,196 466,B01,2,1,0,2,4,1,5,
202100002969,196 467,A01,2,32,0,2,1,1,1,
202100002970,196 464,B01,2,50,0,2,2,1,3,
202100002970,196 465,A01,2,10,0,2,3,22,1,
202100002971,196 462,A01,3,7,0,2,3,1,1,
202100002971,196 463,B01,3,32,0,2,6,1,1,
202100002972,196 460,A01,1,7,0,2,6,10,1,
202100002972,196 461,B01,1,43,0,2,1,17,1,
202100002973,196 458,A01,1,7,0,2,1,1,1,
202100002973,196 459,B01,2,7,9,2,8,15,1,
202100002974,196 457,A01,2,15,0,1,1,1,1,
202100002975,196 456,A01,3,10,0,1,4,24,1,
202100002976,196 454,A01,2,7,0,1,1,15,2,
202100002977,196 453,A01,2,7,1,0,2,26,1,
202100002978,196 451,A01,0,7,0,2,1,15,1,
202100002978,196 452,B01,0,7,0,2,2,1,1,
202100002979,196 450,Z01,3,7,0,1,1,0,1,
202100002980,196 449,A01,1,10,0,1,4,4,1,
202100002981,196 447,A01,2,7,0,2,3,11,1,
202100002981,196 448,B01,2,32,0,2,5,1,1,
202100002982,196 445,B01,1,7,0,2,0,0,1,
202100002982,196 446,A01,1,7,0,2,3,9,1,
202100002983,196 443,A01,3,7,0,1,3,9,1,
202100002983,196 444,B01,3,99,0,0,0,0,6,
202100002984,196 442,A01,1,10,0,1,1,15,1,
202100002985,196 440,A01,2,7,0,2,8,15,1,
202100002985,196 441,B01,1,2,0,2,8,1,3,
202100002986,196 438,A01,0,7,0,2,3,14,1,
202100002986,196 439,B01,0,7,0,2,1,1,1,
202100002987,196 437,A01,1,7,0,1,1,1,1,
202100002988,196 436,A01,3,7,0,1,1,1,1,
202100002989,196 434,B01,2,10,0,2,4,15,1,
202100002989,196 435,A01,2,7,0,2,3,2,1,
202100002990,196 433,A01,1,7,13,0,0,2,1,
202100002991,196 430,C01,2,7,0,9,1,1,1,
202100002991,196 431,B01,1,17,0,2,1,1,1,
202100002991,196 432,A01,2,7,0,2,1,13,1,
202100002992,196 428,B01,2,7,0,2,1,1,1,
202100002992,196 429,A01,1,7,0,2,1,13,1,
202100002993,196 426,A01,1,7,0,2,2,13,1,
202100002993,196 427,B01,2,7,0,2,1,1,1,
202100002994,196 424,A01,1,14,0,2,2,15,1,
202100002994,196 425,B01,2,7,0,2,1,1,1,
202100002995,196 422,B01,3,7,0,2,5,1,1,
202100002995,196 423,A01,3,2,0,2,1,2,1,
202100002996,196 421,A01,1,7,8,0,2,0,1,
202100002997,196 420,A01,1,7,7,0,1,1,1,
202100002998,196 418,B01,2,7,0,2,3,1,1,
202100002998,196 419,A01,1,7,0,2,3,13,1,
202100002999,196 416,A01,1,2,0,2,1,17,1,
202100002999,196 417,B01,2,31,0,2,1,1,3,
202100003000,196 412,A01,2,7,0,2,2,9,2,
202100003000,196 413,C01,1,7,0,2,3,23,1,
202100003000,196 414,B01,2,7,0,2,1,1,1,
202100003001,196 411,A01,2,7,15,0,6,1,1,
202100003002,196 410,A01,1,7,2,0,3,14,1,
202100003003,196 408,A01,1,10,0,2,1,1,1,
202100003003,196 409,B01,2,13,0,2,1,1,1,
202100003004,196 405,A01,1,7,0,2,8,1,1,
202100003004,196 406,B01,1,7,0,2,1,1,1,
202100003005,196 403,A01,2,7,0,2,1,13,1,
202100003005,196 404,B01,2,7,0,2,1,1,1,
202100003006,196 402,A01,3,2,0,0,8,1,1,
202100003007,196 400,A01,2,7,0,0,1,11,1,
202100003007,196 401,B01,1,7,0,0,1,1,1,
202100003008,196 399,A01,2,13,13,0,1,13,1,
202100003009,196 398,A01,1,7,5,0,1,1,1,
202100003010,196 396,A01,2,2,0,2,1,1,1,
202100003010,196 397,B01,2,7,0,2,4,23,2,
202100003011,196 394,B01,2,10,0,2,5,1,1,
202100003011,196 395,A01,2,10,0,2,1,1,1,
202100003012,196 393,A01,1,33,0,0,9,6,1,
202100003013,196 391,B01,2,7,0,2,6,10,1,
202100003013,196 392,A01,2,7,0,2,1,1,1,
202100003014,196 390,A01,2,7,13,0,3,1,1,
202100003015,196 385,E01,1,7,0,2,6,23,1,
202100003015,196 386,D01,1,7,0,2,8,23,1,
202100003015,196 387,A01,2,7,0,2,3,5,1,
202100003015,196 388,B01,1,10,0,2,8,21,1,
202100003015,196 389,C01,1,7,0,2,8,1,1,
202100003016,196 384,A01,1,7,3,0,3,0,1,
202100003017,196 383,A01,1,7,0,1,1,1,1,
202100003018,196 382,A01,2,7,13,0,9,0,1,
202100003019,196 381,B01,2,7,1,0,3,21,1,
202100003020,196 380,A01,1,7,0,1,1,1,1,
202100003021,196 379,A01,2,7,2,0,1,1,1,
202100003022,196 378,A01,2,7,0,1,3,1,1,
202100003023,196 377,A01,3,7,15,0,3,1,1,
202100003024,196 376,A01,0,7,2,0,8,1,1,
202100003025,196 375,A01,1,7,13,0,1,1,1,
202100003026,196 374,A01,2,7,0,1,1,15,1,
202100003027,196 371,C01,2,7,2,0,1,21,1,
202100003027,196 372,B01,2,7,0,2,1,1,1,
202100003027,196 373,A01,1,7,2,2,1,17,1,
202100003028,196 369,B01,2,2,0,2,8,1,1,
202100003028,196 370,A01,1,10,0,2,1,15,1,
202100003029,196 367,A01,2,7,0,2,1,13,1,
202100003029,196 368,B01,1,7,0,2,1,1,1,
202100003030,196 366,A01,1,33,0,0,8,15,1,
202100003031,196 365,A01,1,7,0,2,8,21,1,
202100003032,196 363,B01,2,7,0,2,7,12,1,
202100003032,196 364,A01,2,33,0,2,8,18,1,
202100003033,196 360,B01,2,7,0,2,5,1,1,
202100003033,196 361,A01,2,33,0,2,3,3,1,
202100003033,196 362,C01,2,7,0,2,6,11,1,
202100003034,196 358,A01,2,7,0,2,1,1,1,
202100003034,196 359,B01,2,7,0,2,4,11,1,
202100003035,196 355,C01,2,10,0,2,4,2,1,
202100003035,196 356,B01,2,7,0,2,9,2,1,
202100003035,196 357,A01,2,7,0,2,1,2,1,
202100003036,196 354,A01,2,7,0,2,4,2,1,
202100003037,196 350,A01,2,7,0,2,1,2,1,
202100003037,196 351,B01,2,7,0,2,4,2,1,
202100003037,196 352,C01,2,10,0,2,4,2,1,
202100003037,196 353,D01,2,7,0,2,4,2,1,
202100003038,196 348,B01,2,17,0,2,6,23,1,
202100003038,196 349,A01,2,7,0,2,2,13,1,
202100003039,196 345,C01,2,17,0,2,4,2,1,
202100003039,196 346,B01,2,17,0,2,4,2,1,
202100003039,196 347,A01,2,17,0,2,1,2,1,
202100003040,196 343,B01,2,7,0,2,1,2,1,
202100003040,196 344,A01,1,10,4,0,0,2,1,
202100003041,196 340,C01,2,10,0,2,4,2,1,
202100003041,196 341,B01,2,7,0,2,4,2,1,
202100003041,196 342,A01,2,10,0,2,1,2,1,
202100003042,196 338,A01,2,10,0,2,6,11,1,
202100003042,196 339,B01,2,33,0,2,7,3,1,
202100003043,196 335,C01,1,7,0,0,0,1,1,
202100003043,196 336,B01,1,7,0,2,0,11,1,
202100003043,196 337,A01,1,33,0,2,2,3,1,
202100003044,196 332,A01,1,33,3,2,8,3,1,
202100003044,196 333,B01,1,7,3,2,2,12,1,
202100003044,196 334,C01,1,7,3,2,5,2,1,
202100003045,196 330,B01,1,7,0,2,6,1,2,
202100003045,196 331,A01,1,33,0,2,1,1,1,
202100003046,196 327,B01,1,33,4,2,7,0,1,
202100003046,196 328,A01,1,7,4,2,3,2,1,
202100003046,196 329,C01,1,7,4,2,5,2,1,
202100003047,196 325,A01,1,33,0,2,1,0,1,
202100003047,196 326,B01,1,7,0,2,4,2,1,
202100003048,196 323,A01,1,7,0,2,3,1,1,
202100003048,196 324,B01,1,7,0,2,5,1,1,
202100003049,196 321,A01,2,7,0,2,1,2,1,
202100003049,196 322,B01,2,7,0,2,4,2,2,
202100003050,196 318,B01,1,7,0,2,4,2,1,
202100003050,196 319,C01,1,15,0,2,1,2,1,
202100003050,196 320,A01,1,7,0,2,1,12,1,
202100003051,196 316,A01,2,7,0,2,8,11,1,
202100003051,196 317,B01,2,33,0,2,2,1,1,
202100003052,196 314,A01,2,7,0,2,1,1,1,
202100003052,196 315,B01,2,10,0,2,4,9,1,