Num_Acc,id_vehicule,num_veh,senc,catv,obs,obsm,choc,manv,motor,occutc
202100003053,196 308,F01,2,7,0,2,4,2,1,
202100003053,196 309,E01,2,7,0,2,4,2,1,
202100003053,196 310,D01,2,7,0,2,4,2,1,
202100003053,196 311,C01,2,7,0,2,4,2,2,
202100003053,196 312,B01,2,7,0,2,4,2,1,
202100003053,196 313,A01,2,7,0,2,1,1,1,
202100003054,196 306,A01,1,7,0,2,4,0,2,
202100003054,196 307,B01,1,15,0,2,1,2,1,
202100003055,196 302,A01,1,15,0,2,1,1,1,
202100003055,196 303,B01,1,10,0,2,4,2,1,
202100003055,196 304,C01,1,7,0,2,4,2,1,
202100003055,196 305,D01,1,7,0,2,4,2,1,
202100003056,196 299,A01,2,7,4,2,3,1,1,
202100003056,196 300,B01,2,7,0,2,8,21,1,
202100003056,196 301,C01,2,17,0,2,8,21,1,
202100003057,196 297,B01,2,31,0,2,2,1,1,
202100003057,196 298,A01,0,10,0,2,3,19,1,
202100003058,196 293,C01,1,7,0,2,4,15,1,
202100003058,196 294,B01,1,7,0,2,4,1,1,
202100003058,196 295,A01,1,7,0,2,1,1,1,
202100003059,196 291,A01,1,31,0,2,2,17,1,
202100003059,196 292,B01,1,7,0,2,6,15,1,
202100003060,196 289,B01,2,7,0,2,6,1,1,
202100003060,196 290,A01,2,7,4,2,3,17,1,
202100003061,196 288,A01,1,7,8,0,1,14,1,
202100003062,196 286,B01,1,2,0,2,7,16,1,
202100003062,196 287,A01,1,7,0,2,8,16,1,
202100003063,196 285,A01,0,1,9,0,1,19,0,
202100003064,196 283,B01,1,1,0,2,3,1,0,
202100003064,196 284,A01,1,7,0,2,3,23,1,
202100003065,196 282,A01,3,43,0,0,0,26,1,
202100003066,196 280,B01,1,7,0,2,3,1,1,
202100003066,196 281,A01,2,7,0,2,1,1,1,
202100003067,196 278,B01,2,33,1,2,8,2,1,
202100003067,196 279,A01,2,7,0,2,8,15,1,
202100003068,196 277,A01,1,7,0,1,1,1,1,
202100003069,196 275,B01,2,34,1,2,7,2,1,
202100003069,196 276,A01,2,10,0,2,8,15,1,
202100003070,196 274,A01,2,7,4,0,9,1,1,
202100003071,196 271,A01,1,7,0,2,1,2,1,
202100003071,196 272,B01,1,7,0,2,9,2,1,
202100003071,196 273,C01,1,10,0,2,4,2,1,
202100003072,196 270,A01,1,7,0,1,1,14,1,
202100003073,196 268,B01,2,2,0,2,1,13,1,
202100003073,196 269,A01,1,3,1,2,1,1,1,
202100003074,196 266,A01,1,7,0,2,1,9,1,
202100003074,196 267,B01,1,7,1,2,1,1,1,
202100003075,196 264,A01,2,7,0,2,1,9,1,
202100003075,196 265,B01,2,2,0,2,1,1,1,
202100003076,196 263,A01,1,10,13,0,9,1,1,
202100003077,196 261,B01,1,2,0,2,1,1,1,
202100003077,196 262,A01,1,7,0,2,7,10,1,
202100003078,196 259,B01,3,7,11,0,5,1,1,
202100003078,196 260,A01,3,7,0,2,1,21,1,
202100003079,196 257,A01,1,7,0,2,2,15,1,
202100003079,196 258,B01,1,2,0,2,1,1,1,
202100003080,196 255,B01,0,20,0,2,4,15,1,
202100003080,196 256,A01,0,7,0,2,1,1,1,
202100003081,196 253,A01,0,15,0,2,2,14,1,
202100003081,196 254,B01,0,7,0,2,8,1,1,
202100003082,196 252,A01,1,7,6,0,1,15,1,
202100003083,196 249,C01,1,13,0,2,1,2,1,
202100003083,196 250,B01,1,10,0,2,1,2,1,
202100003083,196 251,A01,1,7,0,2,4,2,1,
202100003084,196 246,A01,0,33,0,0,0,0,1,
202100003085,196 244,A01,3,7,0,2,1,15,1,
202100003085,196 245,B01,3,7,0,2,3,1,1,
202100003086,196 242,B01,1,32,0,2,7,1,1,
202100003086,196 243,A01,2,7,0,2,1,0,1,
202100003087,196 241,A01,2,7,0,1,1,1,1,
202100003088,196 240,A01,1,31,1,0,1,0,1,
202100003089,196 239,A01,2,2,0,0,7,16,1,
202100003090,196 237,A01,1,7,0,2,1,9,1,
202100003090,196 238,B01,2,99,0,2,0,1,3,
202100003091,196 236,A01,1,7,0,1,1,2,1,
202100003092,196 235,A01,1,7,1,0,1,14,1,
202100003093,196 233,B01,2,7,0,2,2,1,1,
202100003093,196 234,A01,1,7,0,2,3,15,1,
202100003094,196 231,B01,2,7,0,2,4,20,1,
202100003094,196 232,A01,1,7,1,2,1,26,1,
202100003095,196 230,A01,1,7,10,0,1,14,1,
202100003096,196 229,A01,1,7,0,1,2,1,1,
202100003097,196 228,A01,1,7,0,1,1,1,3,
202100003098,196 227,A01,2,7,0,1,3,1,1,
202100003099,196 225,A01,1,7,0,2,2,16,2,
202100003099,196 226,B01,2,50,0,2,0,5,3,
202100003100,196 223,B01,1,10,0,2,1,1,1,
202100003100,196 224,A01,2,7,0,2,2,15,1,
202100003101,196 222,A01,3,32,0,0,8,1,1,
202100003102,196 220,B01,3,10,0,2,4,0,1,
202100003102,196 221,A01,2,33,8,0,1,1,1,
202100003103,196 217,B01,1,7,0,2,4,1,1,
202100003103,196 218,C01,1,7,0,2,4,1,1,
202100003103,196 219,A01,1,7,0,2,1,1,1,
202100003104,196 216,A01,3,32,0,0,1,1,1,
202100003105,196 214,A01,3,7,0,2,1,15,1,
202100003105,196 215,B01,3,2,0,2,1,1,1,
202100003106,196 211,A01,2,7,0,2,1,19,1,
202100003106,196 212,B01,3,7,0,2,0,1,1,
202100003106,196 213,C01,3,7,0,2,3,1,1,
202100003107,196 210,A01,1,7,0,1,2,1,1,
202100003108,196 209,A01,1,7,2,0,1,13,1,
202100003109,196 208,A01,0,3,0,1,1,0,3,
202100003110,196 206,A01,2,7,0,2,8,9,1,
202100003110,196 207,B01,2,7,0,2,1,19,1,
202100003111,196 205,A01,3,34,0,0,1,1,1,
202100003112,196 203,B01,2,1,0,2,7,1,5,
202100003112,196 204,A01,2,7,0,2,1,9,1,
202100003113,196 202,A01,1,7,0,2,2,1,1,
202100003114,196 200,B01,1,10,0,2,1,1,1,
202100003114,196 201,A01,1,7,0,2,7,1,1,
202100003115,196 196,A01,3,31,0,1,8,1,1,
202100003116,196 195,A01,0,7,0,1,3,15,1,
202100003117,196 193,B01,2,7,0,2,3,19,1,
202100003117,196 194,A01,2,3,0,2,1,19,1,
202100003118,196 191,B01,1,7,0,2,7,26,1,
202100003118,196 192,A01,1,1,0,2,7,11,5,
202100003119,196 190,A01,3,80,0,0,0,26,3,
202100003120,196 188,B01,1,7,0,2,1,26,1,
202100003120,196 189,A01,1,7,0,2,8,26,1,
202100003121,196 187,A01,0,7,0,1,2,1,1,
202100003122,196 185,B01,0,7,0,2,1,15,1,
202100003122,196 186,A01,0,7,0,2,8,1,1,
202100003123,196 183,A01,2,7,0,2,1,2,1,
202100003123,196 184,B01,2,7,0,2,4,23,1,
202100003124,196 182,A01,1,7,0,1,1,13,1,
202100003125,196 180,A01,1,7,0,2,2,15,2,
202100003125,196 181,B01,2,50,0,2,1,1,3,
202100003126,196 178,A01,2,7,0,2,1,2,1,
202100003126,196 179,B01,2,7,0,2,4,2,1,
202100003127,196 176,B01,1,7,0,2,4,1,1,
202100003127,196 177,A01,1,7,0,2,1,1,1,
202100003128,196 174,B01,1,7,0,2,9,23,1,
202100003128,196 175,A01,1,7,0,2,2,16,1,
202100003129,196 173,Z01,1,1,0,1,1,0,5,
202100003130,196 171,B01,2,7,0,2,4,2,1,
202100003130,196 172,A01,2,10,0,2,1,2,1,
202100003131,196 169,Z01,1,7,0,2,1,9,1,
202100003131,196 170,B01,1,7,0,2,2,15,1,
202100003132,196 168,A01,3,7,0,1,7,1,1,
202100003133,196 167,A01,2,7,3,0,2,14,1,
202100003134,196 165,B01,0,7,0,2,2,1,1,
202100003134,196 166,A01,0,10,0,2,1,1,1,
202100003135,196 164,A01,1,7,0,1,3,1,1,
202100003136,196 163,A01,2,7,0,1,1,1,1,
202100003137,196 161,B01,1,7,0,2,2,1,1,
202100003137,196 162,A01,2,7,0,2,3,19,1,
202100003138,196 160,A01,1,7,0,1,7,1,1,
202100003139,196 158,B01,1,7,0,2,3,15,0,
202100003139,196 159,A01,1,7,0,2,3,1,0,
202100003140,196 157,A01,2,30,0,0,0,26,1,
202100003141,196 155,B01,2,2,0,2,1,1,1,
202100003141,196 156,A01,2,7,0,2,3,20,1,
202100003142,196 152,C01,1,7,0,2,4,2,1,
202100003142,196 153,B01,1,7,0,2,4,2,1,
202100003142,196 154,A01,1,7,0,2,1,26,1,
202100003143,196 150,B01,0,7,0,2,2,15,1,
202100003143,196 151,A01,0,32,0,2,1,1,1,
202100003144,196 148,B01,1,7,0,2,2,1,1,
202100003144,196 149,A01,2,32,0,2,1,5,0,
202100003145,196 147,A01,3,7,0,1,1,1,1,
202100003146,196 145,A01,1,7,0,2,2,0,1,
202100003146,196 146,B01,2,7,0,2,2,0,1,
202100003147,196 141,B01,2,7,0,2,4,2,1,
202100003147,196 142,A01,2,7,0,2,1,2,1,
202100003147,196 143,D01,2,7,0,2,4,2,1,
202100003147,196 144,C01,2,7,0,2,4,2,1,
202100003148,196 139,A01,1,7,0,2,1,19,1,
202100003148,196 140,B01,2,7,0,2,7,1,1,
202100003149,196 137,A01,1,7,0,2,2,1,1,
202100003149,196 138,B01,2,7,0,2,3,1,3,
202100003150,196 136,A01,1,7,0,1,1,1,1,
202100003151,196 134,B01,0,7,0,2,4,1,1,
202100003151,196 135,A01,0,7,0,2,1,1,1,
202100003152,196 131,A01,1,7,0,2,1,1,1,
202100003152,196 132,B01,1,7,0,2,4,1,1,
202100003152,196 133,C01,1,7,0,0,4,1,1,
202100003153,196 129,A01,3,7,0,2,8,9,1,
202100003153,196 130,B01,1,2,0,2,1,1,1,
202100003154,196 125,A01,2,7,0,1,0,13,3,
202100003154,196 126,C01,2,7,0,2,4,23,1,
202100003154,196 127,B01,2,1,0,2,0,1,5,
202100003154,196 128,D01,1,10,0,2,1,1,1,
202100003155,196 124,A01,1,7,1,0,9,13,1,
202100003156,196 122,A01,2,10,0,2,2,1,1,
202100003156,196 123,B01,2,50,0,2,6,21,3,
202100003157,196 120,A01,1,30,0,2,4,2,1,
202100003157,196 121,Z01,1,10,0,2,1,2,0,
202100003158,196 118,A01,2,32,0,2,2,1,3,
202100003158,196 119,B01,2,37,0,2,8,9,1,1.0
202100003159,196 116,B01,2,1,0,2,8,1,5,
202100003159,196 117,A01,1,1,0,2,8,5,5,
202100003160,196 115,A01,2,1,0,1,0,21,5,
202100003161,196 114,A01,3,32,4,0,8,13,1,
202100003162,196 112,A01,1,32,0,2,4,2,1,
202100003162,196 113,B01,1,30,0,2,4,2,1,
202100003163,196 110,B01,2,7,0,2,1,1,2,
202100003163,196 111,A01,2,30,0,2,2,1,1,
202100003164,196 108,B01,2,2,0,2,2,2,1,
202100003164,196 109,A01,1,7,0,2,2,15,1,
202100003165,196 107,A01,1,7,0,1,2,1,1,
202100003166,196 105,B01,2,7,0,2,5,1,2,
202100003166,196 106,A01,2,7,0,2,3,12,1,
202100003167,196 104,A01,2,32,14,0,4,13,1,
202100003168,196 103,A01,2,7,0,1,7,1,1,
202100003169,196 102,A01,3,7,0,1,0,26,0,
202100003170,196 101,A01,3,7,14,0,1,26,1,
202100003171,196 099,B01,0,7,0,2,1,1,1,
202100003171,196 100,A01,0,7,1,2,1,1,1,
202100003172,196 097,A01,1,7,0,2,1,1,1,
202100003172,196 098,B01,2,13,0,2,1,5,0,
202100003173,196 095,A01,1,10,0,1,3,1,1,
202100003174,196 093,A01,1,7,0,2,6,15,1,
202100003174,196 094,B01,1,10,0,2,1,1,1,
202100003175,196 090,A01,0,10,0,1,1,16,1,
202100003176,196 088,B01,2,30,0,2,4,1,1,
202100003176,196 089,A01,2,7,0,2,1,2,0,
202100003177,196 087,A01,1,7,0,1,2,16,1,
202100003178,196 086,A01,3,10,17,0,2,1,3,
202100003179,196 085,A01,1,10,0,1,6,4,1,
202100003180,196 083,A01,1,7,0,2,1,1,1,
202100003180,196 084,B01,1,7,0,2,7,1,1,
202100003181,196 082,A01,1,7,8,0,1,1,1,
202100003182,196 080,A01,3,7,0,2,3,11,1,
202100003182,196 081,B01,3,2,0,2,7,1,1,
202100003183,196 079,A01,2,7,0,1,2,1,3,
202100003184,196 078,A01,2,33,6,2,7,26,0,
202100003185,196 077,A01,1,7,3,0,2,1,1,
202100003186,196 075,A01,1,2,0,0,7,1,1,
202100003186,196 076,B01,2,10,0,2,1,1,1,
202100003187,196 073,B01,2,7,0,2,3,1,1,
202100003187,196 074,A01,1,7,0,2,3,0,1,
202100003188,196 071,A01,1,2,0,2,1,1,1,
202100003188,196 072,B01,1,7,0,2,7,15,1,
202100003189,196 069,B01,2,7,0,2,2,1,1,
202100003189,196 070,A01,1,16,0,2,5,20,1,
202100003190,196 067,B01,1,7,0,2,1,1,1,
202100003190,196 068,A01,2,7,0,2,1,15,1,
202100003191,196 065,B01,2,10,0,2,3,1,1,
202100003191,196 066,A01,1,7,0,2,1,13,1,
202100003192,196 063,A01,1,2,0,2,1,2,1,
202100003192,196 064,B01,1,7,0,0,4,2,1,
202100003193,196 062,A01,2,7,0,1,1,1,1,
202100003194,196 061,A01,1,7,2,0,2,1,1,
202100003195,196 060,A01,0,7,0,0,0,1,1,
202100003196,196 059,A01,2,7,2,0,1,1,1,
202100003197,196 057,B01,1,17,0,2,3,1,1,
202100003197,196 058,A01,2,17,0,2,3,1,1,
202100003198,196 054,C01,1,7,0,2,3,15,1,
202100003198,196 055,B01,2,2,0,2,1,1,1,
202100003198,196 056,A01,1,7,0,2,3,15,1,
202100003199,196 052,A01,3,7,0,9,1,1,1,
202100003199,196 053,B01,3,1,0,2,8,26,5,
202100003200,196 049,C01,2,7,0,2,1,14,1,
202100003200,196 050,B01,2,7,4,2,9,12,1,
202100003200,196 051,A01,2,7,0,2,1,1,1,
202100003201,196 047,B01,1,7,0,0,1,17,1,
202100003201,196 048,A01,1,15,0,0,6,1,1,
202100003202,196 046,A01,2,32,0,0,0,1,1,
202100003203,196 044,B01,1,2,0,2,1,1,1,
202100003203,196 045,A01,0,7,0,2,8,19,1,
202100003204,196 043,A01,2,33,0,0,4,2,1,
202100003205,196 041,B01,2,7,0,2,1,1,1,
202100003205,196 042,A01,1,7,0,2,8,15,1,
202100003206,196 039,B01,3,7,0,2,1,1,1,
202100003206,196 040,A01,3,7,0,2,1,5,1,
202100003207,196 037,A01,2,7,0,2,3,1,1,
202100003207,196 038,B01,1,7,0,2,3,1,1,
202100003208,196 036,A01,3,7,0,0,0,15,1,
202100003209,196 035,A01,1,10,0,1,2,1,1,
202100003210,196 034,A01,1,10,0,1,2,1,1,
202100003211,196 032,B01,0,7,0,0,5,15,1,
202100003211,196 033,A01,0,33,0,0,1,1,1,
202100003212,196 031,A01,2,15,0,0,0,1,1,
202100003213,196 030,A01,3,7,8,0,9,1,1,
202100003214,196 028,A01,2,17,0,2,5,2,1,
202100003214,196 029,B01,1,17,0,2,3,2,1,
202100003215,196 024,Z01,2,10,0,0,0,0,0,
202100003215,196 025,B01,2,7,0,2,4,2,1,
202100003216,196 022,A01,2,7,0,2,9,14,1,
202100003216,196 023,B01,2,10,0,2,6,1,1,
202100003217,196 020,B01,1,7,0,2,4,2,1,
202100003217,196 021,A01,1,7,0,2,1,2,1,
202100003218,196 018,A01,1,7,0,2,7,12,1,
202100003218,196 019,B01,1,31,0,2,1,3,1,
202100003219,196 016,A01,2,7,0,2,4,2,1,
202100003219,196 017,B01,2,7,0,2,4,1,1,
202100003220,196 014,B01,1,7,0,2,4,1,1,
202100003220,196 015,A01,1,10,0,2,1,9,1,
202100003221,196 013,A01,1,7,4,0,2,0,1,
202100003222,196 012,A01,1,31,0,0,2,1,1,
202100003223,196 010,A01,2,7,0,2,1,2,1,
202100003223,196 011,B01,2,43,0,2,6,21,1,
202100003224,196 008,A01,2,7,0,2,1,1,1,
202100003224,196 009,B01,2,7,0,2,4,1,1,
202100003225,196 006,A01,1,32,0,2,7,0,0,
202100003225,196 007,Z01,1,0,0,2,0,0,0,
202100003226,196 005,A01,1,7,3,0,1,13,1,
202100003227,196 003,B01,1,7,0,2,1,0,2,
202100003227,196 004,A01,1,7,0,2,4,1,1,
202100003228,196 001,A01,1,15,0,2,4,0,1,
202100003228,196 002,B01,1,7,0,2,1,0,1,
202100003229,195 999,B01,2,7,0,2,1,2,1,
202100003229,196 000,A01,2,14,0,2,4,2,0,
202100003230,195 997,B01,2,2,0,2,1,1,1,
202100003230,195 998,A01,1,7,0,2,8,9,1,
202100003231,195 995,A01,1,30,0,2,3,8,1,
202100003231,195 996,B01,3,7,0,2,0,0,1,
202100003232,195 992,A01,1,7,1,2,1,1,1,
202100003232,195 993,B01,1,7,1,2,4,1,1,
202100003232,195 994,C01,1,7,0,2,4,24,1,
202100003233,195 989,A01,1,7,0,2,3,1,1,
202100003233,195 990,B01,1,7,0,2,5,16,6,
202100003233,195 991,C01,1,7,0,2,6,1,1,
202100003234,195 987,A01,3,7,0,2,2,17,1,
202100003234,195 988,B01,1,10,0,2,2,2,1,
202100003235,195 986,A01,2,33,0,1,1,1,1,
202100003236,195 984,A01,1,7,0,2,6,13,1,
202100003236,195 985,B01,2,13,0,2,3,1,1,
202100003237,195 982,B01,1,7,0,2,2,1,1,
202100003237,195 983,A01,2,7,15,2,8,1,1,
202100003238,195 980,A01,1,7,0,2,1,1,1,
202100003238,195 981,B01,1,7,0,2,4,1,1,
202100003239,195 978,A01,1,7,0,2,2,15,6,
202100003239,195 979,B01,2,33,0,2,1,1,6,
202100003240,195 976,B01,1,7,0,9,1,1,1,
202100003240,195 977,A01,2,7,4,0,3,13,1,
202100003241,195 973,A01,1,7,2,0,9,0,1,
202100003242,195 971,B01,0,7,0,2,3,1,1,
202100003242,195 972,A01,0,7,0,2,1,1,1,
202100003243,195 969,A01,2,7,0,2,1,1,1,
202100003243,195 970,B01,1,7,1,2,2,15,1,
202100003244,195 967,B01,1,7,0,2,2,1,1,
202100003244,195 968,A01,2,7,0,2,1,19,1,
202100003245,195 966,A01,1,7,0,1,3,1,1,
202100003246,195 964,A01,0,7,0,2,1,2,0,
202100003246,195 965,B01,3,7,0,0,4,23,1,
202100003247,195 961,A01,2,7,0,2,1,2,1,
202100003247,195 962,B01,2,7,0,2,1,2,1,
202100003247,195 963,C01,2,7,0,2,4,2,1,
202100003248,195 955,A01,2,7,0,2,7,3,1,
202100003248,195 956,F01,2,7,0,2,4,1,1,
202100003248,195 957,E01,2,7,0,2,8,1,1,
202100003248,195 958,D01,2,7,0,2,8,1,1,
202100003248,195 959,C01,2,7,0,2,8,1,1,
202100003248,195 960,B01,2,7,0,2,8,1,1,
202100003249,195 953,B01,2,7,0,2,0,0,1,
202100003249,195 954,A01,2,7,0,2,1,2,1,
202100003250,195 951,A01,1,7,0,2,1,1,1,
202100003250,195 952,B01,1,1,0,2,4,1,5,
202100003251,195 950,A01,1,33,0,0,0,1,1,
202100003252,195 948,A01,1,7,0,2,3,9,1,
202100003252,195 949,B01,2,1,0,2,1,1,5,
202100003253,195 947,A01,3,7,8,0,8,1,1,
202100003254,195 946,A01,2,7,12,0,2,1,1,
202100003255,195 945,A01,2,33,0,1,1,14,1,
202100003256,195 943,A01,0,32,0,2,8,1,1,
202100003256,195 944,B01,0,7,0,2,7,2,0,
202100003257,195 942,A01,1,7,0,1,2,1,1,
202100003258,195 939,B01,1,7,0,2,8,2,1,
202100003258,195 940,C01,1,7,0,2,5,1,2,
202100003258,195 941,A01,1,33,0,2,7,3,1,
202100003259,195 937,Z01,1,7,0,2,5,16,1,
202100003259,195 938,A01,1,80,0,2,1,18,3,
202100003260,195 936,A01,1,10,0,1,6,1,1,
202100003261,195 934,A01,1,32,0,2,7,21,1,
202100003261,195 935,B01,3,7,0,2,6,23,1,
202100003262,195 932,B01,2,32,0,2,1,1,1,
202100003262,195 933,A01,2,7,0,2,1,15,1,
202100003263,195 931,A01,3,30,0,0,0,11,1,
202100003264,195 930,Z01,3,7,0,1,0,1,0,
202100003265,195 928,B01,2,7,0,2,7,16,1,
202100003265,195 929,A01,2,7,0,2,5,4,1,
202100003266,195 926,A01,1,30,0,2,8,1,1,
202100003266,195 927,Z01,1,1,0,2,0,14,5,
202100003267,195 925,A01,2,10,0,1,3,15,1,
202100003268,195 924,A01,3,7,9,0,1,1,1,
202100003269,195 922,B01,1,2,0,2,2,1,3,
202100003269,195 923,A01,1,7,0,2,3,20,0,
202100003270,195 919,C01,2,7,0,2,2,2,0,
202100003270,195 920,B01,2,7,0,0,4,2,1,
202100003270,195 921,Z01,2,7,0,2,1,3,1,
202100003271,195 915,B01,2,1,0,2,1,1,5,
202100003271,195 916,A01,1,7,0,2,3,15,1,
202100003272,195 913,A01,3,2,0,2,7,5,1,
202100003272,195 914,B01,0,7,0,2,2,1,1,
202100003273,195 912,A01,1,43,0,1,2,1,1,
202100003274,195 910,A01,2,30,0,2,1,13,1,
202100003274,195 911,B01,1,7,0,2,3,1,1,
202100003275,195 909,A01,2,7,0,1,3,1,1,
202100003276,195 907,B01,1,31,0,2,5,1,1,
202100003276,195 908,A01,2,7,0,2,2,9,1,
202100003277,195 906,A01,0,7,0,1,1,1,1,
202100003278,195 904,B01,2,33,7,0,8,1,1,
202100003278,195 905,A01,1,7,0,2,1,19,1,
202100003279,195 902,A01,2,7,0,2,3,13,1,
202100003279,195 903,B01,1,33,0,2,3,1,1,
202100003280,195 901,A01,1,80,0,6,0,0,3,
202100003281,195 898,C01,1,7,0,0,4,23,1,
202100003281,195 899,B01,1,10,0,2,6,23,1,
202100003281,195 900,A01,1,7,0,2,2,2,1,
202100003282,195 896,A01,3,7,0,2,1,1,1,
202100003282,195 897,B01,3,7,0,2,1,15,1,
202100003283,195 894,B01,1,3,0,2,3,1,1,
202100003283,195 895,A01,1,33,0,2,1,17,1,
202100003284,195 893,A01,1,7,0,1,2,1,1,
202100003285,195 891,A01,1,7,0,2,7,15,1,
202100003285,195 892,B01,2,7,0,2,1,1,1,
202100003286,195 889,B01,2,7,0,2,1,1,1,
202100003286,195 890,A01,1,7,0,2,1,5,1,
202100003287,195 888,A01,1,7,0,1,1,1,1,
202100003288,195 886,B01,1,10,0,2,1,1,1,
202100003288,195 887,A01,2,7,0,2,2,15,1,
202100003289,195 885,A01,1,7,15,0,0,1,1,
202100003290,195 883,B01,2,7,0,2,1,1,1,
202100003290,195 884,A01,1,7,0,2,2,11,1,
202100003291,195 882,A01,2,7,6,0,7,1,1,
202100003292,195 880,A01,1,7,8,0,1,1,2,
202100003293,195 879,A01,1,2,0,0,0,0,1,
202100003294,195 877,A01,2,7,0,2,1,1,1,
202100003294,195 878,B01,1,7,0,2,1,1,1,
202100003295,195 876,A01,1,7,12,0,2,1,1,
202100003296,195 875,A01,2,7,0,0,9,1,1,
202100003297,195 873,A01,2,10,0,2,1,15,1,
202100003297,195 874,B01,1,7,0,2,1,1,1,
202100003298,195 872,A01,1,7,0,1,4,4,1,
202100003299,195 871,A01,1,7,0,1,1,1,1,
202100003300,195 869,B01,2,10,0,2,1,1,1,
202100003300,195 870,A01,1,7,0,2,3,19,1,
202100003301,195 868,A01,2,10,3,0,7,14,1,
202100003302,195 865,A01,1,7,0,2,1,5,1,
202100003302,195 866,B01,2,7,0,2,1,1,1,
202100003302,195 867,C01,2,7,0,2,1,1,1,
202100003303,195 864,A01,0,7,14,0,1,13,1,
202100003304,195 862,B01,1,7,0,2,2,1,1,
202100003304,195 863,A01,1,7,0,2,1,1,1,
202100003305,195 860,A01,2,7,0,2,1,2,1,
202100003305,195 861,B01,2,7,0,0,4,23,3,
202100003306,195 857,A01,1,7,0,1,1,1,1,
202100003307,195 856,A01,-1,7,2,0,1,1,0,
202100003308,195 854,B01,1,1,0,0,8,19,5,
202100003308,195 855,A01,1,7,0,0,1,1,1,
202100003309,195 852,A01,3,7,0,2,3,16,1,
202100003309,195 853,B01,3,2,0,2,3,15,1,
202100003310,195 850,A01,2,7,0,0,3,17,1,
202100003310,195 851,B01,1,2,13,0,1,1,1,
202100003311,195 848,B01,3,2,0,2,8,1,1,
202100003311,195 849,A01,3,7,0,2,1,19,1,
202100003312,195 846,B01,2,7,0,2,1,1,0,
202100003312,195 847,A01,1,7,0,2,2,15,0,
202100003313,195 845,A01,3,7,0,1,1,0,1,
202100003314,195 843,A01,2,10,0,0,4,23,1,
202100003314,195 844,B01,2,7,0,2,1,2,1,
202100003315,195 841,B01,1,1,0,0,7,1,5,
202100003315,195 842,A01,2,10,0,9,1,26,6,
202100003316,195 839,A01,2,10,0,2,3,13,1,
202100003316,195 840,B01,1,15,0,2,3,1,1,
202100003317,195 836,Z01,0,7,0,0,0,0,0,
202100003317,195 837,B01,1,7,0,2,9,0,1,
202100003317,195 838,A01,1,7,0,2,4,26,1,
202100003318,195 834,B01,2,7,0,2,4,1,1,
202100003318,195 835,A01,2,7,0,2,1,11,1,
202100003319,195 831,T01,1,10,0,0,0,0,0,
202100003319,195 832,B01,1,10,0,0,1,5,1,
202100003319,195 833,A01,1,15,0,2,2,2,1,
202100003320,195 830,A01,2,7,0,2,0,1,1,
202100003321,195 828,B01,2,7,4,2,4,2,1,
202100003321,195 829,A01,2,7,4,2,1,1,1,
202100003322,195 827,A01,2,7,4,0,7,14,1,
202100003323,195 822,Z01,2,7,0,2,4,11,0,
202100003323,195 823,D01,2,7,0,9,1,0,1,
202100003323,195 824,C01,2,7,0,2,3,2,1,
202100003323,195 825,B01,2,7,3,2,3,1,1,
202100003323,195 826,A01,2,7,0,2,1,21,1,
202100003324,195 819,C01,2,7,0,2,4,2,1,
202100003324,195 820,B01,2,7,0,2,4,2,1,
202100003324,195 821,A01,2,7,0,2,1,2,1,
202100003325,195 817,B01,1,7,0,2,6,1,1,
202100003325,195 818,A01,1,7,0,2,2,2,1,
202100003326,195 815,A01,1,7,0,2,1,15,1,
202100003326,195 816,B01,1,7,0,2,6,11,1,
202100003327,195 811,A01,1,7,0,2,1,1,1,
202100003327,195 812,B01,1,7,0,2,4,1,2,
202100003327,195 813,C01,1,7,0,2,4,1,1,
202100003327,195 814,D01,1,7,0,2,4,1,1,
202100003328,195 809,B01,1,7,0,2,3,12,1,
202100003328,195 810,A01,1,7,0,2,3,12,2,
202100003329,195 808,A01,1,33,0,0,7,16,1,
202100003330,195 806,A01,1,7,0,2,1,5,1,
202100003330,195 807,B01,2,10,0,2,1,13,1,
202100003331,195 805,A01,3,7,13,0,1,1,1,
202100003332,195 803,B01,1,7,0,2,3,2,1,
202100003332,195 804,A01,1,7,4,0,3,23,1,
202100003333,195 802,A01,0,2,0,0,0,1,1,
202100003334,195 800,B01,3,10,0,2,8,1,1,
202100003334,195 801,A01,3,37,0,2,1,1,1,1.0
202100003335,195 798,A01,2,7,3,2,1,2,1,
202100003335,195 799,B01,2,14,3,2,8,2,1,
202100003336,195 796,A01,1,7,1,0,1,1,1,
202100003337,195 795,A01,3,7,13,0,1,1,1,
202100003338,195 792,A01,1,7,0,2,1,13,1,
202100003338,195 793,B01,2,14,0,2,1,1,1,
202100003338,195 794,C01,1,7,0,2,1,1,1,
202100003339,195 791,A01,1,7,3,0,2,1,1,
202100003340,195 790,A01,1,7,2,0,1,0,1,
202100003341,195 788,A01,3,7,0,2,3,1,0,
202100003341,195 789,B01,3,1,0,2,1,1,5,
202100003342,195 787,A01,1,33,0,0,8,1,1,
202100003343,195 786,A01,1,7,6,0,3,13,1,
202100003344,195 785,A01,2,7,14,0,1,1,1,
202100003345,195 783,B01,2,7,0,2,3,1,1,
202100003345,195 784,A01,1,7,0,2,3,13,1,
202100003346,195 782,A01,1,7,5,0,9,1,1,
202100003347,195 780,B01,2,7,0,2,2,1,1,
202100003347,195 781,A01,2,7,0,2,3,19,1,
202100003348,195 778,B01,2,7,0,2,1,1,1,
202100003348,195 779,A01,1,7,0,2,1,13,1,