Num_Acc,id_vehicule,num_veh,senc,catv,obs,obsm,choc,manv,motor,occutc
202100003349,195 777,A01,1,2,13,0,1,1,1,
202100003350,195 776,A01,3,7,0,1,1,20,1,
202100003351,195 775,A01,1,7,13,0,9,1,1,
202100003352,195 772,C01,1,7,0,2,4,2,1,
202100003352,195 773,B01,2,7,0,2,1,5,1,
202100003352,195 774,A01,1,7,0,2,1,2,1,
202100003353,195 770,A01,3,7,0,2,3,15,1,
202100003353,195 771,B01,2,33,0,2,1,1,1,
202100003354,195 768,B01,0,7,0,2,1,1,1,
202100003354,195 769,A01,0,7,0,2,4,0,1,
202100003355,195 766,B01,1,1,0,2,1,1,5,
202100003355,195 767,A01,1,7,0,9,2,9,1,
202100003356,195 764,A01,1,7,7,4,2,1,1,
202100003356,195 765,B01,3,39,0,2,3,1,3,
202100003357,195 762,B01,0,7,0,2,3,1,1,
202100003357,195 763,A01,0,13,0,2,3,1,1,
202100003358,195 760,A01,1,7,6,2,1,1,1,
202100003358,195 761,B01,2,7,0,2,2,1,1,
202100003359,195 758,B01,2,33,0,2,1,1,1,
202100003359,195 759,A01,1,10,0,2,2,19,1,
202100003360,195 757,A01,2,7,6,0,8,13,1,
202100003361,195 756,A01,1,7,13,0,3,2,1,
202100003362,195 754,B01,1,7,0,2,2,19,1,
202100003362,195 755,A01,2,2,0,2,1,1,1,
202100003363,195 752,A01,1,7,0,2,1,1,1,
202100003363,195 753,B01,1,7,0,2,1,1,1,
202100003364,195 750,B01,1,17,0,0,4,2,1,
202100003364,195 751,A01,1,7,0,2,1,0,1,
202100003365,195 748,B01,1,1,0,2,8,2,5,
202100003365,195 749,A01,1,38,0,2,7,2,1,1.0
202100003366,195 745,C01,1,7,14,0,8,1,1,
202100003366,195 746,B01,1,10,0,2,2,0,1,
202100003366,195 747,A01,1,7,3,0,6,1,1,
202100003367,195 739,E01,1,7,0,2,3,21,1,
202100003367,195 740,D01,1,7,0,2,2,1,1,
202100003367,195 741,C01,1,10,0,2,1,1,1,
202100003367,195 742,A01,1,17,0,2,4,13,1,
202100003368,195 737,A01,3,7,0,2,3,15,1,
202100003368,195 738,B01,3,31,0,2,8,1,0,
202100003369,195 736,A01,2,2,3,0,1,1,1,
202100003370,195 735,A01,1,7,2,0,1,14,1,
202100003371,195 733,B01,1,14,0,0,1,1,1,
202100003371,195 734,A01,2,7,15,0,2,13,1,
202100003372,195 732,A01,0,7,2,0,1,0,1,
202100003373,195 730,A01,1,10,0,0,8,19,1,
202100003373,195 731,B01,1,33,0,2,1,1,1,
202100003374,195 728,A01,2,7,0,2,1,0,1,
202100003374,195 729,B01,1,7,0,2,1,0,1,
202100003375,195 726,A01,0,2,0,2,2,1,1,
202100003375,195 727,B01,0,7,0,2,2,1,-1,
202100003376,195 724,A01,1,31,0,0,0,1,1,
202100003376,195 725,B01,2,32,0,0,0,1,1,
202100003377,195 722,A01,3,30,0,2,1,19,1,
202100003377,195 723,B01,3,7,0,2,2,1,1,
202100003378,195 721,A01,2,7,16,9,1,0,1,
202100003379,195 719,A01,2,33,0,2,7,1,1,
202100003379,195 720,B01,1,7,0,2,1,6,1,
202100003380,195 715,B01,1,7,0,2,6,9,1,
202100003380,195 716,A01,1,17,0,2,2,1,1,
202100003381,195 714,A01,2,7,16,0,2,14,1,
202100003382,195 713,A01,3,7,0,1,8,15,1,
202100003383,195 712,A01,2,30,12,0,2,14,1,
202100003384,195 710,A01,-1,1,0,2,0,26,5,
202100003384,195 711,B01,-1,7,0,2,0,0,0,
202100003385,195 709,A01,3,7,0,1,2,1,1,
202100003386,195 708,A01,1,7,8,0,2,20,1,
202100003387,195 705,A01,1,7,0,2,4,26,1,
202100003387,195 706,B01,1,7,0,2,0,0,1,
202100003387,195 707,C01,1,30,0,2,0,0,1,
202100003388,195 704,A01,0,7,2,0,8,26,1,
202100003389,195 702,B01,2,7,0,2,6,15,1,
202100003389,195 703,A01,1,32,0,2,1,1,1,
202100003390,195 701,A01,3,7,2,0,2,11,1,
202100003391,195 699,A01,1,30,0,2,7,17,1,
202100003391,195 700,B01,1,7,0,2,8,15,1,
202100003392,195 698,A01,1,7,0,1,7,1,1,
202100003393,195 696,A01,1,31,0,2,3,13,1,
202100003393,195 697,B01,1,7,0,1,2,0,1,
202100003394,195 693,A01,2,7,0,2,1,1,1,
202100003394,195 694,B01,2,7,0,2,6,11,1,
202100003394,195 695,C01,2,7,0,2,0,11,1,
202100003395,195 691,A01,3,7,0,2,1,2,1,
202100003395,195 692,B01,3,7,0,2,4,1,1,
202100003396,195 690,A01,2,33,12,0,1,1,1,
202100003397,195 689,A01,3,7,0,1,1,19,1,
202100003398,195 687,A01,1,7,0,2,6,15,1,
202100003398,195 688,B01,1,33,0,2,1,2,1,
202100003399,195 684,A01,1,7,0,2,2,17,1,
202100003399,195 685,B01,1,99,0,2,3,2,1,
202100003399,195 686,C01,1,7,0,2,3,1,1,
202100003400,195 682,A01,1,7,14,0,4,26,1,
202100003400,195 683,B01,1,7,0,2,2,19,1,
202100003401,195 681,A01,1,7,0,0,9,17,1,
202100003402,195 679,C01,1,7,0,2,1,1,1,
202100003402,195 680,B01,2,50,0,2,3,5,3,
202100003403,195 676,B01,2,7,0,2,3,1,1,
202100003403,195 677,A01,1,7,0,2,1,13,1,
202100003404,195 670,A01,1,7,2,0,1,1,1,
202100003405,195 669,A01,1,7,0,1,1,1,1,
202100003406,195 668,A01,2,7,0,1,2,1,0,
202100003407,195 667,A01,2,7,0,1,1,0,1,
202100003408,195 665,A01,2,2,0,2,1,17,1,
202100003408,195 666,B01,2,7,0,2,6,2,1,
202100003409,195 663,B01,3,2,0,2,1,1,1,
202100003409,195 664,A01,3,7,0,2,3,9,1,
202100003410,195 661,B01,3,1,0,2,1,1,5,
202100003410,195 662,A01,3,7,0,2,5,26,1,
202100003411,195 660,A01,1,7,0,1,1,1,1,
202100003412,195 659,A01,1,10,0,1,8,1,3,
202100003413,195 657,B01,0,7,0,2,7,1,1,
202100003413,195 658,A01,0,7,0,2,1,1,1,
202100003414,195 653,D01,0,7,0,2,6,1,1,
202100003414,195 654,C01,0,7,0,2,3,1,1,
202100003414,195 655,B01,0,10,4,0,5,0,1,
202100003414,195 656,A01,0,7,0,2,1,1,1,
202100003415,195 651,B01,2,7,0,2,1,14,0,
202100003415,195 652,A01,2,7,0,2,5,13,1,
202100003416,195 650,A01,0,7,0,1,2,1,0,
202100003417,195 649,A01,1,10,11,0,2,0,1,
202100003418,195 647,A01,1,7,0,2,1,2,1,
202100003418,195 648,B01,1,7,0,2,4,2,1,
202100003419,195 645,A01,2,7,0,2,1,1,1,
202100003419,195 646,B01,2,7,0,2,4,23,1,
202100003420,195 642,A01,3,33,0,5,1,1,1,
202100003421,195 640,A01,1,7,0,2,8,15,1,
202100003421,195 641,B01,1,30,0,2,1,1,1,
202100003422,195 638,B01,1,7,0,2,2,1,1,
202100003422,195 639,A01,1,10,0,2,6,9,1,
202100003423,195 636,A01,1,7,0,2,4,2,1,
202100003423,195 637,B01,1,7,0,2,1,2,1,
202100003424,195 635,A01,1,7,0,1,2,1,1,
202100003425,195 633,B01,1,7,0,2,2,1,1,
202100003425,195 634,A01,1,33,0,2,1,17,1,
202100003426,195 631,B01,3,2,0,2,1,1,1,
202100003426,195 632,A01,0,7,1,2,1,17,1,
202100003427,195 626,E01,1,7,0,2,4,23,1,
202100003427,195 627,D01,1,7,0,2,9,23,1,
202100003427,195 628,C01,1,7,0,2,9,23,1,
202100003427,195 629,B01,1,7,0,2,9,23,1,
202100003427,195 630,A01,1,7,0,2,1,9,1,
202100003428,195 625,A01,2,7,0,1,1,1,1,
202100003429,195 624,A01,3,7,0,1,3,16,1,
202100003430,195 623,A01,2,32,0,0,0,21,1,
202100003431,195 620,C01,1,7,0,2,4,1,1,
202100003431,195 621,A01,1,7,0,2,1,1,1,
202100003431,195 622,B01,1,7,0,2,4,1,1,
202100003432,195 619,A01,2,80,0,1,1,1,3,
202100003433,195 618,A01,1,33,0,1,1,9,1,
202100003434,195 616,A01,2,7,0,2,3,15,1,
202100003434,195 617,B01,2,32,0,2,1,1,1,
202100003435,195 614,B01,1,32,0,2,1,1,1,
202100003435,195 615,A01,1,7,0,2,8,22,1,
202100003436,195 612,A01,1,7,0,2,1,16,1,
202100003436,195 613,B01,1,80,0,2,8,1,3,
202100003437,195 610,B01,1,33,0,2,1,1,1,
202100003437,195 611,A01,1,7,0,2,3,15,1,
202100003438,195 609,A01,1,7,0,1,1,1,1,
202100003439,195 607,A01,2,7,0,2,2,9,1,
202100003439,195 608,B01,2,2,0,2,3,7,1,
202100003440,195 605,A01,3,7,0,2,2,15,1,
202100003440,195 606,B01,3,7,0,2,3,1,1,
202100003441,195 603,A01,1,7,0,2,2,10,1,
202100003441,195 604,B01,2,1,0,2,1,1,5,
202100003442,195 602,A01,2,10,7,0,1,13,1,
202100003443,195 601,A01,2,7,0,1,1,15,2,
202100003444,195 599,B01,2,7,0,2,4,1,1,
202100003444,195 600,A01,2,7,0,2,1,18,1,
202100003445,195 597,B01,2,7,0,2,8,1,1,
202100003445,195 598,A01,1,43,0,2,1,1,1,
202100003446,195 595,B01,1,7,0,2,2,9,1,
202100003446,195 596,A01,1,30,0,2,1,1,1,
202100003447,195 594,A01,2,7,1,1,0,13,1,
202100003448,195 593,A01,2,30,0,0,0,1,1,
202100003449,195 589,A01,1,7,1,2,1,13,1,
202100003449,195 590,B01,2,7,0,2,1,0,1,
202100003449,195 591,C01,2,7,0,2,1,1,1,
202100003449,195 592,D01,2,7,8,0,4,24,1,
202100003450,195 588,A01,2,7,0,1,1,15,1,
202100003451,195 586,B01,1,7,0,2,2,1,1,
202100003451,195 587,A01,1,7,1,2,2,18,1,
202100003452,195 584,B01,1,32,0,2,2,2,1,
202100003452,195 585,A01,1,7,0,2,3,13,1,
202100003453,195 583,A01,2,34,0,1,4,25,1,
202100003454,195 580,C01,2,7,9,0,0,0,1,
202100003454,195 581,B01,2,7,0,2,3,20,2,
202100003454,195 582,A01,2,33,0,2,3,1,1,
202100003455,195 578,A01,3,7,0,2,1,9,1,
202100003455,195 579,B01,3,7,0,2,3,1,1,
202100003456,195 576,A01,2,7,0,2,3,1,1,
202100003456,195 577,B01,1,50,0,2,2,5,3,
202100003457,195 573,A01,2,7,0,2,9,9,1,
202100003457,195 574,B01,2,7,0,2,1,0,1,
202100003457,195 575,C01,1,7,0,2,8,0,1,
202100003458,195 570,A01,2,7,3,2,0,0,1,
202100003458,195 571,C01,2,7,0,2,4,0,1,
202100003458,195 572,B01,2,7,3,2,4,0,1,
202100003459,195 568,A01,3,7,0,2,3,1,1,
202100003459,195 569,B01,3,1,0,2,1,1,5,
202100003460,195 565,A01,1,7,13,0,1,14,1,
202100003461,195 564,A01,2,2,0,6,1,1,1,
202100003462,195 562,B01,1,7,0,2,1,2,1,
202100003462,195 563,A01,1,36,0,0,4,2,1,
202100003463,195 560,B01,1,3,0,2,2,9,1,
202100003463,195 561,A01,1,7,0,2,3,1,1,
202100003464,195 559,A01,0,33,0,0,8,1,1,
202100003465,195 557,A01,2,7,0,2,1,13,1,
202100003465,195 558,B01,1,7,0,2,1,1,1,
202100003466,195 556,A01,2,7,6,0,1,13,1,
202100003467,195 555,A01,3,7,8,0,7,13,1,
202100003468,195 553,B01,2,2,0,2,4,1,1,
202100003468,195 554,A01,2,2,0,2,1,2,1,
202100003469,195 551,A01,2,33,0,2,2,1,1,
202100003469,195 552,B01,1,7,0,2,1,15,1,
202100003470,195 550,A01,2,7,13,0,1,2,1,
202100003471,195 549,A01,3,7,0,1,1,1,1,
202100003472,195 547,B01,2,7,0,2,1,1,2,
202100003472,195 548,A01,1,7,0,2,1,1,1,
202100003473,195 545,A01,1,7,0,2,3,13,1,
202100003473,195 546,B01,2,10,0,2,1,1,1,
202100003474,195 544,A01,0,7,2,0,1,26,1,
202100003475,195 542,B01,2,7,0,2,4,2,1,
202100003475,195 543,A01,2,7,0,2,1,2,1,
202100003476,195 541,A01,1,7,8,0,2,1,1,
202100003477,195 539,A01,1,7,0,2,1,13,1,
202100003477,195 540,B01,2,7,0,2,1,1,1,
202100003478,195 538,A01,1,7,2,0,8,26,1,
202100003479,195 537,A01,2,7,16,0,2,1,1,
202100003480,195 533,B01,1,7,0,2,1,1,2,
202100003480,195 534,A01,1,7,0,2,2,17,1,
202100003481,195 532,A01,1,7,2,0,7,1,1,
202100003482,195 531,A01,2,7,13,0,2,0,1,
202100003483,195 529,B01,1,33,0,0,4,1,1,
202100003483,195 530,A01,1,7,0,2,3,1,1,
202100003484,195 527,A01,1,7,0,9,2,1,1,
202100003484,195 528,B01,3,50,0,2,7,1,3,
202100003485,195 526,A01,1,17,13,9,2,14,1,
202100003486,195 523,C01,1,7,3,2,0,21,1,
202100003486,195 524,B01,1,7,4,2,6,9,1,
202100003486,195 525,A01,1,7,3,2,2,1,1,
202100003487,195 521,B01,1,7,0,2,1,2,2,
202100003487,195 522,A01,1,7,4,0,9,2,1,
202100003488,195 519,A01,1,7,0,2,1,10,1,
202100003488,195 520,B01,2,32,0,2,2,17,1,
202100003489,195 517,A01,1,7,0,2,1,13,1,
202100003489,195 518,B01,2,7,0,2,1,1,1,
202100003490,195 516,A01,3,32,15,0,1,1,1,
202100003491,195 512,A01,2,7,0,2,1,13,1,
202100003491,195 513,B01,1,10,0,2,1,1,1,
202100003491,195 514,C01,1,7,0,2,1,1,1,
202100003492,195 510,A01,3,7,0,2,2,26,1,
202100003492,195 511,B01,3,80,0,2,1,1,3,
202100003493,195 507,C01,1,7,0,2,3,23,2,
202100003493,195 508,B01,2,7,0,2,7,15,1,
202100003493,195 509,A01,1,7,0,2,1,1,1,
202100003494,195 506,A01,2,7,2,0,1,14,1,
202100003495,195 503,A01,3,7,0,2,3,13,1,
202100003495,195 504,B01,3,7,0,2,3,1,2,
202100003495,195 505,C01,3,7,0,2,2,1,1,
202100003496,195 502,A01,2,33,0,0,7,1,1,
202100003497,195 501,A01,2,7,8,0,7,0,1,
202100003498,195 499,A01,2,2,0,2,1,1,1,
202100003498,195 500,B01,1,7,0,2,1,19,1,
202100003499,195 497,B01,1,7,0,2,1,1,2,
202100003499,195 498,A01,2,7,0,2,1,23,1,
202100003500,195 495,B01,0,3,0,2,4,1,1,
202100003500,195 496,A01,0,7,0,2,1,1,1,
202100003501,195 490,B01,2,10,0,2,4,1,0,
202100003501,195 491,C01,2,7,0,2,4,1,0,
202100003501,195 492,A01,2,7,0,2,1,1,1,
202100003501,195 493,D01,2,7,0,2,4,1,1,
202100003502,195 488,A01,2,7,0,2,2,12,1,
202100003502,195 489,B01,2,33,0,2,1,3,1,
202100003503,195 485,A01,2,7,0,2,1,1,1,
202100003503,195 486,B01,2,7,0,2,4,2,1,
202100003503,195 487,C01,2,7,0,2,4,2,1,
202100003504,195 483,B01,1,7,0,2,4,2,1,
202100003504,195 484,A01,1,7,0,2,1,2,1,
202100003505,195 480,C01,1,7,0,2,4,23,1,
202100003505,195 481,B01,1,7,0,2,4,1,1,
202100003505,195 482,A01,1,7,0,2,1,1,1,
202100003506,195 478,A01,1,7,0,2,1,1,1,
202100003506,195 479,B01,1,7,0,2,6,1,1,
202100003507,195 476,A01,2,7,0,2,1,2,1,
202100003507,195 477,B01,2,7,0,2,7,2,1,
202100003508,195 474,B01,2,7,0,2,6,1,1,
202100003508,195 475,A01,2,7,0,2,2,0,1,
202100003509,195 473,A01,2,7,0,1,2,1,1,
202100003510,195 472,A01,2,7,0,1,3,1,1,
202100003511,195 471,A01,3,7,0,1,1,1,1,
202100003512,195 469,A01,2,7,0,1,1,1,2,
202100003513,195 468,A01,2,7,0,1,3,9,1,
202100003514,195 466,A01,1,33,0,2,2,17,0,
202100003514,195 467,B01,1,7,0,2,8,15,1,
202100003515,195 464,A01,2,7,0,2,1,2,1,
202100003515,195 465,B01,2,7,0,2,4,2,1,
202100003516,195 462,A01,2,7,0,2,3,5,1,
202100003516,195 463,B01,1,7,0,2,3,1,1,
202100003517,195 460,B01,2,7,0,2,2,1,1,
202100003517,195 461,A01,2,7,0,2,3,9,1,
202100003518,195 456,A01,2,14,0,2,2,2,1,
202100003518,195 457,B01,2,7,0,2,1,2,1,
202100003518,195 458,C01,2,7,1,0,1,2,3,
202100003518,195 459,D01,2,7,0,2,4,23,1,
202100003519,195 454,B01,3,7,0,2,3,9,1,
202100003519,195 455,A01,1,32,0,2,1,3,1,
202100003520,195 452,A01,1,32,0,2,1,16,1,
202100003520,195 453,B01,1,7,0,2,3,1,1,
202100003521,195 450,B01,2,7,0,2,3,0,1,
202100003521,195 451,A01,2,32,0,2,1,26,1,
202100003522,195 448,A01,1,10,0,2,1,2,1,
202100003522,195 449,B01,1,33,0,2,4,23,1,
202100003523,195 447,A01,1,7,0,1,1,16,1,
202100003524,195 446,A01,2,30,12,0,2,1,1,
202100003525,195 444,B01,2,33,0,2,0,2,1,
202100003525,195 445,A01,2,33,0,2,0,2,1,
202100003526,195 442,B01,1,7,0,2,8,16,1,
202100003526,195 443,A01,2,33,0,2,3,1,1,
202100003527,195 439,A01,1,7,0,2,1,2,1,
202100003527,195 440,B01,1,7,0,2,4,2,1,
202100003527,195 441,C01,1,7,0,2,4,16,1,
202100003528,195 437,A01,1,10,6,2,8,9,1,
202100003528,195 438,B01,2,13,0,2,3,1,1,
202100003529,195 435,A01,2,1,0,2,2,1,5,
202100003529,195 436,B01,1,7,0,2,3,15,1,
202100003530,195 433,A01,2,7,0,0,0,0,1,
202100003530,195 434,B01,2,2,0,2,0,9,3,
202100003531,195 431,A01,1,30,0,2,1,1,1,
202100003531,195 432,B01,1,7,0,2,7,1,1,
202100003532,195 430,A01,3,7,0,1,2,1,1,
202100003533,195 428,B01,1,7,0,9,2,16,1,
202100003533,195 429,A01,1,1,0,2,2,7,5,
202100003534,195 426,A01,3,2,0,2,8,26,1,
202100003534,195 427,B01,3,33,0,2,1,1,1,
202100003535,195 425,A01,1,7,9,0,1,26,1,
202100003536,195 423,B01,2,7,4,0,8,26,1,
202100003536,195 424,A01,2,99,0,2,4,26,1,
202100003537,195 421,A01,1,33,0,2,0,3,1,
202100003537,195 422,B01,1,7,0,2,5,12,1,
202100003538,195 419,A01,1,7,0,2,8,9,1,
202100003538,195 420,B01,1,30,0,2,7,3,1,
202100003539,195 418,A01,3,33,0,1,1,1,1,
202100003540,195 416,A01,3,33,0,2,7,3,1,
202100003540,195 417,B01,3,7,0,2,1,9,2,
202100003541,195 414,A01,3,7,1,2,2,20,1,
202100003541,195 415,B01,3,33,0,2,2,1,1,
202100003542,195 413,A01,1,7,0,1,1,1,1,
202100003543,195 411,A01,3,7,0,2,1,1,1,
202100003543,195 412,B01,3,7,0,2,8,1,1,
202100003544,195 409,B01,1,7,0,2,3,1,1,
202100003544,195 410,A01,1,1,0,2,8,19,0,
202100003545,195 407,B01,3,7,0,2,7,1,1,
202100003545,195 408,A01,3,7,0,2,1,19,1,
202100003546,195 406,A01,1,30,0,1,1,17,1,
202100003547,195 404,B01,1,50,0,2,7,1,3,
202100003547,195 405,A01,2,7,0,2,1,1,1,
202100003548,195 403,A01,3,50,0,1,1,25,3,
202100003549,195 401,B01,2,1,0,2,1,26,5,
202100003549,195 402,A01,1,7,0,2,1,15,1,
202100003550,195 400,A01,2,10,0,1,1,15,1,
202100003551,195 398,B01,3,1,0,4,7,1,0,
202100003551,195 399,A01,0,40,0,2,3,1,3,
202100003552,195 396,A01,3,7,0,2,3,1,1,
202100003552,195 397,B01,3,7,0,2,2,9,1,
202100003553,195 395,A01,2,7,1,1,2,17,1,
202100003554,195 393,B01,3,1,15,2,3,24,5,
202100003554,195 394,A01,1,10,6,2,5,26,1,
202100003555,195 391,A01,1,10,0,2,1,1,1,
202100003555,195 392,B01,1,7,0,2,4,15,1,
202100003556,195 389,B01,1,7,0,2,3,1,1,
202100003556,195 390,A01,2,7,0,2,3,15,1,
202100003557,195 387,B01,1,1,0,2,7,26,5,
202100003557,195 388,A01,2,7,0,2,1,1,2,
202100003558,195 386,A01,1,31,0,0,0,26,1,
202100003559,195 385,A01,3,7,16,1,4,20,0,
202100003560,195 384,A01,3,7,9,0,8,1,1,
202100003561,195 381,A01,3,7,12,2,2,17,1,
202100003561,195 382,B01,3,7,0,2,6,1,1,
202100003561,195 383,C01,3,10,12,2,2,1,1,
202100003562,195 380,A01,1,10,0,1,2,16,1,
202100003563,195 379,A01,1,7,4,0,2,1,1,
202100003564,195 377,A01,3,7,0,2,4,26,1,
202100003564,195 378,B01,3,10,0,2,3,12,1,
202100003565,195 376,A01,1,7,0,1,2,1,1,
202100003566,195 375,A01,1,7,0,1,5,4,1,
202100003567,195 374,A01,1,7,8,0,2,0,1,
202100003568,195 373,A01,1,7,0,1,2,9,1,
202100003569,195 371,A01,1,7,0,2,1,26,1,
202100003569,195 372,B01,1,32,0,2,4,2,1,
202100003570,195 370,Z01,1,7,0,1,1,26,0,
202100003571,195 369,A01,2,10,0,1,3,15,1,
202100003572,195 368,A01,1,7,0,1,1,21,1,
202100003573,195 366,B01,2,1,0,2,1,1,5,
202100003573,195 367,A01,1,10,0,2,1,20,1,
202100003574,195 364,A01,2,7,0,2,3,19,1,
202100003574,195 365,B01,1,33,0,2,1,1,1,
202100003575,195 363,A01,0,7,0,1,1,15,1,
202100003576,195 361,A01,2,7,0,2,1,1,1,
202100003576,195 362,B01,1,7,0,2,3,1,1,
202100003577,195 360,A01,2,2,12,0,8,13,1,
202100003578,195 358,B01,2,7,0,2,8,1,1,
202100003578,195 359,A01,1,7,5,2,1,13,1,
202100003579,195 356,A01,2,7,0,2,1,15,1,
202100003579,195 357,B01,2,2,0,2,1,21,1,
202100003580,195 354,A01,2,7,0,2,1,2,1,
202100003580,195 355,B01,2,7,0,2,4,23,1,
202100003581,195 352,B01,1,7,0,2,1,0,1,
202100003581,195 353,A01,1,7,3,2,1,14,1,
202100003582,195 351,A01,3,7,0,1,2,1,1,
202100003583,195 348,B01,2,30,0,2,7,16,1,
202100003583,195 349,A01,2,7,14,2,2,9,1,
202100003584,195 346,B01,2,7,0,2,1,1,1,
202100003584,195 347,A01,2,0,0,2,0,1,0,
202100003585,195 344,A01,1,33,0,2,7,17,1,
202100003585,195 345,B01,1,7,0,2,3,1,1,
202100003586,195 342,B01,1,32,0,2,7,17,1,
202100003586,195 343,A01,1,7,0,2,3,15,1,
202100003587,195 340,A01,2,7,0,2,7,1,1,
202100003587,195 341,B01,2,2,0,2,1,1,1,
202100003588,195 338,B01,1,2,0,2,0,17,0,
202100003588,195 339,A01,1,7,0,2,0,15,0,
202100003589,195 336,C01,2,10,0,2,0,24,1,
202100003589,195 337,A01,2,14,1,2,2,1,1,
202100003590,195 334,B01,1,7,0,2,4,2,1,
202100003590,195 335,A01,1,30,0,2,1,2,1,
202100003591,195 333,A01,3,7,0,1,1,15,1,
202100003592,195 327,B01,2,7,0,0,9,14,1,
202100003592,195 328,A01,2,7,0,0,0,10,1,
202100003593,195 323,B01,3,7,0,2,1,26,1,
202100003593,195 324,A01,3,1,0,2,2,26,0,
202100003594,195 322,A01,2,30,0,9,2,1,1,
202100003595,195 320,B01,1,7,0,2,0,0,1,
202100003595,195 321,A01,1,7,0,2,1,0,1,
202100003596,195 318,B01,2,38,0,2,5,2,1,6.0
202100003596,195 319,Z01,2,10,0,2,1,0,1,
202100003597,195 317,A01,2,7,12,1,2,14,1,
202100003598,195 315,A01,3,7,0,0,8,21,1,
202100003598,195 316,B01,3,20,0,0,8,21,1,
202100003599,195 313,B01,2,7,0,2,1,1,1,
202100003599,195 314,A01,1,7,0,2,7,1,1,
202100003600,195 312,A01,3,7,0,1,3,1,1,
202100003601,195 311,A01,3,37,0,1,7,15,1,1.0
202100003602,195 309,A01,1,7,0,2,3,15,1,
202100003602,195 310,B01,2,50,0,2,1,1,3,
202100003603,195 307,B01,3,50,0,0,0,0,3,
202100003603,195 308,A01,1,7,0,9,3,26,1,
202100003604,195 306,A01,1,7,0,0,3,0,1,
202100003605,195 302,D01,1,10,0,2,3,21,1,
202100003605,195 303,C01,1,10,3,2,3,1,1,
202100003605,195 304,B01,1,7,0,2,3,1,1,
202100003605,195 305,A01,2,15,0,2,3,13,1,
202100003606,195 300,A01,2,7,0,2,1,2,1,
202100003606,195 301,B01,2,10,0,2,4,23,1,
202100003607,195 298,B01,1,7,0,2,6,2,1,
202100003607,195 299,A01,1,7,0,2,2,2,1,
202100003608,195 296,A01,2,7,0,2,1,15,1,
202100003608,195 297,B01,1,7,0,2,0,0,1,
202100003609,195 294,B01,1,7,0,2,4,1,1,
202100003609,195 295,A01,1,7,0,2,1,1,1,
202100003610,195 292,B01,1,50,0,2,1,1,3,
202100003610,195 293,A01,1,7,0,2,2,9,2,
202100003611,195 291,A01,1,7,0,1,1,1,1,
202100003612,195 289,B01,2,7,0,2,2,1,1,
202100003612,195 290,A01,2,7,0,2,3,20,1,
202100003613,195 287,A01,1,7,0,2,1,1,1,
202100003613,195 288,B01,2,32,0,2,1,1,1,
202100003614,195 286,A01,2,2,0,0,7,9,1,
202100003615,195 285,A01,2,7,0,1,2,21,1,
202100003616,195 283,B01,1,7,0,2,1,1,1,
202100003616,195 284,A01,1,7,0,2,1,1,1,
202100003617,195 281,A01,1,7,0,2,8,9,1,
202100003617,195 282,B01,1,1,0,2,2,0,5,
202100003618,195 280,A01,1,7,0,2,3,0,1,
202100003619,195 279,A01,3,7,0,1,1,16,1,
202100003620,195 276,C01,2,7,0,2,3,1,1,
202100003620,195 277,B01,2,7,0,2,3,1,1,
202100003620,195 278,A01,1,7,0,2,1,1,1,
202100003621,195 274,B01,3,99,0,2,8,19,3,
202100003621,195 275,A01,3,7,0,9,1,15,1,
202100003622,195 273,A01,2,7,1,0,2,14,1,
202100003623,195 271,A01,1,7,0,2,2,16,1,
202100003623,195 272,B01,2,1,9,2,2,1,5,
202100003624,195 270,A01,1,7,8,0,3,13,1,
202100003625,195 268,A01,1,7,0,2,5,15,1,
202100003625,195 269,B01,2,1,0,2,1,1,5,
202100003626,195 267,A01,3,7,0,1,7,1,1,
202100003627,195 266,A01,1,7,0,1,1,1,1,
202100003628,195 265,A01,3,7,8,0,8,26,1,
202100003629,195 263,A01,1,7,0,9,3,15,1,
202100003629,195 264,B01,1,30,0,2,3,1,3,
202100003630,195 261,A01,1,7,0,2,1,1,1,
202100003630,195 262,B01,1,7,0,2,4,1,1,
202100003631,195 259,B01,1,10,0,2,8,1,1,
202100003631,195 260,A01,1,7,0,2,7,16,1,
202100003632,195 257,B01,1,33,0,2,8,1,1,
202100003632,195 258,A01,1,7,0,9,7,1,1,
202100003633,195 254,A01,1,7,9,9,1,5,1,
202100003633,195 255,B01,1,7,0,2,4,1,1,
202100003633,195 256,C01,1,37,0,2,4,23,1,1.0
202100003634,195 252,A01,1,1,0,2,7,1,5,
202100003634,195 253,B01,1,7,0,9,8,1,1,
202100003635,195 251,A01,1,7,0,1,3,16,1,
202100003636,195 249,B01,1,7,0,2,0,0,1,
202100003636,195 250,A01,1,7,0,0,4,1,1,
202100003637,195 248,A01,1,7,0,1,1,1,1,
202100003638,195 246,B01,1,2,0,2,1,1,1,
202100003638,195 247,A01,2,7,0,2,2,15,1,
202100003639,195 245,A01,1,7,0,1,3,15,2,
202100003640,195 244,A01,2,7,11,0,3,13,1,
202100003641,195 243,A01,0,7,8,0,9,9,1,
202100003642,195 241,B01,2,7,0,2,4,2,1,
202100003642,195 242,A01,2,7,0,2,1,2,1,
202100003643,195 239,B01,1,7,0,2,7,26,1,
202100003643,195 240,A01,1,1,0,2,1,26,5,
202100003644,195 238,A01,1,7,0,1,1,26,1,
202100003645,195 237,A01,1,2,0,1,0,0,1,