Num_Acc,id_vehicule,num_veh,senc,catv,obs,obsm,choc,manv,motor,occutc
202100003646,195 235,B01,1,7,0,2,4,1,1,
202100003646,195 236,A01,1,1,0,2,1,1,5,
202100003647,195 234,A01,1,80,0,0,7,26,3,
202100003648,195 232,B01,2,7,0,2,4,23,1,
202100003648,195 233,A01,2,7,0,2,1,1,1,
202100003649,195 231,A01,2,7,0,0,1,19,0,
202100003650,195 229,B01,1,1,0,2,1,1,5,
202100003650,195 230,A01,1,10,0,2,1,16,1,
202100003651,195 227,A01,0,7,0,2,1,1,1,
202100003651,195 228,B01,2,7,0,2,4,23,1,
202100003652,195 226,A01,2,7,0,1,1,1,1,
202100003653,195 224,B01,1,1,0,2,1,1,5,
202100003653,195 225,A01,1,7,0,2,7,16,1,
202100003654,195 223,A01,1,7,0,1,7,1,1,
202100003655,195 222,A01,1,7,6,0,3,13,1,
202100003656,195 218,A01,3,7,0,2,2,1,1,
202100003656,195 219,B01,3,14,0,2,3,16,1,
202100003657,195 216,B01,3,7,0,2,6,23,1,
202100003657,195 217,A01,3,7,0,2,0,2,1,
202100003658,195 214,A01,2,10,0,2,7,13,1,
202100003658,195 215,B01,1,32,0,2,1,1,1,
202100003659,195 212,B01,3,1,0,2,1,16,5,
202100003659,195 213,A01,3,7,0,2,7,15,1,
202100003660,195 211,A01,1,7,0,1,3,15,1,
202100003661,195 210,A01,2,7,8,0,1,13,1,
202100003662,195 209,A01,0,7,0,1,1,16,1,
202100003663,195 208,A01,3,7,15,0,0,16,1,
202100003664,195 206,B01,1,7,0,2,4,1,1,
202100003664,195 207,A01,1,7,0,2,1,2,1,
202100003665,195 204,B01,1,10,0,2,1,2,1,
202100003665,195 205,A01,1,10,0,2,4,1,0,
202100003666,195 202,A01,1,7,0,2,3,1,1,
202100003666,195 203,B01,2,7,0,2,3,15,1,
202100003667,195 200,B01,1,33,0,2,1,1,1,
202100003667,195 201,A01,2,31,0,2,1,1,0,
202100003668,195 199,A01,3,7,0,1,3,15,1,
202100003669,195 198,B01,1,7,0,1,1,1,1,
202100003670,195 196,B01,2,80,0,2,1,1,3,
202100003670,195 197,A01,2,7,0,2,3,9,1,
202100003671,195 195,A01,1,40,0,1,2,1,3,
202100003672,195 193,A01,3,32,0,2,7,17,1,
202100003672,195 194,B01,3,7,0,2,3,1,1,
202100003673,195 192,A01,1,10,0,1,1,0,0,
202100003674,195 190,A01,1,1,0,2,1,1,0,
202100003674,195 191,B01,1,7,0,2,4,23,1,
202100003675,195 189,A01,1,7,0,1,2,1,1,
202100003676,195 187,A01,3,7,0,2,8,15,1,
202100003676,195 188,B01,1,10,0,2,0,0,1,
202100003677,195 185,B01,2,15,0,2,4,1,1,
202100003677,195 186,A01,2,7,0,2,4,1,1,
202100003678,195 184,A01,2,7,0,2,1,1,1,
202100003679,195 182,B01,3,7,0,2,1,2,1,
202100003679,195 183,A01,3,7,0,2,4,2,2,
202100003680,195 177,A01,1,7,0,1,1,1,1,
202100003681,195 175,A01,0,7,0,2,1,1,1,
202100003681,195 176,B01,0,7,0,2,4,1,1,
202100003682,195 173,B01,3,7,0,2,1,15,1,
202100003682,195 174,A01,3,7,0,2,2,1,1,
202100003683,195 169,A01,3,7,0,2,1,26,1,
202100003683,195 170,B01,3,7,0,2,1,0,1,
202100003683,195 171,C01,3,7,0,2,1,0,1,
202100003683,195 172,D01,3,7,0,0,4,0,1,
202100003684,195 167,A01,1,2,0,2,7,1,1,
202100003684,195 168,B01,2,7,0,2,1,9,1,
202100003685,195 165,A01,3,7,0,2,7,9,1,
202100003685,195 166,B01,3,33,0,2,0,1,1,
202100003686,195 163,B01,1,30,0,2,1,1,1,
202100003686,195 164,A01,3,7,0,2,8,9,1,
202100003687,195 162,A01,3,10,0,1,1,1,3,
202100003688,195 160,B01,3,1,0,2,7,19,5,
202100003688,195 161,A01,3,7,0,2,1,1,1,
202100003689,195 158,A01,2,1,0,0,0,0,5,
202100003689,195 159,B01,-1,7,0,2,2,1,1,
202100003690,195 157,A01,3,99,0,1,3,25,5,
202100003691,195 155,B01,1,10,0,2,8,1,1,
202100003691,195 156,A01,1,7,0,2,1,19,1,
202100003692,195 154,A01,3,10,0,1,1,15,1,
202100003693,195 152,B01,3,1,0,2,1,1,5,
202100003693,195 153,A01,1,7,0,2,2,9,1,
202100003694,195 150,A01,3,31,0,2,2,2,1,
202100003694,195 151,Z01,3,7,0,2,3,10,1,
202100003695,195 148,B01,3,33,0,2,1,2,1,
202100003695,195 149,A01,3,7,0,2,8,9,1,
202100003696,195 146,B01,1,7,0,2,1,26,1,
202100003696,195 147,A01,2,7,0,2,1,1,1,
202100003697,195 144,A01,1,7,0,2,1,9,1,
202100003697,195 145,B01,1,34,0,2,3,9,1,
202100003698,195 142,Z01,3,30,0,2,8,18,0,
202100003698,195 143,B01,2,31,0,2,2,1,1,
202100003699,195 140,B01,3,1,0,2,8,1,5,
202100003699,195 141,A01,3,7,0,2,2,16,1,
202100003700,195 138,B01,3,7,0,2,2,1,1,
202100003700,195 139,A01,3,7,0,2,3,26,1,
202100003701,195 136,B01,2,7,0,2,4,1,1,
202100003701,195 137,A01,2,2,0,2,1,2,1,
202100003702,195 133,A01,1,10,0,2,4,23,1,
202100003702,195 134,B01,1,7,0,2,4,2,1,
202100003702,195 135,C01,1,7,0,2,1,2,1,
202100003703,195 131,A01,1,7,0,2,3,15,1,
202100003703,195 132,B01,1,7,0,2,3,1,1,
202100003704,195 129,B01,2,33,0,2,1,1,1,
202100003704,195 130,A01,1,7,0,2,5,15,1,
202100003705,195 127,A01,2,7,0,2,0,15,1,
202100003705,195 128,B01,2,31,0,2,0,16,1,
202100003706,195 125,A01,3,7,0,2,3,20,1,
202100003706,195 126,B01,3,2,0,2,8,1,1,
202100003707,195 123,B01,1,43,0,2,1,1,0,
202100003707,195 124,A01,0,7,0,0,8,15,0,
202100003708,195 122,A01,1,31,0,1,1,0,1,
202100003709,195 120,B01,3,7,0,2,4,24,1,
202100003709,195 121,A01,3,7,1,1,1,9,1,
202100003710,195 118,A01,1,10,0,2,2,1,0,
202100003710,195 119,B01,1,32,0,2,4,23,0,
202100003711,195 116,A01,1,10,0,2,1,1,1,
202100003711,195 117,B01,1,7,0,4,0,1,1,
202100003712,195 114,A01,2,7,0,2,3,9,1,
202100003712,195 115,B01,1,7,0,2,7,1,1,
202100003713,195 112,A01,2,7,0,2,1,15,1,
202100003713,195 113,B01,1,7,0,2,3,1,1,
202100003714,195 110,A01,2,33,0,2,1,21,1,
202100003714,195 111,B01,2,14,0,2,4,15,1,
202100003715,195 107,A01,1,7,0,2,6,9,1,
202100003715,195 108,B01,2,7,0,2,1,1,1,
202100003715,195 109,C01,1,7,0,2,2,1,1,
202100003716,195 106,A01,2,31,0,0,8,1,1,
202100003717,195 105,A01,2,7,0,1,2,1,1,
202100003718,195 104,A01,1,30,0,1,1,15,1,
202100003719,195 102,B01,3,7,0,2,1,15,1,
202100003719,195 103,A01,3,34,0,2,8,1,1,
202100003720,195 100,B01,1,32,0,2,3,1,1,
202100003720,195 101,A01,1,7,0,2,1,1,1,
202100003721,195 098,A01,1,37,0,2,1,2,3,1.0
202100003721,195 099,B01,1,7,0,2,4,23,1,
202100003722,195 096,A01,1,30,0,2,3,1,1,
202100003722,195 097,B01,1,33,0,2,2,23,1,
202100003723,195 094,A01,3,1,0,2,1,1,5,
202100003723,195 095,B01,3,7,0,2,2,1,1,
202100003724,195 093,A01,1,7,12,0,3,13,1,
202100003725,195 092,A01,2,7,0,1,3,1,1,
202100003726,195 090,A01,1,30,12,0,1,21,3,
202100003727,195 088,A01,2,7,0,2,3,21,1,
202100003727,195 089,Z01,3,10,0,2,0,24,0,
202100003728,195 087,A01,2,1,0,0,0,1,5,
202100003729,195 085,A01,1,7,0,2,7,15,2,
202100003729,195 086,B01,2,2,0,2,8,1,1,
202100003730,195 083,B01,1,34,0,2,2,17,3,
202100003730,195 084,A01,1,7,0,2,3,15,1,
202100003731,195 081,B01,2,43,0,2,1,17,1,
202100003731,195 082,A01,2,7,0,2,3,10,1,
202100003732,195 079,B01,1,1,0,2,6,19,5,
202100003732,195 080,Z01,1,7,0,2,3,15,0,
202100003733,195 078,A01,1,7,0,1,1,15,0,
202100003734,195 077,A01,1,1,0,1,1,21,5,
202100003735,195 075,B01,1,50,0,2,4,2,3,
202100003735,195 076,A01,1,7,0,2,1,2,1,
202100003736,195 073,A01,2,7,0,9,1,1,1,
202100003736,195 074,B01,2,50,0,2,4,23,3,
202100003737,195 071,B01,1,7,0,2,4,2,1,
202100003737,195 072,A01,1,37,0,2,1,2,1,1.0
202100003738,195 069,B01,3,7,0,2,3,0,1,
202100003738,195 070,A01,2,2,0,2,3,0,1,
202100003739,195 068,A01,0,37,0,0,0,1,1,3.0
202100003740,195 066,A01,3,7,0,2,1,26,1,
202100003740,195 067,B01,3,7,0,2,2,15,1,
202100003741,195 065,A01,0,7,0,1,3,15,3,
202100003742,195 063,B01,3,2,0,2,2,15,3,
202100003742,195 064,A01,3,10,0,2,2,1,0,
202100003743,195 061,B01,1,7,0,2,1,1,1,
202100003743,195 062,A01,1,7,0,2,7,15,1,
202100003744,195 059,B01,1,15,0,2,7,16,1,
202100003744,195 060,A01,1,32,0,2,8,18,1,
202100003745,195 058,A01,1,99,0,1,1,1,1,
202100003746,195 057,A01,-1,7,0,1,1,15,1,
202100003747,195 056,A01,0,30,0,0,0,0,3,
202100003748,195 055,A01,2,30,0,0,3,21,1,
202100003749,195 054,A01,3,31,0,1,2,1,1,
202100003750,195 052,B01,1,32,0,2,8,1,0,
202100003750,195 053,A01,2,3,0,2,3,15,0,
202100003751,195 051,A01,1,7,0,1,2,17,0,
202100003752,195 050,A01,3,34,0,1,8,16,1,
202100003753,195 048,B01,2,31,0,2,2,1,1,
202100003753,195 049,A01,2,7,0,2,3,15,1,
202100003754,195 047,A01,3,33,0,1,0,21,1,
202100003755,195 045,A01,0,7,0,2,7,1,1,
202100003755,195 046,B01,0,7,0,2,1,1,1,
202100003756,195 043,A01,1,31,0,2,1,1,1,
202100003756,195 044,B01,1,3,0,2,6,0,1,
202100003757,195 041,B01,2,2,0,2,2,2,1,
202100003757,195 042,A01,2,7,0,2,3,20,0,
202100003758,195 039,A01,3,7,13,0,2,1,1,
202100003759,195 037,A01,1,33,0,2,1,5,1,
202100003759,195 038,B01,2,7,0,2,3,1,1,
202100003760,195 036,A01,3,7,0,1,3,1,1,
202100003761,195 034,B01,1,15,0,0,0,0,1,
202100003761,195 035,A01,1,7,0,2,1,0,1,
202100003762,195 031,A01,1,33,0,2,1,17,1,
202100003762,195 032,B01,2,7,0,2,3,1,1,
202100003762,195 033,C01,1,7,0,2,8,2,1,
202100003763,195 030,A01,3,7,13,0,0,14,1,
202100003764,195 029,A01,1,7,13,0,3,1,1,
202100003765,195 028,A01,2,7,16,0,1,21,1,
202100003766,195 026,A01,2,7,0,2,1,17,1,
202100003766,195 027,B01,1,7,0,2,1,1,1,
202100003767,195 025,A01,2,7,8,0,6,4,1,
202100003768,195 022,A01,1,14,0,2,1,2,1,
202100003768,195 023,B01,1,7,12,2,7,2,1,
202100003769,195 021,A01,1,7,2,0,7,1,1,
202100003770,195 020,A01,2,7,0,0,0,1,1,
202100003771,195 019,A01,1,7,0,1,1,1,1,
202100003772,195 018,A01,1,33,0,0,9,1,1,
202100003773,195 017,A01,1,7,13,0,7,13,1,
202100003774,195 015,A01,3,7,13,2,3,13,1,
202100003774,195 016,B01,3,7,0,2,3,13,1,
202100003775,195 014,A01,2,7,0,1,2,1,3,
202100003776,195 013,A01,2,7,13,0,8,13,1,
202100003777,195 012,A01,3,7,0,1,2,15,3,
202100003778,195 010,B01,1,10,0,2,1,1,1,
202100003778,195 011,A01,2,7,0,2,3,15,1,
202100003779,195 008,A01,2,7,0,0,2,2,1,
202100003779,195 009,B01,2,50,0,0,6,2,3,
202100003780,195 007,A01,2,7,13,0,1,1,1,
202100003781,195 006,A01,1,7,0,1,2,1,1,
202100003782,195 004,B01,2,7,0,2,3,21,1,
202100003782,195 005,A01,1,7,0,2,3,13,1,
202100003783,195 003,A01,1,17,13,0,1,1,6,
202100003784,195 002,A01,1,7,0,1,2,19,1,
202100003785,195 000,A01,2,7,0,2,3,13,1,
202100003785,195 001,B01,1,7,0,2,3,1,1,
202100003786,194 993,E01,1,7,14,0,3,1,1,
202100003786,194 994,D01,1,7,14,0,1,1,1,
202100003786,194 995,C01,1,7,0,2,0,0,1,
202100003786,194 996,B01,1,7,0,2,0,1,1,
202100003786,194 997,A01,1,7,0,2,2,12,2,
202100003787,194 990,A01,2,7,1,0,1,14,1,
202100003787,194 991,B01,2,7,0,0,4,24,1,
202100003787,194 992,C01,2,7,0,2,1,2,1,
202100003788,194 988,A01,2,7,0,2,1,1,1,
202100003788,194 989,B01,1,7,0,2,1,13,1,
202100003789,194 986,B01,2,1,0,9,1,1,5,
202100003789,194 987,A01,1,80,0,9,1,5,3,
202100003790,194 983,A01,2,7,0,0,1,2,1,
202100003790,194 984,B01,2,7,0,0,4,23,0,
202100003790,194 985,C01,2,7,1,0,3,1,1,
202100003791,194 980,B01,3,34,0,2,1,1,1,
202100003791,194 981,A01,3,7,0,2,8,15,1,
202100003792,194 977,A01,2,10,0,0,5,2,1,
202100003792,194 978,B01,2,7,3,2,1,2,1,
202100003792,194 979,C01,2,7,0,2,2,2,1,
202100003793,194 975,A01,2,1,0,2,0,16,5,
202100003793,194 976,B01,1,1,0,2,0,19,5,
202100003794,194 974,A01,1,7,0,1,3,1,1,
202100003795,194 973,A01,3,7,8,0,2,1,1,
202100003796,194 972,A01,2,7,8,0,1,1,1,
202100003797,194 970,A01,1,7,0,2,1,13,1,
202100003797,194 971,B01,2,99,0,2,3,21,1,
202100003798,194 969,A01,2,7,8,0,8,1,1,
202100003799,194 967,B01,2,7,0,0,1,1,1,
202100003799,194 968,A01,2,7,0,0,4,0,1,
202100003800,194 966,A01,1,7,0,1,2,2,1,
202100003801,194 964,A01,1,10,3,2,6,1,1,
202100003801,194 965,B01,1,7,0,2,1,0,1,
202100003802,194 960,A01,2,7,0,2,4,1,1,
202100003802,194 961,B01,2,7,0,2,1,1,1,
202100003802,194 962,D01,2,10,0,2,1,1,1,
202100003802,194 963,C01,2,10,0,2,1,1,1,
202100003803,194 959,A01,1,34,0,0,0,2,1,
202100003804,194 958,A01,1,7,17,0,1,1,1,
202100003805,194 954,B01,2,7,0,2,3,2,1,
202100003805,194 955,A01,1,7,0,2,1,5,1,
202100003806,194 951,B01,1,7,0,2,4,2,1,
202100003806,194 952,A01,1,7,0,2,1,2,1,
202100003806,194 953,C01,1,7,0,2,6,2,1,
202100003807,194 950,A01,1,7,4,0,3,2,1,
202100003808,194 947,A01,1,7,0,2,1,2,1,
202100003808,194 948,B01,1,7,0,2,4,2,0,
202100003808,194 949,C01,1,7,0,2,4,2,0,
202100003809,194 944,C01,2,7,0,2,6,1,1,
202100003809,194 945,B01,2,33,0,2,7,1,1,
202100003809,194 946,A01,2,7,0,2,3,11,1,
202100003810,194 942,B01,2,7,0,0,4,2,1,
202100003810,194 943,A01,2,7,0,2,1,2,1,
202100003811,194 940,A01,1,7,0,2,5,10,1,
202100003811,194 941,B01,1,33,0,2,1,1,1,
202100003812,194 938,A01,2,7,0,2,1,1,1,
202100003812,194 939,B01,2,7,0,2,4,1,1,
202100003813,194 937,A01,1,7,3,0,3,13,1,
202100003814,194 936,A01,1,7,4,0,2,2,1,
202100003815,194 934,A01,2,33,0,2,7,1,1,
202100003815,194 935,B01,2,7,0,2,8,11,1,
202100003816,194 933,A01,2,7,0,0,0,1,1,
202100003817,194 932,A01,2,33,0,2,4,0,1,
202100003818,194 930,A01,2,10,0,2,1,2,1,
202100003818,194 931,B01,2,7,0,2,4,2,1,
202100003819,194 925,A01,1,17,0,2,1,2,1,
202100003819,194 926,B01,1,7,0,2,4,2,1,
202100003819,194 927,C01,1,7,0,2,4,2,1,
202100003819,194 928,D01,1,7,0,2,4,2,0,
202100003819,194 929,E01,1,10,0,2,4,2,1,
202100003820,194 924,A01,1,7,4,0,1,1,1,
202100003821,194 922,B01,2,10,0,2,6,0,1,
202100003821,194 923,A01,2,99,1,2,2,1,3,
202100003822,194 921,A01,2,10,1,1,3,1,1,
202100003823,194 916,A01,3,10,0,2,3,1,1,
202100003823,194 917,B01,3,7,0,2,3,1,1,
202100003824,194 914,B01,1,33,0,2,1,1,1,
202100003824,194 915,A01,1,7,0,2,5,1,1,
202100003825,194 912,B01,1,7,0,2,3,1,1,
202100003825,194 913,A01,1,7,8,2,3,1,1,
202100003826,194 911,A01,1,7,7,0,1,13,1,
202100003827,194 910,A01,2,33,0,1,1,17,1,
202100003828,194 908,A01,1,1,0,2,3,19,5,
202100003828,194 909,B01,2,43,0,2,1,1,1,
202100003829,194 906,B01,1,50,0,2,8,19,3,
202100003829,194 907,A01,2,14,0,2,1,16,1,
202100003830,194 905,A01,1,10,0,1,1,1,1,
202100003831,194 903,B01,2,33,0,2,4,23,1,
202100003831,194 904,A01,2,2,0,2,1,21,1,
202100003832,194 901,B01,1,7,0,2,3,1,1,
202100003832,194 902,A01,1,43,0,2,2,1,1,
202100003833,194 899,A01,1,50,0,2,1,1,3,
202100003833,194 900,B01,2,7,0,2,2,15,1,
202100003834,194 898,A01,2,10,0,1,5,1,1,
202100003835,194 897,Z01,2,50,0,1,1,1,3,
202100003836,194 895,B01,2,32,0,2,2,1,1,
202100003836,194 896,A01,2,7,0,2,3,9,1,
202100003837,194 894,A01,1,10,0,1,4,4,1,
202100003838,194 892,B01,1,50,0,2,8,1,3,
202100003838,194 893,A01,3,10,0,2,7,1,1,
202100003839,194 890,B01,2,32,0,2,8,21,1,
202100003839,194 891,A01,2,7,0,2,0,9,1,
202100003840,194 888,B01,2,1,0,2,2,1,5,
202100003840,194 889,A01,2,7,0,2,8,22,1,
202100003841,194 887,A01,2,2,0,0,2,7,1,
202100003842,194 885,B01,1,7,0,2,7,1,1,
202100003842,194 886,A01,1,30,0,2,8,16,1,
202100003843,194 884,A01,2,7,0,1,1,1,0,
202100003844,194 882,B01,3,37,0,2,2,15,1,2.0
202100003844,194 883,A01,3,7,0,2,3,1,1,
202100003845,194 880,B01,2,30,0,2,1,1,1,
202100003845,194 881,A01,1,7,0,2,5,15,1,
202100003846,194 879,A01,2,7,0,1,3,1,1,
202100003847,194 877,B01,1,7,0,2,1,17,1,
202100003847,194 878,A01,1,7,15,2,8,20,1,
202100003848,194 875,Z01,0,3,0,0,0,15,0,
202100003848,194 876,A01,-1,3,0,2,2,1,1,
202100003849,194 874,A01,3,3,0,1,1,26,0,
202100003850,194 872,B01,1,43,0,2,1,2,1,
202100003850,194 873,A01,-1,3,0,2,0,13,0,
202100003851,194 870,A01,1,32,12,2,5,17,1,
202100003851,194 871,B01,1,14,0,2,8,15,1,
202100003852,194 869,A01,3,7,0,1,1,1,1,
202100003853,194 867,A01,2,7,1,0,1,20,2,
202100003853,194 868,B01,2,31,0,2,1,2,3,
202100003854,194 865,B01,2,30,0,0,1,19,0,
202100003854,194 866,A01,2,10,0,0,2,16,0,
202100003855,194 863,B01,2,7,0,2,4,1,1,
202100003855,194 864,A01,2,14,0,2,1,2,1,
202100003856,194 861,A01,2,7,0,2,4,23,1,
202100003856,194 862,B01,2,99,0,2,1,1,1,
202100003857,194 860,A01,1,1,0,1,3,1,5,
202100003858,194 858,Z01,1,10,0,2,1,1,1,
202100003858,194 859,B01,1,7,0,2,4,23,1,
202100003859,194 857,A01,1,7,0,1,1,15,1,
202100003860,194 855,B01,2,7,0,2,1,15,1,
202100003860,194 856,A01,1,50,0,2,1,1,3,
202100003861,194 853,A01,1,2,0,2,1,21,1,
202100003861,194 854,B01,3,37,0,2,1,0,1,1.0
202100003862,194 851,B01,1,7,0,2,0,16,1,
202100003862,194 852,A01,1,1,0,2,0,1,5,
202100003863,194 849,A01,1,7,0,2,3,1,1,
202100003863,194 850,B01,0,60,0,2,1,19,5,
202100003864,194 843,A01,1,7,0,2,7,26,1,
202100003864,194 844,B01,1,7,0,2,1,1,1,
202100003865,194 842,A01,1,7,0,1,2,17,1,
202100003866,194 840,B01,2,10,9,2,1,1,1,
202100003866,194 841,A01,1,7,0,2,1,13,1,
202100003867,194 839,A01,1,7,4,0,3,13,1,
202100003868,194 836,C01,2,7,1,0,7,1,1,
202100003868,194 837,B01,2,17,0,2,3,1,1,
202100003868,194 838,A01,2,7,0,2,5,17,1,
202100003869,194 835,A01,1,7,2,0,2,0,1,
202100003870,194 834,A01,1,7,13,9,9,1,1,
202100003871,194 832,A01,2,7,0,2,2,1,1,
202100003871,194 833,B01,2,7,0,2,3,19,1,
202100003872,194 830,B01,1,10,0,2,3,1,1,
202100003872,194 831,A01,1,7,0,2,6,19,1,
202100003873,194 829,A01,2,15,4,0,2,1,1,
202100003874,194 828,A01,0,10,0,1,1,1,1,
202100003875,194 824,A01,1,7,0,2,1,15,1,
202100003875,194 825,B01,2,7,0,2,1,1,1,
202100003876,194 822,B01,2,7,0,2,8,19,1,
202100003876,194 823,A01,2,2,0,2,1,1,1,
202100003877,194 820,B01,2,2,0,0,1,1,1,
202100003877,194 821,A01,1,7,0,0,6,11,1,
202100003878,194 818,B01,2,17,0,2,3,13,1,
202100003878,194 819,A01,1,7,0,2,3,1,1,
202100003879,194 817,A01,1,7,0,1,1,15,1,
202100003880,194 815,A01,2,7,0,2,3,17,1,
202100003880,194 816,B01,1,2,0,2,1,1,1,
202100003881,194 814,A01,2,7,0,1,3,26,1,
202100003882,194 813,A01,2,7,2,0,1,13,1,
202100003883,194 811,B01,2,7,0,2,2,1,1,
202100003883,194 812,A01,3,7,0,2,3,16,1,
202100003884,194 810,A01,1,7,0,1,1,1,1,
202100003885,194 809,A01,1,7,6,0,1,1,1,
202100003886,194 808,A01,2,2,0,6,3,1,1,
202100003887,194 806,B01,1,7,0,2,1,1,1,
202100003887,194 807,A01,2,7,0,2,1,1,1,
202100003888,194 804,A01,2,1,0,2,1,2,5,
202100003888,194 805,B01,2,7,0,9,4,23,1,
202100003889,194 802,B01,1,2,8,2,8,1,1,
202100003889,194 803,A01,2,7,0,2,3,15,1,
202100003890,194 801,A01,2,7,0,1,2,21,1,
202100003891,194 798,A01,1,7,0,2,1,1,1,
202100003891,194 799,B01,1,7,0,2,4,1,1,
202100003891,194 800,C01,1,7,0,2,1,1,1,
202100003892,194 797,A01,1,7,0,1,1,1,1,
202100003893,194 795,A01,2,7,0,2,3,13,1,
202100003893,194 796,B01,1,2,0,2,1,1,1,
202100003894,194 793,A01,2,7,0,2,3,13,1,
202100003894,194 794,B01,1,7,0,2,8,1,1,
202100003895,194 791,B01,2,7,0,2,1,1,1,
202100003895,194 792,A01,2,20,0,0,7,19,1,
202100003896,194 789,A01,2,2,0,2,3,13,1,
202100003896,194 790,B01,1,7,0,2,3,1,2,
202100003897,194 788,A01,0,7,17,0,1,1,1,
202100003898,194 787,A01,1,50,0,1,1,1,3,
202100003899,194 786,A01,1,10,0,1,2,1,1,
202100003900,194 784,A01,2,7,0,2,1,13,1,
202100003900,194 785,B01,1,7,0,2,1,1,1,
202100003901,194 783,A01,0,7,0,1,2,1,1,
202100003902,194 781,B01,1,15,0,2,2,23,1,
202100003902,194 782,A01,2,2,1,2,1,5,3,
202100003903,194 780,A01,1,14,1,0,1,1,1,
202100003904,194 777,A01,2,33,0,0,0,0,1,
202100003904,194 778,C01,2,7,0,2,7,1,1,
202100003904,194 779,B01,2,10,0,2,2,1,1,
202100003905,194 772,A01,1,7,0,2,4,1,1,
202100003905,194 773,B01,1,7,0,2,4,1,1,
202100003905,194 774,C01,1,7,0,2,4,1,1,
202100003905,194 775,D01,1,7,0,2,1,1,1,
202100003905,194 776,E01,1,7,0,2,1,1,1,
202100003906,194 771,A01,3,38,13,0,3,1,1,5.0
202100003907,194 770,A01,3,2,13,0,0,0,1,
202100003908,194 769,A01,1,31,0,1,1,17,1,
202100003909,194 768,A01,1,7,1,0,1,0,1,
202100003910,194 767,A01,2,10,0,1,2,14,1,
202100003911,194 765,A01,1,7,0,2,2,13,1,
202100003911,194 766,B01,2,10,0,2,1,1,1,
202100003912,194 763,B01,1,7,0,0,4,23,1,
202100003912,194 764,A01,1,2,0,2,1,2,1,
202100003913,194 761,B01,2,7,0,0,2,15,1,
202100003913,194 762,A01,1,33,0,0,1,1,1,
202100003914,194 759,B01,1,15,0,2,3,1,1,
202100003914,194 760,A01,1,7,4,2,1,2,1,
202100003915,194 757,B01,2,7,0,2,3,1,1,
202100003915,194 758,A01,1,7,0,2,6,1,1,
202100003916,194 755,A01,1,7,4,0,1,17,1,
202100003916,194 756,B01,1,10,14,0,1,1,1,
202100003917,194 754,A01,3,7,15,0,2,14,1,
202100003918,194 752,B01,2,10,0,2,8,1,1,
202100003918,194 753,A01,1,7,0,2,8,13,1,
202100003919,194 750,A01,2,7,0,0,4,23,1,
202100003919,194 751,B01,2,15,0,0,1,2,1,
202100003920,194 748,A01,2,7,0,9,3,10,1,
202100003920,194 749,B01,2,1,0,2,1,0,5,
202100003921,194 747,A01,1,7,0,1,2,1,1,
202100003922,194 745,B01,1,7,0,0,1,1,1,
202100003922,194 746,A01,0,10,0,0,7,1,1,
202100003923,194 743,B01,2,33,0,2,1,1,1,
202100003923,194 744,A01,3,33,0,2,3,9,1,
202100003924,194 739,C01,1,7,0,2,4,1,1,
202100003924,194 740,B01,1,7,0,2,4,1,1,
202100003924,194 741,A01,1,7,0,2,1,2,1,
202100003925,194 738,A01,1,7,4,0,1,2,1,
202100003926,194 736,B01,2,7,0,2,4,1,1,
202100003926,194 737,A01,2,33,0,2,1,3,1,
202100003927,194 733,C01,2,10,0,2,4,2,1,
202100003927,194 734,B01,2,33,0,2,3,3,1,
202100003927,194 735,A01,2,7,0,2,2,12,1,
202100003928,194 728,F01,1,7,0,1,1,2,1,
202100003928,194 729,E01,1,7,1,0,1,2,1,
202100003928,194 730,D01,1,7,1,0,1,2,1,
202100003928,194 731,C01,1,7,1,0,1,2,1,
202100003928,194 732,B01,1,10,0,1,2,2,1,
202100003929,194 726,A01,2,33,0,2,1,1,1,
202100003929,194 727,B01,2,7,0,2,4,1,1,
202100003930,194 724,A01,1,7,0,2,1,2,1,
202100003930,194 725,B01,1,7,0,2,4,2,1,
202100003931,194 721,A01,1,17,0,2,8,2,1,
202100003931,194 722,Z01,1,17,0,2,1,0,0,
202100003931,194 723,B01,1,7,0,2,4,2,1,
202100003932,194 718,A01,2,7,0,2,1,1,1,
202100003932,194 719,B01,2,7,0,2,4,2,1,
202100003932,194 720,C01,2,7,0,2,4,2,1,
202100003933,194 716,B01,2,10,0,2,5,2,0,
202100003933,194 717,A01,2,43,0,2,1,2,0,
202100003934,194 714,A01,1,7,0,2,1,0,2,
202100003934,194 715,B01,1,7,0,2,3,0,1,
202100003935,194 712,B01,2,7,0,2,1,1,2,
202100003935,194 713,A01,2,7,0,2,6,9,1,
202100003936,194 710,A01,2,7,0,2,0,11,1,
202100003936,194 711,B01,2,7,4,2,0,1,1,
202100003937,194 708,B01,2,7,0,2,4,1,1,
202100003937,194 709,A01,2,7,0,2,1,1,1,
202100003938,194 706,B01,1,7,0,2,1,2,1,
202100003938,194 707,A01,1,7,0,2,1,2,1,
202100003939,194 705,A01,1,33,3,0,1,0,1,
202100003940,194 703,A01,2,7,0,2,1,2,1,
202100003940,194 704,B01,2,7,0,2,4,2,1,
202100003941,194 701,B01,1,43,0,2,1,3,1,
202100003941,194 702,A01,1,7,0,2,4,12,1,
202100003942,194 699,B01,1,32,1,2,3,3,1,
202100003942,194 700,A01,1,7,4,0,2,0,1,
202100003943,194 698,A01,2,3,3,2,2,14,1,