Num_Acc,id_vehicule,num_veh,senc,catv,obs,obsm,choc,manv,motor,occutc
202100003944,194 696,B01,1,7,0,2,4,2,1,
202100003944,194 697,A01,1,7,0,2,1,2,1,
202100003945,194 693,A01,2,15,0,2,1,2,1,
202100003946,194 691,B01,2,15,1,0,2,1,1,
202100003946,194 692,A01,2,15,0,2,6,24,1,
202100003947,194 689,A01,1,7,0,2,3,18,1,
202100003947,194 690,B01,1,7,6,2,5,1,1,
202100003948,194 688,A01,2,7,2,0,1,1,1,
202100003949,194 687,A01,1,7,0,1,2,1,1,
202100003950,194 686,A01,0,33,0,1,1,3,1,
202100003951,194 685,A01,3,2,0,2,1,21,1,
202100003952,194 684,A01,3,37,0,1,2,20,1,1.0
202100003953,194 683,A01,1,7,6,0,1,13,1,
202100003954,194 681,B01,1,80,0,0,0,1,5,
202100003954,194 682,A01,1,80,0,1,7,1,5,
202100003955,194 679,B01,2,13,0,2,3,26,1,
202100003955,194 680,A01,2,7,0,2,1,13,1,
202100003956,194 677,B01,2,1,0,2,8,1,5,
202100003956,194 678,A01,2,14,0,2,2,16,1,
202100003957,194 675,B01,1,14,0,2,4,2,1,
202100003957,194 676,A01,1,7,0,2,1,2,1,
202100003958,194 674,A01,1,7,0,1,7,21,1,
202100003959,194 672,A01,1,7,0,2,1,1,1,
202100003959,194 673,B01,2,7,0,2,7,1,1,
202100003960,194 668,A01,3,7,1,0,1,13,1,
202100003960,194 669,B01,1,7,0,2,6,24,1,
202100003960,194 670,C01,3,7,1,2,8,24,1,
202100003960,194 671,D01,2,7,1,2,8,24,1,
202100003961,194 667,A01,1,30,0,1,0,1,1,
202100003962,194 665,B01,2,40,0,2,1,1,3,
202100003962,194 666,A01,3,7,0,4,7,26,2,
202100003963,194 663,B01,2,1,0,2,2,1,5,
202100003963,194 664,A01,1,10,0,2,1,9,1,
202100003964,194 661,B01,3,7,0,2,8,15,1,
202100003964,194 662,A01,3,10,0,2,3,21,1,
202100003965,194 659,B01,1,1,0,2,0,0,0,
202100003965,194 660,A01,2,7,0,2,2,15,1,
202100003966,194 658,A01,3,30,0,0,0,1,1,
202100003967,194 656,A01,1,7,0,2,1,1,1,
202100003967,194 657,B01,3,50,0,2,0,0,3,
202100003968,194 654,A01,1,1,0,2,1,2,0,
202100003968,194 655,B01,2,7,0,2,2,15,1,
202100003969,194 652,A01,1,7,0,2,3,15,1,
202100003969,194 653,B01,1,32,0,2,1,1,1,
202100003970,194 651,A01,3,7,1,0,1,0,1,
202100003971,194 650,A01,3,7,6,0,7,1,1,
202100003972,194 649,A01,1,2,0,0,7,16,1,
202100003973,194 648,A01,1,10,0,1,1,15,0,
202100003974,194 646,B01,1,7,0,2,3,1,1,
202100003974,194 647,A01,2,7,0,2,3,13,1,
202100003975,194 644,B01,3,1,0,2,1,1,5,
202100003975,194 645,A01,3,7,0,2,3,9,1,
202100003976,194 642,A01,1,7,0,2,3,26,1,
202100003976,194 643,B01,1,10,0,2,5,26,3,
202100003977,194 641,A01,1,7,0,1,1,9,1,
202100003978,194 640,A01,3,10,0,2,1,9,1,
202100003979,194 639,A01,3,7,0,1,1,26,1,
202100003980,194 637,A01,3,7,0,2,1,1,1,
202100003980,194 638,B01,3,80,0,2,1,1,3,
202100003981,194 635,B01,3,7,0,2,4,1,1,
202100003981,194 636,A01,3,2,0,2,1,1,1,
202100003982,194 633,B01,1,33,0,2,2,1,1,
202100003982,194 634,A01,1,7,0,2,6,11,1,
202100003983,194 631,B01,3,1,0,2,0,0,0,
202100003983,194 632,A01,0,7,0,2,3,15,2,
202100003984,194 630,A01,2,7,0,1,1,15,1,
202100003985,194 627,C01,2,7,0,2,6,23,1,
202100003985,194 628,B01,2,7,0,2,7,15,1,
202100003985,194 629,A01,1,7,0,2,1,1,1,
202100003986,194 626,A01,1,7,7,0,4,1,1,
202100003987,194 623,C01,1,7,0,2,1,1,1,
202100003987,194 624,B01,1,7,0,2,4,1,1,
202100003987,194 625,A01,1,10,0,2,1,1,1,
202100003988,194 621,B01,2,7,0,2,2,21,1,
202100003988,194 622,A01,1,7,0,2,2,5,1,
202100003989,194 618,B01,3,7,0,2,2,0,1,
202100003989,194 619,A01,0,0,0,2,0,1,0,
202100003990,194 616,B01,1,7,0,2,4,2,1,
202100003990,194 617,A01,2,10,0,2,1,2,1,
202100003991,194 614,B01,2,7,0,2,3,1,1,
202100003991,194 615,A01,2,2,0,2,1,1,1,
202100003992,194 612,A01,1,7,0,5,1,1,1,
202100003992,194 613,B01,1,7,0,5,1,1,1,
202100003993,194 611,A01,-1,7,0,1,0,1,-1,
202100003994,194 609,B01,0,1,0,2,1,1,5,
202100003994,194 610,A01,0,7,0,2,3,15,1,
202100003995,194 608,A01,0,7,0,1,0,1,1,
202100003996,194 606,A01,0,7,0,2,3,15,1,
202100003996,194 607,B01,0,7,0,2,7,1,1,
202100003997,194 604,B01,0,7,0,2,1,1,1,
202100003997,194 605,A01,0,30,0,2,1,1,1,
202100003998,194 602,A01,2,7,0,2,5,21,1,
202100003998,194 603,B01,1,7,0,0,0,1,1,
202100003999,194 598,B01,1,1,0,2,0,1,-1,
202100003999,194 599,A01,1,7,0,2,0,22,0,
202100004000,194 596,A01,2,32,0,2,1,1,0,
202100004000,194 597,B01,3,1,0,2,7,1,0,
202100004001,194 588,A01,3,7,0,2,3,15,1,
202100004001,194 589,B01,3,50,0,2,1,1,3,
202100004002,194 586,B01,1,7,0,2,4,2,1,
202100004002,194 587,A01,1,10,0,2,1,2,1,
202100004003,194 585,A01,0,7,8,0,0,0,1,
202100004004,194 584,A01,3,7,2,0,1,14,1,
202100004005,194 583,A01,1,7,0,1,1,1,2,
202100004006,194 582,A01,3,7,0,1,3,1,1,
202100004007,194 579,C01,1,7,0,2,4,1,1,
202100004007,194 580,B01,1,7,0,2,4,1,1,
202100004007,194 581,A01,1,37,0,2,1,1,1,1.0
202100004008,194 577,B01,2,1,0,2,3,19,0,
202100004008,194 578,A01,2,10,0,9,3,15,1,
202100004009,194 575,B01,2,7,1,2,7,15,1,
202100004009,194 576,Z01,1,7,1,2,1,1,1,
202100004010,194 573,B01,2,7,0,2,3,1,1,
202100004010,194 574,A01,1,3,0,2,1,13,1,
202100004011,194 571,B01,2,7,0,2,5,16,1,
202100004011,194 572,A01,1,1,0,2,1,19,5,
202100004012,194 568,C01,1,7,0,2,4,2,1,
202100004012,194 569,B01,1,7,0,2,4,2,1,
202100004012,194 570,A01,1,10,0,2,1,2,1,
202100004013,194 566,A01,1,7,0,2,3,13,1,
202100004013,194 567,B01,2,7,0,2,6,1,1,
202100004014,194 564,A01,3,7,0,2,2,19,1,
202100004014,194 565,B01,3,7,0,2,1,21,1,
202100004015,194 562,B01,2,7,0,2,4,2,1,
202100004015,194 563,A01,2,30,0,2,1,2,1,
202100004016,194 559,A01,3,7,0,2,1,2,1,
202100004016,194 560,B01,3,7,0,2,9,2,1,
202100004016,194 561,C01,3,7,0,2,4,2,1,
202100004017,194 557,A01,3,7,0,2,1,2,1,
202100004017,194 558,B01,3,7,0,2,4,2,1,
202100004018,194 556,A01,2,36,1,0,1,14,1,
202100004019,194 554,F01,2,7,0,2,2,9,1,
202100004019,194 555,E01,1,7,0,2,7,1,1,
202100004020,194 552,Y01,1,1,0,2,4,1,5,
202100004020,194 553,A01,1,7,0,2,1,2,1,
202100004021,194 550,A01,1,37,0,2,2,17,6,1.0
202100004021,194 551,B01,1,1,16,2,0,0,5,
202100004022,194 549,A01,2,7,3,0,4,1,1,
202100004023,194 548,A01,3,7,8,0,0,1,1,
202100004024,194 547,A01,3,7,0,1,1,15,1,
202100004025,194 546,A01,1,7,0,1,2,1,1,
202100004026,194 544,B01,1,7,0,9,1,1,1,
202100004026,194 545,A01,1,30,0,2,1,9,1,
202100004027,194 542,B01,1,1,0,2,8,0,0,
202100004027,194 543,Z01,1,10,0,9,7,2,0,
202100004028,194 540,B01,2,30,0,2,7,1,1,
202100004028,194 541,Z01,1,7,0,2,1,9,1,
202100004029,194 538,B01,1,7,0,1,0,1,1,
202100004029,194 539,A01,1,10,0,2,1,2,1,
202100004030,194 536,Z01,3,7,0,2,2,2,0,
202100004030,194 537,B01,3,50,0,2,4,1,3,
202100004031,194 535,A01,1,7,0,1,2,1,1,
202100004032,194 533,B01,2,30,0,2,3,18,1,
202100004032,194 534,A01,2,7,0,2,7,14,1,
202100004033,194 531,B01,1,1,0,2,8,1,5,
202100004033,194 532,A01,1,7,0,9,2,16,1,
202100004034,194 530,A01,1,7,0,1,2,15,1,
202100004035,194 529,A01,2,7,0,1,3,1,1,
202100004036,194 527,A01,1,7,0,2,2,15,1,
202100004036,194 528,B01,1,7,0,2,7,1,1,
202100004037,194 526,A01,1,7,9,0,2,1,1,
202100004038,194 523,B01,1,31,0,2,1,0,1,
202100004038,194 524,A01,2,7,0,2,1,15,1,
202100004039,194 522,A01,0,7,0,1,1,1,1,
202100004040,194 521,A01,1,7,0,1,1,1,1,
202100004041,194 520,A01,1,80,0,0,5,26,3,
202100004042,194 518,B01,1,1,0,2,1,26,5,
202100004042,194 519,A01,1,7,0,2,2,26,1,
202100004043,194 517,A01,1,7,0,1,1,26,1,
202100004044,194 516,A01,1,1,0,0,0,26,5,
202100004045,194 514,B01,1,2,0,2,1,1,1,
202100004045,194 515,A01,1,10,0,2,6,26,1,
202100004046,194 512,B01,1,30,0,2,1,26,1,
202100004046,194 513,A01,1,7,0,2,1,26,1,
202100004047,194 510,A01,1,50,0,2,2,26,3,
202100004047,194 511,B01,1,7,0,2,3,26,1,
202100004048,194 509,A01,1,7,0,0,1,26,1,
202100004049,194 508,A01,3,7,0,1,2,16,1,
202100004050,194 507,B01,0,0,0,1,0,0,0,
202100004051,194 506,A01,1,37,0,1,3,15,1,1.0
202100004052,194 504,A01,2,30,0,2,1,2,1,
202100004052,194 505,B01,2,7,0,2,6,2,1,
202100004053,194 500,A01,1,7,0,9,3,25,1,
202100004053,194 501,B01,2,50,0,2,1,25,3,
202100004054,194 499,A01,2,7,0,1,1,1,1,
202100004055,194 498,A01,1,1,8,0,0,16,5,
202100004056,194 497,A01,2,7,3,0,2,14,1,
202100004057,194 495,B01,2,7,0,2,1,1,1,
202100004057,194 496,A01,1,32,0,2,8,1,1,
202100004058,194 494,A01,0,10,0,1,0,1,1,
202100004059,194 492,A01,2,7,0,2,1,1,1,
202100004059,194 493,B01,2,7,0,2,4,1,1,
202100004060,194 491,A01,1,7,0,1,3,9,1,
202100004061,194 489,A01,2,7,0,2,1,1,1,
202100004061,194 490,B01,2,50,0,2,0,1,3,
202100004062,194 487,A01,2,7,8,4,8,1,1,
202100004062,194 488,B01,3,40,0,2,1,1,3,
202100004063,194 486,A01,3,7,0,1,1,2,1,
202100004064,194 484,A01,1,7,0,2,1,2,1,
202100004064,194 485,B01,1,7,0,2,4,23,1,
202100004065,194 483,A01,2,7,0,1,1,1,1,
202100004066,194 480,C01,1,7,0,2,5,2,1,
202100004066,194 481,A01,1,7,0,2,1,2,1,
202100004066,194 482,B01,1,7,0,2,1,2,1,
202100004067,194 478,B01,3,30,0,2,1,1,1,
202100004067,194 479,A01,3,7,0,2,1,15,1,
202100004068,194 477,A01,2,7,0,1,1,1,1,
202100004069,194 476,A01,-1,7,15,0,1,9,1,
202100004070,194 473,C01,1,7,0,2,1,1,1,
202100004070,194 474,B01,2,7,0,2,0,1,1,
202100004070,194 475,A01,1,7,0,2,1,15,1,
202100004071,194 471,B01,0,7,0,2,7,1,1,
202100004071,194 472,A01,0,7,0,2,3,9,1,
202100004072,194 469,B01,1,7,0,0,3,0,0,
202100004072,194 470,A01,2,7,0,2,3,15,0,
202100004073,194 468,A01,3,7,0,1,1,1,1,
202100004074,194 462,A01,0,7,13,0,1,1,1,
202100004075,194 460,B01,1,7,0,2,8,1,1,
202100004075,194 461,A01,2,7,0,2,3,13,1,
202100004076,194 457,B01,2,7,0,2,4,23,1,
202100004076,194 458,A01,2,7,0,2,1,0,1,
202100004076,194 459,C01,1,7,0,0,0,0,0,
202100004077,194 456,A01,1,7,4,0,2,1,1,
202100004078,194 455,A01,1,7,1,0,6,20,1,
202100004079,194 453,B01,2,1,0,2,7,19,5,
202100004079,194 454,A01,1,10,0,2,1,1,1,
202100004080,194 449,D01,1,7,0,2,4,2,1,
202100004080,194 450,C01,1,7,0,2,4,2,1,
202100004080,194 451,B01,1,7,0,2,4,2,1,
202100004080,194 452,A01,1,7,0,2,1,2,1,
202100004081,194 448,A01,1,7,0,1,1,11,1,
202100004082,194 447,A01,1,7,8,0,7,26,1,
202100004083,194 445,B01,2,7,0,2,3,15,1,
202100004083,194 446,A01,2,30,0,2,1,17,1,
202100004084,194 444,A01,1,7,4,0,2,16,2,
202100004085,194 442,B01,3,7,0,2,8,15,1,
202100004085,194 443,A01,3,7,0,2,1,1,1,
202100004086,194 440,A01,1,7,0,2,1,9,1,
202100004086,194 441,B01,1,7,0,2,5,2,3,
202100004087,194 439,A01,0,7,0,1,1,26,1,
202100004088,194 435,B01,3,7,0,2,1,19,1,
202100004088,194 436,A01,3,7,0,2,7,1,1,
202100004088,194 437,C01,3,7,0,2,6,23,1,
202100004088,194 438,D01,3,7,0,2,2,23,1,
202100004089,194 433,A01,3,7,0,2,1,11,1,
202100004089,194 434,B01,3,7,0,2,3,1,1,
202100004090,194 429,A01,2,31,0,2,9,17,1,
202100004090,194 430,D01,2,7,0,2,3,0,1,
202100004090,194 431,C01,1,7,0,2,3,5,1,
202100004090,194 432,B01,1,7,0,2,1,5,1,
202100004091,194 428,A01,2,7,0,1,1,1,1,
202100004092,194 426,A01,3,30,0,2,1,2,1,
202100004092,194 427,B01,3,7,0,2,0,0,1,
202100004093,194 424,A01,1,7,0,2,1,9,1,
202100004093,194 425,B01,3,7,0,2,5,9,1,
202100004094,194 422,B01,3,80,0,2,1,1,3,
202100004094,194 423,A01,3,10,0,2,4,4,1,
202100004095,194 420,B01,3,7,0,2,3,15,1,
202100004095,194 421,A01,3,32,0,2,2,1,1,
202100004096,194 418,B01,2,33,0,2,1,21,1,
202100004096,194 419,A01,2,10,0,2,5,1,1,
202100004097,194 416,B01,2,33,0,2,4,1,1,
202100004097,194 417,A01,1,7,0,2,1,26,0,
202100004098,194 415,A01,3,7,0,1,3,1,1,
202100004099,194 413,B01,2,7,0,2,4,23,1,
202100004099,194 414,A01,2,10,0,2,1,2,1,
202100004100,194 411,B01,2,50,0,2,2,1,3,
202100004100,194 412,A01,1,7,0,0,0,0,1,
202100004101,194 410,A01,2,7,0,1,1,1,1,
202100004102,194 408,A01,1,7,0,2,2,15,1,
202100004102,194 409,B01,2,7,0,2,1,1,1,
202100004103,194 406,B01,1,7,0,2,1,1,1,
202100004103,194 407,A01,2,7,9,2,8,9,1,
202100004104,194 404,B01,2,7,0,2,3,1,1,
202100004104,194 405,Z01,1,7,0,0,0,0,0,
202100004105,194 402,A01,1,7,0,2,6,13,1,
202100004105,194 403,B01,2,7,0,2,3,0,1,
202100004106,194 400,B01,1,7,0,2,4,11,1,
202100004106,194 401,A01,1,34,0,2,1,1,1,
202100004107,194 396,A01,1,7,0,2,1,2,1,
202100004107,194 397,B01,1,32,0,2,8,3,1,
202100004107,194 398,D01,1,7,0,2,4,23,1,
202100004107,194 399,C01,1,7,0,2,4,23,1,
202100004108,194 394,A01,3,7,1,2,1,14,1,
202100004108,194 395,B01,3,7,0,2,2,1,1,
202100004109,194 393,A01,2,1,0,0,0,1,5,
202100004110,194 392,A01,1,7,0,1,1,1,1,
202100004111,194 390,A01,1,33,1,2,2,17,1,
202100004111,194 391,B01,1,7,0,2,3,17,1,
202100004112,194 389,A01,3,34,0,1,1,17,1,
202100004113,194 388,A01,1,43,12,0,1,14,1,
202100004114,194 386,B01,1,50,0,2,4,23,3,
202100004114,194 387,A01,2,7,0,2,3,9,2,
202100004115,194 384,B01,2,7,0,2,4,15,1,
202100004115,194 385,A01,2,1,0,2,4,1,5,
202100004116,194 383,A01,1,10,0,1,1,15,1,
202100004117,194 381,B01,1,33,0,2,8,11,1,
202100004117,194 382,A01,1,15,0,2,5,24,1,
202100004118,194 380,A01,1,30,0,1,1,1,3,
202100004119,194 379,A01,2,10,0,1,3,15,1,
202100004120,194 377,B01,3,30,0,2,1,1,0,
202100004120,194 378,A01,3,30,0,2,8,9,1,
202100004121,194 375,A01,2,43,0,2,2,18,1,
202100004121,194 376,B01,2,1,0,2,8,19,5,
202100004122,194 373,B01,2,1,0,2,8,1,5,
202100004122,194 374,A01,1,13,0,2,7,14,1,
202100004123,194 371,A01,1,1,0,2,2,1,5,
202100004123,194 372,B01,2,7,0,2,3,7,1,
202100004124,194 369,B01,1,1,0,2,8,1,5,
202100004124,194 370,A01,1,10,0,2,2,16,1,
202100004125,194 367,B01,1,2,0,2,9,19,1,
202100004125,194 368,A01,2,7,0,2,1,19,1,
202100004126,194 365,B01,1,7,0,2,7,1,1,
202100004126,194 366,A01,1,2,0,2,3,11,1,
202100004127,194 363,A01,3,7,0,2,8,9,1,
202100004127,194 364,B01,3,30,6,2,1,1,1,
202100004128,194 362,A01,2,30,15,0,1,1,1,
202100004129,194 360,A01,1,7,0,2,3,9,1,
202100004129,194 361,B01,1,14,0,2,3,9,1,
202100004130,194 358,B01,3,37,0,2,4,23,1,1.0
202100004130,194 359,A01,3,7,0,2,1,1,1,
202100004131,194 357,A01,0,99,0,1,3,2,0,
202100004132,194 355,A01,1,7,0,2,3,15,1,
202100004132,194 356,B01,1,33,0,2,2,1,1,
202100004133,194 353,B01,1,7,0,2,2,1,1,
202100004133,194 354,A01,1,7,0,2,1,9,1,
202100004134,194 352,A01,1,7,14,0,3,14,0,
202100004135,194 351,A01,2,7,0,1,1,15,1,
202100004136,194 350,A01,3,38,0,1,2,16,1,1.0
202100004137,194 348,B01,1,2,8,2,1,1,1,
202100004137,194 349,A01,1,7,0,2,7,16,1,
202100004138,194 347,A01,1,10,0,1,7,19,1,
202100004139,194 346,A01,3,1,0,1,0,14,6,
202100004140,194 345,A01,1,7,5,0,9,1,1,
202100004141,194 344,A01,1,14,0,0,0,1,1,
202100004142,194 342,A01,2,2,0,2,1,17,1,
202100004142,194 343,B01,2,7,0,2,6,15,1,
202100004143,194 339,B01,2,10,0,2,1,1,1,
202100004143,194 340,A01,1,7,0,2,2,15,1,
202100004144,194 337,B01,2,10,0,2,3,1,1,
202100004144,194 338,A01,1,38,0,2,1,11,1,1.0
202100004145,194 335,B01,2,21,0,0,8,15,1,
202100004145,194 336,A01,2,7,0,2,1,17,1,
202100004146,194 333,B01,2,13,0,0,3,1,1,
202100004146,194 334,A01,2,7,0,0,1,1,1,
202100004147,194 331,A01,1,7,3,2,3,2,1,
202100004147,194 332,B01,1,17,0,2,2,21,1,
202100004148,194 330,A01,1,7,2,0,7,12,1,
202100004149,194 329,A01,3,7,0,1,3,1,1,
202100004150,194 326,A01,1,7,0,2,1,5,1,
202100004150,194 327,B01,2,7,0,0,6,1,1,
202100004150,194 328,C01,2,7,0,2,1,1,1,
202100004151,194 324,B01,2,7,0,2,1,1,1,
202100004151,194 325,A01,1,7,0,2,1,6,2,
202100004152,194 322,B01,2,7,3,2,1,2,1,
202100004152,194 323,A01,1,7,0,2,1,1,1,
202100004153,194 321,A01,2,7,13,0,3,1,1,
202100004154,194 320,A01,2,7,0,1,2,1,1,
202100004155,194 318,B01,2,7,0,2,2,1,1,
202100004155,194 319,A01,3,7,0,2,3,9,1,
202100004156,194 317,A01,1,7,0,1,2,1,1,
202100004157,194 316,A01,1,10,13,0,1,2,1,
202100004158,194 315,A01,1,10,2,0,1,1,1,
202100004159,194 313,A01,2,7,0,2,8,0,1,
202100004159,194 314,B01,1,7,0,2,1,2,1,
202100004160,194 312,A01,3,7,0,1,2,0,1,
202100004161,194 311,A01,2,7,0,1,3,1,1,
202100004162,194 310,A01,1,7,0,0,0,1,1,
202100004163,194 308,A01,2,7,0,2,3,1,1,
202100004163,194 309,B01,1,33,0,2,1,17,1,
202100004164,194 307,A01,2,7,13,0,1,21,1,
202100004165,194 306,A01,0,7,0,6,1,19,1,
202100004166,194 305,A01,1,7,0,0,9,1,1,
202100004167,194 303,B01,1,1,0,2,4,1,5,
202100004167,194 304,A01,1,0,0,2,1,1,0,
202100004168,194 302,A01,3,7,2,0,3,13,1,
202100004169,194 300,B01,2,7,0,2,1,1,1,
202100004169,194 301,A01,1,7,0,2,5,13,1,
202100004170,194 299,A01,3,2,0,0,8,21,1,
202100004171,194 298,A01,2,7,2,0,3,1,1,
202100004172,194 296,A01,1,7,0,0,3,26,1,
202100004172,194 297,B01,1,15,0,0,2,1,1,
202100004173,194 294,A01,1,7,0,2,3,1,1,
202100004173,194 295,B01,2,7,0,2,3,1,1,
202100004174,194 292,A01,1,2,0,2,1,17,1,
202100004174,194 293,B01,1,7,0,2,6,15,1,
202100004175,194 290,A01,1,17,0,2,1,13,1,
202100004175,194 291,B01,2,7,0,2,1,1,1,
202100004176,194 288,B01,2,7,0,2,4,1,1,
202100004176,194 289,A01,2,7,0,2,1,1,1,
202100004177,194 286,A01,1,7,0,1,2,1,1,
202100004178,194 285,A01,3,31,15,0,3,0,1,
202100004179,194 284,A01,1,7,1,0,7,1,1,
202100004180,194 283,A01,2,7,11,0,1,1,0,
202100004181,194 282,A01,2,7,8,0,7,1,1,
202100004182,194 280,B01,1,1,0,2,1,5,5,
202100004182,194 281,A01,2,7,0,9,1,1,1,
202100004183,194 278,B01,3,7,3,2,8,1,1,
202100004183,194 279,A01,3,7,0,2,1,13,1,
202100004184,194 277,A01,1,15,0,0,2,1,1,
202100004185,194 275,B01,0,2,0,2,2,1,1,
202100004185,194 276,A01,0,7,0,2,1,9,1,
202100004186,194 273,A01,1,1,0,2,2,15,5,
202100004186,194 274,B01,2,7,0,9,3,1,1,
202100004187,194 272,A01,1,17,6,0,3,1,1,
202100004188,194 270,B01,2,7,0,2,2,1,1,
202100004188,194 271,A01,1,7,0,2,1,13,1,
202100004189,194 268,B01,2,7,0,2,1,2,1,
202100004189,194 269,A01,2,7,3,0,4,1,1,
202100004190,194 265,A01,3,7,0,2,1,13,1,
202100004190,194 266,B01,3,7,0,2,1,1,1,
202100004191,194 264,A01,2,7,2,0,9,1,1,
202100004192,194 262,A01,1,10,0,2,1,1,1,
202100004192,194 263,B01,1,7,0,2,4,1,1,
202100004193,194 260,B01,2,7,0,2,1,1,1,
202100004193,194 261,A01,2,7,3,0,3,11,1,
202100004194,194 257,A01,3,7,0,2,6,1,1,
202100004194,194 258,B01,3,7,0,2,4,1,1,
202100004194,194 259,C01,3,7,0,2,1,1,1,
202100004195,194 254,C01,2,17,0,2,4,2,1,
202100004195,194 255,B01,2,14,0,2,1,2,1,
202100004195,194 256,A01,2,17,0,2,1,2,1,
202100004196,194 253,A01,2,7,4,0,1,2,1,
202100004197,194 252,A01,1,13,13,0,7,14,1,
202100004198,194 251,A01,2,33,0,0,0,2,1,
202100004199,194 249,A01,2,7,0,2,1,2,1,
202100004199,194 250,B01,2,7,0,2,4,2,1,
202100004200,194 247,A01,1,7,0,2,1,2,1,
202100004200,194 248,B01,1,7,0,2,4,2,1,
202100004201,194 245,A01,1,7,0,2,1,2,1,
202100004201,194 246,B01,1,7,0,2,4,2,1,
202100004202,194 242,B01,2,7,0,2,4,23,1,
202100004202,194 243,C01,2,7,0,2,4,23,1,
202100004202,194 244,A01,2,7,0,2,1,1,1,
202100004203,194 239,B01,1,33,0,2,1,2,1,
202100004203,194 240,C01,1,7,0,2,5,0,1,
202100004203,194 241,A01,1,10,0,2,4,1,0,
202100004204,194 237,A01,1,7,0,2,1,2,1,
202100004204,194 238,B01,1,7,0,2,4,2,1,
202100004205,194 235,A01,2,7,0,2,1,2,1,
202100004205,194 236,B01,2,7,0,2,4,2,1,
202100004206,194 234,A01,1,7,3,0,1,1,1,
202100004207,194 233,A01,2,7,3,0,1,1,1,
202100004208,194 230,C01,2,7,0,2,4,2,1,
202100004208,194 231,B01,2,10,0,2,4,2,1,
202100004208,194 232,A01,2,10,0,2,1,2,1,
202100004209,194 228,A01,1,7,0,2,4,2,1,
202100004209,194 229,B01,1,10,0,2,1,2,1,
202100004210,194 226,A01,1,10,0,2,3,20,0,
202100004210,194 227,B01,1,33,0,2,5,26,1,
202100004211,194 224,A01,1,7,0,2,2,1,1,
202100004212,194 223,Z01,1,33,0,1,0,1,0,
202100004213,194 222,A01,3,7,0,1,1,1,1,
202100004214,194 221,A01,1,7,0,1,3,1,1,
202100004215,194 217,A01,2,7,0,2,1,9,1,
202100004215,194 218,B01,1,30,0,2,1,21,1,
202100004216,194 214,B01,1,1,0,2,0,0,5,
202100004216,194 215,C01,1,7,0,2,8,0,1,
202100004216,194 216,Z01,1,7,0,2,0,1,0,
202100004217,194 212,B01,3,43,0,2,1,1,1,
202100004217,194 213,A01,3,7,0,2,2,15,1,
202100004218,194 211,A01,1,50,0,1,1,1,3,
202100004219,194 209,B01,2,7,10,2,9,2,1,
202100004219,194 210,A01,2,7,0,2,2,12,1,
202100004220,194 207,B01,2,37,0,2,6,23,1,1.0
202100004220,194 208,A01,2,7,0,2,2,2,1,
202100004221,194 205,B01,2,30,0,2,1,26,1,
202100004221,194 206,A01,2,7,0,2,3,18,1,
202100004222,194 203,B01,1,7,0,2,8,1,1,
202100004222,194 204,A01,1,34,0,2,1,17,1,
202100004223,194 201,B01,2,2,0,2,1,1,1,
202100004223,194 202,A01,1,10,0,2,2,15,1,
202100004224,194 199,A01,2,7,0,2,1,13,1,
202100004224,194 200,B01,2,14,0,2,1,1,1,
202100004225,194 198,A01,1,7,0,1,2,1,1,
202100004226,194 194,B01,0,7,0,2,1,1,1,
202100004226,194 195,A01,0,80,0,2,2,26,3,
202100004227,194 192,B01,0,7,0,2,4,1,1,
202100004227,194 193,A01,0,7,0,2,1,1,1,
202100004228,194 190,A01,0,7,0,1,5,15,1,
202100004228,194 191,B01,0,2,0,2,1,1,1,
202100004229,194 189,A01,1,80,0,0,0,2,3,
202100004230,194 186,A01,1,7,0,2,1,19,1,
202100004230,194 187,B01,1,50,0,2,7,1,3,
202100004231,194 185,A01,2,7,0,1,7,1,1,
202100004232,194 184,A01,0,7,0,1,1,1,1,
202100004233,194 182,A01,0,7,0,2,1,6,1,
202100004233,194 183,B01,0,7,0,2,2,1,1,
202100004234,194 181,Z01,0,7,0,1,1,1,0,
202100004235,194 180,A01,1,7,8,0,1,14,1,
202100004236,194 178,A01,3,7,0,2,0,0,1,
202100004236,194 179,B01,3,7,0,2,7,0,1,
202100004237,194 176,B01,2,30,0,0,4,1,1,
202100004237,194 177,A01,1,7,0,2,1,1,1,
202100004238,194 174,B01,2,1,0,2,1,1,5,
202100004238,194 175,A01,1,7,0,2,8,1,1,
202100004239,194 172,B01,2,7,0,2,2,1,1,
202100004239,194 173,A01,1,32,0,2,1,15,1,
202100004240,194 171,A01,1,7,2,0,1,1,1,
202100004241,194 170,A01,2,7,6,0,1,14,1,
202100004242,194 169,A01,3,7,0,1,1,15,1,
202100004243,194 168,A01,2,7,0,1,1,1,1,
202100004244,194 167,A01,3,7,0,0,1,0,1,
202100004245,194 165,A01,1,7,0,2,1,17,1,
202100004245,194 166,B01,1,7,0,2,3,1,2,
202100004246,194 163,B01,3,10,0,2,1,1,1,
202100004246,194 164,A01,3,10,0,2,2,5,1,
202100004247,194 161,B01,2,7,0,2,1,1,1,
202100004247,194 162,A01,1,7,0,2,1,13,1,
202100004248,194 160,A01,1,7,8,0,1,16,1,
202100004249,194 158,A01,3,7,0,2,1,1,1,
202100004249,194 159,B01,3,7,0,2,8,15,1,
202100004250,194 156,A01,2,7,0,2,1,2,1,
202100004250,194 157,B01,2,7,0,0,4,2,1,
202100004251,194 155,A01,1,7,0,1,1,19,1,
202100004252,194 153,A01,0,7,0,2,3,9,1,