Num_Acc,id_vehicule,num_veh,senc,catv,obs,obsm,choc,manv,motor,occutc
202100004252,194 154,B01,0,7,0,2,1,1,1,
202100004253,194 152,A01,1,10,0,1,1,15,1,
202100004254,194 150,A01,1,7,0,2,3,15,1,
202100004254,194 151,B01,1,2,0,2,1,1,1,
202100004255,194 148,B01,1,7,0,2,3,1,1,
202100004255,194 149,A01,2,7,0,2,1,15,1,
202100004256,194 146,B01,2,7,0,2,4,21,1,
202100004256,194 147,A01,2,10,0,2,1,1,1,
202100004257,194 143,A01,2,7,0,2,3,13,1,
202100004257,194 144,B01,1,7,0,2,3,1,1,
202100004257,194 145,C01,2,7,0,2,1,1,1,
202100004258,194 142,A01,1,7,1,0,1,14,1,
202100004259,194 140,A01,1,7,0,2,1,1,1,
202100004259,194 141,B01,0,7,0,2,1,1,1,
202100004260,194 138,A01,1,7,0,2,2,1,1,
202100004260,194 139,B01,2,80,0,2,1,9,3,
202100004261,194 137,A01,3,7,0,1,2,15,1,
202100004262,194 136,A01,1,7,0,1,1,2,1,
202100004263,194 135,A01,2,10,13,0,3,13,1,
202100004264,194 134,A01,1,7,0,1,3,1,1,
202100004265,194 132,B01,0,7,14,0,1,2,1,
202100004265,194 133,A01,0,7,2,0,1,1,1,
202100004266,194 131,A01,2,7,1,0,2,1,1,
202100004267,194 129,A01,2,7,0,2,1,15,1,
202100004267,194 130,B01,1,1,0,2,1,1,0,
202100004268,194 128,A01,3,7,0,1,3,1,1,
202100004269,194 127,A01,0,7,6,0,1,19,1,
202100004270,194 122,B01,0,50,0,0,0,0,3,
202100004270,194 123,A01,0,7,0,2,1,9,1,
202100004271,194 121,A01,3,33,8,0,1,9,1,
202100004272,194 120,A01,3,7,0,1,2,1,1,
202100004273,194 118,A01,2,7,0,2,3,11,1,
202100004273,194 119,B01,2,2,0,2,2,1,1,
202100004274,194 117,A01,2,7,0,1,1,1,1,
202100004275,194 116,A01,1,7,0,1,3,2,1,
202100004276,194 115,A01,2,30,12,0,1,12,1,
202100004277,194 113,A01,1,7,0,2,2,5,1,
202100004277,194 114,B01,1,7,0,2,1,1,2,
202100004278,194 111,B01,2,33,0,2,1,1,1,
202100004278,194 112,A01,2,7,0,0,6,19,1,
202100004279,194 109,B01,2,50,0,2,8,5,3,
202100004279,194 110,A01,1,10,8,9,2,1,1,
202100004280,194 108,Z01,3,3,0,1,0,15,0,
202100004281,194 105,A01,2,30,0,2,7,1,1,
202100004281,194 106,B01,1,7,0,2,2,15,1,
202100004281,194 107,C01,1,7,0,2,1,23,1,
202100004282,194 104,A01,1,7,0,1,3,0,1,
202100004283,194 103,A01,1,7,13,0,1,1,1,
202100004284,194 100,A01,1,7,11,2,1,1,1,
202100004284,194 101,B01,1,7,0,2,4,1,1,
202100004284,194 102,C01,1,10,0,2,4,1,4,
202100004285,194 098,B01,2,33,0,2,4,23,1,
202100004285,194 099,A01,2,14,0,2,1,1,1,
202100004286,194 096,A01,1,30,0,2,4,13,3,
202100004286,194 097,B01,1,7,0,2,1,1,1,
202100004287,194 094,Z01,2,7,0,2,0,1,0,
202100004287,194 095,A01,2,10,0,2,5,1,1,
202100004288,194 093,A01,1,32,0,1,1,1,1,
202100004289,194 091,Z01,2,50,0,1,0,1,3,
202100004290,194 089,B01,1,7,0,2,0,23,1,
202100004290,194 090,A01,2,33,0,2,1,5,1,
202100004291,194 088,A01,1,7,11,0,1,1,2,
202100004292,194 087,A01,1,1,0,0,0,21,5,
202100004293,194 085,Z01,1,7,0,2,1,2,1,
202100004293,194 086,A01,1,7,0,2,4,2,1,
202100004294,194 083,B01,2,10,0,2,8,1,1,
202100004294,194 084,A01,2,33,1,2,2,17,1,
202100004295,194 081,A01,1,7,0,2,6,13,1,
202100004295,194 082,B01,1,14,0,2,2,1,1,
202100004296,194 079,A01,2,7,0,2,3,22,2,
202100004296,194 080,B01,2,1,0,2,1,1,5,
202100004297,194 077,A01,2,1,0,2,1,5,5,
202100004297,194 078,B01,1,30,0,2,1,1,3,
202100004298,194 076,A01,3,1,0,0,0,1,5,
202100004299,194 074,B01,1,33,0,2,3,1,1,
202100004299,194 075,A01,1,7,0,0,7,15,1,
202100004300,194 073,A01,1,7,8,0,1,1,2,
202100004301,194 072,A01,2,7,0,1,1,1,1,
202100004302,194 071,A01,2,50,0,0,0,25,3,
202100004303,194 065,B01,3,33,0,2,8,18,1,
202100004303,194 066,A01,3,7,0,2,2,20,1,
202100004304,194 063,B01,1,33,12,2,7,15,1,
202100004304,194 064,A01,2,7,12,2,1,1,1,
202100004305,194 059,A01,1,30,0,2,1,1,1,
202100004305,194 060,B01,1,7,0,0,5,1,1,
202100004306,194 057,A01,3,7,0,2,1,13,1,
202100004306,194 058,B01,3,16,0,2,2,1,0,
202100004307,194 056,A01,-1,10,0,1,2,1,1,
202100004308,194 054,A01,3,7,0,2,8,11,1,
202100004308,194 055,B01,0,7,0,2,2,0,1,
202100004309,194 053,A01,1,7,1,1,1,17,1,
202100004310,194 050,B01,3,7,0,2,6,2,1,
202100004310,194 051,A01,3,7,0,2,1,1,1,
202100004310,194 052,C01,2,7,0,2,1,1,1,
202100004311,194 048,B01,3,99,0,2,1,5,3,
202100004311,194 049,A01,3,7,0,9,1,9,1,
202100004312,194 047,A01,0,33,15,0,2,9,1,
202100004313,194 046,A01,1,34,12,0,1,1,0,
202100004314,194 045,A01,2,30,0,2,7,26,1,
202100004315,194 043,A01,1,7,0,2,8,15,1,
202100004315,194 044,B01,1,2,0,2,1,1,1,
202100004316,194 042,A01,3,32,0,0,9,10,1,
202100004317,194 041,A01,2,2,12,0,0,1,0,
202100004318,194 039,A01,0,10,0,2,3,15,1,
202100004318,194 040,B01,0,0,0,0,0,0,0,
202100004319,194 038,A01,2,7,6,2,1,1,1,
202100004320,194 036,A01,2,7,0,2,2,1,1,
202100004320,194 037,B01,1,7,0,2,3,17,1,
202100004321,194 034,A01,1,7,0,2,8,16,1,
202100004321,194 035,B01,2,10,0,2,1,1,1,
202100004322,194 032,B01,1,7,0,2,6,1,1,
202100004322,194 033,A01,2,7,0,2,3,13,1,
202100004323,194 031,A01,2,7,2,0,7,15,1,
202100004324,194 030,A01,0,7,13,0,1,1,1,
202100004325,194 028,A01,1,7,0,2,2,15,1,
202100004325,194 029,B01,2,7,0,0,1,1,1,
202100004326,194 026,A01,2,7,0,2,2,2,1,
202100004326,194 027,B01,2,30,0,0,4,2,1,
202100004327,194 024,A01,3,50,10,0,2,1,3,
202100004328,194 023,A01,2,7,8,0,3,1,1,
202100004329,194 020,A01,1,7,0,0,6,15,1,
202100004329,194 021,B01,1,10,0,2,1,21,1,
202100004329,194 022,C01,2,7,0,2,8,1,1,
202100004330,194 018,A01,1,33,0,2,4,1,1,
202100004330,194 019,B01,1,7,0,2,1,1,3,
202100004331,194 016,A01,2,10,0,2,1,13,1,
202100004331,194 017,B01,1,7,0,2,1,1,1,
202100004332,194 014,A01,1,7,0,2,4,1,1,
202100004332,194 015,B01,2,13,0,2,1,1,1,
202100004333,194 012,A01,1,7,0,2,1,19,1,
202100004333,194 013,B01,1,1,0,2,3,1,5,
202100004334,194 011,A01,0,1,0,0,0,1,0,
202100004335,194 010,A01,3,7,13,0,1,1,1,
202100004336,194 009,A01,1,7,0,1,3,1,1,
202100004337,194 007,B01,2,2,0,2,1,1,1,
202100004337,194 008,A01,1,10,0,2,7,9,1,
202100004338,194 005,A01,2,7,0,2,6,1,1,
202100004338,194 006,B01,3,17,0,2,2,9,1,
202100004339,194 004,A01,3,7,0,1,3,15,1,
202100004340,194 002,A01,1,7,0,2,3,13,1,
202100004340,194 003,B01,2,33,0,2,1,1,1,
202100004341,193 996,C01,2,7,0,2,1,1,2,
202100004341,193 997,A01,2,7,0,0,4,1,1,
202100004341,193 998,B01,2,7,0,2,1,1,1,
202100004341,193 999,D01,2,7,0,0,4,1,1,
202100004341,194 000,E01,2,7,0,0,4,1,1,
202100004341,194 001,F01,2,7,0,2,1,1,0,
202100004342,193 994,B01,1,7,0,0,4,2,1,
202100004342,193 995,A01,1,7,0,2,1,2,1,
202100004343,193 992,B01,2,7,0,0,4,23,1,
202100004343,193 993,A01,1,10,1,0,2,14,1,
202100004344,193 991,A01,1,33,14,0,0,17,1,
202100004345,193 989,B01,2,7,0,2,1,1,1,
202100004345,193 990,A01,1,7,0,2,1,13,1,
202100004346,193 987,A01,1,14,0,2,1,13,1,
202100004346,193 988,B01,2,7,0,2,1,1,1,
202100004347,193 986,A01,2,2,14,0,1,1,1,
202100004348,193 985,A01,3,7,14,0,3,19,1,
202100004349,193 983,B01,1,7,0,2,1,5,3,
202100004349,193 984,A01,2,10,0,2,1,1,1,
202100004350,193 981,B01,2,7,0,0,6,2,1,
202100004350,193 982,A01,2,2,0,2,1,2,0,
202100004351,193 979,B01,3,7,0,0,0,15,1,
202100004351,193 980,A01,3,1,0,0,7,1,5,
202100004352,193 978,A01,1,7,0,1,1,1,1,
202100004353,193 975,A01,3,7,0,2,3,13,2,
202100004353,193 976,B01,3,7,0,2,3,1,2,
202100004353,193 977,C01,3,7,0,2,3,1,1,
202100004354,193 974,A01,1,7,2,0,1,2,1,
202100004355,193 971,C01,2,7,0,2,1,2,1,
202100004355,193 972,B01,2,7,0,2,1,1,1,
202100004355,193 973,A01,1,10,0,2,1,21,1,
202100004356,193 970,A01,3,7,0,1,3,15,1,
202100004357,193 968,B01,1,7,0,2,3,9,1,
202100004357,193 969,A01,1,2,0,2,1,1,1,
202100004358,193 967,A01,1,10,0,1,2,1,1,
202100004359,193 966,A01,0,7,13,0,3,13,1,
202100004360,193 965,A01,1,7,0,1,3,1,3,
202100004361,193 964,A01,1,7,0,1,8,26,0,
202100004362,193 962,A01,2,7,0,2,1,1,1,
202100004362,193 963,B01,2,21,0,0,6,1,1,
202100004363,193 958,D01,2,10,0,2,1,1,1,
202100004363,193 959,C01,2,10,0,2,4,1,1,
202100004363,193 960,B01,2,7,0,2,7,1,1,
202100004363,193 961,A01,2,7,0,2,4,0,1,
202100004364,193 956,B01,1,7,0,2,3,0,1,
202100004364,193 957,A01,1,15,0,2,2,0,1,
202100004365,193 954,B01,1,14,0,2,1,1,1,
202100004365,193 955,A01,1,10,0,0,4,1,1,
202100004366,193 953,A01,2,7,3,2,6,1,1,
202100004367,193 951,A01,2,7,0,2,8,1,1,
202100004367,193 952,B01,2,7,0,2,3,11,-1,
202100004368,193 950,A01,2,7,4,0,8,2,1,
202100004369,193 949,A01,1,7,3,0,1,2,1,
202100004370,193 947,B01,1,7,0,2,4,1,1,
202100004370,193 948,A01,1,7,0,2,1,1,2,
202100004371,193 946,A01,2,7,4,0,1,14,1,
202100004372,193 944,B01,2,32,0,0,7,1,1,
202100004372,193 945,A01,1,7,0,0,0,12,1,
202100004373,193 942,A01,1,7,0,2,0,12,1,
202100004373,193 943,B01,1,33,0,2,0,1,1,
202100004374,193 940,B01,1,7,0,2,6,1,1,
202100004374,193 941,A01,1,7,0,2,2,12,1,
202100004375,193 938,A01,2,7,0,2,8,11,1,
202100004375,193 939,B01,2,31,0,2,7,1,1,
202100004376,193 934,A01,1,7,0,2,1,2,1,
202100004376,193 935,B01,1,14,0,2,1,2,1,
202100004376,193 936,C01,1,14,0,2,1,2,1,
202100004376,193 937,D01,1,14,0,2,4,2,1,
202100004377,193 933,A01,2,7,4,0,9,13,1,
202100004378,193 932,A01,2,10,3,0,2,1,1,
202100004379,193 931,A01,2,14,0,1,0,0,0,
202100004380,193 929,B01,1,33,0,2,5,1,1,
202100004380,193 930,A01,1,7,0,2,3,11,1,
202100004381,193 927,B01,2,14,0,2,6,2,1,
202100004381,193 928,A01,2,32,0,2,2,21,1,
202100004382,193 924,A01,1,7,0,2,1,2,1,
202100004382,193 925,B01,1,7,0,2,4,2,1,
202100004382,193 926,C01,1,7,0,2,4,2,1,
202100004383,193 922,A01,2,7,0,2,5,12,1,
202100004383,193 923,B01,2,33,0,2,1,1,1,
202100004384,193 919,A01,2,7,0,2,8,11,1,
202100004384,193 920,C01,2,7,0,2,5,1,1,
202100004384,193 921,B01,2,33,0,2,7,3,1,
202100004385,193 917,A01,2,13,0,2,2,12,1,
202100004385,193 918,B01,2,7,0,2,8,1,1,
202100004386,193 915,A01,1,7,0,2,7,12,1,
202100004386,193 916,B01,1,33,0,2,8,3,1,
202100004387,193 913,A01,2,33,0,2,1,3,1,
202100004387,193 914,B01,2,7,0,2,8,11,1,
202100004388,193 911,A01,2,10,0,2,1,12,1,
202100004388,193 912,B01,2,7,0,2,4,1,1,
202100004389,193 909,B01,1,7,0,2,4,1,1,
202100004389,193 910,A01,1,10,0,2,1,1,1,
202100004390,193 906,A01,2,7,0,2,2,12,1,
202100004390,193 907,B01,2,7,0,2,3,1,1,
202100004390,193 908,C01,2,17,0,2,5,1,1,
202100004391,193 905,A01,1,7,3,0,1,1,1,
202100004392,193 904,A01,1,1,2,0,0,21,5,
202100004393,193 901,A01,3,30,0,2,2,17,1,
202100004393,193 902,B01,1,10,0,2,3,15,6,
202100004394,193 900,A01,1,7,4,0,3,13,1,
202100004395,193 898,A01,1,7,0,2,6,2,1,
202100004395,193 899,Z01,1,7,0,2,2,2,1,
202100004396,193 897,A01,2,7,0,1,1,16,2,
202100004397,193 895,A01,1,1,0,2,7,17,5,
202100004397,193 896,B01,1,1,0,2,8,13,5,
202100004398,193 894,A01,1,7,0,1,3,15,1,
202100004399,193 893,A01,2,32,0,1,1,1,1,
202100004400,193 892,Z01,1,7,0,1,1,16,0,
202100004401,193 890,A01,2,10,0,2,4,4,1,
202100004401,193 891,B01,2,30,0,2,1,23,1,
202100004402,193 889,A01,1,30,0,1,1,15,3,
202100004403,193 888,A01,1,30,0,1,1,1,3,
202100004404,193 886,B01,1,7,0,2,4,23,1,
202100004404,193 887,A01,1,7,0,2,1,2,1,
202100004405,193 885,A01,1,10,0,1,1,15,1,
202100004406,193 883,B01,1,1,0,2,1,1,5,
202100004406,193 884,A01,1,7,0,2,8,22,1,
202100004407,193 880,A01,2,7,0,2,6,2,2,
202100004407,193 881,B01,2,32,0,2,1,2,1,
202100004407,193 882,C01,2,32,0,2,1,2,3,
202100004408,193 878,B01,1,7,0,2,3,1,1,
202100004408,193 879,A01,2,30,0,2,1,1,1,
202100004409,193 877,B01,1,50,1,2,2,1,3,
202100004410,193 875,A01,3,7,0,2,1,15,1,
202100004410,193 876,B01,3,33,0,2,1,1,1,
202100004411,193 874,A01,1,7,0,1,1,15,1,
202100004412,193 872,Z01,3,10,0,2,0,15,0,
202100004412,193 873,A01,2,31,0,2,8,17,1,
202100004413,193 871,A01,2,10,0,1,2,15,1,
202100004414,193 869,B01,1,32,0,2,7,1,1,
202100004414,193 870,A01,1,7,0,2,8,11,1,
202100004415,193 868,A01,2,7,0,1,3,1,1,
202100004416,193 867,A01,2,34,0,0,1,15,1,
202100004417,193 866,A01,-1,3,0,1,2,15,1,
202100004418,193 864,B01,1,7,0,2,3,15,1,
202100004418,193 865,A01,1,2,0,2,2,17,1,
202100004419,193 862,A01,3,7,0,2,2,19,0,
202100004419,193 863,B01,0,32,0,2,0,0,1,
202100004420,193 861,A01,1,7,0,1,2,26,1,
202100004421,193 859,A01,3,7,0,2,7,26,6,
202100004421,193 860,B01,2,60,9,1,1,25,5,
202100004422,193 858,A01,1,7,0,1,4,26,1,
202100004423,193 856,A01,1,7,0,2,1,2,1,
202100004423,193 857,B01,1,7,0,2,0,0,1,
202100004424,193 854,B01,2,10,0,1,0,1,1,
202100004424,193 855,A01,2,10,0,1,1,1,1,
202100004425,193 852,B01,2,7,0,2,2,1,1,
202100004425,193 853,A01,2,7,0,2,3,26,1,
202100004426,193 850,B01,1,14,0,2,3,1,1,
202100004426,193 851,A01,1,7,0,2,1,1,1,
202100004427,193 848,B01,1,50,0,2,1,1,3,
202100004427,193 849,A01,1,7,0,2,3,16,1,
202100004428,193 847,A01,2,30,0,1,0,21,3,
202100004429,193 846,A01,1,3,0,1,4,4,1,
202100004430,193 844,B01,2,30,1,2,4,0,1,
202100004430,193 845,A01,2,7,1,2,4,0,1,
202100004431,193 843,A01,1,2,4,0,2,1,1,
202100004432,193 841,A01,2,7,0,2,3,1,1,
202100004432,193 842,B01,1,7,0,2,3,1,1,
202100004433,193 840,A01,1,7,4,0,2,13,1,
202100004434,193 838,B01,2,10,0,2,1,1,1,
202100004434,193 839,A01,2,20,0,2,2,10,1,
202100004435,193 836,B01,1,7,0,0,4,1,3,
202100004435,193 837,A01,1,7,0,2,1,1,1,
202100004436,193 834,A01,2,7,0,2,1,13,1,
202100004436,193 835,B01,1,10,0,2,3,1,1,
202100004437,193 832,A01,2,7,0,2,8,0,2,
202100004437,193 833,B01,1,7,0,2,8,5,1,
202100004438,193 829,A01,1,7,0,2,4,1,1,
202100004438,193 830,C01,1,7,0,2,1,2,1,
202100004438,193 831,B01,1,10,0,2,4,2,1,
202100004439,193 827,A01,2,7,0,2,3,13,1,
202100004439,193 828,B01,1,7,0,2,3,1,1,
202100004440,193 825,B01,3,2,0,2,1,1,1,
202100004440,193 826,A01,3,7,0,2,2,15,1,
202100004441,193 824,A01,1,7,13,0,1,1,0,
202100004442,193 822,A01,2,7,0,2,3,16,1,
202100004442,193 823,B01,2,1,0,2,1,16,5,
202100004443,193 821,A01,1,10,2,0,2,1,1,
202100004444,193 819,B01,2,7,0,2,8,0,1,
202100004444,193 820,A01,1,7,0,2,8,11,1,
202100004445,193 817,B01,1,7,0,2,3,15,1,
202100004445,193 818,A01,1,2,0,2,1,17,1,
202100004446,193 816,A01,3,36,2,0,1,1,1,
202100004447,193 815,A01,2,33,0,0,0,1,1,
202100004448,193 813,A01,1,31,0,2,3,13,1,
202100004448,193 814,B01,2,7,0,2,3,9,1,
202100004449,193 811,A01,1,33,0,2,1,1,1,
202100004449,193 812,B01,1,10,0,2,6,1,1,
202100004450,193 809,B01,2,7,0,2,1,1,1,
202100004450,193 810,A01,1,7,0,2,2,15,1,
202100004451,193 808,A01,1,7,13,0,7,1,1,
202100004452,193 807,A01,1,7,2,0,2,1,1,
202100004453,193 806,A01,3,7,13,0,1,13,1,
202100004454,193 804,A01,1,7,0,2,1,23,1,
202100004454,193 805,B01,2,7,0,2,1,1,1,
202100004455,193 802,B01,2,7,0,2,1,1,1,
202100004455,193 803,A01,1,17,3,2,1,6,1,
202100004456,193 800,B01,1,10,0,2,8,1,1,
202100004456,193 801,A01,1,7,0,2,2,12,1,
202100004457,193 798,A01,2,7,4,2,3,17,1,
202100004457,193 799,B01,2,7,0,2,3,1,1,
202100004458,193 796,B01,0,1,0,2,1,1,5,
202100004458,193 797,A01,0,7,0,0,3,2,1,
202100004459,193 794,A01,1,33,0,2,1,17,1,
202100004459,193 795,B01,1,10,0,0,8,15,1,
202100004460,193 793,A01,1,33,2,0,8,1,0,
202100004461,193 791,A01,2,7,0,2,3,13,1,
202100004461,193 792,B01,1,7,0,2,3,1,1,
202100004462,193 790,A01,2,7,11,0,1,1,1,
202100004463,193 788,B01,1,7,0,2,3,1,1,
202100004463,193 789,A01,2,7,0,2,1,17,1,
202100004464,193 787,A01,1,33,0,0,9,1,1,
202100004465,193 785,A01,3,10,0,2,2,9,1,
202100004465,193 786,B01,3,31,0,2,1,1,1,
202100004466,193 784,A01,1,7,2,0,8,1,1,
202100004467,193 782,A01,1,7,0,2,1,5,1,
202100004467,193 783,B01,2,37,0,2,1,1,1,1.0
202100004468,193 781,A01,1,10,0,0,7,1,1,
202100004469,193 780,A01,2,7,4,0,0,2,1,
202100004470,193 778,A01,1,7,0,2,5,17,1,
202100004470,193 779,B01,1,17,0,2,3,1,1,
202100004471,193 777,A01,1,7,4,0,9,19,1,
202100004472,193 774,A01,2,7,0,2,4,1,1,
202100004472,193 775,B01,2,7,0,2,4,11,1,
202100004472,193 776,C01,1,7,0,2,6,1,1,
202100004473,193 772,A01,1,10,0,2,1,1,1,
202100004473,193 773,B01,1,17,0,2,4,1,1,
202100004474,193 771,A01,1,7,4,0,1,14,1,
202100004475,193 769,B01,2,10,0,2,4,2,1,
202100004475,193 770,A01,2,10,0,2,1,2,1,
202100004476,193 766,A01,2,17,0,2,1,2,1,
202100004476,193 767,C01,2,17,0,2,4,2,1,
202100004476,193 768,B01,2,7,0,2,4,2,1,
202100004477,193 765,A01,2,7,16,0,7,2,1,
202100004478,193 763,Z01,2,15,0,0,0,0,0,
202100004478,193 764,A01,2,7,0,2,1,2,1,
202100004479,193 761,B01,1,7,0,2,1,1,1,
202100004479,193 762,A01,1,7,0,2,7,10,1,
202100004480,193 759,A01,1,7,0,2,1,2,1,
202100004480,193 760,B01,1,7,0,2,4,0,1,
202100004481,193 757,A01,2,31,0,2,0,3,1,
202100004481,193 758,B01,2,7,0,2,6,1,1,
202100004482,193 754,T01,1,7,12,0,0,0,1,
202100004482,193 755,B01,1,7,12,0,5,0,1,
202100004482,193 756,A01,1,7,12,0,3,18,1,
202100004483,193 753,A01,2,33,0,0,1,3,1,
202100004484,193 752,A01,1,7,4,0,1,1,1,
202100004485,193 751,A01,1,7,3,0,1,1,1,
202100004486,193 748,C01,2,7,1,0,4,23,1,
202100004486,193 749,B01,2,7,1,2,4,23,1,
202100004486,193 750,A01,2,7,1,2,1,1,1,
202100004487,193 747,A01,2,7,4,0,3,1,1,
202100004488,193 746,A01,2,10,4,0,2,1,1,
202100004489,193 744,B01,1,7,3,2,1,1,1,
202100004489,193 745,A01,1,10,3,2,7,18,1,
202100004490,193 742,A01,1,7,0,2,4,1,2,
202100004490,193 743,B01,1,7,0,2,1,2,1,
202100004491,193 739,A01,2,33,0,2,9,21,1,
202100004491,193 740,B01,2,7,0,0,5,1,1,
202100004491,193 741,C01,2,7,0,0,6,1,1,
202100004492,193 736,C01,2,7,14,0,2,2,1,
202100004492,193 737,B01,2,7,0,2,3,2,1,
202100004492,193 738,A01,2,7,3,2,7,17,1,
202100004493,193 734,X01,3,7,0,2,1,16,1,
202100004493,193 735,A01,2,99,0,2,5,1,5,
202100004494,193 733,A01,2,33,10,0,7,9,1,
202100004495,193 731,B01,1,7,0,2,6,15,1,
202100004495,193 732,A01,1,33,0,2,1,1,1,
202100004496,193 729,A01,3,7,0,2,1,15,1,
202100004496,193 730,B01,0,32,0,0,6,1,1,
202100004497,193 728,A01,1,7,0,1,1,1,1,
202100004498,193 726,A01,2,7,0,2,3,9,1,
202100004498,193 727,B01,1,1,0,2,7,12,5,
202100004499,193 725,A01,2,7,4,0,1,1,1,
202100004500,193 724,A01,1,1,0,1,1,15,5,
202100004501,193 723,A01,1,7,0,1,1,9,1,
202100004502,193 721,A01,2,7,13,0,1,2,1,
202100004503,193 720,A01,1,7,0,0,1,1,1,
202100004504,193 718,B01,2,32,0,2,2,15,1,
202100004504,193 719,A01,2,10,0,2,3,15,1,
202100004505,193 717,A01,1,7,14,0,1,16,1,
202100004506,193 716,A01,0,33,0,1,1,26,1,
202100004507,193 715,A01,2,1,0,0,1,1,5,
202100004508,193 713,A01,0,10,0,2,1,2,1,
202100004508,193 714,B01,0,7,0,0,4,2,1,
202100004509,193 712,A01,1,7,8,0,1,26,1,
202100004510,193 711,A01,1,7,8,1,1,14,1,
202100004511,193 709,B01,2,7,0,2,3,13,1,
202100004511,193 710,A01,2,7,6,2,2,1,1,
202100004512,193 708,A01,2,7,6,0,1,16,1,
202100004513,193 706,A01,3,7,1,2,2,13,1,
202100004513,193 707,B01,3,7,1,2,3,1,1,
202100004514,193 705,A01,1,7,0,1,1,21,1,
202100004515,193 704,A01,1,7,7,0,9,6,1,
202100004516,193 700,B01,3,7,0,2,7,2,1,
202100004516,193 701,A01,3,7,0,2,1,9,1,
202100004517,193 699,A01,1,7,0,1,1,1,1,
202100004518,193 698,A01,0,7,13,0,1,13,1,
202100004519,193 696,B01,3,7,0,2,2,21,1,
202100004519,193 697,A01,3,7,0,2,1,5,1,
202100004520,193 695,A01,3,10,0,1,3,15,1,
202100004521,193 694,A01,3,7,11,0,1,1,1,
202100004522,193 693,A01,2,15,4,0,2,2,1,
202100004523,193 690,C01,2,7,0,2,4,1,1,
202100004523,193 691,B01,2,7,0,2,1,1,1,
202100004523,193 692,A01,2,7,0,2,1,1,1,
202100004524,193 689,A01,2,7,4,0,3,26,1,
202100004525,193 687,B01,1,1,0,2,4,1,5,
202100004525,193 688,A01,1,7,0,2,1,1,1,
202100004526,193 684,A01,3,7,0,2,1,2,1,
202100004526,193 685,B01,3,7,0,2,1,2,1,
202100004526,193 686,C01,3,7,0,2,4,2,1,
202100004527,193 682,A01,3,32,0,9,1,17,1,
202100004527,193 683,B01,3,50,0,2,1,1,3,
202100004528,193 680,B01,2,30,0,2,1,1,1,
202100004528,193 681,A01,1,10,0,2,1,15,1,
202100004529,193 679,A01,2,7,13,0,1,14,1,
202100004530,193 678,A01,3,7,13,0,1,14,1,
202100004531,193 677,A01,3,10,0,1,2,1,1,
202100004532,193 675,A01,3,1,0,2,1,19,5,
202100004532,193 676,B01,3,7,0,2,5,1,1,
202100004533,193 673,B01,1,1,0,2,3,1,5,
202100004533,193 674,A01,1,7,0,2,3,1,1,
202100004534,193 671,B01,2,7,0,2,5,22,1,
202100004534,193 672,A01,2,1,0,2,1,18,5,
202100004535,193 669,Z01,1,7,0,2,0,2,0,
202100004535,193 670,A01,1,32,0,2,4,2,1,
202100004536,193 668,A01,1,10,0,1,3,15,1,
202100004537,193 666,B01,1,30,0,2,1,1,3,
202100004537,193 667,A01,1,7,0,2,4,23,1,
202100004538,193 664,B01,3,33,0,2,2,17,1,
202100004538,193 665,A01,3,7,0,2,3,10,1,
202100004539,193 663,A01,1,7,0,1,3,1,1,
202100004540,193 661,A01,3,32,0,2,1,1,1,
202100004540,193 662,Z01,0,7,0,2,1,20,0,
202100004541,193 660,A01,1,80,0,2,0,21,3,
202100004542,193 658,B01,1,30,0,2,1,15,1,
202100004542,193 659,A01,2,7,0,2,1,1,3,
202100004543,193 655,C01,1,7,0,2,4,23,1,
202100004543,193 656,B01,1,7,0,2,4,23,1,
202100004543,193 657,A01,1,7,0,2,1,2,1,
202100004544,193 653,B01,2,7,0,2,6,1,1,
202100004544,193 654,A01,1,7,0,2,1,1,1,
202100004545,193 650,A01,1,7,0,2,3,10,1,
202100004545,193 651,C01,1,33,0,2,0,1,1,
202100004545,193 652,B01,1,33,0,2,1,1,1,
202100004546,193 649,A01,2,30,0,9,8,21,1,
202100004547,193 647,A01,1,7,0,2,8,26,1,
202100004547,193 648,B01,1,7,0,2,1,26,1,
202100004548,193 646,B01,2,30,0,2,4,9,1,
202100004549,193 644,B01,2,7,0,2,8,1,1,
202100004549,193 645,A01,2,7,0,2,1,9,1,
202100004550,193 642,A01,2,7,0,2,5,9,2,
202100004550,193 643,B01,2,33,0,2,1,1,1,
202100004551,193 640,B01,1,30,0,2,8,0,1,
202100004551,193 641,A01,2,10,0,2,1,15,1,
202100004552,193 638,B01,-1,7,0,2,0,-1,-1,
202100004552,193 639,A01,-1,30,0,0,0,-1,-1,
202100004553,193 636,B01,2,30,0,2,1,1,0,
202100004553,193 637,A01,1,7,0,2,1,11,0,
202100004554,193 635,A01,1,30,0,-1,0,0,0,
202100004555,193 633,B01,0,7,0,2,1,1,1,
202100004555,193 634,A01,3,7,0,2,1,11,1,
202100004556,193 631,B01,3,10,0,2,1,13,1,
202100004556,193 632,A01,3,7,0,2,1,1,1,
202100004557,193 629,B01,1,7,0,2,5,0,1,
202100004557,193 630,A01,1,7,0,2,3,0,1,
202100004558,193 628,A01,2,7,14,0,1,21,1,
202100004559,193 626,A01,1,7,1,0,2,17,1,
202100004559,193 627,B01,1,10,1,0,6,23,0,
202100004560,193 624,A01,1,7,0,2,8,15,1,