Num_Acc,id_vehicule,num_veh,senc,catv,obs,obsm,choc,manv,motor,occutc
202100004560,193 625,B01,1,33,0,0,7,1,1,
202100004561,193 623,B01,1,7,0,1,3,1,1,
202100004562,193 621,B01,3,1,1,2,8,1,5,
202100004562,193 622,A01,3,7,1,2,3,13,1,
202100004563,193 620,A01,1,32,14,0,1,13,1,
202100004564,193 618,B01,1,30,0,2,1,9,3,
202100004564,193 619,A01,1,7,0,2,5,4,1,
202100004565,193 617,A01,2,7,13,0,2,1,1,
202100004566,193 616,A01,2,1,5,0,1,1,5,
202100004567,193 614,B01,1,33,0,2,3,1,1,
202100004567,193 615,A01,2,7,0,2,1,15,1,
202100004568,193 612,A01,1,7,0,0,1,0,1,
202100004568,193 613,B01,2,7,0,0,1,0,1,
202100004569,193 611,A01,1,2,0,1,2,1,1,
202100004570,193 609,B01,2,7,0,2,1,1,1,
202100004570,193 610,A01,1,7,0,2,1,1,1,
202100004571,193 607,A01,1,15,0,0,3,1,1,
202100004571,193 608,B01,1,7,0,0,3,1,2,
202100004572,193 605,B01,2,7,0,2,1,1,1,
202100004572,193 606,A01,1,7,0,2,8,15,1,
202100004573,193 601,B01,1,7,0,2,3,15,3,
202100004573,193 602,A01,2,2,0,2,1,17,1,
202100004574,193 600,A01,1,33,0,0,0,1,1,
202100004575,193 598,B01,1,2,0,2,1,1,1,
202100004575,193 599,A01,2,7,0,2,2,15,1,
202100004576,193 595,B01,2,7,0,2,1,1,1,
202100004576,193 596,A01,1,7,0,2,3,1,1,
202100004577,193 593,B01,1,1,0,2,2,15,5,
202100004577,193 594,A01,1,7,0,2,3,2,1,
202100004578,193 590,B01,2,7,0,2,3,14,1,
202100004578,193 591,A01,1,10,0,2,2,17,1,
202100004579,193 589,A01,3,7,12,0,2,1,1,
202100004580,193 587,B01,2,7,0,0,4,15,1,
202100004580,193 588,A01,2,7,0,2,1,1,1,
202100004581,193 585,B01,2,17,0,2,3,1,1,
202100004581,193 586,A01,1,7,0,2,1,13,1,
202100004582,193 583,A01,1,7,0,2,1,1,1,
202100004582,193 584,B01,1,7,0,2,3,1,1,
202100004583,193 581,A01,0,7,0,2,1,0,1,
202100004583,193 582,B01,0,7,0,2,1,0,1,
202100004584,193 580,A01,1,7,2,0,8,14,1,
202100004585,193 579,A01,0,7,0,1,1,0,0,
202100004586,193 577,A01,2,7,0,2,3,1,1,
202100004586,193 578,B01,1,7,0,2,3,1,1,
202100004587,193 576,A01,2,7,2,0,3,13,1,
202100004588,193 575,A01,1,33,3,0,1,17,1,
202100004589,193 574,A01,1,7,13,0,1,15,1,
202100004590,193 572,A01,2,7,17,0,3,0,1,
202100004591,193 571,A01,2,7,13,0,1,1,1,
202100004592,193 569,A01,1,7,0,2,1,2,1,
202100004592,193 570,B01,1,7,0,0,4,2,1,
202100004593,193 567,B01,2,7,0,2,1,11,1,
202100004593,193 568,A01,1,7,0,2,1,1,1,
202100004594,193 566,A01,2,7,0,1,1,1,1,
202100004595,193 564,B01,2,33,0,2,0,17,1,
202100004595,193 565,A01,2,7,0,2,3,15,1,
202100004596,193 562,A01,0,10,0,2,1,17,1,
202100004596,193 563,B01,0,7,0,0,4,2,1,
202100004597,193 560,A01,1,7,13,2,3,15,1,
202100004597,193 561,B01,1,7,0,2,2,17,1,
202100004598,193 558,A01,1,7,0,0,7,15,1,
202100004598,193 559,B01,2,2,0,2,1,1,0,
202100004599,193 557,A01,1,7,6,0,1,1,2,
202100004600,193 553,A01,1,7,13,2,0,1,1,
202100004600,193 554,B01,2,7,0,2,8,1,1,
202100004600,193 555,C01,2,7,0,2,1,1,1,
202100004600,193 556,D01,2,10,0,2,1,1,1,
202100004601,193 551,A01,1,7,0,2,3,15,1,
202100004601,193 552,B01,2,30,0,2,1,1,1,
202100004602,193 550,A01,3,7,6,0,2,1,1,
202100004603,193 548,B01,1,1,0,2,1,1,5,
202100004603,193 549,A01,2,7,0,9,3,16,1,
202100004604,193 546,A01,3,7,0,2,1,13,1,
202100004604,193 547,B01,3,7,0,2,1,1,1,
202100004605,193 545,A01,1,10,13,0,5,1,1,
202100004606,193 544,A01,2,10,0,1,2,1,1,
202100004607,193 541,A01,3,7,0,1,3,0,1,
202100004608,193 538,C01,1,7,0,2,1,2,1,
202100004608,193 539,B01,1,7,0,2,4,23,1,
202100004608,193 540,A01,1,7,0,2,4,23,1,
202100004609,193 535,A01,2,7,0,2,1,1,1,
202100004609,193 536,B01,2,7,0,2,4,2,1,
202100004609,193 537,C01,2,7,0,2,4,2,1,
202100004610,193 534,A01,1,7,0,2,8,1,1,
202100004611,193 529,E01,1,7,0,2,1,0,1,
202100004611,193 530,D01,1,7,0,2,1,0,1,
202100004611,193 531,A01,1,7,0,2,1,23,1,
202100004611,193 532,B01,1,7,0,0,0,0,1,
202100004611,193 533,C01,1,7,0,2,1,0,1,
202100004612,193 528,A01,1,34,0,0,8,0,1,
202100004613,193 527,A01,2,7,4,0,1,21,1,
202100004614,193 525,A01,2,7,4,0,1,1,1,
202100004614,193 526,B01,2,15,0,2,1,1,1,
202100004615,193 524,A01,1,7,2,0,1,1,1,
202100004616,193 520,A01,2,10,0,2,1,1,1,
202100004616,193 521,B01,2,7,0,2,9,2,1,
202100004616,193 522,C01,2,7,0,2,9,2,1,
202100004616,193 523,D01,2,7,0,2,9,2,1,
202100004617,193 515,E01,1,7,0,2,4,2,1,
202100004617,193 516,D01,1,7,0,2,4,2,2,
202100004617,193 517,A01,1,7,0,2,1,2,1,
202100004617,193 518,B01,1,7,0,2,4,2,1,
202100004617,193 519,C01,1,7,0,2,4,2,1,
202100004618,193 513,B01,1,7,0,2,4,2,1,
202100004618,193 514,A01,1,7,0,2,1,2,1,
202100004619,193 512,A01,2,7,3,0,3,13,1,
202100004620,193 507,E01,2,7,0,2,4,2,1,
202100004620,193 508,D01,2,7,0,2,4,2,1,
202100004620,193 509,C01,2,7,0,2,4,2,1,
202100004620,193 510,B01,2,7,0,2,4,2,1,
202100004620,193 511,A01,2,7,0,2,1,2,1,
202100004621,193 504,A01,1,7,0,2,1,21,1,
202100004621,193 505,B01,1,7,0,2,4,2,1,
202100004621,193 506,C01,1,7,4,2,3,21,1,
202100004622,193 503,A01,1,7,4,0,1,1,1,
202100004623,193 501,A01,2,33,4,2,3,3,1,
202100004623,193 502,B01,2,10,0,2,2,12,1,
202100004624,193 498,A01,2,7,0,2,1,2,1,
202100004624,193 499,B01,2,7,0,2,4,2,1,
202100004624,193 500,C01,2,7,0,2,4,2,2,
202100004625,193 497,A01,3,7,4,0,1,0,1,
202100004626,193 496,A01,2,7,4,0,1,13,1,
202100004627,193 495,A01,1,7,4,0,0,0,1,
202100004628,193 493,B01,1,7,0,2,4,23,1,
202100004628,193 494,A01,1,7,0,2,1,2,1,
202100004629,193 492,A01,1,13,4,0,1,1,1,
202100004630,193 490,B01,1,7,0,2,4,2,1,
202100004630,193 491,A01,1,7,0,2,3,2,1,
202100004631,193 489,A01,2,7,0,0,9,12,1,
202100004632,193 488,A01,2,7,0,0,9,1,1,
202100004633,193 486,A01,1,7,0,2,1,0,1,
202100004633,193 487,B01,1,7,0,2,4,0,1,
202100004634,193 483,C01,2,7,0,2,4,2,1,
202100004634,193 484,B01,2,7,0,2,4,2,1,
202100004634,193 485,A01,2,10,0,2,1,2,1,
202100004635,193 481,A01,2,10,4,2,2,12,1,
202100004635,193 482,B01,2,15,0,2,3,1,1,
202100004636,193 479,A01,2,7,0,2,1,2,1,
202100004636,193 480,B01,2,7,0,2,4,1,1,
202100004637,193 477,B01,1,3,0,2,4,23,0,
202100004637,193 478,A01,1,3,0,2,1,2,0,
202100004638,193 476,A01,1,7,0,2,1,1,1,
202100004639,193 475,A01,2,7,0,0,9,2,1,
202100004640,193 473,B01,1,7,0,2,4,2,1,
202100004640,193 474,A01,1,7,4,2,3,1,1,
202100004641,193 472,A01,1,13,15,0,1,1,1,
202100004642,193 470,B01,1,7,0,2,5,2,3,
202100004642,193 471,A01,1,10,0,2,1,21,1,
202100004643,193 468,B01,1,7,0,2,4,1,1,
202100004643,193 469,A01,1,7,0,2,2,1,1,
202100004644,193 467,A01,2,7,4,0,1,11,1,
202100004645,193 466,A01,1,7,5,0,6,1,1,
202100004646,193 465,A01,1,7,3,0,1,9,1,
202100004647,193 463,A01,1,7,0,2,1,2,1,
202100004647,193 464,B01,1,7,0,2,1,2,1,
202100004648,193 462,A01,2,1,0,0,0,1,-1,
202100004649,193 461,A01,1,10,1,0,1,1,1,
202100004650,193 459,A01,2,7,0,2,2,15,1,
202100004650,193 460,B01,1,33,0,2,1,1,1,
202100004651,193 457,B01,2,1,0,0,0,0,0,
202100004651,193 458,A01,2,3,0,9,0,15,0,
202100004652,193 455,A01,1,33,0,2,1,17,1,
202100004652,193 456,B01,2,10,0,2,6,15,1,
202100004653,193 454,A01,2,7,0,0,1,1,0,
202100004654,193 452,B01,1,2,0,2,1,1,1,
202100004654,193 453,A01,1,7,0,2,3,5,1,
202100004655,193 451,A01,0,7,0,1,2,1,1,
202100004656,193 449,B01,1,7,0,2,2,15,3,
202100004656,193 450,A01,1,2,0,2,1,19,1,
202100004657,193 448,A01,1,33,13,0,7,1,1,
202100004658,193 447,A01,0,7,6,0,1,14,1,
202100004659,193 446,A01,2,7,0,1,3,1,1,
202100004660,193 445,A01,0,7,0,1,1,1,1,
202100004661,193 444,A01,0,7,0,1,3,1,1,
202100004662,193 443,A01,3,7,0,1,2,12,1,
202100004663,193 441,A01,2,7,0,2,6,13,1,
202100004663,193 442,B01,2,33,0,2,1,1,1,
202100004664,193 439,A01,1,7,1,0,0,17,1,
202100004664,193 440,B01,1,2,0,2,1,17,1,
202100004665,193 437,B01,3,7,0,2,3,20,1,
202100004665,193 438,A01,3,30,0,2,1,17,1,
202100004666,193 435,A01,3,32,0,2,1,13,1,
202100004666,193 436,B01,3,7,0,2,2,1,1,
202100004667,193 434,A01,1,31,0,4,1,1,1,
202100004668,193 432,B01,3,33,0,2,8,1,1,
202100004668,193 433,A01,3,7,0,2,1,15,1,
202100004669,193 430,B01,2,7,0,2,3,1,1,
202100004669,193 431,A01,1,7,0,2,2,16,1,
202100004670,193 429,A01,1,7,0,0,0,0,6,
202100004671,193 427,B01,1,7,0,2,8,0,1,
202100004671,193 428,A01,1,7,0,2,1,26,1,
202100004672,193 425,A01,3,7,0,2,8,26,1,
202100004672,193 426,B01,3,30,0,2,1,19,1,
202100004673,193 423,A01,1,7,0,2,1,13,1,
202100004673,193 424,B01,2,7,0,2,3,1,1,
202100004674,193 421,B01,1,7,0,2,7,16,1,
202100004674,193 422,A01,1,2,0,2,1,2,1,
202100004675,193 419,A01,1,7,0,2,8,10,1,
202100004675,193 420,B01,2,31,0,2,1,1,1,
202100004676,193 417,A01,2,7,0,2,2,15,1,
202100004676,193 418,B01,1,32,0,2,1,1,1,
202100004677,193 416,A01,1,30,0,1,1,1,1,
202100004678,193 414,A01,2,7,0,2,2,19,1,
202100004678,193 415,B01,1,13,0,2,3,19,1,
202100004679,193 413,A01,2,50,12,0,1,25,3,
202100004680,193 411,A01,1,7,0,2,2,1,1,
202100004680,193 412,B01,2,7,0,2,3,1,3,
202100004681,193 409,B01,2,7,0,2,4,23,2,
202100004681,193 410,A01,2,7,0,2,1,1,1,
202100004682,193 407,A01,2,10,0,2,2,1,1,
202100004682,193 408,B01,2,34,0,2,1,1,1,
202100004683,193 405,A01,1,7,0,2,7,10,1,
202100004683,193 406,B01,1,7,0,2,3,0,1,
202100004684,193 403,B01,1,32,0,2,3,26,1,
202100004684,193 404,A01,2,7,0,2,3,10,1,
202100004685,193 399,Z01,2,7,0,2,0,0,1,
202100004685,193 400,C01,2,7,0,2,4,23,1,
202100004685,193 401,B01,2,7,0,2,4,23,1,
202100004685,193 402,A01,2,7,0,2,4,23,1,
202100004686,193 398,A01,1,7,0,1,2,1,1,
202100004687,193 397,A01,2,7,9,0,1,17,1,
202100004688,193 395,B01,1,7,0,2,8,1,1,
202100004688,193 396,A01,1,7,0,2,1,26,1,
202100004689,193 393,A01,3,10,0,2,6,11,1,
202100004689,193 394,B01,3,7,0,2,2,1,1,
202100004690,193 391,A01,1,7,0,2,7,15,1,
202100004690,193 392,B01,2,32,0,2,9,1,1,
202100004691,193 390,A01,3,7,0,1,7,1,1,
202100004692,193 388,A01,1,30,0,2,1,1,3,
202100004692,193 389,B01,2,7,0,2,3,15,1,
202100004693,193 386,B01,1,7,0,2,1,2,1,
202100004693,193 387,A01,1,7,0,2,4,1,1,
202100004694,193 384,A01,2,7,0,2,1,19,1,
202100004694,193 385,B01,2,7,0,9,3,9,1,
202100004695,193 382,A01,2,7,0,2,7,15,1,
202100004695,193 383,B01,2,33,0,2,2,3,1,
202100004696,193 380,A01,2,7,0,2,3,1,1,
202100004696,193 381,B01,1,43,0,2,7,1,1,
202100004697,193 378,B01,3,7,0,2,3,21,1,
202100004697,193 379,A01,3,7,0,2,2,16,1,
202100004698,193 377,A01,3,7,0,1,7,14,1,
202100004699,193 375,B01,2,1,0,2,1,17,5,
202100004699,193 376,A01,2,7,0,2,8,15,1,
202100004700,193 374,A01,2,10,8,0,0,26,1,
202100004701,193 373,A01,1,0,0,1,1,26,0,
202100004702,193 372,A01,1,7,0,1,1,9,1,
202100004703,193 370,A01,3,15,0,2,1,1,0,
202100004703,193 371,B01,3,50,0,2,8,0,3,
202100004704,193 369,A01,3,7,0,1,1,2,1,
202100004705,193 368,A01,1,33,9,0,1,0,1,
202100004706,193 367,A01,1,7,0,1,2,26,1,
202100004707,193 366,A01,2,7,0,1,8,1,1,
202100004708,193 365,A01,2,7,0,1,3,1,1,
202100004709,193 360,B01,2,33,0,2,8,1,1,
202100004709,193 361,A01,2,7,0,2,2,19,1,
202100004710,193 357,A01,1,33,0,2,3,3,1,
202100004710,193 358,B01,1,7,0,2,3,1,1,
202100004710,193 359,C01,2,7,0,2,3,1,1,
202100004711,193 354,A01,2,7,0,2,1,26,1,
202100004711,193 355,B01,2,7,0,2,0,0,1,
202100004711,193 356,C01,2,7,0,2,4,23,2,
202100004712,193 353,A01,2,10,0,1,3,10,1,
202100004713,193 352,A01,2,7,9,0,1,13,1,
202100004714,193 350,A01,0,7,0,2,2,16,1,
202100004714,193 351,B01,3,1,0,2,0,1,-1,
202100004715,193 348,B01,1,31,0,2,1,1,1,
202100004715,193 349,A01,3,7,0,2,3,15,1,
202100004716,193 347,A01,2,10,0,1,3,15,1,
202100004717,193 343,Z01,0,0,0,1,2,2,0,
202100004718,193 342,A01,1,7,8,0,2,0,1,
202100004719,193 340,B01,3,7,0,2,6,1,1,
202100004719,193 341,A01,2,7,2,2,3,6,1,
202100004720,193 339,A01,2,7,0,1,1,1,1,
202100004721,193 338,A01,3,7,0,1,1,1,1,
202100004722,193 337,A01,0,30,0,0,7,14,1,
202100004723,193 336,A01,1,7,0,1,1,26,1,
202100004724,193 334,B01,2,10,0,2,1,1,1,
202100004724,193 335,A01,1,7,0,2,6,15,1,
202100004725,193 332,A01,1,7,0,2,2,15,1,
202100004725,193 333,B01,1,2,0,2,1,1,1,
202100004726,193 330,B01,3,60,0,2,1,1,5,
202100004726,193 331,A01,3,7,0,2,2,1,1,
202100004727,193 328,B01,2,7,0,0,4,1,1,
202100004727,193 329,A01,2,30,0,2,1,9,1,
202100004728,193 326,B01,1,7,0,2,1,1,1,
202100004728,193 327,A01,1,7,0,2,3,20,1,
202100004729,193 324,B01,1,7,1,2,2,15,1,
202100004729,193 325,A01,2,7,1,2,3,1,1,
202100004730,193 323,A01,2,7,0,1,3,1,1,
202100004731,193 322,A01,2,7,0,1,1,1,1,
202100004732,193 321,A01,1,7,0,1,2,9,1,
202100004733,193 318,B01,2,7,0,2,4,2,1,
202100004733,193 319,A01,2,10,0,2,1,1,1,
202100004733,193 320,C01,2,7,0,2,4,2,1,
202100004734,193 316,B01,1,33,0,2,1,17,1,
202100004734,193 317,A01,1,7,0,2,6,26,1,
202100004735,193 315,A01,1,7,2,0,2,1,1,
202100004736,193 313,A01,0,7,0,2,1,2,1,
202100004736,193 314,B01,3,7,0,2,4,2,1,
202100004737,193 312,A01,1,7,0,1,1,16,1,
202100004738,193 311,A01,2,14,0,1,1,1,1,
202100004739,193 309,B01,1,16,0,2,7,24,0,
202100004739,193 310,A01,1,7,0,2,1,13,1,
202100004740,193 308,A01,0,7,0,1,1,15,1,
202100004741,193 306,B01,3,1,0,0,0,0,5,
202100004741,193 307,A01,1,7,0,0,3,1,0,
202100004742,193 304,B01,1,10,7,0,5,9,0,
202100004742,193 305,C01,2,7,0,2,1,19,1,
202100004743,193 302,B01,1,50,0,2,4,1,3,
202100004743,193 303,A01,1,10,0,9,1,1,1,
202100004744,193 301,A01,2,7,0,1,3,15,1,
202100004745,193 299,A01,1,7,0,2,1,1,1,
202100004745,193 300,B01,3,7,0,2,6,20,1,
202100004746,193 298,A01,2,30,0,0,8,15,1,
202100004747,193 297,A01,1,7,0,1,1,1,1,
202100004748,193 296,A01,0,40,0,1,2,1,3,
202100004749,193 292,C01,1,7,0,2,4,2,1,
202100004749,193 293,B01,1,7,0,2,1,2,1,
202100004749,193 294,A01,1,7,0,2,4,2,1,
202100004749,193 295,D01,1,7,0,2,1,2,1,
202100004750,193 291,A01,1,7,0,1,2,26,1,
202100004751,193 290,A01,1,7,0,1,2,26,2,
202100004752,193 288,B01,1,1,0,2,1,26,5,
202100004752,193 289,A01,1,7,0,2,2,1,1,
202100004753,193 286,B01,3,30,0,2,4,23,1,
202100004753,193 287,A01,3,7,0,2,1,1,1,
202100004754,193 284,B01,3,10,14,0,4,2,1,
202100004754,193 285,A01,3,7,0,2,1,1,1,
202100004755,193 282,A01,1,7,0,2,2,1,1,
202100004755,193 283,B01,2,7,0,2,3,15,1,
202100004756,193 280,A01,3,7,0,2,1,9,1,
202100004756,193 281,B01,3,7,0,2,7,26,1,
202100004757,193 278,A01,3,7,0,2,3,9,1,
202100004757,193 279,B01,3,50,0,2,8,19,3,
202100004758,193 276,A01,1,30,0,2,2,9,1,
202100004758,193 277,B01,1,7,0,2,3,9,1,
202100004759,193 274,A01,3,7,0,2,2,17,1,
202100004759,193 275,B01,3,7,0,2,8,15,1,
202100004760,193 272,B01,2,2,0,2,1,16,1,
202100004760,193 273,A01,1,7,0,2,1,15,1,
202100004761,193 271,A01,0,7,0,1,1,15,1,
202100004762,193 269,B01,3,50,0,2,8,1,3,
202100004762,193 270,A01,1,7,0,1,1,1,1,
202100004763,193 268,A01,2,7,3,0,1,1,1,
202100004764,193 267,A01,3,37,0,1,1,16,1,1.0
202100004765,193 266,A01,2,40,0,1,3,1,3,
202100004766,193 264,A01,1,7,0,2,1,1,1,
202100004766,193 265,B01,2,7,0,2,1,1,1,
202100004767,193 262,A01,1,10,0,2,1,16,1,
202100004767,193 263,B01,2,7,0,2,1,23,1,
202100004768,193 260,A01,3,7,0,2,3,9,1,
202100004768,193 261,B01,3,1,0,2,1,1,5,
202100004769,193 259,A01,1,7,0,1,1,1,1,
202100004770,193 257,A01,1,10,0,2,3,1,1,
202100004770,193 258,B01,2,7,0,2,2,1,1,
202100004771,193 255,B01,2,7,0,2,4,1,0,
202100004771,193 256,A01,2,7,0,2,1,1,1,
202100004772,193 251,Z01,2,7,0,0,0,0,0,
202100004772,193 252,C01,2,7,3,0,6,0,1,
202100004772,193 253,B01,2,7,1,0,7,21,1,
202100004772,193 254,A01,2,7,3,0,3,13,1,
202100004773,193 249,B01,1,7,0,2,3,2,1,
202100004773,193 250,A01,1,7,0,2,1,2,1,
202100004774,193 247,B01,2,7,0,1,3,23,1,
202100004774,193 248,A01,1,10,0,1,3,1,1,
202100004775,193 243,D01,2,7,0,2,1,1,0,
202100004775,193 244,C01,2,7,0,2,4,1,1,
202100004775,193 245,B01,2,7,0,2,4,1,1,
202100004775,193 246,A01,2,10,0,2,1,1,1,
202100004776,193 241,B01,2,7,0,2,1,16,1,
202100004776,193 242,A01,2,7,0,2,1,13,1,
202100004777,193 239,A01,0,7,0,2,1,2,1,
202100004777,193 240,B01,0,7,0,2,4,2,1,
202100004778,193 238,A01,1,7,0,1,2,1,1,
202100004779,193 237,A01,1,7,0,1,1,9,3,
202100004780,193 235,B01,0,60,0,2,1,1,5,
202100004780,193 236,A01,0,7,0,2,2,9,1,
202100004781,193 231,A01,1,7,0,1,1,9,1,
202100004782,193 230,A01,1,7,0,0,0,26,1,
202100004783,193 228,B01,3,10,0,2,4,9,3,
202100004783,193 229,A01,3,10,0,2,1,2,1,
202100004784,193 226,A01,3,7,2,2,1,1,1,
202100004784,193 227,B01,0,7,1,2,1,1,1,
202100004785,193 222,A01,1,7,0,2,2,19,0,
202100004785,193 223,B01,1,7,0,2,1,1,1,
202100004785,193 224,C01,1,7,0,2,7,0,1,
202100004786,193 221,A01,1,7,0,1,7,26,1,
202100004787,193 219,B01,1,7,4,0,1,26,1,
202100004787,193 220,A01,1,7,0,2,1,26,1,
202100004788,193 217,B01,3,7,0,2,2,15,1,
202100004788,193 218,A01,3,7,0,2,1,1,1,
202100004789,193 216,A01,2,7,0,1,1,15,1,
202100004790,193 215,A01,1,33,14,0,1,1,1,
202100004791,193 213,B01,2,10,0,2,2,15,1,
202100004791,193 214,A01,1,31,0,2,1,1,1,
202100004792,193 211,Z01,0,7,0,0,0,0,0,
202100004792,193 212,A01,0,33,0,2,2,1,1,
202100004793,193 210,A01,3,1,6,0,2,15,5,
202100004794,193 209,A01,1,7,8,0,1,1,1,
202100004795,193 207,B01,1,50,0,2,1,1,3,
202100004795,193 208,A01,3,7,0,1,7,17,1,
202100004796,193 205,A01,1,7,0,2,1,15,1,
202100004796,193 206,B01,2,7,0,2,3,1,1,
202100004797,193 204,A01,1,7,0,1,2,1,1,
202100004798,193 202,B01,2,2,0,2,1,15,1,
202100004798,193 203,A01,1,7,0,2,2,1,1,
202100004799,193 201,A01,1,33,1,0,0,0,0,
202100004800,193 199,A01,0,30,0,2,3,7,1,
202100004800,193 200,B01,3,7,0,2,2,16,1,
202100004801,193 197,B01,0,32,0,2,4,2,1,
202100004801,193 198,A01,0,7,0,2,2,2,3,
202100004802,193 196,A01,1,7,0,1,2,26,2,
202100004803,193 194,A01,3,7,0,2,6,15,1,
202100004803,193 195,B01,3,31,0,2,1,13,1,
202100004804,193 193,A01,2,33,4,0,2,14,1,
202100004805,193 192,A01,2,7,4,0,7,14,1,
202100004806,193 190,A01,1,7,0,2,1,15,1,
202100004806,193 191,B01,2,2,0,2,7,1,1,
202100004807,193 189,A01,0,7,0,1,1,1,1,
202100004808,193 188,A01,3,50,0,1,1,1,3,
202100004809,193 186,A01,2,2,0,2,2,1,1,
202100004809,193 187,Z01,2,7,0,2,4,10,0,
202100004810,193 185,A01,2,7,9,0,3,13,1,
202100004811,193 184,A01,3,30,0,0,8,1,1,
202100004812,193 182,B01,2,7,0,2,0,16,1,
202100004812,193 183,A01,1,43,0,2,3,17,1,
202100004813,193 180,A01,3,7,0,2,2,2,1,
202100004813,193 181,B01,3,7,0,2,4,2,1,
202100004814,193 178,A01,2,10,0,2,1,2,1,
202100004814,193 179,B01,2,7,0,2,4,23,1,
202100004815,193 176,B01,1,1,0,2,8,15,0,
202100004815,193 177,A01,1,7,0,2,2,17,1,
202100004816,193 175,A01,1,7,11,0,2,14,1,
202100004817,193 174,Z01,1,1,0,1,1,1,5,
202100004818,193 171,C01,2,7,0,2,6,24,1,
202100004818,193 172,B01,3,33,0,2,2,17,1,
202100004818,193 173,A01,2,7,0,2,3,15,0,
202100004819,193 168,B01,1,32,1,2,2,18,3,
202100004819,193 169,A01,3,10,0,2,6,24,1,
202100004819,193 170,C01,1,37,0,2,7,12,6,1.0
202100004820,193 166,A01,1,7,0,2,7,15,1,
202100004820,193 167,B01,2,2,0,2,1,1,1,
202100004821,193 165,A01,2,30,0,1,4,21,3,
202100004822,193 163,A01,1,30,8,2,1,21,1,
202100004822,193 164,B01,1,7,9,2,2,1,1,
202100004823,193 161,B01,1,32,0,2,1,1,1,
202100004823,193 162,A01,2,7,8,0,5,13,1,
202100004824,193 159,B01,1,7,0,2,5,15,1,
202100004824,193 160,A01,2,34,0,2,1,1,1,
202100004825,193 157,B01,3,32,0,2,1,3,1,
202100004825,193 158,A01,3,7,0,2,3,15,1,
202100004826,193 156,A01,2,7,0,1,1,1,2,
202100004827,193 154,B01,1,7,0,9,2,1,0,
202100004827,193 155,A01,1,1,0,2,1,23,0,
202100004828,193 153,A01,2,7,0,1,3,15,1,
202100004829,193 151,A01,1,7,0,1,4,20,0,
202100004830,193 149,A01,-1,7,0,9,3,15,1,
202100004830,193 150,B01,-1,1,0,2,1,0,0,
202100004831,193 148,A01,-1,7,1,2,4,23,1,
202100004832,193 147,A01,0,10,0,1,1,1,1,
202100004833,193 145,A01,2,7,0,0,0,16,1,
202100004833,193 146,B01,1,33,0,0,7,1,1,
202100004834,193 144,Z01,1,14,0,1,3,1,0,
202100004835,193 143,A01,1,7,0,1,1,15,1,
202100004836,193 142,A01,1,37,0,1,7,1,1,1.0
202100004837,193 140,A01,1,7,0,2,3,1,1,
202100004837,193 141,B01,1,50,0,2,1,1,3,
202100004838,193 138,A01,2,7,0,2,2,12,1,
202100004838,193 139,B01,2,32,0,2,1,1,1,
202100004839,193 137,A01,2,7,6,0,1,1,1,
202100004840,193 136,A01,2,10,0,9,5,1,1,
202100004841,193 135,A01,3,10,0,1,2,1,1,
202100004842,193 133,A01,1,7,9,2,1,1,1,
202100004842,193 134,B01,1,7,9,0,4,1,1,
202100004843,193 130,C01,1,7,0,0,4,1,1,
202100004843,193 131,B01,1,7,0,2,6,2,1,
202100004843,193 132,A01,1,10,0,2,2,2,1,
202100004844,193 129,A01,2,10,2,0,3,19,0,
202100004845,193 127,B01,2,7,13,0,3,1,1,
202100004845,193 128,A01,2,7,13,0,8,1,1,
202100004846,193 125,A01,3,7,0,2,2,15,1,
202100004846,193 126,B01,1,2,0,2,1,1,1,
202100004847,193 124,A01,1,7,6,0,0,13,1,
202100004848,193 122,B01,1,7,0,2,1,1,1,
202100004848,193 123,A01,2,7,0,2,9,13,1,
202100004849,193 121,A01,2,7,2,0,3,13,1,
202100004850,193 120,A01,1,7,13,0,3,13,1,
202100004851,193 119,A01,2,7,7,0,1,1,1,
202100004852,193 116,A01,2,7,0,2,3,9,1,
202100004852,193 117,B01,2,7,0,2,7,1,1,
202100004852,193 118,C01,1,7,0,2,2,1,1,
202100004853,193 115,A01,1,21,0,1,1,26,0,
202100004854,193 114,A01,1,10,2,0,1,1,1,
202100004855,193 112,A01,1,10,0,2,4,4,1,
202100004855,193 113,B01,1,7,0,2,1,1,1,
202100004856,193 110,B01,1,33,0,2,8,1,1,
202100004856,193 111,A01,3,7,0,2,1,19,1,
202100004857,193 108,A01,2,7,13,0,2,1,2,
202100004857,193 109,B01,2,7,0,1,1,1,1,
202100004858,193 107,A01,2,7,2,0,8,1,1,
202100004859,193 106,A01,1,7,0,0,9,0,1,
202100004860,193 104,A01,3,33,0,2,1,13,1,
202100004860,193 105,B01,3,7,0,2,3,1,1,
202100004861,193 103,A01,1,7,2,0,2,1,1,
202100004862,193 099,A01,1,7,0,2,1,1,2,
202100004862,193 100,B01,2,7,0,2,3,15,1,
202100004863,193 097,A01,2,7,3,2,7,1,1,
202100004863,193 098,B01,1,7,0,2,2,1,1,
202100004864,193 096,A01,1,7,2,0,1,0,1,
202100004865,193 095,A01,2,7,2,0,3,1,1,
202100004866,193 094,A01,2,7,0,1,2,2,1,
202100004867,193 091,A01,1,7,0,2,5,1,1,
202100004867,193 092,B01,2,7,0,2,3,1,1,
202100004868,193 090,A01,1,7,5,0,1,1,1,
202100004869,193 089,A01,3,7,13,0,1,1,1,
202100004870,193 087,A01,1,7,0,2,2,13,1,