Num_Acc,id_vehicule,num_veh,senc,catv,obs,obsm,choc,manv,motor,occutc
202100004870,193 088,B01,2,7,13,2,2,2,1,
202100004871,193 085,B01,2,7,0,2,1,0,0,
202100004871,193 086,A01,2,33,4,0,4,2,1,
202100004872,193 084,A01,2,7,16,0,2,14,1,
202100004873,193 077,E01,1,7,0,0,0,1,2,
202100004873,193 078,G01,1,7,0,2,4,1,1,
202100004873,193 079,F01,1,7,0,2,4,1,1,
202100004873,193 080,D01,1,7,0,2,1,1,1,
202100004873,193 081,C01,1,7,0,2,1,1,1,
202100004873,193 082,B01,1,7,3,2,1,1,1,
202100004873,193 083,A01,1,7,0,2,5,1,1,
202100004874,193 076,A01,2,7,13,0,0,1,1,
202100004875,193 074,A01,3,33,12,2,8,21,1,
202100004875,193 075,B01,3,7,0,2,3,21,1,
202100004876,193 072,A01,1,7,0,2,0,2,1,
202100004876,193 073,B01,1,32,0,2,8,1,1,
202100004877,193 069,A01,2,7,0,2,1,1,1,
202100004877,193 070,B01,1,7,0,2,3,1,0,
202100004878,193 065,D01,1,7,0,2,1,17,1,
202100004878,193 066,C01,2,7,0,2,1,26,1,
202100004878,193 067,B01,1,7,0,0,7,26,1,
202100004878,193 068,A01,2,7,2,0,0,14,1,
202100004879,193 064,A01,1,7,0,1,2,20,1,
202100004880,193 063,A01,3,31,0,0,1,1,1,
202100004881,193 062,A01,1,7,0,1,2,1,1,
202100004882,193 061,A01,2,7,2,0,1,26,6,
202100004883,193 060,A01,1,7,9,0,3,6,1,
202100004884,193 057,A01,1,7,0,2,3,13,1,
202100004884,193 058,B01,2,7,0,2,8,1,1,
202100004884,193 059,C01,2,7,0,2,1,1,1,
202100004885,193 056,A01,2,7,13,0,2,1,1,
202100004886,193 055,A01,1,7,0,1,1,2,1,
202100004887,193 054,A01,2,7,0,1,2,1,1,
202100004888,193 052,A01,1,10,0,9,3,15,1,
202100004888,193 053,B01,2,2,0,2,1,1,1,
202100004889,193 051,A01,1,7,2,0,1,1,1,
202100004890,193 049,B01,2,7,0,2,1,1,1,
202100004890,193 050,A01,1,7,0,2,1,5,1,
202100004891,193 047,B01,1,33,0,2,1,1,1,
202100004891,193 048,A01,1,7,0,2,2,9,1,
202100004892,193 044,A01,3,7,0,2,1,2,1,
202100004892,193 045,B01,3,10,0,2,1,2,1,
202100004892,193 046,C01,3,7,0,2,1,2,1,
202100004893,193 042,A01,2,7,1,0,1,1,1,
202100004893,193 043,B01,2,7,0,2,5,2,1,
202100004894,193 041,A01,2,7,4,0,1,2,1,
202100004895,193 038,C01,1,7,0,2,4,2,1,
202100004895,193 039,B01,1,7,0,2,4,2,1,
202100004895,193 040,A01,1,7,0,2,1,2,1,
202100004896,193 036,B01,2,7,0,2,6,11,1,
202100004896,193 037,A01,2,7,0,2,2,1,1,
202100004897,193 035,A01,2,10,4,0,2,1,1,
202100004898,193 033,B01,1,7,0,2,4,23,1,
202100004898,193 034,A01,1,17,1,0,1,11,1,
202100004899,193 032,A01,2,7,4,0,9,15,1,
202100004900,193 031,A01,1,7,4,0,3,13,1,
202100004901,193 030,A01,1,7,4,0,1,1,1,
202100004902,193 028,B01,2,7,0,2,1,2,2,
202100004902,193 029,A01,2,7,4,2,2,2,1,
202100004903,193 026,A01,1,7,0,2,1,1,1,
202100004903,193 027,B01,1,7,0,2,4,23,1,
202100004904,193 024,A01,1,7,0,2,1,1,1,
202100004904,193 025,B01,1,7,0,2,6,2,1,
202100004905,193 023,A01,2,33,0,2,4,3,1,
202100004906,193 021,B01,2,7,0,2,4,1,1,
202100004906,193 022,A01,2,7,0,2,1,2,1,
202100004907,193 018,C01,2,10,0,2,1,2,1,
202100004907,193 019,A01,2,7,0,2,4,23,1,
202100004907,193 020,B01,2,7,0,2,1,2,1,
202100004908,193 015,B01,2,7,5,2,4,12,1,
202100004908,193 016,C01,1,7,4,2,1,12,1,
202100004908,193 017,A01,1,7,4,2,3,2,1,
202100004909,193 012,C01,2,7,0,2,4,2,1,
202100004909,193 013,B01,2,33,0,2,4,2,1,
202100004909,193 014,A01,2,7,0,2,3,11,1,
202100004910,193 011,A01,1,7,1,1,9,14,1,
202100004911,193 009,B01,2,50,0,4,3,19,3,
202100004911,193 010,A01,2,40,0,2,3,1,3,
202100004912,193 008,A01,1,10,0,1,3,1,1,
202100004913,193 007,A01,1,7,0,1,4,4,1,
202100004914,193 005,Z01,2,7,0,2,1,16,0,
202100004914,193 006,A01,2,50,0,2,8,1,3,
202100004915,193 003,B01,1,7,0,2,6,2,1,
202100004915,193 004,A01,2,7,0,2,1,2,1,
202100004916,193 001,A01,2,1,0,2,7,1,5,
202100004916,193 002,B01,2,7,0,2,1,1,1,
202100004917,193 000,A01,2,50,0,0,1,1,3,
202100004918,192 998,A01,2,7,0,2,3,10,3,
202100004918,192 999,B01,2,2,0,2,2,17,1,
202100004919,192 997,A01,2,32,0,1,3,1,1,
202100004920,192 996,Z01,1,30,0,1,1,1,0,
202100004921,192 994,A01,2,30,0,2,7,16,3,
202100004921,192 995,B01,2,33,0,2,1,1,1,
202100004922,192 992,A01,2,1,0,0,7,5,5,
202100004922,192 993,B01,1,7,0,0,2,1,2,
202100004923,192 991,A01,2,7,0,1,3,1,2,
202100004924,192 990,A01,2,30,0,0,7,1,1,
202100004925,192 988,B01,2,1,1,0,1,1,5,
202100004925,192 989,A01,2,10,1,0,2,22,1,
202100004926,192 987,A01,2,32,0,0,0,1,1,
202100004927,192 985,Z01,3,7,0,0,0,11,0,
202100004927,192 986,A01,3,31,0,2,7,1,1,
202100004928,192 983,B01,1,2,0,2,2,1,1,
202100004928,192 984,A01,1,7,0,2,3,26,1,
202100004929,192 981,A01,0,7,1,1,1,1,1,
202100004929,192 982,B01,0,7,0,2,8,24,1,
202100004930,192 979,A01,3,7,0,2,1,1,1,
202100004930,192 980,B01,3,7,0,2,6,23,1,
202100004931,192 977,A01,1,7,0,2,7,1,1,
202100004931,192 978,B01,1,13,0,2,8,13,1,
202100004932,192 976,A01,0,7,8,0,2,26,1,
202100004933,192 974,A01,1,10,0,2,7,19,1,
202100004933,192 975,B01,1,7,0,2,2,1,1,
202100004934,192 973,A01,1,2,0,1,1,17,1,
202100004935,192 971,A01,1,7,0,2,2,19,1,
202100004935,192 972,B01,1,10,0,2,1,1,1,
202100004936,192 969,A01,1,10,0,2,3,15,1,
202100004936,192 970,B01,1,34,0,2,3,2,1,
202100004937,192 967,B01,1,99,0,2,3,1,0,
202100004937,192 968,A01,1,7,0,2,8,15,1,
202100004938,192 964,C01,1,33,0,2,6,3,1,
202100004938,192 965,B01,1,7,0,0,0,0,0,
202100004938,192 966,A01,1,15,0,2,7,9,0,
202100004939,192 962,B01,-1,7,0,2,2,17,1,
202100004939,192 963,A01,-1,7,0,2,6,17,1,
202100004940,192 960,B01,3,7,14,0,1,2,0,
202100004940,192 961,XA01,1,32,14,0,4,23,1,
202100004941,192 958,A01,2,7,0,2,5,15,2,
202100004941,192 959,B01,1,31,0,2,1,1,1,
202100004942,192 956,B01,1,60,0,2,3,1,5,
202100004942,192 957,A01,1,7,0,2,2,16,1,
202100004943,192 954,A01,1,30,0,2,8,1,3,
202100004943,192 955,B01,1,7,0,2,1,15,1,
202100004944,192 952,A01,3,1,0,2,0,0,0,
202100004944,192 953,B01,3,7,0,2,1,1,1,
202100004945,192 951,A01,3,7,0,1,2,1,1,
202100004946,192 950,A01,1,14,0,1,2,5,1,
202100004947,192 948,A01,3,7,0,2,3,19,1,
202100004947,192 949,B01,1,33,0,2,1,1,1,
202100004948,192 947,A01,3,7,0,1,1,1,1,
202100004949,192 945,A01,3,7,0,2,1,13,2,
202100004949,192 946,B01,3,7,0,2,1,1,1,
202100004950,192 942,C01,1,7,0,2,1,1,1,
202100004950,192 943,B01,1,7,0,2,4,23,1,
202100004950,192 944,A01,1,7,0,0,4,23,1,
202100004951,192 939,A01,2,15,4,2,3,6,1,
202100004951,192 940,B01,1,7,0,2,1,1,1,
202100004951,192 941,C01,1,7,4,2,2,1,1,
202100004952,192 938,A01,3,2,13,0,1,0,1,
202100004953,192 937,A01,2,7,0,1,2,1,1,
202100004954,192 935,B01,1,7,0,2,1,1,1,
202100004954,192 936,A01,1,1,0,2,4,15,5,
202100004955,192 933,A01,3,2,0,2,1,15,1,
202100004955,192 934,B01,0,7,0,2,3,1,1,
202100004956,192 931,A01,2,7,0,2,2,1,1,
202100004956,192 932,D01,1,7,0,-1,3,1,-1,
202100004957,192 930,A01,2,7,2,0,3,1,1,
202100004958,192 928,B01,2,7,0,2,1,1,3,
202100004958,192 929,A01,1,7,0,2,1,13,1,
202100004959,192 924,B01,1,7,0,2,1,1,1,
202100004959,192 925,A01,2,7,0,2,4,10,1,
202100004960,192 923,A01,2,7,13,0,2,1,1,
202100004961,192 921,A01,1,33,10,0,2,14,1,
202100004962,192 919,A01,2,7,0,2,6,15,1,
202100004962,192 920,B01,2,7,0,2,2,1,1,
202100004963,192 917,B01,1,1,0,2,3,1,5,
202100004963,192 918,A01,1,7,0,2,2,19,2,
202100004964,192 915,A01,2,7,1,0,2,14,1,
202100004964,192 916,B01,2,7,0,2,6,23,1,
202100004965,192 914,A01,1,7,0,1,7,1,1,
202100004966,192 913,A01,1,7,6,0,1,1,2,
202100004967,192 911,B01,1,7,0,2,1,1,1,
202100004967,192 912,A01,2,7,0,2,7,15,1,
202100004968,192 910,A01,1,7,6,0,1,1,1,
202100004969,192 907,B01,2,7,0,2,1,1,1,
202100004969,192 908,A01,1,7,0,2,8,19,1,
202100004970,192 906,A01,1,7,13,0,2,0,1,
202100004971,192 902,B01,1,10,0,2,1,1,1,
202100004971,192 903,A01,2,10,0,2,1,13,1,
202100004972,192 900,B01,1,2,0,2,8,1,1,
202100004972,192 901,A01,2,7,0,2,1,15,1,
202100004973,192 899,A01,2,2,0,0,0,1,1,
202100004974,192 898,A01,2,17,3,0,2,1,1,
202100004975,192 897,A01,3,13,0,1,4,4,1,
202100004976,192 894,A01,1,17,3,2,1,13,1,
202100004976,192 895,C01,2,7,0,2,1,26,1,
202100004976,192 896,B01,1,7,0,2,1,21,1,
202100004977,192 893,A01,1,7,4,0,1,1,1,
202100004978,192 891,A01,1,2,0,2,7,19,1,
202100004978,192 892,B01,2,7,0,2,1,1,1,
202100004979,192 889,A01,2,10,0,2,1,13,1,
202100004979,192 890,B01,1,7,0,2,1,1,1,
202100004980,192 887,B01,2,7,0,2,1,1,1,
202100004980,192 888,A01,2,7,13,2,3,9,1,
202100004981,192 885,B01,0,13,0,0,4,23,1,
202100004981,192 886,A01,0,7,0,2,1,1,1,
202100004982,192 882,A01,2,10,0,2,1,13,1,
202100004982,192 883,B01,1,3,0,2,3,1,1,
202100004982,192 884,C01,1,7,0,2,1,1,1,
202100004983,192 880,A01,2,33,0,2,1,1,1,
202100004983,192 881,B01,2,7,0,2,1,15,0,
202100004984,192 879,A01,2,7,0,0,0,17,1,
202100004985,192 876,B01,0,7,0,2,1,1,1,
202100004985,192 877,C01,3,10,0,2,3,1,1,
202100004985,192 878,A01,3,7,0,2,1,13,1,
202100004986,192 874,B01,2,7,3,2,7,1,1,
202100004986,192 875,A01,1,7,0,2,3,16,1,
202100004987,192 873,A01,1,7,6,0,3,1,1,
202100004988,192 871,B01,1,7,0,2,3,2,1,
202100004988,192 872,A01,1,7,3,0,3,2,1,
202100004989,192 870,A01,1,7,7,0,0,1,1,
202100004990,192 869,A01,3,7,0,1,0,1,0,
202100004991,192 866,C01,1,7,0,2,2,1,1,
202100004991,192 867,B01,2,7,0,2,3,1,1,
202100004991,192 868,A01,1,2,0,2,1,17,1,
202100004992,192 864,B01,2,2,0,2,1,1,1,
202100004992,192 865,A01,1,7,0,2,1,15,1,
202100004993,192 863,A01,3,7,0,1,3,8,1,
202100004994,192 861,B01,2,7,0,0,1,1,1,
202100004994,192 862,A01,2,7,0,0,4,1,3,
202100004995,192 860,A01,1,7,13,0,1,0,1,
202100004996,192 858,A01,1,7,0,2,3,2,1,
202100004996,192 859,B01,1,1,0,2,7,1,5,
202100004997,192 856,A01,1,7,0,2,4,1,1,
202100004997,192 857,B01,1,7,0,2,1,2,1,
202100004998,192 854,C01,2,17,0,2,2,2,1,
202100004998,192 855,A01,2,17,0,2,6,24,1,
202100004999,192 852,A01,2,10,3,2,1,2,1,
202100004999,192 853,B01,2,7,0,2,4,1,1,
202100005000,192 850,B01,1,10,0,2,4,2,1,
202100005000,192 851,Z01,1,7,3,2,1,2,1,
202100005001,192 847,C01,2,7,0,2,4,1,0,
202100005001,192 848,B01,2,7,0,2,5,1,0,
202100005001,192 849,A01,2,7,0,2,2,1,0,
202100005002,192 845,B01,2,7,0,2,4,1,1,
202100005002,192 846,A01,2,7,0,2,1,13,1,
202100005003,192 843,A01,1,7,0,2,3,2,1,
202100005003,192 844,B01,1,7,0,2,6,2,1,
202100005004,192 841,A01,1,7,0,2,5,12,1,
202100005004,192 842,B01,1,33,0,2,1,3,1,
202100005005,192 838,C01,2,10,0,2,1,2,1,
202100005005,192 839,B01,2,17,0,2,2,2,1,
202100005005,192 840,A01,2,7,0,2,3,13,1,
202100005006,192 835,A01,2,7,0,2,5,14,1,
202100005006,192 836,B01,2,33,0,2,1,2,1,
202100005006,192 837,C01,2,33,0,2,7,1,1,
202100005007,192 832,Z01,2,7,0,2,0,26,0,
202100005007,192 833,A01,2,7,4,2,7,9,1,
202100005007,192 834,B01,2,15,0,2,7,1,1,
202100005008,192 830,A01,1,7,0,2,6,11,1,
202100005008,192 831,B01,1,33,0,2,3,26,1,
202100005009,192 829,A01,2,7,0,1,1,1,1,
202100005010,192 828,A01,2,7,4,0,3,13,1,
202100005011,192 825,C01,2,7,0,2,4,2,1,
202100005011,192 826,B01,2,7,0,2,1,2,1,
202100005011,192 827,A01,2,10,0,2,1,1,1,
202100005012,192 823,A01,2,7,15,0,9,1,1,
202100005012,192 824,B01,2,7,0,0,0,14,1,
202100005013,192 822,A01,2,7,3,0,1,1,1,
202100005014,192 821,A01,1,7,0,0,0,1,0,
202100005015,192 820,A01,3,80,0,1,1,19,3,
202100005016,192 817,A01,1,7,0,1,1,26,1,
202100005017,192 816,A01,1,3,0,1,1,1,1,
202100005018,192 815,A01,1,7,0,1,2,16,1,
202100005019,192 814,A01,1,7,0,1,2,1,1,
202100005020,192 812,A01,1,7,0,2,1,13,1,
202100005020,192 813,B01,1,7,0,2,1,1,1,
202100005021,192 810,A01,1,7,0,4,3,1,1,
202100005021,192 811,B01,3,40,0,2,7,1,3,
202100005022,192 809,A01,2,7,13,0,7,14,1,
202100005023,192 807,A01,3,7,0,2,7,1,2,
202100005023,192 808,B01,3,7,0,2,1,1,1,
202100005024,192 806,Z01,3,33,9,1,9,26,0,
202100005025,192 804,A01,3,7,0,2,3,1,1,
202100005025,192 805,B01,3,7,0,2,1,1,1,
202100005026,192 803,A01,1,30,0,1,1,12,1,
202100005027,192 801,A01,1,7,0,2,2,2,1,
202100005027,192 802,B01,1,1,0,2,3,2,0,
202100005028,192 799,A01,1,1,0,2,3,26,5,
202100005028,192 800,B01,1,7,0,2,2,1,1,
202100005029,192 798,A01,2,7,0,1,1,19,1,
202100005030,192 797,A01,2,3,0,1,2,23,1,
202100005031,192 796,A01,2,50,12,0,0,1,3,
202100005032,192 795,A01,2,7,0,1,1,1,1,
202100005033,192 792,C01,2,7,0,2,5,1,1,
202100005033,192 793,B01,2,7,0,2,3,1,1,
202100005033,192 794,A01,1,7,0,2,1,5,1,
202100005034,192 789,C01,1,7,0,2,1,1,1,
202100005034,192 790,B01,1,7,0,2,4,23,1,
202100005034,192 791,A01,1,7,0,2,4,23,1,
202100005035,192 788,A01,1,7,0,2,1,21,1,
202100005036,192 785,A01,2,7,0,2,1,21,1,
202100005036,192 786,B01,2,7,0,2,4,23,1,
202100005036,192 787,C01,2,7,0,2,1,26,0,
202100005037,192 784,A01,3,7,0,1,1,26,1,
202100005038,192 782,B01,1,7,0,2,1,1,1,
202100005038,192 783,A01,1,7,0,2,3,23,1,
202100005039,192 780,A01,2,15,0,2,1,2,1,
202100005039,192 781,B01,2,10,0,0,4,2,1,
202100005040,192 779,A01,3,7,0,1,1,1,1,
202100005041,192 776,C01,1,7,0,2,5,23,1,
202100005041,192 777,B01,1,7,0,2,4,2,1,
202100005041,192 778,A01,1,7,0,2,1,1,1,
202100005042,192 772,B01,0,1,0,2,7,1,0,
202100005042,192 773,A01,0,7,0,2,3,15,1,
202100005043,192 771,A01,0,7,0,0,1,1,1,
202100005044,192 769,A01,2,7,3,0,1,9,1,
202100005044,192 770,B01,2,10,0,2,1,1,1,
202100005045,192 768,A01,3,7,0,1,2,1,1,
202100005046,192 766,A01,0,31,0,2,6,0,0,
202100005046,192 767,B01,0,10,0,2,6,0,1,
202100005047,192 765,A01,0,7,0,1,1,20,1,
202100005048,192 759,A01,3,7,0,2,1,17,1,
202100005048,192 760,B01,3,3,0,2,1,1,1,
202100005049,192 757,A01,2,50,0,2,3,15,3,
202100005049,192 758,B01,2,7,0,2,7,1,1,
202100005050,192 756,A01,3,7,0,1,0,20,1,
202100005051,192 753,A01,2,7,0,2,3,7,1,
202100005051,192 754,C01,2,10,0,2,5,1,1,
202100005051,192 755,B01,2,7,0,2,5,9,1,
202100005052,192 751,A01,1,7,0,2,1,26,1,
202100005052,192 752,B01,2,7,8,2,8,1,1,
202100005053,192 748,B01,2,7,0,2,4,2,1,
202100005053,192 749,A01,2,7,0,2,1,2,1,
202100005053,192 750,C01,2,10,0,2,4,2,1,
202100005054,192 746,A01,3,7,0,2,1,2,1,
202100005054,192 747,B01,3,7,0,2,4,2,1,
202100005055,192 744,B01,3,7,16,2,1,2,1,
202100005055,192 745,A01,3,10,16,2,3,9,1,
202100005056,192 741,A01,1,7,0,2,1,1,1,
202100005056,192 742,B01,1,7,0,2,1,1,1,
202100005056,192 743,C01,1,7,0,2,4,1,1,
202100005057,192 739,A01,1,37,0,2,4,1,1,2.0
202100005057,192 740,B01,0,33,0,2,4,23,1,
202100005058,192 737,A01,1,7,0,2,1,13,1,
202100005058,192 738,B01,2,7,0,2,3,1,1,
202100005059,192 735,B01,1,7,0,2,7,15,1,
202100005059,192 736,A01,2,30,0,2,1,1,1,
202100005060,192 734,A01,1,7,0,1,1,1,1,
202100005061,192 732,A01,1,7,0,9,3,1,1,
202100005061,192 733,B01,1,30,0,2,4,1,1,
202100005062,192 731,A01,1,7,0,1,7,15,1,
202100005063,192 727,A01,1,7,5,0,1,1,1,
202100005064,192 726,A01,1,32,0,0,5,26,1,
202100005065,192 725,A01,2,7,2,0,1,9,1,
202100005066,192 721,A01,3,7,0,2,2,17,1,
202100005066,192 722,B01,2,7,0,2,7,1,1,
202100005067,192 720,A01,1,10,6,0,2,14,1,
202100005068,192 718,A01,0,10,0,2,2,1,1,
202100005068,192 719,B01,3,7,0,2,1,16,1,
202100005069,192 716,A01,2,7,0,1,7,1,1,
202100005069,192 717,B01,2,7,0,0,0,2,1,
202100005070,192 714,B01,3,7,0,2,3,1,1,
202100005070,192 715,A01,0,7,0,2,1,15,1,
202100005071,192 712,A01,1,10,0,2,1,1,1,
202100005071,192 713,B01,1,7,0,2,4,2,1,
202100005072,192 710,B01,0,7,0,2,2,1,1,
202100005072,192 711,A01,0,80,0,2,1,5,3,
202100005073,192 709,A01,0,33,0,1,3,1,1,
202100005074,192 707,A01,0,30,0,2,1,20,1,
202100005074,192 708,B01,1,32,0,2,3,1,1,
202100005075,192 705,B01,2,7,0,2,4,2,1,
202100005075,192 706,A01,2,7,0,2,1,2,1,
202100005076,192 703,B01,2,33,0,2,1,1,1,
202100005076,192 704,A01,2,7,0,2,6,13,1,
202100005077,192 701,A01,2,7,0,2,1,15,1,
202100005077,192 702,B01,1,2,0,2,1,1,1,
202100005078,192 700,A01,2,7,6,0,1,13,1,
202100005079,192 699,A01,3,10,0,1,2,16,1,
202100005080,192 696,A01,0,30,0,0,3,15,3,
202100005081,192 694,A01,1,7,0,2,1,1,1,
202100005081,192 695,B01,1,7,0,2,4,1,1,
202100005082,192 692,B01,3,7,0,2,6,1,1,
202100005082,192 693,A01,1,34,0,2,1,1,1,
202100005083,192 686,C01,1,7,0,2,3,1,1,
202100005083,192 687,B01,1,7,0,2,8,1,1,
202100005084,192 685,A01,3,7,0,1,2,12,1,
202100005085,192 683,B01,0,2,0,2,1,1,1,
202100005085,192 684,A01,0,10,0,2,2,15,1,
202100005086,192 682,A01,1,30,3,0,8,13,1,
202100005087,192 680,B01,2,7,0,2,4,2,1,
202100005087,192 681,A01,2,7,0,2,2,2,1,
202100005088,192 678,B01,3,10,0,2,3,1,3,
202100005088,192 679,A01,3,7,0,2,2,11,1,
202100005089,192 676,B01,1,50,0,2,0,1,3,
202100005089,192 677,A01,2,7,0,9,3,9,1,
202100005090,192 674,A01,2,10,0,2,2,19,1,
202100005090,192 675,B01,1,2,0,2,1,1,1,
202100005091,192 672,A01,2,7,0,2,1,13,1,
202100005091,192 673,B01,1,10,0,2,1,1,1,
202100005092,192 671,A01,1,10,0,1,1,15,1,
202100005093,192 669,B01,3,7,0,2,0,0,1,
202100005093,192 670,A01,3,7,0,2,2,9,1,
202100005094,192 667,A01,2,7,0,2,1,2,1,
202100005094,192 668,B01,2,10,0,2,4,23,1,
202100005095,192 665,A01,1,7,0,2,6,11,1,
202100005095,192 666,B01,1,32,0,2,1,3,1,
202100005096,192 664,A01,1,30,0,0,0,21,1,
202100005097,192 661,A01,2,10,0,2,1,2,1,
202100005097,192 662,B01,2,10,0,2,4,23,1,
202100005097,192 663,C01,2,7,0,2,4,23,1,
202100005098,192 660,A01,1,30,0,1,1,1,1,
202100005099,192 658,A01,2,10,0,2,3,22,1,
202100005099,192 659,B01,2,1,0,2,1,1,5,
202100005100,192 657,Z01,1,1,0,1,0,5,5,
202100005101,192 655,A01,3,10,0,2,2,22,1,
202100005101,192 656,B01,1,1,0,2,0,1,5,
202100005102,192 653,B01,2,34,0,2,2,1,1,
202100005102,192 654,A01,2,10,0,2,3,9,1,
202100005103,192 652,A01,2,7,0,1,2,15,1,
202100005104,192 650,A01,1,32,0,2,1,1,1,
202100005104,192 651,B01,3,50,0,2,0,1,3,
202100005105,192 648,A01,1,7,0,2,2,15,1,
202100005105,192 649,B01,2,30,0,2,1,1,1,
202100005106,192 647,A01,1,7,0,1,2,1,2,
202100005107,192 645,A01,1,7,0,2,4,23,1,
202100005107,192 646,B01,1,7,0,2,1,1,1,
202100005108,192 643,A01,1,1,0,2,1,1,5,
202100005108,192 644,B01,2,7,0,9,1,15,1,
202100005109,192 641,A01,3,31,0,2,7,1,1,
202100005109,192 642,B01,3,7,0,2,3,2,1,
202100005110,192 640,A01,2,1,8,1,1,1,5,
202100005111,192 639,A01,3,7,1,0,0,1,1,
202100005112,192 636,B01,1,33,0,0,1,1,1,
202100005112,192 637,A01,1,7,8,2,1,15,1,
202100005113,192 635,A01,3,7,0,1,3,1,1,
202100005114,192 634,A01,3,10,0,1,1,9,1,
202100005115,192 632,A01,1,7,0,2,8,9,0,
202100005115,192 633,B01,1,50,0,2,1,19,3,
202100005116,192 631,A01,2,7,0,1,1,16,1,
202100005117,192 629,B01,3,10,0,2,3,26,1,
202100005117,192 630,A01,3,7,0,2,1,13,1,
202100005118,192 628,A01,2,34,0,2,7,16,1,
202100005119,192 627,A01,1,7,0,1,3,19,2,
202100005120,192 626,A01,3,7,0,9,3,13,1,
202100005121,192 624,A01,1,7,0,2,5,15,1,
202100005121,192 625,B01,1,33,0,2,0,17,1,
202100005122,192 623,A01,-1,7,0,1,1,16,2,
202100005123,192 622,A01,3,37,0,1,2,26,2,1.0
202100005124,192 620,A01,2,50,1,2,1,2,3,
202100005124,192 621,B01,0,7,0,2,0,0,0,
202100005125,192 618,A01,1,7,0,2,1,1,3,
202100005125,192 619,Y01,3,60,0,2,8,19,5,
202100005126,192 616,B01,2,7,1,2,3,15,3,
202100005126,192 617,A01,2,30,1,2,7,26,1,
202100005127,192 615,A01,3,14,9,1,2,20,1,
202100005128,192 613,Y01,0,0,0,2,0,0,-1,
202100005128,192 614,A01,1,32,1,0,1,2,1,
202100005129,192 609,B01,3,1,1,0,1,1,5,
202100005129,192 610,A01,3,7,0,2,7,24,1,
202100005130,192 607,A01,3,3,0,9,8,24,1,
202100005130,192 608,B01,3,1,1,0,1,1,5,
202100005131,192 605,A01,3,7,0,2,3,1,1,
202100005131,192 606,B01,3,2,0,2,0,0,1,
202100005132,192 604,A01,2,3,0,1,2,16,1,
202100005133,192 601,B01,1,15,0,2,4,2,0,
202100005133,192 602,A01,1,7,0,2,1,2,1,
202100005134,192 599,B01,0,7,0,2,1,1,3,
202100005134,192 600,A01,1,7,0,2,7,1,1,
202100005135,192 598,A01,2,7,0,1,3,1,1,
202100005136,192 596,A01,1,7,0,2,6,4,1,
202100005136,192 597,B01,1,33,0,2,1,17,1,
202100005137,192 595,A01,1,7,0,1,2,2,1,
202100005138,192 594,A01,1,7,2,0,1,13,1,
202100005139,192 591,A01,2,7,0,2,1,2,1,
202100005139,192 592,B01,2,7,0,2,4,1,1,
202100005139,192 593,C01,2,10,0,2,4,1,1,
202100005140,192 589,B01,2,15,0,0,4,0,0,
202100005140,192 590,A01,2,7,3,2,1,17,1,
202100005141,192 587,A01,1,33,0,2,1,2,1,
202100005141,192 588,B01,1,7,0,2,4,2,1,
202100005142,192 585,B01,1,7,0,2,3,1,1,
202100005142,192 586,A01,1,7,0,2,2,15,1,
202100005143,192 584,A01,3,7,0,1,1,1,1,
202100005144,192 582,B01,1,10,0,2,3,16,1,
202100005144,192 583,A01,1,2,0,2,3,17,1,
202100005145,192 577,A01,1,33,0,2,1,18,1,
202100005145,192 578,B01,1,7,0,2,5,1,1,
202100005145,192 579,C01,1,7,3,2,1,1,1,
202100005146,192 575,B01,1,7,0,2,1,1,2,
202100005146,192 576,A01,2,7,0,2,1,13,3,
202100005147,192 572,C01,1,7,0,2,1,1,1,
202100005147,192 573,B01,2,7,0,2,1,2,1,
202100005147,192 574,A01,1,7,0,2,7,15,1,
202100005148,192 570,A01,3,7,0,2,6,10,1,
202100005148,192 571,B01,3,33,0,2,1,2,1,
202100005149,192 569,A01,2,7,0,1,2,1,1,
202100005150,192 568,A01,1,7,7,0,1,13,1,
202100005151,192 567,A01,2,7,13,0,1,1,1,
202100005152,192 566,A01,1,7,0,0,1,0,1,
202100005153,192 564,B01,1,7,0,0,6,23,1,
202100005153,192 565,A01,1,7,1,1,5,2,1,
202100005154,192 563,A01,2,7,3,0,1,26,1,
202100005155,192 561,B01,1,2,0,2,1,2,1,
202100005155,192 562,A01,1,10,0,0,5,2,1,
202100005156,192 560,A01,3,10,0,1,2,1,1,
202100005157,192 558,B01,0,7,0,2,7,0,1,
202100005157,192 559,A01,0,2,0,2,7,17,1,
202100005158,192 557,A01,3,10,0,1,3,1,1,
202100005159,192 555,B01,2,2,0,2,1,1,1,
202100005159,192 556,A01,1,10,0,2,2,15,1,
202100005160,192 553,B01,2,99,0,2,1,1,1,
202100005160,192 554,A01,1,7,0,2,2,1,1,
202100005161,192 551,A01,2,10,0,2,3,13,1,
202100005161,192 552,B01,1,7,0,2,3,13,1,
202100005162,192 549,A01,2,7,13,0,8,15,1,
202100005163,192 548,A01,1,7,11,0,1,26,1,
202100005164,192 547,A01,2,15,6,0,3,1,1,
202100005165,192 545,A01,2,10,0,2,1,2,1,
202100005165,192 546,B01,2,17,0,2,4,2,1,
202100005166,192 543,A01,2,7,0,2,1,2,1,
202100005166,192 544,B01,2,7,0,0,4,2,2,
202100005167,192 542,A01,2,7,0,1,1,1,1,
202100005168,192 541,A01,2,0,0,1,7,1,0,
202100005169,192 538,A01,1,7,0,2,3,2,1,
202100005169,192 539,B01,1,7,0,2,1,2,1,