Num_Acc,id_vehicule,num_veh,senc,catv,obs,obsm,choc,manv,motor,occutc
202100005169,192 540,C01,1,17,0,0,4,2,1,
202100005170,192 537,A01,3,7,0,1,1,1,1,
202100005171,192 535,B01,2,17,0,2,1,1,1,
202100005171,192 536,A01,1,7,0,2,1,1,1,
202100005172,192 533,A01,1,10,0,2,1,19,1,
202100005172,192 534,B01,2,7,0,0,7,1,1,
202100005173,192 532,A01,1,7,13,0,1,21,1,
202100005174,192 531,A01,2,0,0,1,0,2,0,
202100005175,192 530,A01,2,7,10,0,1,14,1,
202100005176,192 528,A01,1,7,0,0,6,9,1,
202100005176,192 529,B01,1,31,0,2,1,1,1,
202100005177,192 527,A01,1,7,6,0,1,1,1,
202100005178,192 525,A01,1,7,0,2,3,13,1,
202100005178,192 526,B01,2,7,0,2,3,1,1,
202100005179,192 524,A01,0,7,2,0,1,1,1,
202100005180,192 523,A01,1,7,0,1,2,1,1,
202100005181,192 520,A01,2,7,0,2,3,13,1,
202100005181,192 521,B01,1,7,0,2,3,1,1,
202100005181,192 522,C01,1,7,0,2,8,1,1,
202100005182,192 517,C01,1,7,0,2,8,1,1,
202100005182,192 518,B01,1,7,0,2,8,1,1,
202100005182,192 519,A01,1,10,0,2,1,1,1,
202100005183,192 514,A01,1,7,0,2,4,0,1,
202100005183,192 515,B01,1,7,0,2,4,0,1,
202100005183,192 516,C01,1,10,0,2,1,0,1,
202100005184,192 511,A01,2,7,0,2,4,2,1,
202100005184,192 512,B01,2,7,0,2,4,2,1,
202100005184,192 513,C01,2,7,0,2,1,2,1,
202100005185,192 508,A01,2,7,0,2,4,1,1,
202100005185,192 509,B01,2,7,0,2,1,1,1,
202100005185,192 510,C01,1,13,0,2,1,2,1,
202100005186,192 506,B01,1,7,0,2,1,2,1,
202100005186,192 507,A01,1,7,0,2,4,2,1,
202100005187,192 504,A01,1,7,0,2,4,2,1,
202100005187,192 505,B01,1,10,0,2,1,2,1,
202100005188,192 503,A01,1,7,4,0,8,12,1,
202100005189,192 502,A01,2,7,2,0,1,0,1,
202100005190,192 500,B01,1,17,1,0,2,1,1,
202100005190,192 501,A01,1,7,1,2,8,24,1,
202100005191,192 498,B01,2,7,0,2,1,1,1,
202100005191,192 499,A01,1,7,0,2,7,15,2,
202100005192,192 496,A01,2,7,0,2,1,2,1,
202100005192,192 497,B01,2,7,0,2,4,2,1,
202100005193,192 494,B01,1,7,0,2,4,2,1,
202100005193,192 495,A01,1,7,0,2,0,2,1,
202100005194,192 492,A01,2,14,0,2,2,1,1,
202100005194,192 493,B01,2,7,0,2,8,11,1,
202100005195,192 489,C01,1,7,0,2,4,2,1,
202100005195,192 490,B01,1,7,0,2,1,2,2,
202100005195,192 491,A01,1,10,0,2,1,2,1,
202100005196,192 486,C01,1,7,0,2,4,2,1,
202100005196,192 487,A01,1,13,0,2,0,2,1,
202100005196,192 488,B01,1,7,0,2,0,2,1,
202100005197,192 483,C01,1,7,0,2,4,2,1,
202100005197,192 484,B01,1,7,0,2,4,2,1,
202100005197,192 485,A01,1,7,0,2,1,2,1,
202100005198,192 481,B01,2,33,0,2,1,3,1,
202100005198,192 482,A01,2,7,0,2,2,11,1,
202100005199,192 479,A01,2,7,0,2,5,23,1,
202100005199,192 480,B01,2,7,14,2,3,26,1,
202100005200,192 477,B01,2,7,4,2,7,3,1,
202100005200,192 478,A01,2,7,0,2,6,11,1,
202100005201,192 474,C01,2,10,0,2,6,1,1,
202100005201,192 475,B01,2,7,0,2,2,14,1,
202100005201,192 476,A01,2,32,0,2,1,3,1,
202100005202,192 472,A01,2,7,0,2,1,1,1,
202100005202,192 473,B01,2,7,0,2,4,1,1,
202100005203,192 471,A01,1,7,0,0,4,26,1,
202100005204,192 469,A01,3,7,1,0,3,26,1,
202100005204,192 470,B01,3,7,0,2,1,1,1,
202100005205,192 468,A01,2,7,0,1,2,2,1,
202100005206,192 467,A01,2,37,0,1,3,26,2,1.0
202100005207,192 466,A01,1,7,0,1,2,1,1,
202100005208,192 465,A01,0,7,0,1,3,15,1,
202100005209,192 464,Z01,3,7,0,1,0,0,1,
202100005210,192 463,A01,2,30,0,0,3,15,1,
202100005211,192 462,A01,2,30,0,0,0,13,1,
202100005212,192 460,A01,1,30,0,2,1,9,1,
202100005212,192 461,B01,2,7,0,2,7,1,1,
202100005213,192 458,A01,1,7,0,2,1,2,1,
202100005213,192 459,B01,2,7,0,2,4,2,1,
202100005214,192 456,B01,2,7,0,2,1,1,1,
202100005214,192 457,A01,1,30,0,2,1,13,1,
202100005215,192 453,A01,1,7,0,1,2,1,1,
202100005216,192 451,B01,3,30,0,2,2,13,1,
202100005216,192 452,A01,3,7,0,2,6,2,1,
202100005217,192 450,A01,1,37,0,1,7,1,1,1.0
202100005218,192 449,A01,1,7,0,1,1,15,1,
202100005219,192 447,B01,2,31,0,2,3,3,1,
202100005219,192 448,A01,2,7,0,2,5,12,1,
202100005220,192 446,A01,1,10,0,0,1,14,1,
202100005221,192 445,A01,0,37,0,0,0,0,0,1.0
202100005222,192 444,A01,0,99,0,0,0,0,3,
202100005223,192 442,B01,2,33,0,2,1,1,1,
202100005223,192 443,A01,1,7,0,2,1,15,1,
202100005224,192 441,A01,3,33,14,0,1,17,1,
202100005225,192 439,B01,2,7,0,2,1,12,1,
202100005225,192 440,A01,2,7,0,2,4,1,1,
202100005226,192 438,A01,2,7,1,0,1,14,1,
202100005227,192 437,A01,3,32,12,0,1,0,1,
202100005228,192 436,A01,2,7,4,0,3,1,1,
202100005229,192 434,A01,1,10,0,2,1,0,1,
202100005229,192 435,B01,1,34,0,2,8,0,1,
202100005230,192 432,B01,1,31,0,2,8,1,1,
202100005230,192 433,A01,2,7,0,2,3,15,1,
202100005231,192 430,A01,1,7,0,2,3,19,1,
202100005231,192 431,B01,1,99,0,0,0,0,0,
202100005232,192 428,A01,1,10,0,2,3,13,1,
202100005232,192 429,B01,2,7,0,2,1,1,1,
202100005233,192 427,A01,1,10,0,1,2,16,1,
202100005234,192 426,A01,3,7,0,1,2,1,1,
202100005235,192 424,A01,1,7,6,2,8,1,1,
202100005235,192 425,B01,1,10,0,2,0,13,1,
202100005236,192 422,B01,1,32,0,9,0,0,1,
202100005236,192 423,A01,1,7,0,9,0,26,1,
202100005237,192 419,A01,2,7,0,2,1,1,1,
202100005237,192 420,B01,2,7,0,2,3,1,1,
202100005238,192 417,A01,1,7,0,2,7,1,1,
202100005238,192 418,B01,1,2,0,2,1,1,1,
202100005239,192 416,A01,1,7,0,1,5,1,1,
202100005240,192 414,A01,2,7,0,2,6,10,1,
202100005240,192 415,B01,2,37,0,2,2,1,1,1.0
202100005241,192 412,A01,1,7,0,2,3,1,1,
202100005241,192 413,B01,2,7,0,2,2,1,1,
202100005242,192 411,A01,1,7,0,1,0,1,1,
202100005243,192 410,Z01,3,0,1,1,0,0,0,
202100005244,192 409,A01,3,7,0,1,1,1,1,
202100005245,192 407,B01,3,7,0,2,4,1,1,
202100005245,192 408,A01,3,2,0,2,1,2,1,
202100005246,192 406,A01,3,7,0,1,1,1,1,
202100005247,192 404,A01,1,10,0,2,7,15,1,
202100005247,192 405,B01,2,33,0,2,1,1,1,
202100005248,192 402,A01,1,7,0,9,3,1,1,
202100005248,192 403,B01,1,1,0,2,6,15,5,
202100005249,192 401,A01,1,10,0,1,2,1,1,
202100005250,192 400,A01,1,7,0,1,2,2,1,
202100005251,192 399,A01,0,7,9,0,1,1,1,
202100005252,192 396,A01,3,7,0,2,1,2,1,
202100005252,192 397,B01,3,7,0,2,4,2,1,
202100005252,192 398,C01,3,7,0,2,4,1,1,
202100005253,192 394,A01,2,33,0,2,1,1,1,
202100005253,192 395,B01,2,7,0,2,4,1,1,
202100005254,192 391,A01,2,7,0,2,1,13,1,
202100005254,192 392,B01,1,7,0,2,3,1,1,
202100005255,192 388,B01,1,10,0,2,5,15,1,
202100005255,192 389,A01,2,33,0,2,1,1,1,
202100005256,192 384,B01,3,7,13,2,2,26,1,
202100005256,192 385,A01,3,7,13,2,1,26,1,
202100005257,192 383,A01,0,31,0,0,0,14,1,
202100005258,192 382,A01,1,7,0,9,1,1,1,
202100005259,192 381,Z01,3,3,0,1,1,1,0,
202100005260,192 379,A01,3,50,0,2,1,1,3,
202100005260,192 380,B01,3,7,0,2,2,1,1,
202100005261,192 377,B01,2,7,0,2,1,1,1,
202100005261,192 378,A01,2,7,0,2,1,15,1,
202100005262,192 376,A01,3,32,8,0,1,1,1,
202100005263,192 375,A01,3,7,0,1,1,17,1,
202100005264,192 374,A01,1,7,0,1,3,9,1,
202100005265,192 372,B01,1,7,0,2,5,2,1,
202100005265,192 373,A01,1,7,0,2,2,2,1,
202100005266,192 371,A01,1,7,0,1,1,1,3,
202100005267,192 370,A01,1,7,0,1,2,1,1,
202100005268,192 368,B01,2,2,0,2,7,1,1,
202100005268,192 369,A01,1,10,0,2,3,9,1,
202100005269,192 367,A01,1,7,9,0,1,13,1,
202100005270,192 365,B01,2,7,0,2,1,1,1,
202100005270,192 366,A01,2,7,0,2,1,9,1,
202100005271,192 363,A01,2,7,0,2,1,9,1,
202100005271,192 364,B01,1,7,0,1,2,1,1,
202100005272,192 362,A01,1,7,0,1,1,1,1,
202100005273,192 361,Z01,2,7,0,1,1,1,1,
202100005274,192 359,B01,1,7,0,2,2,1,1,
202100005274,192 360,A01,2,30,0,2,1,16,1,
202100005275,192 357,B01,1,7,0,2,4,2,1,
202100005275,192 358,A01,1,10,0,2,1,2,1,
202100005276,192 355,A01,1,7,0,2,1,2,1,
202100005276,192 356,B01,1,7,0,2,4,2,1,
202100005277,192 353,B01,3,33,0,2,7,1,1,
202100005277,192 354,A01,3,10,0,2,2,15,1,
202100005278,192 351,A01,1,7,0,2,1,5,1,
202100005278,192 352,B01,2,7,0,2,1,1,1,
202100005279,192 349,A01,2,7,0,2,1,5,1,
202100005279,192 350,B01,1,2,0,2,1,1,0,
202100005280,192 347,B01,1,1,0,2,1,1,0,
202100005280,192 348,A01,1,7,0,2,1,11,1,
202100005281,192 345,A01,1,7,0,2,4,2,1,
202100005281,192 346,B01,1,7,0,2,1,2,1,
202100005282,192 343,A01,3,7,0,2,1,1,3,
202100005282,192 344,B01,3,7,0,2,6,0,1,
202100005283,192 342,A01,1,7,0,1,2,13,1,
202100005284,192 341,Z01,2,7,0,1,0,26,0,
202100005285,192 339,B01,2,50,0,2,1,19,3,
202100005285,192 340,A01,2,7,0,9,2,15,1,
202100005286,192 338,A01,3,7,0,1,3,15,1,
202100005287,192 336,A01,3,15,0,2,1,1,1,
202100005287,192 337,B01,3,7,0,2,1,11,1,
202100005288,192 333,A01,1,7,0,1,5,1,1,
202100005289,192 331,B01,2,10,0,2,1,1,1,
202100005289,192 332,A01,1,7,0,2,8,9,1,
202100005290,192 330,A01,2,7,0,1,3,1,1,
202100005291,192 328,A01,2,7,0,2,1,13,1,
202100005291,192 329,B01,1,7,0,2,2,1,1,
202100005292,192 327,A01,1,7,15,2,1,5,1,
202100005293,192 325,B01,1,7,0,2,3,1,1,
202100005293,192 326,A01,2,7,0,2,2,19,1,
202100005294,192 324,A01,0,7,0,1,8,15,1,
202100005295,192 322,B01,2,7,0,9,7,16,1,
202100005295,192 323,A01,2,2,0,2,1,7,1,
202100005296,192 321,A01,1,7,0,1,3,1,1,
202100005297,192 319,A01,1,7,0,2,8,26,1,
202100005297,192 320,B01,1,7,0,2,1,26,1,
202100005298,192 318,A01,1,7,0,1,1,1,1,
202100005299,192 317,A01,1,7,8,0,9,21,1,
202100005300,192 316,A01,2,32,0,0,0,15,1,
202100005301,192 314,A01,1,7,0,9,3,9,1,
202100005301,192 315,B01,1,1,0,2,2,1,5,
202100005302,192 312,B01,2,33,0,2,7,1,1,
202100005302,192 313,A01,1,7,0,2,5,15,1,
202100005303,192 309,A01,1,3,0,2,1,13,1,
202100005303,192 310,B01,2,7,0,2,1,1,1,
202100005303,192 311,C01,2,7,0,2,8,1,1,
202100005304,192 307,B01,1,2,0,2,1,1,1,
202100005304,192 308,A01,1,7,0,2,3,19,1,
202100005305,192 305,Z01,1,7,0,2,8,5,1,
202100005305,192 306,B01,1,7,0,2,1,1,1,
202100005306,192 303,A01,1,7,0,2,3,16,1,
202100005306,192 304,B01,1,32,0,2,1,1,1,
202100005307,192 301,A01,1,15,1,0,1,14,1,
202100005307,192 302,B01,1,7,0,2,8,23,1,
202100005308,192 300,A01,3,7,1,0,1,0,1,
202100005309,192 299,A01,3,7,15,0,2,14,1,
202100005310,192 298,A01,3,1,14,0,1,1,5,
202100005311,192 296,A01,3,7,0,2,2,15,1,
202100005311,192 297,B01,3,2,0,2,1,1,1,
202100005312,192 294,B01,2,2,0,2,4,2,1,
202100005312,192 295,A01,2,7,0,2,1,2,1,
202100005313,192 292,B01,3,2,0,2,1,1,1,
202100005313,192 293,A01,3,7,0,2,7,15,1,
202100005314,192 290,B01,1,33,0,2,8,1,1,
202100005314,192 291,A01,2,7,0,2,3,15,1,
202100005315,192 288,A01,3,7,0,2,1,1,1,
202100005315,192 289,B01,0,7,0,2,5,1,1,
202100005316,192 287,A01,0,37,0,1,2,16,1,1.0
202100005317,192 285,A01,1,7,0,2,1,2,1,
202100005317,192 286,B01,1,7,0,1,1,1,1,
202100005318,192 283,A01,3,7,0,2,5,20,1,
202100005318,192 284,B01,2,1,0,2,5,1,5,
202100005319,192 281,B01,2,1,0,2,2,15,5,
202100005319,192 282,A01,1,7,0,2,1,2,1,
202100005320,192 279,A01,2,10,0,2,1,1,1,
202100005320,192 280,B01,3,38,0,0,4,2,1,1.0
202100005321,192 276,C01,1,7,0,2,4,1,1,
202100005321,192 277,B01,1,7,0,2,4,1,1,
202100005321,192 278,A01,1,37,0,2,1,1,1,1.0
202100005322,192 275,A01,3,7,0,1,1,26,1,
202100005323,192 273,A01,1,7,0,2,8,2,1,
202100005323,192 274,B01,2,31,0,2,8,17,1,
202100005324,192 272,A01,1,3,0,1,1,1,3,
202100005325,192 270,B01,2,80,0,2,7,1,3,
202100005325,192 271,A01,2,7,0,2,1,9,1,
202100005326,192 269,A01,1,30,8,0,1,26,1,
202100005327,192 267,A01,2,7,0,2,5,15,1,
202100005327,192 268,B01,1,1,0,2,0,0,0,
202100005328,192 266,A01,1,7,17,0,1,13,1,
202100005329,192 264,A01,3,7,0,2,3,17,1,
202100005329,192 265,B01,3,17,0,2,6,1,1,
202100005330,192 262,B01,2,7,0,2,3,1,1,
202100005330,192 263,A01,1,7,0,2,3,13,1,
202100005331,192 261,A01,2,31,4,0,1,13,1,
202100005332,192 259,A01,1,7,0,2,2,15,1,
202100005332,192 260,B01,2,33,0,2,1,1,1,
202100005333,192 257,B01,0,30,0,2,2,1,3,
202100005333,192 258,A01,0,7,0,2,4,4,1,
202100005334,192 256,A01,0,30,0,0,2,1,1,
202100005335,192 255,A01,0,1,12,0,1,1,5,
202100005336,192 254,A01,0,33,0,0,2,1,1,
202100005337,192 253,A01,0,7,8,0,2,16,1,
202100005338,192 249,A01,1,7,0,2,2,13,1,
202100005338,192 250,B01,2,7,0,2,1,1,1,
202100005339,192 247,B01,2,7,0,2,7,1,1,
202100005339,192 248,A01,2,7,0,2,1,9,1,
202100005340,192 245,A01,1,7,0,1,3,1,1,
202100005340,192 246,B01,2,7,0,1,3,1,2,
202100005341,192 243,A01,2,50,0,2,1,21,3,
202100005341,192 244,B01,2,13,0,2,5,16,1,
202100005342,192 239,B01,3,30,0,2,1,17,1,
202100005342,192 240,A01,3,7,0,2,1,15,1,
202100005343,192 237,B01,0,2,0,2,1,1,1,
202100005343,192 238,A01,0,7,0,2,2,11,1,
202100005344,192 235,B01,1,2,0,2,7,1,1,
202100005344,192 236,A01,1,7,0,2,8,13,1,
202100005345,192 233,B01,3,7,0,2,3,1,1,
202100005345,192 234,A01,3,7,0,2,2,19,1,
202100005346,192 231,A01,1,7,0,2,8,10,1,
202100005346,192 232,B01,1,43,0,2,1,1,1,
202100005347,192 229,A01,0,7,0,2,2,20,1,
202100005347,192 230,B01,0,7,0,2,2,1,1,
202100005348,192 226,A01,2,30,0,2,1,17,1,
202100005348,192 227,C01,1,7,0,0,3,1,1,
202100005348,192 228,B01,0,7,0,0,3,0,1,
202100005349,192 225,Z01,1,7,0,1,1,26,0,
202100005350,192 224,A01,1,7,6,0,3,1,1,
202100005351,192 222,B01,3,7,8,2,1,1,1,
202100005351,192 223,Z01,3,7,0,2,3,19,1,
202100005352,192 220,B01,1,31,0,2,1,0,1,
202100005352,192 221,A01,1,7,0,2,4,23,1,
202100005353,192 218,B01,3,7,0,2,4,1,1,
202100005353,192 219,A01,3,33,0,2,1,1,1,
202100005354,192 217,Z01,1,0,0,1,3,1,0,
202100005355,192 215,B01,3,50,0,2,0,5,3,
202100005355,192 216,Z01,3,7,0,9,0,1,1,
202100005356,192 211,A01,3,15,0,2,1,2,1,
202100005356,192 212,B01,3,7,0,2,4,2,1,
202100005356,192 213,C01,3,7,0,2,4,2,1,
202100005356,192 214,D01,3,7,0,2,4,2,1,
202100005357,192 209,A01,2,80,0,2,1,17,3,
202100005357,192 210,B01,1,7,0,2,3,15,1,
202100005358,192 207,B01,3,7,1,2,3,16,1,
202100005358,192 208,A01,3,2,0,2,1,1,1,
202100005359,192 205,A01,3,80,0,2,7,15,3,
202100005359,192 206,Z01,3,7,0,2,0,15,0,
202100005360,192 204,A01,0,7,2,0,1,13,1,
202100005361,192 202,A01,1,10,0,2,1,1,1,
202100005361,192 203,B01,3,10,0,2,7,15,0,
202100005362,192 200,A01,3,50,0,0,7,2,3,
202100005362,192 201,B01,1,1,0,0,6,2,5,
202100005363,192 199,A01,1,7,0,1,0,1,1,
202100005364,192 197,B01,1,7,0,0,0,0,1,
202100005364,192 198,A01,0,2,0,2,1,2,1,
202100005365,192 195,B01,1,34,1,2,1,1,1,
202100005365,192 196,A01,3,13,0,2,4,4,1,
202100005366,192 194,A01,1,7,0,1,1,15,1,
202100005367,192 192,A01,3,7,0,2,1,1,1,
202100005367,192 193,B01,3,80,0,2,7,1,5,
202100005368,192 188,D01,2,7,0,2,0,15,1,
202100005368,192 189,C01,1,10,0,2,3,1,1,
202100005368,192 190,B01,2,7,0,2,6,23,1,
202100005368,192 191,A01,2,7,0,2,2,21,1,
202100005369,192 187,A01,1,7,0,1,1,0,1,
202100005370,192 186,A01,2,10,0,1,3,15,1,
202100005371,192 185,A01,2,7,0,1,1,1,2,
202100005372,192 184,A01,2,7,0,1,7,1,1,
202100005373,192 182,B01,1,32,0,2,1,1,1,
202100005373,192 183,A01,1,1,0,2,8,1,5,
202100005374,192 180,A01,1,30,0,2,1,2,1,
202100005374,192 181,B01,1,7,0,2,4,23,2,
202100005375,192 179,A01,1,30,0,1,2,15,1,
202100005376,192 178,A01,1,30,0,0,8,1,1,
202100005377,192 177,A01,1,32,0,0,8,1,1,
202100005378,192 176,A01,1,30,0,0,2,1,1,
202100005379,192 174,A01,2,30,0,2,7,1,1,
202100005379,192 175,B01,1,7,0,2,1,1,1,
202100005380,192 173,A01,1,50,0,1,8,1,3,
202100005381,192 171,A01,1,7,0,2,5,16,1,
202100005381,192 172,B01,2,50,0,2,1,1,3,
202100005382,192 170,A01,2,10,0,1,2,5,1,
202100005383,192 168,A01,1,1,0,2,1,17,5,
202100005383,192 169,B01,1,80,0,2,6,1,3,
202100005384,192 167,A01,1,32,0,1,8,1,1,
202100005385,192 165,B01,2,33,0,2,1,1,1,
202100005385,192 166,A01,1,7,0,2,6,15,1,
202100005386,192 163,B01,2,33,0,2,1,5,1,
202100005386,192 164,A01,2,7,0,2,8,10,1,
202100005387,192 162,A01,1,31,0,0,7,1,1,
202100005388,192 161,A01,1,7,0,1,2,1,1,
202100005389,192 159,B01,1,7,0,2,5,1,1,
202100005389,192 160,A01,1,34,0,2,2,9,1,
202100005390,192 156,A01,2,10,0,1,1,16,0,
202100005391,192 155,A01,2,7,0,1,3,2,1,
202100005392,192 153,A01,1,7,0,2,7,0,0,
202100005392,192 154,B01,2,32,0,2,1,0,0,
202100005393,192 152,A01,0,10,0,1,3,15,1,
202100005394,192 151,A01,1,10,0,1,2,1,1,
202100005395,192 149,B01,-1,7,2,0,4,23,1,
202100005395,192 150,A01,-1,3,0,2,1,1,1,
202100005396,192 148,A01,0,34,0,0,1,17,1,
202100005397,192 146,B01,2,33,0,2,1,1,1,
202100005397,192 147,A01,2,7,0,2,6,15,1,
202100005398,192 145,A01,2,7,0,1,8,22,1,
202100005399,192 143,A01,1,33,12,2,1,5,1,
202100005399,192 144,B01,1,10,0,0,3,1,1,
202100005400,192 141,B01,2,2,0,2,3,1,1,
202100005400,192 142,A01,1,10,0,2,3,13,1,
202100005401,192 139,B01,2,10,0,2,8,1,1,
202100005401,192 140,A01,2,30,0,2,7,1,1,
202100005402,192 137,B01,1,30,0,0,0,0,1,
202100005402,192 138,A01,1,50,0,2,1,1,3,
202100005403,192 136,A01,1,32,0,0,0,1,1,
202100005404,192 134,A01,1,2,0,2,7,9,1,
202100005404,192 135,B01,3,7,0,2,2,9,1,
202100005405,192 133,A01,3,7,13,0,2,2,1,
202100005406,192 132,A01,1,7,0,1,1,1,1,
202100005407,192 130,B01,2,14,0,0,4,1,1,
202100005407,192 131,A01,2,10,0,2,1,2,1,
202100005408,192 129,A01,2,7,0,0,3,16,1,
202100005409,192 127,B01,2,2,0,2,7,1,1,
202100005409,192 128,A01,3,7,0,2,2,19,1,
202100005410,192 125,A01,2,7,2,0,2,0,1,
202100005411,192 121,A01,2,7,0,2,4,2,1,
202100005411,192 122,B01,2,7,0,2,1,2,1,
202100005412,192 120,A01,1,7,2,0,3,1,1,
202100005413,192 118,B01,2,7,0,2,1,1,1,
202100005413,192 119,A01,1,7,7,2,9,13,1,
202100005414,192 116,B01,1,15,13,2,3,1,1,
202100005414,192 117,A01,2,7,13,2,3,13,1,
202100005415,192 115,A01,1,7,9,0,2,1,1,
202100005416,192 113,A01,2,7,0,9,8,9,1,
202100005416,192 114,B01,2,80,0,2,1,26,3,
202100005417,192 112,A01,1,7,2,0,7,14,1,
202100005418,192 111,A01,2,10,0,1,2,23,1,
202100005419,192 110,A01,2,7,0,0,1,1,1,
202100005420,192 108,B01,2,7,0,2,3,1,1,
202100005420,192 109,A01,1,7,0,2,3,11,1,
202100005421,192 106,B01,0,7,0,2,1,0,1,
202100005421,192 107,A01,0,7,0,2,1,0,1,
202100005422,192 104,A01,2,3,6,0,3,1,1,
202100005423,192 102,A01,0,7,0,2,2,13,1,
202100005423,192 103,B01,0,7,0,2,1,1,1,
202100005424,192 101,A01,1,7,13,0,1,1,1,
202100005425,192 100,A01,1,33,10,0,2,1,1,
202100005426,192 098,B01,1,7,0,9,3,1,1,
202100005426,192 099,A01,2,2,0,2,1,0,1,
202100005427,192 095,C01,2,7,0,2,1,1,1,
202100005427,192 096,B01,2,7,14,2,1,1,1,
202100005427,192 097,A01,2,7,0,2,4,1,1,
202100005428,192 091,A01,1,7,7,2,1,17,1,
202100005428,192 092,B01,2,7,0,2,1,1,1,
202100005428,192 093,C01,1,15,0,0,8,2,1,
202100005429,192 090,A01,2,10,10,0,1,1,1,
202100005430,192 088,B01,2,7,0,2,6,1,1,
202100005430,192 089,A01,1,7,0,2,3,13,1,
202100005431,192 087,A01,2,7,2,0,7,13,1,
202100005432,192 086,A01,2,3,0,1,1,1,1,
202100005433,192 085,A01,1,7,0,1,1,1,1,
202100005434,192 084,A01,2,7,13,0,1,14,1,
202100005435,192 082,B01,2,7,0,2,3,1,1,
202100005435,192 083,A01,1,32,0,2,1,0,1,
202100005436,192 080,A01,2,15,0,2,1,13,1,
202100005436,192 081,B01,1,10,0,2,1,1,1,
202100005437,192 078,A01,1,7,0,2,1,13,1,
202100005437,192 079,B01,2,7,0,2,1,13,1,
202100005438,192 076,A01,1,10,0,2,1,1,1,
202100005438,192 077,B01,2,7,0,2,1,1,1,
202100005439,192 073,A01,0,20,12,0,0,1,1,
202100005440,192 071,A01,2,7,0,2,2,15,1,
202100005440,192 072,B01,2,50,0,2,1,17,3,
202100005441,192 069,B01,1,15,0,0,6,24,1,
202100005441,192 070,A01,1,15,1,0,2,1,1,
202100005442,192 067,A01,2,14,0,2,5,10,1,
202100005442,192 068,B01,1,38,0,2,1,21,1,11.0
202100005443,192 065,A01,2,7,0,2,8,2,1,
202100005443,192 066,B01,2,15,0,2,2,17,1,
202100005444,192 061,D01,1,7,0,2,1,2,1,
202100005444,192 062,C01,1,7,0,2,2,2,1,
202100005444,192 063,B01,1,7,0,2,4,2,1,
202100005444,192 064,A01,1,7,0,2,5,2,1,
202100005445,192 060,A01,1,7,0,1,1,1,1,
202100005446,192 059,A01,2,7,16,0,0,1,0,
202100005447,192 058,A01,1,7,0,0,1,0,1,
202100005448,192 056,A01,1,33,9,2,7,1,1,
202100005448,192 057,B01,1,7,0,2,8,17,1,
202100005449,192 054,A01,0,7,0,2,7,0,1,
202100005449,192 055,B01,0,7,0,2,1,1,1,
202100005450,192 052,A01,1,7,0,2,6,15,1,
202100005450,192 053,B01,2,33,0,2,1,1,1,
202100005451,192 050,B01,2,7,0,2,1,1,1,
202100005451,192 051,A01,1,7,0,2,1,13,1,
202100005452,192 046,D01,0,7,0,2,4,1,1,
202100005452,192 047,C01,0,7,0,2,1,1,1,
202100005452,192 048,B01,0,7,0,2,1,1,1,
202100005452,192 049,A01,0,7,0,2,1,1,1,
202100005453,192 042,A01,1,7,0,2,1,5,1,
202100005453,192 043,B01,2,15,0,2,3,1,1,
202100005454,192 040,A01,1,2,0,2,0,0,1,
202100005454,192 041,B01,1,10,0,2,1,1,1,
202100005455,192 039,A01,3,7,15,0,1,13,1,
202100005456,192 037,A01,2,7,0,2,1,15,1,
202100005456,192 038,B01,1,7,0,2,1,1,1,
202100005457,192 036,A01,3,7,0,1,2,1,1,
202100005458,192 034,A01,3,1,0,2,1,25,5,
202100005458,192 035,B01,0,10,0,2,2,1,1,
202100005459,192 032,A01,2,7,0,2,3,9,1,
202100005459,192 033,B01,1,10,0,2,1,1,1,
202100005460,192 029,C01,1,10,0,2,4,2,1,
202100005460,192 030,B01,1,7,0,2,4,2,1,
202100005460,192 031,A01,1,10,0,2,1,1,1,
202100005461,192 027,B01,2,7,0,2,6,1,1,
202100005461,192 028,A01,2,7,0,2,2,12,1,
202100005462,192 026,A01,1,34,4,0,7,21,1,
202100005463,192 021,C01,1,10,0,2,1,2,1,
202100005463,192 022,D01,1,7,0,2,1,2,1,
202100005463,192 023,E01,1,7,0,2,4,2,1,
202100005463,192 024,B01,1,10,0,2,1,0,1,
202100005463,192 025,A01,1,7,0,2,1,2,1,
202100005464,192 018,C01,2,7,0,2,3,11,2,
202100005464,192 019,B01,2,7,0,2,7,1,0,
202100005464,192 020,A01,2,33,0,2,1,3,1,
202100005465,192 017,A01,1,7,4,0,1,1,1,
202100005466,192 015,A01,1,33,0,2,1,1,1,
202100005466,192 016,B01,1,7,0,2,6,13,1,
202100005467,192 014,A01,1,7,1,0,1,1,1,
202100005468,192 012,B01,2,1,0,2,1,1,0,
202100005468,192 013,A01,1,7,0,9,3,1,1,
202100005469,192 010,A01,1,31,0,2,7,0,1,
202100005469,192 011,B01,2,7,0,2,2,23,1,
202100005470,192 009,A01,1,7,0,1,2,1,1,
202100005471,192 007,A01,1,33,0,6,1,1,1,
202100005471,192 008,B01,2,7,0,2,1,1,1,
202100005472,192 006,A01,2,7,1,2,7,26,1,
202100005473,192 004,A01,1,10,0,9,4,20,1,
202100005473,192 005,B01,1,80,0,2,1,1,3,
202100005474,192 003,A01,3,2,0,0,2,26,1,
202100005475,192 001,B01,3,1,0,2,1,1,5,
202100005475,192 002,A01,0,10,0,1,8,0,0,
202100005476,192 000,A01,0,7,0,1,3,15,1,