Num_Acc,id_vehicule,num_veh,senc,catv,obs,obsm,choc,manv,motor,occutc
202100005477,191 998,B01,2,34,0,2,1,17,1,
202100005477,191 999,A01,2,7,0,9,1,26,1,
202100005478,191 997,A01,2,7,0,2,7,19,1,
202100005479,191 996,A01,1,30,0,1,5,17,1,
202100005480,191 994,B01,1,10,0,2,8,11,1,
202100005480,191 995,A01,1,15,0,2,5,1,1,
202100005481,191 993,A01,3,7,8,1,2,16,1,
202100005482,191 992,A01,1,7,4,0,1,19,1,
202100005483,191 990,B01,3,1,12,0,1,2,5,
202100005483,191 991,A01,3,10,0,0,2,16,1,
202100005484,191 989,A01,1,7,8,0,1,14,1,
202100005485,191 987,B01,2,7,0,2,1,1,1,
202100005485,191 988,A01,2,7,0,2,1,15,1,
202100005486,191 986,A01,3,7,6,0,2,21,1,
202100005487,191 985,A01,1,7,0,1,2,15,1,
202100005488,191 983,A01,0,7,9,2,1,1,1,
202100005488,191 984,B01,0,7,0,2,3,1,1,
202100005489,191 982,A01,0,2,0,0,0,15,1,
202100005490,191 980,B01,2,7,0,2,1,1,1,
202100005490,191 981,A01,2,7,0,2,1,1,1,
202100005491,191 978,A01,3,7,8,0,1,0,1,
202100005492,191 976,A01,3,0,0,2,1,0,0,
202100005492,191 977,B01,2,2,0,2,4,1,1,
202100005493,191 973,C01,1,7,0,2,1,1,1,
202100005493,191 974,B01,2,7,0,2,4,1,1,
202100005493,191 975,A01,2,7,0,2,1,2,1,
202100005494,191 971,B01,2,10,0,2,1,16,1,
202100005494,191 972,A01,1,1,0,2,3,5,5,
202100005495,191 969,B01,2,34,0,2,1,1,1,
202100005495,191 970,A01,1,7,0,2,2,15,1,
202100005496,191 967,B01,1,10,0,2,1,1,1,
202100005496,191 968,A01,2,7,0,2,1,13,1,
202100005497,191 965,B01,1,2,0,2,2,1,1,
202100005497,191 966,A01,1,7,0,2,3,9,1,
202100005498,191 964,A01,1,7,0,1,1,1,1,
202100005499,191 962,B01,2,37,0,2,1,1,1,2.0
202100005499,191 963,A01,1,7,0,2,3,15,1,
202100005500,191 961,A01,3,7,0,1,8,26,1,
202100005501,191 960,A01,1,7,0,1,7,1,1,
202100005502,191 958,A01,3,7,0,2,7,1,1,
202100005502,191 959,B01,3,1,0,2,8,9,0,
202100005503,191 957,A01,1,7,15,0,1,1,1,
202100005504,191 955,A01,1,2,0,2,1,2,1,
202100005504,191 956,B01,1,7,0,2,4,2,0,
202100005505,191 954,A01,1,7,0,1,4,4,1,
202100005506,191 952,A01,2,7,0,1,3,1,1,
202100005507,191 950,B01,2,7,0,2,4,2,1,
202100005507,191 951,A01,2,7,0,2,2,2,1,
202100005508,191 949,A01,2,7,0,1,3,15,1,
202100005509,191 948,A01,1,7,3,0,2,1,1,
202100005510,191 946,B01,1,60,0,0,8,1,5,
202100005510,191 947,A01,1,1,0,9,2,1,5,
202100005511,191 945,A01,2,7,0,1,2,1,1,
202100005512,191 943,B01,2,31,0,2,1,26,1,
202100005512,191 944,A01,2,7,0,2,3,10,1,
202100005513,191 940,C01,1,7,0,2,6,1,1,
202100005513,191 941,B01,1,7,0,2,6,1,1,
202100005513,191 942,A01,3,7,0,2,9,26,1,
202100005514,191 938,B01,0,7,0,2,4,2,1,
202100005514,191 939,A01,0,30,0,2,1,2,1,
202100005515,191 936,A01,3,7,0,1,2,1,1,
202100005516,191 934,B01,1,1,0,2,1,1,5,
202100005516,191 935,A01,1,10,0,2,8,9,1,
202100005517,191 933,A01,1,7,4,0,2,26,1,
202100005518,191 931,A01,0,7,0,2,4,1,1,
202100005518,191 932,Z01,0,10,0,2,1,1,0,
202100005519,191 930,A01,3,32,14,0,8,17,1,
202100005520,191 928,B01,1,7,0,2,1,15,0,
202100005520,191 929,A01,2,7,0,2,1,1,0,
202100005521,191 927,A01,0,34,0,0,0,1,1,
202100005522,191 925,B01,1,7,0,2,0,1,1,
202100005522,191 926,A01,2,2,0,2,1,1,1,
202100005523,191 923,A01,1,7,0,2,7,9,1,
202100005523,191 924,Z01,1,7,0,2,1,1,0,
202100005524,191 921,A01,1,10,0,-1,1,1,1,
202100005524,191 922,B01,1,10,0,2,4,2,0,
202100005525,191 919,A01,1,33,12,0,1,1,1,
202100005525,191 920,B01,2,7,0,2,1,1,1,
202100005526,191 918,A01,1,33,12,0,7,0,0,
202100005527,191 916,B01,2,7,0,2,0,1,1,
202100005527,191 917,A01,2,7,0,2,0,1,1,
202100005528,191 915,A01,2,7,7,0,9,1,1,
202100005529,191 913,A01,2,7,0,2,1,2,1,
202100005529,191 914,B01,2,7,0,2,4,2,2,
202100005530,191 912,A01,2,7,0,1,2,1,1,
202100005531,191 911,A01,2,1,0,1,7,17,5,
202100005532,191 909,B01,2,7,0,2,5,15,1,
202100005532,191 910,A01,1,32,0,2,1,1,1,
202100005533,191 907,A01,3,10,0,2,1,2,1,
202100005533,191 908,B01,3,10,0,2,4,2,1,
202100005534,191 905,B01,1,7,0,2,2,15,1,
202100005534,191 906,A01,1,33,0,2,1,1,1,
202100005535,191 904,A01,1,34,0,1,2,1,1,
202100005536,191 902,B01,1,80,0,2,0,1,3,
202100005536,191 903,A01,2,7,0,2,0,15,1,
202100005537,191 901,A01,1,7,0,1,1,15,1,
202100005538,191 900,A01,1,10,0,1,5,1,1,
202100005539,191 899,A01,2,7,0,1,2,16,1,
202100005540,191 898,A01,2,7,0,1,4,4,1,
202100005541,191 896,A01,0,7,1,0,3,24,1,
202100005541,191 897,B01,0,7,0,2,2,15,2,
202100005542,191 894,B01,2,7,0,2,3,1,2,
202100005542,191 895,A01,2,33,0,2,2,1,1,
202100005543,191 893,A01,2,33,0,2,0,1,1,
202100005544,191 891,A01,2,7,0,2,3,13,1,
202100005544,191 892,B01,2,32,0,2,1,17,1,
202100005545,191 890,A01,1,1,0,0,0,1,5,
202100005546,191 888,B01,2,10,0,2,1,1,1,
202100005546,191 889,A01,2,7,0,2,5,1,1,
202100005547,191 886,A01,2,34,12,2,6,15,1,
202100005547,191 887,B01,2,7,0,2,1,1,1,
202100005548,191 884,A01,2,7,0,2,3,15,1,
202100005548,191 885,B01,2,2,0,2,7,17,1,
202100005549,191 883,A01,1,7,1,0,2,1,1,
202100005550,191 881,B01,2,7,0,2,8,1,1,
202100005550,191 882,A01,2,30,0,2,1,1,1,
202100005551,191 879,A01,2,31,0,2,7,2,1,
202100005551,191 880,B01,2,37,0,2,8,24,2,1.0
202100005552,191 878,A01,1,10,0,1,2,13,1,
202100005553,191 874,A01,1,7,0,2,5,23,1,
202100005553,191 875,B01,1,1,0,2,1,2,5,
202100005554,191 872,B01,1,33,0,2,1,1,1,
202100005554,191 873,A01,2,7,0,2,2,15,2,
202100005555,191 870,B01,2,1,1,0,1,1,5,
202100005555,191 871,A01,2,7,0,0,6,22,1,
202100005556,191 866,A01,2,7,0,1,3,19,1,
202100005557,191 865,A01,1,7,1,0,3,14,1,
202100005558,191 863,A01,0,7,0,2,7,1,1,
202100005558,191 864,B01,0,7,0,2,1,1,1,
202100005559,191 861,B01,3,7,0,2,1,1,1,
202100005559,191 862,A01,3,7,0,2,2,1,1,
202100005560,191 859,A01,1,7,0,2,8,1,0,
202100005560,191 860,B01,1,7,0,2,1,15,0,
202100005561,191 857,A01,2,7,0,2,1,1,2,
202100005561,191 858,B01,2,7,0,2,8,20,1,
202100005562,191 856,A01,1,10,0,1,2,1,1,
202100005563,191 854,A01,3,7,0,2,3,9,0,
202100005563,191 855,B01,3,7,0,2,2,2,1,
202100005564,191 853,A01,1,80,0,1,1,1,3,
202100005565,191 851,A01,0,7,0,2,3,26,0,
202100005565,191 852,B01,0,1,0,2,3,15,0,
202100005566,191 849,A01,2,37,0,2,7,1,1,1.0
202100005566,191 850,B01,2,50,0,2,0,0,3,
202100005567,191 848,A01,2,1,0,0,0,0,0,
202100005568,191 847,A01,1,50,0,0,7,19,3,
202100005569,191 846,A01,3,32,0,1,1,26,1,
202100005570,191 844,B01,3,50,0,2,7,19,3,
202100005570,191 845,A01,1,7,0,9,2,1,3,
202100005571,191 842,A01,1,7,1,0,6,24,1,
202100005571,191 843,Y01,1,1,1,0,1,14,5,
202100005572,191 841,A01,1,10,0,1,1,16,1,
202100005573,191 839,A01,1,1,0,2,7,15,5,
202100005573,191 840,B01,2,7,0,2,1,1,1,
202100005574,191 837,B01,2,10,0,2,1,1,1,
202100005574,191 838,A01,2,7,3,2,8,13,6,
202100005575,191 836,A01,3,7,0,1,1,1,1,
202100005576,191 835,A01,3,7,0,1,2,1,1,
202100005577,191 834,A01,2,7,0,1,3,1,1,
202100005578,191 832,B01,2,1,0,2,7,1,5,
202100005578,191 833,A01,1,7,0,2,1,17,1,
202100005579,191 830,A01,0,7,0,2,7,15,1,
202100005579,191 831,B01,3,33,0,2,1,1,1,
202100005580,191 828,A01,2,7,8,2,1,6,1,
202100005580,191 829,B01,1,10,0,2,1,1,1,
202100005581,191 827,A01,0,31,13,0,7,1,1,
202100005582,191 825,A01,3,7,0,0,2,1,1,
202100005582,191 826,B01,3,7,0,2,1,1,1,
202100005583,191 824,A01,1,7,0,1,1,1,1,
202100005584,191 820,B01,3,7,0,2,1,13,1,
202100005584,191 821,A01,3,30,0,0,1,1,3,
202100005585,191 819,A01,1,1,0,0,0,1,5,
202100005586,191 818,A01,2,31,0,6,1,1,1,
202100005587,191 817,A01,1,7,0,1,1,1,1,
202100005588,191 815,B01,1,2,0,2,8,15,1,
202100005588,191 816,A01,1,7,0,2,2,17,1,
202100005589,191 813,B01,2,30,0,2,1,16,1,
202100005589,191 814,A01,1,7,0,2,3,1,1,
202100005590,191 812,A01,1,2,11,0,3,1,1,
202100005591,191 811,A01,1,7,0,1,1,9,1,
202100005592,191 810,A01,1,7,0,0,9,1,1,
202100005593,191 808,B01,1,33,0,2,1,1,1,
202100005593,191 809,A01,1,7,0,0,4,15,1,
202100005594,191 807,A01,2,7,16,0,0,1,2,
202100005595,191 806,A01,1,7,0,1,1,1,1,
202100005596,191 805,A01,1,7,0,1,1,1,1,
202100005597,191 803,A01,1,2,0,2,0,0,1,
202100005597,191 804,B01,2,7,0,2,7,0,1,
202100005598,191 801,A01,2,10,2,2,7,0,1,
202100005598,191 802,B01,3,7,0,2,3,19,1,
202100005599,191 799,B01,2,1,0,2,3,19,5,
202100005599,191 800,A01,2,21,0,2,7,1,1,
202100005600,191 798,A01,1,7,0,1,2,0,0,
202100005601,191 794,A01,1,7,0,2,9,2,1,
202100005601,191 795,B01,1,33,0,2,9,2,1,
202100005601,191 796,C01,1,7,0,2,1,2,1,
202100005601,191 797,D01,1,7,0,2,4,2,1,
202100005602,191 792,A01,2,15,0,2,4,17,1,
202100005602,191 793,B01,2,10,0,2,1,1,1,
202100005603,191 788,D01,2,15,0,2,6,11,1,
202100005603,191 789,C01,2,17,0,0,0,11,1,
202100005603,191 790,B01,2,7,1,0,1,2,1,
202100005603,191 791,A01,2,7,3,0,1,11,1,
202100005604,191 786,B01,3,10,0,0,3,1,1,
202100005604,191 787,A01,3,2,0,2,6,1,1,
202100005605,191 784,A01,1,7,0,2,3,1,1,
202100005605,191 785,B01,2,80,0,2,7,14,3,
202100005606,191 782,B01,2,7,0,2,1,5,1,
202100005606,191 783,A01,1,7,0,0,1,1,1,
202100005607,191 781,A01,1,10,0,1,1,1,1,
202100005608,191 780,A01,0,3,0,1,1,1,1,
202100005609,191 778,A01,1,7,3,2,1,13,1,
202100005609,191 779,B01,1,3,0,0,4,1,1,
202100005610,191 776,A01,2,15,0,0,4,2,1,
202100005610,191 777,B01,2,14,0,2,1,2,1,
202100005611,191 772,D01,0,7,0,2,8,1,3,
202100005611,191 773,C01,0,7,0,2,8,1,1,
202100005611,191 774,B01,0,7,0,0,8,2,1,
202100005611,191 775,A01,0,7,0,2,7,17,1,
202100005612,191 771,A01,2,7,0,1,3,1,2,
202100005613,191 766,E01,2,7,0,2,4,2,1,
202100005613,191 767,D01,2,7,0,2,4,2,1,
202100005613,191 768,C01,2,7,0,2,4,2,1,
202100005613,191 769,B01,2,7,0,2,4,2,1,
202100005613,191 770,A01,2,7,0,2,1,1,1,
202100005614,191 763,C01,2,7,4,2,1,2,1,
202100005614,191 764,B01,2,7,4,2,4,2,1,
202100005614,191 765,A01,2,7,4,2,4,2,1,
202100005615,191 761,B01,1,7,0,2,1,0,1,
202100005615,191 762,A01,1,10,0,2,4,23,1,
202100005616,191 757,A01,2,7,0,2,1,2,1,
202100005616,191 758,B01,2,7,0,2,4,2,1,
202100005616,191 759,C01,2,7,0,2,4,2,1,
202100005616,191 760,D01,2,7,0,2,4,2,1,
202100005617,191 749,H01,2,7,0,9,8,1,1,
202100005617,191 750,G01,2,7,0,2,2,1,1,
202100005617,191 751,F01,2,7,0,2,8,2,1,
202100005617,191 752,E01,2,7,0,2,4,1,1,
202100005617,191 753,D01,2,7,0,9,6,1,1,
202100005617,191 754,C01,2,10,0,2,7,11,1,
202100005617,191 755,B01,2,7,0,2,1,2,2,
202100005617,191 756,A01,2,7,0,2,4,2,1,
202100005618,191 748,A01,1,7,5,0,1,0,1,
202100005619,191 746,A01,2,7,0,2,4,1,1,
202100005619,191 747,B01,2,33,0,2,1,3,1,
202100005620,191 743,A01,2,10,0,2,1,2,1,
202100005620,191 744,C01,2,7,0,2,4,2,1,
202100005620,191 745,B01,2,7,0,2,4,2,1,
202100005621,191 741,B01,2,7,0,2,5,11,0,
202100005621,191 742,A01,2,43,0,2,3,3,1,
202100005622,191 740,A01,2,31,0,0,0,3,1,
202100005623,191 737,C01,2,7,0,2,4,2,1,
202100005623,191 738,B01,2,7,0,2,4,2,1,
202100005623,191 739,A01,2,7,0,2,1,1,1,
202100005624,191 735,B01,1,7,0,2,2,1,1,
202100005624,191 736,A01,1,2,0,2,3,6,0,
202100005625,191 733,B01,2,31,0,2,1,2,1,
202100005625,191 734,A01,2,7,0,0,6,11,2,
202100005626,191 729,A01,1,32,0,2,2,3,1,
202100005626,191 730,B01,1,10,0,2,4,1,1,
202100005626,191 731,C01,1,10,0,2,4,11,1,
202100005626,191 732,D01,1,7,0,2,4,1,1,
202100005627,191 727,B01,2,7,0,2,1,11,1,
202100005627,191 728,A01,2,33,0,2,1,3,1,
202100005628,191 724,A01,2,7,0,2,1,1,3,
202100005628,191 725,B01,2,7,0,2,4,1,1,
202100005628,191 726,C01,2,7,0,2,4,2,1,
202100005629,191 723,A01,1,33,0,0,0,21,1,
202100005630,191 721,A01,1,7,0,2,5,1,1,
202100005630,191 722,B01,0,10,0,2,3,9,1,
202100005631,191 720,A01,1,7,0,1,1,16,1,
202100005632,191 719,A01,2,50,0,0,0,5,3,
202100005633,191 718,A01,1,32,0,0,8,3,1,
202100005634,191 717,A01,1,50,14,0,1,13,3,
202100005635,191 715,A01,2,10,0,2,7,16,1,
202100005635,191 716,B01,2,1,0,2,3,18,5,
202100005636,191 714,A01,1,50,0,0,0,21,3,
202100005637,191 713,Z01,1,30,0,1,1,1,1,
202100005638,191 711,A01,1,33,0,2,2,1,1,
202100005638,191 712,B01,1,1,0,2,3,9,5,
202100005639,191 710,A01,1,1,0,1,2,1,5,
202100005640,191 708,A01,3,7,0,2,2,16,1,
202100005640,191 709,B01,3,80,0,2,3,1,3,
202100005641,191 706,A01,1,30,0,2,1,1,1,
202100005641,191 707,B01,1,7,0,2,7,9,2,
202100005642,191 704,B01,3,1,0,2,8,19,5,
202100005642,191 705,A01,3,30,0,2,1,1,1,
202100005643,191 702,B01,1,30,0,2,8,1,1,
202100005643,191 703,A01,1,7,0,2,5,12,1,
202100005644,191 700,B01,2,80,0,2,1,1,3,
202100005644,191 701,A01,1,7,0,2,5,15,1,
202100005645,191 698,B01,3,7,0,2,8,1,1,
202100005645,191 699,A01,3,7,0,2,1,5,1,
202100005646,191 696,A01,2,80,0,2,8,19,3,
202100005646,191 697,Z01,2,7,0,2,2,16,1,
202100005647,191 694,B01,1,50,0,2,1,1,3,
202100005647,191 695,A01,1,10,0,2,3,1,1,
202100005648,191 692,B01,3,1,0,2,8,19,5,
202100005648,191 693,A01,1,30,0,2,1,7,1,
202100005649,191 690,B01,1,30,0,2,2,17,1,
202100005649,191 691,A01,2,7,0,2,3,15,1,
202100005650,191 689,Z01,1,7,1,1,3,18,1,
202100005651,191 687,A01,1,1,0,2,0,1,5,
202100005651,191 688,B01,1,32,0,2,3,1,1,
202100005652,191 686,Z01,1,7,14,0,9,1,1,
202100005653,191 685,A01,1,30,0,1,1,5,1,
202100005654,191 684,A01,2,7,1,0,1,1,1,
202100005655,191 682,A01,2,37,0,2,3,2,1,1.0
202100005655,191 683,B01,2,37,0,2,5,0,1,1.0
202100005656,191 680,B01,1,7,0,2,6,11,1,
202100005656,191 681,A01,1,33,0,2,0,0,1,
202100005657,191 679,A01,2,7,0,1,3,15,1,
202100005658,191 677,B01,2,2,0,2,4,1,1,
202100005658,191 678,A01,1,7,0,2,2,17,1,
202100005659,191 676,A01,3,7,0,1,2,16,1,
202100005660,191 675,A01,1,7,1,2,2,2,1,
202100005661,191 674,A01,1,15,0,1,1,1,1,
202100005662,191 673,A01,2,33,16,0,8,15,1,
202100005663,191 672,A01,-1,30,0,1,1,19,1,
202100005664,191 671,A01,1,99,0,1,8,1,6,
202100005665,191 669,B01,1,33,0,2,0,3,1,
202100005665,191 670,A01,1,7,0,0,0,14,1,
202100005666,191 668,A01,1,10,3,2,1,14,1,
202100005667,191 666,B01,2,7,0,2,8,1,1,
202100005667,191 667,A01,1,7,0,2,3,15,1,
202100005668,191 665,A01,0,7,0,1,3,15,1,
202100005669,191 663,A01,1,7,0,2,1,1,0,
202100005669,191 664,B01,-1,99,0,2,7,19,0,
202100005670,191 662,A01,1,7,0,1,1,1,1,
202100005671,191 660,B01,1,7,0,0,4,24,1,
202100005671,191 661,A01,1,7,1,0,1,3,1,
202100005672,191 659,A01,1,7,2,0,1,0,1,
202100005673,191 658,A01,1,7,9,1,1,1,2,
202100005674,191 656,A01,1,34,0,2,7,1,1,
202100005674,191 657,B01,1,7,0,2,1,1,1,
202100005675,191 653,A01,2,7,0,9,4,2,1,
202100005675,191 654,B01,2,7,0,2,1,1,1,
202100005675,191 655,C01,2,15,0,2,1,1,1,
202100005676,191 652,A01,1,7,0,1,2,1,1,
202100005677,191 650,A01,2,7,0,2,1,13,1,
202100005677,191 651,B01,1,7,0,2,1,1,1,
202100005678,191 648,B01,2,7,0,2,3,2,0,
202100005678,191 649,A01,1,33,0,2,6,1,1,
202100005679,191 646,B01,2,7,0,2,2,1,1,
202100005679,191 647,A01,1,7,0,2,1,19,1,
202100005680,191 645,A01,0,10,0,1,5,4,1,
202100005681,191 643,B01,1,7,0,1,2,1,1,
202100005681,191 644,A01,1,7,0,2,3,1,1,
202100005682,191 642,A01,0,7,13,0,3,13,1,
202100005683,191 639,A01,2,7,0,2,2,5,0,
202100005683,191 640,B01,1,7,0,2,1,1,1,
202100005683,191 641,C01,1,7,0,2,8,1,1,
202100005684,191 637,A01,1,10,0,2,2,1,1,
202100005684,191 638,B01,1,1,0,0,4,1,5,
202100005685,191 635,A01,2,7,0,2,2,13,1,
202100005685,191 636,B01,1,7,0,2,3,1,1,
202100005686,191 634,A01,1,7,0,1,1,1,1,
202100005687,191 632,A01,1,7,13,0,0,1,1,
202100005688,191 630,A01,2,7,0,2,3,13,1,
202100005688,191 631,B01,1,15,0,2,3,1,1,
202100005689,191 628,B01,1,7,13,2,3,11,1,
202100005689,191 629,A01,3,7,0,2,3,1,1,
202100005690,191 627,A01,1,7,0,1,3,1,1,
202100005691,191 626,A01,1,34,6,0,7,1,1,
202100005692,191 624,B01,1,7,0,2,6,1,1,
202100005692,191 625,A01,1,1,0,2,2,15,5,
202100005693,191 623,A01,1,2,13,0,1,1,1,
202100005694,191 621,A01,1,7,0,2,3,1,1,
202100005694,191 622,B01,2,10,0,0,8,15,1,
202100005695,191 619,B01,2,15,0,2,3,1,1,
202100005695,191 620,A01,1,7,0,2,3,13,1,
202100005696,191 618,A01,1,7,0,1,3,1,1,
202100005697,191 617,A01,1,7,2,0,1,0,1,
202100005698,191 616,A01,2,37,6,0,1,1,1,1.0
202100005699,191 614,B01,1,30,0,0,4,15,1,
202100005699,191 615,A01,1,31,0,9,1,2,1,
202100005700,191 612,A01,2,15,0,0,4,24,1,
202100005700,191 613,B01,2,7,1,0,1,1,2,
202100005701,191 611,A01,3,7,0,1,3,1,1,
202100005702,191 609,A01,1,7,0,2,1,15,1,
202100005702,191 610,B01,1,2,0,2,4,2,1,
202100005703,191 607,B01,2,10,6,0,2,24,1,
202100005703,191 608,A01,2,10,1,0,2,14,1,
202100005704,191 606,A01,1,7,4,0,1,1,1,
202100005705,191 605,A01,0,10,0,1,1,16,1,
202100005706,191 603,B01,2,7,0,2,3,0,1,
202100005706,191 604,A01,1,7,0,2,3,0,1,
202100005707,191 602,A01,0,7,0,1,8,1,1,
202100005708,191 600,B01,3,7,0,2,6,2,1,
202100005708,191 601,A01,3,7,0,2,0,0,1,
202100005709,191 599,A01,3,7,0,1,1,1,1,
202100005710,191 598,A01,1,7,0,1,2,2,1,
202100005711,191 597,A01,1,7,0,1,1,1,1,
202100005712,191 596,A01,1,7,0,1,5,1,1,
202100005713,191 594,A01,2,7,0,2,4,1,1,
202100005713,191 595,B01,2,13,0,2,1,2,0,
202100005714,191 592,A01,1,10,0,2,1,1,1,
202100005714,191 593,B01,1,7,0,2,4,1,2,
202100005715,191 590,B01,2,14,0,2,4,2,1,
202100005715,191 591,A01,2,17,0,2,1,1,1,
202100005716,191 589,A01,1,10,4,0,1,13,1,
202100005717,191 587,B01,1,7,0,2,4,26,1,
202100005717,191 588,A01,1,33,0,2,1,3,1,
202100005718,191 584,A01,1,7,0,2,1,2,1,
202100005718,191 585,B01,1,7,0,2,4,2,1,
202100005718,191 586,C01,1,7,0,2,4,23,1,
202100005719,191 578,A01,2,10,0,2,1,2,1,
202100005719,191 579,B01,2,10,0,2,4,2,1,
202100005719,191 580,C01,2,7,0,2,4,2,1,
202100005719,191 581,D01,2,15,0,2,4,0,1,
202100005719,191 582,E01,2,7,0,2,5,2,1,
202100005719,191 583,F01,2,7,0,2,5,2,1,
202100005720,191 577,A01,2,7,3,0,3,11,1,
202100005721,191 575,B01,2,7,0,2,6,2,1,
202100005721,191 576,A01,2,31,0,2,2,1,1,
202100005722,191 573,B01,1,15,0,2,2,1,1,
202100005722,191 574,A01,1,7,0,2,2,9,1,
202100005723,191 571,B01,2,7,0,2,4,2,1,
202100005723,191 572,A01,2,7,0,2,1,1,1,
202100005724,191 569,B01,2,33,0,2,3,3,1,
202100005724,191 570,A01,2,7,0,2,5,12,1,
202100005725,191 566,A01,2,7,0,2,0,1,1,
202100005725,191 567,B01,2,7,0,2,4,1,1,
202100005725,191 568,C01,2,7,0,2,4,1,1,
202100005726,191 565,A01,1,7,3,0,1,21,1,
202100005727,191 563,B01,1,7,0,2,8,0,1,
202100005727,191 564,A01,1,33,0,2,7,3,1,
202100005728,191 561,A01,1,33,0,2,8,3,1,
202100005728,191 562,B01,1,10,0,0,2,1,1,
202100005729,191 558,C01,1,15,0,2,2,12,1,
202100005729,191 559,B01,1,37,0,2,3,1,1,1.0
202100005729,191 560,A01,1,7,4,2,8,1,1,
202100005730,191 555,A01,2,31,0,2,8,2,1,
202100005730,191 556,B01,2,15,0,2,3,2,1,
202100005730,191 557,C01,2,7,0,2,3,2,1,
202100005731,191 554,A01,1,7,3,0,1,16,2,
202100005732,191 552,B01,2,7,0,2,1,1,1,
202100005732,191 553,A01,2,7,3,0,1,1,1,
202100005733,191 549,B01,1,7,0,2,1,2,1,
202100005733,191 550,C01,1,7,0,2,4,2,1,
202100005733,191 551,A01,1,7,0,2,3,2,1,
202100005734,191 547,B01,2,15,0,0,6,1,1,
202100005734,191 548,A01,2,7,5,2,2,12,1,
202100005735,191 546,A01,2,7,0,1,2,1,1,
202100005736,191 544,A01,1,7,0,2,3,9,1,
202100005736,191 545,B01,1,30,0,2,6,1,1,
202100005737,191 543,A01,2,7,0,1,2,1,1,
202100005738,191 541,B01,0,7,0,2,5,15,1,
202100005738,191 542,A01,0,31,0,2,1,18,1,
202100005739,191 540,A01,2,7,8,0,1,26,1,
202100005740,191 538,A01,1,7,1,2,2,14,1,
202100005740,191 539,B01,2,7,0,2,6,0,1,
202100005741,191 537,A01,1,30,14,0,0,26,0,
202100005742,191 534,A01,1,7,0,2,1,1,1,
202100005742,191 535,B01,1,7,0,2,1,2,1,
202100005742,191 536,C01,1,7,0,2,4,23,1,
202100005743,191 532,B01,2,7,0,2,2,21,1,
202100005743,191 533,A01,1,7,0,2,5,15,1,
202100005744,191 531,A01,3,7,0,1,1,1,1,
202100005745,191 528,A01,1,7,0,2,5,26,1,
202100005745,191 529,B01,2,7,0,2,0,1,1,
202100005745,191 530,C01,2,7,0,2,3,1,1,
202100005746,191 526,A01,2,7,2,0,1,14,1,
202100005747,191 524,A01,1,7,0,2,0,15,1,
202100005747,191 525,B01,1,7,0,2,3,1,1,
202100005748,191 523,A01,2,7,6,0,1,2,2,
202100005749,191 520,C01,2,7,0,2,8,1,1,
202100005749,191 521,B01,1,7,0,2,7,1,1,
202100005749,191 522,A01,2,10,0,2,1,15,1,
202100005750,191 518,A01,1,7,0,2,1,5,2,
202100005750,191 519,B01,1,7,0,2,1,1,1,
202100005751,191 517,Z01,2,7,0,1,2,16,1,
202100005752,191 516,A01,1,7,0,1,1,1,6,
202100005753,191 514,A01,1,7,0,9,8,1,1,
202100005753,191 515,B01,1,50,0,2,1,1,3,
202100005754,191 512,A01,0,7,0,2,3,16,1,
202100005754,191 513,B01,2,7,0,2,2,1,1,
202100005755,191 510,A01,2,7,0,2,2,15,1,
202100005755,191 511,B01,2,7,0,2,7,1,1,
202100005756,191 508,B01,2,7,0,2,9,1,2,
202100005756,191 509,A01,1,7,9,2,2,13,1,
202100005757,191 506,A01,1,7,0,2,1,14,1,
202100005757,191 507,B01,1,7,0,2,8,1,1,
202100005758,191 504,A01,2,7,4,0,5,26,1,
202100005758,191 505,Z01,1,7,0,0,0,0,0,
202100005759,191 502,A01,1,7,0,2,3,13,1,
202100005759,191 503,B01,2,7,0,2,3,1,1,
202100005760,191 501,A01,2,7,1,0,8,1,1,
202100005761,191 500,A01,2,7,13,0,3,13,1,
202100005762,191 499,A01,3,7,0,1,1,1,1,
202100005763,191 497,Z01,0,7,0,2,4,4,0,
202100005763,191 498,B01,0,30,0,2,1,1,1,
202100005764,191 495,B01,2,32,0,2,7,1,1,
202100005764,191 496,A01,2,7,0,2,3,10,1,
202100005765,191 491,D01,3,7,0,2,1,1,1,
202100005765,191 492,C01,3,7,0,2,1,1,1,
202100005765,191 493,B01,3,7,0,2,1,0,1,
202100005765,191 494,A01,3,7,0,2,1,5,1,
202100005766,191 487,A01,1,2,0,2,1,17,1,
202100005766,191 488,B01,1,7,0,2,0,0,0,
202100005767,191 483,B01,2,7,0,2,8,1,1,
202100005767,191 484,A01,1,7,0,2,3,13,1,
202100005767,191 485,C01,2,7,0,2,8,1,1,
202100005767,191 486,D01,2,7,0,2,1,0,1,
202100005768,191 482,A01,1,33,6,0,0,1,1,
202100005769,191 481,A01,3,2,0,1,1,17,1,
202100005770,191 479,B01,1,2,0,2,0,0,1,
202100005770,191 480,A01,1,7,0,2,0,0,1,
202100005771,191 477,B01,1,33,0,2,8,1,0,
202100005771,191 478,A01,1,33,0,2,7,9,1,
202100005772,191 475,B01,1,7,0,2,1,2,1,
202100005772,191 476,A01,1,7,0,2,4,2,1,
202100005773,191 474,A01,1,10,0,1,2,1,1,
202100005774,191 473,A01,3,30,0,0,9,21,1,
202100005775,191 471,B01,1,10,0,2,3,1,1,
202100005775,191 472,A01,3,7,0,2,3,13,1,