Num_Acc,id_vehicule,num_veh,senc,catv,obs,obsm,choc,manv,motor,occutc
202100006375,190 400,A01,1,7,0,2,4,1,1,
202100006376,190 397,A01,1,15,0,2,5,14,1,
202100006376,190 398,B01,1,7,0,2,1,1,1,
202100006377,190 394,A01,1,7,0,2,4,2,1,
202100006377,190 395,B01,1,7,0,2,4,2,3,
202100006377,190 396,C01,1,7,0,2,1,2,1,
202100006378,190 393,A01,1,7,5,0,3,1,1,
202100006379,190 392,A01,3,7,0,1,2,20,1,
202100006380,190 390,B01,2,7,0,2,1,1,1,
202100006380,190 391,A01,1,7,0,2,3,13,1,
202100006381,190 389,A01,1,30,12,0,0,13,1,
202100006382,190 385,D01,2,7,0,2,1,1,3,
202100006382,190 386,C01,2,7,0,2,4,2,1,
202100006382,190 387,B01,2,7,0,2,4,2,1,
202100006382,190 388,A01,2,7,0,2,1,2,1,
202100006383,190 384,A01,1,7,1,0,2,14,1,
202100006384,190 382,B01,1,7,0,2,4,26,1,
202100006384,190 383,A01,1,31,0,2,1,26,1,
202100006385,190 381,A01,1,7,0,1,1,26,1,
202100006386,190 379,B01,2,33,0,2,1,1,1,
202100006386,190 380,A01,1,7,0,2,7,16,1,
202100006387,190 378,A01,3,7,1,0,1,20,1,
202100006388,190 377,A01,3,7,0,1,2,1,1,
202100006389,190 375,B01,2,7,0,2,2,19,1,
202100006389,190 376,A01,1,32,0,2,1,1,1,
202100006390,190 373,A01,3,7,3,0,2,13,1,
202100006390,190 374,B01,3,7,3,0,2,1,1,
202100006391,190 371,A01,2,7,0,2,3,15,1,
202100006391,190 372,B01,1,33,0,2,1,17,1,
202100006392,190 369,A01,3,10,1,0,2,1,1,
202100006392,190 370,B01,3,7,0,2,6,23,1,
202100006393,190 368,A01,1,7,0,1,7,1,1,
202100006394,190 366,A01,1,7,0,2,2,15,1,
202100006394,190 367,B01,1,30,0,2,6,17,1,
202100006395,190 365,A01,2,7,0,1,2,17,1,
202100006396,190 363,A01,1,7,0,2,6,15,1,
202100006396,190 364,B01,1,33,0,2,1,17,1,
202100006397,190 361,A01,1,7,0,2,2,17,1,
202100006397,190 362,B01,1,1,0,2,6,1,5,
202100006398,190 360,A01,2,1,0,0,7,1,5,
202100006399,190 358,A01,0,7,0,1,1,16,1,
202100006400,190 356,B01,3,7,0,2,4,1,1,
202100006400,190 357,A01,3,7,0,2,1,1,1,
202100006401,190 355,A01,1,7,0,1,1,16,1,
202100006402,190 353,B01,2,2,0,2,1,17,1,
202100006402,190 354,A01,1,10,0,2,1,15,1,
202100006403,190 352,A01,2,10,0,1,1,15,1,
202100006404,190 351,A01,3,7,8,0,6,4,1,
202100006405,190 350,A01,2,30,0,1,1,1,1,
202100006406,190 349,A01,3,7,1,0,1,14,1,
202100006407,190 348,A01,1,7,0,1,8,9,1,
202100006408,190 347,A01,2,7,0,1,1,1,1,
202100006409,190 345,B01,2,15,0,2,1,1,1,
202100006409,190 346,A01,2,15,0,2,1,5,1,
202100006410,190 343,B01,1,30,0,2,4,1,1,
202100006410,190 344,A01,1,7,0,2,1,1,1,
202100006411,190 342,A01,1,7,0,1,2,15,1,
202100006412,190 339,A01,1,7,0,2,1,1,1,
202100006412,190 340,B01,2,10,0,2,1,1,1,
202100006413,190 330,Z01,1,7,0,2,1,9,0,
202100006413,190 331,B01,1,1,0,2,2,1,5,
202100006414,190 328,B01,1,2,0,2,8,1,1,
202100006414,190 329,A01,3,7,0,2,1,15,1,
202100006415,190 326,A01,3,7,0,2,3,9,1,
202100006415,190 327,B01,3,1,0,2,1,1,5,
202100006416,190 325,A01,2,7,0,1,1,1,1,
202100006417,190 323,A01,2,30,0,2,1,1,1,
202100006417,190 324,B01,1,7,0,2,3,23,1,
202100006418,190 322,A01,1,30,0,0,1,1,1,
202100006419,190 320,A01,3,7,0,2,8,15,1,
202100006419,190 321,B01,1,2,0,2,2,1,1,
202100006420,190 319,A01,3,10,0,1,4,4,0,
202100006421,190 317,A01,1,10,0,2,8,10,1,
202100006421,190 318,B01,1,31,0,2,1,1,1,
202100006422,190 314,A01,1,7,0,1,2,9,1,
202100006423,190 313,A01,0,7,0,1,0,0,0,
202100006424,190 312,A01,1,7,8,0,1,13,1,
202100006425,190 311,A01,1,7,0,1,2,16,1,
202100006426,190 309,B01,3,33,0,2,0,0,0,
202100006426,190 310,A01,0,7,0,2,6,13,0,
202100006427,190 308,A01,2,7,0,1,2,1,1,
202100006428,190 306,A01,1,7,0,2,2,15,1,
202100006428,190 307,B01,2,1,0,2,1,1,5,
202100006429,190 304,A01,2,7,0,2,3,15,1,
202100006429,190 305,B01,1,2,0,2,8,1,1,
202100006430,190 303,A01,3,7,0,1,1,17,1,
202100006431,190 301,A01,3,7,0,2,1,15,1,
202100006431,190 302,B01,3,1,0,2,8,23,5,
202100006432,190 297,A01,1,7,0,2,3,9,1,
202100006432,190 298,B01,1,2,0,2,7,9,1,
202100006433,190 296,A01,1,7,0,1,1,19,1,
202100006434,190 294,A01,3,7,0,9,3,16,1,
202100006434,190 295,B01,3,1,0,2,2,13,5,
202100006435,190 292,B01,1,7,0,2,5,0,1,
202100006435,190 293,A01,1,7,14,2,1,1,3,
202100006436,190 290,B01,3,7,0,2,3,9,1,
202100006436,190 291,A01,3,2,0,2,1,1,1,
202100006437,190 289,A01,2,10,0,1,1,9,1,
202100006438,190 287,B01,1,7,0,2,3,15,1,
202100006438,190 288,A01,2,10,0,2,1,1,1,
202100006439,190 285,B01,1,7,0,9,2,0,3,
202100006439,190 286,A01,1,1,0,2,2,26,5,
202100006440,190 283,Z01,1,7,0,2,1,1,1,
202100006440,190 284,A01,1,7,0,2,8,1,1,
202100006441,190 282,A01,1,34,0,1,0,0,0,
202100006442,190 281,Z01,1,10,0,1,0,1,0,
202100006443,190 280,A01,3,7,0,1,1,15,1,
202100006444,190 278,A01,3,30,0,2,7,16,1,
202100006444,190 279,B01,3,10,0,2,3,1,1,
202100006445,190 277,A01,2,7,0,1,2,1,1,
202100006446,190 275,B01,3,34,0,2,8,1,1,
202100006446,190 276,A01,3,7,0,2,1,1,1,
202100006447,190 274,A01,1,32,0,1,1,1,1,
202100006448,190 273,A01,1,37,0,1,2,1,1,1.0
202100006449,190 271,A01,1,7,0,2,1,15,1,
202100006449,190 272,B01,1,33,0,2,1,1,1,
202100006450,190 268,A01,3,7,0,2,7,15,1,
202100006450,190 269,B01,2,43,0,2,1,1,1,
202100006450,190 270,C01,1,7,0,2,1,1,1,
202100006451,190 266,A01,0,7,0,2,1,1,1,
202100006451,190 267,B01,1,33,0,2,8,0,1,
202100006452,190 264,A01,1,7,0,9,4,26,1,
202100006452,190 265,B01,1,1,0,2,4,26,5,
202100006453,190 261,B01,1,10,0,2,4,1,1,
202100006453,190 262,C01,1,7,0,2,4,2,1,
202100006453,190 263,A01,1,7,0,2,1,1,1,
202100006454,190 259,A01,1,14,0,2,2,1,1,
202100006454,190 260,B01,1,10,0,2,8,9,1,
202100006455,190 256,A01,1,7,0,2,3,11,2,
202100006455,190 257,B01,1,43,0,2,2,1,1,
202100006455,190 258,C01,1,7,0,2,2,1,1,
202100006456,190 254,B01,2,33,0,2,7,3,1,
202100006456,190 255,A01,2,7,0,2,8,11,1,
202100006457,190 253,A01,2,7,6,1,1,20,1,
202100006458,190 252,A01,2,1,12,0,3,13,5,
202100006459,190 250,B01,1,1,0,2,4,23,5,
202100006459,190 251,A01,1,1,0,2,1,2,5,
202100006460,190 248,B01,3,10,0,2,4,1,1,
202100006460,190 249,A01,3,32,0,2,1,1,1,
202100006461,190 247,A01,2,7,0,1,6,4,1,
202100006462,190 246,A01,2,1,0,1,7,1,5,
202100006463,190 244,A01,1,7,0,2,5,22,1,
202100006463,190 245,B01,1,1,0,2,5,1,5,
202100006464,190 242,A01,2,50,0,2,3,1,3,
202100006464,190 243,Z01,3,10,0,2,5,16,0,
202100006465,190 240,A01,1,10,0,2,7,1,1,
202100006465,190 241,B01,2,7,0,2,1,1,1,
202100006466,190 239,A01,2,7,0,1,4,4,1,
202100006467,190 238,A01,2,30,0,1,1,17,1,
202100006468,190 236,A01,3,32,0,2,6,18,1,
202100006468,190 237,B01,3,7,0,2,2,1,1,
202100006469,190 234,B01,2,50,0,2,1,1,3,
202100006469,190 235,A01,2,7,0,2,3,22,1,
202100006470,190 233,A01,1,33,0,0,1,1,1,
202100006471,190 231,B01,1,1,0,2,4,1,5,
202100006471,190 232,A01,1,14,0,2,2,16,1,
202100006472,190 229,A01,1,7,0,2,3,11,1,
202100006472,190 230,B01,1,33,0,2,7,1,1,
202100006473,190 228,A01,1,33,0,1,3,1,1,
202100006474,190 227,A01,1,50,0,1,0,0,3,
202100006475,190 226,A01,2,7,0,1,1,15,1,
202100006476,190 225,A01,2,34,15,0,0,1,1,
202100006477,190 223,A01,1,7,0,2,7,15,1,
202100006477,190 224,B01,2,10,0,2,1,2,1,
202100006478,190 222,A01,3,7,0,1,1,1,1,
202100006479,190 220,A01,-1,7,0,1,5,26,1,
202100006480,190 218,A01,0,7,0,2,0,2,1,
202100006480,190 219,B01,0,1,0,2,4,2,0,
202100006481,190 216,A01,2,30,0,2,1,1,1,
202100006481,190 217,B01,2,7,0,2,2,16,1,
202100006482,190 214,A01,1,43,0,2,7,17,0,
202100006482,190 215,B01,1,10,0,2,8,15,0,
202100006483,190 212,A01,0,7,0,0,0,0,0,
202100006483,190 213,B01,2,2,0,2,1,1,1,
202100006484,190 210,B01,1,7,0,2,8,16,1,
202100006484,190 211,A01,1,7,0,2,1,1,1,
202100006485,190 208,B01,1,7,0,2,0,9,1,
202100006485,190 209,A01,1,30,0,2,0,1,1,
202100006486,190 207,A01,1,7,6,0,1,1,1,
202100006487,190 205,B01,0,34,0,2,1,2,1,
202100006487,190 206,A01,0,7,0,2,5,23,1,
202100006488,190 203,B01,0,33,0,2,1,0,1,
202100006488,190 204,A01,0,7,0,2,3,11,1,
202100006489,190 202,A01,1,1,0,0,0,26,5,
202100006490,190 201,A01,0,50,0,0,1,21,3,
202100006491,190 200,A01,1,7,0,1,2,26,1,
202100006492,190 198,A01,1,33,0,2,3,13,1,
202100006492,190 199,B01,1,7,0,2,4,26,2,
202100006493,190 197,A01,1,7,0,1,2,9,1,
202100006494,190 195,A01,2,7,0,2,2,15,1,
202100006494,190 196,B01,1,7,0,2,3,1,1,
202100006495,190 193,A01,3,7,6,0,6,23,1,
202100006496,190 191,A01,3,33,0,2,1,1,1,
202100006496,190 192,B01,3,31,0,2,5,1,1,
202100006497,190 188,A01,3,7,0,2,1,5,1,
202100006497,190 189,B01,3,7,0,2,1,1,1,
202100006498,190 187,A01,1,10,0,1,3,1,1,
202100006499,190 185,A01,1,7,0,2,1,5,1,
202100006499,190 186,B01,2,7,0,2,1,1,1,
202100006500,190 182,C01,1,7,0,0,1,1,1,
202100006500,190 183,B01,1,17,0,0,2,1,1,
202100006500,190 184,A01,2,17,0,2,2,1,1,
202100006501,190 180,A01,1,2,0,2,2,1,1,
202100006501,190 181,B01,1,7,0,2,2,19,1,
202100006502,190 179,A01,1,7,8,0,1,1,1,
202100006503,190 177,A01,2,7,0,2,9,1,1,
202100006503,190 178,B01,1,7,0,2,3,1,1,
202100006504,190 176,A01,2,38,6,0,3,0,1,1.0
202100006505,190 174,A01,1,17,0,2,1,17,1,
202100006505,190 175,B01,1,21,0,0,8,15,1,
202100006506,190 173,A01,1,7,0,1,7,0,1,
202100006507,190 170,A01,1,1,0,2,8,1,5,
202100006507,190 171,B01,1,7,0,9,7,1,1,
202100006507,190 172,C01,1,7,0,2,1,2,1,
202100006508,190 169,A01,1,2,6,0,2,1,1,
202100006509,190 168,A01,0,7,0,1,1,9,1,
202100006510,190 167,A01,2,7,16,0,9,1,1,
202100006511,190 166,A01,1,7,0,1,2,1,1,
202100006512,190 165,A01,3,7,6,0,1,14,1,
202100006513,190 163,A01,2,10,0,2,3,1,1,
202100006513,190 164,B01,1,7,0,2,3,1,1,
202100006514,190 162,A01,1,7,8,0,5,1,2,
202100006515,190 160,B01,1,15,0,2,1,1,1,
202100006515,190 161,A01,2,7,0,2,1,13,1,
202100006516,190 159,A01,3,7,13,0,3,0,1,
202100006517,190 157,B01,1,7,0,2,1,5,1,
202100006517,190 158,A01,2,7,0,2,1,1,1,
202100006518,190 154,A01,2,10,3,2,3,5,1,
202100006518,190 155,C01,1,17,0,2,3,1,1,
202100006518,190 156,B01,1,7,0,2,3,17,1,
202100006519,190 152,B01,2,14,0,2,3,1,1,
202100006519,190 153,A01,1,7,0,2,1,5,1,
202100006520,190 150,A01,2,33,0,2,8,1,1,
202100006520,190 151,B01,2,7,0,2,3,1,0,
202100006521,190 148,B01,1,7,0,2,1,1,1,
202100006521,190 149,A01,3,7,0,2,8,19,1,
202100006522,190 146,A01,1,7,0,0,6,24,1,
202100006522,190 147,B01,1,7,1,0,2,14,1,
202100006523,190 144,B01,1,7,0,2,1,1,1,
202100006523,190 145,A01,1,2,0,2,7,15,1,
202100006524,190 141,C01,2,7,0,0,0,13,0,
202100006524,190 142,B01,2,7,0,2,3,21,1,
202100006524,190 143,A01,1,7,0,2,3,21,1,
202100006525,190 139,A01,1,7,14,9,2,17,1,
202100006525,190 140,B01,1,1,0,0,8,15,5,
202100006526,190 137,B01,1,7,0,2,1,1,1,
202100006526,190 138,A01,2,7,0,2,1,13,3,
202100006527,190 136,A01,1,15,8,0,0,1,1,
202100006528,190 134,B01,2,7,0,2,3,15,1,
202100006528,190 135,A01,2,33,0,2,1,1,1,
202100006529,190 131,A01,2,15,0,1,7,20,1,
202100006530,190 129,A01,1,7,0,2,1,13,1,
202100006530,190 130,B01,2,7,0,2,1,1,1,
202100006531,190 126,A01,1,7,0,2,2,1,1,
202100006531,190 127,B01,1,7,0,2,4,2,1,
202100006531,190 128,C01,0,7,0,2,1,2,1,
202100006532,190 124,A01,2,7,0,9,8,1,1,
202100006532,190 125,B01,2,15,0,2,2,12,1,
202100006533,190 121,A01,1,7,0,2,3,15,1,
202100006533,190 122,B01,1,7,0,2,3,2,1,
202100006533,190 123,C01,1,14,0,2,1,2,1,
202100006534,190 118,A01,2,7,0,2,1,2,1,
202100006534,190 119,B01,2,7,0,2,4,2,1,
202100006534,190 120,C01,2,7,0,2,4,2,1,
202100006535,190 117,A01,2,7,4,0,2,2,1,
202100006536,190 114,A01,2,7,0,2,1,2,1,
202100006536,190 115,B01,2,7,0,2,4,2,1,
202100006536,190 116,C01,2,10,0,2,4,2,1,
202100006537,190 112,A01,1,7,0,2,1,2,1,
202100006537,190 113,B01,1,7,0,2,4,2,1,
202100006538,190 111,A01,1,7,13,0,7,1,1,
202100006539,190 108,A01,1,15,4,2,1,14,1,
202100006539,190 109,B01,1,15,0,2,3,1,1,
202100006539,190 110,C01,1,7,0,2,8,2,1,
202100006540,190 106,Z01,1,10,0,2,8,13,0,
202100006540,190 107,A01,1,33,0,2,7,3,1,
202100006541,190 104,Z01,1,7,0,2,7,12,1,
202100006541,190 105,A01,1,33,0,2,8,3,1,
202100006542,190 102,B01,2,7,0,2,1,2,1,
202100006542,190 103,A01,2,7,0,2,4,2,1,
202100006543,190 101,A01,1,7,1,0,7,14,1,
202100006544,190 099,B01,2,41,0,2,8,15,1,
202100006544,190 100,A01,1,7,0,2,2,1,1,
202100006545,190 097,B01,1,7,0,4,3,19,1,
202100006545,190 098,A01,1,40,0,2,2,1,3,
202100006546,190 096,A01,3,7,0,1,1,1,1,
202100006547,190 095,A01,2,7,0,1,7,12,1,
202100006548,190 094,A01,2,0,6,0,3,16,1,
202100006549,190 093,A01,1,7,0,1,1,26,1,
202100006550,190 092,A01,1,7,0,1,2,1,1,
202100006551,190 091,A01,2,7,0,1,2,1,1,
202100006552,190 090,A01,1,7,0,1,1,1,1,
202100006553,190 088,A01,1,7,0,2,1,13,1,
202100006553,190 089,B01,1,7,0,2,1,0,1,
202100006554,190 084,Z01,2,3,0,2,1,19,1,
202100006554,190 085,B01,1,33,0,2,5,1,1,
202100006555,190 083,A01,3,7,0,2,8,21,1,
202100006556,190 081,A01,1,32,0,2,0,21,1,
202100006556,190 082,B01,1,30,0,2,0,26,1,
202100006557,190 079,B01,1,7,0,2,3,1,1,
202100006557,190 080,A01,1,33,0,2,2,17,1,
202100006558,190 078,A01,2,30,0,1,1,26,1,
202100006559,190 077,A01,1,33,12,0,0,26,0,
202100006560,190 075,A01,2,7,0,2,8,15,1,
202100006560,190 076,B01,2,2,0,2,7,1,1,
202100006561,190 073,B01,2,7,0,0,8,1,1,
202100006561,190 074,A01,1,7,0,2,1,15,1,
202100006562,190 070,C01,1,7,0,2,4,23,1,
202100006562,190 071,B01,1,10,0,2,1,1,1,
202100006562,190 072,A01,1,7,0,2,1,1,1,
202100006563,190 069,A01,1,7,0,1,3,1,1,
202100006564,190 067,B01,2,7,0,2,1,1,1,
202100006564,190 068,A01,2,30,8,2,7,19,1,
202100006565,190 065,A01,1,2,0,2,4,15,1,
202100006565,190 066,B01,2,7,0,2,2,1,1,
202100006566,190 063,Z01,3,7,0,2,1,2,1,
202100006566,190 064,A01,3,33,0,2,4,1,1,
202100006567,190 062,A01,2,7,0,1,1,1,1,
202100006568,190 061,A01,1,10,0,1,5,20,1,
202100006569,190 058,C01,1,7,0,2,4,1,1,
202100006569,190 059,B01,1,7,0,2,4,1,1,
202100006569,190 060,A01,1,7,0,2,1,1,1,
202100006570,190 056,B01,2,7,0,2,2,16,1,
202100006570,190 057,A01,2,32,0,2,1,18,1,
202100006571,190 054,A01,3,30,1,2,1,1,1,
202100006571,190 055,B01,3,7,0,2,3,19,1,
202100006572,190 050,B01,1,7,0,2,3,9,1,
202100006572,190 051,A01,1,2,0,2,4,23,1,
202100006573,190 048,B01,1,7,0,2,1,1,3,
202100006573,190 049,A01,2,7,0,2,3,15,1,
202100006574,190 046,B01,1,10,0,2,1,1,0,
202100006574,190 047,A01,1,10,0,2,6,10,0,
202100006575,190 044,A01,3,7,0,2,3,15,1,
202100006575,190 045,B01,3,33,0,2,1,1,0,
202100006576,190 042,B01,2,32,0,2,1,2,1,
202100006576,190 043,A01,2,7,0,2,3,9,1,
202100006577,190 039,C01,2,7,0,2,2,0,1,
202100006577,190 040,B01,2,7,0,2,6,0,1,
202100006577,190 041,A01,2,7,0,2,8,26,1,
202100006578,190 037,B01,1,60,0,2,0,0,5,
202100006578,190 038,A01,1,7,0,2,1,13,1,
202100006579,190 036,A01,2,7,0,1,2,15,1,
202100006580,190 035,A01,1,2,12,0,7,18,1,
202100006581,190 032,C01,1,7,0,2,4,23,1,
202100006581,190 033,B01,1,7,0,2,4,1,1,
202100006581,190 034,A01,1,7,0,2,1,2,1,
202100006582,190 031,A01,1,33,0,0,0,1,1,
202100006583,190 030,A01,2,7,0,1,1,15,1,
202100006584,190 029,A01,2,1,0,1,1,1,5,
202100006585,190 027,B01,3,7,0,2,1,15,1,
202100006585,190 028,A01,3,7,0,2,2,1,1,
202100006586,190 025,B01,2,32,0,2,3,1,1,
202100006586,190 026,A01,2,7,0,2,3,15,1,
202100006587,190 023,B01,1,2,0,2,4,0,3,
202100006587,190 024,A01,1,7,0,2,2,2,1,
202100006588,190 022,A01,3,34,0,1,1,17,1,
202100006589,190 021,A01,0,7,0,1,2,1,1,
202100006590,190 020,A01,3,31,0,1,2,21,1,
202100006591,190 016,A01,1,7,0,2,3,9,1,
202100006591,190 017,B01,1,33,0,2,5,1,1,
202100006591,190 018,C01,2,7,0,2,3,1,1,
202100006591,190 019,D01,2,7,0,2,2,1,1,
202100006592,190 013,B01,1,10,0,2,6,23,1,
202100006592,190 014,C01,2,7,0,2,1,1,1,
202100006592,190 015,A01,1,30,0,2,1,21,1,
202100006593,190 011,B01,0,7,0,2,1,1,1,
202100006593,190 012,A01,0,7,0,2,8,20,1,
202100006594,190 009,B01,0,37,0,2,2,1,3,1.0
202100006594,190 010,A01,0,7,0,2,3,16,1,
202100006595,190 007,A01,0,7,0,2,2,13,1,
202100006595,190 008,B01,0,7,0,2,3,1,1,
202100006596,190 005,A01,0,7,0,2,3,13,1,
202100006596,190 006,B01,0,7,0,2,1,1,1,
202100006597,190 003,B01,1,1,0,2,8,9,5,
202100006597,190 004,A01,1,37,0,2,1,1,1,2.0
202100006598,190 002,A01,3,7,1,1,1,0,1,
202100006599,190 000,NA01,1,1,0,2,8,19,5,
202100006599,190 001,B01,1,7,0,2,1,15,1,
202100006600,189 999,A01,1,7,0,1,1,15,1,
202100006601,189 997,A01,3,33,0,2,2,18,1,
202100006601,189 998,B01,3,7,0,2,2,2,1,
202100006602,189 995,A01,1,7,0,2,1,1,1,
202100006602,189 996,B01,3,10,0,2,3,16,1,
202100006603,189 987,A01,2,7,0,1,1,1,1,
202100006604,189 985,A01,3,7,0,2,1,13,1,
202100006604,189 986,B01,3,7,0,2,1,1,1,
202100006605,189 983,B01,3,2,0,2,3,1,1,
202100006605,189 984,A01,3,0,0,2,0,0,0,
202100006606,189 981,A01,3,7,0,9,3,2,1,
202100006606,189 982,B01,3,60,0,2,2,2,5,
202100006607,189 979,A01,3,7,0,2,1,26,1,
202100006607,189 980,B01,3,7,0,2,2,26,1,
202100006608,189 977,A01,3,7,0,2,1,1,1,
202100006608,189 978,B01,3,1,0,2,1,0,5,
202100006609,189 975,B01,2,7,0,2,3,0,1,
202100006609,189 976,A01,1,7,0,2,2,0,1,
202100006610,189 973,A01,3,7,0,2,1,5,1,
202100006610,189 974,B01,3,2,0,2,7,1,1,
202100006611,189 971,A01,3,7,0,2,2,1,1,
202100006611,189 972,B01,3,7,0,2,8,16,1,
202100006612,189 969,B01,3,40,0,2,1,1,3,
202100006612,189 970,A01,3,7,0,2,8,15,1,
202100006613,189 967,B01,3,50,0,2,7,1,3,
202100006613,189 968,A01,3,7,0,2,1,9,1,
202100006614,189 966,A01,3,7,0,1,1,1,1,
202100006615,189 965,A01,1,30,0,0,0,1,1,
202100006616,189 963,A01,1,7,0,2,6,1,1,
202100006616,189 964,B01,1,50,0,2,1,2,3,
202100006617,189 961,A01,3,7,0,2,1,26,1,
202100006617,189 962,B01,3,7,0,2,3,19,1,
202100006618,189 959,A01,2,7,0,2,0,19,1,
202100006618,189 960,B01,1,3,0,2,5,1,1,
202100006619,189 958,A01,1,30,8,1,1,2,3,
202100006620,189 957,A01,1,7,0,1,1,1,1,
202100006621,189 955,B01,2,7,8,2,8,16,1,
202100006621,189 956,A01,2,7,0,2,1,1,1,
202100006622,189 953,A01,1,7,0,2,2,15,1,
202100006622,189 954,B01,2,1,0,2,1,1,5,
202100006623,189 951,A01,1,33,0,2,2,5,1,
202100006623,189 952,B01,2,7,0,2,2,1,1,
202100006624,189 949,B01,1,7,0,2,2,9,1,
202100006624,189 950,A01,1,7,0,2,3,9,1,
202100006625,189 948,A01,1,7,0,2,3,1,1,
202100006626,189 946,B01,1,1,0,2,3,1,5,
202100006626,189 947,A01,1,7,0,2,2,14,1,
202100006627,189 944,A01,2,7,0,2,3,16,1,
202100006627,189 945,B01,2,1,0,2,1,1,5,
202100006628,189 942,A01,2,7,0,2,1,15,1,
202100006628,189 943,B01,2,31,0,2,1,1,1,
202100006629,189 941,A01,1,31,0,0,8,1,1,
202100006630,189 939,A01,1,7,0,2,1,1,1,
202100006630,189 940,B01,1,7,0,2,4,1,2,
202100006631,189 938,A01,3,7,0,1,1,1,1,
202100006632,189 936,B01,3,33,0,2,1,1,1,
202100006632,189 937,A01,3,7,0,2,2,15,1,
202100006633,189 933,C01,2,7,0,2,1,1,1,
202100006633,189 934,B01,1,7,0,2,1,1,1,
202100006633,189 935,A01,2,7,0,2,1,13,1,
202100006634,189 931,A01,2,7,0,2,0,0,1,
202100006634,189 932,B01,2,2,0,2,1,1,1,
202100006635,189 928,A01,2,7,0,2,8,13,1,
202100006635,189 929,B01,1,17,0,2,3,1,1,
202100006635,189 930,C01,1,17,0,2,3,1,1,
202100006636,189 927,A01,0,7,0,1,1,1,-1,
202100006637,189 924,A01,0,7,0,2,1,2,1,
202100006637,189 925,B01,0,7,0,2,4,2,1,
202100006637,189 926,C01,0,7,0,2,4,2,1,
202100006638,189 923,A01,2,15,0,1,3,1,1,
202100006639,189 919,A01,3,7,0,2,1,1,1,
202100006639,189 920,B01,3,50,0,2,7,19,3,
202100006640,189 917,B01,1,7,0,2,4,1,1,
202100006640,189 918,A01,1,33,0,2,1,2,1,
202100006641,189 916,A01,2,7,6,0,2,14,1,
202100006642,189 914,B01,1,33,0,2,1,1,1,
202100006642,189 915,A01,1,10,0,9,3,15,1,
202100006643,189 912,A01,1,10,0,2,7,16,1,
202100006643,189 913,B01,1,7,0,2,8,1,1,
202100006644,189 909,A01,3,7,0,1,1,1,1,
202100006645,189 908,A01,0,7,0,1,3,16,3,
202100006646,189 907,A01,1,7,0,1,2,1,1,
202100006647,189 905,B01,1,7,8,0,1,1,1,
202100006647,189 906,A01,2,7,8,0,1,13,1,
202100006648,189 903,A01,2,50,0,2,1,19,3,
202100006648,189 904,B01,2,38,0,2,7,16,1,1.0
202100006649,189 902,A01,2,7,0,1,1,9,1,
202100006650,189 901,A01,2,2,0,0,0,1,1,
202100006651,189 899,B01,1,7,0,2,4,1,1,
202100006651,189 900,A01,1,7,0,2,1,1,1,
202100006652,189 897,A01,1,7,0,2,1,1,1,
202100006652,189 898,B01,1,7,0,2,4,1,1,
202100006653,189 895,A01,1,7,0,2,3,1,1,
202100006653,189 896,B01,1,2,0,2,7,26,1,
202100006654,189 894,A01,1,33,0,0,7,9,1,
202100006655,189 892,B01,2,10,0,2,3,1,1,
202100006655,189 893,A01,0,33,0,2,3,17,1,
202100006656,189 890,A01,1,30,0,2,1,1,1,
202100006656,189 891,B01,1,7,0,2,3,1,1,
202100006657,189 888,Z01,2,7,0,2,1,15,1,
202100006657,189 889,B01,2,7,0,2,2,26,1,
202100006658,189 886,B01,1,40,0,2,1,1,0,
202100006658,189 887,A01,1,7,0,4,8,1,1,
202100006659,189 884,A01,0,7,0,2,1,13,1,
202100006659,189 885,B01,0,7,0,2,1,0,2,
202100006660,189 881,C01,3,7,1,2,5,0,1,
202100006660,189 882,B01,2,7,0,2,3,2,1,
202100006660,189 883,A01,2,10,0,2,3,17,1,
202100006661,189 880,A01,1,7,0,0,0,0,1,
202100006662,189 878,B01,1,7,0,2,3,1,1,
202100006662,189 879,A01,2,7,0,2,3,1,1,
202100006663,189 876,B01,1,33,0,2,1,1,1,
202100006663,189 877,A01,1,7,0,2,3,19,1,
202100006664,189 873,A01,1,7,0,2,2,26,1,
202100006664,189 874,B01,1,7,0,2,8,0,1,
202100006664,189 875,C01,1,7,0,2,4,26,1,
202100006665,189 871,A01,1,33,0,2,3,1,1,
202100006665,189 872,B01,3,32,0,2,2,1,1,
202100006666,189 869,A01,1,1,0,2,8,15,5,
202100006666,189 870,B01,1,7,0,2,1,1,1,
202100006667,189 868,A01,1,31,8,0,1,13,1,
202100006668,189 866,A01,1,7,0,9,3,16,1,
202100006668,189 867,B01,3,1,0,2,1,19,6,
202100006669,189 864,A01,1,7,0,2,1,15,2,
202100006669,189 865,B01,2,30,0,2,1,1,1,
202100006670,189 861,A01,1,7,0,2,9,18,1,
202100006670,189 862,B01,1,33,0,2,1,1,1,
202100006670,189 863,C01,2,7,0,2,8,1,1,
202100006671,189 858,C01,2,7,0,2,2,1,1,
202100006671,189 859,B01,2,7,0,2,1,1,1,
202100006671,189 860,A01,2,7,0,0,9,9,1,
202100006672,189 856,B01,2,7,0,2,3,1,1,
202100006672,189 857,A01,2,7,0,2,1,1,1,
202100006673,189 854,B01,1,7,0,2,4,2,1,
202100006673,189 855,A01,1,7,0,2,1,2,1,
202100006674,189 851,C01,1,7,0,0,0,15,1,
202100006674,189 852,B01,2,7,0,2,3,1,1,
202100006674,189 853,A01,2,33,0,2,1,17,1,