Num_Acc,id_vehicule,num_veh,senc,catv,obs,obsm,choc,manv,motor,occutc
202100006675,189 850,A01,1,30,0,0,3,21,1,
202100006676,189 848,A01,1,7,0,2,1,9,1,
202100006676,189 849,B01,1,30,0,2,8,1,1,
202100006677,189 846,A01,1,7,0,2,1,15,1,
202100006677,189 847,B01,2,7,0,2,2,1,1,
202100006678,189 844,A01,2,7,0,9,2,2,1,
202100006678,189 845,B01,2,1,0,2,4,23,5,
202100006679,189 842,B01,2,7,0,2,1,1,0,
202100006679,189 843,A01,1,2,0,2,1,15,0,
202100006680,189 840,A01,2,7,0,2,1,15,1,
202100006680,189 841,B01,1,2,0,2,1,1,1,
202100006681,189 839,A01,1,7,13,0,2,1,1,
202100006682,189 838,A01,3,7,8,0,1,1,1,
202100006683,189 836,A01,3,7,0,2,1,9,1,
202100006683,189 837,B01,3,10,0,2,1,0,1,
202100006684,189 834,B01,1,7,0,2,3,11,1,
202100006684,189 835,A01,2,7,9,9,3,11,1,
202100006685,189 832,A01,2,7,0,2,3,2,2,
202100006685,189 833,B01,2,7,0,2,5,2,1,
202100006686,189 831,A01,2,7,0,1,7,1,1,
202100006687,189 827,B01,1,99,0,2,2,2,5,
202100006687,189 828,A01,1,7,0,9,3,9,1,
202100006688,189 825,A01,1,2,0,2,1,19,1,
202100006688,189 826,B01,1,10,0,2,3,1,1,
202100006689,189 823,A01,3,33,11,2,8,17,1,
202100006689,189 824,B01,3,7,0,2,6,1,1,
202100006690,189 821,A01,1,7,0,2,1,16,1,
202100006690,189 822,B01,1,50,0,2,7,19,3,
202100006691,189 819,B01,1,10,0,2,6,1,1,
202100006691,189 820,A01,1,10,0,2,2,2,1,
202100006692,189 818,A01,1,7,4,0,1,9,1,
202100006693,189 816,A01,1,7,0,2,1,19,1,
202100006693,189 817,B01,1,7,0,2,9,2,1,
202100006694,189 815,A01,1,33,0,2,7,1,1,
202100006695,189 813,B01,1,7,0,2,4,2,1,
202100006695,189 814,C01,1,7,0,2,4,2,1,
202100006696,189 812,A01,0,34,0,1,1,26,0,
202100006697,189 811,A01,0,7,8,0,3,1,1,
202100006698,189 810,A01,1,7,0,1,1,26,1,
202100006699,189 808,B01,2,7,0,2,2,1,1,
202100006699,189 809,Z01,2,7,9,0,1,1,1,
202100006700,189 806,B01,0,7,0,2,1,1,1,
202100006700,189 807,A01,0,7,0,2,4,9,1,
202100006701,189 802,A01,1,7,0,2,2,15,1,
202100006701,189 803,B01,1,7,0,2,3,1,1,
202100006702,189 800,A01,3,31,0,2,1,17,1,
202100006702,189 801,B01,0,10,0,2,3,15,1,
202100006703,189 798,B01,1,7,0,2,4,1,1,
202100006703,189 799,A01,1,7,0,2,1,19,1,
202100006704,189 796,B01,3,33,0,2,1,1,1,
202100006704,189 797,A01,3,7,0,2,4,11,1,
202100006705,189 795,A01,2,7,0,1,1,1,1,
202100006706,189 793,A01,2,7,0,2,3,15,1,
202100006706,189 794,B01,1,7,0,2,6,1,1,
202100006707,189 791,A01,1,1,0,2,7,15,5,
202100006707,189 792,B01,2,7,0,2,1,1,1,
202100006708,189 790,A01,1,7,0,1,8,15,1,
202100006709,189 788,B01,3,33,0,2,7,12,1,
202100006709,189 789,A01,3,10,0,2,3,11,1,
202100006710,189 786,B01,1,30,0,2,1,15,1,
202100006710,189 787,A01,2,30,0,2,3,1,1,
202100006711,189 785,A01,1,7,0,1,1,1,1,
202100006712,189 784,A01,1,7,6,0,2,14,1,
202100006713,189 783,A01,1,33,13,0,1,17,1,
202100006714,189 782,A01,2,7,6,0,1,16,1,
202100006715,189 781,A01,2,7,1,0,2,1,1,
202100006716,189 779,A01,1,43,0,2,1,1,1,
202100006716,189 780,B01,1,10,0,2,7,1,1,
202100006717,189 776,A01,1,7,0,2,8,13,1,
202100006717,189 777,C01,1,43,0,2,2,1,1,
202100006717,189 778,B01,1,7,0,2,2,1,1,
202100006718,189 774,B01,1,1,0,2,4,1,5,
202100006718,189 775,A01,1,14,0,2,3,16,1,
202100006719,189 772,A01,1,30,0,2,3,1,3,
202100006719,189 773,B01,1,7,0,2,2,15,1,
202100006720,189 771,A01,2,34,1,1,8,1,1,
202100006721,189 769,A01,3,13,0,2,3,16,0,
202100006721,189 770,B01,3,10,0,2,2,23,1,
202100006722,189 767,A01,1,34,0,0,4,9,1,
202100006722,189 768,B01,1,32,0,2,1,1,1,
202100006723,189 766,A01,2,1,0,1,1,1,5,
202100006724,189 764,Z01,3,10,0,2,0,1,0,
202100006724,189 765,A01,2,30,0,2,2,14,1,
202100006725,189 763,A01,2,2,0,1,3,1,1,
202100006726,189 761,A01,3,50,0,2,8,13,3,
202100006726,189 762,B01,3,2,0,0,0,1,0,
202100006727,189 759,B01,1,32,0,2,1,23,1,
202100006727,189 760,A01,1,10,0,2,4,4,1,
202100006728,189 757,A01,1,7,1,2,1,1,1,
202100006728,189 758,B01,1,7,0,2,3,24,1,
202100006729,189 756,A01,1,7,0,1,3,15,1,
202100006730,189 754,B01,1,14,0,2,1,2,1,
202100006730,189 755,A01,1,7,0,2,4,2,1,
202100006731,189 752,B01,1,7,12,2,1,1,1,
202100006731,189 753,A01,3,7,12,2,2,1,1,
202100006732,189 750,B01,1,7,0,2,0,1,0,
202100006732,189 751,A01,1,10,0,2,3,13,1,
202100006733,189 748,A01,-1,7,0,2,3,15,1,
202100006733,189 749,B01,-1,30,0,2,1,1,1,
202100006734,189 746,B01,1,1,0,2,3,17,5,
202100006734,189 747,A01,1,37,0,2,7,17,1,1.0
202100006735,189 744,B01,1,2,0,2,1,2,1,
202100006735,189 745,A01,1,7,0,2,2,15,1,
202100006736,189 742,A01,1,7,0,2,3,11,1,
202100006736,189 743,B01,1,33,0,2,2,1,1,
202100006737,189 740,B01,1,7,0,2,3,15,1,
202100006737,189 741,A01,2,2,0,2,3,1,1,
202100006738,189 739,A01,3,30,0,0,0,26,1,
202100006739,189 737,B01,2,7,0,2,8,9,1,
202100006739,189 738,A01,2,7,0,2,2,5,1,
202100006740,189 735,A01,3,7,0,2,1,19,1,
202100006740,189 736,B01,2,1,0,2,3,1,5,
202100006741,189 733,A01,1,7,0,2,2,15,1,
202100006741,189 734,B01,2,2,0,2,1,1,1,
202100006742,189 731,B01,2,34,0,2,9,1,1,
202100006742,189 732,A01,2,7,0,2,7,9,1,
202100006743,189 730,A01,1,7,0,1,1,1,1,
202100006744,189 728,A01,2,31,0,2,1,1,1,
202100006744,189 729,B01,3,7,0,2,0,0,1,
202100006745,189 726,A01,1,7,0,2,3,15,1,
202100006745,189 727,B01,1,33,0,2,3,1,1,
202100006746,189 724,A01,2,1,0,2,1,5,5,
202100006746,189 725,B01,1,7,0,2,1,1,1,
202100006747,189 722,A01,2,7,0,2,1,2,1,
202100006747,189 723,B01,2,7,0,0,4,2,1,
202100006748,189 719,A01,1,7,0,0,7,15,1,
202100006748,189 720,B01,2,7,0,2,1,1,1,
202100006748,189 721,C01,2,7,0,0,2,23,1,
202100006749,189 717,B01,1,7,0,2,3,2,1,
202100006749,189 718,A01,2,31,0,2,1,5,1,
202100006750,189 715,B01,1,7,0,2,3,1,1,
202100006750,189 716,A01,2,7,0,2,3,1,1,
202100006751,189 713,A01,1,7,0,2,1,5,1,
202100006751,189 714,B01,2,7,0,2,1,1,1,
202100006752,189 712,A01,1,10,0,1,3,1,1,
202100006753,189 711,A01,2,21,0,1,3,0,1,
202100006754,189 709,A01,1,33,0,2,1,1,1,
202100006754,189 710,B01,2,7,0,2,3,1,1,
202100006755,189 708,A01,1,10,2,0,1,14,1,
202100006756,189 706,A01,1,10,0,2,6,1,1,
202100006756,189 707,B01,1,33,0,2,3,1,1,
202100006757,189 705,A01,1,7,2,0,1,13,1,
202100006758,189 703,A01,1,7,0,2,3,15,1,
202100006758,189 704,B01,2,2,0,2,1,1,1,
202100006759,189 702,A01,3,7,0,1,1,1,1,
202100006760,189 700,B01,2,7,0,2,3,1,1,
202100006760,189 701,A01,1,7,0,2,2,15,1,
202100006761,189 699,A01,0,7,0,1,2,16,1,
202100006762,189 698,A01,1,2,8,0,1,1,1,
202100006763,189 696,B01,1,21,0,2,1,23,1,
202100006763,189 697,A01,2,7,1,0,1,1,1,
202100006764,189 695,A01,2,7,2,0,1,14,1,
202100006765,189 693,B01,2,7,0,2,2,1,1,
202100006765,189 694,A01,3,7,0,2,3,19,1,
202100006766,189 692,A01,2,10,13,0,1,1,1,
202100006767,189 691,A01,3,31,0,9,2,1,1,
202100006768,189 689,A01,1,7,0,0,3,15,1,
202100006768,189 690,B01,2,2,1,2,7,17,1,
202100006769,189 688,A01,3,7,3,0,1,1,1,
202100006770,189 686,B01,1,7,0,2,3,13,1,
202100006770,189 687,A01,0,7,0,2,3,0,1,
202100006771,189 685,A01,1,7,16,0,8,13,1,
202100006772,189 684,A01,1,7,0,0,0,0,1,
202100006773,189 682,B01,1,1,0,0,3,2,5,
202100006773,189 683,A01,1,7,2,0,2,2,1,
202100006774,189 680,A01,1,7,0,2,1,5,1,
202100006774,189 681,B01,2,14,0,2,3,1,1,
202100006775,189 676,A01,2,10,0,2,1,2,1,
202100006775,189 677,B01,2,7,0,2,4,1,1,
202100006775,189 678,C01,2,7,0,2,4,26,1,
202100006775,189 679,D01,2,13,0,2,6,26,1,
202100006776,189 673,C01,2,7,3,2,3,1,1,
202100006776,189 674,B01,2,33,0,2,9,1,1,
202100006776,189 675,A01,2,7,0,2,8,13,0,
202100006777,189 671,B01,0,2,3,2,1,21,1,
202100006777,189 672,A01,0,7,0,2,3,15,1,
202100006778,189 669,A01,2,7,0,0,1,11,1,
202100006778,189 670,B01,1,7,0,0,9,1,1,
202100006779,189 668,A01,1,17,3,0,2,2,1,
202100006780,189 666,A01,1,7,0,2,1,13,1,
202100006780,189 667,B01,2,2,0,2,1,0,1,
202100006781,189 664,B01,0,2,0,2,1,1,1,
202100006781,189 665,A01,3,7,0,2,2,15,1,
202100006782,189 663,A01,2,7,1,0,2,14,1,
202100006783,189 662,A01,1,2,0,1,1,1,1,
202100006784,189 660,A01,2,7,0,2,6,1,1,
202100006784,189 661,B01,2,33,0,2,1,2,1,
202100006785,189 658,A01,1,7,0,2,1,9,1,
202100006785,189 659,B01,1,1,0,2,7,1,5,
202100006786,189 656,B01,1,7,0,2,1,1,1,
202100006786,189 657,A01,2,7,0,2,4,1,1,
202100006787,189 652,C01,1,10,0,2,1,2,1,
202100006787,189 653,D01,1,7,0,2,1,2,1,
202100006787,189 654,A01,1,7,0,2,4,1,1,
202100006787,189 655,B01,1,7,0,2,1,2,1,
202100006788,189 650,B01,1,34,0,2,3,1,1,
202100006788,189 651,A01,1,10,0,2,5,17,1,
202100006789,189 648,A01,2,7,0,0,4,1,1,
202100006789,189 649,B01,2,7,0,2,0,1,1,
202100006790,189 647,A01,2,33,0,0,9,0,1,
202100006791,189 643,C01,2,10,0,2,1,1,1,
202100006791,189 644,A01,2,7,0,2,9,0,1,
202100006791,189 645,D01,2,7,0,2,1,1,1,
202100006791,189 646,B01,2,7,3,2,1,1,1,
202100006792,189 641,B01,2,34,0,2,7,17,1,
202100006792,189 642,A01,2,7,0,2,6,11,1,
202100006793,189 639,A01,1,7,0,2,2,14,1,
202100006793,189 640,B01,1,7,0,2,6,1,1,
202100006794,189 638,A01,2,7,15,0,2,2,1,
202100006795,189 637,A01,2,7,0,2,4,2,1,
202100006796,189 635,A01,2,7,0,2,1,2,1,
202100006796,189 636,B01,2,7,0,2,4,2,1,
202100006797,189 633,B01,1,33,0,2,8,3,1,
202100006797,189 634,A01,1,7,0,2,2,14,1,
202100006798,189 631,A01,2,10,0,5,0,0,1,
202100006798,189 632,B01,2,7,0,5,0,0,1,
202100006799,189 627,A01,2,7,0,2,1,2,1,
202100006799,189 628,B01,2,10,0,2,4,2,1,
202100006799,189 629,C01,2,7,0,2,4,2,1,
202100006799,189 630,D01,2,7,0,2,1,2,1,
202100006800,189 626,A01,1,7,0,1,2,1,1,
202100006801,189 623,A01,1,10,0,2,1,1,1,
202100006801,189 624,B01,1,7,0,2,4,1,1,
202100006801,189 625,C01,1,7,0,2,4,1,1,
202100006802,189 621,A01,1,37,0,2,1,1,1,1.0
202100006802,189 622,B01,1,7,0,2,4,2,1,
202100006803,189 618,A01,2,14,0,2,1,1,1,
202100006803,189 619,B01,2,7,0,2,4,2,1,
202100006803,189 620,C01,2,7,0,2,4,2,1,
202100006804,189 616,A01,2,7,0,2,8,9,1,
202100006804,189 617,B01,2,33,0,2,7,9,1,
202100006805,189 612,A01,2,33,0,2,8,3,1,
202100006805,189 613,B01,2,7,0,2,7,12,1,
202100006805,189 614,C01,2,7,0,2,7,1,1,
202100006805,189 615,D01,2,7,0,9,5,1,1,
202100006806,189 611,A01,1,10,3,0,7,0,1,
202100006807,189 609,A01,1,10,0,2,1,2,1,
202100006807,189 610,B01,1,7,0,2,4,2,1,
202100006808,189 607,B01,2,10,0,0,5,1,1,
202100006808,189 608,A01,2,43,0,2,1,21,1,
202100006809,189 605,A01,1,7,0,2,1,1,1,
202100006809,189 606,B01,1,10,0,2,4,1,1,
202100006810,189 603,A01,2,7,0,2,2,1,1,
202100006810,189 604,B01,2,7,4,2,6,11,1,
202100006811,189 601,B01,1,7,0,2,6,11,2,
202100006811,189 602,A01,1,33,4,2,2,3,1,
202100006812,189 599,B01,1,32,0,2,7,1,1,
202100006812,189 600,A01,1,7,0,2,8,11,1,
202100006813,189 597,A01,2,31,0,2,4,1,1,
202100006813,189 598,Z01,2,7,0,2,1,12,1,
202100006814,189 595,A01,2,33,0,2,1,2,1,
202100006814,189 596,B01,2,7,0,2,6,2,1,
202100006815,189 593,A01,1,7,0,2,5,10,2,
202100006815,189 594,B01,1,43,0,2,1,1,1,
202100006816,189 592,A01,1,50,0,0,0,21,3,
202100006817,189 590,B01,2,1,0,2,1,1,5,
202100006817,189 591,A01,2,14,0,2,2,16,1,
202100006818,189 588,Z01,3,7,0,2,0,1,0,
202100006818,189 589,A01,2,50,0,2,8,1,3,
202100006819,189 586,A01,1,7,0,2,2,2,1,
202100006819,189 587,B01,1,7,0,2,6,23,2,
202100006820,189 585,A01,2,30,0,1,1,3,3,
202100006821,189 584,A01,2,7,1,1,1,24,3,
202100006822,189 582,B01,1,7,0,2,3,15,1,
202100006822,189 583,A01,2,7,0,2,8,1,1,
202100006823,189 581,A01,1,7,0,1,1,15,1,
202100006824,189 579,A01,2,33,0,2,1,1,1,
202100006824,189 580,B01,1,7,0,2,3,1,1,
202100006825,189 577,B01,-1,80,0,0,4,15,3,
202100006825,189 578,A01,1,7,0,2,1,26,1,
202100006826,189 576,TA01,1,37,9,0,1,1,1,2.0
202100006827,189 575,A01,0,50,0,0,0,25,3,
202100006828,189 574,A01,-1,37,0,1,6,26,1,1.0
202100006829,189 573,A01,2,32,0,1,0,1,1,
202100006830,189 571,B01,2,7,0,2,1,0,1,
202100006830,189 572,A01,2,7,0,2,5,23,1,
202100006831,189 569,B01,1,7,1,0,1,1,1,
202100006831,189 570,A01,1,7,1,0,4,24,1,
202100006832,189 568,A01,3,7,0,1,2,19,1,
202100006833,189 567,A01,1,31,0,1,2,26,1,
202100006834,189 565,A01,1,7,0,2,3,2,1,
202100006834,189 566,B01,1,10,0,2,6,1,1,
202100006835,189 564,A01,1,7,0,1,6,1,1,
202100006836,189 562,A01,3,7,0,2,3,26,1,
202100006836,189 563,B01,3,30,0,2,1,0,1,
202100006837,189 561,A01,1,7,0,1,2,15,1,
202100006838,189 559,B01,1,31,0,2,1,15,1,
202100006838,189 560,A01,1,7,0,2,6,15,1,
202100006839,189 558,A01,1,7,0,1,1,1,1,
202100006840,189 557,A01,3,7,0,9,1,1,1,
202100006841,189 555,A01,3,1,0,2,1,5,5,
202100006841,189 556,B01,3,13,0,2,6,1,1,
202100006842,189 553,B01,1,7,0,0,1,1,1,
202100006842,189 554,A01,1,7,0,0,8,9,2,
202100006843,189 552,A01,1,33,0,0,0,1,1,
202100006844,189 548,A01,2,7,0,9,3,15,1,
202100006844,189 549,B01,1,1,0,2,1,1,5,
202100006845,189 546,A01,1,7,0,2,3,17,1,
202100006845,189 547,B01,2,7,13,2,9,17,1,
202100006846,189 544,B01,1,7,0,2,4,1,1,
202100006846,189 545,A01,1,33,0,2,1,1,1,
202100006847,189 542,A01,2,7,0,2,3,1,0,
202100006847,189 543,B01,2,7,0,2,0,17,0,
202100006848,189 539,C01,2,7,0,2,1,1,1,
202100006848,189 540,B01,1,7,0,2,9,15,1,
202100006848,189 541,A01,1,7,0,2,3,1,1,
202100006849,189 538,A01,2,7,0,1,2,2,1,
202100006850,189 537,A01,2,7,13,0,1,1,1,
202100006851,189 536,A01,2,7,13,0,2,1,1,
202100006852,189 534,A01,2,7,8,0,1,1,1,
202100006853,189 532,B01,1,7,0,2,1,1,1,
202100006853,189 533,A01,2,7,0,2,3,13,2,
202100006854,189 530,A01,1,7,0,2,2,15,1,
202100006854,189 531,B01,2,7,7,2,3,1,1,
202100006855,189 527,C01,2,7,0,2,3,1,1,
202100006855,189 528,B01,1,15,0,0,8,1,1,
202100006855,189 529,A01,1,7,0,2,3,17,1,
202100006856,189 525,B01,2,2,0,2,1,2,1,
202100006856,189 526,A01,2,2,0,2,4,2,1,
202100006857,189 523,B01,3,7,0,2,3,1,1,
202100006857,189 524,A01,3,7,0,2,3,13,1,
202100006858,189 522,A01,2,13,12,0,3,16,1,
202100006859,189 520,A01,0,7,0,2,1,2,0,
202100006859,189 521,B01,0,21,0,2,4,2,1,
202100006860,189 519,A01,3,7,0,1,3,15,1,
202100006861,189 518,A01,1,39,0,1,3,1,2,
202100006862,189 517,A01,2,7,2,0,1,1,1,
202100006863,189 516,A01,2,7,13,0,2,1,1,
202100006864,189 515,A01,3,1,0,0,0,0,5,
202100006865,189 513,B01,0,33,0,2,2,2,1,
202100006865,189 514,A01,0,7,0,2,8,2,1,
202100006866,189 512,A01,2,7,0,1,1,1,1,
202100006867,189 510,A01,1,7,0,2,1,13,1,
202100006867,189 511,B01,2,7,0,2,1,1,1,
202100006868,189 509,A01,3,7,2,0,3,1,1,
202100006869,189 507,B01,1,7,0,2,1,1,1,
202100006869,189 508,A01,2,7,0,2,1,1,1,
202100006870,189 506,A01,2,7,2,0,8,13,1,
202100006871,189 503,C01,1,7,0,2,3,1,1,
202100006871,189 504,B01,1,7,0,2,2,1,1,
202100006871,189 505,A01,2,7,0,2,1,5,1,
202100006872,189 502,A01,1,7,0,1,2,1,1,
202100006873,189 501,A01,1,7,16,0,1,26,1,
202100006874,189 500,A01,1,7,8,0,3,0,1,
202100006875,189 488,A01,2,7,0,2,1,2,1,
202100006875,189 489,B01,2,7,0,2,4,2,1,
202100006875,189 490,K01,2,7,0,2,4,2,1,
202100006875,189 491,L01,2,7,0,2,4,2,1,
202100006875,189 492,C01,2,7,0,2,4,2,1,
202100006875,189 493,D01,2,7,0,2,4,2,1,
202100006875,189 494,F01,2,7,0,2,4,2,1,
202100006875,189 495,G01,2,7,0,2,4,2,1,
202100006875,189 496,H01,2,7,0,2,4,2,1,
202100006875,189 497,I01,2,16,0,2,1,1,1,
202100006875,189 498,J01,2,7,0,2,4,2,1,
202100006875,189 499,E01,2,10,0,2,4,2,1,
202100006876,189 486,B01,2,38,0,2,3,1,1,1.0
202100006876,189 487,A01,1,7,0,2,1,13,1,
202100006877,189 484,B01,1,7,0,0,4,2,1,
202100006877,189 485,A01,1,43,0,2,1,2,1,
202100006878,189 481,A01,2,7,0,2,1,13,1,
202100006878,189 482,B01,1,7,0,2,1,26,1,
202100006878,189 483,C01,1,7,0,0,6,26,1,
202100006879,189 475,A01,2,7,0,0,4,2,1,
202100006879,189 476,F01,2,7,0,0,4,2,1,
202100006879,189 477,B01,2,7,0,2,8,1,1,
202100006879,189 478,C01,2,10,0,2,8,1,1,
202100006879,189 479,D01,2,7,0,2,1,1,1,
202100006879,189 480,E01,2,7,0,2,7,12,1,
202100006880,189 474,A01,2,7,0,0,1,1,1,
202100006881,189 473,A01,0,7,0,1,1,1,1,
202100006882,189 471,B01,3,7,0,2,8,11,1,
202100006882,189 472,A01,3,7,0,0,2,12,1,
202100006883,189 469,A01,1,7,0,2,1,15,1,
202100006883,189 470,B01,2,2,0,2,1,1,1,
202100006884,189 467,B01,1,7,0,2,4,2,1,
202100006884,189 468,A01,1,7,0,2,1,2,1,
202100006885,189 466,A01,1,7,0,1,1,1,1,
202100006886,189 465,A01,3,7,0,0,0,1,1,
202100006887,189 459,B01,1,7,0,2,1,13,1,
202100006887,189 460,A01,2,7,0,2,1,1,1,
202100006888,189 458,A01,0,14,0,1,0,16,0,
202100006889,189 457,A01,2,33,4,0,8,1,1,
202100006890,189 455,A01,2,15,0,2,2,12,1,
202100006890,189 456,B01,2,7,0,2,8,1,1,
202100006891,189 454,A01,2,7,4,0,3,0,1,
202100006892,189 451,B01,2,33,0,2,1,1,1,
202100006892,189 452,C01,2,7,0,2,8,1,1,
202100006892,189 453,A01,2,7,0,2,7,12,1,
202100006893,189 449,B01,1,33,0,2,8,1,1,
202100006893,189 450,A01,1,7,0,2,2,12,1,
202100006894,189 447,B01,2,7,0,2,5,1,1,
202100006894,189 448,A01,2,7,0,2,3,1,1,
202100006895,189 444,C01,1,7,0,2,2,2,1,
202100006895,189 445,B01,1,7,0,2,3,2,1,
202100006895,189 446,A01,1,7,0,2,3,2,1,
202100006896,189 443,A01,2,7,3,0,1,26,1,
202100006897,189 441,B01,0,30,0,0,7,1,1,
202100006897,189 442,A01,0,7,0,2,3,1,1,
202100006898,189 440,A01,-1,30,0,0,0,26,0,
202100006899,189 439,A01,3,7,0,1,2,1,1,
202100006900,189 438,A01,2,7,0,1,3,1,1,
202100006901,189 436,B01,1,13,1,0,7,1,0,
202100006901,189 437,A01,1,7,0,2,3,22,1,
202100006902,189 433,C01,1,7,0,2,5,1,1,
202100006902,189 434,B01,1,7,0,2,6,1,1,
202100006902,189 435,A01,1,33,4,2,9,17,1,
202100006903,189 431,A01,1,10,0,2,3,1,1,
202100006903,189 432,B01,2,1,0,2,1,13,5,
202100006904,189 430,A01,2,7,0,1,1,1,1,
202100006905,189 429,A01,2,7,8,0,1,1,1,
202100006906,189 427,B01,2,10,0,2,3,23,1,
202100006906,189 428,A01,1,30,0,2,1,16,1,
202100006907,189 424,A01,1,7,14,0,2,1,1,
202100006907,189 425,B01,1,7,0,2,5,23,1,
202100006907,189 426,C01,1,7,0,2,6,23,1,
202100006908,189 420,D01,1,7,0,2,4,2,1,
202100006908,189 421,C01,1,7,0,2,4,2,1,
202100006908,189 422,B01,1,7,0,2,4,2,1,
202100006908,189 423,A01,1,10,0,2,1,2,1,
202100006909,189 417,B01,3,7,0,2,2,9,1,
202100006909,189 418,A01,1,2,0,2,2,1,1,
202100006910,189 415,A01,3,7,0,2,1,13,1,
202100006910,189 416,B01,3,7,0,2,1,1,1,
202100006911,189 413,B01,2,33,0,2,1,17,1,
202100006911,189 414,A01,2,7,0,2,8,15,1,
202100006912,189 412,A01,2,7,8,0,1,13,1,
202100006913,189 410,B01,1,7,0,2,4,23,2,
202100006913,189 411,A01,1,7,0,2,1,2,1,
202100006914,189 408,B01,3,7,0,2,0,0,1,
202100006914,189 409,A01,3,34,0,2,3,25,1,
202100006915,189 407,A01,1,1,0,0,1,1,2,
202100006916,189 405,B01,1,7,0,2,4,23,1,
202100006916,189 406,A01,1,7,0,2,1,1,1,
202100006917,189 402,A01,0,7,0,1,1,15,1,
202100006918,189 401,A01,1,7,0,1,1,1,1,
202100006919,189 400,A01,1,7,0,1,1,1,1,
202100006920,189 398,A01,2,10,0,2,1,1,1,
202100006920,189 399,B01,0,7,0,2,4,1,1,
202100006921,189 396,A01,1,7,3,0,3,1,1,
202100006921,189 397,B01,1,7,14,0,3,21,1,
202100006922,189 394,A01,3,7,0,2,7,1,1,
202100006922,189 395,B01,3,10,0,2,1,1,1,
202100006923,189 392,B01,3,1,0,2,1,0,6,
202100006923,189 393,A01,3,7,0,0,0,0,1,
202100006924,189 390,A01,1,7,4,2,5,0,1,
202100006924,189 391,B01,1,7,0,2,1,2,1,
202100006925,189 388,A01,1,10,0,2,4,9,0,
202100006925,189 389,B01,1,1,0,2,1,9,0,
202100006926,189 387,A01,2,32,1,2,2,14,1,
202100006927,189 384,A01,1,7,0,2,2,2,1,
202100006927,189 385,B01,1,7,0,2,6,2,1,
202100006927,189 386,C01,1,7,0,2,4,2,1,
202100006928,189 382,A01,3,7,0,2,7,17,1,
202100006928,189 383,Y01,3,1,0,2,8,2,5,
202100006929,189 380,A01,1,7,1,0,0,0,0,
202100006929,189 381,C01,1,7,0,2,0,0,0,
202100006930,189 378,B01,1,7,0,2,8,15,1,
202100006930,189 379,A01,1,7,0,2,2,17,1,
202100006931,189 377,A01,3,33,0,1,1,1,1,
202100006932,189 376,A01,2,7,0,1,1,26,1,
202100006933,189 374,B01,2,2,0,2,3,1,1,
202100006933,189 375,A01,2,7,0,2,5,17,1,
202100006934,189 372,A01,3,7,0,2,2,2,1,
202100006934,189 373,B01,3,7,0,2,6,18,1,
202100006935,189 370,A01,2,7,0,2,7,12,1,
202100006935,189 371,B01,2,34,0,2,8,3,1,
202100006936,189 368,A01,2,33,0,2,3,3,1,
202100006936,189 369,B01,2,10,0,2,6,14,0,
202100006937,189 367,A01,2,40,0,1,7,1,3,
202100006938,189 366,A01,1,30,0,1,1,1,1,
202100006939,189 364,B01,1,7,0,2,3,9,1,
202100006939,189 365,A01,2,43,0,2,8,5,1,
202100006940,189 363,A01,3,7,0,0,9,1,2,
202100006941,189 362,A01,1,2,0,0,7,1,1,
202100006942,189 361,Z01,1,7,0,1,0,1,0,
202100006943,189 359,B01,1,37,1,2,3,21,1,3.0
202100006943,189 360,A01,1,7,0,2,7,12,1,
202100006944,189 357,B01,2,7,0,2,3,1,1,
202100006944,189 358,A01,1,7,0,2,2,1,1,
202100006945,189 355,A01,2,7,0,2,1,21,1,
202100006945,189 356,B01,1,34,0,2,1,1,1,
202100006946,189 353,A01,2,7,0,2,2,15,1,
202100006946,189 354,B01,1,7,0,2,1,1,1,
202100006947,189 351,B01,1,7,0,2,3,1,2,
202100006947,189 352,A01,1,7,0,2,2,1,1,
202100006948,189 349,A01,3,7,0,2,7,1,1,
202100006948,189 350,B01,3,7,0,2,1,1,1,
202100006949,189 347,B01,1,34,0,2,1,1,0,
202100006949,189 348,A01,1,3,0,2,1,11,0,
202100006950,189 345,B01,0,7,0,2,6,24,1,
202100006950,189 346,A01,2,7,1,0,2,2,1,
202100006951,189 344,A01,2,7,0,1,3,1,1,
202100006952,189 343,A01,1,7,13,0,2,1,1,
202100006953,189 339,A01,2,7,1,0,2,1,1,
202100006954,189 337,A01,1,7,1,2,1,5,1,
202100006954,189 338,B01,2,7,0,2,1,5,1,
202100006955,189 333,B01,2,7,0,2,2,1,1,
202100006955,189 334,A01,2,7,0,2,3,1,1,
202100006956,189 332,A01,1,2,13,0,3,16,1,
202100006957,189 330,B01,2,7,0,2,2,1,1,
202100006957,189 331,A01,1,7,0,2,3,16,1,
202100006958,189 328,B01,1,33,0,2,1,2,1,
202100006958,189 329,A01,1,7,0,2,4,2,1,
202100006959,189 326,A01,3,1,0,2,6,15,5,
202100006959,189 327,B01,1,7,0,9,3,1,1,
202100006960,189 323,A01,1,7,0,2,1,19,1,
202100006960,189 324,C01,2,10,6,2,8,1,1,
202100006960,189 325,B01,1,10,0,2,1,1,1,
202100006961,189 321,B01,1,7,0,2,3,1,1,
202100006961,189 322,A01,2,7,0,2,3,17,1,
202100006962,189 320,A01,2,7,13,0,7,1,1,
202100006963,189 319,A01,1,7,13,0,3,1,1,
202100006964,189 315,A01,3,7,0,2,3,5,1,
202100006964,189 316,B01,3,2,0,2,1,1,1,