Num_Acc,id_vehicule,num_veh,senc,catv,obs,obsm,choc,manv,motor,occutc
202100006965,189 314,A01,1,7,0,0,9,1,1,
202100006966,189 313,A01,1,7,13,0,1,1,1,
202100006967,189 312,A01,2,7,3,0,2,1,1,
202100006968,189 309,A01,2,7,0,2,1,5,1,
202100006968,189 310,B01,1,7,0,2,1,1,1,
202100006969,189 307,A01,2,7,0,2,1,2,1,
202100006969,189 308,B01,2,7,0,0,4,1,1,
202100006970,189 305,B01,2,17,0,2,1,1,1,
202100006970,189 306,A01,1,7,0,2,1,13,1,
202100006971,189 303,A01,1,7,7,2,7,13,2,
202100006971,189 304,B01,1,7,0,2,8,1,1,
202100006972,189 302,A01,3,10,8,0,9,14,1,
202100006973,189 301,A01,0,7,4,0,2,0,1,
202100006974,189 299,A01,2,7,0,2,3,1,1,
202100006974,189 300,B01,1,7,0,2,3,1,1,
202100006975,189 298,A01,2,7,8,0,8,1,1,
202100006976,189 296,B01,1,1,0,2,3,1,5,
202100006976,189 297,A01,2,99,0,9,2,15,1,
202100006977,189 295,A01,1,7,2,0,1,0,1,
202100006978,189 293,B01,2,30,0,2,2,17,1,
202100006978,189 294,A01,2,7,0,2,3,15,1,
202100006979,189 291,A01,1,7,0,2,1,13,1,
202100006979,189 292,B01,2,7,8,2,3,1,1,
202100006980,189 290,A01,3,7,0,1,1,1,1,
202100006981,189 288,A01,1,7,0,2,4,1,1,
202100006981,189 289,B01,1,7,0,2,0,0,1,
202100006982,189 287,A01,1,7,4,0,3,21,1,
202100006983,189 282,A01,1,99,0,2,1,2,1,
202100006983,189 283,B01,1,7,0,2,4,2,1,
202100006983,189 284,C01,1,7,0,2,4,2,1,
202100006984,189 279,A01,2,14,0,2,4,23,1,
202100006984,189 280,B01,2,7,0,2,4,2,1,
202100006984,189 281,C01,2,13,0,2,1,2,1,
202100006985,189 278,A01,1,10,4,0,1,14,1,
202100006986,189 275,A01,2,7,0,2,1,18,1,
202100006986,189 276,B01,2,7,0,2,6,2,1,
202100006986,189 277,C01,2,7,0,2,5,2,1,
202100006987,189 271,B01,2,7,0,2,4,2,1,
202100006987,189 272,A01,2,7,0,2,1,2,1,
202100006988,189 269,B01,2,7,0,2,4,2,1,
202100006988,189 270,A01,2,7,0,2,1,1,1,
202100006989,189 268,A01,1,7,4,0,3,13,1,
202100006990,189 265,C01,1,7,0,2,1,2,1,
202100006990,189 266,B01,1,7,0,2,4,2,1,
202100006990,189 267,A01,1,10,0,2,4,1,1,
202100006991,189 262,A01,1,7,4,0,3,1,1,
202100006992,189 260,A01,2,7,0,2,6,1,1,
202100006992,189 261,B01,2,7,0,2,2,2,1,
202100006993,189 257,B01,1,7,0,2,4,21,1,
202100006993,189 258,C01,1,7,0,2,6,1,1,
202100006993,189 259,A01,1,7,0,2,1,21,1,
202100006994,189 256,A01,1,33,0,2,2,17,1,
202100006995,189 254,B01,3,7,0,2,3,1,1,
202100006995,189 255,A01,3,30,0,2,1,1,1,
202100006996,189 252,A01,1,15,0,2,3,1,0,
202100006996,189 253,B01,1,10,0,2,1,13,1,
202100006997,189 250,A01,2,7,0,2,7,11,1,
202100006997,189 251,B01,2,7,0,2,7,13,1,
202100006998,189 249,A01,2,10,16,0,7,14,1,
202100006999,189 247,B01,1,7,0,2,5,2,2,
202100006999,189 248,A01,1,33,0,2,4,0,1,
202100007000,189 245,B01,1,10,0,2,4,2,1,
202100007000,189 246,A01,1,7,0,2,1,2,1,
202100007001,189 244,A01,3,0,0,0,0,0,0,
202100007002,189 241,A01,1,7,0,2,4,26,1,
202100007002,189 242,B01,1,7,0,2,4,1,3,
202100007002,189 243,C01,1,7,0,2,1,1,1,
202100007003,189 240,A01,3,7,0,1,2,17,1,
202100007004,189 238,B01,2,7,0,2,3,15,1,
202100007004,189 239,A01,2,33,0,2,1,17,1,
202100007005,189 236,B01,1,7,0,2,4,26,1,
202100007005,189 237,A01,1,31,0,2,1,21,1,
202100007006,189 234,A01,1,7,0,2,8,10,1,
202100007006,189 235,B01,2,33,0,2,1,2,1,
202100007007,189 232,B01,3,1,0,0,0,0,5,
202100007007,189 233,A01,0,7,0,2,5,15,1,
202100007008,189 230,B01,2,7,0,2,5,1,1,
202100007008,189 231,A01,2,33,0,2,9,17,1,
202100007009,189 228,A01,2,7,0,2,1,15,1,
202100007009,189 229,B01,1,2,0,2,1,1,1,
202100007010,189 226,A01,2,7,0,2,1,15,1,
202100007010,189 227,B01,1,33,0,2,0,1,1,
202100007011,189 224,B01,1,7,0,2,3,15,1,
202100007011,189 225,A01,1,32,8,2,1,17,1,
202100007012,189 223,A01,1,7,0,1,3,2,1,
202100007013,189 221,B01,2,1,0,2,1,1,5,
202100007013,189 222,A01,1,7,0,2,3,15,1,
202100007014,189 219,A01,2,7,0,2,3,16,1,
202100007014,189 220,B01,1,2,0,2,1,1,1,
202100007015,189 218,B01,1,33,0,2,4,1,1,
202100007016,189 216,Z01,1,7,0,2,0,5,1,
202100007016,189 217,B01,1,2,0,2,1,1,1,
202100007017,189 215,A01,3,7,6,0,1,15,1,
202100007018,189 214,A01,3,7,1,0,3,1,1,
202100007019,189 213,A01,1,30,0,1,7,1,1,
202100007020,189 211,A01,1,7,0,2,3,15,1,
202100007020,189 212,B01,2,32,0,2,1,1,1,
202100007021,189 209,A01,1,33,0,2,4,12,1,
202100007021,189 210,B01,1,33,0,2,1,1,1,
202100007022,189 207,B01,2,7,0,2,1,1,1,
202100007022,189 208,A01,1,7,0,2,1,5,1,
202100007023,189 205,B01,2,40,0,2,2,1,3,
202100007023,189 206,A01,2,7,0,4,3,5,2,
202100007024,189 202,C01,2,7,0,2,3,2,1,
202100007024,189 203,A01,1,7,0,2,3,2,1,
202100007024,189 204,B01,1,7,0,2,5,2,1,
202100007025,189 200,B01,1,7,0,2,1,1,0,
202100007025,189 201,A01,2,30,0,2,1,15,1,
202100007026,189 198,B01,0,7,0,2,4,1,1,
202100007026,189 199,A01,0,7,0,2,1,9,1,
202100007027,189 196,A01,1,7,0,2,1,2,1,
202100007027,189 197,B01,1,7,0,2,4,2,1,
202100007028,189 194,A01,0,7,0,2,6,15,1,
202100007028,189 195,B01,0,2,0,2,1,1,1,
202100007029,189 190,A01,1,7,0,2,1,26,1,
202100007029,189 191,B01,1,10,0,2,4,26,1,
202100007029,189 192,C01,1,7,0,2,4,26,1,
202100007029,189 193,D01,1,7,0,2,4,26,1,
202100007030,189 189,A01,1,7,0,1,1,12,1,
202100007031,189 187,A01,3,7,0,2,3,15,1,
202100007031,189 188,B01,3,10,0,2,1,1,1,
202100007032,189 186,A01,1,7,0,1,2,1,1,
202100007033,189 185,A01,1,34,0,0,1,16,1,
202100007034,189 183,A01,3,7,0,2,1,0,0,
202100007034,189 184,B01,2,7,0,2,2,0,0,
202100007035,189 181,T01,3,7,0,1,6,1,1,
202100007035,189 182,A01,3,7,0,1,3,1,1,
202100007036,189 180,A01,3,7,8,0,1,13,1,
202100007037,189 178,B01,1,2,0,2,1,1,1,
202100007037,189 179,A01,1,7,0,2,2,12,1,
202100007038,189 176,A01,2,1,0,2,1,19,5,
202100007038,189 177,B01,3,7,0,2,3,1,1,
202100007039,189 174,A01,3,30,0,2,2,12,1,
202100007039,189 175,B01,3,7,0,2,3,1,1,
202100007040,189 172,A01,3,30,0,2,3,1,3,
202100007040,189 173,B01,3,7,0,2,5,15,1,
202100007041,189 170,A01,1,31,0,2,1,13,1,
202100007041,189 171,B01,2,7,0,2,1,1,1,
202100007042,189 168,A01,3,7,0,2,2,1,1,
202100007042,189 169,B01,3,7,0,2,3,15,1,
202100007043,189 165,C01,1,7,0,2,4,23,1,
202100007043,189 166,B01,1,32,0,2,4,3,1,
202100007043,189 167,A01,1,43,0,2,1,3,1,
202100007044,189 164,A01,2,1,0,0,0,1,5,
202100007045,189 162,B01,3,7,0,2,8,1,2,
202100007045,189 163,A01,3,7,0,2,1,1,1,
202100007046,189 160,B01,3,30,0,2,1,1,1,
202100007046,189 161,A01,3,1,0,2,8,15,5,
202100007047,189 159,A01,3,7,9,0,1,13,1,
202100007048,189 158,A01,3,3,1,0,1,13,3,
202100007049,189 157,A01,1,7,0,1,2,20,1,
202100007050,189 155,A01,2,30,0,2,3,2,3,
202100007050,189 156,B01,2,7,0,2,5,23,1,
202100007051,189 152,A01,1,7,0,2,1,2,1,
202100007051,189 153,B01,3,7,0,2,4,2,1,
202100007051,189 154,C01,2,7,0,2,4,1,2,
202100007052,189 150,A01,2,7,0,2,3,11,1,
202100007052,189 151,B01,2,2,0,2,3,2,1,
202100007053,189 148,Z01,2,7,0,2,1,1,0,
202100007053,189 149,B01,2,33,0,2,4,23,1,
202100007054,189 146,B01,2,7,0,2,7,2,1,
202100007054,189 147,A01,2,30,0,2,1,2,1,
202100007055,189 143,A01,2,7,0,2,1,2,1,
202100007055,189 144,B01,2,7,0,2,1,2,1,
202100007055,189 145,C01,2,7,0,2,4,2,1,
202100007056,189 141,B01,1,33,9,2,3,1,1,
202100007056,189 142,A01,0,7,9,0,1,19,1,
202100007057,189 139,B01,3,7,0,2,4,2,1,
202100007057,189 140,A01,3,7,0,2,1,2,1,
202100007058,189 137,B01,1,31,1,0,0,0,0,
202100007058,189 138,A01,1,7,1,2,1,1,1,
202100007059,189 136,A01,2,50,0,1,1,25,3,
202100007060,189 135,A01,2,7,0,0,0,1,2,
202100007061,189 134,A01,1,7,0,1,1,1,1,
202100007062,189 133,A01,0,7,4,0,1,14,1,
202100007063,189 130,A01,1,7,0,2,1,2,1,
202100007063,189 131,B01,1,7,0,2,1,23,2,
202100007063,189 132,C01,1,7,0,2,4,23,1,
202100007064,189 129,A01,3,1,0,0,8,1,5,
202100007065,189 127,B01,2,7,12,2,4,1,1,
202100007065,189 128,A01,2,7,8,2,1,2,2,
202100007066,189 125,A01,2,7,0,2,3,13,3,
202100007066,189 126,B01,1,34,0,2,8,1,1,
202100007067,189 123,B01,1,7,0,2,1,1,1,
202100007067,189 124,A01,2,10,0,2,2,1,2,
202100007068,189 121,A01,2,7,0,2,1,13,1,
202100007068,189 122,B01,1,7,0,2,1,1,1,
202100007069,189 119,A01,2,2,0,2,1,17,1,
202100007069,189 120,B01,2,10,0,2,3,15,1,
202100007070,189 118,A01,1,7,13,0,1,1,1,
202100007071,189 117,A01,1,31,13,0,1,1,1,
202100007072,189 116,A01,1,7,2,0,2,1,1,
202100007073,189 115,A01,1,36,2,0,0,1,1,
202100007074,189 113,A01,2,7,0,2,1,17,1,
202100007074,189 114,B01,1,2,0,2,1,1,1,
202100007075,189 111,B01,2,2,13,9,2,21,1,
202100007075,189 112,A01,1,10,0,2,6,9,1,
202100007076,189 110,A01,2,10,13,0,3,1,1,
202100007077,189 108,B01,2,7,0,2,1,1,1,
202100007077,189 109,A01,1,7,0,2,8,1,1,
202100007078,189 106,A01,2,10,0,2,3,1,1,
202100007078,189 107,B01,1,7,0,0,2,21,1,
202100007079,189 105,A01,1,30,0,0,0,0,1,
202100007080,189 104,A01,2,7,5,0,1,1,1,
202100007081,189 102,B01,3,7,0,2,3,1,1,
202100007081,189 103,A01,3,7,0,2,1,1,1,
202100007082,189 101,A01,3,36,0,0,2,16,1,
202100007083,189 100,A01,2,7,0,5,1,1,1,
202100007084,189 097,A01,1,33,0,0,8,1,1,
202100007085,189 095,B01,1,7,0,0,6,1,1,
202100007085,189 096,A01,1,33,0,2,0,11,1,
202100007086,189 094,A01,1,7,13,0,1,1,1,
202100007087,189 092,A01,1,33,0,2,1,1,1,
202100007087,189 093,B01,1,7,0,2,3,17,1,
202100007088,189 091,A01,1,7,0,1,2,1,1,
202100007089,189 090,A01,1,7,0,0,2,1,1,
202100007090,189 089,A01,3,7,8,0,3,1,1,
202100007091,189 087,B01,0,7,0,2,2,1,1,
202100007091,189 088,A01,0,7,6,2,3,19,1,
202100007092,189 085,A01,2,7,0,2,3,1,1,
202100007092,189 086,B01,2,14,0,0,5,1,1,
202100007093,189 084,A01,3,36,13,0,1,1,1,
202100007094,189 083,A01,1,7,0,1,0,1,1,
202100007095,189 082,A01,1,7,13,0,1,1,1,
202100007096,189 081,A01,1,7,0,1,1,1,1,
202100007097,189 080,A01,0,7,2,0,2,0,1,
202100007098,189 079,A01,1,7,2,0,8,1,1,
202100007099,189 078,A01,2,33,0,0,0,1,1,
202100007100,189 077,A01,2,7,2,0,1,1,1,
202100007101,189 072,D01,3,7,0,0,4,1,1,
202100007101,189 073,C01,3,7,2,0,4,1,1,
202100007101,189 074,B01,3,10,0,2,5,1,1,
202100007101,189 075,A01,3,10,0,2,1,17,1,
202100007102,189 070,B01,3,21,0,2,1,19,1,
202100007102,189 071,A01,0,7,0,2,1,1,1,
202100007103,189 069,A01,1,7,2,0,8,1,1,
202100007104,189 067,A01,1,7,13,0,0,26,1,
202100007105,189 066,A01,1,7,4,0,3,16,1,
202100007106,189 064,A01,2,7,0,2,5,12,1,
202100007106,189 065,B01,2,33,0,2,3,3,1,
202100007107,189 063,A01,2,7,4,0,7,9,1,
202100007108,189 060,C01,2,10,0,1,1,1,1,
202100007108,189 061,B01,2,7,0,1,1,1,1,
202100007108,189 062,A01,2,7,0,1,6,1,3,
202100007109,189 058,A01,2,7,3,2,7,14,1,
202100007109,189 059,B01,2,7,0,2,8,1,1,
202100007110,189 056,A01,2,7,0,2,1,9,1,
202100007110,189 057,B01,2,7,4,2,5,2,1,
202100007111,189 054,B01,2,31,0,2,3,3,1,
202100007111,189 055,Z01,2,7,0,2,2,12,0,
202100007112,189 053,A01,2,7,3,0,1,1,1,
202100007113,189 051,A01,1,7,0,2,1,1,1,
202100007113,189 052,B01,1,7,0,2,4,1,1,
202100007114,189 049,A01,1,7,0,2,4,1,1,
202100007114,189 050,B01,1,7,0,2,1,2,1,
202100007115,189 048,A01,1,7,3,0,9,1,0,
202100007116,189 046,A01,2,10,0,2,2,21,1,
202100007116,189 047,B01,2,7,0,2,6,6,1,
202100007117,189 045,A01,1,7,0,1,2,1,1,
202100007118,189 044,A01,2,30,0,1,0,0,1,
202100007119,189 042,A01,1,10,0,1,1,1,1,
202100007120,189 041,A01,1,7,0,1,8,1,1,
202100007121,189 040,A01,1,7,0,1,1,9,1,
202100007122,189 039,A01,2,7,0,1,3,1,1,
202100007123,189 037,B01,1,7,0,2,4,23,1,
202100007123,189 038,A01,2,7,0,2,1,23,1,
202100007124,189 036,Z01,0,0,0,1,2,26,0,
202100007125,189 035,A01,2,0,0,1,7,14,0,
202100007126,189 033,Z01,1,7,0,2,1,0,1,
202100007126,189 034,B01,1,1,0,2,4,0,5,
202100007127,189 029,A01,1,7,0,1,5,16,1,
202100007128,189 027,A01,2,7,0,2,1,9,1,
202100007128,189 028,B01,2,7,0,2,8,1,1,
202100007129,189 025,A01,2,3,0,2,7,16,1,
202100007129,189 026,B01,2,80,0,2,1,2,3,
202100007130,189 024,A01,2,7,1,0,2,14,1,
202100007131,189 022,A01,1,33,0,2,1,21,1,
202100007131,189 023,B01,1,7,0,2,6,2,1,
202100007132,189 021,A01,1,7,0,0,0,1,1,
202100007133,189 019,B01,1,7,0,2,3,1,1,
202100007133,189 020,A01,1,7,0,2,1,1,1,
202100007134,189 018,A01,1,7,1,0,2,1,3,
202100007135,189 016,A01,1,7,16,2,3,13,1,
202100007135,189 017,B01,2,7,0,2,3,1,1,
202100007136,189 014,B01,2,1,0,2,4,0,5,
202100007136,189 015,A01,1,7,0,2,3,15,1,
202100007137,189 012,A01,1,7,0,2,2,15,1,
202100007137,189 013,B01,2,2,0,2,1,1,3,
202100007138,189 010,A01,2,7,0,2,1,15,1,
202100007138,189 011,B01,2,30,0,2,1,11,1,
202100007139,189 009,A01,1,2,0,1,1,17,1,
202100007140,189 007,B01,1,7,0,0,8,15,1,
202100007140,189 008,A01,1,33,0,0,1,2,1,
202100007141,189 005,A01,1,7,0,2,1,15,1,
202100007141,189 006,B01,1,2,0,2,1,1,1,
202100007142,189 003,A01,2,7,0,2,4,2,1,
202100007142,189 004,B01,2,7,0,2,1,2,1,
202100007143,189 001,A01,1,7,0,2,3,9,0,
202100007143,189 002,B01,2,30,0,2,1,26,1,
202100007144,188 999,A01,2,7,0,2,1,2,1,
202100007144,189 000,B01,2,1,0,2,7,2,0,
202100007145,188 997,B01,1,3,0,2,3,15,1,
202100007145,188 998,A01,1,33,0,2,7,15,1,
202100007146,188 995,A01,2,7,0,2,2,16,1,
202100007146,188 996,B01,2,7,0,2,3,2,1,
202100007147,188 993,B01,3,10,0,0,4,2,1,
202100007147,188 994,A01,3,7,0,2,1,2,1,
202100007148,188 992,A01,1,30,0,1,1,19,1,
202100007149,188 990,A01,3,7,0,2,3,1,1,
202100007149,188 991,B01,3,1,0,2,1,9,5,
202100007150,188 988,A01,1,30,0,2,1,2,1,
202100007150,188 989,B01,2,34,0,2,0,0,0,
202100007151,188 986,B01,3,7,0,2,1,1,1,
202100007151,188 987,A01,2,7,8,2,1,1,1,
202100007152,188 984,B01,2,7,0,2,4,2,1,
202100007152,188 985,A01,2,7,0,2,1,2,1,
202100007153,188 982,A01,3,7,0,2,5,9,0,
202100007153,188 983,B01,3,7,0,2,1,15,1,
202100007154,188 980,A01,2,7,0,2,1,1,1,
202100007154,188 981,B01,2,7,0,2,4,1,1,
202100007155,188 979,A01,1,7,0,1,3,1,0,
202100007156,188 978,A01,1,33,0,1,2,19,1,
202100007157,188 976,B01,2,7,0,2,4,2,2,
202100007157,188 977,A01,2,7,0,2,1,2,1,
202100007158,188 974,B01,1,7,0,2,0,9,1,
202100007158,188 975,A01,1,2,14,2,8,21,1,
202100007159,188 972,A01,2,7,0,2,3,10,3,
202100007159,188 973,B01,2,33,0,2,1,17,1,
202100007160,188 970,B01,1,33,0,2,1,1,1,
202100007160,188 971,A01,3,7,0,2,3,15,1,
202100007161,188 966,A01,2,7,0,2,1,16,1,
202100007161,188 967,D01,3,7,0,2,3,23,2,
202100007161,188 968,B01,3,7,0,2,6,23,1,
202100007161,188 969,C01,3,7,0,2,1,23,1,
202100007162,188 964,B01,0,7,0,2,4,0,1,
202100007162,188 965,A01,1,7,0,2,1,2,1,
202100007163,188 962,A01,3,7,0,2,2,15,1,
202100007163,188 963,B01,3,7,0,2,1,1,1,
202100007164,188 959,A01,2,33,0,2,7,12,1,
202100007164,188 960,B01,1,7,0,2,3,1,1,
202100007165,188 957,B01,1,33,0,2,1,1,1,
202100007165,188 958,A01,1,7,0,2,2,9,1,
202100007166,188 948,A01,3,7,0,1,3,9,1,
202100007167,188 947,A01,1,7,0,1,1,1,1,
202100007168,188 946,Z01,3,10,0,1,2,1,1,
202100007169,188 944,A01,1,7,0,2,2,15,1,
202100007169,188 945,B01,2,7,0,2,2,1,1,
202100007170,188 942,A01,1,7,0,2,1,2,1,
202100007170,188 943,B01,1,33,0,2,4,2,1,
202100007171,188 940,A01,1,7,0,2,5,13,1,
202100007171,188 941,B01,1,31,0,2,1,16,1,
202100007172,188 938,B01,0,7,0,2,4,1,1,
202100007172,188 939,A01,0,7,0,2,1,1,1,
202100007173,188 936,B01,0,50,0,2,1,16,3,
202100007173,188 937,A01,0,7,0,2,1,15,1,
202100007174,188 933,C01,2,7,0,2,3,1,1,
202100007174,188 934,B01,2,7,0,2,0,1,1,
202100007174,188 935,A01,2,15,0,2,1,1,1,
202100007175,188 932,A01,3,10,0,1,4,4,1,
202100007176,188 928,A01,3,7,0,2,2,2,1,
202100007176,188 929,C01,3,7,14,0,0,0,1,
202100007177,188 926,A01,2,33,3,2,1,1,1,
202100007177,188 927,B01,2,33,3,0,4,1,1,
202100007178,188 924,B01,3,7,0,2,1,1,1,
202100007178,188 925,A01,3,7,0,2,1,5,1,
202100007179,188 919,B01,3,7,0,0,4,1,1,
202100007179,188 920,A01,3,7,0,2,1,1,1,
202100007180,188 918,A01,3,7,6,0,1,9,1,
202100007181,188 917,A01,1,7,0,1,1,16,1,
202100007182,188 915,B01,1,7,0,2,2,1,2,
202100007182,188 916,A01,1,7,0,2,1,1,1,
202100007183,188 913,B01,1,7,4,2,4,1,1,
202100007183,188 914,A01,1,7,4,2,9,0,1,
202100007184,188 912,A01,3,7,0,1,1,1,1,
202100007185,188 911,A01,0,1,0,0,0,1,5,
202100007186,188 910,A01,1,30,11,0,0,26,1,
202100007187,188 908,B01,3,50,0,2,7,19,3,
202100007187,188 909,A01,3,7,0,9,1,26,1,
202100007188,188 906,B01,3,7,0,2,4,2,1,
202100007188,188 907,A01,3,7,0,2,1,2,1,
202100007189,188 904,B01,3,7,0,2,1,1,1,
202100007189,188 905,A01,3,50,0,2,1,1,3,
202100007190,188 902,A01,3,1,0,2,1,1,5,
202100007190,188 903,B01,3,7,0,2,7,23,1,
202100007191,188 900,B01,3,1,0,2,1,1,5,
202100007191,188 901,A01,3,7,0,2,3,26,1,
202100007192,188 898,A01,3,7,0,2,5,16,1,
202100007192,188 899,B01,3,1,0,2,0,16,5,
202100007193,188 897,A01,1,7,9,0,3,1,1,
202100007194,188 896,A01,1,7,12,0,1,1,1,
202100007195,188 894,B01,0,7,1,2,6,1,1,
202100007195,188 895,A01,2,7,0,2,1,19,1,
202100007196,188 892,B01,1,7,0,2,2,2,6,
202100007196,188 893,A01,1,7,0,2,3,9,6,
202100007197,188 889,C01,2,7,0,2,1,1,1,
202100007197,188 890,B01,2,7,0,2,1,1,1,
202100007197,188 891,A01,2,7,0,2,4,1,1,
202100007198,188 888,A01,1,7,6,0,1,26,1,
202100007199,188 886,A01,2,7,0,2,3,13,1,
202100007199,188 887,B01,1,7,0,2,3,1,1,
202100007200,188 884,A01,2,32,0,2,2,17,1,
202100007200,188 885,B01,2,7,0,2,3,15,1,
202100007201,188 882,A01,2,7,0,2,3,9,1,
202100007201,188 883,B01,0,1,0,2,1,1,5,
202100007202,188 880,B01,1,2,0,2,1,1,1,
202100007202,188 881,A01,2,7,0,2,2,15,1,
202100007203,188 878,B01,2,7,0,2,2,16,1,
202100007203,188 879,A01,2,30,0,2,1,1,1,
202100007204,188 876,B01,1,7,0,2,1,15,1,
202100007204,188 877,A01,1,30,0,2,2,1,1,
202100007205,188 875,A01,3,7,0,1,4,26,2,
202100007206,188 874,A01,2,30,11,0,3,13,1,
202100007207,188 872,A01,2,7,0,2,1,15,1,
202100007207,188 873,B01,1,33,0,2,1,1,1,
202100007208,188 870,B01,3,7,0,2,4,2,2,
202100007208,188 871,A01,3,7,0,2,1,2,1,
202100007209,188 868,B01,2,7,0,2,8,1,1,
202100007209,188 869,A01,1,33,0,2,1,1,1,
202100007210,188 867,A01,3,7,0,1,1,1,1,
202100007211,188 866,A01,3,7,0,1,1,1,1,
202100007212,188 864,B01,1,1,0,2,1,1,5,
202100007212,188 865,A01,1,7,0,9,8,1,1,
202100007213,188 861,B01,3,7,0,2,9,1,1,
202100007213,188 862,C01,3,7,0,2,4,1,1,
202100007213,188 863,A01,3,7,0,2,1,1,1,
202100007214,188 860,A01,3,7,0,2,1,26,0,
202100007215,188 859,B01,1,7,0,1,7,15,1,
202100007216,188 857,B01,1,7,0,2,0,0,1,
202100007216,188 858,A01,1,7,0,2,0,0,1,
202100007217,188 856,A01,3,7,0,1,4,26,1,
202100007218,188 852,Z01,1,7,0,2,1,1,1,
202100007218,188 853,C01,1,7,0,2,4,23,1,
202100007218,188 854,D01,1,7,0,2,4,23,1,
202100007218,188 855,B01,1,7,0,2,4,23,1,
202100007219,188 849,C01,3,10,0,2,1,3,1,
202100007219,188 850,B01,3,7,0,2,2,1,1,
202100007219,188 851,A01,3,10,0,2,6,1,1,
202100007220,188 847,B01,3,60,0,0,0,0,5,
202100007220,188 848,A01,3,80,0,9,1,7,3,
202100007221,188 846,A01,1,7,0,1,1,14,1,
202100007222,188 845,A01,1,7,0,1,1,1,1,
202100007223,188 844,A01,2,7,0,1,2,1,1,
202100007224,188 842,A01,1,1,0,2,7,5,5,
202100007224,188 843,B01,3,7,0,2,2,15,1,
202100007225,188 840,B01,2,7,0,2,3,16,1,
202100007225,188 841,A01,2,7,0,2,3,15,1,
202100007226,188 838,A01,2,7,0,2,2,9,1,
202100007226,188 839,B01,3,7,0,2,5,1,1,
202100007227,188 837,A01,1,30,0,0,7,15,1,
202100007228,188 835,B01,2,10,0,2,4,1,1,
202100007228,188 836,A01,2,30,0,2,1,2,1,
202100007229,188 833,B01,3,30,0,2,4,23,1,
202100007229,188 834,Z01,3,7,0,9,2,1,1,
202100007230,188 832,A01,3,7,0,2,1,1,1,
202100007231,188 831,A01,1,7,0,1,1,1,1,
202100007232,188 829,B01,1,7,0,2,1,1,2,
202100007232,188 830,A01,1,7,0,2,1,15,1,
202100007233,188 828,Z01,1,7,0,1,7,1,1,
202100007234,188 824,B01,1,33,0,2,1,2,1,
202100007234,188 825,A01,1,7,0,2,6,17,1,
202100007235,188 821,C01,3,10,0,2,4,2,1,
202100007235,188 822,B01,3,10,0,2,9,2,1,
202100007235,188 823,A01,0,7,0,2,1,2,1,
202100007236,188 819,B01,3,30,0,2,8,1,1,
202100007236,188 820,A01,3,7,0,2,3,9,1,
202100007237,188 818,A01,2,7,0,1,1,15,1,
202100007238,188 817,A01,0,7,0,1,4,4,1,
202100007239,188 815,A01,2,7,0,2,7,9,1,
202100007239,188 816,B01,2,2,0,2,4,1,1,
202100007240,188 814,A01,1,7,0,0,1,26,1,
202100007241,188 812,B01,1,2,0,2,1,1,1,
202100007241,188 813,A01,1,7,0,2,4,1,1,
202100007242,188 810,A01,1,7,0,2,3,26,1,
202100007242,188 811,B01,1,1,0,2,2,26,5,
202100007243,188 808,A01,1,1,0,2,6,26,5,
202100007243,188 809,B01,1,31,0,2,0,26,1,
202100007244,188 806,B01,1,50,0,2,1,26,3,
202100007244,188 807,A01,1,7,0,2,8,26,1,
202100007245,188 804,B01,1,7,0,2,4,1,1,
202100007245,188 805,A01,1,38,0,2,1,1,1,1.0
202100007246,188 802,A01,1,7,0,2,1,26,1,
202100007246,188 803,B01,1,1,0,2,1,26,5,
202100007247,188 801,A01,1,50,0,0,0,26,3,
202100007248,188 799,B01,1,7,0,2,1,1,1,
202100007248,188 800,A01,1,7,0,2,7,1,1,
202100007249,188 797,B01,3,7,0,2,4,2,1,
202100007249,188 798,A01,3,10,0,2,1,2,0,
202100007250,188 795,A01,2,7,0,2,5,1,1,
202100007250,188 796,B01,1,33,0,2,1,1,1,
202100007251,188 793,B01,1,80,0,2,7,19,3,
202100007251,188 794,A01,1,7,0,2,1,1,1,
202100007252,188 792,A01,3,30,0,0,1,1,1,
202100007253,188 791,A01,1,7,3,0,1,1,1,
202100007254,188 790,A01,1,7,0,1,3,1,1,
202100007255,188 788,B01,1,33,0,2,8,1,1,
202100007255,188 789,Z01,1,7,0,2,7,1,1,
202100007256,188 787,A01,3,30,0,0,7,1,1,
202100007257,188 784,A01,2,10,0,2,8,20,1,
202100007257,188 785,B01,2,3,0,2,2,1,1,
202100007257,188 786,C01,1,33,0,2,1,1,-1,
202100007258,188 783,A01,3,7,0,1,1,1,1,
202100007259,188 781,B01,3,7,0,2,8,1,1,
202100007259,188 782,A01,3,7,0,2,3,13,1,
202100007260,188 779,A01,2,7,0,2,3,15,1,
202100007260,188 780,B01,2,32,0,2,1,1,1,
202100007261,188 777,A01,1,2,0,2,1,1,1,
202100007261,188 778,B01,2,7,0,2,1,19,1,
202100007262,188 775,B01,1,7,0,2,1,1,1,
202100007262,188 776,A01,2,30,0,2,1,1,0,
202100007263,188 773,A01,3,7,0,2,1,15,1,
202100007263,188 774,B01,3,7,0,2,3,1,1,
202100007264,188 771,A01,3,7,0,2,1,1,1,
202100007264,188 772,B01,3,7,0,2,4,2,1,
202100007265,188 770,A01,1,7,0,1,2,2,1,
202100007266,188 768,A01,1,7,0,2,1,2,1,
202100007266,188 769,B01,1,7,0,2,4,2,1,
202100007267,188 766,A01,0,7,0,2,8,22,1,