Num_Acc,id_vehicule,num_veh,senc,catv,obs,obsm,choc,manv,motor,occutc
202100007267,188 767,B01,0,80,1,0,1,1,3,
202100007268,188 764,A01,0,7,0,2,3,9,1,
202100007268,188 765,B01,0,1,0,2,1,1,5,
202100007269,188 762,A01,3,7,0,2,2,19,1,
202100007269,188 763,B01,1,7,8,2,1,1,1,
202100007270,188 759,A01,1,33,0,2,3,17,1,
202100007270,188 760,B01,1,7,0,2,3,15,1,
202100007270,188 761,C01,1,7,0,2,6,1,1,
202100007271,188 757,A01,2,7,0,2,1,2,1,
202100007271,188 758,B01,2,7,0,2,4,23,1,
202100007272,188 755,B01,2,10,0,2,1,19,1,
202100007272,188 756,A01,2,32,0,2,7,1,1,
202100007273,188 753,B01,2,7,0,2,1,1,1,
202100007273,188 754,A01,2,30,0,2,4,1,1,
202100007274,188 751,A01,1,20,0,2,4,1,1,
202100007274,188 752,B01,1,7,0,2,1,1,1,
202100007275,188 748,C01,2,7,0,2,6,1,1,
202100007275,188 749,B01,2,7,0,2,8,1,1,
202100007275,188 750,A01,2,7,0,2,0,0,1,
202100007276,188 744,D01,2,7,0,2,4,23,1,
202100007276,188 745,C01,2,7,0,2,1,23,1,
202100007276,188 746,B01,2,7,0,2,1,23,1,
202100007276,188 747,A01,2,7,0,2,1,9,1,
202100007277,188 742,A01,2,7,0,2,3,15,1,
202100007277,188 743,B01,2,33,0,2,2,15,1,
202100007278,188 740,B01,0,7,0,2,2,15,1,
202100007278,188 741,A01,1,32,0,2,1,17,1,
202100007279,188 739,A01,1,7,4,0,3,26,1,
202100007280,188 738,A01,0,10,0,1,8,15,1,
202100007281,188 736,B01,2,7,0,2,8,0,1,
202100007281,188 737,A01,2,7,0,2,3,17,1,
202100007282,188 734,B01,1,1,0,2,4,1,5,
202100007282,188 735,A01,1,7,0,2,1,9,1,
202100007283,188 732,B01,1,40,0,2,1,1,3,
202100007283,188 733,A01,1,1,0,4,1,19,5,
202100007284,188 729,A01,3,10,0,1,2,17,1,
202100007285,188 726,C01,0,7,0,2,1,0,1,
202100007285,188 727,B01,3,7,0,2,1,1,1,
202100007285,188 728,A01,3,7,0,2,1,2,1,
202100007286,188 724,B01,3,7,0,2,1,1,1,
202100007286,188 725,A01,3,15,0,2,1,1,1,
202100007287,188 720,B01,2,7,0,2,7,1,0,
202100007287,188 721,A01,1,14,0,2,1,1,0,
202100007288,188 718,B01,3,33,0,2,1,1,1,
202100007288,188 719,A01,3,7,0,2,7,15,1,
202100007289,188 716,B01,2,1,0,2,8,2,0,
202100007289,188 717,A01,2,7,0,2,7,16,1,
202100007290,188 715,A01,1,7,7,0,1,1,1,
202100007291,188 714,A01,1,7,13,0,1,1,1,
202100007292,188 712,B01,3,31,0,2,7,1,1,
202100007292,188 713,A01,3,7,0,2,3,9,1,
202100007293,188 711,A01,3,7,0,1,4,4,1,
202100007294,188 709,B01,2,7,0,2,1,1,1,
202100007294,188 710,A01,2,7,0,2,7,15,1,
202100007295,188 705,D01,1,13,0,2,1,0,1,
202100007295,188 706,C01,1,7,0,2,4,0,1,
202100007295,188 707,A01,2,7,0,2,4,2,1,
202100007295,188 708,B01,1,7,0,2,4,1,1,
202100007296,188 704,A01,1,7,4,0,1,2,1,
202100007297,188 702,B01,1,33,0,2,4,23,1,
202100007297,188 703,A01,1,33,0,2,1,1,1,
202100007298,188 701,A01,3,7,0,1,2,1,1,
202100007299,188 699,A01,1,34,0,2,1,2,1,
202100007299,188 700,B01,1,7,0,2,6,1,1,
202100007300,188 698,A01,1,7,0,1,2,1,0,
202100007301,188 697,A01,1,33,1,0,1,13,1,
202100007302,188 695,B01,2,32,0,2,1,1,1,
202100007302,188 696,A01,2,10,15,0,3,10,1,
202100007303,188 693,A01,1,7,0,2,7,15,1,
202100007303,188 694,B01,0,34,0,2,1,1,1,
202100007304,188 692,A01,0,7,0,1,3,1,1,
202100007305,188 690,B01,1,7,0,2,4,2,1,
202100007305,188 691,A01,1,37,0,2,1,2,1,1.0
202100007306,188 689,A01,3,7,0,1,2,1,1,
202100007307,188 687,A01,0,2,0,2,1,0,3,
202100007307,188 688,B01,0,7,0,0,3,1,1,
202100007308,188 686,A01,2,17,11,0,1,6,1,
202100007309,188 684,A01,3,7,0,2,2,15,1,
202100007309,188 685,B01,3,30,0,2,1,1,1,
202100007310,188 683,A01,2,7,6,0,1,16,1,
202100007311,188 681,A01,2,7,0,2,3,15,1,
202100007311,188 682,B01,1,7,0,2,3,1,1,
202100007312,188 680,A01,1,7,0,1,4,4,1,
202100007313,188 679,A01,3,7,2,0,1,1,1,
202100007314,188 677,B01,3,33,0,2,3,1,1,
202100007314,188 678,A01,3,7,0,2,5,12,1,
202100007315,188 676,A01,2,7,0,1,1,1,1,
202100007316,188 674,B01,2,7,0,2,3,0,1,
202100007316,188 675,A01,1,7,0,2,3,26,1,
202100007317,188 672,A01,2,50,0,2,1,1,2,
202100007317,188 673,B01,3,1,0,2,0,19,5,
202100007318,188 670,A01,1,10,0,2,5,15,1,
202100007318,188 671,B01,2,33,0,2,1,1,1,
202100007319,188 667,A01,1,30,0,2,7,26,1,
202100007319,188 668,C01,3,7,0,0,8,26,1,
202100007319,188 669,B01,2,7,0,2,3,1,1,
202100007320,188 666,A01,1,7,0,1,1,9,1,
202100007321,188 664,A01,1,33,0,2,1,2,1,
202100007321,188 665,B01,1,32,0,2,1,2,3,
202100007322,188 662,A01,2,7,0,2,1,13,1,
202100007322,188 663,B01,1,7,0,2,3,1,1,
202100007323,188 661,A01,3,10,15,0,1,0,1,
202100007324,188 659,A01,2,32,0,2,1,17,1,
202100007324,188 660,B01,2,7,0,2,6,13,1,
202100007325,188 658,A01,2,30,0,1,2,1,1,
202100007326,188 656,B01,3,7,0,2,3,21,1,
202100007326,188 657,A01,3,3,0,2,1,13,1,
202100007327,188 654,A01,1,7,0,2,1,1,1,
202100007327,188 655,B01,1,14,0,2,2,0,1,
202100007328,188 652,A01,2,33,0,2,1,1,1,
202100007328,188 653,B01,2,7,6,0,7,15,1,
202100007329,188 651,A01,1,32,0,9,0,3,1,
202100007330,188 649,A01,2,7,0,2,5,12,1,
202100007330,188 650,B01,2,31,0,2,3,3,1,
202100007331,188 647,A01,1,10,0,2,2,12,1,
202100007331,188 648,B01,1,43,0,2,8,21,1,
202100007332,188 646,A01,2,80,0,0,0,21,3,
202100007333,188 645,A01,3,14,0,1,2,1,1,
202100007334,188 643,B01,2,1,0,2,1,1,5,
202100007334,188 644,A01,2,30,0,2,4,17,1,
202100007335,188 641,A01,2,32,0,2,1,17,1,
202100007335,188 642,Z01,1,32,0,2,1,13,1,
202100007336,188 639,A01,3,7,0,2,8,11,1,
202100007336,188 640,B01,3,32,0,2,7,15,1,
202100007337,188 637,A01,2,10,0,2,1,15,1,
202100007337,188 638,B01,2,50,0,2,1,16,3,
202100007338,188 636,A01,3,7,7,0,1,13,3,
202100007339,188 634,B01,2,33,0,2,0,1,1,
202100007339,188 635,A01,2,1,0,2,0,15,5,
202100007340,188 633,A01,2,7,0,1,7,1,1,
202100007341,188 631,A01,1,7,0,2,0,9,1,
202100007341,188 632,B01,1,80,0,2,0,21,3,
202100007342,188 629,A01,2,7,0,2,5,22,3,
202100007342,188 630,B01,2,1,0,2,5,18,5,
202100007343,188 627,A01,2,7,0,2,3,22,2,
202100007343,188 628,B01,2,1,0,2,1,1,5,
202100007344,188 625,A01,1,10,0,2,1,13,1,
202100007344,188 626,B01,2,50,0,2,0,1,3,
202100007345,188 624,A01,3,32,12,0,1,14,1,
202100007346,188 622,A01,1,10,0,2,7,2,1,
202100007346,188 623,B01,1,1,0,2,8,1,5,
202100007347,188 620,B01,2,50,0,2,1,1,3,
202100007347,188 621,A01,2,10,0,2,3,15,1,
202100007348,188 618,B01,2,7,0,2,3,1,2,
202100007348,188 619,A01,2,30,0,2,1,1,1,
202100007349,188 616,B01,2,30,0,2,2,2,1,
202100007349,188 617,A01,2,7,1,2,3,13,1,
202100007350,188 614,B01,1,50,0,2,8,19,3,
202100007350,188 615,A01,2,7,0,9,1,15,1,
202100007351,188 612,A01,2,3,0,2,3,12,1,
202100007351,188 613,B01,2,32,0,2,1,1,1,
202100007352,188 610,B01,3,7,0,2,1,1,1,
202100007352,188 611,A01,2,1,0,2,0,0,5,
202100007353,188 609,A01,1,17,0,1,1,2,1,
202100007354,188 607,A01,1,7,0,2,3,15,1,
202100007354,188 608,B01,1,31,0,2,2,21,1,
202100007355,188 605,B01,1,37,0,2,2,1,1,3.0
202100007355,188 606,A01,1,7,0,2,6,9,1,
202100007356,188 603,B01,2,7,1,0,3,5,1,
202100007356,188 604,A01,2,7,1,0,6,24,1,
202100007357,188 601,A01,1,7,1,2,3,9,1,
202100007357,188 602,B01,1,60,1,2,7,1,5,
202100007358,188 600,A01,1,7,0,1,2,1,1,
202100007359,188 599,A01,1,7,8,0,1,15,1,
202100007360,188 597,B01,1,7,0,2,4,2,1,
202100007360,188 598,A01,1,37,0,2,1,2,2,1.0
202100007361,188 595,B01,3,60,0,2,0,0,5,
202100007361,188 596,Z01,3,0,0,9,0,0,0,
202100007362,188 593,A01,-1,7,14,2,1,13,0,
202100007362,188 594,B01,3,7,0,2,1,16,1,
202100007363,188 592,A01,1,7,0,1,4,4,1,
202100007364,188 590,B01,-1,50,0,2,1,1,3,
202100007364,188 591,A01,3,7,0,9,3,10,0,
202100007365,188 589,A01,2,2,0,1,1,17,1,
202100007366,188 587,A01,1,32,0,2,1,18,1,
202100007366,188 588,B01,1,2,0,2,7,16,3,
202100007367,188 585,B01,-1,33,0,2,3,1,1,
202100007367,188 586,A01,3,7,0,2,7,9,1,
202100007368,188 583,A01,3,32,0,2,6,19,1,
202100007368,188 584,B01,-1,7,0,2,3,1,1,
202100007369,188 582,A01,2,10,0,1,6,20,1,
202100007370,188 580,B01,3,1,0,2,1,19,5,
202100007370,188 581,A01,1,7,0,2,0,0,1,
202100007371,188 578,A01,1,10,0,2,3,15,1,
202100007371,188 579,B01,2,1,0,2,1,1,5,
202100007372,188 576,B01,3,7,0,2,2,24,1,
202100007372,188 577,A01,2,1,1,0,2,13,5,
202100007373,188 575,A01,3,32,0,0,7,26,1,
202100007374,188 574,A01,0,7,8,0,2,0,1,
202100007375,188 573,A01,1,7,13,0,0,0,1,
202100007376,188 572,A01,3,10,0,1,4,4,1,
202100007377,188 571,A01,1,7,2,0,1,1,1,
202100007378,188 569,B01,2,7,0,2,1,1,1,
202100007378,188 570,A01,1,7,0,2,5,13,1,
202100007379,188 567,B01,2,17,0,0,4,1,1,
202100007379,188 568,A01,2,10,0,2,1,2,1,
202100007380,188 565,B01,1,1,0,2,8,1,5,
202100007380,188 566,A01,1,10,0,9,7,17,1,
202100007381,188 564,A01,3,7,0,1,7,1,1,
202100007382,188 563,A01,1,7,16,0,0,17,1,
202100007383,188 561,A01,1,7,0,0,8,19,1,
202100007383,188 562,B01,1,2,0,2,1,1,1,
202100007384,188 558,B01,2,3,0,2,8,1,1,
202100007384,188 559,C01,2,10,0,2,8,23,1,
202100007384,188 560,A01,3,7,0,2,1,9,1,
202100007385,188 556,A01,1,7,0,2,5,1,1,
202100007385,188 557,B01,1,31,0,2,1,1,1,
202100007386,188 555,A01,2,10,0,1,1,19,1,
202100007387,188 553,A01,1,10,0,2,3,0,1,
202100007387,188 554,B01,2,7,0,2,3,1,1,
202100007388,188 550,A01,2,7,1,0,2,14,1,
202100007388,188 551,B01,2,17,0,0,6,24,1,
202100007388,188 552,C01,2,7,14,1,1,1,1,
202100007389,188 549,A01,1,10,2,0,1,1,1,
202100007390,188 547,B01,1,7,0,2,3,15,1,
202100007390,188 548,A01,1,33,0,2,3,17,1,
202100007391,188 546,A01,1,7,0,1,1,1,1,
202100007392,188 544,B01,1,7,0,2,1,1,1,
202100007392,188 545,A01,1,7,0,2,3,19,1,
202100007393,188 543,A01,1,7,0,0,0,17,1,
202100007394,188 542,A01,1,7,6,0,1,1,1,
202100007395,188 539,B01,0,10,13,2,3,0,1,
202100007395,188 540,A01,3,7,0,2,1,1,1,
202100007396,188 537,A01,1,7,0,0,4,23,1,
202100007396,188 538,B01,1,7,0,2,1,2,1,
202100007397,188 536,A01,2,7,13,0,2,1,1,
202100007398,188 534,B01,2,7,0,0,4,2,1,
202100007398,188 535,A01,2,7,0,2,1,2,1,
202100007399,188 532,B01,2,21,0,0,4,1,1,
202100007399,188 533,A01,2,10,0,2,2,0,1,
202100007400,188 529,A01,1,7,0,0,3,15,1,
202100007400,188 530,B01,2,33,0,2,1,1,1,
202100007401,188 526,A01,1,2,0,2,2,17,1,
202100007401,188 527,C01,2,7,0,2,3,1,1,
202100007401,188 528,B01,1,10,0,2,3,15,1,
202100007402,188 524,A01,2,7,13,2,3,13,1,
202100007402,188 525,B01,1,7,13,2,3,1,1,
202100007403,188 523,A01,2,7,13,0,0,13,1,
202100007404,188 521,A01,2,7,0,2,1,1,1,
202100007404,188 522,B01,2,10,0,2,4,1,1,
202100007405,188 519,A01,1,7,0,2,3,17,1,
202100007405,188 520,B01,2,1,0,2,1,13,0,
202100007406,188 518,A01,1,7,2,0,8,17,1,
202100007407,188 516,B01,3,7,0,2,1,1,1,
202100007407,188 517,A01,3,7,0,2,3,13,1,
202100007408,188 514,A01,1,31,0,2,1,13,1,
202100007408,188 515,B01,2,7,0,2,8,1,1,
202100007409,188 513,A01,2,7,16,0,2,1,1,
202100007410,188 511,A01,1,7,0,2,1,2,1,
202100007410,188 512,B01,3,7,7,0,8,19,1,
202100007411,188 509,A01,1,7,0,2,2,1,1,
202100007411,188 510,B01,2,7,0,0,2,1,1,
202100007412,188 508,A01,2,7,2,0,1,26,1,
202100007413,188 507,A01,3,10,0,1,8,1,1,
202100007414,188 505,B01,2,32,13,0,0,1,1,
202100007414,188 506,A01,1,10,0,0,0,13,1,
202100007415,188 504,A01,1,7,2,0,3,1,1,
202100007416,188 502,A01,1,7,0,2,3,17,1,
202100007416,188 503,B01,2,2,0,2,1,1,1,
202100007417,188 500,A01,2,7,0,2,3,17,1,
202100007417,188 501,B01,1,50,0,2,1,1,3,
202100007418,188 499,A01,1,33,0,0,0,2,1,
202100007419,188 498,A01,3,7,0,0,3,1,1,
202100007420,188 496,B01,2,7,0,2,1,2,3,
202100007420,188 497,A01,2,7,0,2,4,2,1,
202100007421,188 492,D01,2,7,0,2,7,1,1,
202100007421,188 493,C01,2,7,0,2,4,2,1,
202100007421,188 494,B01,2,7,0,2,5,2,1,
202100007421,188 495,A01,2,7,0,2,3,2,1,
202100007422,188 490,B01,2,15,0,2,6,1,1,
202100007422,188 491,A01,2,7,0,2,1,2,0,
202100007423,188 488,A01,2,43,0,2,3,1,1,
202100007423,188 489,B01,2,7,0,2,7,15,1,
202100007424,188 486,B01,2,10,0,2,5,2,1,
202100007424,188 487,A01,2,7,0,2,1,2,1,
202100007425,188 484,B01,2,10,0,2,7,1,1,
202100007425,188 485,A01,2,33,4,2,7,16,1,
202100007426,188 482,B01,2,7,0,2,8,26,1,
202100007426,188 483,A01,2,32,0,2,8,26,1,
202100007427,188 480,A01,1,32,0,2,1,3,1,
202100007427,188 481,B01,1,3,0,2,7,12,3,
202100007428,188 477,C01,2,7,14,0,0,0,1,
202100007428,188 478,B01,2,10,1,0,1,1,1,
202100007428,188 479,A01,2,7,0,2,4,23,1,
202100007429,188 472,A01,1,7,0,2,4,1,2,
202100007429,188 473,E01,1,7,0,2,4,1,2,
202100007429,188 474,B01,1,7,0,2,4,1,1,
202100007429,188 475,C01,1,7,0,2,4,1,1,
202100007429,188 476,D01,1,43,0,2,1,1,1,
202100007430,188 468,D01,1,7,0,2,4,2,1,
202100007430,188 469,C01,1,7,0,2,4,2,1,
202100007430,188 470,B01,1,7,0,2,4,2,1,
202100007430,188 471,A01,1,7,0,2,1,2,1,
202100007431,188 466,Z01,3,32,0,2,0,0,0,
202100007431,188 467,A01,3,50,0,2,2,19,3,
202100007432,188 464,A01,2,10,0,2,6,11,1,
202100007432,188 465,B01,2,32,0,2,2,1,1,
202100007433,188 462,A01,1,1,0,2,1,13,5,
202100007433,188 463,B01,2,1,0,2,1,1,5,
202100007434,188 460,B01,2,80,0,2,1,1,3,
202100007434,188 461,A01,2,7,0,2,5,22,2,
202100007435,188 459,A01,2,34,0,1,1,3,1,
202100007436,188 458,Z01,1,30,0,1,0,1,0,
202100007437,188 456,B01,1,1,0,2,1,1,5,
202100007437,188 457,A01,2,1,0,2,1,13,5,
202100007438,188 454,A01,1,7,0,2,8,15,1,
202100007438,188 455,B01,1,43,0,2,1,1,1,
202100007439,188 453,A01,3,7,0,1,4,4,1,
202100007440,188 452,A01,1,1,0,1,7,1,5,
202100007441,188 450,B01,3,50,0,2,7,19,3,
202100007441,188 451,A01,2,33,0,2,1,1,1,
202100007442,188 448,B01,1,10,0,2,4,23,1,
202100007442,188 449,A01,1,1,0,2,1,1,5,
202100007443,188 446,A01,1,7,0,2,4,23,1,
202100007443,188 447,B01,1,7,0,2,1,1,1,
202100007444,188 445,A01,1,33,0,0,0,1,1,
202100007445,188 444,A01,3,7,1,0,1,13,1,
202100007446,188 443,A01,3,7,0,1,2,15,1,
202100007447,188 442,A01,3,1,0,1,1,1,5,
202100007448,188 440,A01,1,10,0,2,3,15,1,
202100007448,188 441,B01,1,32,0,2,2,1,1,
202100007449,188 438,A01,2,7,0,2,1,1,1,
202100007449,188 439,B01,2,1,0,2,3,0,5,
202100007450,188 437,A01,2,7,4,0,1,1,1,
202100007451,188 435,A01,1,7,0,2,1,15,1,
202100007451,188 436,B01,2,2,0,2,8,1,1,
202100007452,188 432,B01,1,50,0,2,4,1,3,
202100007452,188 433,A01,1,7,0,2,1,9,1,
202100007453,188 430,B01,3,7,0,2,2,1,1,
202100007453,188 431,A01,3,7,0,2,3,1,1,
202100007454,188 428,A01,3,7,8,2,2,23,1,
202100007454,188 429,B01,0,7,0,0,0,0,1,
202100007455,188 426,B01,1,32,0,2,3,1,1,
202100007455,188 427,A01,1,7,0,2,2,16,1,
202100007456,188 424,B01,1,1,0,2,1,2,0,
202100007456,188 425,A01,1,7,0,2,8,13,1,
202100007457,188 422,B01,1,7,1,0,6,26,1,
202100007457,188 423,A01,1,7,0,2,2,21,1,
202100007458,188 421,A01,1,7,0,1,1,14,0,
202100007459,188 419,B01,1,7,0,0,0,0,1,
202100007459,188 420,A01,1,7,0,2,1,13,1,
202100007460,188 416,C01,1,7,0,2,6,1,1,
202100007460,188 417,B01,1,32,0,2,8,3,1,
202100007460,188 418,A01,1,10,0,2,2,22,1,
202100007461,188 413,A01,2,10,0,2,1,2,1,
202100007461,188 414,B01,2,10,0,2,4,1,1,
202100007461,188 415,C01,2,7,0,2,4,1,1,
202100007462,188 411,A01,2,7,0,1,1,1,1,
202100007462,188 412,Y01,2,0,0,0,0,0,0,
202100007463,188 409,A01,1,33,0,2,1,1,1,
202100007463,188 410,B01,1,7,0,2,0,10,1,
202100007464,188 407,B01,2,1,0,2,1,1,5,
202100007464,188 408,A01,2,10,0,2,3,9,1,
202100007465,188 405,A01,0,7,0,2,7,15,1,
202100007465,188 406,B01,0,1,0,2,1,1,0,
202100007466,188 404,A01,1,33,8,2,0,23,0,
202100007467,188 403,A01,1,33,14,0,1,1,1,
202100007468,188 401,B01,2,30,0,2,2,0,1,
202100007468,188 402,A01,1,30,0,2,2,26,1,
202100007469,188 399,A01,1,7,0,2,5,20,1,
202100007469,188 400,B01,1,32,0,2,1,1,1,
202100007470,188 397,A01,1,34,9,2,7,15,1,
202100007470,188 398,B01,2,7,9,2,1,1,1,
202100007471,188 395,B01,2,37,0,2,0,1,1,2.0
202100007471,188 396,A01,2,7,0,2,0,16,1,
202100007472,188 394,A01,2,7,1,0,1,13,2,
202100007473,188 393,A01,1,7,0,2,3,18,1,
202100007474,188 392,A01,2,7,13,0,3,5,1,
202100007475,188 391,A01,1,7,0,1,1,16,1,
202100007476,188 389,A01,1,10,0,2,3,13,1,
202100007476,188 390,B01,2,7,14,2,3,1,3,
202100007477,188 388,A01,2,7,1,0,6,21,1,
202100007478,188 386,B01,1,16,0,2,1,1,1,
202100007478,188 387,A01,2,7,0,2,1,13,1,
202100007479,188 385,A01,2,33,0,0,8,1,1,
202100007480,188 383,A01,1,7,0,2,3,11,1,
202100007480,188 384,B01,1,7,0,2,2,1,1,
202100007481,188 381,B01,2,15,0,2,3,1,1,
202100007481,188 382,A01,1,7,0,2,3,5,1,
202100007482,188 380,A01,2,7,2,0,1,1,1,
202100007483,188 378,B01,2,7,0,2,1,1,1,
202100007483,188 379,A01,1,7,0,2,1,13,1,
202100007484,188 377,A01,2,7,13,0,2,0,1,
202100007485,188 376,A01,1,2,13,0,1,1,1,
202100007486,188 375,A01,2,33,0,0,9,1,1,
202100007487,188 372,A01,1,10,0,2,3,23,1,
202100007487,188 373,B01,2,7,0,2,1,1,1,
202100007487,188 374,C01,1,7,0,2,7,15,1,
202100007488,188 371,A01,1,7,0,1,3,1,1,
202100007489,188 369,B01,2,7,0,0,8,1,1,
202100007489,188 370,A01,1,10,0,2,1,15,1,
202100007490,188 367,B01,1,7,0,2,1,2,1,
202100007490,188 368,A01,1,7,0,0,4,23,1,
202100007491,188 365,B01,1,32,0,2,1,1,1,
202100007491,188 366,A01,1,7,0,2,2,9,1,
202100007492,188 364,A01,1,10,0,0,1,14,1,
202100007493,188 362,B01,1,1,0,2,0,1,5,
202100007493,188 363,A01,2,7,0,9,1,9,1,
202100007494,188 360,B01,2,2,0,2,1,1,1,
202100007494,188 361,A01,1,7,0,2,2,1,1,
202100007495,188 359,A01,2,33,15,0,1,15,1,
202100007496,188 358,A01,2,7,2,0,1,1,1,
202100007497,188 356,A01,1,33,0,0,0,1,1,
202100007498,188 354,B01,0,2,0,2,1,1,1,
202100007498,188 355,A01,0,7,0,2,1,15,1,
202100007499,188 352,B01,1,32,0,2,8,1,1,
202100007499,188 353,A01,2,7,0,2,3,15,1,
202100007500,188 350,B01,1,7,0,2,1,1,1,
202100007500,188 351,A01,2,7,0,2,1,13,1,
202100007501,188 349,A01,2,33,7,0,1,14,1,
202100007502,188 348,A01,2,7,13,0,1,2,1,
202100007503,188 346,A01,0,7,0,0,7,0,1,
202100007503,188 347,B01,0,7,0,2,1,19,1,
202100007504,188 345,A01,1,21,0,0,3,1,1,
202100007505,188 343,A01,2,7,0,2,1,11,1,
202100007505,188 344,B01,2,32,0,0,4,1,1,
202100007506,188 341,A01,1,14,0,2,1,1,1,
202100007506,188 342,B01,2,7,0,2,6,1,1,
202100007507,188 339,A01,1,7,1,0,1,1,1,
202100007507,188 340,B01,1,7,0,0,4,1,1,
202100007508,188 337,A01,2,99,3,0,8,0,6,
202100007508,188 338,B01,2,7,0,9,2,17,1,
202100007509,188 335,B01,1,15,0,2,1,23,1,
202100007509,188 336,A01,2,7,0,2,1,5,2,
202100007510,188 334,A01,1,33,0,0,0,3,1,
202100007511,188 331,A01,2,7,0,0,4,9,1,
202100007511,188 332,B01,2,7,0,2,1,1,1,
202100007511,188 333,C01,2,33,0,2,1,23,1,
202100007512,188 330,A01,1,7,0,1,1,1,0,
202100007513,188 329,A01,1,7,2,0,1,14,1,
202100007514,188 327,A01,0,7,0,9,2,15,1,
202100007514,188 328,B01,0,30,0,2,0,5,1,
202100007515,188 325,B01,2,7,0,9,0,15,0,
202100007515,188 326,A01,2,1,0,2,0,1,5,
202100007516,188 323,A01,1,7,0,2,1,17,1,
202100007516,188 324,B01,2,7,0,2,1,26,1,
202100007517,188 322,A01,1,7,13,0,9,1,1,
202100007518,188 318,H01,0,7,0,2,0,0,1,
202100007518,188 319,E01,0,7,0,2,0,0,1,
202100007518,188 320,B01,0,7,0,2,0,0,1,
202100007518,188 321,A01,3,15,1,1,1,26,1,
202100007519,188 316,B01,2,10,8,2,1,1,1,
202100007519,188 317,A01,1,7,8,2,1,1,1,
202100007520,188 312,D01,1,7,0,0,1,23,2,
202100007520,188 313,C01,1,7,0,0,6,23,1,
202100007520,188 314,B01,1,17,0,0,6,16,1,
202100007520,188 315,A01,2,7,0,2,3,1,1,
202100007521,188 310,A01,2,7,0,2,3,17,1,
202100007521,188 311,B01,1,33,0,2,3,1,1,
202100007522,188 308,B01,3,10,0,0,1,1,1,
202100007522,188 309,A01,3,7,0,0,4,23,1,
202100007523,188 301,A01,0,7,2,0,1,1,1,
202100007524,188 300,A01,2,7,13,0,1,1,1,
202100007525,188 298,A01,1,7,0,2,3,15,1,
202100007525,188 299,B01,2,7,6,2,6,1,1,
202100007526,188 297,A01,1,7,0,1,2,1,1,
202100007527,188 295,A01,2,7,0,2,2,1,1,
202100007527,188 296,B01,2,1,0,2,3,16,5,
202100007528,188 293,A01,2,7,0,2,3,13,1,
202100007528,188 294,B01,1,7,0,2,1,1,1,
202100007529,188 292,A01,0,1,6,0,1,1,5,
202100007530,188 289,A01,0,7,0,0,4,23,1,
202100007530,188 290,B01,0,7,0,2,4,23,1,
202100007530,188 291,C01,0,7,0,2,1,2,1,
202100007531,188 288,A01,2,10,13,0,1,1,1,
202100007532,188 287,A01,0,7,0,6,1,1,1,
202100007533,188 283,A01,2,17,0,2,6,1,1,
202100007533,188 284,B01,2,10,0,2,1,17,1,
202100007533,188 285,C01,2,7,0,2,1,1,1,
202100007533,188 286,D01,2,7,0,2,3,1,1,
202100007534,188 282,A01,1,31,0,0,0,16,1,
202100007535,188 279,C01,2,10,0,0,0,0,1,
202100007535,188 280,B01,2,7,0,2,8,1,1,
202100007535,188 281,A01,2,7,0,2,4,1,1,
202100007536,188 277,B01,1,7,0,2,2,2,1,
202100007536,188 278,A01,1,7,0,2,4,2,1,
202100007537,188 274,C01,1,7,0,2,1,1,1,
202100007537,188 275,B01,1,7,0,2,4,1,1,
202100007537,188 276,A01,1,10,0,2,4,1,1,
202100007538,188 272,A01,1,7,0,2,4,14,1,
202100007538,188 273,B01,1,34,0,2,1,1,1,
202100007539,188 269,A01,2,7,0,2,2,12,1,
202100007539,188 270,B01,2,7,0,2,6,1,1,
202100007539,188 271,C01,2,10,0,2,5,23,1,
202100007540,188 268,A01,2,7,4,0,2,2,1,
202100007541,188 265,B01,1,10,0,2,6,2,1,
202100007541,188 266,A01,1,33,0,2,2,3,1,
202100007541,188 267,C01,1,10,0,2,5,2,1,
202100007542,188 263,B01,1,10,0,2,1,2,1,
202100007542,188 264,A01,1,17,0,2,4,2,1,
202100007543,188 260,A01,2,15,0,2,0,0,1,
202100007543,188 261,B01,2,7,0,2,0,0,1,
202100007543,188 262,C01,2,10,0,0,0,0,1,
202100007544,188 258,B01,2,7,0,2,6,1,1,
202100007544,188 259,A01,2,7,0,2,1,12,1,
202100007545,188 256,B01,2,7,0,2,0,12,1,
202100007545,188 257,A01,2,33,0,2,3,1,1,
202100007546,188 254,A01,2,0,0,2,7,0,0,
202100007546,188 255,B01,2,33,0,2,8,3,1,
202100007547,188 252,A01,1,10,0,2,7,12,1,
202100007547,188 253,B01,1,31,0,2,8,1,1,
202100007548,188 250,A01,2,7,0,2,6,9,1,
202100007548,188 251,B01,2,15,0,2,7,1,1,
202100007549,188 247,Z01,1,0,0,2,1,0,0,
202100007549,188 248,C01,1,7,0,2,4,2,1,
202100007549,188 249,B01,1,7,0,2,4,2,1,
202100007550,188 245,B01,1,10,0,2,5,14,1,
202100007550,188 246,A01,1,32,0,2,8,2,1,
202100007551,188 243,B01,2,7,0,2,8,1,0,
202100007551,188 244,A01,2,15,0,2,2,12,0,
202100007552,188 242,A01,2,33,0,2,1,1,1,
202100007553,188 240,B01,2,7,0,2,4,1,1,
202100007553,188 241,A01,2,33,0,2,1,1,1,
202100007554,188 238,B01,1,7,0,2,4,2,1,