Num_Acc,id_vehicule,num_veh,senc,catv,obs,obsm,choc,manv,motor,occutc
202100007554,188 239,A01,1,10,0,2,1,2,1,
202100007555,188 237,A01,3,7,4,0,1,1,1,
202100007556,188 235,B01,2,33,0,2,3,3,1,
202100007556,188 236,A01,2,7,0,2,2,12,1,
202100007557,188 234,A01,2,7,13,0,3,1,1,
202100007558,188 233,A01,2,7,8,0,9,1,1,
202100007559,188 232,A01,3,21,0,1,4,4,1,
202100007560,188 229,A01,2,10,0,2,1,1,1,
202100007560,188 230,C01,1,13,0,2,3,1,1,
202100007560,188 231,B01,2,36,0,2,4,15,1,
202100007561,188 227,B01,1,7,0,2,1,1,1,
202100007561,188 228,A01,1,7,0,2,1,13,1,
202100007562,188 225,A01,0,7,0,2,4,2,1,
202100007562,188 226,B01,0,7,0,2,6,15,1,
202100007563,188 223,A01,3,31,0,2,8,15,1,
202100007563,188 224,Z01,3,99,0,2,3,17,0,
202100007564,188 221,A01,1,7,0,2,7,15,1,
202100007564,188 222,B01,1,2,0,2,1,1,1,
202100007565,188 219,B01,2,3,0,2,2,1,0,
202100007565,188 220,A01,1,7,0,2,7,15,1,
202100007566,188 217,A01,1,7,0,2,7,16,1,
202100007566,188 218,B01,1,33,0,2,1,1,1,
202100007567,188 215,A01,2,31,0,2,2,1,1,
202100007567,188 216,B01,2,7,0,2,3,1,1,
202100007568,188 214,A01,2,7,0,0,9,1,1,
202100007569,188 212,B01,1,7,0,2,4,2,1,
202100007569,188 213,A01,1,34,0,2,1,2,1,
202100007570,188 210,A01,1,7,0,2,2,2,1,
202100007570,188 211,B01,0,32,0,2,8,3,1,
202100007571,188 208,B01,1,37,0,2,2,2,1,4.0
202100007571,188 209,A01,1,7,0,2,6,1,1,
202100007572,188 207,A01,2,7,0,1,1,1,1,
202100007573,188 205,A01,2,7,0,2,3,1,1,
202100007573,188 206,B01,2,14,0,2,5,23,1,
202100007574,188 203,B01,3,7,0,2,2,23,1,
202100007574,188 204,A01,3,43,0,2,1,1,1,
202100007575,188 202,A01,3,7,0,1,1,15,1,
202100007576,188 200,B01,1,10,0,2,5,1,1,
202100007576,188 201,A01,1,33,0,2,1,18,1,
202100007577,188 199,A01,2,7,0,1,1,1,1,
202100007578,188 197,A01,1,37,0,2,3,7,1,2.0
202100007578,188 198,B01,2,7,0,2,5,16,1,
202100007579,188 193,A01,3,33,0,2,4,2,1,
202100007579,188 194,B01,3,2,0,2,1,2,1,
202100007580,188 190,A01,1,7,0,2,1,2,1,
202100007580,188 191,B01,3,7,0,2,4,2,1,
202100007581,188 187,A01,1,7,0,2,1,2,1,
202100007581,188 188,B01,1,7,0,2,4,2,1,
202100007581,188 189,C01,1,7,0,5,4,2,1,
202100007582,188 185,B01,0,30,0,2,1,1,1,
202100007582,188 186,A01,1,7,0,2,6,1,1,
202100007583,188 183,A01,0,7,0,2,1,1,1,
202100007583,188 184,B01,0,7,0,2,4,1,1,
202100007584,188 182,A01,2,7,12,0,1,1,1,
202100007585,188 180,A01,3,7,0,2,5,14,1,
202100007585,188 181,B01,3,1,0,2,1,1,5,
202100007586,188 178,B01,2,7,0,2,1,2,1,
202100007586,188 179,A01,2,7,0,2,4,23,1,
202100007587,188 177,A01,3,50,0,1,1,1,3,
202100007588,188 175,A01,0,32,0,0,2,15,1,
202100007588,188 176,B01,2,7,0,0,1,1,1,
202100007589,188 173,A01,1,7,0,2,1,16,1,
202100007589,188 174,B01,2,50,0,2,1,1,3,
202100007590,188 172,A01,1,30,0,0,7,1,1,
202100007591,188 170,A01,2,7,0,2,8,15,1,
202100007591,188 171,B01,2,33,0,2,7,17,1,
202100007592,188 168,A01,2,2,0,2,3,1,1,
202100007592,188 169,B01,1,7,0,2,7,19,1,
202100007593,188 166,A01,1,2,0,2,1,1,1,
202100007593,188 167,B01,2,7,0,2,1,15,2,
202100007594,188 164,A01,1,7,0,2,4,15,1,
202100007594,188 165,B01,2,7,0,2,3,0,1,
202100007595,188 162,A01,1,7,0,2,1,2,1,
202100007595,188 163,B01,1,7,0,2,4,2,1,
202100007596,188 161,A01,1,7,0,1,1,16,1,
202100007597,188 160,A01,2,2,1,0,1,14,1,
202100007598,188 157,C01,2,7,0,2,4,1,1,
202100007598,188 158,B01,2,7,0,2,4,1,1,
202100007598,188 159,A01,2,7,0,2,3,1,1,
202100007599,188 155,A01,1,7,0,2,1,13,1,
202100007599,188 156,B01,2,7,0,2,1,1,1,
202100007600,188 154,A01,3,7,0,1,1,1,1,
202100007601,188 152,B01,3,50,0,2,5,9,3,
202100007601,188 153,A01,3,10,0,2,7,26,1,
202100007602,188 150,A01,3,3,1,9,3,16,1,
202100007602,188 151,B01,3,50,0,2,0,0,3,
202100007603,188 149,A01,3,7,0,1,2,1,0,
202100007604,188 147,B01,3,30,0,2,3,0,1,
202100007604,188 148,A01,3,7,0,2,2,9,1,
202100007605,188 145,A01,2,7,0,2,3,5,1,
202100007605,188 146,B01,1,7,0,2,3,1,1,
202100007606,188 144,A01,1,7,1,0,9,1,1,
202100007607,188 143,A01,2,7,0,1,1,0,1,
202100007608,188 141,A01,0,30,0,2,1,2,1,
202100007608,188 142,B01,0,7,0,2,4,15,1,
202100007609,188 140,A01,3,7,0,1,8,1,1,
202100007610,188 139,A01,3,7,0,1,1,1,1,
202100007611,188 138,A01,0,38,0,1,7,16,1,1.0
202100007612,188 136,B01,3,10,0,2,3,15,1,
202100007612,188 137,A01,0,10,0,2,1,0,1,
202100007613,188 135,A01,2,7,8,0,3,1,1,
202100007614,188 134,A01,2,7,1,0,1,13,1,
202100007615,188 133,A01,3,7,0,1,2,15,1,
202100007616,188 132,A01,1,7,0,1,1,21,1,
202100007617,188 128,A01,1,7,0,2,1,1,1,
202100007617,188 129,B01,1,7,0,2,1,1,1,
202100007617,188 130,C01,2,7,0,2,1,1,1,
202100007617,188 131,D01,2,7,0,2,1,1,1,
202100007618,188 126,A01,3,7,0,2,3,1,1,
202100007618,188 127,B01,3,1,0,2,1,1,5,
202100007619,188 125,A01,3,7,1,0,2,14,1,
202100007620,188 123,Z01,1,7,0,2,2,26,1,
202100007620,188 124,A01,1,1,0,2,8,26,5,
202100007621,188 122,A01,2,7,0,1,2,1,1,
202100007622,188 120,A01,2,7,0,2,8,15,1,
202100007622,188 121,B01,2,2,0,2,1,1,1,
202100007623,188 119,A01,1,7,0,1,2,1,1,
202100007624,188 117,B01,1,31,0,2,8,1,1,
202100007624,188 118,Z01,2,7,0,2,1,15,1,
202100007625,188 115,A01,1,7,0,2,1,0,1,
202100007625,188 116,B01,2,1,0,2,1,0,5,
202100007626,188 113,B01,2,31,0,2,1,1,1,
202100007626,188 114,A01,1,7,0,2,5,15,1,
202100007627,188 111,B01,2,43,0,2,1,9,1,
202100007627,188 112,A01,2,14,0,2,6,10,1,
202100007628,188 109,A01,1,7,0,2,3,13,1,
202100007628,188 110,B01,2,7,2,2,6,1,1,
202100007629,188 108,A01,1,7,0,1,2,15,1,
202100007630,188 105,A01,2,7,16,0,4,26,1,
202100007631,188 104,A01,1,7,4,0,3,1,1,
202100007632,188 102,A01,3,7,0,2,1,16,1,
202100007632,188 103,B01,3,7,0,2,2,1,1,
202100007633,188 101,A01,1,7,12,1,2,14,1,
202100007634,188 100,A01,2,7,0,1,3,1,1,
202100007635,188 098,B01,3,1,1,0,1,1,5,
202100007635,188 099,A01,3,10,0,2,8,22,1,
202100007636,188 097,A01,1,7,0,1,2,20,1,
202100007637,188 095,B01,0,7,0,2,3,15,1,
202100007637,188 096,A01,0,7,0,2,2,17,1,
202100007638,188 093,B01,3,7,0,2,3,1,1,
202100007638,188 094,A01,3,7,0,2,8,15,2,
202100007639,188 091,A01,3,43,0,2,2,12,1,
202100007639,188 092,B01,3,7,0,2,6,1,1,
202100007640,188 090,A01,2,7,0,1,1,1,1,
202100007641,188 087,A01,1,7,0,2,6,2,1,
202100007641,188 088,B01,1,10,0,2,2,2,1,
202100007641,188 089,C01,1,10,0,2,2,2,1,
202100007642,188 086,A01,3,7,0,1,2,16,2,
202100007643,188 085,A01,3,1,0,0,1,1,5,
202100007644,188 084,A01,3,10,0,1,1,1,1,
202100007645,188 082,A01,1,50,0,2,1,25,3,
202100007645,188 083,B01,3,7,0,2,2,1,1,
202100007646,188 081,A01,1,7,0,1,5,20,1,
202100007647,188 080,A01,2,7,0,1,5,13,1,
202100007648,188 078,B01,1,10,0,2,5,1,1,
202100007648,188 079,A01,1,7,0,2,3,11,1,
202100007649,188 075,A01,2,7,0,2,7,14,1,
202100007649,188 076,B01,2,33,0,2,3,3,1,
202100007649,188 077,C01,2,10,0,2,8,1,1,
202100007650,188 074,A01,3,7,0,1,2,1,1,
202100007651,188 072,A01,1,33,0,2,1,1,1,
202100007651,188 073,B01,1,32,0,2,4,23,1,
202100007652,188 070,A01,2,10,0,2,3,1,1,
202100007652,188 071,B01,2,7,0,2,4,23,1,
202100007653,188 069,A01,2,2,0,0,0,21,3,
202100007654,188 068,A01,2,80,0,1,0,1,3,
202100007655,188 066,A01,2,10,0,2,3,2,1,
202100007655,188 067,B01,2,33,0,2,4,2,1,
202100007656,188 064,A01,1,7,0,2,1,15,1,
202100007656,188 065,B01,1,60,0,2,8,19,5,
202100007657,188 063,A01,2,1,0,2,7,21,5,
202100007658,188 061,B01,1,7,0,2,6,15,3,
202100007658,188 062,A01,1,30,0,2,2,5,1,
202100007659,188 059,A01,3,7,0,2,3,15,1,
202100007659,188 060,B01,3,33,0,2,0,17,1,
202100007660,188 057,A01,1,30,0,2,1,1,3,
202100007660,188 058,B01,2,80,0,2,1,1,3,
202100007661,188 056,A01,2,7,1,1,2,1,2,
202100007662,188 054,A01,3,7,0,2,8,10,2,
202100007662,188 055,B01,3,32,0,2,1,17,1,
202100007663,188 053,A01,3,7,0,1,2,1,1,
202100007664,188 051,A01,2,7,0,2,3,15,1,
202100007664,188 052,B01,2,43,0,2,2,17,1,
202100007665,188 049,B01,1,34,0,2,1,17,1,
202100007665,188 050,A01,2,1,0,2,1,5,5,
202100007666,188 046,A01,2,10,0,2,1,1,1,
202100007666,188 047,B01,2,7,0,2,4,1,1,
202100007666,188 048,C01,2,33,0,2,4,23,1,
202100007667,188 045,A01,1,32,0,0,8,1,1,
202100007668,188 044,A01,1,30,0,0,8,16,1,
202100007669,188 040,B01,1,30,0,2,2,11,1,
202100007669,188 041,A01,2,7,0,2,2,11,1,
202100007670,188 038,B01,1,7,0,2,0,0,1,
202100007670,188 039,A01,1,50,0,2,7,0,3,
202100007671,188 036,B01,0,33,0,2,2,3,1,
202100007671,188 037,A01,0,7,0,2,3,15,1,
202100007672,188 035,A01,2,7,0,1,1,15,1,
202100007673,188 034,A01,1,33,0,1,2,19,1,
202100007674,188 032,B01,1,7,0,2,4,2,1,
202100007674,188 033,A01,1,7,0,2,1,1,1,
202100007675,188 031,A01,3,14,0,1,0,15,0,
202100007676,188 030,A01,-1,7,0,1,3,23,1,
202100007677,188 028,A01,0,7,0,1,1,1,1,
202100007677,188 029,B01,0,7,1,0,4,1,1,
202100007678,188 026,A01,0,7,0,2,2,15,1,
202100007678,188 027,B01,1,1,0,2,7,1,5,
202100007679,188 024,B01,2,7,0,2,1,2,1,
202100007679,188 025,A01,2,7,0,2,4,2,1,
202100007680,188 022,B01,1,7,0,2,8,1,1,
202100007680,188 023,A01,2,7,0,2,1,1,1,
202100007681,188 021,A01,1,7,0,1,2,21,2,
202100007682,188 019,B01,1,7,0,2,2,16,1,
202100007682,188 020,A01,1,2,0,2,3,18,1,
202100007683,188 018,A01,1,7,6,0,1,1,1,
202100007684,188 017,A01,2,32,0,1,7,21,1,
202100007685,188 015,A01,2,33,0,2,3,21,1,
202100007685,188 016,B01,2,7,0,2,5,1,1,
202100007686,188 014,A01,2,7,0,1,3,15,1,
202100007687,188 012,A01,1,7,0,2,8,20,1,
202100007687,188 013,B01,1,32,0,2,1,1,1,
202100007688,188 010,A01,1,10,0,2,3,24,1,
202100007688,188 011,B01,1,1,1,0,1,1,5,
202100007689,188 009,A01,2,43,14,0,1,1,1,
202100007690,188 008,A01,2,30,0,0,7,26,1,
202100007691,188 007,A01,1,7,0,1,1,1,1,
202100007692,188 005,A01,1,10,0,2,8,13,1,
202100007692,188 006,B01,1,33,0,2,7,11,1,
202100007693,188 001,B01,1,7,0,2,4,23,1,
202100007693,188 002,A01,1,10,0,2,1,1,1,
202100007693,188 003,C01,1,7,0,2,4,23,1,
202100007693,188 004,D01,1,7,0,2,4,23,1,
202100007694,188 000,A01,1,7,0,1,1,1,1,
202100007695,187 999,A01,1,10,0,0,9,14,1,
202100007696,187 997,B01,2,7,0,2,2,1,1,
202100007696,187 998,A01,2,30,3,2,3,19,1,
202100007697,187 995,B01,2,15,0,0,6,24,1,
202100007697,187 996,A01,2,7,1,0,2,1,1,
202100007698,187 994,A01,2,7,10,0,3,1,6,
202100007699,187 992,A01,2,10,0,2,2,19,1,
202100007699,187 993,B01,2,7,9,2,2,1,1,
202100007700,187 990,B01,3,7,0,2,0,9,1,
202100007700,187 991,A01,3,2,0,2,0,1,1,
202100007701,187 988,A01,1,2,0,0,8,1,1,
202100007701,187 989,B01,1,10,0,0,0,15,1,
202100007702,187 986,B01,2,2,0,2,1,1,1,
202100007702,187 987,A01,1,7,0,2,2,15,1,
202100007703,187 984,B01,2,7,0,0,3,1,1,
202100007703,187 985,A01,1,13,0,0,1,15,1,
202100007704,187 983,A01,3,7,0,1,1,1,1,
202100007705,187 981,B01,2,7,0,2,3,1,1,
202100007705,187 982,A01,1,7,0,2,3,13,1,
202100007706,187 980,A01,2,2,14,0,0,1,1,
202100007707,187 979,A01,1,7,8,6,1,21,1,
202100007708,187 978,A01,2,7,2,0,1,14,1,
202100007709,187 977,A01,1,2,0,0,0,1,1,
202100007710,187 975,B01,1,7,0,2,3,1,1,
202100007710,187 976,A01,2,7,0,2,3,1,1,
202100007711,187 974,A01,2,7,6,1,3,4,2,
202100007712,187 972,B01,1,10,0,2,3,2,1,
202100007712,187 973,A01,1,10,0,0,6,15,1,
202100007713,187 971,A01,1,7,13,0,9,1,1,
202100007714,187 970,A01,2,1,0,0,0,1,5,
202100007715,187 968,A01,2,7,0,2,2,17,1,
202100007715,187 969,B01,2,7,3,2,3,1,1,
202100007716,187 967,A01,1,7,7,0,3,6,1,
202100007717,187 965,A01,1,32,0,2,1,17,1,
202100007717,187 966,B01,1,7,0,2,6,15,1,
202100007718,187 963,B01,1,32,0,2,2,1,1,
202100007718,187 964,A01,1,10,0,2,3,15,1,
202100007719,187 961,B01,2,30,0,2,1,1,1,
202100007719,187 962,A01,2,7,0,0,2,15,1,
202100007720,187 959,B01,3,13,0,2,3,1,1,
202100007720,187 960,A01,3,7,0,2,1,13,1,
202100007721,187 958,A01,1,7,0,1,3,9,1,
202100007722,187 957,A01,3,7,6,0,3,1,1,
202100007723,187 955,B01,2,14,0,2,3,0,1,
202100007723,187 956,A01,1,10,3,2,3,13,1,
202100007724,187 954,A01,2,14,0,0,8,16,1,
202100007725,187 950,A01,2,7,0,2,3,15,1,
202100007725,187 951,D01,2,7,0,2,1,1,1,
202100007725,187 952,C01,2,7,0,2,1,1,1,
202100007725,187 953,B01,1,7,0,2,8,1,1,
202100007726,187 949,A01,1,7,0,1,1,1,1,
202100007727,187 946,A01,2,7,0,0,1,17,1,
202100007727,187 947,B01,1,7,0,0,1,1,1,
202100007727,187 948,C01,2,17,0,2,6,1,1,
202100007728,187 944,A01,1,13,0,-1,5,17,6,
202100007728,187 945,B01,1,1,0,2,1,11,5,
202100007729,187 942,A01,2,7,0,2,6,15,1,
202100007729,187 943,B01,2,33,0,2,1,17,1,
202100007730,187 940,B01,1,7,0,2,3,15,1,
202100007730,187 941,A01,1,2,0,2,5,17,1,
202100007731,187 938,B01,2,7,3,0,4,1,1,
202100007731,187 939,A01,2,7,0,2,2,18,1,
202100007732,187 936,A01,2,7,0,2,3,13,1,
202100007732,187 937,B01,1,7,0,2,3,1,1,
202100007733,187 935,A01,0,33,0,6,2,0,1,
202100007734,187 933,A01,1,7,15,0,5,2,1,
202100007735,187 931,B01,0,37,0,2,3,0,1,2.0
202100007735,187 932,A01,2,7,0,2,4,0,1,
202100007736,187 929,A01,1,17,0,2,2,12,1,
202100007736,187 930,B01,1,7,4,2,6,1,1,
202100007737,187 927,A01,1,7,0,2,1,2,1,
202100007737,187 928,B01,1,7,0,2,4,2,1,
202100007738,187 925,A01,1,7,0,2,6,11,1,
202100007738,187 926,B01,2,33,0,2,2,3,1,
202100007739,187 924,A01,1,10,4,2,1,1,1,
202100007740,187 921,C01,2,7,0,2,1,1,1,
202100007740,187 922,A01,2,13,0,2,2,2,1,
202100007740,187 923,B01,2,7,0,2,6,2,1,
202100007741,187 919,B01,1,7,0,2,8,1,1,
202100007741,187 920,A01,1,13,0,2,2,14,1,
202100007742,187 918,A01,3,7,14,1,2,15,0,
202100007743,187 916,A01,1,7,0,2,1,7,1,
202100007743,187 917,B01,2,50,0,2,4,1,3,
202100007744,187 915,A01,1,2,0,1,2,1,1,
202100007745,187 909,A01,2,7,9,1,1,14,1,
202100007746,187 908,A01,3,31,0,1,1,15,1,
202100007747,187 906,B01,1,30,0,2,1,2,1,
202100007747,187 907,A01,1,7,0,2,4,21,1,
202100007748,187 904,B01,2,1,0,2,6,1,5,
202100007748,187 905,A01,1,7,0,2,1,15,1,
202100007749,187 902,A01,3,7,0,2,2,26,1,
202100007749,187 903,B01,3,7,0,2,6,26,1,
202100007750,187 900,B01,2,2,0,2,1,1,1,
202100007750,187 901,A01,1,7,0,2,8,15,1,
202100007751,187 899,A01,1,7,0,1,0,0,0,
202100007752,187 897,B01,1,99,0,2,7,26,3,
202100007752,187 898,A01,2,7,0,2,7,16,1,
202100007753,187 896,A01,3,7,0,1,0,1,1,
202100007754,187 895,A01,2,7,0,1,1,15,3,
202100007755,187 894,A01,1,30,0,2,0,21,0,
202100007756,187 893,A01,1,7,0,9,1,16,1,
202100007757,187 892,A01,2,7,1,2,3,26,1,
202100007758,187 890,A01,2,30,1,0,1,25,1,
202100007758,187 891,B01,2,7,0,2,3,22,1,
202100007759,187 889,A01,2,30,0,0,0,0,1,
202100007760,187 888,A01,1,7,2,0,1,2,1,
202100007761,187 886,A01,1,7,0,2,2,9,1,
202100007761,187 887,B01,2,2,0,2,7,17,1,
202100007762,187 885,A01,1,7,0,1,1,1,1,
202100007763,187 883,B01,3,50,0,2,0,19,3,
202100007763,187 884,A01,3,7,0,2,0,1,1,
202100007764,187 881,A01,1,10,0,2,1,2,1,
202100007764,187 882,B01,1,7,0,2,4,2,1,
202100007765,187 879,A01,2,7,0,2,2,15,1,
202100007765,187 880,B01,1,2,0,2,1,1,1,
202100007766,187 876,A01,1,7,0,2,1,2,1,
202100007766,187 877,B01,1,7,0,2,4,2,1,
202100007766,187 878,C01,1,7,0,2,4,0,1,
202100007767,187 873,A01,1,10,0,1,1,1,1,
202100007768,187 867,A01,1,7,0,2,3,15,1,
202100007768,187 868,B01,2,31,0,2,1,1,1,
202100007769,187 865,A01,2,1,0,2,2,15,5,
202100007769,187 866,B01,2,7,0,2,3,9,1,
202100007770,187 863,B01,1,33,0,2,2,2,1,
202100007770,187 864,A01,1,7,0,2,1,9,1,
202100007771,187 861,B01,2,50,0,0,5,19,3,
202100007771,187 862,A01,2,33,0,9,1,1,1,
202100007772,187 858,B01,0,7,0,2,4,1,1,
202100007772,187 859,A01,0,7,0,2,1,0,1,
202100007772,187 860,C01,0,7,0,2,4,1,1,
202100007773,187 856,A01,0,7,0,2,3,9,1,
202100007773,187 857,B01,0,33,0,2,7,9,1,
202100007774,187 854,A01,2,7,0,2,3,13,1,
202100007774,187 855,B01,1,7,0,2,3,1,1,
202100007775,187 853,A01,1,7,0,1,3,15,1,
202100007776,187 851,B01,1,1,0,2,0,5,-1,
202100007776,187 852,A01,3,7,0,2,1,9,1,
202100007777,187 850,A01,3,7,0,1,3,0,0,
202100007778,187 848,B01,1,7,0,2,3,0,1,
202100007778,187 849,A01,2,2,0,2,6,15,1,
202100007779,187 845,A01,2,1,0,2,5,15,5,
202100007779,187 846,B01,2,7,0,2,2,1,1,
202100007780,187 843,A01,0,7,0,2,1,1,1,
202100007780,187 844,B01,0,7,0,2,1,1,1,
202100007781,187 842,A01,2,7,0,1,1,15,2,
202100007782,187 840,B01,3,7,0,2,1,1,1,
202100007782,187 841,A01,3,7,0,2,1,2,1,
202100007783,187 838,B01,1,7,0,0,0,0,1,
202100007783,187 839,A01,1,33,0,0,0,12,1,
202100007784,187 836,A01,2,7,0,9,1,26,1,
202100007784,187 837,B01,1,50,0,2,7,26,3,
202100007785,187 833,B01,1,7,0,2,4,2,1,
202100007785,187 834,A01,1,7,0,2,1,2,2,
202100007785,187 835,C01,1,7,0,2,4,2,1,
202100007786,187 831,B01,2,7,0,2,0,0,1,
202100007786,187 832,A01,1,30,0,2,1,1,1,
202100007787,187 830,A01,1,7,1,0,1,14,1,
202100007788,187 829,A01,1,2,0,1,1,25,1,
202100007789,187 827,B01,2,7,0,2,1,1,1,
202100007789,187 828,A01,1,50,0,2,2,19,3,
202100007790,187 826,A01,1,7,2,0,3,1,1,
202100007791,187 824,B01,0,7,0,2,8,0,1,
202100007791,187 825,A01,0,30,0,2,1,17,1,
202100007792,187 822,B01,2,7,0,2,4,1,1,
202100007792,187 823,A01,2,30,0,2,1,1,1,
202100007793,187 820,B01,1,80,0,2,8,6,3,
202100007793,187 821,A01,1,7,0,9,8,12,1,
202100007794,187 819,A01,2,50,0,1,1,1,3,
202100007795,187 818,A01,2,7,0,1,3,1,1,
202100007796,187 817,A01,1,7,0,1,1,15,1,
202100007797,187 813,B01,1,7,0,1,6,1,1,
202100007797,187 814,A01,1,7,0,2,6,2,1,
202100007798,187 808,B01,2,7,0,2,4,1,1,
202100007798,187 809,A01,2,7,0,2,1,2,1,
202100007799,187 806,A01,1,7,0,2,1,9,1,
202100007799,187 807,B01,1,1,0,2,7,1,5,
202100007800,187 804,A01,1,7,0,2,2,1,1,
202100007800,187 805,B01,2,50,0,2,1,5,3,
202100007801,187 803,A01,3,1,0,0,0,0,5,
202100007802,187 801,B01,1,7,0,2,8,1,2,
202100007802,187 802,A01,1,7,0,2,3,1,1,
202100007803,187 799,A01,1,7,0,9,1,1,1,
202100007803,187 800,B01,1,50,0,2,8,1,3,
202100007804,187 797,A01,1,7,0,2,8,1,1,
202100007804,187 798,B01,1,7,0,2,2,1,1,
202100007805,187 795,A01,1,10,0,2,3,15,1,
202100007805,187 796,B01,1,7,0,2,2,1,1,
202100007806,187 793,B01,2,7,0,2,3,1,1,
202100007806,187 794,A01,1,7,0,2,1,1,1,
202100007807,187 792,A01,1,7,0,1,2,1,1,
202100007808,187 790,A01,2,7,0,2,7,14,1,
202100007808,187 791,B01,2,33,0,2,8,1,1,
202100007809,187 788,B01,1,2,0,2,1,1,1,
202100007809,187 789,A01,1,7,0,2,2,10,1,
202100007810,187 786,A01,1,7,0,2,1,1,1,
202100007810,187 787,B01,2,7,0,2,1,1,1,
202100007811,187 785,A01,1,7,0,1,0,26,1,
202100007812,187 782,C01,1,7,0,2,1,1,1,
202100007812,187 783,B01,1,7,0,2,1,11,1,
202100007812,187 784,A01,1,7,0,2,4,13,1,
202100007813,187 781,A01,1,7,0,1,2,1,1,
202100007814,187 779,A01,0,7,0,9,2,22,1,
202100007814,187 780,B01,0,1,0,9,1,0,5,
202100007815,187 777,A01,0,7,0,2,3,15,1,
202100007815,187 778,B01,2,1,0,2,8,1,0,
202100007816,187 774,B01,2,7,0,2,4,1,1,
202100007816,187 775,C01,2,7,0,2,4,1,1,
202100007816,187 776,A01,2,7,0,2,1,1,1,
202100007817,187 773,A01,2,7,0,1,2,19,1,
202100007818,187 771,B01,3,7,0,2,2,16,1,
202100007818,187 772,A01,1,1,0,2,4,1,5,
202100007819,187 769,A01,3,7,0,2,3,20,1,
202100007819,187 770,B01,1,7,0,2,2,1,1,
202100007820,187 767,B01,3,7,0,2,6,9,1,
202100007820,187 768,A01,1,7,0,2,1,1,1,
202100007821,187 766,A01,3,7,6,0,1,16,1,
202100007822,187 764,A01,1,10,0,2,1,1,1,
202100007822,187 765,B01,1,7,0,2,4,1,1,
202100007823,187 762,A01,0,7,0,0,0,0,1,
202100007823,187 763,B01,0,2,0,0,0,0,0,
202100007824,187 760,B01,0,7,0,2,8,1,1,
202100007824,187 761,A01,0,7,0,2,1,9,1,
202100007825,187 758,B01,0,7,0,2,4,1,1,
202100007825,187 759,A01,0,7,0,2,1,1,1,
202100007826,187 754,D01,0,7,0,2,4,1,1,
202100007826,187 755,C01,0,7,0,2,1,1,1,
202100007826,187 756,B01,0,10,0,2,1,1,1,
202100007826,187 757,A01,0,7,0,2,1,1,1,
202100007827,187 750,A01,1,7,0,2,1,2,1,
202100007827,187 751,B01,1,7,0,2,4,2,1,
202100007828,187 746,B01,2,7,1,2,3,1,1,
202100007828,187 747,A01,1,7,0,2,3,13,1,
202100007829,187 744,A01,1,7,0,2,2,1,1,
202100007829,187 745,Z01,2,7,0,2,0,15,1,
202100007830,187 742,B01,2,7,0,2,8,24,1,
202100007830,187 743,A01,2,7,1,0,7,14,2,
202100007831,187 740,A01,1,7,0,2,3,15,1,
202100007831,187 741,B01,2,33,0,2,1,1,1,
202100007832,187 738,B01,3,7,12,2,2,1,1,
202100007832,187 739,A01,3,7,0,2,3,19,1,
202100007833,187 736,A01,2,7,0,2,7,15,1,
202100007833,187 737,B01,1,33,0,2,1,14,1,
202100007834,187 735,A01,1,7,0,1,1,1,1,
202100007835,187 733,A01,1,7,6,2,3,13,1,
202100007835,187 734,B01,2,7,0,2,8,1,1,
202100007836,187 731,A01,1,7,6,2,2,17,1,
202100007836,187 732,B01,1,7,0,2,6,17,1,
202100007837,187 729,B01,2,7,0,2,1,2,1,
202100007837,187 730,A01,2,7,0,1,4,2,1,
202100007838,187 727,B01,1,7,0,2,4,23,1,
202100007838,187 728,A01,1,7,0,2,1,1,1,
202100007839,187 725,B01,1,1,0,2,0,0,0,
202100007839,187 726,A01,1,7,0,9,0,0,1,
202100007840,187 723,A01,1,7,0,2,3,15,1,
202100007840,187 724,B01,1,1,0,2,1,1,0,
202100007841,187 721,A01,2,30,0,2,2,16,1,
202100007841,187 722,B01,2,7,0,2,8,1,1,
202100007842,187 720,A01,3,7,2,0,1,0,1,
202100007843,187 718,A01,2,7,0,2,8,11,1,
202100007843,187 719,B01,2,14,0,2,2,1,1,
202100007844,187 716,B01,1,7,0,2,4,2,2,
202100007844,187 717,A01,1,10,0,2,1,2,1,
202100007845,187 714,A01,2,32,0,2,2,3,1,
202100007845,187 715,B01,2,7,0,2,8,11,1,
202100007846,187 711,C01,1,7,0,2,0,2,1,
202100007846,187 712,B01,1,10,0,2,0,2,1,
202100007846,187 713,A01,1,33,0,2,8,3,1,
202100007847,187 710,Z01,3,10,0,1,1,16,0,
202100007848,187 708,B01,1,7,0,2,3,15,2,
202100007848,187 709,A01,1,50,0,2,3,1,3,
202100007849,187 706,A01,2,43,0,2,2,17,1,
202100007849,187 707,B01,2,7,0,2,3,15,1,
202100007850,187 704,B01,1,30,0,2,8,1,1,
202100007850,187 705,A01,1,50,0,2,7,12,3,
202100007851,187 702,A01,1,7,0,2,2,16,1,
202100007851,187 703,B01,1,60,0,2,1,19,5,
202100007852,187 700,A01,1,7,0,2,8,1,1,
202100007852,187 701,Z01,1,7,0,2,7,12,1,
202100007853,187 699,A01,2,31,0,1,1,1,1,
202100007854,187 697,A01,1,31,0,2,2,2,1,
202100007854,187 698,Z01,1,7,0,2,4,23,1,
202100007855,187 696,A01,1,30,0,1,2,1,1,
202100007856,187 694,A01,2,32,0,2,1,2,1,