Num_Acc,id_vehicule,num_veh,senc,catv,obs,obsm,choc,manv,motor,occutc
202100007856,187 695,B01,2,32,0,2,4,2,1,
202100007857,187 692,A01,1,7,0,2,2,15,1,
202100007857,187 693,B01,2,33,0,2,1,1,1,
202100007858,187 691,A01,1,7,11,0,3,13,1,
202100007859,187 690,A01,2,7,0,1,3,1,1,
202100007860,187 688,A01,1,30,0,2,1,2,1,
202100007860,187 689,B01,1,7,0,2,5,2,1,
202100007861,187 686,A01,3,7,8,2,3,1,1,
202100007861,187 687,B01,3,7,0,2,8,24,1,
202100007862,187 685,A01,1,10,0,1,4,20,3,
202100007863,187 683,B01,1,7,0,2,1,2,1,
202100007863,187 684,A01,1,7,0,2,4,1,2,
202100007864,187 682,A01,1,7,0,1,1,15,0,
202100007865,187 680,B01,1,7,0,2,5,0,1,
202100007865,187 681,A01,2,31,0,2,1,18,3,
202100007866,187 679,A01,2,2,0,1,1,26,1,
202100007867,187 678,A01,-1,7,9,0,1,26,1,
202100007868,187 676,A01,2,32,0,2,1,2,1,
202100007868,187 677,B01,2,33,0,0,4,26,1,
202100007869,187 674,A01,2,7,0,2,0,0,0,
202100007869,187 675,B01,1,2,0,2,0,0,0,
202100007870,187 673,A01,0,30,0,1,0,1,1,
202100007871,187 671,A01,1,7,0,2,3,9,1,
202100007871,187 672,B01,2,15,0,2,2,2,1,
202100007872,187 669,A01,1,32,0,2,1,1,1,
202100007872,187 670,B01,2,7,0,2,1,15,1,
202100007873,187 667,A01,1,10,0,2,3,1,1,
202100007873,187 668,B01,0,7,0,2,1,9,1,
202100007874,187 666,A01,3,7,0,1,3,26,1,
202100007875,187 665,A01,1,34,2,0,0,0,1,
202100007876,187 663,A01,2,7,0,2,2,15,1,
202100007876,187 664,B01,1,43,0,2,1,1,1,
202100007877,187 661,A01,1,7,0,2,4,1,1,
202100007877,187 662,B01,1,37,0,2,4,2,2,1.0
202100007878,187 660,A01,2,33,12,0,1,0,1,
202100007879,187 658,B01,2,7,0,2,8,1,1,
202100007879,187 659,A01,1,7,0,2,1,15,1,
202100007880,187 655,C01,2,7,0,0,8,1,1,
202100007880,187 656,B01,2,7,0,0,1,1,1,
202100007880,187 657,A01,1,7,0,0,1,13,1,
202100007881,187 654,A01,2,43,8,0,1,14,1,
202100007882,187 652,B01,2,7,0,2,5,2,1,
202100007882,187 653,A01,2,7,0,2,6,1,1,
202100007883,187 649,C01,2,10,0,2,1,1,1,
202100007883,187 650,A01,1,7,8,2,2,19,1,
202100007883,187 651,B01,2,7,0,2,3,23,1,
202100007884,187 647,B01,2,7,0,2,1,0,1,
202100007884,187 648,A01,1,7,0,2,2,13,1,
202100007885,187 645,B01,2,1,0,2,7,0,5,
202100007885,187 646,A01,1,7,0,0,2,19,1,
202100007886,187 643,B01,3,7,0,2,1,26,1,
202100007886,187 644,A01,3,2,0,2,3,1,1,
202100007887,187 641,B01,1,33,0,2,0,1,1,
202100007887,187 642,A01,0,7,0,2,6,10,1,
202100007888,187 640,A01,1,16,13,0,1,14,1,
202100007889,187 638,A01,1,7,0,2,1,1,1,
202100007889,187 639,B01,2,3,0,2,1,1,1,
202100007890,187 636,A01,2,13,0,2,2,9,1,
202100007890,187 637,B01,2,7,0,2,5,15,1,
202100007891,187 635,A01,1,7,2,6,9,1,1,
202100007892,187 634,A01,1,3,2,0,1,0,0,
202100007893,187 631,B01,1,7,0,2,0,2,0,
202100007893,187 632,A01,1,7,2,0,3,17,1,
202100007894,187 627,B01,1,33,0,2,1,1,1,
202100007894,187 628,A01,2,7,0,2,2,15,1,
202100007895,187 624,C01,1,13,0,2,6,1,1,
202100007895,187 625,B01,2,13,0,2,1,1,1,
202100007895,187 626,A01,1,7,0,2,1,17,1,
202100007896,187 622,A01,2,7,0,2,1,1,1,
202100007896,187 623,B01,3,7,13,0,8,19,1,
202100007897,187 621,A01,1,31,1,0,1,0,1,
202100007898,187 620,A01,2,7,13,0,1,14,1,
202100007899,187 619,A01,1,7,0,1,2,15,1,
202100007900,187 618,A01,3,7,8,0,8,1,1,
202100007901,187 616,A01,1,7,0,0,3,0,1,
202100007901,187 617,B01,2,7,0,2,3,0,1,
202100007902,187 615,A01,3,7,0,1,2,1,1,
202100007903,187 613,B01,2,7,0,2,1,0,1,
202100007903,187 614,A01,1,7,0,2,1,5,1,
202100007904,187 611,A01,2,7,0,2,5,15,1,
202100007904,187 612,B01,1,33,0,2,1,1,1,
202100007905,187 608,A01,1,10,0,2,3,2,1,
202100007905,187 609,B01,1,7,0,2,4,23,1,
202100007905,187 610,C01,2,7,0,2,8,1,1,
202100007906,187 606,B01,1,14,0,0,4,9,6,
202100007906,187 607,A01,1,7,0,2,1,13,1,
202100007907,187 605,A01,1,10,8,0,1,1,1,
202100007908,187 603,B01,3,34,0,0,1,1,1,
202100007908,187 604,A01,3,7,0,0,3,15,1,
202100007909,187 602,A01,2,36,15,0,3,1,1,
202100007910,187 600,B01,1,15,0,2,1,2,1,
202100007910,187 601,A01,1,7,0,2,4,0,1,
202100007911,187 599,A01,2,10,0,1,8,1,1,
202100007912,187 597,A01,1,7,0,2,3,17,1,
202100007912,187 598,B01,2,33,0,2,1,1,1,
202100007913,187 596,A01,1,7,0,1,2,17,1,
202100007914,187 594,B01,2,7,0,2,3,9,1,
202100007914,187 595,A01,1,33,0,2,1,1,1,
202100007915,187 592,A01,1,7,0,2,1,15,1,
202100007915,187 593,B01,2,32,0,2,8,1,1,
202100007916,187 591,A01,2,7,2,0,2,1,1,
202100007917,187 590,A01,3,33,9,0,0,17,1,
202100007918,187 589,A01,2,7,16,0,0,1,1,
202100007919,187 587,A01,1,7,0,2,6,16,1,
202100007919,187 588,B01,1,7,0,2,2,1,1,
202100007920,187 585,A01,2,7,0,2,8,15,1,
202100007920,187 586,B01,2,33,0,2,1,17,1,
202100007921,187 584,A01,1,7,0,1,1,1,1,
202100007922,187 582,A01,2,10,0,2,2,15,1,
202100007922,187 583,B01,1,33,0,2,7,1,1,
202100007923,187 581,A01,0,7,0,1,2,1,1,
202100007924,187 579,B01,2,7,0,2,1,1,1,
202100007924,187 580,A01,1,7,0,2,1,13,1,
202100007925,187 574,B01,2,1,0,2,1,1,5,
202100007925,187 575,E01,2,1,0,2,1,1,5,
202100007925,187 576,D01,2,1,0,2,1,1,5,
202100007925,187 577,C01,2,1,0,2,1,1,5,
202100007925,187 578,A01,1,7,0,2,2,15,1,
202100007926,187 572,A01,3,7,0,0,2,17,2,
202100007926,187 573,B01,3,30,0,0,8,13,1,
202100007927,187 570,B01,3,7,0,2,6,15,1,
202100007927,187 571,A01,3,7,0,2,3,1,1,
202100007928,187 569,A01,3,7,0,0,1,1,1,
202100007929,187 567,A01,1,7,0,0,0,26,1,
202100007929,187 568,B01,2,31,0,2,1,26,1,
202100007930,187 565,B01,2,7,0,2,1,1,1,
202100007930,187 566,A01,2,7,6,2,4,1,1,
202100007931,187 563,B01,1,7,0,2,1,2,1,
202100007931,187 564,A01,1,10,0,2,4,2,1,
202100007932,187 562,A01,1,7,4,0,1,16,1,
202100007933,187 561,A01,1,7,4,0,9,13,1,
202100007934,187 559,B01,1,7,0,2,4,1,1,
202100007934,187 560,A01,1,7,0,2,1,2,1,
202100007935,187 557,B01,1,7,0,2,4,1,1,
202100007935,187 558,Z01,1,7,0,2,1,2,1,
202100007936,187 555,B01,2,10,0,2,5,2,1,
202100007936,187 556,A01,2,7,0,2,5,2,1,
202100007937,187 553,B01,2,33,0,2,1,2,1,
202100007937,187 554,A01,2,10,0,2,3,2,1,
202100007938,187 551,B01,1,7,0,2,6,1,1,
202100007938,187 552,A01,1,14,0,2,2,12,1,
202100007939,187 550,A01,2,10,3,0,1,2,1,
202100007940,187 548,B01,1,7,0,2,8,1,1,
202100007940,187 549,A01,1,15,0,2,2,12,1,
202100007941,187 546,A01,2,7,0,2,3,2,1,
202100007941,187 547,B01,2,31,0,2,5,9,1,
202100007942,187 543,A01,2,17,0,2,3,13,1,
202100007942,187 544,B01,2,33,0,2,7,0,1,
202100007942,187 545,C01,2,33,0,2,7,0,1,
202100007943,187 541,B01,2,33,0,2,8,11,1,
202100007943,187 542,A01,2,7,0,2,5,1,1,
202100007944,187 539,B01,2,10,0,2,5,23,1,
202100007944,187 540,A01,2,7,0,2,1,9,1,
202100007945,187 538,A01,2,33,0,0,8,15,1,
202100007946,187 531,G01,1,7,0,2,1,1,2,
202100007946,187 532,F01,1,7,0,2,4,1,1,
202100007946,187 533,E01,1,7,0,2,0,0,1,
202100007946,187 534,D01,1,7,0,2,4,1,1,
202100007946,187 535,C01,1,7,0,2,1,2,1,
202100007946,187 536,B01,1,7,0,2,4,23,1,
202100007946,187 537,A01,1,10,0,2,1,9,1,
202100007947,187 528,A01,1,33,0,2,3,3,1,
202100007947,187 529,B01,1,7,0,2,2,12,1,
202100007947,187 530,C01,1,7,0,2,8,1,1,
202100007948,187 525,C01,1,7,0,2,4,2,1,
202100007948,187 526,B01,1,10,0,2,4,2,1,
202100007948,187 527,A01,1,14,0,2,1,2,1,
202100007949,187 523,A01,1,34,0,2,4,2,1,
202100007949,187 524,B01,1,34,0,0,1,2,1,
202100007950,187 521,B01,1,33,0,2,1,3,1,
202100007950,187 522,A01,1,7,0,2,8,13,1,
202100007951,187 518,A01,2,7,0,2,4,23,1,
202100007951,187 519,C01,2,7,0,2,1,2,0,
202100007951,187 520,B01,2,7,0,2,4,23,1,
202100007952,187 516,A01,2,7,0,2,6,11,1,
202100007952,187 517,B01,2,15,0,2,2,1,1,
202100007953,187 514,A01,1,7,0,2,4,1,1,
202100007953,187 515,B01,1,7,0,2,2,14,1,
202100007954,187 512,B01,2,33,0,2,7,3,1,
202100007954,187 513,A01,2,7,0,2,8,11,1,
202100007955,187 510,B01,1,31,0,2,1,3,1,
202100007955,187 511,A01,1,7,0,2,6,11,1,
202100007956,187 509,A01,2,7,0,0,0,21,1,
202100007957,187 508,A01,3,7,0,1,8,1,1,
202100007958,187 506,A01,3,13,0,2,2,1,1,
202100007958,187 507,B01,3,7,0,2,4,1,1,
202100007959,187 503,A01,3,7,0,2,1,26,1,
202100007959,187 504,B01,3,7,0,2,4,0,1,
202100007959,187 505,C01,3,7,0,2,4,0,1,
202100007960,187 502,A01,1,7,0,1,1,1,1,
202100007961,187 500,A01,2,7,0,2,2,15,1,
202100007961,187 501,B01,1,1,0,2,1,1,5,
202100007962,187 496,B01,1,2,0,2,8,15,1,
202100007962,187 497,A01,1,7,0,2,1,17,1,
202100007963,187 494,A01,3,1,0,2,1,1,5,
202100007963,187 495,B01,3,7,0,2,0,1,1,
202100007964,187 493,B01,2,33,0,4,1,1,1,
202100007965,187 491,A01,1,7,0,9,5,14,1,
202100007965,187 492,B01,1,1,0,2,8,1,0,
202100007966,187 489,B01,2,2,0,2,1,1,1,
202100007966,187 490,A01,1,7,0,2,3,9,1,
202100007967,187 488,A01,2,50,0,1,1,1,3,
202100007968,187 487,A01,0,1,0,9,1,0,5,
202100007969,187 486,A01,2,33,5,0,0,0,0,
202100007970,187 485,A01,2,7,8,0,1,21,1,
202100007971,187 483,A01,2,30,0,2,1,0,1,
202100007971,187 484,B01,3,7,0,2,1,15,1,
202100007972,187 482,A01,3,7,9,1,2,15,1,
202100007973,187 480,A01,2,7,0,2,3,1,1,
202100007973,187 481,B01,1,37,0,2,2,1,1,3.0
202100007974,187 478,B01,1,33,0,2,1,17,1,
202100007974,187 479,A01,2,7,0,2,8,15,1,
202100007975,187 476,B01,2,7,0,2,3,1,1,
202100007975,187 477,A01,1,33,0,2,1,19,1,
202100007976,187 474,B01,1,7,0,2,1,1,1,
202100007976,187 475,A01,1,7,0,2,1,15,1,
202100007977,187 473,A01,3,7,14,1,1,1,1,
202100007978,187 472,A01,3,7,11,0,9,21,1,
202100007979,187 470,A01,3,7,0,2,2,15,2,
202100007979,187 471,B01,3,34,0,2,2,1,1,
202100007980,187 469,A01,2,7,0,1,8,26,1,
202100007981,187 467,A01,2,7,0,2,1,2,1,
202100007981,187 468,B01,2,7,0,2,4,1,1,
202100007982,187 464,A01,2,7,0,2,1,26,1,
202100007982,187 465,B01,2,7,0,2,9,26,1,
202100007982,187 466,C01,1,7,0,2,4,0,1,
202100007983,187 463,A01,1,7,0,1,1,1,1,
202100007984,187 462,A01,3,10,12,0,1,26,1,
202100007985,187 461,A01,2,7,0,1,3,1,2,
202100007986,187 459,B01,1,10,0,2,1,9,1,
202100007986,187 460,A01,2,7,0,2,3,9,1,
202100007987,187 457,A01,1,1,0,0,8,1,5,
202100007988,187 453,B01,3,50,0,2,8,9,3,
202100007988,187 454,A01,2,7,0,9,2,1,1,
202100007989,187 451,B01,3,2,0,2,1,1,1,
202100007989,187 452,A01,3,7,0,2,1,15,1,
202100007990,187 449,B01,1,7,0,2,2,1,1,
202100007990,187 450,A01,2,2,0,2,1,13,1,
202100007991,187 447,B01,0,10,0,2,2,15,1,
202100007991,187 448,A01,3,2,0,2,1,1,1,
202100007992,187 446,A01,0,7,0,1,1,1,1,
202100007993,187 444,A01,0,30,0,2,1,2,1,
202100007993,187 445,B01,3,7,0,2,4,23,1,
202100007994,187 442,A01,2,7,0,2,2,1,1,
202100007994,187 443,B01,1,50,0,2,0,19,3,
202100007995,187 441,A01,1,7,1,0,5,1,1,
202100007996,187 439,A01,1,7,0,2,5,15,1,
202100007996,187 440,B01,2,31,0,2,1,1,1,
202100007997,187 437,A01,2,10,0,2,7,15,1,
202100007997,187 438,B01,1,7,0,2,2,1,1,
202100007998,187 435,A01,0,7,0,2,1,2,1,
202100007998,187 436,B01,0,7,0,2,4,2,1,
202100007999,187 434,A01,1,7,15,0,1,14,1,
202100008000,187 433,A01,1,10,0,1,4,4,1,
202100008001,187 431,A01,0,7,0,2,1,9,1,
202100008001,187 432,B01,0,2,0,2,7,1,1,
202100008002,187 429,A01,2,30,0,2,1,1,1,
202100008002,187 430,B01,2,7,0,2,4,1,3,
202100008003,187 428,A01,1,2,0,0,7,15,1,
202100008004,187 427,A01,2,7,8,0,2,14,1,
202100008005,187 425,A01,3,7,0,2,2,15,1,
202100008005,187 426,B01,3,50,0,2,1,1,3,
202100008006,187 423,A01,1,1,0,2,1,26,5,
202100008006,187 424,B01,1,7,0,2,4,1,1,
202100008007,187 422,A01,3,7,0,1,1,1,1,
202100008008,187 418,B01,1,7,0,9,2,1,1,
202100008008,187 419,A01,1,1,0,2,8,13,5,
202100008009,187 416,B01,1,2,0,2,1,1,1,
202100008009,187 417,A01,1,7,0,9,7,15,1,
202100008010,187 414,A01,1,7,0,2,1,2,1,
202100008010,187 415,B01,1,7,0,2,4,2,1,
202100008011,187 412,B01,3,7,0,2,3,0,1,
202100008011,187 413,A01,3,7,0,2,1,19,1,
202100008012,187 410,B01,2,7,0,2,6,10,1,
202100008012,187 411,A01,1,33,0,2,0,1,1,
202100008013,187 408,A01,1,2,0,2,1,7,1,
202100008013,187 409,B01,1,7,0,2,2,16,1,
202100008014,187 407,A01,1,7,0,0,1,26,1,
202100008015,187 405,A01,1,7,0,2,3,1,1,
202100008015,187 406,B01,1,60,0,2,2,26,5,
202100008016,187 404,A01,3,1,0,1,3,1,5,
202100008017,187 402,A01,1,7,0,2,1,19,1,
202100008017,187 403,B01,1,1,0,2,6,1,5,
202100008018,187 401,A01,0,33,0,0,0,26,1,
202100008019,187 399,B01,1,7,12,0,3,9,1,
202100008020,187 396,C01,1,7,0,2,4,1,1,
202100008020,187 397,B01,1,7,0,2,4,1,1,
202100008020,187 398,A01,1,7,0,2,1,1,1,
202100008021,187 394,B01,1,7,0,9,2,1,1,
202100008021,187 395,A01,1,50,0,2,3,19,3,
202100008022,187 393,A01,2,7,0,1,2,1,1,
202100008023,187 390,A01,3,7,0,2,1,2,1,
202100008023,187 391,B01,3,7,0,2,4,2,1,
202100008023,187 392,C01,3,7,0,2,4,2,1,
202100008024,187 386,D01,2,7,0,2,4,2,1,
202100008024,187 387,C01,2,7,0,2,4,2,1,
202100008024,187 388,B01,2,7,0,2,4,2,1,
202100008024,187 389,A01,2,7,0,2,1,2,1,
202100008025,187 384,A01,2,7,0,2,1,2,1,
202100008025,187 385,B01,2,7,0,2,4,1,2,
202100008026,187 383,A01,3,7,7,0,1,1,1,
202100008027,187 382,A01,1,32,1,0,1,1,1,
202100008028,187 380,A01,1,32,0,2,1,18,1,
202100008028,187 381,B01,1,60,0,2,0,1,5,
202100008029,187 377,A01,2,99,0,2,1,2,1,
202100008029,187 378,C01,1,7,0,0,4,2,1,
202100008029,187 379,B01,2,7,0,2,4,23,1,
202100008030,187 375,A01,2,7,0,2,3,16,1,
202100008030,187 376,B01,2,31,1,2,1,1,1,
202100008031,187 373,A01,1,7,0,2,2,19,1,
202100008031,187 374,B01,1,33,0,2,1,1,1,
202100008032,187 372,A01,1,7,0,1,2,1,1,
202100008033,187 370,A01,1,2,0,2,1,1,1,
202100008033,187 371,B01,1,7,0,2,1,1,1,
202100008034,187 368,B01,3,1,0,2,3,1,5,
202100008034,187 369,A01,3,7,0,2,3,15,1,
202100008035,187 366,B01,1,1,0,2,4,1,5,
202100008035,187 367,A01,1,7,0,2,2,2,1,
202100008036,187 364,B01,1,7,0,2,4,23,1,
202100008036,187 365,A01,1,30,0,2,1,1,1,
202100008037,187 363,A01,3,32,0,1,1,1,1,
202100008038,187 362,A01,1,7,0,1,0,1,1,
202100008039,187 360,A01,1,7,0,2,2,1,1,
202100008039,187 361,B01,1,1,0,2,4,0,5,
202100008040,187 358,B01,1,7,1,2,3,19,1,
202100008040,187 359,A01,3,7,0,2,1,19,1,
202100008041,187 356,B01,1,32,0,2,1,1,1,
202100008041,187 357,A01,1,7,0,2,2,19,1,
202100008042,187 354,A01,1,33,0,2,8,3,1,
202100008042,187 355,Z01,1,7,0,2,5,12,0,
202100008043,187 353,A01,2,7,4,0,1,11,1,
202100008044,187 351,A01,2,34,0,2,2,3,1,
202100008044,187 352,B01,2,7,0,2,6,1,1,
202100008045,187 349,A01,1,10,0,2,8,10,1,
202100008045,187 350,B01,1,34,0,2,1,1,1,
202100008046,187 347,A01,2,7,0,2,8,22,1,
202100008046,187 348,B01,2,1,0,2,1,1,5,
202100008047,187 346,A01,1,50,0,0,1,1,3,
202100008048,187 345,A01,2,7,0,1,6,4,1,
202100008049,187 343,B01,2,7,0,2,6,1,1,
202100008049,187 344,A01,2,32,0,2,1,14,1,
202100008050,187 341,A01,2,7,0,2,8,22,1,
202100008050,187 342,B01,2,1,0,2,1,1,5,
202100008051,187 340,A01,1,7,7,0,1,12,1,
202100008052,187 339,Z01,1,1,0,1,1,5,5,
202100008053,187 337,A01,2,32,0,2,8,1,1,
202100008053,187 338,B01,1,7,0,2,2,15,1,
202100008054,187 335,A01,2,7,0,2,2,16,1,
202100008054,187 336,B01,2,1,0,2,1,1,5,
202100008055,187 333,B01,1,1,0,2,8,13,5,
202100008055,187 334,A01,1,37,0,2,2,7,2,1.0
202100008056,187 332,Z01,2,10,0,1,2,16,0,
202100008057,187 330,B01,2,7,0,2,8,15,1,
202100008057,187 331,A01,1,2,0,2,1,1,0,
202100008058,187 328,B01,2,33,0,2,1,1,1,
202100008058,187 329,A01,1,7,0,2,8,1,1,
202100008059,187 327,A01,1,10,0,1,1,1,1,
202100008060,187 325,B01,2,7,0,2,3,15,1,
202100008060,187 326,A01,1,33,0,2,2,5,1,
202100008061,187 324,A01,2,7,0,1,3,1,1,
202100008062,187 320,B01,1,7,0,2,2,16,1,
202100008062,187 321,A01,1,32,0,2,2,16,1,
202100008063,187 317,C01,2,99,0,2,1,2,0,
202100008063,187 318,B01,2,99,0,2,4,2,1,
202100008063,187 319,A01,2,99,0,2,4,2,1,
202100008064,187 316,Z01,1,2,0,1,1,1,0,
202100008065,187 315,A01,1,10,0,1,1,1,1,
202100008066,187 314,A01,1,7,0,1,1,1,1,
202100008067,187 312,B01,2,37,0,2,8,1,1,1.0
202100008067,187 313,A01,2,7,0,2,3,16,1,
202100008068,187 311,A01,1,7,0,1,1,16,2,
202100008069,187 309,A01,2,7,0,2,4,20,6,
202100008069,187 310,B01,2,1,0,2,1,0,0,
202100008070,187 307,B01,2,7,0,2,6,15,1,
202100008070,187 308,A01,2,34,0,2,1,13,1,
202100008071,187 306,A01,1,30,0,0,1,15,1,
202100008072,187 304,B01,1,32,0,2,1,1,1,
202100008072,187 305,A01,1,7,0,2,8,19,1,
202100008073,187 303,A01,1,31,0,0,0,13,0,
202100008074,187 301,A01,2,10,0,2,3,17,1,
202100008074,187 302,B01,1,1,0,2,3,1,5,
202100008075,187 299,B01,1,3,0,2,1,1,1,
202100008075,187 300,A01,1,7,0,2,4,23,1,
202100008076,187 297,B01,1,7,0,9,1,0,1,
202100008076,187 298,A01,1,33,0,2,1,17,1,
202100008077,187 296,A01,1,3,0,1,1,16,3,
202100008078,187 294,B01,2,7,0,2,2,5,1,
202100008078,187 295,A01,1,14,0,2,2,1,1,
202100008079,187 293,A01,1,7,0,0,7,1,1,
202100008080,187 291,B01,0,33,0,2,1,1,1,
202100008080,187 292,A01,0,7,0,2,6,9,1,
202100008081,187 289,A01,2,7,0,2,1,13,2,
202100008081,187 290,B01,1,7,0,2,1,1,1,
202100008082,187 288,A01,3,10,10,0,2,0,1,
202100008083,187 286,B01,1,7,0,2,2,1,1,
202100008083,187 287,A01,1,7,8,2,3,1,1,
202100008084,187 284,A01,2,7,0,2,3,13,2,
202100008084,187 285,B01,1,7,0,2,1,1,1,
202100008085,187 282,A01,0,10,0,2,2,15,1,
202100008085,187 283,B01,0,2,0,2,1,1,1,
202100008086,187 280,B01,2,10,0,2,1,1,1,
202100008086,187 281,A01,0,7,0,2,7,1,1,
202100008087,187 278,A01,3,10,13,2,7,19,1,
202100008087,187 279,B01,2,17,0,2,3,1,1,
202100008088,187 276,B01,2,10,0,2,1,2,1,
202100008088,187 277,A01,1,7,0,2,3,13,1,
202100008089,187 274,B01,1,7,4,0,4,2,1,
202100008089,187 275,A01,1,7,0,2,3,2,1,
202100008090,187 272,A01,3,7,0,2,1,13,1,
202100008090,187 273,B01,3,7,0,2,1,1,1,
202100008091,187 271,A01,0,7,2,0,1,15,1,
202100008092,187 270,A01,1,2,0,0,0,1,1,
202100008093,187 269,A01,2,7,2,0,3,1,1,
202100008094,187 268,A01,1,7,6,0,1,1,2,
202100008095,187 266,A01,1,7,0,0,7,15,1,
202100008095,187 267,B01,2,33,0,2,1,1,1,
202100008096,187 265,A01,1,7,16,0,9,1,1,
202100008097,187 263,B01,2,14,0,0,6,1,1,
202100008097,187 264,A01,2,10,3,2,2,2,1,
202100008098,187 261,A01,3,7,0,2,2,1,1,
202100008098,187 262,B01,3,7,0,2,3,9,1,
202100008099,187 259,A01,1,7,0,2,1,15,1,
202100008099,187 260,B01,2,7,15,2,8,1,1,
202100008100,187 258,A01,1,7,0,6,3,1,1,
202100008101,187 256,A01,2,17,0,2,2,2,1,
202100008101,187 257,B01,2,17,0,2,6,2,1,
202100008102,187 255,A01,2,32,13,0,2,1,1,
202100008103,187 254,A01,2,2,2,0,1,1,1,
202100008104,187 252,B01,1,10,0,2,3,1,1,
202100008104,187 253,A01,2,7,0,2,3,1,1,
202100008105,187 250,B01,2,7,0,2,1,1,1,
202100008105,187 251,A01,1,7,0,2,1,17,1,
202100008106,187 248,A01,0,38,0,2,0,20,1,1.0
202100008106,187 249,B01,0,30,0,0,0,0,1,
202100008107,187 245,A01,2,7,0,2,0,13,1,
202100008107,187 246,B01,1,7,0,2,1,1,1,
202100008107,187 247,C01,1,10,0,2,6,1,1,
202100008108,187 243,B01,2,32,0,2,8,1,1,
202100008108,187 244,A01,1,7,0,2,3,13,1,
202100008109,187 236,C01,1,7,0,0,4,2,1,
202100008109,187 237,B01,1,7,0,2,1,1,1,
202100008109,187 238,A01,1,7,0,2,1,2,1,
202100008110,187 235,A01,1,7,0,1,1,1,1,
202100008111,187 234,A01,1,33,0,6,3,21,1,
202100008112,187 230,A01,1,7,13,0,1,14,1,
202100008113,187 227,B01,2,33,0,2,7,3,1,
202100008113,187 228,C01,2,7,0,2,7,1,1,
202100008113,187 229,A01,2,33,0,2,3,11,1,
202100008114,187 226,A01,2,7,3,0,9,2,1,
202100008115,187 225,A01,2,7,13,0,1,1,1,
202100008116,187 221,C01,2,7,0,2,4,2,1,
202100008116,187 222,B01,2,7,0,2,4,2,1,
202100008116,187 223,A01,2,10,0,2,1,2,1,
202100008116,187 224,D01,2,7,0,2,4,2,1,
202100008117,187 219,A01,2,10,0,2,8,11,1,
202100008117,187 220,B01,2,31,0,2,1,3,1,
202100008118,187 217,A01,1,7,0,2,1,2,1,
202100008118,187 218,B01,1,7,0,2,4,2,1,
202100008119,187 215,B01,2,7,0,2,3,11,1,
202100008119,187 216,A01,2,34,0,2,2,3,1,
202100008120,187 214,A01,1,7,4,0,1,13,1,
202100008121,187 212,B01,2,7,0,2,4,2,1,
202100008121,187 213,A01,2,33,0,2,1,3,1,
202100008122,187 210,A01,1,7,0,2,3,11,1,
202100008122,187 211,B01,1,15,0,2,2,1,0,
202100008123,187 206,A01,2,33,0,2,7,3,1,
202100008123,187 207,B01,2,7,0,2,8,1,1,
202100008123,187 208,C01,2,7,0,2,7,0,1,
202100008123,187 209,D01,2,7,0,2,4,1,1,
202100008124,187 205,A01,1,33,0,0,9,26,1,
202100008125,187 203,B01,1,7,0,9,2,1,1,
202100008125,187 204,A01,1,7,0,9,1,1,1,
202100008126,187 201,A01,2,7,0,2,1,1,1,
202100008126,187 202,B01,2,7,0,2,4,12,1,
202100008127,187 197,D01,1,7,0,2,1,2,1,
202100008127,187 198,C01,1,7,0,2,4,2,2,
202100008127,187 199,B01,1,7,0,2,4,2,1,
202100008127,187 200,A01,1,7,0,2,4,1,1,
202100008128,187 193,B01,1,7,0,2,4,2,1,
202100008128,187 194,A01,1,7,0,2,4,1,1,
202100008128,187 195,C01,1,7,0,2,4,2,1,
202100008128,187 196,D01,1,7,0,2,1,2,1,
202100008129,187 190,A01,1,17,1,0,2,1,0,
202100008129,187 191,C01,1,10,0,0,6,24,0,
202100008129,187 192,B01,1,10,0,0,8,23,1,
202100008130,187 188,B01,1,7,0,2,7,12,1,
202100008130,187 189,A01,1,43,0,2,8,1,1,
202100008131,187 186,B01,1,7,0,2,6,1,1,
202100008131,187 187,A01,1,15,0,2,2,14,1,
202100008132,187 184,A01,1,7,1,0,2,1,1,
202100008132,187 185,B01,1,15,0,2,6,23,1,
202100008133,187 183,A01,1,33,0,2,8,3,1,
202100008134,187 181,B01,2,7,0,2,7,12,1,
202100008134,187 182,A01,2,31,0,2,8,3,1,
202100008135,187 179,B01,2,33,0,2,1,3,1,
202100008135,187 180,A01,2,7,0,2,4,3,1,
202100008136,187 176,A01,2,30,0,2,7,1,1,
202100008136,187 177,B01,2,7,0,2,1,15,1,
202100008137,187 175,A01,0,80,1,0,1,0,3,
202100008138,187 171,B01,2,7,0,2,1,1,1,
202100008138,187 172,A01,1,7,0,2,8,19,1,
202100008139,187 170,A01,2,7,0,1,1,1,1,
202100008140,187 168,A01,1,7,0,2,3,9,1,
202100008140,187 169,B01,1,33,0,2,6,1,1,
202100008141,187 165,C01,1,7,0,2,1,1,1,
202100008141,187 166,A01,2,7,0,2,3,18,1,
202100008141,187 167,B01,2,7,0,2,7,1,1,
202100008142,187 163,A01,2,7,0,2,7,12,1,
202100008142,187 164,B01,2,32,0,2,8,1,1,
202100008143,187 161,Z01,2,7,0,2,0,15,0,
202100008143,187 162,A01,1,30,0,2,4,1,1,
202100008144,187 159,B01,2,7,0,2,2,1,1,
202100008144,187 160,A01,3,7,0,2,5,4,1,
202100008145,187 157,B01,2,1,0,2,4,1,5,
202100008145,187 158,A01,2,7,0,2,1,1,1,