Num_Acc,id_vehicule,num_veh,senc,catv,obs,obsm,choc,manv,motor,occutc
202100008454,186 627,A01,1,1,0,2,4,9,6,
202100008454,186 628,B01,1,7,0,2,1,1,1,
202100008455,186 625,A01,3,7,0,2,3,13,1,
202100008455,186 626,B01,3,80,0,2,1,1,3,
202100008456,186 623,Z01,3,7,0,2,0,0,0,
202100008456,186 624,B01,3,1,0,2,0,26,5,
202100008457,186 621,B01,3,50,0,2,1,19,3,
202100008457,186 622,A01,3,7,0,2,1,5,1,
202100008458,186 620,A01,1,2,1,0,0,14,1,
202100008459,186 618,A01,3,7,0,2,8,8,1,
202100008459,186 619,B01,3,37,0,2,0,1,3,2.0
202100008460,186 616,B01,1,7,0,2,4,20,1,
202100008460,186 617,A01,1,7,0,2,1,1,1,
202100008461,186 614,B01,2,1,0,2,1,2,5,
202100008461,186 615,A01,1,7,0,2,1,15,1,
202100008462,186 613,A01,1,7,0,2,1,13,0,
202100008463,186 611,B01,1,2,0,2,0,0,1,
202100008463,186 612,A01,2,7,0,2,0,0,1,
202100008464,186 609,A01,1,7,0,9,1,1,1,
202100008464,186 610,B01,1,1,0,2,1,1,5,
202100008465,186 607,A01,1,7,0,2,1,2,1,
202100008465,186 608,B01,1,7,0,2,4,2,1,
202100008466,186 605,B01,1,1,0,2,8,1,5,
202100008466,186 606,A01,1,7,0,9,7,17,1,
202100008467,186 603,B01,0,2,0,2,7,1,1,
202100008467,186 604,A01,0,7,0,2,6,10,1,
202100008468,186 601,A01,1,30,0,2,2,17,1,
202100008468,186 602,B01,1,7,0,2,8,1,1,
202100008469,186 599,Z01,0,7,0,2,7,1,0,
202100008469,186 600,B01,1,1,0,2,8,1,5,
202100008470,186 597,A01,1,7,0,2,3,9,1,
202100008470,186 598,B01,1,7,0,2,2,1,1,
202100008471,186 595,B01,1,30,0,2,1,1,1,
202100008471,186 596,A01,1,7,0,2,2,15,1,
202100008472,186 594,A01,3,1,12,0,0,13,5,
202100008473,186 592,B01,2,10,11,2,1,2,1,
202100008473,186 593,A01,2,7,11,2,3,15,1,
202100008474,186 590,A01,2,7,0,2,1,1,1,
202100008474,186 591,B01,2,7,0,2,4,1,1,
202100008475,186 588,B01,1,31,0,2,0,1,1,
202100008475,186 589,A01,0,7,0,2,0,9,1,
202100008476,186 586,B01,3,50,0,2,1,1,3,
202100008476,186 587,A01,1,7,1,0,1,1,1,
202100008477,186 584,B01,2,7,0,2,1,1,1,
202100008477,186 585,A01,3,1,0,2,8,19,5,
202100008478,186 582,A01,2,7,0,2,4,20,1,
202100008478,186 583,B01,2,7,1,2,1,1,1,
202100008479,186 580,Z01,1,7,14,2,1,1,1,
202100008479,186 581,B01,1,1,0,2,8,19,5,
202100008480,186 578,B01,1,7,0,2,2,20,1,
202100008480,186 579,A01,1,30,0,2,1,18,1,
202100008481,186 576,B01,1,99,0,2,2,0,1,
202100008481,186 577,Z01,1,7,0,2,3,15,1,
202100008482,186 574,A01,2,7,0,2,3,17,1,
202100008482,186 575,B01,1,80,0,2,1,0,3,
202100008483,186 572,A01,3,7,0,2,1,9,1,
202100008483,186 573,B01,3,2,0,2,1,1,1,
202100008484,186 570,B01,3,7,0,2,3,1,1,
202100008484,186 571,A01,1,7,0,2,3,9,1,
202100008485,186 568,B01,1,30,0,2,4,1,1,
202100008485,186 569,A01,1,7,0,2,2,1,1,
202100008486,186 566,A01,1,7,0,2,1,1,1,
202100008486,186 567,B01,1,7,0,0,4,15,1,
202100008487,186 564,B01,2,2,0,2,1,9,1,
202100008487,186 565,A01,2,7,0,2,4,1,1,
202100008488,186 557,A01,2,7,0,2,9,17,1,
202100008488,186 558,B01,2,7,0,2,8,17,1,
202100008489,186 556,Z01,2,7,0,1,2,1,0,
202100008490,186 554,B01,3,1,0,2,3,1,5,
202100008490,186 555,A01,3,7,0,2,2,15,1,
202100008491,186 553,A01,3,7,0,1,3,1,1,
202100008492,186 551,A01,2,7,1,0,1,2,1,
202100008492,186 552,B01,3,7,9,2,4,24,0,
202100008493,186 550,A01,1,10,8,0,1,1,1,
202100008494,186 548,B01,2,10,0,2,1,1,1,
202100008494,186 549,A01,1,7,0,2,1,1,1,
202100008495,186 547,A01,3,7,0,1,3,1,1,
202100008496,186 545,A01,3,7,0,2,1,1,1,
202100008496,186 546,B01,3,30,0,2,4,23,1,
202100008497,186 544,A01,2,34,0,1,1,2,1,
202100008498,186 543,A01,3,7,0,1,1,9,1,
202100008499,186 541,A01,2,7,0,1,2,5,1,
202100008499,186 542,B01,1,7,0,2,2,1,2,
202100008500,186 540,A01,1,7,0,1,1,16,1,
202100008501,186 539,A01,1,1,12,0,0,14,5,
202100008502,186 537,A01,2,7,0,2,1,1,2,
202100008502,186 538,B01,1,1,0,2,7,1,5,
202100008503,186 535,A01,2,50,0,2,1,1,3,
202100008503,186 536,Z01,1,7,0,2,2,15,0,
202100008504,186 533,A01,1,30,0,2,1,7,1,
202100008504,186 534,B01,1,7,0,2,5,22,1,
202100008505,186 532,A01,2,7,1,0,2,14,3,
202100008506,186 531,A01,2,33,11,0,3,1,1,
202100008507,186 529,B01,1,2,0,2,2,14,1,
202100008507,186 530,A01,1,7,0,2,3,1,1,
202100008508,186 527,B01,2,7,0,0,4,23,1,
202100008508,186 528,A01,2,7,0,2,1,2,1,
202100008509,186 525,A01,3,7,0,2,1,2,1,
202100008509,186 526,B01,3,50,0,2,4,2,3,
202100008510,186 523,A01,-1,7,0,2,1,2,1,
202100008510,186 524,B01,-1,7,0,2,4,2,1,
202100008511,186 521,A01,3,7,0,2,3,26,1,
202100008511,186 522,B01,1,7,1,0,0,0,1,
202100008512,186 519,B01,1,7,0,0,4,2,2,
202100008512,186 520,A01,1,7,1,2,1,2,1,
202100008513,186 517,A01,1,7,0,2,2,9,1,
202100008513,186 518,B01,2,10,0,2,7,1,1,
202100008514,186 515,B01,1,33,0,2,4,23,1,
202100008514,186 516,A01,1,33,0,2,1,26,1,
202100008515,186 512,C01,0,7,0,2,2,1,1,
202100008515,186 513,B01,0,7,0,2,1,1,2,
202100008515,186 514,A01,0,7,0,2,5,1,1,
202100008516,186 510,A01,1,33,0,2,1,2,1,
202100008516,186 511,B01,1,7,0,2,4,1,3,
202100008517,186 509,A01,3,10,0,1,3,20,0,
202100008518,186 507,A01,2,7,0,2,8,13,1,
202100008518,186 508,B01,1,7,0,2,8,13,1,
202100008519,186 506,A01,0,7,0,1,1,1,1,
202100008520,186 504,A01,2,7,0,0,4,23,1,
202100008520,186 505,B01,2,99,0,2,1,1,6,
202100008521,186 503,A01,3,7,6,0,2,1,1,
202100008522,186 501,A01,2,7,0,2,2,1,1,
202100008522,186 502,B01,1,7,0,2,1,1,1,
202100008523,186 499,B01,2,10,0,2,2,2,1,
202100008523,186 500,A01,2,7,0,0,4,23,1,
202100008524,186 497,A01,1,31,0,2,1,17,1,
202100008524,186 498,B01,2,7,0,9,3,1,1,
202100008525,186 492,A01,2,7,0,2,1,13,1,
202100008525,186 493,B01,1,15,0,2,3,1,1,
202100008526,186 491,A01,2,7,2,0,2,1,1,
202100008527,186 490,A01,1,15,0,0,0,1,1,
202100008528,186 489,A01,1,7,2,0,1,1,1,
202100008529,186 488,A01,3,10,7,0,0,1,1,
202100008530,186 487,A01,1,7,0,1,1,1,1,
202100008531,186 486,A01,2,21,0,0,9,1,1,
202100008532,186 484,B01,2,7,0,2,1,1,1,
202100008532,186 485,A01,1,10,0,2,2,13,1,
202100008533,186 483,A01,0,7,2,0,2,1,1,
202100008534,186 481,B01,1,14,0,2,1,1,1,
202100008534,186 482,A01,2,7,0,2,8,10,1,
202100008535,186 480,A01,1,7,10,0,3,19,1,
202100008536,186 478,B01,2,10,0,2,1,1,0,
202100008536,186 479,A01,1,7,0,2,7,19,0,
202100008537,186 476,A01,2,7,0,1,0,0,1,
202100008537,186 477,B01,2,2,0,1,1,1,1,
202100008538,186 474,A01,1,80,0,2,5,1,3,
202100008538,186 475,B01,1,7,0,2,3,2,1,
202100008539,186 472,B01,1,10,0,2,1,1,1,
202100008539,186 473,A01,2,7,0,2,5,13,1,
202100008540,186 471,A01,1,7,6,0,1,6,1,
202100008541,186 470,A01,2,7,1,0,2,26,1,
202100008542,186 469,A01,1,7,0,1,0,1,1,
202100008543,186 468,A01,2,10,0,1,2,1,1,
202100008544,186 465,C01,1,7,0,2,3,1,1,
202100008544,186 466,B01,2,10,0,2,1,1,1,
202100008544,186 467,A01,2,10,0,2,3,13,1,
202100008545,186 463,A01,1,7,0,2,2,13,1,
202100008545,186 464,B01,2,10,0,2,1,1,1,
202100008546,186 461,B01,1,7,0,2,2,5,1,
202100008546,186 462,A01,2,7,0,2,7,1,1,
202100008547,186 459,B01,1,10,0,2,3,13,1,
202100008547,186 460,A01,2,7,6,2,3,1,1,
202100008548,186 457,A01,1,7,1,0,2,17,1,
202100008548,186 458,B01,1,15,0,2,6,24,1,
202100008549,186 454,A01,1,7,0,0,4,26,1,
202100008549,186 455,B01,1,7,0,2,1,1,1,
202100008549,186 456,C01,1,10,1,0,2,21,1,
202100008550,186 453,A01,3,36,8,0,1,1,1,
202100008551,186 450,A01,0,7,0,1,5,21,1,
202100008552,186 448,B01,1,10,0,2,1,1,1,
202100008552,186 449,A01,2,7,0,2,1,5,1,
202100008553,186 446,B01,2,7,0,2,1,1,1,
202100008553,186 447,A01,1,7,0,2,1,5,1,
202100008554,186 444,A01,2,7,13,0,4,2,1,
202100008554,186 445,B01,2,7,0,2,1,2,1,
202100008555,186 443,A01,2,7,2,0,1,14,1,
202100008556,186 442,A01,2,31,0,0,7,1,1,
202100008557,186 440,B01,1,33,0,2,1,2,1,
202100008557,186 441,A01,2,7,0,2,1,15,1,
202100008558,186 438,A01,1,7,0,2,6,4,1,
202100008558,186 439,B01,1,2,0,0,1,1,1,
202100008559,186 436,A01,2,7,0,2,3,1,1,
202100008559,186 437,B01,1,31,0,2,1,16,1,
202100008560,186 434,A01,1,7,0,2,2,5,1,
202100008560,186 435,C01,2,7,15,2,1,1,1,
202100008561,186 432,B01,1,7,3,2,1,1,1,
202100008561,186 433,A01,2,7,0,2,1,13,1,
202100008562,186 430,A01,2,7,0,2,8,15,1,
202100008562,186 431,B01,1,2,3,2,8,19,1,
202100008563,186 428,B01,0,31,0,2,1,19,1,
202100008563,186 429,A01,0,7,0,2,7,1,1,
202100008564,186 427,A01,1,7,2,0,0,0,1,
202100008565,186 426,A01,2,33,3,0,1,2,1,
202100008566,186 424,A01,1,7,1,0,1,1,1,
202100008566,186 425,B01,2,7,0,2,2,24,1,
202100008567,186 423,A01,0,33,2,0,1,0,1,
202100008568,186 421,B01,1,7,0,2,1,1,0,
202100008568,186 422,A01,2,7,0,2,2,15,1,
202100008569,186 419,B01,2,2,0,2,1,1,1,
202100008569,186 420,A01,1,7,0,2,3,1,1,
202100008570,186 417,B01,1,1,0,2,4,15,5,
202100008570,186 418,A01,1,7,0,2,1,15,1,
202100008571,186 416,A01,1,33,15,0,0,1,1,
202100008572,186 415,A01,1,7,0,0,9,2,1,
202100008573,186 414,A01,0,7,12,0,1,0,1,
202100008574,186 411,A01,2,15,0,2,2,14,1,
202100008574,186 412,B01,2,7,0,2,6,11,1,
202100008575,186 409,A01,1,7,0,2,6,1,1,
202100008575,186 410,B01,1,7,0,2,1,2,1,
202100008576,186 407,A01,1,7,0,2,2,26,1,
202100008576,186 408,B01,1,7,0,2,6,23,1,
202100008577,186 404,B01,1,7,0,2,6,1,1,
202100008577,186 405,A01,1,7,0,2,2,1,1,
202100008577,186 406,C01,1,10,0,2,8,1,1,
202100008578,186 403,A01,2,7,3,0,1,17,1,
202100008579,186 402,A01,1,7,4,0,1,16,1,
202100008580,186 399,C01,1,33,0,2,0,0,1,
202100008580,186 400,B01,1,33,0,2,5,1,1,
202100008580,186 401,A01,1,33,0,2,3,3,0,
202100008581,186 395,A01,2,7,14,0,4,2,2,
202100008581,186 396,B01,1,7,0,2,4,1,1,
202100008581,186 397,C01,1,7,0,2,4,2,1,
202100008581,186 398,Z01,1,7,0,2,1,1,1,
202100008582,186 393,A01,1,7,0,2,1,17,1,
202100008582,186 394,B01,1,7,0,2,4,2,1,
202100008583,186 392,A01,2,7,13,0,1,17,1,
202100008584,186 388,D01,2,7,0,2,4,2,1,
202100008584,186 389,C01,2,7,0,2,4,2,1,
202100008584,186 390,B01,2,7,0,2,4,2,1,
202100008584,186 391,A01,2,7,0,2,1,1,1,
202100008585,186 386,B01,1,10,0,2,4,1,1,
202100008585,186 387,A01,1,7,0,2,1,2,1,
202100008586,186 384,B01,1,10,0,2,8,1,1,
202100008586,186 385,A01,1,33,0,2,3,3,1,
202100008587,186 382,B01,1,10,0,2,7,1,1,
202100008587,186 383,A01,1,33,0,2,8,3,1,
202100008588,186 379,A01,2,33,0,2,3,3,1,
202100008588,186 380,B01,2,7,0,2,5,1,1,
202100008588,186 381,C01,1,7,0,2,3,1,1,
202100008589,186 377,B01,2,10,0,2,7,12,1,
202100008589,186 378,A01,2,43,0,2,3,3,1,
202100008590,186 375,A01,2,32,0,2,1,1,1,
202100008590,186 376,B01,2,7,0,2,5,11,1,
202100008591,186 374,A01,2,32,0,0,7,3,1,
202100008592,186 373,A01,3,33,12,0,3,13,1,
202100008593,186 371,B01,1,7,0,1,4,23,1,
202100008593,186 372,A01,1,7,0,2,1,1,1,
202100008594,186 370,A01,1,33,0,1,1,1,1,
202100008595,186 369,A01,1,7,0,1,1,15,1,
202100008596,186 368,A01,1,33,12,0,3,13,1,
202100008597,186 367,A01,2,1,0,0,1,1,5,
202100008598,186 365,B01,1,7,0,2,7,15,1,
202100008598,186 366,A01,2,50,0,2,1,19,3,
202100008599,186 364,A01,1,1,0,1,1,25,5,
202100008600,186 363,A01,2,43,0,1,2,17,1,
202100008601,186 362,A01,2,30,0,2,8,21,1,
202100008602,186 361,A01,1,7,0,1,3,1,1,
202100008603,186 359,A01,2,7,0,2,3,13,1,
202100008603,186 360,B01,2,2,0,2,7,17,1,
202100008604,186 358,A01,1,43,9,0,2,1,1,
202100008605,186 356,B01,3,1,0,2,5,19,5,
202100008605,186 357,A01,3,32,0,2,1,1,0,
202100008606,186 355,A01,1,2,0,0,7,1,1,
202100008607,186 353,B01,2,7,0,2,3,1,1,
202100008607,186 354,A01,1,50,0,2,1,5,3,
202100008608,186 352,A01,1,10,0,1,2,16,1,
202100008609,186 350,A01,2,50,8,2,1,1,3,
202100008609,186 351,B01,1,7,14,2,2,2,1,
202100008610,186 349,A01,2,37,0,1,7,16,1,1.0
202100008611,186 347,B01,3,7,0,0,0,0,1,
202100008611,186 348,A01,3,1,0,2,0,0,5,
202100008612,186 345,B01,3,34,0,2,1,1,1,
202100008612,186 346,A01,3,7,0,2,3,10,1,
202100008613,186 344,A01,0,7,0,1,3,26,1,
202100008614,186 342,B01,1,7,0,2,3,9,1,
202100008614,186 343,A01,1,32,0,2,1,5,1,
202100008615,186 341,A01,0,3,0,1,2,9,0,
202100008616,186 339,A01,2,7,0,2,3,19,1,
202100008616,186 340,B01,1,7,0,2,1,19,1,
202100008617,186 337,B01,2,2,4,0,3,7,1,
202100008617,186 338,A01,2,15,4,0,2,1,1,
202100008618,186 335,B01,1,7,0,9,3,0,1,
202100008618,186 336,A01,1,30,1,2,1,9,1,
202100008619,186 334,A01,2,33,0,0,8,1,1,
202100008620,186 333,A01,1,7,0,1,3,1,0,
202100008621,186 332,A01,1,7,0,1,1,15,1,
202100008622,186 329,C01,2,7,0,2,3,1,1,
202100008622,186 330,B01,2,7,0,2,7,15,1,
202100008622,186 331,A01,1,32,0,2,2,21,1,
202100008623,186 327,A01,1,7,0,2,4,1,1,
202100008623,186 328,B01,2,1,0,2,4,1,5,
202100008624,186 326,A01,3,7,0,1,3,1,1,
202100008625,186 325,A01,0,50,0,0,0,0,3,
202100008626,186 321,A01,1,7,0,2,3,13,1,
202100008626,186 322,B01,2,7,0,2,3,23,1,
202100008626,186 323,C01,2,7,0,2,6,23,2,
202100008626,186 324,D01,2,7,0,2,1,23,1,
202100008627,186 319,A01,1,50,0,2,3,1,3,
202100008627,186 320,B01,2,7,0,2,1,11,0,
202100008628,186 317,A01,0,7,0,2,7,17,1,
202100008628,186 318,B01,3,2,0,2,1,26,0,
202100008629,186 315,A01,2,7,0,2,3,1,1,
202100008629,186 316,B01,1,3,0,2,3,13,1,
202100008630,186 314,A01,2,21,0,0,0,0,1,
202100008631,186 313,A01,2,1,0,0,0,1,6,
202100008632,186 311,A01,2,33,0,2,5,17,1,
202100008632,186 312,B01,2,7,0,2,3,1,1,
202100008633,186 310,A01,1,7,2,0,1,13,1,
202100008634,186 308,B01,3,14,0,2,8,1,1,
202100008634,186 309,A01,3,7,0,2,1,15,0,
202100008635,186 307,A01,1,7,13,0,2,1,0,
202100008636,186 306,A01,0,7,0,1,6,4,1,
202100008637,186 305,A01,2,10,0,1,1,1,1,
202100008638,186 304,A01,2,7,13,0,3,13,1,
202100008639,186 302,A01,1,7,0,0,8,15,1,
202100008639,186 303,B01,2,7,0,2,1,1,1,
202100008640,186 301,A01,3,33,0,0,1,1,1,
202100008641,186 299,A01,2,7,0,2,1,1,1,
202100008641,186 300,B01,2,21,0,0,4,1,1,
202100008642,186 298,A01,2,7,13,0,9,1,1,
202100008643,186 296,A01,2,7,0,2,1,1,1,
202100008643,186 297,B01,1,21,0,2,1,1,1,
202100008644,186 294,B01,1,7,0,0,1,1,1,
202100008644,186 295,A01,2,7,0,0,2,5,1,
202100008645,186 293,A01,0,7,13,0,9,17,1,
202100008646,186 292,A01,2,7,2,0,0,0,1,
202100008647,186 290,A01,1,7,0,2,3,0,1,
202100008647,186 291,B01,2,7,0,2,3,0,1,
202100008648,186 288,A01,2,7,0,2,2,15,1,
202100008648,186 289,B01,1,15,0,2,1,1,1,
202100008649,186 286,A01,1,10,0,2,1,13,1,
202100008649,186 287,B01,2,7,0,2,1,21,1,
202100008650,186 285,A01,2,7,0,0,9,12,1,
202100008651,186 283,A01,2,7,3,2,8,17,1,
202100008651,186 284,B01,2,7,3,2,1,21,1,
202100008652,186 282,A01,1,7,0,0,0,0,1,
202100008653,186 278,A01,1,7,0,0,4,1,1,
202100008653,186 279,B01,1,10,0,2,4,1,1,
202100008653,186 280,C01,1,7,0,2,1,1,1,
202100008653,186 281,D01,1,7,0,2,1,1,1,
202100008654,186 276,B01,1,7,0,2,1,1,1,
202100008654,186 277,A01,2,7,0,2,1,13,1,
202100008655,186 274,A01,1,7,0,2,3,5,1,
202100008655,186 275,B01,2,2,0,2,1,1,1,
202100008656,186 272,B01,2,2,0,2,3,1,1,
202100008656,186 273,A01,1,7,0,2,3,15,1,
202100008657,186 270,A01,1,7,0,2,2,21,1,
202100008657,186 271,B01,2,10,0,2,2,1,1,
202100008658,186 267,A01,2,7,0,2,1,9,0,
202100008658,186 268,B01,2,7,0,2,7,1,1,
202100008659,186 265,B01,3,7,0,2,3,1,1,
202100008659,186 266,A01,3,3,0,2,1,13,0,
202100008660,186 264,A01,2,7,0,0,1,1,1,
202100008661,186 262,B01,2,33,0,2,1,1,1,
202100008661,186 263,A01,1,7,0,2,7,15,2,
202100008662,186 260,A01,1,7,3,2,4,2,2,
202100008662,186 261,B01,1,7,3,2,1,2,1,
202100008663,186 255,A01,2,7,0,2,1,2,1,
202100008663,186 256,B01,2,7,0,2,4,1,1,
202100008663,186 257,C01,2,7,0,2,4,1,1,
202100008663,186 258,D01,2,7,0,2,4,1,1,
202100008663,186 259,E01,2,7,0,2,4,1,1,
202100008664,186 254,A01,2,7,13,0,2,2,1,
202100008665,186 252,B01,1,7,0,2,4,2,1,
202100008665,186 253,A01,1,7,0,2,1,2,1,
202100008666,186 251,A01,2,10,0,2,8,12,1,
202100008667,186 248,A01,2,10,0,2,1,1,1,
202100008667,186 249,B01,2,7,0,2,4,1,1,
202100008667,186 250,C01,2,7,0,2,4,1,1,
202100008668,186 246,B01,1,33,0,2,2,1,1,
202100008668,186 247,A01,1,7,0,2,6,11,1,
202100008669,186 243,A01,1,7,0,2,4,1,1,
202100008669,186 244,C01,1,14,0,2,1,2,1,
202100008669,186 245,B01,1,7,0,2,4,2,1,
202100008670,186 241,B01,2,33,0,2,7,3,1,
202100008670,186 242,A01,2,7,0,2,8,11,2,
202100008671,186 239,B01,2,7,0,2,3,1,1,
202100008671,186 240,A01,1,2,0,2,3,13,1,
202100008672,186 237,B01,3,7,0,2,2,21,1,
202100008672,186 238,A01,3,7,0,2,2,11,1,
202100008673,186 236,A01,2,31,0,1,1,1,1,
202100008674,186 234,A01,3,0,0,2,0,21,0,
202100008674,186 235,B01,3,33,0,2,0,21,1,
202100008675,186 232,A01,2,7,0,9,6,10,1,
202100008675,186 233,B01,1,34,0,2,1,3,1,
202100008676,186 230,B01,1,2,0,2,3,9,1,
202100008676,186 231,A01,1,15,0,2,5,9,1,
202100008677,186 228,A01,1,7,0,2,3,10,1,
202100008677,186 229,B01,2,31,0,2,7,2,1,
202100008678,186 226,A01,1,33,0,2,1,18,1,
202100008678,186 227,B01,1,7,0,2,7,16,1,
202100008679,186 225,B01,0,34,0,1,1,26,-1,
202100008680,186 223,A01,1,37,0,2,2,16,1,1.0
202100008680,186 224,B01,1,1,0,2,3,1,5,
202100008681,186 221,B01,2,7,0,2,1,1,1,
202100008681,186 222,A01,1,7,8,2,1,5,1,
202100008682,186 218,B01,1,32,1,2,1,3,1,
202100008682,186 219,C01,2,7,0,2,6,24,1,
202100008682,186 220,A01,1,10,0,2,5,1,1,
202100008683,186 217,A01,1,10,0,1,3,1,1,
202100008684,186 214,C01,1,37,0,2,4,23,1,1.0
202100008684,186 215,B01,1,7,0,2,4,23,1,
202100008684,186 216,A01,1,7,0,2,1,1,1,
202100008685,186 212,B01,3,7,0,2,3,1,2,
202100008685,186 213,A01,1,7,0,2,2,12,1,
202100008686,186 210,B01,2,32,0,2,1,1,1,
202100008686,186 211,A01,2,3,0,2,3,15,1,
202100008687,186 208,Z01,3,7,0,2,1,5,1,
202100008687,186 209,B01,3,43,0,2,1,1,1,
202100008688,186 205,Z01,3,7,0,2,4,2,0,
202100008688,186 206,B01,3,30,0,2,1,0,1,
202100008688,186 207,A01,1,33,0,2,7,26,1,
202100008689,186 203,A01,1,7,0,2,2,15,1,
202100008689,186 204,B01,2,1,0,2,1,1,5,
202100008690,186 201,A01,1,33,0,2,8,1,1,
202100008690,186 202,B01,1,7,0,2,2,14,1,
202100008691,186 200,A01,1,7,12,0,7,14,1,
202100008692,186 198,A01,0,7,3,2,1,5,1,
202100008692,186 199,B01,0,7,0,2,1,1,1,
202100008693,186 197,A01,0,7,0,1,3,20,1,
202100008694,186 195,A01,2,7,0,2,1,2,1,
202100008694,186 196,B01,2,10,0,2,4,2,1,
202100008695,186 193,A01,1,7,0,2,3,9,1,
202100008695,186 194,B01,1,50,0,2,0,0,3,
202100008696,186 192,A01,1,7,1,0,3,14,1,
202100008697,186 191,A01,3,7,0,1,1,26,1,
202100008698,186 190,A01,2,7,3,0,2,1,1,
202100008699,186 189,B01,3,39,0,1,1,1,3,
202100008700,186 187,A01,1,30,0,2,1,0,1,
202100008700,186 188,B01,2,30,0,2,3,0,1,
202100008701,186 184,A01,3,7,9,0,1,1,1,
202100008702,186 182,B01,2,50,0,2,1,15,3,
202100008702,186 183,A01,1,14,0,2,3,15,1,
202100008703,186 180,A01,3,7,0,2,2,1,1,
202100008703,186 181,B01,3,7,0,2,5,15,0,
202100008704,186 179,A01,1,1,0,1,3,1,5,
202100008705,186 177,A01,1,31,0,2,0,17,1,
202100008705,186 178,B01,2,7,0,2,3,15,1,
202100008706,186 174,B01,2,7,0,2,1,15,1,
202100008706,186 175,C01,2,7,0,2,3,1,1,
202100008706,186 176,A01,1,2,0,2,1,1,1,
202100008707,186 172,A01,1,10,0,2,1,1,1,
202100008707,186 173,B01,1,7,0,2,4,1,1,
202100008708,186 169,B01,2,7,0,2,4,15,1,
202100008708,186 170,A01,2,31,0,2,1,1,1,
202100008709,186 167,B01,3,7,0,2,1,1,1,
202100008709,186 168,A01,3,33,0,2,1,13,1,
202100008710,186 165,B01,1,32,0,2,1,1,1,
202100008710,186 166,A01,1,7,0,2,1,9,1,
202100008711,186 163,B01,2,7,0,2,1,1,1,
202100008711,186 164,A01,2,7,0,2,2,9,1,
202100008712,186 161,A01,2,31,0,2,1,17,1,
202100008712,186 162,B01,2,7,0,2,8,15,1,
202100008713,186 159,B01,1,7,0,2,1,2,1,
202100008713,186 160,A01,1,1,0,2,1,1,-1,
202100008714,186 158,A01,2,50,0,2,0,2,3,
202100008715,186 156,A01,1,33,0,2,1,26,1,
202100008715,186 157,B01,3,7,0,2,8,19,1,
202100008716,186 153,A01,1,7,0,2,4,1,1,
202100008716,186 154,C01,1,7,0,2,1,1,1,
202100008716,186 155,B01,1,7,0,2,1,1,1,
202100008717,186 151,A01,1,7,0,2,1,1,1,
202100008717,186 152,B01,1,50,0,2,8,0,3,
202100008718,186 150,A01,1,7,0,1,2,1,1,
202100008719,186 148,A01,1,7,0,2,1,1,1,
202100008719,186 149,B01,1,1,0,2,4,1,5,
202100008720,186 146,B01,2,2,15,2,8,1,1,
202100008720,186 147,A01,1,7,0,2,1,15,1,
202100008721,186 144,B01,1,7,0,2,1,1,1,
202100008721,186 145,A01,1,1,0,2,3,26,5,
202100008722,186 143,A01,2,33,0,0,0,1,1,
202100008723,186 142,A01,3,1,0,2,1,19,5,
202100008724,186 140,A01,3,7,0,2,7,15,1,
202100008724,186 141,B01,3,33,0,2,1,1,1,
202100008725,186 136,D01,1,7,0,2,4,2,1,
202100008725,186 137,C01,1,7,0,2,4,2,1,
202100008725,186 138,B01,1,7,0,2,1,2,1,
202100008725,186 139,A01,1,7,0,2,1,2,1,
202100008726,186 134,B01,0,7,0,2,2,23,1,
202100008726,186 135,A01,0,80,14,0,0,1,3,
202100008727,186 133,A01,1,7,0,1,1,16,1,
202100008728,186 132,A01,1,7,0,1,1,1,1,
202100008729,186 130,A01,1,7,15,2,1,15,1,
202100008729,186 131,B01,2,7,0,2,1,1,1,
202100008730,186 129,A01,3,7,6,0,1,14,1,
202100008731,186 127,B01,3,33,0,2,8,1,1,
202100008731,186 128,A01,3,7,0,2,2,15,1,
202100008732,186 126,A01,1,7,0,1,1,9,1,
202100008733,186 124,A01,1,32,1,2,3,9,1,
202100008733,186 125,D01,0,7,0,2,4,24,1,
202100008734,186 122,B01,1,1,0,2,1,1,5,
202100008734,186 123,A01,1,21,0,9,7,15,1,
202100008735,186 120,B01,2,7,0,2,3,1,1,
202100008735,186 121,A01,1,10,0,2,3,5,1,
202100008736,186 118,A01,2,7,0,2,3,15,1,
202100008736,186 119,B01,1,32,0,2,8,1,1,
202100008737,186 116,A01,1,99,0,2,3,10,1,
202100008737,186 117,B01,2,31,0,2,3,1,1,
202100008738,186 115,A01,3,7,0,1,1,2,1,
202100008739,186 114,A01,0,7,0,1,1,1,1,
202100008740,186 112,A01,3,7,0,2,1,16,1,
202100008740,186 113,B01,3,1,0,2,1,5,0,
202100008741,186 110,A01,3,31,0,2,0,1,1,
202100008741,186 111,B01,3,10,0,2,3,15,0,
202100008742,186 108,A01,1,2,0,2,3,11,1,
202100008742,186 109,B01,1,7,0,2,7,1,1,
202100008743,186 106,B01,2,7,0,2,8,1,1,
202100008743,186 107,A01,2,33,0,2,2,3,1,
202100008744,186 105,A01,1,33,4,0,7,3,1,
202100008745,186 103,A01,1,7,0,2,2,15,1,
202100008745,186 104,B01,2,30,0,2,1,1,1,
202100008746,186 101,A01,1,7,0,2,8,22,1,
202100008746,186 102,B01,1,50,0,2,7,1,3,
202100008747,186 099,B01,1,32,0,2,2,1,1,
202100008747,186 100,A01,1,30,0,2,8,7,1,