Num_Acc,id_vehicule,num_veh,senc,catv,obs,obsm,choc,manv,motor,occutc
202100009036,185 560,B01,0,7,0,2,3,1,1,
202100009037,185 557,B01,2,7,0,2,8,1,1,
202100009037,185 558,A01,2,7,0,2,5,14,1,
202100009038,185 555,B01,1,7,0,2,1,0,1,
202100009038,185 556,A01,1,7,0,2,4,1,1,
202100009039,185 552,C01,1,32,0,2,8,1,1,
202100009039,185 553,B01,1,10,0,2,3,14,1,
202100009039,185 554,A01,1,7,0,2,5,2,1,
202100009040,185 550,B01,1,7,0,2,4,1,1,
202100009040,185 551,A01,1,10,0,2,1,9,1,
202100009041,185 547,A01,1,7,0,2,4,1,1,
202100009041,185 548,B01,1,7,1,0,1,1,1,
202100009041,185 549,C01,1,7,0,2,0,0,1,
202100009042,185 543,D01,1,7,0,2,4,1,1,
202100009042,185 544,C01,1,7,0,2,4,0,1,
202100009042,185 545,B01,1,7,0,2,6,1,1,
202100009042,185 546,A01,1,7,0,2,1,2,1,
202100009043,185 542,A01,2,7,4,0,2,14,1,
202100009044,185 541,A01,2,7,13,0,1,16,1,
202100009045,185 538,C01,2,7,0,2,4,2,2,
202100009045,185 539,B01,2,7,0,2,1,2,1,
202100009045,185 540,A01,2,7,0,2,1,2,1,
202100009046,185 536,B01,1,7,0,0,4,2,1,
202100009046,185 537,A01,1,7,0,2,1,2,2,
202100009047,185 533,A01,1,7,1,2,1,2,1,
202100009047,185 534,B01,1,10,1,2,4,0,1,
202100009047,185 535,C01,1,7,1,2,4,0,1,
202100009048,185 531,A01,1,7,0,2,8,13,1,
202100009048,185 532,B01,1,7,0,2,2,1,2,
202100009049,185 530,A01,1,7,13,0,1,2,1,
202100009050,185 528,A01,2,10,0,2,2,17,1,
202100009050,185 529,B01,2,7,0,2,6,1,1,
202100009051,185 525,A01,1,10,0,2,1,14,1,
202100009051,185 526,B01,1,7,0,2,4,1,1,
202100009051,185 527,C01,1,7,0,2,5,1,1,
202100009052,185 523,B01,2,7,0,2,4,24,1,
202100009052,185 524,A01,2,10,1,0,1,1,1,
202100009053,185 521,A01,2,7,0,2,1,2,1,
202100009053,185 522,B01,2,7,0,2,4,2,1,
202100009054,185 519,B01,1,7,0,2,8,1,1,
202100009054,185 520,A01,1,7,0,2,7,1,1,
202100009055,185 516,C01,2,7,0,2,3,13,1,
202100009055,185 517,B01,2,7,0,2,7,1,1,
202100009055,185 518,A01,2,7,0,2,5,1,1,
202100009056,185 515,A01,1,33,0,0,0,1,1,
202100009057,185 513,B01,1,7,0,2,4,1,1,
202100009057,185 514,A01,1,7,0,2,1,2,1,
202100009058,185 512,A01,1,7,4,2,3,26,1,
202100009059,185 509,A01,2,7,0,2,1,9,2,
202100009059,185 510,B01,2,7,0,2,1,2,1,
202100009059,185 511,C01,2,7,0,2,4,1,1,
202100009060,185 508,A01,1,7,0,1,2,1,1,
202100009061,185 507,A01,3,7,0,1,1,1,1,
202100009062,185 506,A01,1,31,0,1,7,1,1,
202100009063,185 505,A01,3,7,0,0,0,26,0,
202100009064,185 504,A01,1,7,12,0,1,26,1,
202100009065,185 503,A01,2,7,0,0,9,14,1,
202100009066,185 501,A01,2,32,0,2,6,13,1,
202100009066,185 502,B01,2,30,0,2,8,13,1,
202100009067,185 499,A01,1,14,0,2,8,13,1,
202100009067,185 500,B01,1,34,0,9,7,1,6,
202100009068,185 497,B01,1,1,0,0,0,0,0,
202100009068,185 498,A01,1,2,0,2,8,26,0,
202100009069,185 495,B01,0,7,0,2,1,2,1,
202100009069,185 496,A01,0,7,0,2,3,16,1,
202100009070,185 493,A01,0,7,0,2,1,2,0,
202100009070,185 494,B01,0,33,0,2,3,2,1,
202100009071,185 492,A01,2,32,0,1,1,1,1,
202100009072,185 490,A01,0,32,0,2,5,1,1,
202100009072,185 491,B01,3,10,0,2,3,15,1,
202100009073,185 488,B01,1,7,0,2,3,1,1,
202100009073,185 489,A01,1,7,0,2,2,13,1,
202100009074,185 486,B01,3,34,0,2,2,1,1,
202100009074,185 487,A01,3,7,0,2,1,15,1,
202100009075,185 484,B01,1,2,10,0,2,1,1,
202100009075,185 485,A01,1,7,10,0,2,26,1,
202100009076,185 482,B01,1,31,0,2,1,1,1,
202100009076,185 483,A01,2,7,0,2,2,15,1,
202100009077,185 480,B01,2,7,0,2,1,1,1,
202100009077,185 481,A01,1,7,0,2,2,15,1,
202100009078,185 478,A01,0,32,0,2,1,1,1,
202100009078,185 479,B01,0,3,0,2,1,1,1,
202100009079,185 477,A01,2,7,0,1,2,15,1,
202100009080,185 475,B01,2,33,0,2,0,1,1,
202100009080,185 476,A01,2,7,0,0,0,15,1,
202100009081,185 474,A01,0,7,0,0,3,9,1,
202100009082,185 472,B01,2,33,0,2,7,2,1,
202100009082,185 473,Z01,2,7,0,2,8,15,6,
202100009083,185 470,B01,2,7,0,2,2,1,1,
202100009083,185 471,A01,2,50,0,2,3,1,3,
202100009084,185 468,B01,3,7,0,2,3,1,1,
202100009084,185 469,A01,3,7,0,2,1,13,1,
202100009085,185 466,C01,0,50,0,2,1,26,3,
202100009085,185 467,A01,3,7,0,9,6,1,1,
202100009086,185 465,A01,1,7,0,1,2,1,0,
202100009087,185 464,A01,2,7,12,0,7,1,1,
202100009088,185 462,B01,1,7,0,2,3,19,1,
202100009088,185 463,A01,1,7,0,2,2,19,1,
202100009089,185 460,B01,1,10,0,2,4,1,1,
202100009089,185 461,A01,1,7,0,2,1,1,1,
202100009090,185 458,A01,1,7,0,2,1,2,1,
202100009090,185 459,B01,1,7,0,2,4,2,1,
202100009091,185 455,A01,1,7,8,0,2,1,1,
202100009092,185 454,A01,1,7,0,1,1,1,2,
202100009093,185 452,B01,0,7,0,2,1,1,1,
202100009093,185 453,A01,1,7,0,2,1,21,1,
202100009094,185 451,A01,1,33,0,1,1,1,1,
202100009095,185 449,A01,3,33,0,2,1,5,1,
202100009095,185 450,B01,3,7,0,2,3,1,1,
202100009096,185 447,B01,3,7,0,9,1,1,1,
202100009096,185 448,A01,3,1,0,2,1,5,5,
202100009097,185 446,A01,3,10,0,1,1,0,1,
202100009098,185 444,Z01,3,7,0,2,0,15,1,
202100009098,185 445,B01,3,1,0,2,8,1,5,
202100009099,185 442,B01,2,30,0,2,1,1,1,
202100009099,185 443,A01,2,7,0,2,6,20,1,
202100009100,185 441,A01,2,7,0,1,1,1,1,
202100009101,185 439,A01,1,7,0,2,1,2,1,
202100009101,185 440,B01,1,7,0,2,4,2,1,
202100009102,185 437,A01,3,10,0,2,1,1,1,
202100009102,185 438,B01,0,7,0,2,4,1,1,
202100009103,185 434,A01,1,15,6,0,1,26,1,
202100009104,185 432,B01,0,7,0,2,0,0,0,
202100009104,185 433,A01,0,7,0,2,3,0,0,
202100009105,185 431,A01,1,7,4,0,8,9,1,
202100009106,185 430,A01,1,7,2,0,3,1,1,
202100009107,185 428,B01,2,7,0,2,1,1,1,
202100009107,185 429,A01,1,7,0,2,1,13,1,
202100009108,185 427,A01,1,10,0,0,1,9,1,
202100009109,185 425,A01,1,7,0,2,5,16,1,
202100009109,185 426,B01,1,7,0,2,1,2,1,
202100009110,185 424,Z01,2,30,0,1,1,5,1,
202100009111,185 422,A01,1,7,0,2,1,1,1,
202100009111,185 423,B01,2,13,0,2,8,15,0,
202100009112,185 421,A01,1,31,0,0,8,14,1,
202100009113,185 419,B01,3,1,0,2,7,1,0,
202100009113,185 420,A01,3,7,0,2,1,9,1,
202100009114,185 418,A01,1,7,13,0,6,13,1,
202100009115,185 417,A01,3,7,6,0,1,15,1,
202100009116,185 415,A01,1,31,0,2,8,3,1,
202100009116,185 416,Z01,1,7,0,2,7,13,0,
202100009117,185 413,A01,2,7,0,2,1,2,1,
202100009117,185 414,B01,2,7,0,2,4,2,1,
202100009118,185 411,B01,1,1,0,2,1,1,5,
202100009118,185 412,A01,1,7,0,2,5,16,1,
202100009119,185 409,B01,1,32,0,2,8,1,1,
202100009119,185 410,A01,1,7,0,2,7,16,1,
202100009120,185 408,A01,2,1,0,0,0,1,5,
202100009121,185 406,A01,2,34,0,2,2,1,1,
202100009121,185 407,B01,1,7,0,2,5,15,1,
202100009122,185 404,B01,2,2,0,2,8,1,1,
202100009122,185 405,A01,1,37,0,2,1,1,3,2.0
202100009123,185 402,B01,1,50,0,2,8,13,3,
202100009123,185 403,A01,1,37,0,2,5,17,3,1.0
202100009124,185 401,Z01,3,0,0,1,0,0,0,
202100009125,185 399,A01,2,50,0,2,6,16,3,
202100009125,185 400,B01,1,10,0,2,6,1,0,
202100009126,185 397,B01,1,7,0,0,5,19,1,
202100009126,185 398,A01,2,33,0,2,1,0,1,
202100009127,185 396,A01,3,7,1,0,1,2,1,
202100009128,185 393,A01,3,7,0,2,1,26,1,
202100009128,185 394,B01,3,33,0,2,7,26,1,
202100009128,185 395,C01,3,7,0,2,4,24,1,
202100009129,185 392,A01,1,7,12,0,1,1,1,
202100009130,185 390,B01,-1,7,0,2,4,2,1,
202100009130,185 391,A01,-1,7,0,2,1,2,1,
202100009131,185 389,A01,1,10,0,1,2,2,1,
202100009132,185 386,A01,2,43,0,0,0,0,1,
202100009132,185 387,B01,2,7,2,2,3,15,1,
202100009132,185 388,C01,1,7,2,2,1,15,1,
202100009133,185 384,A01,1,7,0,2,8,9,1,
202100009133,185 385,B01,1,1,0,2,7,1,5,
202100009134,185 382,B01,1,2,0,2,2,3,1,
202100009134,185 383,A01,1,7,0,2,3,15,1,
202100009135,185 381,A01,2,7,3,0,1,1,1,
202100009136,185 379,A01,1,7,0,2,1,26,1,
202100009136,185 380,B01,1,33,0,2,4,23,1,
202100009137,185 378,A01,1,2,9,0,1,1,1,
202100009138,185 376,A01,1,7,0,2,3,0,0,
202100009138,185 377,B01,1,31,0,2,2,0,1,
202100009139,185 374,A01,1,2,0,2,3,19,1,
202100009139,185 375,B01,1,7,0,2,2,1,1,
202100009140,185 372,A01,2,7,0,2,1,2,1,
202100009140,185 373,B01,2,7,0,0,4,2,1,
202100009141,185 371,A01,2,7,6,0,8,1,1,
202100009142,185 369,B01,1,7,0,2,1,1,2,
202100009142,185 370,A01,2,7,0,0,3,15,1,
202100009143,185 368,A01,1,33,6,0,2,1,1,
202100009144,185 366,B01,1,7,0,2,3,0,1,
202100009144,185 367,A01,2,7,0,2,2,0,1,
202100009145,185 364,B01,1,7,0,2,3,1,1,
202100009145,185 365,A01,2,7,0,2,3,1,1,
202100009146,185 362,B01,2,33,0,2,5,2,1,
202100009146,185 363,A01,2,7,0,2,3,9,1,
202100009147,185 361,A01,1,7,2,0,1,16,1,
202100009148,185 359,A01,2,7,0,2,3,9,1,
202100009148,185 360,B01,1,2,0,2,1,11,1,
202100009149,185 357,B01,1,7,0,2,3,1,1,
202100009149,185 358,A01,2,7,0,2,3,15,1,
202100009150,185 356,A01,1,7,0,1,2,1,1,
202100009151,185 354,B01,2,7,0,2,7,1,1,
202100009151,185 355,A01,2,7,0,2,1,9,1,
202100009152,185 352,B01,2,7,0,2,1,1,1,
202100009152,185 353,A01,1,7,0,2,1,13,1,
202100009153,185 350,A01,1,7,0,2,2,1,1,
202100009153,185 351,B01,2,33,3,2,1,13,1,
202100009154,185 348,B01,2,7,0,2,1,1,1,
202100009154,185 349,A01,1,7,0,2,2,15,1,
202100009155,185 347,A01,2,7,8,0,8,14,1,
202100009156,185 345,B01,1,7,0,2,3,1,1,
202100009156,185 346,A01,2,7,0,2,1,13,1,
202100009157,185 343,B01,1,7,6,2,3,1,1,
202100009157,185 344,A01,2,7,0,2,3,13,1,
202100009158,185 342,A01,1,80,2,0,0,0,3,
202100009159,185 341,A01,2,33,13,0,1,16,1,
202100009160,185 340,A01,2,33,16,0,8,0,0,
202100009161,185 339,A01,1,7,13,0,8,1,1,
202100009162,185 337,A01,1,7,0,2,3,13,1,
202100009162,185 338,B01,2,7,0,2,3,1,1,
202100009163,185 336,A01,1,7,13,0,3,1,1,
202100009164,185 334,A01,1,7,0,2,2,15,1,
202100009164,185 335,B01,2,33,0,2,1,1,1,
202100009165,185 333,A01,1,36,8,0,1,1,1,
202100009166,185 331,B01,0,30,0,2,1,1,1,
202100009166,185 332,A01,0,32,0,2,1,1,1,
202100009167,185 330,A01,1,7,11,0,0,1,1,
202100009168,185 329,A01,1,7,7,0,9,1,1,
202100009169,185 325,A01,3,33,0,2,1,1,1,
202100009169,185 326,B01,3,7,0,2,2,1,1,
202100009170,185 323,A01,1,33,0,2,3,0,1,
202100009170,185 324,B01,2,7,0,2,3,0,1,
202100009171,185 319,A01,1,3,0,2,3,9,1,
202100009171,185 320,B01,1,33,0,2,1,1,1,
202100009172,185 318,A01,2,7,8,0,2,1,1,
202100009173,185 317,A01,2,7,13,0,2,14,1,
202100009174,185 316,A01,1,7,15,0,1,1,1,
202100009175,185 314,B01,1,7,0,2,1,1,1,
202100009175,185 315,A01,2,7,0,2,1,13,1,
202100009176,185 312,B01,2,7,0,2,1,1,1,
202100009176,185 313,A01,-1,7,0,2,3,19,1,
202100009177,185 311,A01,2,7,17,0,1,11,1,
202100009178,185 310,A01,1,33,0,6,1,1,1,
202100009179,185 308,B01,2,1,0,2,3,1,5,
202100009179,185 309,A01,1,7,0,0,5,17,1,
202100009180,185 300,C01,2,7,0,2,1,2,1,
202100009180,185 301,B01,2,7,0,2,4,2,1,
202100009180,185 302,A01,2,7,0,2,4,1,1,
202100009181,185 299,A01,1,7,6,0,3,1,1,
202100009182,185 297,A01,1,7,0,2,6,2,1,
202100009182,185 298,B01,1,7,0,2,2,2,1,
202100009183,185 295,B01,1,7,0,2,6,1,1,
202100009183,185 296,A01,1,7,0,2,2,1,1,
202100009184,185 293,B01,2,7,0,2,4,23,1,
202100009184,185 294,A01,2,7,0,2,1,1,1,
202100009185,185 292,A01,1,32,4,0,1,9,1,
202100009186,185 291,A01,1,43,16,0,1,1,1,
202100009187,185 286,A01,2,7,0,2,1,2,1,
202100009187,185 287,B01,2,7,0,2,9,2,1,
202100009187,185 288,C01,2,7,0,2,9,2,1,
202100009187,185 289,D01,2,7,0,2,9,2,1,
202100009187,185 290,E01,2,7,0,2,4,2,1,
202100009188,185 284,B01,2,7,0,2,1,2,1,
202100009188,185 285,A01,2,7,0,2,1,2,1,
202100009189,185 283,A01,2,33,4,0,1,1,1,
202100009190,185 279,D01,2,7,0,2,4,2,1,
202100009190,185 280,C01,2,7,0,2,4,2,1,
202100009190,185 281,B01,2,7,0,2,4,2,1,
202100009190,185 282,A01,2,10,0,2,1,2,1,
202100009191,185 278,A01,2,7,0,1,1,15,1,
202100009192,185 277,A01,2,2,0,1,1,17,1,
202100009193,185 275,B01,1,7,6,2,3,1,1,
202100009193,185 276,A01,1,10,0,2,2,1,1,
202100009194,185 274,A01,2,3,0,2,4,1,1,
202100009195,185 272,A01,1,7,0,2,3,15,1,
202100009195,185 273,B01,1,33,0,2,2,7,1,
202100009196,185 271,A01,1,7,0,1,3,1,1,
202100009197,185 269,B01,1,7,0,1,1,0,1,
202100009197,185 270,A01,1,10,0,2,2,0,1,
202100009198,185 267,B01,1,2,0,2,7,1,1,
202100009198,185 268,A01,1,7,0,2,1,9,1,
202100009199,185 265,B01,1,7,0,2,1,1,1,
202100009199,185 266,A01,1,30,0,2,5,1,1,
202100009200,185 263,A01,0,7,0,2,0,0,0,
202100009200,185 264,B01,0,2,0,2,1,1,1,
202100009201,185 261,A01,3,7,0,2,2,0,1,
202100009201,185 262,B01,1,30,0,2,8,1,1,
202100009202,185 259,A01,-1,32,0,2,2,15,1,
202100009202,185 260,B01,-1,10,0,0,0,0,0,
202100009203,185 258,A01,1,7,0,1,3,2,1,
202100009204,185 256,B01,1,7,0,2,8,16,1,
202100009204,185 257,A01,2,99,0,2,1,25,3,
202100009205,185 255,A01,3,33,0,0,8,1,1,
202100009206,185 254,A01,1,7,0,1,3,0,1,
202100009207,185 253,A01,3,99,0,0,0,1,5,
202100009208,185 252,A01,2,7,0,1,3,1,2,
202100009209,185 250,A01,3,7,0,2,2,15,1,
202100009209,185 251,B01,-1,33,0,2,1,1,1,
202100009210,185 248,B01,3,1,0,2,6,1,5,
202100009210,185 249,A01,1,7,0,2,3,15,1,
202100009211,185 247,A01,3,7,12,0,1,26,1,
202100009212,185 245,Z01,1,7,0,2,0,1,0,
202100009212,185 246,B01,1,1,0,2,0,19,5,
202100009213,185 243,A01,3,7,0,2,3,1,1,
202100009213,185 244,B01,3,1,0,2,1,16,5,
202100009214,185 241,B01,2,7,0,2,6,9,1,
202100009214,185 242,A01,2,33,0,2,1,21,1,
202100009215,185 240,A01,2,7,0,0,2,17,2,
202100009216,185 239,A01,2,7,1,0,2,1,2,
202100009217,185 237,B01,3,10,0,2,6,24,1,
202100009217,185 238,A01,3,7,1,0,3,14,1,
202100009218,185 234,C01,1,7,0,2,2,26,3,
202100009218,185 235,A01,1,10,0,2,3,9,1,
202100009218,185 236,B01,1,30,0,2,5,2,1,
202100009219,185 233,A01,1,7,0,1,1,9,1,
202100009220,185 232,A01,2,7,0,1,1,1,1,
202100009221,185 230,A01,2,15,0,2,3,1,1,
202100009221,185 231,B01,1,15,0,2,1,1,1,
202100009222,185 229,A01,2,7,0,1,2,1,1,
202100009223,185 228,A01,1,14,0,1,3,15,1,
202100009224,185 225,C01,1,10,0,2,4,2,1,
202100009224,185 226,B01,1,7,0,2,4,0,1,
202100009224,185 227,A01,1,7,0,2,1,26,1,
202100009225,185 223,A01,3,7,0,2,3,15,1,
202100009225,185 224,B01,3,2,0,2,8,1,1,
202100009226,185 220,C01,1,7,0,2,4,23,1,
202100009226,185 221,B01,1,7,0,2,4,23,1,
202100009226,185 222,A01,1,7,0,2,1,2,1,
202100009227,185 218,A01,1,7,0,2,6,16,1,
202100009227,185 219,B01,1,33,0,2,1,11,1,
202100009228,185 215,C01,2,7,1,2,6,1,1,
202100009228,185 216,B01,2,7,0,2,3,1,1,
202100009228,185 217,A01,2,7,0,2,2,14,1,
202100009229,185 212,B01,1,7,0,0,4,23,1,
202100009229,185 213,A01,1,7,0,2,1,23,1,
202100009229,185 214,C01,1,7,0,2,1,1,0,
202100009230,185 210,B01,2,7,0,2,1,1,1,
202100009230,185 211,A01,1,7,0,2,2,1,1,
202100009231,185 208,B01,2,1,0,2,2,19,5,
202100009231,185 209,A01,1,7,0,2,2,1,1,
202100009232,185 207,A01,0,7,0,1,2,16,1,
202100009233,185 206,A01,1,1,0,1,0,25,5,
202100009234,185 205,A01,2,7,0,1,1,15,1,
202100009235,185 203,B01,2,33,0,2,7,17,1,
202100009235,185 204,A01,3,7,0,2,0,15,0,
202100009236,185 202,A01,2,10,0,1,3,15,1,
202100009237,185 201,A01,1,7,1,0,1,14,1,
202100009238,185 200,A01,1,7,0,0,1,1,1,
202100009239,185 198,A01,3,7,0,2,1,16,1,
202100009239,185 199,B01,3,50,1,2,1,19,3,
202100009240,185 196,A01,3,7,0,2,2,1,1,
202100009240,185 197,B01,3,7,0,2,1,1,1,
202100009241,185 194,A01,1,7,0,2,7,15,1,
202100009241,185 195,B01,1,7,0,2,1,1,1,
202100009242,185 193,A01,1,7,0,1,4,4,1,
202100009243,185 188,A01,1,7,0,2,3,1,1,
202100009243,185 189,B01,1,2,0,2,2,1,1,
202100009244,185 186,B01,2,7,0,2,1,13,1,
202100009244,185 187,A01,1,14,0,2,1,1,1,
202100009245,185 184,A01,0,7,0,2,4,4,1,
202100009245,185 185,B01,0,1,0,2,4,2,5,
202100009246,185 182,A01,0,7,0,2,6,15,1,
202100009246,185 183,B01,0,33,0,2,1,17,1,
202100009247,185 180,A01,2,7,0,2,1,0,1,
202100009247,185 181,B01,1,7,0,2,3,2,1,
202100009248,185 178,B01,1,1,0,2,8,23,5,
202100009248,185 179,A01,2,7,0,2,3,15,1,
202100009249,185 176,A01,2,1,9,2,7,1,5,
202100009249,185 177,B01,1,7,9,2,7,19,6,
202100009250,185 173,A01,3,33,0,1,1,16,1,
202100009251,185 170,C01,1,7,0,2,4,1,1,
202100009251,185 171,B01,1,7,0,2,4,2,1,
202100009251,185 172,A01,1,7,0,2,1,2,3,
202100009252,185 169,A01,2,7,15,0,3,1,1,
202100009253,185 168,A01,1,7,3,0,1,1,1,
202100009254,185 167,A01,0,7,0,1,1,1,1,
202100009255,185 165,A01,2,7,0,2,2,15,1,
202100009255,185 166,B01,1,30,0,2,1,1,1,
202100009256,185 163,A01,1,7,0,2,3,15,1,
202100009256,185 164,B01,1,31,0,2,1,1,1,
202100009257,185 161,A01,3,31,0,2,1,2,1,
202100009257,185 162,B01,3,7,0,2,4,2,1,
202100009258,185 159,A01,1,7,0,2,3,9,1,
202100009258,185 160,B01,1,2,0,2,7,26,1,
202100009259,185 156,B01,1,7,0,2,1,2,1,
202100009259,185 157,C01,1,7,0,2,1,2,1,
202100009259,185 158,A01,1,7,0,2,4,1,1,
202100009260,185 154,B01,1,7,0,2,1,2,1,
202100009260,185 155,A01,1,10,0,2,4,16,1,
202100009261,185 152,B01,1,50,0,0,0,0,3,
202100009261,185 153,A01,1,7,0,2,3,26,1,
202100009262,185 148,B01,3,7,0,2,3,1,1,
202100009262,185 149,A01,3,14,0,2,2,1,1,
202100009263,185 146,A01,0,10,0,2,3,15,1,
202100009263,185 147,B01,0,2,0,2,1,17,1,
202100009264,185 142,B01,1,33,0,2,4,2,1,
202100009264,185 143,A01,1,33,0,2,1,2,1,
202100009265,185 135,D01,1,7,0,2,4,1,3,
202100009265,185 136,G01,1,7,0,2,4,1,1,
202100009265,185 137,F01,1,7,0,2,4,1,1,
202100009265,185 138,C01,1,7,0,2,4,1,0,
202100009265,185 139,E01,1,7,0,2,4,1,0,
202100009265,185 140,B01,1,7,0,2,4,1,1,
202100009265,185 141,A01,1,7,0,2,1,1,0,
202100009266,185 134,Z01,1,7,0,1,1,1,0,
202100009267,185 132,A01,1,33,0,2,2,17,1,
202100009267,185 133,B01,1,7,0,2,3,15,0,
202100009268,185 130,A01,3,7,0,2,1,0,1,
202100009268,185 131,B01,1,7,0,2,9,2,1,
202100009269,185 128,B01,0,7,0,2,5,1,1,
202100009269,185 129,A01,2,37,0,2,8,13,2,3.0
202100009270,185 127,A01,2,7,8,0,7,13,1,
202100009271,185 126,A01,3,7,7,0,1,1,1,
202100009272,185 125,A01,2,7,0,0,1,1,1,
202100009273,185 123,A01,1,1,0,2,7,1,5,
202100009273,185 124,B01,1,7,0,2,3,15,1,
202100009274,185 121,A01,2,7,0,2,1,0,1,
202100009274,185 122,B01,2,7,0,2,4,0,1,
202100009275,185 119,A01,1,32,0,2,8,13,1,
202100009275,185 120,B01,1,7,0,2,7,1,2,
202100009276,185 117,B01,2,7,0,2,1,1,3,
202100009276,185 118,A01,1,7,0,2,1,13,4,
202100009277,185 116,A01,1,7,0,1,4,20,1,
202100009278,185 115,A01,2,31,8,0,1,1,1,
202100009279,185 113,B01,3,7,0,2,1,19,0,
202100009279,185 114,A01,2,7,0,2,0,1,1,
202100009280,185 111,A01,1,2,0,2,4,1,1,
202100009280,185 112,Z01,1,7,0,2,1,1,1,
202100009281,185 109,B01,1,7,0,2,5,2,1,
202100009281,185 110,A01,1,33,0,2,1,2,1,
202100009282,185 107,A01,1,14,0,2,2,16,1,
202100009282,185 108,B01,1,1,0,2,4,1,5,
202100009283,185 106,A01,1,33,1,1,1,1,1,
202100009284,185 105,A01,1,1,0,1,2,1,5,
202100009285,185 102,A01,1,7,0,2,0,1,0,
202100009285,185 103,C01,1,7,0,2,4,1,1,
202100009285,185 104,B01,1,7,0,2,4,1,1,
202100009286,185 100,A01,1,7,0,2,1,1,1,
202100009286,185 101,B01,1,1,0,2,4,13,5,
202100009287,185 098,B01,3,33,0,2,1,1,1,
202100009287,185 099,A01,1,7,0,2,2,15,1,
202100009288,185 097,A01,2,7,0,1,1,1,1,
202100009289,185 095,A01,2,33,0,2,4,1,1,
202100009289,185 096,B01,2,7,0,2,4,23,1,
202100009290,185 093,A01,1,7,0,2,1,1,1,
202100009290,185 094,B01,2,31,0,2,4,1,1,
202100009291,185 092,A01,2,43,0,1,1,1,1,
202100009292,185 091,A01,1,50,0,1,1,5,3,
202100009293,185 089,A01,1,7,0,2,2,15,1,
202100009293,185 090,B01,2,1,0,2,1,1,5,
202100009294,185 087,A01,2,80,12,2,1,13,3,
202100009294,185 088,B01,1,1,0,2,1,1,5,
202100009295,185 086,Z01,1,1,0,1,1,1,5,
202100009296,185 084,B01,0,33,0,2,1,1,1,
202100009296,185 085,A01,3,7,0,2,5,9,1,
202100009297,185 082,B01,2,2,0,2,1,2,1,
202100009297,185 083,A01,2,7,0,2,4,2,1,
202100009298,185 080,B01,1,7,0,2,1,0,1,
202100009298,185 081,A01,1,31,0,2,5,0,1,
202100009299,185 079,A01,1,7,0,1,1,15,3,
202100009300,185 077,A01,2,2,0,2,1,1,1,
202100009300,185 078,B01,1,7,0,2,3,15,1,
202100009301,185 075,A01,2,10,0,2,1,9,1,
202100009301,185 076,B01,3,33,0,2,0,0,1,
202100009302,185 073,A01,2,32,0,2,1,1,1,
202100009302,185 074,Z01,3,7,0,2,4,2,1,
202100009303,185 071,B01,1,7,0,2,1,1,1,
202100009303,185 072,A01,1,7,0,2,1,0,1,
202100009304,185 070,A01,2,10,0,1,1,1,1,
202100009305,185 069,A01,1,7,0,1,2,15,1,
202100009306,185 068,A01,1,7,0,1,1,26,1,
202100009307,185 066,A01,3,7,0,2,1,15,1,
202100009307,185 067,B01,3,15,0,2,1,1,1,
202100009308,185 065,A01,1,7,0,1,1,14,1,
202100009309,185 063,B01,-1,31,0,2,1,2,1,
202100009309,185 064,A01,-1,3,0,0,4,1,1,
202100009310,185 061,A01,1,7,0,2,6,4,1,
202100009310,185 062,B01,1,34,6,2,2,1,1,
202100009311,185 059,B01,2,2,0,2,2,23,1,
202100009311,185 060,A01,1,7,0,2,3,1,1,
202100009312,185 058,A01,1,7,0,1,2,9,0,
202100009313,185 056,B01,1,7,0,2,6,9,1,
202100009313,185 057,A01,2,34,0,2,1,21,1,
202100009314,185 054,B01,3,7,0,2,3,2,0,
202100009314,185 055,A01,3,2,0,2,1,2,0,
202100009315,185 053,A01,1,7,0,1,2,19,1,
202100009316,185 051,B01,1,3,0,0,5,15,1,
202100009316,185 052,A01,0,43,0,2,1,18,1,
202100009317,185 050,A01,0,7,0,1,8,26,1,
202100009318,185 049,A01,3,30,0,0,0,0,6,
202100009319,185 046,A01,1,7,0,1,3,1,1,
202100009320,185 044,A01,1,2,0,2,1,1,1,
202100009320,185 045,B01,1,37,0,2,8,1,1,1.0
202100009321,185 042,B01,3,33,0,2,1,1,1,
202100009321,185 043,A01,3,7,0,2,6,26,1,
202100009322,185 040,B01,1,30,0,2,8,18,1,
202100009322,185 041,A01,1,7,0,2,2,16,1,
202100009323,185 038,A01,2,7,0,2,3,15,1,
202100009323,185 039,B01,2,32,0,2,7,1,1,
202100009324,185 037,A01,0,30,0,0,0,26,0,
202100009325,185 035,A01,1,30,0,2,2,1,1,
202100009325,185 036,B01,3,7,0,2,3,15,1,
202100009326,185 033,A01,3,7,0,2,4,2,1,
202100009326,185 034,B01,3,33,0,2,1,2,1,
202100009327,185 031,B01,1,1,0,2,3,19,5,
202100009327,185 032,A01,2,43,0,2,3,1,1,
202100009328,185 030,A01,0,31,12,0,8,1,1,
202100009329,185 028,A01,1,7,0,2,1,1,1,
202100009329,185 029,B01,2,20,0,2,3,1,1,
202100009330,185 027,A01,2,7,13,0,2,1,1,
202100009331,185 026,A01,1,7,13,0,9,6,1,
202100009332,185 025,A01,2,7,0,1,2,1,1,
202100009333,185 023,A01,1,7,2,6,2,21,1,
202100009334,185 021,B01,2,7,0,2,1,1,1,
202100009334,185 022,A01,1,7,0,0,7,1,1,
202100009335,185 018,A01,1,7,6,0,1,1,1,
202100009336,185 016,B01,1,1,0,2,5,1,5,