Num_Acc,id_vehicule,num_veh,senc,catv,obs,obsm,choc,manv,motor,occutc
202100009336,185 017,A01,1,7,0,9,2,1,1,
202100009337,185 015,A01,3,7,2,0,1,0,1,
202100009338,185 013,B01,1,7,0,2,3,1,1,
202100009338,185 014,A01,2,33,8,2,1,1,1,
202100009339,185 012,A01,1,33,5,0,7,14,1,
202100009340,185 010,B01,1,7,0,2,3,1,1,
202100009340,185 011,A01,2,7,0,2,3,13,1,
202100009341,185 009,A01,3,7,0,1,1,1,0,
202100009342,185 007,B01,1,7,0,2,3,2,1,
202100009342,185 008,A01,1,80,0,2,1,2,3,
202100009343,185 005,B01,1,10,0,2,1,1,1,
202100009343,185 006,A01,1,7,8,2,4,1,1,
202100009344,185 003,B01,1,7,0,2,8,15,1,
202100009344,185 004,A01,1,33,0,2,1,17,1,
202100009345,185 002,A01,1,7,15,0,1,1,1,
202100009346,185 001,A01,1,7,13,0,2,1,1,
202100009347,184 999,B01,2,7,0,2,9,0,1,
202100009347,185 000,A01,1,7,0,2,1,1,1,
202100009348,184 998,A01,1,7,0,1,2,1,1,
202100009349,184 995,B01,1,7,0,2,4,15,1,
202100009349,184 996,A01,1,7,0,2,3,1,1,
202100009349,184 997,C01,2,7,0,2,1,1,1,
202100009350,184 993,B01,1,7,0,2,3,1,1,
202100009350,184 994,A01,2,33,0,2,1,17,1,
202100009351,184 991,B01,1,7,0,2,6,1,1,
202100009351,184 992,A01,1,10,0,0,1,1,1,
202100009352,184 989,A01,3,7,0,2,3,19,1,
202100009352,184 990,B01,3,2,0,2,1,1,1,
202100009353,184 987,B01,1,30,0,6,1,2,1,
202100009353,184 988,A01,1,7,0,2,1,2,1,
202100009354,184 985,B01,1,7,0,2,8,19,1,
202100009354,184 986,A01,2,7,0,2,1,1,1,
202100009355,184 983,B01,2,15,0,2,3,1,1,
202100009355,184 984,A01,1,10,0,2,8,1,1,
202100009356,184 982,A01,2,7,2,0,1,19,1,
202100009357,184 979,A01,1,2,0,2,1,21,1,
202100009357,184 980,B01,1,10,0,0,2,11,0,
202100009357,184 981,C01,1,7,0,2,1,1,1,
202100009358,184 978,A01,0,2,14,9,0,0,0,
202100009359,184 976,B01,1,7,0,2,4,0,1,
202100009359,184 977,A01,1,33,0,2,1,1,1,
202100009360,184 974,A01,2,7,0,2,1,2,1,
202100009360,184 975,B01,2,15,0,0,4,2,1,
202100009361,184 973,A01,2,2,0,0,0,0,1,
202100009362,184 970,C01,1,7,0,2,3,1,1,
202100009362,184 971,A01,2,7,1,2,3,13,1,
202100009362,184 972,B01,2,7,0,0,6,15,1,
202100009363,184 969,A01,2,2,15,0,2,14,1,
202100009364,184 967,A01,1,2,0,2,1,17,1,
202100009364,184 968,B01,1,7,0,2,6,15,1,
202100009365,184 965,B01,2,7,0,2,1,1,1,
202100009365,184 966,A01,1,7,0,2,1,1,1,
202100009366,184 963,A01,1,7,0,2,8,15,1,
202100009366,184 964,B01,1,33,0,2,1,17,1,
202100009367,184 961,B01,3,2,0,2,1,1,1,
202100009367,184 962,A01,3,7,0,0,2,15,1,
202100009368,184 959,A01,2,7,0,0,3,15,1,
202100009368,184 960,B01,1,1,0,0,7,1,5,
202100009369,184 957,A01,3,7,0,2,8,15,1,
202100009369,184 958,B01,2,7,0,2,3,1,1,
202100009370,184 956,A01,3,7,0,1,4,4,1,
202100009371,184 955,A01,1,7,6,0,1,1,1,
202100009372,184 953,B01,3,1,0,0,8,1,5,
202100009372,184 954,A01,3,7,0,9,3,2,1,
202100009373,184 950,A01,2,7,0,2,1,1,1,
202100009373,184 951,B01,2,33,0,2,4,1,1,
202100009373,184 952,C01,2,7,0,2,4,1,1,
202100009374,184 948,B01,1,7,0,2,1,1,1,
202100009374,184 949,A01,0,7,0,2,3,26,1,
202100009375,184 946,A01,1,33,0,0,4,16,1,
202100009375,184 947,B01,1,7,0,2,1,1,1,
202100009376,184 944,B01,1,33,0,2,8,1,1,
202100009376,184 945,A01,1,7,0,2,7,1,1,
202100009377,184 942,A01,1,17,0,2,2,1,1,
202100009377,184 943,B01,1,7,0,2,9,17,1,
202100009378,184 940,A01,2,7,0,2,1,2,1,
202100009378,184 941,B01,2,7,0,2,4,1,1,
202100009379,184 938,A01,1,7,0,2,2,14,1,
202100009379,184 939,B01,1,7,4,2,3,1,1,
202100009380,184 936,B01,2,7,0,2,4,1,1,
202100009380,184 937,A01,2,7,0,2,2,1,1,
202100009381,184 931,A01,2,10,0,2,1,2,1,
202100009381,184 932,B01,2,7,0,2,4,2,1,
202100009381,184 933,C01,2,10,0,2,4,2,1,
202100009381,184 934,E01,2,7,0,2,4,2,1,
202100009381,184 935,D01,2,7,0,2,4,2,1,
202100009382,184 927,C01,2,7,1,2,1,2,1,
202100009382,184 928,D01,2,7,1,2,4,2,1,
202100009382,184 929,B01,2,7,1,2,5,2,2,
202100009382,184 930,A01,2,10,1,0,1,2,1,
202100009383,184 926,A01,2,33,3,0,7,18,1,
202100009384,184 925,A01,1,7,2,0,1,0,1,
202100009385,184 924,A01,2,7,4,0,3,1,1,
202100009386,184 923,A01,2,7,5,0,1,1,1,
202100009387,184 921,B01,2,7,0,0,5,2,1,
202100009387,184 922,A01,2,31,0,2,3,2,1,
202100009388,184 920,A01,2,7,4,0,1,1,1,
202100009389,184 919,A01,1,7,4,0,1,1,1,
202100009390,184 918,A01,1,7,4,0,1,1,1,
202100009391,184 914,D01,1,7,0,2,4,2,1,
202100009391,184 915,C01,1,7,0,2,4,2,1,
202100009391,184 916,B01,1,7,0,2,4,2,3,
202100009391,184 917,A01,1,10,0,2,1,2,1,
202100009392,184 912,B01,1,33,0,2,2,3,1,
202100009392,184 913,A01,1,10,0,2,6,11,1,
202100009393,184 911,A01,2,1,0,1,1,1,5,
202100009394,184 908,C01,1,7,0,2,7,1,1,
202100009394,184 909,A01,1,7,0,2,2,14,1,
202100009394,184 910,B01,1,7,0,2,3,1,1,
202100009395,184 906,A01,1,34,0,2,1,2,1,
202100009395,184 907,B01,1,10,0,2,4,2,1,
202100009396,184 904,B01,1,2,0,2,3,1,1,
202100009396,184 905,A01,3,7,0,2,1,15,1,
202100009397,184 903,A01,3,33,6,0,0,16,1,
202100009398,184 901,A01,1,7,0,2,1,13,1,
202100009398,184 902,B01,2,7,0,2,8,0,1,
202100009399,184 899,B01,3,2,0,2,1,1,1,
202100009399,184 900,A01,1,7,0,2,2,15,1,
202100009400,184 898,A01,1,7,0,1,7,1,1,
202100009401,184 896,A01,2,10,0,2,1,1,1,
202100009401,184 897,B01,2,7,0,2,4,1,1,
202100009402,184 895,C01,0,0,0,1,0,26,0,
202100009403,184 893,A01,1,3,0,2,2,15,6,
202100009403,184 894,B01,2,34,0,2,8,8,1,
202100009404,184 891,A01,2,7,0,2,3,15,0,
202100009404,184 892,B01,3,7,0,2,0,1,0,
202100009405,184 889,B01,1,7,16,0,0,0,1,
202100009405,184 890,A01,1,7,0,2,1,2,2,
202100009406,184 887,B01,3,1,0,2,1,19,5,
202100009406,184 888,A01,2,7,0,9,2,1,1,
202100009407,184 885,A01,1,30,0,2,1,3,1,
202100009407,184 886,B01,1,7,0,2,6,11,1,
202100009408,184 884,A01,1,30,0,1,1,1,1,
202100009409,184 883,A01,3,7,0,1,1,26,1,
202100009410,184 881,A01,3,7,0,2,1,15,2,
202100009410,184 882,B01,3,30,0,2,1,1,1,
202100009411,184 879,A01,1,7,0,2,3,20,1,
202100009411,184 880,B01,1,2,0,2,1,1,1,
202100009412,184 877,B01,1,7,0,2,4,2,1,
202100009412,184 878,Y01,1,7,0,2,1,2,1,
202100009413,184 875,B01,2,7,0,2,3,1,1,
202100009413,184 876,A01,2,7,0,2,1,1,1,
202100009414,184 873,B01,1,1,0,2,4,1,5,
202100009414,184 874,A01,1,7,0,2,2,1,1,
202100009415,184 871,A01,2,7,0,2,3,22,1,
202100009415,184 872,B01,2,1,1,0,1,1,0,
202100009416,184 869,A01,0,7,0,2,3,15,1,
202100009416,184 870,B01,0,7,0,2,3,1,1,
202100009417,184 867,A01,3,7,8,0,3,13,1,
202100009418,184 865,B01,0,2,0,2,4,1,1,
202100009418,184 866,A01,0,7,0,2,1,15,1,
202100009419,184 861,A01,1,7,0,2,2,1,1,
202100009419,184 862,B01,1,1,0,2,3,15,5,
202100009420,184 859,A01,1,7,0,2,1,15,1,
202100009420,184 860,B01,2,32,0,2,1,1,1,
202100009421,184 857,B01,1,7,0,2,1,15,1,
202100009421,184 858,A01,0,7,0,2,3,26,1,
202100009422,184 856,A01,3,10,0,1,3,1,1,
202100009423,184 854,B01,3,30,9,0,1,5,1,
202100009423,184 855,A01,3,7,9,0,0,0,1,
202100009424,184 853,Z01,3,7,0,2,1,17,0,
202100009425,184 851,B01,2,7,0,2,3,1,1,
202100009425,184 852,A01,1,7,0,2,3,13,1,
202100009426,184 849,B01,1,7,0,2,4,1,1,
202100009426,184 850,A01,1,7,0,2,1,2,1,
202100009427,184 848,A01,1,7,0,1,2,1,1,
202100009428,184 846,B01,1,2,0,2,4,2,3,
202100009428,184 847,A01,1,7,0,9,1,2,1,
202100009429,184 844,B01,1,7,0,2,4,1,1,
202100009429,184 845,A01,1,7,0,2,1,1,1,
202100009430,184 842,B01,0,-1,1,0,5,24,-1,
202100009430,184 843,A01,0,7,1,0,2,1,1,
202100009431,184 840,B01,1,50,0,2,0,26,3,
202100009431,184 841,A01,1,7,0,2,0,26,1,
202100009432,184 838,B01,1,38,0,2,2,24,1,1.0
202100009432,184 839,A01,1,7,1,0,1,26,1,
202100009433,184 836,B01,3,7,0,2,3,16,1,
202100009433,184 837,A01,3,7,0,2,2,1,1,
202100009434,184 835,A01,3,7,0,1,3,1,1,
202100009435,184 833,B01,2,7,0,2,2,16,1,
202100009435,184 834,A01,2,2,0,2,3,1,1,
202100009436,184 831,A01,3,7,0,2,1,15,1,
202100009436,184 832,B01,3,1,0,2,1,1,5,
202100009437,184 829,B01,2,10,0,2,4,2,1,
202100009437,184 830,A01,2,10,0,2,1,2,1,
202100009438,184 827,Z01,2,7,0,2,0,0,0,
202100009438,184 828,A01,2,7,0,2,4,1,1,
202100009439,184 825,A01,1,7,0,2,1,16,1,
202100009439,184 826,B01,1,1,0,2,0,1,5,
202100009440,184 824,A01,3,7,0,1,0,15,1,
202100009441,184 823,A01,2,30,0,2,1,1,1,
202100009442,184 821,B01,1,32,0,2,7,17,1,
202100009442,184 822,A01,1,7,0,2,3,1,1,
202100009443,184 819,B01,1,1,0,2,0,1,5,
202100009443,184 820,A01,1,7,0,2,3,15,1,
202100009444,184 818,A01,3,7,0,1,2,0,1,
202100009445,184 817,A01,3,7,0,1,2,2,1,
202100009446,184 815,B01,1,7,0,2,3,1,1,
202100009446,184 816,A01,1,10,0,2,2,15,1,
202100009447,184 814,A01,0,0,0,1,0,26,0,
202100009448,184 813,A01,0,32,15,0,7,1,1,
202100009449,184 811,A01,2,30,0,2,0,9,1,
202100009449,184 812,B01,2,2,0,2,0,9,1,
202100009450,184 809,B01,3,34,0,2,1,1,1,
202100009450,184 810,A01,3,7,0,2,3,15,3,
202100009451,184 808,A01,1,7,0,1,1,1,1,
202100009452,184 807,A01,2,7,0,0,1,14,1,
202100009453,184 806,A01,1,10,0,0,9,1,1,
202100009454,184 804,B01,3,33,0,2,3,1,1,
202100009454,184 805,A01,1,30,0,2,1,26,1,
202100009455,184 802,A01,1,7,0,2,2,26,1,
202100009455,184 803,B01,1,7,0,2,2,26,1,
202100009456,184 800,A01,1,17,0,2,7,12,1,
202100009456,184 801,B01,1,7,4,2,8,1,2,
202100009457,184 798,B01,1,7,0,2,8,11,1,
202100009457,184 799,A01,1,34,0,2,1,3,1,
202100009458,184 796,B01,2,7,4,2,6,1,1,
202100009458,184 797,A01,2,7,0,2,2,14,2,
202100009459,184 794,B01,1,1,0,2,0,19,5,
202100009459,184 795,A01,2,32,0,2,5,1,1,
202100009460,184 793,A01,1,33,12,0,0,1,1,
202100009461,184 792,A01,2,1,0,0,0,1,5,
202100009462,184 791,A01,1,1,9,0,1,1,5,
202100009463,184 790,A01,2,33,0,1,2,17,1,
202100009464,184 789,A01,3,7,4,0,1,13,1,
202100009465,184 788,A01,1,1,0,0,0,21,5,
202100009466,184 787,A01,1,30,0,0,7,1,1,
202100009467,184 786,A01,1,33,0,2,1,1,1,
202100009468,184 785,A01,2,7,1,0,3,13,1,
202100009469,184 783,A01,2,10,8,2,7,1,1,
202100009469,184 784,B01,1,7,0,0,0,0,1,
202100009470,184 782,A01,1,10,0,1,3,15,1,
202100009471,184 779,C01,3,7,0,2,4,23,1,
202100009471,184 780,B01,3,7,0,2,4,23,1,
202100009471,184 781,A01,3,7,0,2,1,2,1,
202100009472,184 777,A01,1,7,0,2,2,15,1,
202100009472,184 778,B01,1,32,0,2,3,0,1,
202100009473,184 775,B01,1,7,0,9,1,1,1,
202100009473,184 776,A01,1,1,0,2,4,23,5,
202100009474,184 773,B01,1,7,0,2,3,9,1,
202100009474,184 774,A01,1,10,0,2,1,1,1,
202100009475,184 771,A01,1,32,0,2,2,17,1,
202100009475,184 772,B01,1,7,0,2,6,23,1,
202100009476,184 770,A01,3,30,1,0,1,14,1,
202100009477,184 768,B01,2,7,0,2,3,1,1,
202100009477,184 769,A01,1,7,0,2,1,15,1,
202100009478,184 766,A01,2,15,0,2,1,26,1,
202100009478,184 767,B01,2,15,0,2,4,1,1,
202100009479,184 763,A01,1,7,0,2,1,2,1,
202100009479,184 764,B01,1,7,0,2,4,2,1,
202100009479,184 765,C01,1,7,0,2,4,2,1,
202100009480,184 762,A01,2,7,0,1,1,16,2,
202100009481,184 760,A01,1,7,0,2,1,11,1,
202100009481,184 761,B01,2,7,0,2,3,9,1,
202100009482,184 758,A01,1,7,0,2,1,19,2,
202100009482,184 759,B01,2,31,0,2,8,19,1,
202100009483,184 756,A01,1,7,0,2,3,19,1,
202100009483,184 757,B01,1,7,0,2,1,19,1,
202100009484,184 755,A01,0,7,0,1,6,26,0,
202100009485,184 754,A01,1,7,0,1,1,1,1,
202100009486,184 752,B01,2,10,0,2,5,1,1,
202100009486,184 753,A01,2,33,0,2,1,1,1,
202100009487,184 751,A01,3,7,0,1,1,1,1,
202100009488,184 749,B01,3,7,0,2,3,0,1,
202100009488,184 750,A01,3,34,0,2,8,1,1,
202100009489,184 747,A01,2,7,0,2,1,1,2,
202100009489,184 748,B01,2,10,0,2,4,2,1,
202100009490,184 745,Z01,1,7,9,2,1,1,0,
202100009490,184 746,B01,1,33,9,2,4,1,1,
202100009491,184 743,A01,2,7,0,2,2,1,1,
202100009491,184 744,B01,0,32,0,2,0,0,1,
202100009492,184 742,A01,1,7,2,0,3,11,1,
202100009493,184 740,B01,1,21,0,2,3,15,1,
202100009493,184 741,A01,1,7,0,2,9,17,1,
202100009494,184 739,A01,2,7,2,0,3,1,1,
202100009495,184 737,A01,2,7,0,2,1,12,1,
202100009495,184 738,B01,1,33,0,2,3,1,1,
202100009496,184 735,A01,0,36,0,2,1,1,1,
202100009496,184 736,B01,0,7,0,0,1,23,1,
202100009497,184 733,B01,1,34,0,2,4,2,1,
202100009497,184 734,A01,1,10,0,0,1,1,1,
202100009498,184 732,A01,1,10,13,0,9,1,1,
202100009499,184 731,A01,2,7,0,1,2,1,1,
202100009500,184 730,A01,3,7,6,0,1,1,1,
202100009501,184 728,A01,3,7,0,1,5,4,1,
202100009501,184 729,B01,0,7,0,1,2,23,1,
202100009502,184 727,A01,1,7,0,1,1,1,1,
202100009503,184 726,A01,2,7,15,0,9,1,1,
202100009504,184 724,A01,1,1,0,0,4,2,5,
202100009504,184 725,B01,1,7,0,2,2,2,1,
202100009505,184 722,B01,1,7,0,2,6,1,1,
202100009505,184 723,A01,1,2,0,2,1,1,1,
202100009506,184 720,A01,1,10,3,2,3,2,1,
202100009506,184 721,B01,2,20,0,2,3,24,1,
202100009507,184 719,A01,2,7,15,0,7,13,1,
202100009508,184 717,B01,2,7,0,0,4,23,1,
202100009508,184 718,A01,2,7,0,2,1,2,1,
202100009509,184 716,A01,1,2,5,0,7,1,1,
202100009510,184 714,A01,2,10,0,2,1,2,1,
202100009510,184 715,B01,2,7,0,0,4,2,1,
202100009511,184 711,A01,2,7,0,2,1,2,1,
202100009511,184 712,B01,2,7,0,2,4,2,1,
202100009511,184 713,C01,2,7,0,2,4,2,1,
202100009512,184 710,A01,1,30,0,0,2,1,1,
202100009513,184 708,B01,1,2,0,2,1,1,1,
202100009513,184 709,A01,2,10,0,0,3,15,1,
202100009514,184 706,A01,2,7,0,2,1,17,1,
202100009514,184 707,B01,1,7,0,2,1,1,1,
202100009515,184 704,B01,0,1,0,2,1,2,6,
202100009515,184 705,A01,3,7,0,9,7,19,1,
202100009516,184 703,A01,2,10,8,0,3,13,1,
202100009517,184 701,A01,1,13,0,0,2,0,1,
202100009517,184 702,B01,2,33,0,0,0,17,1,
202100009518,184 699,A01,2,7,0,2,1,13,1,
202100009518,184 700,B01,1,7,0,2,1,1,1,
202100009519,184 697,B01,3,7,0,2,3,1,1,
202100009519,184 698,A01,3,14,0,2,3,1,1,
202100009520,184 693,B01,3,10,0,2,1,2,1,
202100009520,184 694,A01,3,7,0,2,4,2,1,
202100009521,184 692,A01,2,32,0,0,0,1,1,
202100009522,184 689,B01,1,2,0,2,1,1,1,
202100009522,184 690,A01,1,7,0,2,2,15,1,
202100009523,184 688,A01,1,7,13,0,9,1,1,
202100009524,184 687,A01,1,33,0,0,0,2,1,
202100009525,184 685,B01,1,7,0,2,1,19,1,
202100009525,184 686,A01,2,7,0,2,2,21,1,
202100009526,184 683,A01,2,7,0,2,2,1,1,
202100009526,184 684,B01,2,10,0,2,6,1,1,
202100009527,184 680,C01,2,10,0,2,1,1,1,
202100009527,184 681,B01,2,7,13,2,3,1,1,
202100009527,184 682,A01,1,7,0,2,1,13,1,
202100009528,184 679,A01,2,7,2,0,3,17,1,
202100009529,184 677,A01,2,7,0,0,1,0,2,
202100009529,184 678,B01,2,7,0,2,7,0,1,
202100009530,184 675,B01,2,10,0,9,8,14,1,
202100009530,184 676,A01,1,33,0,0,0,1,1,
202100009531,184 674,A01,1,7,8,0,3,0,1,
202100009532,184 672,B01,3,7,0,2,6,14,1,
202100009532,184 673,A01,3,7,3,2,7,13,1,
202100009533,184 670,B01,2,7,0,0,4,15,1,
202100009533,184 671,A01,2,7,0,2,1,26,1,
202100009534,184 668,B01,-1,7,0,0,6,23,1,
202100009534,184 669,A01,-1,33,0,2,1,2,1,
202100009535,184 667,A01,3,7,0,1,5,4,1,
202100009536,184 666,A01,1,7,13,0,2,1,1,
202100009537,184 664,A01,1,7,0,2,1,13,1,
202100009537,184 665,B01,2,7,0,2,1,1,1,
202100009538,184 663,A01,3,10,0,1,1,0,1,
202100009539,184 660,A01,2,10,0,2,3,13,1,
202100009539,184 661,B01,1,7,0,2,3,1,1,
202100009539,184 662,C01,2,10,0,2,1,1,1,
202100009540,184 658,B01,0,50,0,2,8,19,3,
202100009540,184 659,A01,0,7,0,2,1,2,1,
202100009541,184 656,A01,0,7,15,2,1,1,1,
202100009541,184 657,B01,0,7,0,2,7,9,1,
202100009542,184 653,C01,0,7,0,2,3,23,1,
202100009542,184 654,A01,0,10,0,2,2,19,1,
202100009542,184 655,B01,0,7,14,2,1,1,1,
202100009543,184 646,A01,2,10,0,2,3,13,1,
202100009543,184 647,B01,1,7,0,9,1,11,1,
202100009543,184 648,C01,1,15,0,2,3,1,1,
202100009543,184 649,D01,1,7,0,2,1,1,1,
202100009543,184 650,E01,1,7,0,2,1,1,1,
202100009544,184 644,A01,2,10,0,2,4,2,1,
202100009544,184 645,B01,2,10,0,2,1,2,1,
202100009545,184 642,B01,1,32,0,2,1,3,1,
202100009545,184 643,A01,1,7,0,2,5,23,1,
202100009546,184 640,A01,2,7,0,2,7,12,1,
202100009546,184 641,B01,2,33,0,2,1,3,1,
202100009547,184 639,A01,3,7,0,0,0,1,1,
202100009548,184 638,A01,1,33,0,2,8,1,1,
202100009549,184 636,B01,2,7,0,2,0,11,1,
202100009549,184 637,A01,2,31,0,2,0,3,1,
202100009550,184 635,A01,1,7,14,0,1,0,1,
202100009551,184 634,A01,2,7,3,0,3,26,1,
202100009552,184 632,B01,1,7,0,2,2,2,1,
202100009552,184 633,A01,1,7,0,2,4,11,2,
202100009553,184 629,C01,1,7,0,2,0,1,1,
202100009553,184 630,B01,1,33,0,2,0,1,1,
202100009553,184 631,A01,1,33,0,2,0,11,1,
202100009554,184 627,B01,1,33,0,2,8,3,1,
202100009554,184 628,A01,1,7,0,2,7,12,1,
202100009555,184 626,A01,2,7,3,0,1,1,1,
202100009556,184 624,A01,1,7,4,2,1,1,1,
202100009556,184 625,B01,1,7,4,2,4,1,1,
202100009557,184 623,A01,2,7,4,0,1,1,1,
202100009558,184 621,Z01,2,7,0,2,0,0,0,
202100009558,184 622,A01,2,7,0,2,6,1,1,
202100009559,184 619,A01,1,7,0,2,8,11,1,
202100009559,184 620,B01,1,33,0,2,7,3,1,
202100009560,184 616,A01,2,7,0,2,1,2,1,
202100009560,184 617,B01,2,10,0,2,4,2,1,
202100009560,184 618,C01,2,7,0,2,4,2,1,
202100009561,184 615,A01,1,7,3,0,1,1,1,
202100009562,184 614,A01,1,7,3,0,1,1,1,
202100009563,184 612,A01,1,7,0,2,2,14,1,
202100009563,184 613,B01,1,7,3,2,6,11,1,
202100009564,184 611,A01,2,7,6,0,1,1,1,
202100009565,184 610,A01,1,7,0,1,3,1,1,
202100009566,184 607,A01,2,14,0,2,6,23,1,
202100009566,184 608,B01,2,33,14,0,1,2,1,
202100009566,184 609,C01,2,33,0,2,0,0,1,
202100009567,184 605,B01,2,7,0,2,3,15,6,
202100009567,184 606,A01,1,34,0,2,3,16,6,
202100009568,184 604,A01,3,7,0,0,0,1,1,
202100009569,184 603,B01,1,7,0,1,0,15,0,
202100009570,184 601,A01,2,7,0,2,1,15,1,
202100009570,184 602,B01,1,2,0,2,1,1,1,
202100009571,184 599,C01,2,7,0,2,7,16,-1,
202100009571,184 600,B01,2,0,0,2,7,1,0,
202100009572,184 597,A01,1,7,0,2,5,15,1,
202100009572,184 598,B01,1,7,0,2,2,1,1,
202100009573,184 595,A01,1,7,0,2,3,15,1,
202100009573,184 596,B01,1,32,0,2,0,0,1,
202100009574,184 592,C01,2,10,0,2,4,1,1,
202100009574,184 593,A01,2,7,0,2,1,2,1,
202100009574,184 594,B01,2,7,0,2,4,2,1,
202100009575,184 591,A01,1,34,0,1,1,17,1,
202100009576,184 589,B01,2,34,0,2,2,1,1,
202100009576,184 590,A01,1,7,0,2,2,15,1,
202100009577,184 587,A01,2,99,0,2,1,1,3,
202100009577,184 588,B01,2,7,0,2,3,1,1,
202100009578,184 585,A01,2,7,15,2,1,1,1,
202100009578,184 586,B01,2,7,0,2,4,1,1,
202100009579,184 583,B01,1,31,0,2,1,9,1,
202100009579,184 584,A01,2,7,0,2,7,1,1,
202100009580,184 581,A01,2,10,0,9,3,9,1,
202100009580,184 582,B01,3,50,0,2,1,1,3,
202100009581,184 580,A01,2,7,0,1,1,9,1,
202100009582,184 579,A01,0,2,0,0,0,1,1,
202100009583,184 578,A01,2,7,0,1,3,26,1,
202100009584,184 576,A01,2,3,0,2,1,15,1,
202100009584,184 577,B01,1,50,0,2,7,19,3,
202100009585,184 573,C01,1,10,1,0,2,9,1,
202100009585,184 574,B01,2,7,0,2,2,1,1,
202100009585,184 575,A01,1,10,0,2,8,22,1,
202100009586,184 571,B01,2,2,0,2,2,1,3,
202100009586,184 572,A01,1,7,0,2,3,15,1,
202100009587,184 569,B01,0,2,0,2,1,1,1,
202100009587,184 570,A01,0,7,0,2,8,9,1,
202100009588,184 568,A01,2,30,0,9,1,1,1,
202100009589,184 566,A01,1,7,0,2,8,22,1,
202100009589,184 567,B01,1,1,1,0,1,1,5,
202100009590,184 565,A01,1,7,0,1,2,1,1,
202100009591,184 563,A01,1,7,0,2,2,15,1,
202100009591,184 564,B01,2,33,0,2,1,17,1,
202100009592,184 560,A01,2,7,0,1,3,1,1,
202100009593,184 559,A01,2,37,0,1,1,1,1,1.0
202100009594,184 557,A01,3,7,0,2,3,9,1,
202100009594,184 558,B01,0,50,0,0,0,0,3,
202100009595,184 555,A01,1,7,0,2,3,13,1,
202100009595,184 556,B01,2,10,0,2,3,0,1,
202100009596,184 553,B01,1,7,0,2,4,1,1,
202100009596,184 554,A01,1,13,0,2,1,1,0,
202100009597,184 552,A01,1,3,4,0,3,26,1,
202100009598,184 551,A01,1,43,0,0,8,0,1,
202100009599,184 549,Z01,1,7,0,2,0,1,1,
202100009599,184 550,B01,2,7,0,2,2,1,1,
202100009600,184 548,A01,1,7,15,0,1,14,1,
202100009601,184 547,A01,2,7,4,0,3,0,1,
202100009602,184 543,A01,3,7,0,2,1,1,1,
202100009602,184 544,B01,3,7,0,2,1,1,1,
202100009602,184 545,C01,3,7,0,2,1,1,1,
202100009602,184 546,D01,3,7,0,2,1,0,1,
202100009603,184 542,A01,2,7,1,0,1,13,1,
202100009604,184 539,C01,1,7,0,2,4,1,1,
202100009604,184 540,B01,1,7,0,2,1,1,1,
202100009604,184 541,A01,1,7,0,2,1,9,1,
202100009605,184 537,A01,2,7,0,2,3,2,1,
202100009605,184 538,B01,3,80,0,2,8,19,3,
202100009606,184 535,B01,0,2,0,2,1,1,1,
202100009606,184 536,A01,0,7,0,2,5,15,1,
202100009607,184 532,A01,-1,7,0,2,2,15,1,
202100009607,184 533,B01,-1,2,0,2,1,26,1,
202100009608,184 530,A01,0,7,0,2,2,1,1,
202100009608,184 531,B01,0,2,0,2,8,1,1,
202100009609,184 529,A01,2,7,0,1,1,1,1,
202100009610,184 527,B01,3,1,0,2,7,1,0,
202100009610,184 528,A01,2,7,0,2,1,9,1,
202100009611,184 525,A01,1,7,0,2,8,10,1,
202100009611,184 526,B01,1,33,0,2,1,1,1,
202100009612,184 523,B01,3,30,0,2,1,1,1,
202100009612,184 524,A01,3,7,0,2,7,15,2,
202100009613,184 521,B01,1,32,0,2,2,17,1,
202100009613,184 522,A01,1,1,0,2,8,13,5,
202100009614,184 518,C01,1,7,0,2,8,1,1,
202100009614,184 519,B01,1,33,0,2,7,12,1,
202100009614,184 520,A01,1,33,0,2,8,3,1,
202100009615,184 515,A01,2,7,0,2,1,13,1,
202100009615,184 516,B01,1,7,0,2,8,1,1,
202100009615,184 517,C01,2,32,0,2,8,7,1,
202100009616,184 513,A01,1,80,0,2,2,1,3,
202100009616,184 514,Z01,1,30,0,2,0,13,1,
202100009617,184 512,A01,1,32,0,1,1,1,1,
202100009618,184 511,A01,2,43,12,0,1,13,1,
202100009619,184 509,B01,1,7,0,2,4,23,1,
202100009619,184 510,A01,1,30,0,2,1,2,1,
202100009620,184 508,A01,2,7,0,1,1,15,1,
202100009621,184 506,A01,3,7,0,2,2,1,1,
202100009621,184 507,B01,3,2,0,2,8,1,1,
202100009622,184 504,B01,2,7,0,2,3,1,1,
202100009622,184 505,A01,1,7,0,2,2,15,1,
202100009623,184 503,A01,2,10,0,1,3,15,1,
202100009624,184 502,A01,2,1,0,0,1,21,5,
202100009625,184 501,A01,1,31,0,1,1,1,3,
202100009626,184 499,A01,1,32,0,2,2,16,1,
202100009626,184 500,B01,2,1,0,2,8,7,5,
202100009627,184 497,A01,3,7,0,2,1,1,2,
202100009627,184 498,B01,3,7,0,2,5,1,3,
202100009628,184 495,A01,1,7,0,2,0,1,1,
202100009628,184 496,B01,2,33,0,2,0,1,1,
202100009629,184 494,A01,1,30,1,1,1,14,1,
202100009630,184 493,A01,1,32,0,0,0,1,1,
202100009631,184 492,A01,1,7,1,0,1,16,1,
202100009632,184 490,A01,1,14,0,2,3,15,1,