Num_Acc,id_vehicule,num_veh,senc,catv,obs,obsm,choc,manv,motor,occutc
202100009632,184 491,B01,1,43,0,2,2,17,1,
202100009633,184 489,A01,1,10,0,1,2,16,1,
202100009634,184 487,B01,1,7,0,2,4,1,1,
202100009634,184 488,A01,1,7,0,2,1,1,1,
202100009635,184 485,B01,2,33,0,2,1,1,1,
202100009635,184 486,A01,3,7,0,2,2,15,1,
202100009636,184 483,B01,1,7,0,2,0,0,1,
202100009636,184 484,A01,1,7,0,2,0,9,1,
202100009637,184 481,B01,2,7,0,0,4,23,2,
202100009637,184 482,A01,2,7,0,2,1,1,1,
202100009638,184 479,B01,1,7,1,0,7,1,1,
202100009638,184 480,A01,1,15,0,2,7,22,1,
202100009639,184 477,B01,1,7,0,0,5,19,0,
202100009639,184 478,A01,1,7,0,2,1,19,1,
202100009640,184 475,B01,1,32,0,2,1,18,1,
202100009640,184 476,A01,1,7,0,2,2,16,1,
202100009641,184 473,A01,1,10,1,2,1,5,0,
202100009641,184 474,B01,2,7,0,2,2,1,0,
202100009642,184 471,A01,1,10,14,0,8,13,1,
202100009642,184 472,B01,1,2,14,0,2,17,1,
202100009643,184 469,B01,3,7,0,2,2,15,1,
202100009643,184 470,A01,3,31,0,2,1,1,1,
202100009644,184 467,A01,1,32,0,2,1,18,1,
202100009644,184 468,B01,1,7,0,2,2,16,1,
202100009645,184 466,A01,0,7,0,1,1,9,1,
202100009646,184 464,B01,2,10,0,2,3,16,0,
202100009646,184 465,A01,2,10,14,2,3,9,0,
202100009647,184 462,B01,-1,99,0,2,7,15,0,
202100009647,184 463,A01,-1,33,0,9,7,0,0,
202100009648,184 460,B01,3,32,0,2,7,17,6,
202100009648,184 461,A01,3,99,0,0,8,1,6,
202100009649,184 459,A01,1,7,0,1,1,2,0,
202100009650,184 458,A01,1,7,0,1,2,2,1,
202100009651,184 456,Z01,0,7,0,2,0,0,0,
202100009651,184 457,A01,3,7,0,2,3,15,1,
202100009652,184 454,B01,1,7,0,9,2,1,1,
202100009652,184 455,A01,1,2,0,0,8,10,1,
202100009653,184 451,D01,3,7,0,2,1,23,1,
202100009653,184 452,A01,3,7,0,2,3,1,1,
202100009653,184 453,B01,3,7,0,2,3,13,1,
202100009654,184 449,A01,3,7,0,0,8,17,1,
202100009654,184 450,B01,3,1,0,0,7,11,5,
202100009655,184 448,A01,1,33,0,0,7,1,1,
202100009656,184 447,A01,2,2,0,1,0,2,1,
202100009657,184 444,C01,1,7,0,2,3,1,0,
202100009657,184 445,B01,2,7,0,2,8,1,0,
202100009657,184 446,A01,2,7,0,2,3,15,0,
202100009658,184 442,A01,2,7,0,9,2,1,1,
202100009658,184 443,B01,2,1,0,2,7,1,5,
202100009659,184 441,A01,2,7,0,1,2,1,1,
202100009660,184 440,A01,1,7,6,0,1,1,1,
202100009661,184 439,A01,0,7,0,1,2,1,1,
202100009662,184 438,A01,2,33,0,0,3,1,1,
202100009663,184 437,A01,1,7,5,0,8,13,1,
202100009664,184 435,A01,1,33,0,2,1,1,1,
202100009664,184 436,B01,1,7,0,2,1,16,1,
202100009665,184 434,A01,3,7,0,1,1,1,1,
202100009666,184 431,B01,1,7,0,2,1,1,1,
202100009666,184 432,C01,1,7,0,0,3,1,1,
202100009666,184 433,A01,2,7,0,2,0,13,1,
202100009667,184 429,A01,1,7,0,2,0,1,1,
202100009667,184 430,B01,0,7,0,2,0,16,1,
202100009668,184 428,A01,2,7,0,1,1,1,1,
202100009669,184 426,B01,2,10,0,2,1,9,1,
202100009669,184 427,A01,1,10,11,2,1,1,1,
202100009670,184 424,A01,1,7,4,2,3,0,1,
202100009670,184 425,B01,2,15,0,0,8,1,1,
202100009671,184 423,A01,2,7,3,0,0,1,1,
202100009672,184 421,B01,1,2,0,2,0,1,1,
202100009672,184 422,A01,2,0,0,2,0,15,1,
202100009673,184 420,A01,1,7,13,0,7,1,1,
202100009674,184 416,C01,2,7,0,2,1,0,1,
202100009674,184 417,B01,2,7,0,2,4,0,1,
202100009674,184 418,A01,2,10,0,2,1,0,1,
202100009674,184 419,D01,2,7,0,2,4,0,1,
202100009675,184 415,A01,1,7,0,0,0,1,1,
202100009676,184 413,A01,1,7,0,2,2,9,1,
202100009676,184 414,B01,1,7,0,2,6,1,1,
202100009677,184 411,A01,1,7,0,2,1,1,1,
202100009677,184 412,B01,2,7,0,2,1,1,1,
202100009678,184 409,A01,2,10,0,2,2,2,1,
202100009678,184 410,B01,2,15,0,0,6,1,1,
202100009679,184 408,A01,1,7,13,0,9,26,1,
202100009680,184 404,B01,2,7,0,2,4,1,1,
202100009680,184 405,C01,2,7,0,2,5,1,1,
202100009680,184 406,D01,2,7,3,2,5,1,1,
202100009680,184 407,A01,2,99,0,2,3,1,1,
202100009681,184 402,B01,1,7,0,0,4,2,1,
202100009681,184 403,A01,1,14,0,2,1,2,1,
202100009682,184 399,B01,2,10,0,2,4,2,1,
202100009682,184 400,A01,2,2,0,2,1,2,1,
202100009683,184 397,A01,3,2,0,2,3,13,1,
202100009683,184 398,B01,3,10,0,2,3,21,1,
202100009684,184 395,B01,1,7,0,2,3,1,1,
202100009684,184 396,A01,2,7,0,2,3,13,1,
202100009685,184 393,A01,1,7,0,2,1,17,1,
202100009685,184 394,B01,2,13,0,2,1,26,1,
202100009686,184 391,B01,1,7,0,2,3,1,1,
202100009686,184 392,A01,1,7,0,2,3,13,1,
202100009687,184 389,B01,0,99,0,2,3,1,1,
202100009687,184 390,A01,0,7,0,2,1,1,1,
202100009688,184 388,A01,3,7,0,1,1,19,1,
202100009689,184 387,A01,1,7,2,0,1,1,2,
202100009690,184 382,A01,1,7,0,2,1,13,1,
202100009690,184 383,B01,2,7,0,2,1,0,1,
202100009690,184 384,E01,1,7,0,2,1,21,1,
202100009690,184 385,D01,2,7,0,0,3,0,2,
202100009690,184 386,C01,2,7,14,0,1,2,1,
202100009691,184 381,A01,3,7,8,0,1,0,1,
202100009692,184 380,A01,1,2,0,6,3,0,1,
202100009693,184 378,A01,1,7,0,2,3,15,1,
202100009693,184 379,B01,2,7,0,2,1,1,1,
202100009694,184 375,A01,2,7,13,2,7,1,1,
202100009694,184 376,C01,1,7,0,0,6,1,1,
202100009694,184 377,B01,1,10,0,2,2,1,1,
202100009695,184 373,B01,1,1,0,2,7,1,5,
202100009695,184 374,A01,1,7,0,2,2,1,2,
202100009696,184 372,A01,3,7,0,0,1,0,1,
202100009697,184 370,A01,2,7,0,9,3,15,1,
202100009697,184 371,B01,3,1,0,2,7,1,5,
202100009698,184 368,A01,3,7,0,2,8,1,1,
202100009698,184 369,B01,3,7,0,2,1,19,1,
202100009699,184 367,A01,2,7,13,0,9,13,1,
202100009700,184 366,A01,1,7,4,0,8,19,1,
202100009701,184 364,B01,2,7,0,2,4,2,1,
202100009701,184 365,A01,1,7,0,2,1,2,1,
202100009702,184 361,C01,1,17,0,2,1,1,1,
202100009702,184 362,B01,1,7,0,2,3,1,1,
202100009702,184 363,A01,1,10,0,2,5,11,1,
202100009703,184 357,A01,1,99,0,0,0,23,1,
202100009703,184 358,D01,1,15,1,0,3,21,1,
202100009703,184 359,C01,1,7,1,0,0,22,1,
202100009703,184 360,B01,1,10,1,0,1,21,1,
202100009704,184 356,A01,1,7,3,0,0,1,1,
202100009705,184 354,A01,2,7,0,2,0,0,1,
202100009705,184 355,B01,1,7,0,2,0,0,1,
202100009706,184 352,A01,2,7,0,2,0,0,1,
202100009706,184 353,B01,2,33,0,2,0,0,1,
202100009707,184 350,A01,2,7,0,2,5,12,1,
202100009707,184 351,B01,2,33,0,2,3,3,1,
202100009708,184 348,B01,2,7,0,2,6,1,1,
202100009708,184 349,A01,2,15,0,2,2,14,1,
202100009709,184 346,A01,1,7,0,2,4,13,1,
202100009709,184 347,B01,1,33,0,2,1,3,1,
202100009710,184 344,B01,1,7,0,2,4,2,1,
202100009710,184 345,A01,1,7,0,2,1,2,1,
202100009711,184 343,A01,1,33,0,0,0,21,1,
202100009712,184 341,A01,2,32,0,2,1,3,1,
202100009712,184 342,B01,2,7,0,2,2,12,1,
202100009713,184 339,B01,2,32,0,2,3,1,1,
202100009713,184 340,A01,2,7,0,2,5,12,1,
202100009714,184 337,B01,1,33,0,2,2,3,1,
202100009714,184 338,A01,1,7,0,2,8,11,2,
202100009715,184 333,A01,2,7,0,2,2,14,1,
202100009715,184 334,B01,2,7,0,2,3,1,1,
202100009715,184 335,C01,2,7,0,2,1,1,1,
202100009715,184 336,D01,2,14,0,2,2,1,1,
202100009716,184 332,A01,2,32,0,0,7,21,1,
202100009717,184 330,A01,2,10,0,2,3,15,1,
202100009717,184 331,B01,2,2,0,2,1,2,1,
202100009718,184 329,A01,1,7,0,1,2,1,2,
202100009719,184 328,A01,1,7,0,1,2,9,1,
202100009720,184 326,A01,3,30,0,2,1,19,1,
202100009720,184 327,B01,1,7,0,2,8,1,1,
202100009721,184 325,A01,0,7,0,1,1,9,1,
202100009722,184 324,A01,1,7,0,1,1,1,1,
202100009723,184 322,B01,1,7,0,9,6,15,1,
202100009723,184 323,A01,2,2,0,2,0,15,1,
202100009724,184 320,B01,2,2,0,2,1,15,1,
202100009724,184 321,A01,2,7,0,2,3,15,1,
202100009725,184 318,B01,2,2,0,2,7,1,1,
202100009725,184 319,A01,1,7,0,2,1,15,1,
202100009726,184 316,B01,2,7,0,2,4,1,1,
202100009726,184 317,A01,2,7,0,2,1,26,1,
202100009727,184 315,A01,2,10,0,1,6,15,1,
202100009728,184 314,A01,0,99,8,0,1,15,3,
202100009729,184 312,B01,1,33,0,2,4,2,1,
202100009729,184 313,A01,1,7,0,2,2,26,4,
202100009730,184 310,A01,1,99,0,2,1,1,0,
202100009730,184 311,B01,2,99,0,2,8,15,0,
202100009731,184 308,B01,2,7,0,2,4,23,1,
202100009731,184 309,A01,2,7,0,2,1,2,1,
202100009732,184 306,A01,1,43,13,2,7,14,1,
202100009732,184 307,B01,1,7,0,2,1,9,1,
202100009733,184 305,A01,3,7,0,1,2,19,1,
202100009734,184 304,A01,1,10,0,1,3,26,1,
202100009735,184 302,B01,2,1,1,0,1,1,5,
202100009735,184 303,A01,1,7,0,0,0,0,1,
202100009736,184 300,A01,1,7,0,2,1,1,1,
202100009736,184 301,B01,1,7,0,2,3,0,1,
202100009737,184 298,Z01,1,10,0,2,1,1,1,
202100009737,184 299,A01,1,7,0,2,4,4,1,
202100009738,184 297,A01,2,7,13,0,1,14,1,
202100009739,184 294,B01,2,7,0,2,4,2,1,
202100009739,184 295,C01,2,7,0,2,4,2,1,
202100009739,184 296,A01,2,7,0,2,1,2,1,
202100009740,184 293,A01,1,50,0,0,8,1,3,
202100009741,184 291,B01,2,7,3,2,4,2,1,
202100009741,184 292,A01,2,7,3,2,1,2,1,
202100009742,184 287,A01,2,7,0,1,0,1,1,
202100009742,184 288,B01,2,7,0,2,1,2,1,
202100009743,184 286,A01,0,7,0,1,1,1,1,
202100009744,184 285,A01,0,10,0,1,6,15,1,
202100009745,184 277,B01,0,3,0,2,3,1,1,
202100009745,184 278,A01,0,7,0,2,1,15,1,
202100009746,184 276,A01,2,32,6,0,7,14,1,
202100009747,184 275,A01,2,7,0,1,7,26,1,
202100009748,184 274,A01,0,7,0,0,2,9,1,
202100009749,184 273,A01,3,7,0,1,2,26,1,
202100009750,184 272,A01,1,7,0,1,2,1,1,
202100009751,184 270,B01,2,7,0,2,2,0,1,
202100009751,184 271,A01,1,7,1,2,3,0,1,
202100009752,184 269,A01,1,7,0,2,3,15,1,
202100009753,184 267,B01,2,7,0,2,3,1,1,
202100009753,184 268,A01,1,1,0,2,1,19,5,
202100009754,184 265,A01,1,7,0,2,5,16,1,
202100009754,184 266,B01,2,1,0,2,1,19,5,
202100009755,184 263,A01,2,7,0,2,6,9,1,
202100009755,184 264,B01,2,7,0,2,2,1,0,
202100009756,184 262,A01,1,43,0,1,1,1,1,
202100009757,184 259,A01,1,10,0,2,1,1,1,
202100009757,184 260,B01,1,7,0,2,4,1,1,
202100009757,184 261,C01,1,7,0,2,4,1,1,
202100009758,184 256,C01,1,7,0,2,1,1,1,
202100009758,184 257,B01,1,7,0,2,1,1,1,
202100009758,184 258,A01,2,7,0,2,2,15,1,
202100009759,184 253,A01,3,7,1,0,1,2,1,
202100009759,184 254,B01,3,7,1,0,4,23,1,
202100009759,184 255,C01,3,7,0,2,4,23,1,
202100009760,184 251,B01,2,7,0,2,4,15,1,
202100009760,184 252,A01,2,7,0,2,3,17,1,
202100009761,184 250,A01,0,14,0,1,5,26,1,
202100009762,184 248,B01,3,30,0,2,1,1,0,
202100009762,184 249,A01,3,7,0,2,3,15,1,
202100009763,184 246,A01,3,7,0,9,8,11,1,
202100009763,184 247,B01,3,31,0,2,7,1,1,
202100009764,184 244,B01,1,7,0,2,4,1,1,
202100009764,184 245,A01,1,7,0,2,1,16,1,
202100009765,184 240,A01,3,7,0,2,4,20,1,
202100009765,184 241,B01,3,7,0,2,1,24,1,
202100009766,184 239,A01,1,10,0,1,2,1,1,
202100009767,184 238,A01,1,7,6,0,9,1,1,
202100009768,184 236,B01,2,7,0,2,1,2,1,
202100009768,184 237,A01,1,7,6,2,5,19,1,
202100009769,184 234,A01,1,7,0,2,1,1,1,
202100009769,184 235,B01,2,7,0,2,1,1,1,
202100009770,184 232,A01,1,7,0,2,3,2,3,
202100009770,184 233,B01,1,7,0,2,4,2,1,
202100009771,184 229,A01,2,7,0,2,6,1,2,
202100009771,184 230,C01,0,10,1,0,0,24,1,
202100009771,184 231,B01,2,2,0,2,1,1,1,
202100009772,184 227,B01,2,7,0,2,6,1,1,
202100009772,184 228,A01,1,7,0,2,1,1,1,
202100009773,184 225,B01,0,7,0,2,0,1,-1,
202100009773,184 226,A01,0,7,0,2,1,1,1,
202100009774,184 223,A01,2,10,0,2,2,15,1,
202100009774,184 224,B01,1,7,0,2,3,1,1,
202100009775,184 221,A01,1,7,0,2,1,19,1,
202100009775,184 222,B01,1,7,0,2,8,19,1,
202100009776,184 220,A01,1,7,6,0,3,14,1,
202100009777,184 218,A01,2,7,0,2,2,16,1,
202100009777,184 219,B01,2,30,0,2,1,18,1,
202100009778,184 216,B01,2,7,0,2,4,2,1,
202100009778,184 217,A01,2,1,0,2,1,1,5,
202100009779,184 215,A01,1,14,0,1,2,1,1,
202100009780,184 214,Z01,2,7,0,1,1,0,1,
202100009781,184 213,A01,1,7,1,0,2,2,1,
202100009782,184 212,A01,0,7,4,0,1,1,1,
202100009783,184 211,A01,1,7,13,0,1,16,1,
202100009784,184 210,A01,0,7,0,0,3,16,0,
202100009785,184 205,A01,1,7,0,2,3,1,0,
202100009785,184 206,B01,2,7,0,2,3,1,1,
202100009786,184 203,A01,1,7,0,2,2,15,1,
202100009786,184 204,B01,1,33,0,2,1,1,1,
202100009787,184 201,B01,3,7,0,2,1,1,1,
202100009787,184 202,A01,3,30,0,2,1,1,1,
202100009788,184 199,B01,2,1,0,2,1,0,0,
202100009788,184 200,A01,1,30,0,2,1,2,1,
202100009789,184 196,B01,2,7,0,2,1,1,1,
202100009789,184 197,A01,2,7,0,2,4,1,1,
202100009790,184 192,A01,1,7,0,2,1,2,1,
202100009790,184 193,B01,1,7,0,2,4,2,1,
202100009790,184 194,C01,1,7,0,2,4,2,1,
202100009790,184 195,D01,1,7,0,2,1,2,1,
202100009791,184 190,B01,2,7,0,2,4,2,1,
202100009791,184 191,A01,2,7,0,2,1,1,1,
202100009792,184 188,A01,1,7,0,2,1,15,1,
202100009792,184 189,B01,2,31,0,2,1,1,1,
202100009793,184 187,A01,3,7,8,0,8,1,1,
202100009794,184 185,B01,1,14,0,2,7,16,1,
202100009794,184 186,A01,1,32,0,2,1,21,1,
202100009795,184 184,A01,3,30,0,1,2,3,1,
202100009796,184 183,A01,2,7,1,0,2,1,1,
202100009797,184 181,B01,1,10,0,2,4,1,1,
202100009797,184 182,A01,1,33,0,2,1,1,1,
202100009798,184 180,A01,1,2,12,0,1,12,1,
202100009799,184 178,B01,1,7,4,2,4,2,1,
202100009799,184 179,A01,1,7,4,2,1,11,1,
202100009800,184 176,A01,2,32,0,2,7,12,1,
202100009800,184 177,B01,2,7,0,2,8,1,1,
202100009801,184 174,B01,1,7,0,2,6,11,1,
202100009801,184 175,A01,1,32,0,2,1,3,1,
202100009802,184 173,A01,1,7,6,1,2,14,1,
202100009803,184 172,Z01,1,32,0,1,0,1,0,
202100009804,184 171,A01,1,2,0,0,0,21,1,
202100009805,184 170,A01,1,30,0,1,1,7,0,
202100009806,184 169,A01,2,30,0,1,2,1,1,
202100009807,184 166,Z01,3,7,0,2,8,13,0,
202100009807,184 167,B01,3,33,0,2,7,3,1,
202100009807,184 168,A01,3,14,0,2,2,1,1,
202100009808,184 164,A01,1,7,0,2,2,1,1,
202100009808,184 165,B01,1,34,0,2,3,1,1,
202100009809,184 162,A01,1,30,0,2,3,3,1,
202100009809,184 163,Z01,1,10,0,2,2,14,0,
202100009810,184 160,B01,1,32,0,2,1,17,1,
202100009810,184 161,A01,1,7,0,2,3,15,1,
202100009811,184 159,A01,1,30,0,0,1,1,1,
202100009812,184 157,B01,1,7,0,2,4,1,1,
202100009812,184 158,A01,1,7,0,2,1,1,1,
202100009813,184 155,A01,1,7,0,2,2,10,1,
202100009813,184 156,B01,1,33,0,2,1,1,1,
202100009814,184 154,A01,0,7,3,0,3,16,1,
202100009815,184 152,B01,1,1,0,2,8,0,0,
202100009815,184 153,A01,1,7,0,2,1,15,1,
202100009816,184 150,B01,1,0,0,2,1,19,0,
202100009816,184 151,A01,1,33,0,2,7,9,0,
202100009817,184 147,A01,2,7,0,1,2,1,1,
202100009818,184 145,B01,1,2,0,2,1,1,1,
202100009818,184 146,A01,-1,7,0,0,2,15,1,
202100009819,184 143,A01,3,31,0,2,3,18,0,
202100009819,184 144,B01,3,3,0,2,5,1,0,
202100009820,184 141,B01,1,31,0,2,0,0,0,
202100009820,184 142,A01,2,7,0,2,3,0,1,
202100009821,184 139,B01,2,30,0,2,1,1,1,
202100009821,184 140,A01,2,7,0,2,2,15,1,
202100009822,184 138,A01,2,7,0,1,7,26,1,
202100009823,184 137,A01,2,33,6,0,8,1,1,
202100009824,184 136,A01,2,7,13,0,9,1,1,
202100009825,184 134,B01,1,1,0,2,3,1,5,
202100009825,184 135,A01,1,37,0,9,5,17,0,1.0
202100009826,184 133,A01,1,7,0,1,1,1,1,
202100009827,184 130,A01,2,7,0,2,2,14,1,
202100009827,184 131,B01,2,7,1,0,2,1,1,
202100009827,184 132,C01,2,15,0,2,6,1,1,
202100009828,184 128,A01,1,7,0,2,1,17,1,
202100009828,184 129,B01,2,2,0,2,1,1,1,
202100009829,184 127,A01,2,7,2,0,1,26,1,
202100009830,184 125,A01,2,38,0,1,2,7,1,1.0
202100009831,184 123,A01,1,7,0,2,3,17,1,
202100009831,184 124,B01,2,15,0,2,3,1,1,
202100009832,184 120,A01,0,7,0,2,1,15,2,
202100009832,184 121,B01,0,33,0,2,1,1,1,
202100009833,184 119,A01,2,7,8,0,1,1,1,
202100009834,184 118,A01,2,7,0,1,2,2,1,
202100009835,184 116,A01,2,2,0,2,1,1,1,
202100009835,184 117,B01,1,7,0,2,3,26,1,
202100009836,184 114,A01,2,7,0,2,3,1,1,
202100009836,184 115,B01,2,7,0,0,6,1,1,
202100009837,184 112,B01,3,7,0,0,3,19,1,
202100009837,184 113,A01,3,7,0,2,3,1,1,
202100009838,184 111,A01,1,7,6,0,2,1,1,
202100009839,184 110,A01,0,7,13,0,2,1,1,
202100009840,184 108,A01,1,10,0,2,8,15,1,
202100009840,184 109,B01,1,32,0,2,7,2,1,
202100009841,184 106,A01,0,7,0,2,3,15,1,
202100009841,184 107,B01,0,7,0,2,1,1,1,
202100009842,184 104,B01,2,7,0,0,4,23,1,
202100009842,184 105,A01,2,7,0,0,1,2,1,
202100009843,184 103,A01,1,7,13,0,1,1,1,
202100009844,184 101,B01,1,7,0,0,3,1,1,
202100009844,184 102,A01,2,15,0,0,3,1,1,
202100009845,184 100,A01,3,1,13,0,0,13,5,
202100009846,184 098,A01,2,7,0,1,2,2,1,
202100009846,184 099,B01,2,7,0,0,4,23,1,
202100009847,184 096,B01,1,10,0,2,3,1,1,
202100009847,184 097,A01,1,7,0,2,3,19,1,
202100009848,184 095,A01,0,7,2,0,1,0,1,
202100009849,184 093,B01,1,21,0,2,3,1,1,
202100009849,184 094,A01,2,7,0,2,3,13,1,
202100009850,184 092,A01,1,7,13,0,3,1,1,
202100009851,184 089,A01,2,17,3,0,1,0,1,
202100009852,184 088,A01,1,31,0,0,0,26,1,
202100009853,184 086,A01,2,7,0,2,3,5,1,
202100009853,184 087,B01,1,31,0,2,1,1,1,
202100009854,184 085,A01,2,15,0,0,0,1,1,
202100009855,184 084,A01,1,7,6,0,2,1,1,
202100009856,184 082,B01,2,99,0,0,4,1,1,
202100009856,184 083,A01,2,99,0,2,1,1,1,
202100009857,184 081,A01,1,7,2,0,2,17,1,
202100009858,184 079,A01,2,7,0,2,1,1,1,
202100009858,184 080,B01,2,7,0,0,4,2,1,
202100009859,184 077,A01,3,7,0,2,1,15,1,
202100009859,184 078,B01,0,2,0,2,1,1,1,
202100009860,184 076,A01,1,33,12,0,1,2,1,
202100009861,184 074,B01,1,33,0,2,1,1,1,
202100009861,184 075,A01,2,7,0,2,7,15,1,
202100009862,184 073,A01,3,10,0,1,1,1,1,
202100009863,184 071,A01,1,7,0,0,6,19,1,
202100009863,184 072,B01,2,15,0,2,3,21,1,
202100009864,184 070,A01,3,7,0,1,1,16,1,
202100009865,184 069,A01,3,10,0,1,4,20,1,
202100009866,184 067,B01,2,7,0,2,1,5,1,
202100009866,184 068,A01,1,7,0,2,1,1,1,
202100009867,184 065,A01,1,10,0,2,3,11,1,
202100009867,184 066,B01,1,7,0,2,2,1,1,
202100009868,184 064,A01,1,7,4,0,2,1,1,
202100009869,184 063,A01,2,33,0,0,1,26,1,
202100009870,184 062,A01,0,33,0,0,0,0,1,
202100009871,184 060,A01,2,7,0,2,6,11,1,
202100009871,184 061,B01,2,33,0,2,1,3,1,
202100009872,184 057,A01,2,7,0,2,1,1,1,
202100009872,184 058,B01,2,7,0,2,4,2,1,
202100009872,184 059,C01,2,7,0,2,4,2,1,
202100009873,184 056,A01,2,7,0,0,0,2,1,
202100009874,184 054,A01,1,10,0,2,1,2,1,
202100009874,184 055,B01,1,7,0,2,4,2,0,
202100009875,184 052,A01,2,7,0,2,1,1,1,
202100009875,184 053,B01,2,14,0,2,1,1,1,
202100009876,184 050,B01,1,7,0,2,3,1,2,
202100009876,184 051,A01,1,7,4,2,3,5,2,
202100009877,184 048,B01,1,7,0,2,4,12,1,
202100009877,184 049,A01,1,33,0,2,1,3,1,
202100009878,184 046,B01,1,7,0,2,8,11,1,
202100009878,184 047,A01,1,31,0,2,1,3,1,
202100009879,184 044,A01,2,7,0,2,1,11,1,
202100009879,184 045,B01,2,7,0,2,4,1,1,
202100009880,184 043,A01,2,3,4,0,9,13,3,
202100009881,184 041,B01,2,17,0,2,6,1,1,
202100009881,184 042,A01,2,7,0,2,2,1,1,
202100009882,184 040,A01,1,3,0,2,1,17,3,
202100009883,184 036,A01,1,7,0,2,1,2,0,
202100009883,184 037,B01,2,7,0,2,4,23,0,
202100009883,184 038,C01,1,7,0,2,1,2,1,
202100009883,184 039,D01,1,7,0,2,4,2,0,
202100009884,184 035,A01,1,7,4,0,3,13,1,
202100009885,184 031,D01,-1,7,0,2,4,2,0,
202100009885,184 032,C01,2,7,0,2,4,2,1,
202100009885,184 033,B01,2,7,0,2,1,2,1,
202100009885,184 034,A01,2,7,0,2,1,2,1,
202100009886,184 027,A01,1,7,0,2,1,2,1,
202100009886,184 028,B01,1,7,0,2,4,2,1,
202100009886,184 029,C01,1,10,0,2,4,2,1,
202100009886,184 030,D01,1,7,0,2,4,2,1,
202100009887,184 025,A01,2,32,0,2,1,3,1,
202100009887,184 026,B01,2,7,0,2,5,11,1,
202100009888,184 021,C01,1,7,0,2,1,2,1,
202100009888,184 022,D01,1,7,0,2,1,2,1,
202100009888,184 023,A01,1,7,0,2,4,2,1,
202100009888,184 024,B01,1,7,0,2,4,0,1,
202100009889,184 020,A01,1,7,0,0,1,1,1,
202100009890,184 019,A01,3,30,9,0,1,1,1,
202100009891,184 015,B01,3,7,0,2,1,1,1,
202100009891,184 016,A01,3,7,6,2,7,1,3,
202100009892,184 014,A01,3,7,0,4,7,2,1,
202100009893,184 012,A01,2,7,0,2,4,23,1,
202100009893,184 013,B01,2,7,0,2,1,2,1,
202100009894,184 009,C01,2,14,0,2,3,0,1,
202100009894,184 010,B01,1,7,14,2,5,15,1,
202100009894,184 011,A01,2,7,12,2,2,1,1,
202100009895,184 007,B01,1,10,0,2,1,1,1,
202100009895,184 008,A01,2,7,0,2,1,17,1,
202100009896,184 006,A01,3,7,0,1,2,1,1,
202100009897,184 003,C01,2,7,0,2,4,23,1,
202100009897,184 004,B01,1,7,14,0,4,23,1,
202100009897,184 005,A01,1,7,14,0,1,26,1,
202100009898,184 000,B01,1,7,0,2,1,1,1,
202100009898,184 001,C01,1,7,0,2,4,1,1,
202100009898,184 002,A01,2,7,0,2,1,5,1,
202100009899,183 999,A01,1,7,0,1,1,1,0,
202100009900,183 995,A01,1,7,6,0,3,1,1,
202100009901,183 994,A01,1,7,13,0,1,1,1,
202100009902,183 992,A01,1,7,14,0,1,1,1,
202100009902,183 993,B01,1,33,0,0,4,23,1,
202100009903,183 990,B01,1,7,0,2,5,1,1,
202100009903,183 991,A01,1,7,0,2,3,1,1,
202100009904,183 989,A01,3,33,0,0,7,1,1,
202100009905,183 987,A01,1,7,0,2,1,1,1,
202100009905,183 988,B01,2,10,0,2,0,0,1,
202100009906,183 986,A01,1,7,13,0,9,1,1,
202100009907,183 984,A01,1,7,0,2,4,1,1,
202100009907,183 985,B01,1,33,0,2,1,1,1,
202100009908,183 982,A01,1,7,9,2,4,23,1,
202100009908,183 983,B01,1,7,0,2,2,14,1,
202100009909,183 981,A01,0,7,13,0,1,26,1,
202100009910,183 979,B01,0,7,0,2,3,1,1,
202100009910,183 980,A01,0,7,0,2,3,1,1,
202100009911,183 975,B01,1,33,0,2,1,1,1,
202100009911,183 976,A01,3,7,0,2,5,15,1,
202100009912,183 974,A01,1,7,1,0,2,14,0,
202100009913,183 970,B01,1,36,0,2,1,2,1,
202100009913,183 971,A01,1,10,0,2,6,11,1,
202100009914,183 969,A01,1,39,0,1,8,26,2,
202100009915,183 967,B01,1,3,0,2,7,1,1,
202100009915,183 968,A01,1,7,0,2,1,1,1,
202100009916,183 965,A01,1,7,0,2,5,2,1,
202100009916,183 966,Z01,2,7,0,2,3,2,0,
202100009917,183 964,A01,1,34,4,0,1,1,1,
202100009918,183 962,Z01,2,7,9,2,3,13,1,
202100009918,183 963,A01,1,31,1,2,1,1,1,
202100009919,183 961,A01,1,50,0,0,0,1,3,
202100009920,183 959,A01,2,7,0,2,4,2,1,
202100009920,183 960,B01,2,7,0,2,4,2,1,
202100009921,183 958,A01,2,7,0,1,7,1,1,
202100009922,183 956,B01,1,7,0,2,5,16,1,
202100009922,183 957,A01,1,50,0,2,4,1,3,
202100009923,183 954,A01,1,32,0,2,1,1,1,
202100009923,183 955,B01,1,7,0,2,7,1,1,
202100009924,183 952,A01,1,7,0,2,1,7,1,
202100009924,183 953,B01,2,10,0,2,3,16,1,
202100009925,183 950,B01,2,34,0,2,3,1,1,
202100009925,183 951,A01,1,30,0,2,1,1,3,
202100009926,183 948,A01,1,34,0,2,8,18,1,
202100009926,183 949,B01,1,7,0,2,2,16,1,
202100009927,183 947,A01,2,33,0,1,3,1,1,
202100009928,183 945,B01,1,7,0,2,4,15,1,