Num_Acc,id_vehicule,num_veh,senc,catv,obs,obsm,choc,manv,motor,occutc
202100009928,183 946,A01,1,7,0,2,1,1,1,
202100009929,183 944,A01,1,50,1,0,0,13,3,
202100009930,183 943,A01,1,30,0,0,3,1,1,
202100009931,183 942,A01,2,50,11,0,1,13,3,
202100009932,183 940,B01,2,7,0,2,2,1,1,
202100009932,183 941,A01,3,7,0,2,3,1,1,
202100009933,183 938,A01,3,15,0,2,1,1,6,
202100009933,183 939,B01,3,7,0,2,4,1,1,
202100009934,183 937,A01,-1,99,1,1,2,1,1,
202100009935,183 935,A01,1,7,0,2,3,9,0,
202100009935,183 936,B01,1,7,0,2,5,26,0,
202100009936,183 932,C01,1,99,1,0,6,23,1,
202100009936,183 933,B01,1,7,1,0,2,17,1,
202100009936,183 934,A01,1,7,0,2,7,1,1,
202100009937,183 930,B01,1,10,12,2,3,1,1,
202100009937,183 931,A01,2,10,12,2,2,9,1,
202100009938,183 929,A01,2,7,0,1,1,1,2,
202100009939,183 927,B01,2,30,0,2,1,1,0,
202100009939,183 928,A01,1,7,0,2,7,1,0,
202100009940,183 925,B01,3,50,0,2,0,0,3,
202100009940,183 926,A01,3,30,0,2,3,9,1,
202100009941,183 924,A01,1,30,0,0,0,1,1,
202100009942,183 923,A01,1,7,4,0,3,1,1,
202100009943,183 921,A01,1,7,0,2,1,14,1,
202100009943,183 922,B01,1,17,0,0,4,2,1,
202100009944,183 919,B01,1,7,0,2,3,26,1,
202100009944,183 920,A01,1,2,0,2,1,1,1,
202100009945,183 918,A01,1,10,2,0,3,0,1,
202100009946,183 917,A01,1,2,0,0,0,16,1,
202100009947,183 916,A01,1,7,13,0,1,1,1,
202100009948,183 914,A01,1,13,0,9,0,2,1,
202100009948,183 915,B01,1,1,0,2,0,2,5,
202100009949,183 912,A01,2,7,0,2,1,19,1,
202100009949,183 913,B01,1,7,13,0,5,1,1,
202100009950,183 911,A01,1,7,2,0,1,13,1,
202100009951,183 909,B01,1,10,13,2,6,1,1,
202100009951,183 910,A01,1,7,13,2,2,17,1,
202100009952,183 906,A01,2,7,0,2,3,13,1,
202100009952,183 907,B01,1,7,0,2,1,1,1,
202100009952,183 908,C01,1,7,0,2,3,1,1,
202100009953,183 905,A01,1,7,1,1,7,1,1,
202100009954,183 904,A01,2,7,13,0,2,1,1,
202100009955,183 903,A01,1,7,2,0,2,14,1,
202100009956,183 902,A01,1,7,13,0,2,1,1,
202100009957,183 901,A01,1,33,8,0,1,14,1,
202100009958,183 897,B01,2,10,0,2,1,1,1,
202100009958,183 898,A01,1,7,0,2,1,5,1,
202100009959,183 895,B01,3,10,0,2,4,2,1,
202100009959,183 896,A01,3,33,0,2,1,2,1,
202100009960,183 894,A01,2,2,0,1,1,1,1,
202100009961,183 893,A01,1,7,0,1,3,1,1,
202100009962,183 891,B01,1,7,1,0,2,1,1,
202100009962,183 892,A01,1,17,0,0,6,23,1,
202100009963,183 889,B01,1,7,0,0,7,15,1,
202100009963,183 890,A01,2,7,0,2,1,1,1,
202100009964,183 888,A01,2,7,8,0,3,13,1,
202100009965,183 887,A01,1,7,14,0,9,1,1,
202100009966,183 886,A01,3,7,0,1,1,0,1,
202100009967,183 884,B01,2,17,0,2,1,1,1,
202100009967,183 885,A01,2,17,0,2,4,1,1,
202100009968,183 882,B01,2,7,0,0,6,0,1,
202100009968,183 883,A01,2,7,0,2,2,0,1,
202100009969,183 881,A01,3,7,0,1,2,26,1,
202100009970,183 879,A01,1,7,0,2,1,2,1,
202100009970,183 880,B01,1,50,0,0,6,2,3,
202100009971,183 877,B01,2,7,0,2,1,1,1,
202100009971,183 878,A01,1,2,0,0,3,1,1,
202100009972,183 876,A01,1,7,13,0,1,16,1,
202100009973,183 875,A01,1,7,0,1,1,9,1,
202100009974,183 874,A01,0,7,0,1,1,11,1,
202100009975,183 872,B01,2,32,0,2,1,1,1,
202100009975,183 873,A01,1,7,0,2,2,15,1,
202100009976,183 871,A01,2,7,2,0,3,1,1,
202100009977,183 870,A01,0,7,0,1,2,1,1,
202100009978,183 868,B01,2,7,0,2,3,1,1,
202100009978,183 869,A01,1,32,0,2,1,15,1,
202100009979,183 866,A01,1,7,0,2,7,15,1,
202100009979,183 867,B01,2,2,0,2,1,1,1,
202100009980,183 864,A01,2,2,0,2,1,1,1,
202100009980,183 865,B01,1,7,0,0,6,1,1,
202100009981,183 860,D01,1,7,0,2,4,2,1,
202100009981,183 861,C01,1,7,0,2,4,2,1,
202100009981,183 862,B01,1,7,0,2,4,2,1,
202100009981,183 863,A01,1,7,0,2,1,2,1,
202100009982,183 858,A01,1,7,0,2,1,11,1,
202100009982,183 859,B01,2,7,0,2,1,1,2,
202100009983,183 856,A01,1,7,0,2,4,10,1,
202100009983,183 857,B01,1,7,0,2,1,1,1,
202100009984,183 855,A01,0,7,0,1,8,1,1,
202100009985,183 852,A01,2,14,0,2,1,1,1,
202100009985,183 853,B01,2,7,0,2,4,2,1,
202100009985,183 854,C01,2,10,0,2,4,2,1,
202100009986,183 850,A01,1,7,0,0,1,13,1,
202100009987,183 849,A01,2,7,4,0,1,13,1,
202100009988,183 845,A01,1,7,0,2,1,2,1,
202100009988,183 846,B01,1,7,0,2,9,0,0,
202100009988,183 847,D01,1,7,0,2,4,2,2,
202100009988,183 848,C01,1,7,0,2,9,2,1,
202100009989,183 842,A01,2,7,0,2,1,2,1,
202100009989,183 843,B01,2,7,0,2,4,2,1,
202100009989,183 844,C01,2,7,0,2,4,2,1,
202100009990,183 840,B01,1,7,0,2,1,1,1,
202100009990,183 841,A01,1,7,3,2,7,2,1,
202100009991,183 839,A01,1,7,16,0,9,1,1,
202100009992,183 837,B01,2,7,0,2,8,1,1,
202100009992,183 838,A01,1,7,0,2,3,13,1,
202100009993,183 835,A01,2,7,0,2,5,1,1,
202100009993,183 836,B01,2,33,0,2,1,2,1,
202100009994,183 834,A01,1,7,15,0,3,21,1,
202100009995,183 832,A01,2,7,0,0,1,1,0,
202100009995,183 833,B01,2,50,0,2,7,1,3,
202100009996,183 831,A01,1,34,0,2,0,2,0,
202100009997,183 829,A01,2,31,0,2,8,1,1,
202100009997,183 830,B01,2,7,0,2,1,1,1,
202100009998,183 827,B01,1,7,0,2,5,23,1,
202100009998,183 828,A01,1,7,0,2,3,9,1,
202100009999,183 825,B01,2,33,0,2,1,17,1,
202100009999,183 826,A01,2,7,0,2,6,15,1,
202100010000,183 823,B01,2,7,0,2,0,0,1,
202100010000,183 824,A01,1,32,0,2,1,13,1,
202100010001,183 821,B01,1,7,0,2,1,1,1,
202100010001,183 822,A01,1,32,0,2,1,13,1,
202100010002,183 820,A01,3,7,0,1,2,1,1,
202100010003,183 819,A01,1,33,12,0,2,14,1,
202100010004,183 818,A01,0,3,0,9,2,26,1,
202100010005,183 817,A01,2,7,0,1,7,1,1,
202100010006,183 815,A01,0,7,0,2,1,9,1,
202100010006,183 816,B01,1,7,0,2,1,1,1,
202100010007,183 813,B01,1,7,0,2,4,2,1,
202100010007,183 814,A01,1,7,0,2,1,2,1,
202100010008,183 811,A01,1,7,0,0,3,4,1,
202100010008,183 812,B01,1,32,0,2,1,1,1,
202100010009,183 810,A01,2,7,0,1,1,16,1,
202100010010,183 808,A01,2,7,1,2,8,22,1,
202100010010,183 809,B01,2,1,0,0,0,1,0,
202100010011,183 807,A01,1,7,0,1,1,1,1,
202100010012,183 803,A01,1,31,0,2,1,1,1,
202100010012,183 804,B01,1,7,0,2,5,19,1,
202100010013,183 801,A01,1,7,0,2,3,15,1,
202100010013,183 802,B01,1,99,0,2,1,19,3,
202100010014,183 799,B01,3,1,0,2,1,1,5,
202100010014,183 800,A01,3,7,0,2,5,16,1,
202100010015,183 794,A01,2,7,0,2,1,1,1,
202100010015,183 795,B01,2,10,0,2,6,1,1,
202100010016,183 793,A01,1,7,8,0,1,0,1,
202100010017,183 791,B01,0,7,0,0,0,0,1,
202100010017,183 792,A01,0,7,0,2,0,9,1,
202100010018,183 789,A01,1,7,0,2,1,13,1,
202100010018,183 790,B01,1,7,0,2,1,1,1,
202100010019,183 788,A01,1,7,0,0,1,26,1,
202100010020,183 787,A01,0,7,0,1,1,9,1,
202100010021,183 786,A01,3,7,15,0,1,1,1,
202100010022,183 784,B01,2,7,0,2,5,1,1,
202100010022,183 785,A01,2,7,0,2,1,26,1,
202100010023,183 783,A01,0,33,1,0,1,15,1,
202100010024,183 781,B01,0,7,0,2,1,1,1,
202100010024,183 782,A01,0,7,0,2,1,1,1,
202100010025,183 779,B01,2,7,0,2,1,0,1,
202100010025,183 780,A01,2,7,0,2,4,0,1,
202100010026,183 778,A01,1,33,0,0,0,15,1,
202100010027,183 777,A01,3,10,0,1,4,20,1,
202100010028,183 772,A01,1,10,0,2,4,2,1,
202100010028,183 773,B01,1,7,3,2,4,2,1,
202100010028,183 774,C01,1,10,0,2,6,2,1,
202100010029,183 771,A01,3,7,4,0,1,21,1,
202100010030,183 769,Z01,3,30,0,2,0,0,0,
202100010030,183 770,B01,3,7,0,2,2,16,1,
202100010031,183 767,A01,1,3,8,2,2,1,1,
202100010031,183 768,B01,2,7,0,2,1,1,1,
202100010032,183 765,A01,3,7,0,2,1,1,1,
202100010032,183 766,B01,3,7,0,2,6,1,1,
202100010033,183 763,B01,1,2,0,2,7,1,1,
202100010033,183 764,A01,1,7,0,2,1,1,1,
202100010034,183 761,A01,3,7,0,2,4,11,1,
202100010034,183 762,B01,3,7,0,2,3,1,2,
202100010035,183 760,A01,1,7,6,0,1,1,1,
202100010036,183 758,B01,1,7,0,2,3,15,1,
202100010036,183 759,A01,1,30,0,2,1,17,1,
202100010037,183 756,A01,1,32,0,2,1,3,1,
202100010037,183 757,B01,1,10,0,2,4,11,1,
202100010038,183 754,B01,1,7,0,2,5,1,1,
202100010038,183 755,A01,1,7,0,2,1,12,1,
202100010039,183 752,B01,1,7,0,2,5,12,0,
202100010039,183 753,A01,1,33,0,2,3,3,1,
202100010040,183 749,B01,2,7,0,2,4,23,1,
202100010040,183 750,A01,2,7,0,2,1,2,1,
202100010040,183 751,C01,2,7,0,2,7,23,1,
202100010041,183 746,C01,1,7,0,4,5,1,1,
202100010041,183 747,B01,3,40,0,2,0,1,3,
202100010041,183 748,A01,1,7,0,4,7,15,2,
202100010042,183 744,A01,1,7,0,2,5,9,1,
202100010042,183 745,B01,1,1,0,2,1,1,5,
202100010043,183 742,B01,2,7,0,2,3,1,1,
202100010043,183 743,A01,1,7,0,2,3,13,1,
202100010044,183 740,B01,1,30,0,2,0,17,1,
202100010044,183 741,A01,1,7,0,2,6,22,2,
202100010045,183 739,A01,2,30,0,0,0,18,1,
202100010046,183 737,A01,1,7,0,2,1,1,2,
202100010046,183 738,Z01,1,7,0,2,6,4,1,
202100010047,183 736,A01,1,10,0,1,7,2,1,
202100010048,183 734,A01,1,38,0,2,6,15,1,1.0
202100010048,183 735,B01,2,38,0,2,6,1,1,3.0
202100010049,183 733,A01,3,7,2,0,7,1,1,
202100010050,183 732,A01,3,7,9,1,1,16,1,
202100010051,183 730,A01,1,10,0,2,2,1,1,
202100010051,183 731,B01,2,31,0,2,3,15,1,
202100010052,183 728,B01,1,7,1,2,1,1,1,
202100010052,183 729,A01,1,7,0,2,1,16,1,
202100010053,183 726,Y01,-1,0,0,0,-1,-1,-1,
202100010053,183 727,A01,1,7,0,1,7,21,0,
202100010054,183 724,A01,1,7,1,0,2,1,1,
202100010054,183 725,B01,1,7,0,2,6,24,1,
202100010055,183 722,A01,0,7,0,2,4,1,1,
202100010055,183 723,B01,1,7,0,2,1,1,1,
202100010056,183 720,A01,1,7,0,2,3,15,1,
202100010056,183 721,B01,1,33,0,2,1,1,1,
202100010057,183 718,A01,3,7,0,2,1,21,1,
202100010057,183 719,B01,3,7,0,2,8,15,1,
202100010058,183 717,A01,1,32,0,0,0,0,1,
202100010059,183 715,A01,3,7,8,0,7,19,1,
202100010059,183 716,B01,1,7,0,2,1,1,1,
202100010060,183 714,A01,2,7,12,0,0,1,1,
202100010061,183 710,B01,2,7,0,2,1,1,1,
202100010061,183 711,A01,1,7,0,2,1,13,1,
202100010062,183 707,A01,2,7,7,0,1,1,1,
202100010062,183 708,C01,3,7,1,0,5,24,1,
202100010062,183 709,D01,1,10,0,2,1,20,1,
202100010063,183 706,A01,3,7,16,0,0,1,1,
202100010064,183 705,A01,1,33,13,0,1,1,1,
202100010065,183 703,B01,1,7,0,2,3,9,1,
202100010065,183 704,A01,2,7,0,2,3,26,1,
202100010066,183 701,B01,2,7,0,2,1,1,1,
202100010066,183 702,A01,1,7,0,2,1,1,1,
202100010067,183 699,A01,2,7,0,2,8,1,1,
202100010067,183 700,B01,1,7,0,2,2,1,1,
202100010068,183 698,A01,0,7,2,0,8,1,1,
202100010069,183 696,B01,1,7,0,0,2,1,1,
202100010069,183 697,A01,2,7,0,2,1,9,1,
202100010070,183 695,A01,2,7,13,0,7,1,1,
202100010071,183 694,A01,2,7,0,5,1,1,1,
202100010072,183 693,A01,1,7,0,0,0,1,1,
202100010073,183 691,A01,2,7,0,2,1,1,1,
202100010073,183 692,B01,2,7,0,0,4,15,1,
202100010074,183 690,A01,2,1,0,0,0,26,5,
202100010075,183 689,A01,3,7,0,1,3,20,1,
202100010076,183 687,B01,2,7,3,2,8,1,1,
202100010076,183 688,A01,1,7,0,2,3,1,1,
202100010077,183 685,A01,1,10,0,2,3,13,1,
202100010077,183 686,B01,2,7,0,2,3,1,1,
202100010078,183 684,A01,1,2,1,0,1,1,1,
202100010079,183 682,A01,1,2,0,2,7,1,1,
202100010079,183 683,B01,2,7,0,2,1,1,1,
202100010080,183 681,A01,0,7,13,0,1,1,1,
202100010081,183 679,A01,1,2,0,2,1,1,1,
202100010081,183 680,B01,1,7,0,2,6,1,1,
202100010082,183 678,A01,1,30,16,0,0,1,1,
202100010083,183 677,A01,1,7,16,0,1,0,1,
202100010084,183 676,A01,1,7,6,0,2,2,1,
202100010085,183 674,B01,2,10,0,2,3,0,1,
202100010085,183 675,A01,1,7,0,2,6,13,1,
202100010086,183 672,A01,0,7,0,0,7,13,1,
202100010086,183 673,B01,0,7,0,2,8,10,1,
202100010087,183 671,A01,2,10,0,0,9,1,1,
202100010088,183 670,A01,1,7,0,1,3,1,1,
202100010089,183 669,A01,1,7,0,1,2,2,1,
202100010090,183 668,A01,3,33,0,0,0,0,1,
202100010091,183 667,A01,1,33,0,6,1,1,1,
202100010092,183 666,A01,1,7,6,0,9,1,1,
202100010093,183 665,A01,0,33,0,0,0,1,0,
202100010094,183 662,C01,3,7,0,2,1,1,1,
202100010094,183 663,B01,0,7,0,2,9,1,1,
202100010094,183 664,A01,3,7,0,2,1,5,1,
202100010095,183 659,A01,1,1,0,2,1,13,5,
202100010095,183 660,B01,1,1,0,2,3,13,5,
202100010095,183 661,C01,1,7,0,2,7,1,1,
202100010096,183 657,B01,1,7,0,2,4,2,1,
202100010096,183 658,A01,1,7,0,2,1,21,1,
202100010097,183 655,A01,2,7,0,2,7,1,1,
202100010097,183 656,B01,1,7,0,2,2,1,1,
202100010098,183 654,A01,1,7,16,0,9,1,1,
202100010099,183 652,B01,3,7,0,2,1,1,1,
202100010099,183 653,A01,3,33,0,2,1,1,1,
202100010100,183 650,B01,1,21,0,0,6,2,1,
202100010100,183 651,A01,1,7,0,2,2,17,1,
202100010101,183 647,A01,2,31,0,2,3,2,1,
202100010101,183 648,B01,1,33,0,2,3,2,1,
202100010102,183 646,A01,1,33,12,0,1,1,1,
202100010103,183 645,A01,3,2,0,0,8,1,1,
202100010104,183 643,A01,3,7,0,2,8,0,1,
202100010104,183 644,B01,3,7,0,2,3,5,1,
202100010105,183 642,A01,1,7,4,0,3,1,1,
202100010106,183 641,A01,2,10,7,0,1,6,1,
202100010107,183 640,A01,2,7,13,0,1,0,1,
202100010108,183 639,A01,3,7,0,0,9,1,1,
202100010109,183 636,C01,1,7,0,2,4,2,1,
202100010109,183 637,B01,1,7,0,2,4,2,1,
202100010109,183 638,A01,1,7,0,2,1,2,1,
202100010110,183 635,A01,2,7,6,0,0,1,1,
202100010111,183 632,C01,1,7,4,2,4,2,1,
202100010111,183 633,B01,1,7,4,2,4,2,1,
202100010111,183 634,A01,1,7,4,2,1,2,1,
202100010112,183 631,A01,2,7,4,0,1,1,1,
202100010113,183 629,A01,2,7,0,2,1,2,1,
202100010113,183 630,B01,2,7,0,2,4,2,1,
202100010114,183 627,B01,1,7,4,2,4,2,1,
202100010114,183 628,A01,1,7,0,2,1,1,1,
202100010115,183 625,B01,2,7,0,2,4,2,1,
202100010115,183 626,A01,2,7,0,2,1,1,1,
202100010116,183 624,A01,1,7,4,0,1,13,1,
202100010117,183 622,A01,1,7,4,2,1,1,1,
202100010117,183 623,B01,1,7,4,2,6,2,1,
202100010118,183 620,B01,0,15,0,2,7,9,1,
202100010118,183 621,A01,0,7,0,2,3,1,1,
202100010119,183 617,C01,2,7,14,0,2,2,2,
202100010119,183 618,B01,2,7,0,2,6,23,1,
202100010119,183 619,A01,2,7,1,0,2,26,1,
202100010120,183 616,A01,1,7,4,0,1,1,1,
202100010121,183 615,A01,1,7,3,0,1,2,1,
202100010122,183 611,A01,1,7,0,2,1,1,1,
202100010122,183 612,B01,1,7,0,2,4,2,1,
202100010122,183 613,C01,1,7,0,2,1,2,1,
202100010122,183 614,D01,1,7,0,2,4,2,1,
202100010123,183 609,B01,1,7,0,2,4,24,1,
202100010123,183 610,A01,1,7,0,2,1,1,1,
202100010124,183 607,B01,2,33,0,2,2,3,1,
202100010124,183 608,A01,2,7,0,2,3,11,1,
202100010125,183 604,A01,1,7,0,2,4,1,1,
202100010125,183 605,B01,1,7,0,2,1,26,1,
202100010125,183 606,C01,1,7,0,2,4,1,1,
202100010126,183 602,B01,3,7,0,2,3,10,1,
202100010126,183 603,Y01,3,7,0,2,2,1,1,
202100010127,183 600,B01,3,7,0,2,4,1,1,
202100010127,183 601,A01,3,7,0,2,1,26,1,
202100010128,183 598,A01,1,7,0,2,1,2,1,
202100010128,183 599,B01,1,7,0,2,5,2,1,
202100010129,183 593,B01,3,30,0,2,3,2,1,
202100010129,183 594,A01,3,0,0,2,2,15,0,
202100010130,183 591,A01,1,7,0,2,3,15,1,
202100010130,183 592,B01,1,7,0,2,2,15,1,
202100010131,183 590,A01,1,7,0,1,1,1,1,
202100010132,183 588,A01,2,7,0,2,3,19,1,
202100010132,183 589,B01,1,37,0,2,3,19,3,1.0
202100010133,183 584,D01,2,7,0,0,6,1,1,
202100010133,183 585,C01,2,7,0,2,1,1,1,
202100010133,183 586,B01,2,7,0,2,5,9,1,
202100010133,183 587,A01,2,99,0,2,3,1,1,
202100010134,183 582,A01,2,7,0,2,7,6,1,
202100010134,183 583,B01,1,7,0,2,1,2,1,
202100010135,183 581,A01,2,7,8,0,3,1,1,
202100010136,183 580,A01,1,7,0,1,1,16,1,
202100010137,183 578,A01,1,7,0,2,1,1,1,
202100010137,183 579,B01,2,7,0,2,4,1,1,
202100010138,183 575,A01,3,7,0,2,3,1,1,
202100010138,183 576,B01,3,1,0,2,1,1,5,
202100010139,183 574,A01,2,7,0,1,2,21,1,
202100010140,183 573,A01,1,33,6,0,1,1,1,
202100010141,183 571,B01,3,7,0,2,3,1,1,
202100010141,183 572,A01,3,37,0,2,5,12,1,1.0
202100010142,183 570,A01,1,33,0,0,3,14,1,
202100010143,183 569,B01,1,7,0,1,8,1,1,
202100010144,183 568,A01,3,7,0,1,1,1,1,
202100010145,183 566,B01,1,80,0,2,8,19,3,
202100010145,183 567,A01,1,7,0,9,1,1,1,
202100010146,183 564,A01,1,7,1,0,1,1,1,
202100010147,183 562,B01,1,30,0,2,1,26,1,
202100010147,183 563,A01,1,7,0,2,1,26,1,
202100010148,183 559,B01,1,7,0,2,1,1,1,
202100010148,183 560,A01,1,7,0,2,3,9,1,
202100010148,183 561,C01,1,10,0,2,1,1,1,
202100010149,183 557,A01,0,7,0,2,1,2,1,
202100010149,183 558,B01,0,7,0,2,4,2,1,
202100010150,183 554,A01,3,7,0,2,1,2,1,
202100010150,183 555,B01,3,7,0,2,4,2,1,
202100010150,183 556,C01,3,7,0,2,4,2,1,
202100010151,183 552,B01,1,7,0,2,4,1,1,
202100010151,183 553,A01,1,7,0,2,1,1,1,
202100010152,183 551,A01,1,7,0,1,7,1,1,
202100010153,183 549,A01,2,7,0,2,8,1,1,
202100010153,183 550,B01,2,7,0,2,1,1,1,
202100010154,183 547,A01,1,2,0,2,1,15,1,
202100010154,183 548,B01,2,7,0,2,8,1,1,
202100010155,183 545,B01,1,33,0,2,8,1,1,
202100010155,183 546,A01,2,7,0,2,2,15,1,
202100010156,183 543,B01,1,1,0,2,1,8,0,
202100010156,183 544,A01,2,7,0,9,2,15,2,
202100010157,183 541,B01,1,7,0,2,4,26,1,
202100010157,183 542,A01,1,10,0,2,2,26,1,
202100010158,183 540,A01,3,7,1,0,1,1,1,
202100010159,183 539,A01,1,7,0,1,0,1,6,
202100010160,183 538,A01,3,7,4,0,3,1,1,
202100010161,183 537,A01,1,7,0,1,1,26,1,
202100010162,183 536,A01,1,7,0,1,1,1,1,
202100010163,183 535,A01,1,31,0,0,1,9,1,
202100010164,183 533,A01,2,33,0,2,1,3,1,
202100010164,183 534,B01,2,7,0,2,5,12,1,
202100010165,183 531,A01,1,7,0,2,2,12,1,
202100010165,183 532,B01,1,43,0,2,3,3,1,
202100010166,183 529,B01,2,80,0,2,1,1,3,
202100010166,183 530,A01,1,7,0,2,3,15,1,
202100010167,183 527,Z01,1,30,0,2,2,16,5,
202100010167,183 528,A01,1,1,0,2,1,17,5,
202100010168,183 525,B01,1,50,0,2,7,17,3,
202100010168,183 526,A01,1,7,0,0,3,13,1,
202100010169,183 523,B01,1,7,0,2,3,15,1,
202100010169,183 524,A01,1,32,0,2,2,1,1,
202100010170,183 521,A01,1,7,0,2,7,4,1,
202100010170,183 522,B01,2,32,0,2,1,1,1,
202100010171,183 520,Z01,1,7,0,1,8,15,0,
202100010172,183 519,A01,2,32,4,0,8,13,1,
202100010173,183 517,A01,2,7,0,2,1,1,1,
202100010173,183 518,B01,2,30,0,2,3,15,1,
202100010174,183 515,B01,3,7,0,2,4,23,1,
202100010174,183 516,A01,3,7,0,2,1,1,1,
202100010175,183 514,A01,1,1,0,0,8,1,5,
202100010176,183 512,B01,1,7,0,2,7,1,1,
202100010176,183 513,A01,1,7,0,2,1,1,1,
202100010177,183 510,B01,3,7,0,2,1,0,1,
202100010177,183 511,A01,3,7,0,2,1,0,1,
202100010178,183 509,A01,1,7,0,1,1,1,0,
202100010179,183 507,A01,1,50,0,2,1,1,3,
202100010179,183 508,B01,1,37,0,2,5,1,2,1.0
202100010180,183 505,A01,-1,7,0,2,1,21,1,
202100010180,183 506,B01,3,7,0,2,8,1,1,
202100010181,183 504,A01,2,7,0,1,6,20,1,
202100010182,183 502,A01,1,7,1,2,0,1,1,
202100010182,183 503,B01,1,10,1,2,1,1,1,
202100010183,183 501,A01,3,7,8,0,3,0,1,
202100010184,183 499,B01,2,7,0,2,1,2,1,
202100010184,183 500,A01,2,7,0,2,4,23,1,
202100010185,183 497,A01,1,2,0,2,1,15,1,
202100010185,183 498,B01,2,7,0,2,1,1,1,
202100010186,183 495,B01,0,7,0,2,1,26,1,
202100010186,183 496,A01,0,7,0,2,8,19,1,
202100010187,183 493,A01,2,31,0,2,1,2,1,
202100010187,183 494,B01,2,10,0,2,0,2,1,
202100010188,183 491,Z01,1,7,0,2,1,9,0,
202100010188,183 492,B01,0,1,0,2,4,9,0,
202100010189,183 490,A01,1,7,1,2,3,19,1,
202100010190,183 489,A01,1,7,12,0,2,0,1,
202100010191,183 487,B01,0,7,0,0,3,0,1,
202100010191,183 488,A01,1,7,0,0,0,0,1,
202100010192,183 486,A01,1,7,2,0,1,1,1,
202100010193,183 483,B01,2,7,0,0,2,17,1,
202100010193,183 484,A01,2,7,0,0,8,15,1,
202100010194,183 482,A01,3,7,6,0,1,14,1,
202100010195,183 480,A01,1,7,0,2,1,0,1,
202100010195,183 481,B01,1,7,0,0,4,1,1,
202100010196,183 479,A01,2,7,17,0,2,1,1,
202100010197,183 477,B01,2,7,0,2,1,1,1,
202100010197,183 478,A01,2,7,0,2,2,19,1,
202100010198,183 475,A01,2,7,3,2,1,1,1,
202100010198,183 476,B01,2,7,0,2,1,1,1,
202100010199,183 473,A01,3,7,0,2,1,6,1,
202100010199,183 474,B01,0,7,0,2,1,1,1,
202100010200,183 472,A01,1,10,0,1,1,1,1,
202100010201,183 469,A01,1,7,0,1,1,1,1,
202100010202,183 468,A01,1,2,0,0,0,13,1,
202100010203,183 467,A01,1,36,6,0,1,15,1,
202100010204,183 466,A01,2,10,10,0,5,1,1,
202100010205,183 464,A01,3,2,0,2,1,2,1,
202100010205,183 465,B01,3,7,0,9,7,10,1,
202100010206,183 463,A01,1,7,0,1,2,20,1,
202100010207,183 462,A01,1,7,8,0,0,0,1,
202100010208,183 461,B01,3,7,0,1,4,23,0,
202100010209,183 459,A01,0,7,0,2,2,1,1,
202100010209,183 460,B01,0,1,0,2,7,23,5,
202100010210,183 456,A01,2,2,0,2,1,1,1,
202100010210,183 457,B01,1,33,0,2,1,17,1,
202100010210,183 458,C01,1,7,0,0,8,1,1,
202100010211,183 454,A01,2,2,0,2,1,1,1,
202100010211,183 455,B01,2,10,0,2,6,1,1,
202100010212,183 452,B01,2,7,0,2,3,1,1,
202100010212,183 453,A01,2,7,0,2,8,9,1,
202100010213,183 451,A01,2,7,13,0,2,1,1,
202100010214,183 450,A01,0,7,2,0,1,1,1,
202100010215,183 449,A01,3,36,0,0,0,0,1,
202100010216,183 448,A01,1,7,3,0,3,0,1,
202100010217,183 446,B01,2,10,0,2,2,1,1,
202100010217,183 447,A01,1,7,0,2,2,1,1,
202100010218,183 444,B01,2,2,0,2,1,1,1,
202100010218,183 445,A01,1,7,0,2,1,15,1,
202100010219,183 442,B01,2,7,0,2,3,1,1,
202100010219,183 443,A01,1,2,0,2,7,19,1,
202100010220,183 440,A01,1,7,0,2,3,15,1,
202100010220,183 441,B01,2,7,0,2,1,1,1,
202100010221,183 439,A01,2,7,6,0,1,1,1,
202100010222,183 438,A01,0,7,2,0,1,1,1,
202100010223,183 436,A01,2,7,0,2,1,5,1,
202100010223,183 437,B01,1,7,0,2,2,1,1,
202100010224,183 435,A01,1,7,4,0,3,0,1,
202100010225,183 432,B01,3,2,0,2,4,1,1,
202100010225,183 433,A01,3,2,0,2,1,1,1,
202100010226,183 431,A01,0,3,2,0,1,1,3,
202100010227,183 429,B01,2,33,0,2,1,1,1,
202100010227,183 430,A01,1,7,0,2,3,15,1,
202100010228,183 427,B01,1,7,0,2,1,1,1,
202100010228,183 428,A01,1,7,0,2,1,5,1,
202100010229,183 426,A01,0,10,0,1,4,4,1,
202100010230,183 425,A01,2,2,0,0,8,1,1,
202100010231,183 423,A01,1,7,0,2,1,5,1,
202100010231,183 424,B01,2,7,0,2,1,1,1,
202100010232,183 421,B01,0,7,1,0,2,0,1,
202100010232,183 422,A01,0,7,0,2,3,0,1,
202100010233,183 419,B01,0,7,0,2,1,1,1,
202100010233,183 420,A01,0,33,0,2,1,26,1,
202100010234,183 418,A01,2,7,8,0,9,13,1,
202100010235,183 417,A01,0,7,0,1,4,20,1,
202100010236,183 416,A01,2,7,8,0,0,1,1,
202100010237,183 414,A01,2,7,8,2,3,1,1,
202100010237,183 415,B01,1,10,8,2,1,13,1,
202100010238,183 408,B01,2,7,0,2,4,0,2,
202100010238,183 409,A01,2,7,0,2,4,0,1,
202100010238,183 410,C01,2,7,0,2,4,0,1,
202100010238,183 411,D01,2,7,0,2,4,0,1,
202100010238,183 412,E01,2,7,0,2,4,0,1,
202100010238,183 413,F01,2,10,0,2,1,0,2,
202100010239,183 407,A01,1,7,4,0,8,1,1,