Num_Acc,id_vehicule,num_veh,senc,catv,obs,obsm,choc,manv,motor,occutc
202100010240,183 406,A01,1,33,4,0,9,1,1,
202100010241,183 403,C01,2,7,0,2,1,0,1,
202100010241,183 404,B01,2,7,0,2,1,0,1,
202100010241,183 405,A01,2,7,0,2,1,0,1,
202100010242,183 401,B01,2,33,0,2,9,3,1,
202100010242,183 402,A01,2,10,0,2,3,11,1,
202100010243,183 400,A01,2,7,3,0,2,1,1,
202100010244,183 398,A01,1,7,15,2,9,12,1,
202100010244,183 399,B01,1,7,15,0,9,21,1,
202100010245,183 396,A01,2,17,0,2,2,12,1,
202100010245,183 397,B01,2,7,0,2,6,1,1,
202100010246,183 394,B01,1,34,0,2,1,3,1,
202100010246,183 395,A01,1,7,0,2,5,12,1,
202100010247,183 393,A01,1,7,3,0,1,2,1,
202100010248,183 388,E01,1,7,0,2,4,0,1,
202100010248,183 389,D01,1,7,0,2,4,1,1,
202100010248,183 390,C01,1,7,0,2,4,1,1,
202100010248,183 391,B01,1,7,0,2,4,1,1,
202100010248,183 392,A01,1,10,0,2,1,1,1,
202100010249,183 387,A01,2,10,0,0,8,1,1,
202100010250,183 386,A01,2,7,4,0,1,1,1,
202100010251,183 380,A01,1,7,0,2,1,1,1,
202100010251,183 381,B01,1,7,0,2,4,1,1,
202100010251,183 382,C01,1,7,0,2,5,1,1,
202100010251,183 383,D01,1,7,0,2,1,1,1,
202100010251,183 384,E01,1,10,0,2,1,1,1,
202100010251,183 385,F01,1,10,0,2,1,1,1,
202100010252,183 378,A01,2,7,0,2,0,26,1,
202100010252,183 379,B01,2,7,0,2,0,26,1,
202100010253,183 375,A01,-1,7,14,2,2,6,1,
202100010253,183 376,B01,-1,7,0,2,3,1,1,
202100010253,183 377,C01,-1,7,1,2,1,1,2,
202100010254,183 373,B01,1,7,0,2,4,1,1,
202100010254,183 374,A01,1,13,0,2,1,1,1,
202100010255,183 372,A01,2,7,0,0,1,1,1,
202100010256,183 371,A01,2,10,3,0,1,21,1,
202100010257,183 370,A01,2,7,0,0,1,15,1,
202100010258,183 369,A01,2,7,4,2,2,1,1,
202100010259,183 368,A01,1,7,4,0,7,17,1,
202100010260,183 364,C01,1,7,0,2,4,2,1,
202100010260,183 365,D01,1,7,0,2,4,2,1,
202100010260,183 366,B01,1,7,0,2,1,2,1,
202100010260,183 367,A01,1,7,0,2,1,1,1,
202100010261,183 363,A01,3,37,0,1,1,16,1,1.0
202100010262,183 362,A01,1,7,0,1,8,1,1,
202100010263,183 360,A01,1,32,14,0,7,21,1,
202100010264,183 358,B01,1,2,0,2,7,17,1,
202100010264,183 359,A01,1,7,0,2,3,15,1,
202100010265,183 356,A01,2,7,0,9,2,2,1,
202100010265,183 357,B01,2,50,0,2,4,2,3,
202100010266,183 355,A01,1,33,0,1,1,1,1,
202100010267,183 354,A01,1,33,0,4,1,1,1,
202100010268,183 352,A01,2,7,0,2,2,1,1,
202100010268,183 353,B01,1,7,0,2,6,15,1,
202100010269,183 351,A01,1,7,0,1,1,16,1,
202100010270,183 349,A01,2,7,0,2,3,9,1,
202100010270,183 350,B01,2,2,0,2,1,1,3,
202100010271,183 347,B01,2,7,0,2,1,1,1,
202100010271,183 348,A01,1,7,0,2,5,19,1,
202100010272,183 346,A01,2,7,0,1,3,1,1,
202100010273,183 344,B01,2,7,0,2,4,2,1,
202100010273,183 345,A01,2,7,0,2,1,2,1,
202100010274,183 342,B01,3,33,0,2,7,17,1,
202100010274,183 343,A01,3,7,0,2,8,15,1,
202100010275,183 340,A01,1,7,0,2,2,1,1,
202100010275,183 341,B01,1,7,0,2,3,1,1,
202100010276,183 338,B01,1,2,0,2,1,1,1,
202100010276,183 339,A01,1,21,0,2,7,9,1,
202100010277,183 337,A01,3,7,0,1,3,1,1,
202100010278,183 335,A01,3,13,0,1,3,19,1,
202100010279,183 334,A01,1,7,0,2,2,16,1,
202100010280,183 332,B01,0,80,0,2,4,26,3,
202100010280,183 333,A01,0,7,0,0,0,0,1,
202100010281,183 331,A01,2,7,0,1,1,1,2,
202100010282,183 329,A01,2,1,0,2,1,1,5,
202100010282,183 330,B01,3,7,0,2,7,1,1,
202100010283,183 327,A01,2,7,0,9,2,17,0,
202100010283,183 328,B01,2,1,0,2,3,2,0,
202100010284,183 325,A01,2,7,0,2,3,15,1,
202100010284,183 326,B01,1,33,0,2,3,1,1,
202100010285,183 323,B01,1,32,0,2,7,9,1,
202100010285,183 324,A01,2,7,0,2,2,9,1,
202100010286,183 321,B01,1,37,0,2,1,15,1,1.0
202100010286,183 322,A01,2,7,0,2,3,19,1,
202100010287,183 320,A01,2,7,0,1,2,21,1,
202100010288,183 318,A01,1,50,0,2,1,19,3,
202100010288,183 319,B01,1,7,0,2,8,1,1,
202100010289,183 316,B01,2,7,0,2,7,1,1,
202100010289,183 317,A01,1,7,0,2,1,1,1,
202100010290,183 314,A01,2,7,0,2,1,1,1,
202100010290,183 315,B01,2,10,0,2,2,15,1,
202100010291,183 311,A01,1,7,0,2,1,1,1,
202100010291,183 312,B01,1,7,0,2,4,1,1,
202100010291,183 313,C01,1,7,0,2,5,2,1,
202100010292,183 309,B01,3,7,0,2,6,1,1,
202100010292,183 310,A01,3,30,0,2,1,5,1,
202100010293,183 308,A01,3,33,0,0,7,16,1,
202100010294,183 306,A01,2,7,0,2,1,2,1,
202100010294,183 307,B01,2,10,0,2,5,16,1,
202100010295,183 302,D01,2,7,0,2,4,1,1,
202100010295,183 303,A01,2,10,0,2,1,1,1,
202100010295,183 304,B01,2,7,4,0,4,1,1,
202100010295,183 305,C01,2,7,0,2,4,1,1,
202100010296,183 300,A01,3,99,0,2,1,5,1,
202100010296,183 301,B01,3,7,0,2,2,16,1,
202100010297,183 299,A01,1,7,0,1,2,26,1,
202100010298,183 298,A01,0,7,9,0,1,1,1,
202100010299,183 296,Z01,1,7,0,2,2,14,1,
202100010299,183 297,B01,1,1,0,2,3,26,5,
202100010300,183 294,B01,1,1,0,2,7,1,5,
202100010300,183 295,A01,3,7,0,2,1,16,1,
202100010301,183 292,B01,1,1,0,0,4,2,5,
202100010301,183 293,A01,1,7,0,2,1,1,1,
202100010302,183 290,B01,3,32,0,2,1,1,1,
202100010302,183 291,A01,3,7,0,2,5,15,1,
202100010303,183 289,A01,1,10,0,1,4,20,1,
202100010304,183 287,B01,1,7,0,2,2,15,1,
202100010304,183 288,A01,1,7,0,2,3,1,1,
202100010305,183 284,C01,2,1,0,2,4,1,5,
202100010305,183 285,B01,2,1,0,2,4,1,5,
202100010305,183 286,A01,2,10,0,9,1,26,1,
202100010306,183 281,B01,0,7,7,2,3,1,1,
202100010306,183 282,C01,0,7,0,2,1,23,1,
202100010306,183 283,A01,1,37,0,2,1,19,1,1.0
202100010307,183 280,A01,1,7,0,1,3,9,1,
202100010308,183 279,A01,1,7,0,1,3,26,1,
202100010309,183 277,B01,1,33,0,2,7,26,1,
202100010309,183 278,A01,1,7,0,2,6,26,1,
202100010310,183 276,A01,1,30,0,0,7,26,1,
202100010311,183 275,A01,1,7,0,0,0,26,1,
202100010312,183 274,A01,1,7,2,0,1,26,1,
202100010313,183 272,A01,1,2,0,2,1,1,1,
202100010313,183 273,B01,1,10,0,2,2,15,1,
202100010314,183 270,A01,0,7,0,2,1,1,0,
202100010314,183 271,B01,0,1,0,2,4,16,0,
202100010315,183 268,B01,0,1,0,2,8,16,0,
202100010315,183 269,A01,0,7,0,2,7,16,1,
202100010316,183 267,A01,3,7,10,0,3,13,1,
202100010317,183 265,A01,0,30,0,2,1,1,1,
202100010317,183 266,B01,0,7,0,2,6,15,1,
202100010318,183 263,A01,2,7,0,2,2,1,1,
202100010318,183 264,B01,2,1,0,2,4,1,5,
202100010319,183 261,A01,1,2,0,2,1,1,3,
202100010319,183 262,B01,3,1,0,2,0,19,5,
202100010320,183 259,A01,3,7,0,2,3,1,1,
202100010320,183 260,B01,3,50,0,2,1,11,3,
202100010321,183 258,A01,3,10,0,1,1,15,1,
202100010322,183 256,A01,1,7,0,9,2,2,1,
202100010322,183 257,B01,1,50,0,2,0,2,3,
202100010323,183 254,B01,1,33,0,2,0,1,1,
202100010323,183 255,A01,3,14,0,2,3,9,1,
202100010324,183 250,B01,0,7,0,0,4,1,1,
202100010324,183 251,A01,0,7,0,0,1,1,1,
202100010325,183 248,A01,0,7,0,2,3,15,1,
202100010325,183 249,B01,0,7,0,2,1,0,1,
202100010326,183 242,B01,2,30,0,2,1,1,1,
202100010326,183 243,A01,1,7,0,2,2,15,1,
202100010327,183 240,B01,3,7,0,2,4,1,1,
202100010327,183 241,A01,3,7,0,2,1,1,1,
202100010328,183 239,A01,1,7,8,0,1,1,1,
202100010329,183 237,B01,1,7,0,2,2,1,1,
202100010329,183 238,A01,1,7,0,2,1,10,1,
202100010330,183 236,A01,3,10,0,1,2,1,1,
202100010331,183 234,B01,1,7,0,2,3,1,1,
202100010331,183 235,A01,1,7,0,2,1,11,1,
202100010332,183 232,A01,3,7,0,2,6,1,1,
202100010332,183 233,Z01,3,7,0,2,2,0,0,
202100010333,183 231,A01,2,7,0,1,1,26,2,
202100010334,183 229,B01,2,99,0,2,1,1,3,
202100010334,183 230,A01,1,7,0,2,3,1,1,
202100010335,183 228,A01,1,7,0,1,7,1,1,
202100010336,183 226,A01,1,10,0,2,2,1,1,
202100010336,183 227,B01,1,1,0,2,0,0,0,
202100010337,183 225,A01,1,33,0,1,1,26,1,
202100010338,183 224,A01,3,99,0,1,1,1,3,
202100010339,183 223,A01,1,7,0,1,1,1,3,
202100010340,183 221,B01,1,7,0,2,4,2,1,
202100010340,183 222,A01,1,7,0,2,1,2,1,
202100010341,183 219,Z01,1,17,0,2,2,14,0,
202100010341,183 220,A01,2,7,0,2,6,1,1,
202100010342,183 218,A01,1,50,12,0,1,14,3,
202100010343,183 216,B01,1,33,0,2,1,1,1,
202100010343,183 217,A01,1,10,0,2,7,14,1,
202100010344,183 214,A01,3,30,0,2,3,1,1,
202100010344,183 215,B01,3,1,0,2,2,1,5,
202100010345,183 212,A01,2,10,0,2,3,9,1,
202100010345,183 213,B01,2,50,0,2,7,1,3,
202100010346,183 211,A01,2,7,0,1,1,15,1,
202100010347,183 209,A01,1,1,0,2,4,19,5,
202100010347,183 210,B01,3,33,0,2,1,1,1,
202100010348,183 208,A01,1,30,0,0,1,21,3,
202100010349,183 206,B01,1,1,0,2,1,1,5,
202100010349,183 207,A01,1,43,0,2,3,9,1,
202100010350,183 205,A01,1,34,0,0,1,16,1,
202100010351,183 203,A01,2,33,0,2,1,1,1,
202100010351,183 204,B01,2,7,0,2,5,1,1,
202100010352,183 201,A01,2,30,0,2,1,2,1,
202100010352,183 202,B01,2,10,0,2,6,23,1,
202100010353,183 200,A01,1,30,0,1,1,1,1,
202100010354,183 199,A01,2,32,14,0,1,21,1,
202100010355,183 198,A01,1,50,12,0,1,14,3,
202100010356,183 196,A01,2,7,0,2,1,10,2,
202100010356,183 197,B01,1,34,0,2,1,1,1,
202100010357,183 193,A01,1,7,0,2,1,9,1,
202100010357,183 194,B01,3,7,0,2,7,1,2,
202100010357,183 195,C01,3,7,0,2,7,1,1,
202100010358,183 191,B01,2,32,0,2,1,2,1,
202100010358,183 192,A01,2,7,0,2,2,15,1,
202100010359,183 190,A01,1,7,0,1,1,15,1,
202100010360,183 189,A01,1,7,0,1,1,1,1,
202100010361,183 187,B01,1,37,0,2,3,15,6,1.0
202100010361,183 188,A01,2,7,0,2,3,5,1,
202100010362,183 185,B01,1,7,0,2,8,9,1,
202100010362,183 186,A01,1,7,0,2,3,2,1,
202100010363,183 184,A01,2,10,0,1,4,20,1,
202100010364,183 182,B01,1,50,0,2,7,19,3,
202100010364,183 183,A01,2,37,15,2,1,10,1,1.0
202100010365,183 180,A01,2,7,0,2,1,15,1,
202100010365,183 181,B01,2,7,0,2,3,2,1,
202100010366,183 178,A01,1,7,0,0,2,15,1,
202100010366,183 179,B01,2,33,0,0,1,0,1,
202100010367,183 177,A01,3,7,12,0,1,15,1,
202100010368,183 175,B01,0,7,0,2,2,1,1,
202100010368,183 176,A01,3,7,0,2,8,16,1,
202100010369,183 173,B01,-1,0,0,2,0,0,0,
202100010369,183 174,A01,1,3,0,2,6,16,0,
202100010370,183 172,A01,-1,33,0,1,2,1,1,
202100010371,183 170,A01,1,7,0,2,7,1,1,
202100010371,183 171,B01,2,7,0,2,1,1,1,
202100010372,183 168,B01,2,1,0,2,1,1,5,
202100010372,183 169,A01,2,37,0,2,7,16,1,1.0
202100010373,183 167,A01,2,7,0,1,2,1,1,
202100010374,183 165,A01,1,7,0,2,2,19,1,
202100010374,183 166,B01,1,33,0,2,1,19,1,
202100010375,183 163,A01,3,7,0,2,3,9,1,
202100010375,183 164,B01,2,2,0,2,1,2,1,
202100010376,183 161,B01,3,50,0,2,1,26,3,
202100010376,183 162,A01,3,7,0,2,2,16,6,
202100010377,183 160,A01,-1,37,0,1,3,26,2,11.0
202100010378,183 159,A01,1,7,0,1,3,0,6,
202100010379,183 158,A01,1,7,0,1,1,1,1,
202100010380,183 154,D01,1,7,0,2,4,2,0,
202100010380,183 155,C01,1,7,0,2,1,2,0,
202100010380,183 156,B01,1,7,0,2,5,2,0,
202100010380,183 157,A01,1,7,9,0,6,13,0,
202100010381,183 152,B01,1,1,1,0,1,2,5,
202100010381,183 153,A01,1,7,1,0,8,24,1,
202100010382,183 151,A01,1,32,9,0,2,1,1,
202100010383,183 150,A01,2,30,0,0,8,26,1,
202100010384,183 149,A01,1,30,0,0,0,0,1,
202100010385,183 148,A01,2,30,0,0,0,26,4,
202100010386,183 147,A01,2,50,0,1,1,1,3,
202100010387,183 146,A01,1,34,0,1,3,26,1,
202100010388,183 145,A01,1,30,0,0,3,1,3,
202100010389,183 143,A01,1,7,0,2,2,23,2,
202100010389,183 144,B01,1,50,14,2,1,1,3,
202100010390,183 141,A01,2,7,12,2,1,13,1,
202100010390,183 142,B01,1,7,0,2,8,1,1,
202100010391,183 139,A01,2,7,9,2,0,1,1,
202100010391,183 140,B01,2,7,0,0,5,19,1,
202100010392,183 138,A01,1,7,0,0,0,1,1,
202100010393,183 135,C01,1,7,0,2,1,17,1,
202100010393,183 136,B01,1,10,0,2,6,23,1,
202100010393,183 137,A01,1,7,1,0,9,1,1,
202100010394,183 133,A01,1,7,0,2,3,0,1,
202100010394,183 134,B01,2,31,0,2,3,17,1,
202100010395,183 129,A01,1,10,8,0,1,13,1,
202100010396,183 128,A01,2,7,3,0,1,0,1,
202100010397,183 127,A01,1,7,1,0,2,1,1,
202100010398,183 125,B01,2,7,0,2,4,2,1,
202100010398,183 126,A01,2,13,0,2,3,2,0,
202100010399,183 124,A01,2,1,0,0,0,1,5,
202100010400,183 123,A01,2,7,2,0,1,3,1,
202100010401,183 122,A01,2,7,15,0,1,1,1,
202100010402,183 120,B01,1,10,0,2,2,1,1,
202100010402,183 121,A01,2,7,1,2,9,14,1,
202100010403,183 119,A01,1,33,0,0,0,1,1,
202100010404,183 118,A01,1,7,6,0,5,1,1,
202100010405,183 117,A01,2,10,13,0,2,1,1,
202100010406,183 116,A01,3,7,1,0,2,1,1,
202100010407,183 115,A01,1,7,14,0,9,13,1,
202100010408,183 113,B01,1,1,0,2,3,16,5,
202100010408,183 114,A01,1,7,0,9,2,16,0,
202100010409,183 111,A01,1,33,0,0,9,21,1,
202100010409,183 112,B01,2,7,0,0,0,10,1,
202100010410,183 109,A01,1,7,0,2,8,1,1,
202100010410,183 110,B01,1,33,11,2,0,1,1,
202100010411,183 108,A01,3,7,0,1,2,1,1,
202100010412,183 107,A01,1,7,2,0,2,1,1,
202100010413,183 106,A01,0,2,3,0,3,13,1,
202100010414,183 105,A01,2,33,13,0,1,13,1,
202100010415,183 104,A01,2,7,6,0,1,5,1,
202100010416,183 102,A01,1,7,2,2,8,13,1,
202100010416,183 103,B01,2,7,2,2,8,1,1,
202100010417,183 101,A01,2,7,16,0,0,21,1,
202100010418,183 100,A01,1,7,13,0,1,26,1,
202100010419,183 099,A01,2,10,6,0,2,1,1,
202100010420,183 098,A01,2,7,0,1,2,1,1,
202100010421,183 097,A01,1,17,15,0,0,14,1,
202100010422,183 095,A01,1,33,11,2,1,12,1,
202100010422,183 096,B01,2,7,0,0,3,1,1,
202100010423,183 093,A01,1,7,0,2,1,17,1,
202100010423,183 094,B01,1,2,0,2,7,19,1,
202100010424,183 091,B01,1,7,0,0,4,23,1,
202100010424,183 092,A01,1,32,0,2,1,2,1,
202100010425,183 089,A01,1,2,0,2,2,1,0,
202100010425,183 090,B01,2,2,0,2,3,15,0,
202100010426,183 087,B01,1,7,0,0,4,2,1,
202100010426,183 088,A01,1,7,0,2,1,3,0,
202100010427,183 085,A01,2,7,3,2,1,1,2,
202100010427,183 086,B01,1,7,1,0,3,1,1,
202100010428,183 082,A01,1,7,4,2,2,26,1,
202100010428,183 083,B01,1,7,0,2,1,1,1,
202100010428,183 084,C01,1,15,0,0,0,23,1,
202100010429,183 080,B01,1,7,4,0,5,1,1,
202100010429,183 081,A01,1,7,0,2,3,26,0,
202100010430,183 078,B01,1,7,0,2,4,1,1,
202100010430,183 079,A01,1,7,0,2,1,1,1,
202100010431,183 076,B01,1,7,0,2,7,9,1,
202100010431,183 077,A01,1,7,0,2,1,1,1,
202100010432,183 074,B01,1,10,0,2,1,1,1,
202100010432,183 075,A01,1,7,0,0,4,23,1,
202100010433,183 073,A01,2,7,2,0,2,1,1,
202100010434,183 071,A01,1,7,0,2,3,0,1,
202100010434,183 072,B01,2,7,0,2,3,0,1,
202100010435,183 070,A01,1,7,0,0,0,1,1,
202100010436,183 067,A01,3,7,0,2,1,13,1,
202100010436,183 068,B01,3,7,0,2,8,1,1,
202100010436,183 069,C01,3,33,0,2,1,1,1,
202100010437,183 066,A01,2,7,13,0,1,0,1,
202100010438,183 064,A01,1,10,0,2,1,19,1,
202100010438,183 065,B01,1,7,0,2,2,1,1,
202100010439,183 063,A01,2,7,0,1,1,1,1,
202100010440,183 061,A01,2,7,0,2,1,13,1,
202100010440,183 062,B01,1,7,0,2,1,1,1,
202100010441,183 060,A01,1,7,0,1,1,1,1,
202100010442,183 058,A01,3,7,0,2,3,1,1,
202100010442,183 059,B01,3,50,0,2,7,19,3,
202100010443,183 056,B01,1,1,0,2,5,1,5,
202100010443,183 057,A01,2,7,0,9,3,9,1,
202100010444,183 054,A01,3,7,0,2,1,1,1,
202100010444,183 055,B01,3,7,1,2,1,1,1,
202100010445,183 052,A01,3,7,0,2,3,17,1,
202100010445,183 053,B01,3,7,0,2,3,1,1,
202100010446,183 050,A01,2,7,0,2,1,1,1,
202100010446,183 051,B01,2,7,0,2,7,1,1,
202100010447,183 049,A01,1,7,2,0,1,1,1,
202100010448,183 046,A01,1,7,0,2,1,1,1,
202100010448,183 047,B01,2,7,0,2,1,1,1,
202100010449,183 044,A01,2,7,0,2,4,0,1,
202100010449,183 045,B01,2,10,0,2,1,0,1,
202100010450,183 042,A01,1,33,0,2,5,1,1,
202100010450,183 043,Z01,1,0,0,2,3,0,0,
202100010451,183 040,Z01,2,7,0,2,1,2,0,
202100010451,183 041,B01,2,7,0,2,4,2,1,
202100010452,183 038,B01,2,7,0,2,4,2,2,
202100010452,183 039,A01,2,7,0,2,1,2,1,
202100010453,183 036,B01,2,32,0,2,8,1,1,
202100010453,183 037,A01,2,7,0,2,7,14,1,
202100010454,183 035,A01,2,15,0,0,1,1,1,
202100010455,183 033,B01,2,33,0,2,3,3,1,
202100010455,183 034,A01,2,7,0,2,2,12,1,
202100010456,183 031,A01,1,7,0,2,3,1,1,
202100010456,183 032,B01,1,7,0,2,7,12,1,
202100010457,183 029,B01,1,7,0,2,4,2,1,
202100010457,183 030,A01,1,31,0,2,1,2,1,
202100010458,183 028,A01,2,43,0,0,0,1,1,
202100010459,183 026,B01,2,10,0,2,8,1,1,
202100010459,183 027,A01,2,31,0,2,7,3,1,
202100010460,183 025,A01,2,7,0,0,0,0,0,
202100010461,183 024,A01,2,7,4,0,1,1,1,
202100010462,183 022,A01,1,33,0,2,7,14,1,
202100010462,183 023,B01,1,7,0,2,8,2,1,
202100010463,183 021,A01,1,14,0,9,7,17,6,
202100010464,183 019,A01,2,7,0,2,2,1,1,
202100010464,183 020,B01,2,7,0,2,6,1,1,
202100010465,183 018,Z01,2,32,0,1,0,17,1,
202100010466,183 014,E01,2,7,0,2,1,2,1,
202100010466,183 015,C01,2,7,0,0,0,1,1,
202100010466,183 016,B01,2,7,0,2,8,1,1,
202100010466,183 017,A01,2,7,0,2,7,14,1,
202100010467,183 013,A01,3,7,0,2,0,0,1,
202100010468,183 011,A01,3,7,0,2,2,19,1,
202100010468,183 012,B01,3,1,0,2,7,5,5,
202100010469,183 009,B01,1,2,0,2,1,18,1,
202100010469,183 010,A01,2,7,0,2,5,0,1,
202100010470,183 007,A01,3,7,0,2,8,15,1,
202100010470,183 008,B01,3,1,0,2,1,1,5,
202100010471,183 006,A01,1,7,0,1,2,1,1,
202100010472,183 005,A01,1,43,0,1,2,1,1,
202100010473,183 003,B01,1,1,1,0,1,1,2,
202100010473,183 004,A01,1,1,1,2,7,9,5,
202100010474,183 001,A01,3,7,0,2,0,0,0,
202100010474,183 002,B01,1,99,0,2,5,2,0,
202100010475,183 000,A01,1,7,0,1,2,1,1,
202100010476,182 998,A01,3,7,0,2,2,13,1,
202100010476,182 999,B01,0,1,0,2,7,13,5,
202100010477,182 996,B01,1,7,0,2,0,15,1,
202100010477,182 997,A01,1,7,0,2,2,12,1,
202100010478,182 993,C01,1,7,0,2,1,1,1,
202100010478,182 994,A01,2,31,0,2,2,1,1,
202100010478,182 995,B01,1,7,0,2,5,16,1,
202100010479,182 991,B01,2,2,0,0,1,0,1,
202100010479,182 992,A01,2,7,0,2,4,1,1,
202100010480,182 990,A01,2,7,0,1,8,16,1,
202100010481,182 989,A01,1,7,0,1,1,26,1,
202100010482,182 987,B01,1,15,0,2,2,1,0,
202100010482,182 988,A01,1,7,0,2,6,16,1,
202100010483,182 986,A01,1,7,0,1,1,1,1,
202100010484,182 984,A01,2,10,0,2,1,9,1,
202100010484,182 985,B01,3,2,0,2,7,1,1,
202100010485,182 982,A01,2,50,0,2,1,1,3,
202100010485,182 983,B01,2,7,0,2,3,1,1,
202100010486,182 981,A01,3,7,2,0,1,1,1,
202100010487,182 979,B01,0,2,0,2,1,1,1,
202100010487,182 980,A01,0,10,0,2,2,15,1,
202100010488,182 976,A01,1,7,0,2,1,13,1,
202100010488,182 977,B01,2,7,0,2,8,0,1,
202100010489,182 974,B01,0,7,0,2,2,1,0,
202100010489,182 975,A01,0,31,0,2,1,7,1,
202100010490,182 973,A01,0,7,0,1,1,1,1,
202100010491,182 970,B01,1,33,0,2,1,1,1,
202100010491,182 971,A01,2,7,0,2,2,15,1,
202100010492,182 968,A01,2,1,0,2,1,2,5,
202100010492,182 969,B01,2,14,0,2,4,2,1,
202100010493,182 967,A01,1,7,0,1,1,15,1,
202100010494,182 963,A01,2,7,0,2,3,9,1,
202100010494,182 964,B01,2,31,0,2,2,1,1,
202100010495,182 960,A01,3,7,0,2,4,1,1,
202100010495,182 961,B01,3,7,0,2,3,1,1,
202100010495,182 962,Z01,3,7,0,2,0,0,1,
202100010496,182 959,A01,1,33,0,0,0,0,1,
202100010497,182 957,B01,0,7,0,2,7,16,1,
202100010497,182 958,A01,2,10,0,2,3,9,1,
202100010498,182 956,A01,1,33,0,2,7,14,1,
202100010499,182 954,A01,1,7,0,2,3,15,1,
202100010499,182 955,B01,2,7,0,2,0,0,1,
202100010500,182 953,A01,1,30,0,0,0,26,1,
202100010501,182 952,A01,1,7,0,1,1,26,1,
202100010502,182 950,A01,3,7,0,2,1,13,1,
202100010502,182 951,B01,3,7,0,2,3,1,1,
202100010503,182 949,A01,2,7,0,1,1,15,1,
202100010504,182 948,A01,1,7,8,0,1,1,1,
202100010505,182 947,A01,3,7,0,1,1,16,0,
202100010506,182 944,C01,2,7,0,2,4,23,1,
202100010506,182 945,B01,2,7,0,2,4,2,1,
202100010506,182 946,A01,2,7,0,2,1,2,1,
202100010507,182 942,A01,3,80,0,2,1,26,3,
202100010507,182 943,B01,2,7,0,9,8,9,1,
202100010508,182 940,A01,2,30,0,2,0,15,1,
202100010508,182 941,B01,2,7,0,2,3,15,2,
202100010509,182 938,A01,2,7,0,2,2,15,0,
202100010509,182 939,B01,1,1,0,2,1,1,-1,
202100010510,182 936,A01,1,7,0,2,3,26,0,
202100010510,182 937,B01,2,50,0,2,0,0,3,
202100010511,182 935,A01,1,7,0,1,1,1,1,
202100010512,182 934,A01,1,10,0,1,2,16,1,
202100010513,182 932,B01,1,33,0,2,7,1,1,
202100010513,182 933,A01,2,7,0,2,1,0,1,
202100010514,182 931,A01,2,7,0,1,1,1,1,
202100010515,182 929,A01,3,7,0,2,1,13,1,
202100010515,182 930,B01,1,17,0,2,1,1,1,
202100010516,182 928,A01,3,7,15,1,1,26,1,
202100010517,182 927,A01,3,7,0,1,1,26,1,
202100010518,182 926,A01,2,3,0,1,2,19,1,
202100010519,182 924,A01,2,7,0,2,1,15,2,
202100010519,182 925,B01,2,1,0,2,7,1,5,
202100010520,182 921,C01,2,7,0,2,3,1,1,
202100010520,182 922,B01,1,7,0,2,7,1,1,
202100010520,182 923,A01,1,7,0,2,1,15,1,
202100010521,182 919,B01,1,7,0,2,8,26,1,
202100010521,182 920,A01,1,15,0,2,2,26,1,
202100010522,182 918,A01,1,10,0,0,3,20,1,
202100010523,182 916,A01,1,7,0,2,3,26,1,
202100010523,182 917,B01,1,1,0,2,2,1,5,
202100010524,182 914,A01,1,7,0,2,2,15,1,
202100010524,182 915,B01,1,31,0,2,1,26,1,
202100010525,182 912,B01,1,1,0,2,2,26,5,
202100010525,182 913,A01,1,30,0,2,0,26,1,
202100010526,182 910,A01,3,7,0,2,8,16,1,
202100010526,182 911,B01,3,50,0,2,1,0,3,
202100010527,182 909,A01,3,33,0,9,1,1,1,
202100010528,182 908,A01,1,7,6,0,1,1,1,
202100010529,182 907,A01,1,7,0,1,1,19,1,
202100010530,182 906,A01,0,7,1,0,1,13,1,
202100010531,182 904,A01,2,7,0,2,2,11,1,
202100010531,182 905,B01,2,7,0,2,2,1,1,
202100010532,182 902,B01,2,37,8,1,2,1,1,1.0
202100010532,182 903,A01,3,60,9,2,8,19,5,
202100010533,182 901,A01,2,7,0,1,1,19,1,
202100010534,182 899,A01,1,31,0,2,1,15,1,
202100010534,182 900,B01,1,33,0,2,1,1,1,
202100010535,182 897,B01,3,7,0,2,4,26,1,
202100010535,182 898,A01,3,7,0,2,1,26,1,
202100010536,182 895,B01,2,33,0,2,8,1,1,
202100010536,182 896,A01,3,14,0,2,2,15,1,
202100010537,182 893,B01,3,7,0,2,2,1,1,
202100010537,182 894,A01,3,7,0,2,3,9,1,
202100010538,182 891,A01,2,30,0,2,2,21,1,
202100010538,182 892,B01,0,7,0,0,5,1,3,
202100010539,182 889,A01,0,34,0,2,1,1,1,
202100010539,182 890,B01,0,7,0,2,3,0,1,
202100010540,182 885,B01,2,13,0,2,2,1,1,
202100010540,182 886,A01,1,7,0,2,3,15,1,
202100010541,182 883,B01,2,7,0,2,6,10,1,
202100010541,182 884,A01,2,32,0,2,1,1,1,
202100010542,182 882,Z01,1,30,0,1,1,26,1,
202100010543,182 881,A01,3,7,0,0,0,0,0,
202100010544,182 879,B01,1,7,0,2,4,1,1,
202100010544,182 880,A01,1,7,0,2,1,1,1,
202100010545,182 877,A01,2,7,0,9,2,1,1,
202100010545,182 878,B01,3,50,0,2,8,19,3,
202100010546,182 875,A01,2,14,0,2,1,1,1,
202100010546,182 876,B01,2,17,0,2,4,1,1,