Num_Acc,id_vehicule,num_veh,senc,catv,obs,obsm,choc,manv,motor,occutc
202100010547,182 873,A01,1,33,0,2,3,9,1,
202100010547,182 874,B01,1,7,0,2,2,1,1,
202100010548,182 872,A01,3,80,0,1,3,1,3,
202100010549,182 871,A01,1,33,0,0,1,1,1,
202100010550,182 869,A01,1,7,0,2,1,10,1,
202100010550,182 870,B01,1,33,0,2,1,17,1,
202100010551,182 868,A01,1,7,0,1,1,1,1,
202100010552,182 867,A01,2,7,0,1,3,1,1,
202100010553,182 866,A01,2,7,0,1,2,1,2,
202100010554,182 865,Z01,2,30,0,1,7,5,1,
202100010555,182 864,A01,1,30,0,2,3,21,1,
202100010556,182 862,B01,1,10,0,2,4,2,1,
202100010556,182 863,A01,1,32,0,2,1,2,1,
202100010557,182 860,A01,1,7,0,2,3,15,1,
202100010557,182 861,B01,2,30,0,2,1,1,1,
202100010558,182 858,B01,2,7,0,2,3,1,1,
202100010558,182 859,A01,2,50,0,2,1,17,3,
202100010559,182 857,A01,2,1,0,1,1,1,5,
202100010560,182 856,A01,1,7,0,1,1,15,1,
202100010561,182 854,A01,2,50,0,2,4,2,3,
202100010561,182 855,Z01,1,7,0,2,1,2,0,
202100010562,182 853,A01,3,7,14,0,2,13,1,
202100010563,182 851,A01,2,1,0,2,8,1,5,
202100010563,182 852,Z01,2,2,0,2,2,16,0,
202100010564,182 849,A01,1,2,0,2,2,1,3,
202100010564,182 850,Z01,1,1,0,2,0,15,0,
202100010565,182 846,B01,2,7,0,2,6,13,1,
202100010565,182 847,C01,1,7,0,2,3,1,2,
202100010565,182 848,A01,2,33,0,2,1,17,1,
202100010566,182 844,B01,3,7,0,2,5,1,1,
202100010566,182 845,A01,1,7,0,2,3,7,1,
202100010567,182 842,B01,2,30,0,2,4,2,1,
202100010567,182 843,A01,2,10,0,2,1,2,1,
202100010568,182 840,A01,1,7,0,2,3,9,2,
202100010568,182 841,B01,1,30,0,2,1,1,1,
202100010569,182 837,A01,1,10,0,2,3,15,1,
202100010569,182 838,B01,1,7,0,2,7,24,3,
202100010569,182 839,C01,1,32,0,2,2,1,3,
202100010570,182 835,A01,2,1,0,2,8,1,5,
202100010570,182 836,B01,2,1,0,2,1,1,5,
202100010571,182 833,B01,1,33,0,2,7,1,1,
202100010571,182 834,A01,1,7,0,2,0,14,1,
202100010572,182 832,A01,2,33,0,1,7,1,1,
202100010573,182 831,A01,1,30,0,1,1,1,1,
202100010574,182 829,A01,3,7,0,2,1,1,1,
202100010574,182 830,B01,3,10,8,2,8,1,1,
202100010575,182 827,A01,1,7,0,2,2,15,1,
202100010575,182 828,B01,1,33,0,2,2,1,1,
202100010576,182 825,B01,1,10,0,2,0,0,1,
202100010576,182 826,A01,1,2,0,2,3,17,1,
202100010577,182 823,A01,1,30,0,2,7,1,1,
202100010577,182 824,B01,1,7,0,2,1,15,1,
202100010578,182 819,A01,2,33,0,2,1,1,1,
202100010578,182 820,B01,1,7,0,2,5,15,1,
202100010579,182 817,B01,2,7,0,1,1,1,1,
202100010579,182 818,A01,2,7,0,2,1,1,1,
202100010580,182 815,A01,1,7,0,2,1,15,1,
202100010580,182 816,B01,2,7,0,2,1,1,1,
202100010581,182 813,B01,2,7,0,2,1,1,1,
202100010581,182 814,A01,2,31,0,2,4,26,1,
202100010582,182 812,A01,2,7,0,1,7,1,1,
202100010583,182 810,B01,-1,7,0,0,3,9,1,
202100010583,182 811,A01,-1,30,0,2,0,0,1,
202100010584,182 808,A01,2,7,0,2,3,19,1,
202100010584,182 809,B01,1,31,0,2,1,3,1,
202100010585,182 806,B01,2,32,0,2,8,1,1,
202100010585,182 807,A01,1,7,0,2,2,1,1,
202100010586,182 805,A01,2,7,0,1,1,2,2,
202100010587,182 803,A01,3,7,0,2,3,9,1,
202100010587,182 804,B01,3,33,0,2,2,0,1,
202100010588,182 802,A01,1,33,12,0,7,1,1,
202100010589,182 800,B01,-1,7,0,2,4,2,1,
202100010589,182 801,A01,-1,7,0,2,1,2,1,
202100010590,182 798,A01,1,3,1,0,3,24,1,
202100010590,182 799,B01,1,1,1,0,3,0,0,
202100010591,182 797,A01,2,30,9,0,1,13,1,
202100010592,182 796,A01,2,13,0,1,2,16,6,
202100010593,182 794,B01,0,33,0,2,4,0,0,
202100010593,182 795,A01,0,43,0,2,1,26,0,
202100010594,182 793,A01,3,33,0,0,0,26,1,
202100010595,182 791,A01,2,10,9,2,1,5,3,
202100010595,182 792,B01,2,7,9,2,7,1,1,
202100010596,182 789,A01,3,7,8,2,1,9,1,
202100010596,182 790,B01,3,7,0,2,3,1,1,
202100010597,182 787,B01,3,1,0,2,7,19,5,
202100010597,182 788,A01,1,7,0,2,1,1,1,
202100010598,182 785,A01,2,31,0,2,1,1,1,
202100010598,182 786,B01,1,7,0,2,1,15,1,
202100010599,182 783,B01,2,7,8,2,3,1,2,
202100010599,182 784,A01,2,7,0,2,6,1,1,
202100010600,182 781,A01,3,7,0,2,3,1,1,
202100010600,182 782,F01,3,32,0,2,1,17,1,
202100010601,182 779,B01,1,1,0,0,4,1,5,
202100010601,182 780,A01,1,7,0,2,2,1,1,
202100010602,182 777,A01,0,7,0,9,3,1,1,
202100010602,182 778,B01,0,1,0,2,1,19,5,
202100010603,182 775,A01,1,7,0,2,1,13,1,
202100010603,182 776,B01,2,17,0,2,3,1,1,
202100010604,182 774,A01,1,33,15,0,2,1,1,
202100010605,182 773,A01,2,33,13,0,0,13,1,
202100010606,182 772,A01,1,7,0,0,9,0,1,
202100010607,182 770,B01,2,7,0,2,1,1,1,
202100010607,182 771,A01,2,10,0,0,4,11,1,
202100010608,182 769,A01,0,7,2,0,2,11,1,
202100010609,182 768,A01,2,7,13,0,0,1,1,
202100010610,182 767,A01,1,7,2,0,2,14,1,
202100010611,182 766,A01,1,7,13,0,5,1,1,
202100010612,182 764,A01,2,33,0,2,2,1,1,
202100010612,182 765,B01,1,7,0,2,7,5,1,
202100010613,182 762,A01,1,7,0,2,1,13,1,
202100010613,182 763,B01,2,7,0,2,1,21,1,
202100010614,182 761,A01,1,7,2,0,1,1,1,
202100010615,182 760,A01,3,33,0,0,7,1,1,
202100010616,182 758,A01,3,7,0,0,5,12,1,
202100010616,182 759,B01,3,1,0,0,6,1,5,
202100010617,182 757,A01,2,33,6,0,7,2,1,
202100010618,182 755,B01,0,2,0,2,1,1,1,
202100010618,182 756,A01,0,7,0,2,2,15,1,
202100010619,182 752,A01,1,7,0,1,3,1,1,
202100010620,182 750,A01,1,7,0,0,2,5,1,
202100010620,182 751,B01,2,33,0,0,1,3,1,
202100010621,182 749,A01,3,2,12,0,7,1,1,
202100010622,182 747,B01,1,39,0,4,3,1,3,
202100010622,182 748,A01,2,7,0,4,1,0,1,
202100010623,182 745,B01,1,1,0,2,1,1,5,
202100010623,182 746,A01,2,7,0,2,7,15,1,
202100010624,182 744,A01,3,7,0,0,3,0,1,
202100010625,182 742,A01,3,7,0,2,3,19,1,
202100010625,182 743,B01,2,7,0,2,1,1,1,
202100010626,182 740,A01,1,2,7,2,1,1,1,
202100010626,182 741,B01,3,21,0,2,6,1,1,
202100010627,182 739,A01,2,7,8,1,2,1,1,
202100010628,182 737,B01,1,7,0,2,1,1,1,
202100010628,182 738,A01,2,7,0,2,7,1,1,
202100010629,182 736,A01,3,7,0,0,9,0,1,
202100010630,182 735,A01,1,7,3,0,1,1,1,
202100010631,182 734,A01,1,1,0,0,8,1,5,
202100010632,182 732,B01,2,7,2,2,3,1,1,
202100010632,182 733,A01,1,17,2,2,3,13,1,
202100010633,182 731,A01,1,13,0,0,3,1,1,
202100010634,182 729,B01,2,15,0,2,2,15,1,
202100010634,182 730,A01,1,7,0,2,1,1,1,
202100010635,182 727,B01,1,2,0,0,1,1,1,
202100010635,182 728,A01,1,10,0,0,5,1,1,
202100010636,182 726,A01,2,7,8,0,3,0,1,
202100010637,182 724,B01,2,7,0,2,8,19,1,
202100010637,182 725,A01,2,43,0,2,3,17,1,
202100010638,182 723,A01,0,7,0,0,9,1,1,
202100010639,182 721,B01,3,7,0,2,3,1,1,
202100010639,182 722,A01,3,7,0,2,5,10,1,
202100010640,182 719,A01,2,7,0,2,3,13,1,
202100010640,182 720,B01,1,7,0,2,3,1,1,
202100010641,182 717,B01,1,1,0,2,1,1,5,
202100010641,182 718,A01,2,7,0,2,2,15,1,
202100010642,182 715,A01,1,2,0,0,6,15,1,
202100010642,182 716,B01,1,0,0,2,1,17,0,
202100010643,182 713,A01,0,7,0,2,1,15,1,
202100010643,182 714,B01,0,7,0,2,1,1,1,
202100010644,182 712,A01,2,7,8,0,7,1,1,
202100010645,182 709,B01,1,7,0,0,6,1,1,
202100010645,182 710,A01,2,7,0,0,7,15,1,
202100010645,182 711,C01,1,33,0,2,1,1,1,
202100010646,182 707,A01,1,2,0,2,1,9,1,
202100010646,182 708,B01,2,37,0,2,1,1,1,1.0
202100010647,182 705,B01,2,7,0,2,3,2,1,
202100010647,182 706,A01,1,7,0,2,3,2,1,
202100010648,182 704,A01,2,32,0,0,0,0,1,
202100010649,182 702,A01,2,7,0,2,7,15,1,
202100010649,182 703,B01,1,7,0,2,5,1,1,
202100010650,182 699,A01,3,7,0,2,1,19,6,
202100010650,182 700,C01,1,7,0,2,1,1,1,
202100010650,182 701,B01,2,7,0,2,8,1,1,
202100010651,182 698,A01,3,7,0,1,2,2,1,
202100010652,182 695,A01,2,7,0,2,1,17,1,
202100010652,182 696,B01,2,7,0,2,3,1,1,
202100010652,182 697,C01,1,7,0,2,1,1,1,
202100010653,182 693,B01,1,33,0,2,1,1,1,
202100010653,182 694,A01,1,7,0,2,6,9,1,
202100010654,182 692,A01,1,7,0,0,9,1,1,
202100010655,182 690,A01,1,2,0,2,2,17,1,
202100010655,182 691,B01,1,10,0,0,3,15,1,
202100010656,182 688,A01,2,10,0,2,3,2,1,
202100010656,182 689,B01,2,1,0,2,1,2,5,
202100010657,182 686,A01,1,7,0,2,7,12,1,
202100010657,182 687,B01,1,33,0,0,1,3,1,
202100010658,182 682,A01,3,7,0,2,1,2,1,
202100010658,182 683,B01,3,7,0,2,4,23,1,
202100010658,182 684,C01,3,7,0,2,4,23,1,
202100010658,182 685,D01,3,7,0,2,4,23,1,
202100010659,182 679,A01,1,7,0,2,4,1,1,
202100010659,182 680,B01,1,7,0,2,1,2,1,
202100010659,182 681,C01,1,7,0,2,3,0,1,
202100010660,182 678,A01,1,7,6,0,1,1,1,
202100010661,182 676,B01,2,33,0,2,2,1,1,
202100010661,182 677,A01,2,7,0,2,6,11,1,
202100010662,182 673,B01,1,33,0,2,7,3,1,
202100010662,182 674,C01,1,7,0,2,6,1,1,
202100010662,182 675,A01,1,7,0,2,8,11,1,
202100010663,182 670,A01,2,17,0,2,1,2,1,
202100010663,182 671,B01,2,7,0,2,4,2,1,
202100010663,182 672,C01,2,10,0,2,1,2,1,
202100010664,182 665,E01,2,7,0,2,1,2,0,
202100010664,182 666,B01,2,7,0,2,1,2,0,
202100010664,182 667,D01,2,7,0,2,1,2,2,
202100010664,182 668,C01,2,7,0,2,1,2,1,
202100010664,182 669,A01,2,7,0,2,1,2,1,
202100010665,182 663,B01,2,7,0,2,2,12,1,
202100010665,182 664,A01,2,31,0,2,1,3,1,
202100010666,182 658,B01,2,7,0,2,4,1,1,
202100010666,182 659,D01,2,7,0,2,1,1,1,
202100010666,182 660,C01,2,7,0,2,1,1,1,
202100010666,182 661,A01,2,17,0,2,8,11,1,
202100010666,182 662,E01,2,10,0,2,1,2,1,
202100010667,182 656,Z01,2,10,0,2,0,12,0,
202100010667,182 657,A01,2,33,0,2,7,3,1,
202100010668,182 654,A01,2,7,0,2,1,2,1,
202100010668,182 655,B01,2,33,0,2,4,2,1,
202100010669,182 652,B01,1,7,0,2,1,1,3,
202100010669,182 653,A01,1,7,0,2,1,26,1,
202100010670,182 650,B01,1,7,0,2,4,2,1,
202100010670,182 651,A01,1,7,0,2,1,2,1,
202100010671,182 648,B01,1,7,0,2,4,1,1,
202100010671,182 649,A01,1,10,0,2,1,1,1,
202100010672,182 645,C01,1,7,0,2,4,2,0,
202100010672,182 646,B01,2,7,0,2,7,2,0,
202100010672,182 647,A01,2,33,0,2,1,3,0,
202100010673,182 643,B01,2,7,0,2,1,1,1,
202100010673,182 644,A01,2,33,0,2,3,1,1,
202100010674,182 639,C01,1,7,0,2,4,2,1,
202100010674,182 640,B01,1,7,0,2,6,2,1,
202100010674,182 641,A01,1,10,0,2,1,1,1,
202100010674,182 642,D01,1,7,0,2,4,2,1,
202100010675,182 637,A01,1,7,0,2,1,2,1,
202100010675,182 638,B01,1,7,0,2,0,0,0,
202100010676,182 635,B01,1,7,0,2,4,23,1,
202100010676,182 636,A01,1,10,1,0,1,2,1,
202100010677,182 632,B01,2,33,0,2,1,0,1,
202100010677,182 633,C01,2,10,0,2,8,1,1,
202100010677,182 634,A01,2,10,0,2,5,1,1,
202100010678,182 630,A01,1,7,0,2,4,11,1,
202100010678,182 631,B01,1,33,0,2,1,3,1,
202100010679,182 629,A01,1,50,0,1,1,25,3,
202100010680,182 628,A01,3,7,0,1,1,17,1,
202100010681,182 626,B01,1,7,0,2,8,1,1,
202100010681,182 627,A01,1,14,0,2,7,17,1,
202100010682,182 625,A01,1,7,0,1,1,11,1,
202100010683,182 623,B01,2,7,0,2,2,0,2,
202100010683,182 624,A01,3,50,0,2,1,1,3,
202100010684,182 621,B01,2,50,0,2,1,1,3,
202100010684,182 622,A01,1,7,0,2,3,15,1,
202100010685,182 620,A01,1,33,0,1,0,1,1,
202100010686,182 619,A01,3,7,4,0,2,14,1,
202100010687,182 617,A01,1,10,0,2,1,26,1,
202100010687,182 618,B01,1,7,0,2,4,1,1,
202100010688,182 615,B01,1,7,0,2,1,1,1,
202100010688,182 616,A01,2,7,0,2,2,15,1,
202100010689,182 614,A01,2,7,0,1,1,16,1,
202100010690,182 612,B01,2,33,0,2,1,1,1,
202100010690,182 613,A01,1,7,0,2,3,9,1,
202100010691,182 611,A01,2,10,0,1,2,1,1,
202100010692,182 609,B01,1,7,0,2,1,1,1,
202100010692,182 610,A01,2,7,0,2,1,13,1,
202100010693,182 608,A01,0,7,0,1,1,1,3,
202100010694,182 606,A01,3,7,0,2,1,16,1,
202100010694,182 607,B01,3,1,0,2,1,19,5,
202100010695,182 605,A01,2,10,6,0,1,14,1,
202100010696,182 604,A01,3,7,0,0,9,17,1,
202100010697,182 602,B01,1,50,0,2,1,19,3,
202100010697,182 603,Z01,2,7,0,2,2,15,1,
202100010698,182 601,A01,1,31,0,1,1,1,1,
202100010699,182 599,A01,1,7,0,2,1,1,1,
202100010699,182 600,B01,1,7,0,2,4,1,1,
202100010700,182 598,A01,1,7,0,1,2,26,1,
202100010701,182 596,A01,3,7,0,2,1,1,1,
202100010701,182 597,B01,3,1,0,2,4,0,5,
202100010702,182 595,A01,2,7,0,1,2,1,1,
202100010703,182 594,A01,1,7,0,1,1,1,1,
202100010704,182 592,A01,3,7,0,2,1,15,1,
202100010704,182 593,B01,3,7,0,2,3,1,1,
202100010705,182 590,A01,1,7,0,2,3,15,1,
202100010705,182 591,B01,2,2,0,2,8,1,1,
202100010706,182 588,B01,1,7,0,2,3,1,1,
202100010706,182 589,A01,2,2,0,2,3,13,1,
202100010707,182 586,B01,2,2,0,2,1,1,1,
202100010707,182 587,A01,1,7,0,2,3,15,1,
202100010708,182 584,A01,1,50,0,2,3,26,3,
202100010708,182 585,B01,1,7,0,2,0,26,1,
202100010709,182 582,A01,1,30,0,2,3,16,1,
202100010709,182 583,B01,1,7,0,2,7,16,1,
202100010710,182 580,B01,2,7,0,1,4,1,1,
202100010710,182 581,A01,2,7,0,2,1,12,1,
202100010711,182 579,A01,3,7,2,0,1,1,1,
202100010712,182 578,A01,1,33,11,0,1,17,1,
202100010713,182 576,B01,3,10,0,2,4,2,0,
202100010713,182 577,A01,3,10,0,2,1,16,1,
202100010714,182 575,A01,1,33,8,0,0,15,1,
202100010715,182 573,A01,1,30,0,2,1,1,1,
202100010715,182 574,B01,1,7,0,2,4,1,1,
202100010716,182 572,A01,2,7,0,1,1,15,1,
202100010717,182 571,A01,2,7,0,1,4,26,1,
202100010718,182 569,B01,1,15,0,2,2,1,1,
202100010718,182 570,A01,1,7,0,2,3,18,1,
202100010719,182 566,C01,1,7,0,2,1,14,1,
202100010719,182 567,B01,2,7,0,2,7,17,1,
202100010719,182 568,A01,2,7,0,2,8,13,1,
202100010720,182 565,A01,2,7,2,0,1,14,1,
202100010721,182 564,A01,1,15,0,1,1,1,1,
202100010722,182 563,A01,1,7,0,1,2,1,1,
202100010723,182 561,A01,1,1,14,2,9,21,5,
202100010723,182 562,B01,1,10,14,9,3,15,1,
202100010724,182 559,A01,2,30,0,9,2,26,1,
202100010724,182 560,B01,2,99,0,0,0,0,3,
202100010725,182 558,A01,3,7,9,0,2,14,1,
202100010726,182 556,B01,1,7,0,2,4,2,1,
202100010726,182 557,A01,1,30,0,2,1,2,1,
202100010727,182 554,A01,2,7,0,2,3,20,1,
202100010727,182 555,B01,2,30,0,2,1,1,1,
202100010728,182 553,Z01,1,99,0,1,2,17,0,
202100010729,182 552,A01,3,7,0,1,1,16,1,
202100010730,182 551,A01,2,30,8,1,2,1,1,
202100010731,182 547,A01,1,7,0,2,1,2,1,
202100010731,182 548,B01,1,7,0,2,4,2,1,
202100010731,182 549,C01,1,7,0,2,4,2,1,
202100010731,182 550,D01,1,7,0,2,4,2,1,
202100010732,182 545,A01,1,33,0,2,7,3,1,
202100010732,182 546,Z01,1,10,0,2,3,11,1,
202100010733,182 544,A01,1,34,0,9,1,21,1,
202100010734,182 540,Z01,2,7,0,2,3,11,0,
202100010734,182 541,ZZ01,2,7,0,2,6,13,0,
202100010734,182 542,B01,2,33,0,2,2,1,1,
202100010734,182 543,A01,2,7,4,2,7,1,1,
202100010735,182 539,A01,2,50,0,1,2,1,3,
202100010736,182 537,Z01,3,7,0,2,0,1,1,
202100010736,182 538,A01,3,33,0,2,8,9,1,
202100010737,182 535,A01,2,30,0,2,2,1,1,
202100010737,182 536,Z01,2,7,0,2,0,1,1,
202100010738,182 533,B01,1,1,0,2,4,2,5,
202100010738,182 534,A01,1,7,0,2,1,2,1,
202100010739,182 532,A01,1,7,0,1,2,16,1,
202100010740,182 531,A01,1,50,0,0,0,16,3,
202100010741,182 529,A01,2,30,0,2,1,2,1,
202100010741,182 530,B01,2,10,0,2,4,15,1,
202100010742,182 528,A01,2,1,0,1,1,1,5,
202100010743,182 526,A01,1,7,0,2,8,15,2,
202100010743,182 527,B01,1,32,0,2,2,1,1,
202100010744,182 524,A01,2,7,14,0,3,1,1,
202100010744,182 525,B01,2,30,0,2,5,15,1,
202100010745,182 522,A01,3,10,0,2,6,1,0,
202100010745,182 523,B01,3,50,0,2,1,0,3,
202100010746,182 520,B01,1,1,0,2,0,1,5,
202100010746,182 521,A01,2,10,0,2,3,15,1,
202100010747,182 519,A01,0,7,0,1,1,0,1,
202100010748,182 518,A01,1,7,0,1,1,1,1,
202100010749,182 516,B01,1,31,0,2,5,2,0,
202100010749,182 517,A01,1,7,0,2,3,2,1,
202100010750,182 514,A01,1,33,0,2,1,13,3,
202100010750,182 515,B01,1,7,0,2,3,13,1,
202100010751,182 512,B01,0,30,0,2,1,1,1,
202100010751,182 513,A01,0,7,0,2,2,15,1,
202100010752,182 510,A01,2,7,0,2,1,1,1,
202100010752,182 511,B01,-1,50,0,2,7,19,3,
202100010753,182 509,A01,2,7,0,1,2,1,1,
202100010754,182 507,A01,0,31,0,2,8,15,1,
202100010754,182 508,B01,1,7,0,2,3,1,1,
202100010755,182 506,A01,2,32,0,1,2,1,1,
202100010756,182 504,A01,1,37,0,2,3,24,1,2.0
202100010756,182 505,B01,1,10,0,2,5,17,1,
202100010757,182 502,B01,1,7,0,2,5,24,1,
202100010757,182 503,A01,1,80,1,0,1,1,3,
202100010758,182 501,A01,2,30,0,1,1,25,1,
202100010759,182 500,A01,1,31,0,0,0,1,1,
202100010760,182 498,A01,2,7,0,2,8,13,1,
202100010760,182 499,B01,1,7,0,2,8,26,1,
202100010761,182 496,A01,1,7,0,9,2,2,1,
202100010761,182 497,B01,1,1,0,2,4,2,5,
202100010762,182 495,A01,1,7,1,0,1,13,1,
202100010763,182 493,B01,1,7,9,0,5,24,1,
202100010763,182 494,A01,1,7,1,0,3,1,1,
202100010764,182 492,A01,1,7,8,0,1,1,1,
202100010765,182 490,B01,2,7,0,0,1,1,1,
202100010765,182 491,A01,1,7,0,2,1,1,1,
202100010766,182 489,A01,1,7,2,0,3,2,1,
202100010767,182 488,A01,0,2,0,0,0,1,1,
202100010768,182 487,A01,3,7,2,0,8,0,1,
202100010769,182 485,A01,0,7,0,2,8,9,1,
202100010769,182 486,B01,1,7,0,2,1,1,1,
202100010770,182 483,A01,2,33,0,9,7,21,1,
202100010770,182 484,B01,1,21,0,2,7,19,1,
202100010771,182 481,A01,1,15,0,2,1,1,1,
202100010771,182 482,B01,1,7,0,0,4,2,1,
202100010772,182 480,A01,3,7,13,0,3,1,1,
202100010773,182 478,A01,2,14,0,0,4,1,1,
202100010773,182 479,B01,2,10,0,2,1,0,1,
202100010774,182 477,A01,1,7,2,0,1,14,1,
202100010775,182 475,B01,3,33,0,2,1,1,1,
202100010775,182 476,A01,3,33,0,2,1,5,1,
202100010776,182 474,A01,3,2,13,1,2,1,1,
202100010777,182 473,A01,1,7,4,0,1,26,1,
202100010778,182 472,A01,3,2,0,0,0,0,0,
202100010779,182 471,A01,0,7,0,1,2,16,1,
202100010780,182 469,B01,0,7,0,2,1,1,1,
202100010780,182 470,A01,0,7,0,2,3,19,1,
202100010781,182 467,B01,1,14,0,2,3,1,1,
202100010781,182 468,A01,2,10,0,2,3,13,1,
202100010782,182 465,A01,2,7,0,2,5,13,1,
202100010782,182 466,B01,1,7,0,2,3,1,1,
202100010783,182 463,A01,2,7,0,2,2,15,1,
202100010783,182 464,B01,1,32,0,2,1,1,1,
202100010784,182 462,A01,2,7,0,1,3,1,1,
202100010785,182 460,A01,1,10,0,0,5,19,1,
202100010785,182 461,B01,2,33,0,2,1,1,1,
202100010786,182 459,A01,1,7,6,0,2,14,1,
202100010787,182 457,A01,3,7,0,2,6,1,1,
202100010787,182 458,B01,3,7,0,2,1,1,1,
202100010788,182 455,A01,1,7,0,0,6,1,1,
202100010788,182 456,B01,1,33,0,2,1,2,1,
202100010789,182 451,A01,1,7,0,2,1,17,1,
202100010789,182 452,B01,1,21,0,2,4,15,1,
202100010790,182 449,B01,1,1,0,2,0,1,5,
202100010790,182 450,A01,1,7,0,9,2,1,1,
202100010791,182 448,A01,2,7,0,1,2,1,1,
202100010792,182 446,B01,2,7,0,2,1,1,1,
202100010792,182 447,A01,1,7,0,2,3,13,1,
202100010793,182 445,A01,3,7,0,1,0,0,0,
202100010794,182 444,A01,1,7,13,0,3,1,1,
202100010795,182 442,A01,0,2,0,2,1,1,1,
202100010795,182 443,B01,3,7,0,2,8,15,1,
202100010796,182 440,A01,2,7,0,2,2,15,1,
202100010796,182 441,B01,1,7,0,0,2,1,1,
202100010797,182 436,B01,3,7,0,0,1,19,1,
202100010797,182 437,A01,2,33,0,0,7,1,1,
202100010798,182 427,F01,1,7,0,2,1,2,1,
202100010798,182 428,E01,1,7,0,2,1,2,1,
202100010798,182 429,C01,1,7,0,2,1,2,1,
202100010798,182 430,B01,1,7,0,0,4,1,1,
202100010798,182 431,A01,1,7,0,2,1,2,1,
202100010798,182 432,D01,1,7,0,2,1,2,3,
202100010799,182 426,A01,1,7,13,0,2,12,1,
202100010800,182 425,A01,2,7,0,0,3,1,1,
202100010801,182 423,A01,2,7,0,0,7,15,1,
202100010801,182 424,B01,2,13,0,2,3,1,1,
202100010802,182 422,A01,2,33,9,0,1,1,1,
202100010803,182 421,A01,2,33,13,0,0,1,1,
202100010804,182 419,B01,0,7,0,2,1,1,1,
202100010804,182 420,A01,3,7,3,2,3,9,6,
202100010805,182 418,A01,1,7,0,1,3,1,1,
202100010806,182 416,A01,1,43,0,2,1,1,1,
202100010806,182 417,B01,2,7,0,2,3,11,1,
202100010807,182 414,A01,1,7,0,2,2,1,1,
202100010807,182 415,B01,3,1,0,2,3,19,5,
202100010808,182 412,A01,1,7,0,2,2,1,1,
202100010808,182 413,B01,1,21,0,2,6,1,1,
202100010809,182 410,A01,0,7,0,0,5,1,1,
202100010809,182 411,B01,2,31,0,2,1,1,1,
202100010810,182 407,C01,1,1,0,2,1,1,5,
202100010810,182 408,B01,1,1,0,2,1,1,5,
202100010810,182 409,A01,2,7,0,9,3,15,1,
202100010811,182 404,B01,3,33,0,2,1,1,1,
202100010811,182 405,A01,3,7,0,2,2,15,1,
202100010812,182 402,B01,3,31,0,2,7,19,1,
202100010812,182 403,A01,1,7,0,2,2,1,1,
202100010813,182 401,A01,2,7,0,1,0,16,1,
202100010814,182 400,A01,1,7,9,1,1,13,1,
202100010815,182 398,B01,1,10,0,2,1,1,1,
202100010815,182 399,A01,2,10,0,2,1,13,1,
202100010816,182 396,A01,1,7,0,2,6,15,1,
202100010816,182 397,B01,1,33,0,2,1,17,1,
202100010817,182 394,B01,3,1,0,2,8,12,6,
202100010817,182 395,A01,0,7,0,9,1,11,1,
202100010818,182 393,A01,3,7,0,1,4,4,1,
202100010819,182 391,A01,1,10,0,2,2,2,1,
202100010819,182 392,B01,1,7,16,0,4,15,1,
202100010820,182 390,A01,1,7,0,0,1,1,1,
202100010821,182 389,A01,3,7,0,1,1,15,1,
202100010822,182 387,A01,1,7,0,2,4,1,1,
202100010822,182 388,B01,1,7,0,2,2,2,2,
202100010823,182 384,Z01,1,7,0,2,1,0,0,
202100010823,182 385,B01,1,7,0,2,4,2,1,
202100010823,182 386,A01,1,7,0,0,4,2,1,
202100010824,182 382,A01,1,7,0,2,2,12,1,
202100010824,182 383,B01,1,43,0,2,3,3,1,
202100010825,182 378,D01,2,7,0,2,4,1,1,
202100010825,182 379,B01,2,7,0,2,4,2,1,
202100010825,182 380,C01,2,7,0,2,4,2,1,
202100010825,182 381,A01,2,7,0,2,1,2,1,
202100010826,182 375,A01,1,7,0,2,1,2,1,
202100010826,182 376,B01,1,7,0,2,4,2,1,
202100010826,182 377,C01,1,7,0,2,4,2,1,
202100010827,182 373,B01,2,10,0,2,4,1,1,
202100010827,182 374,A01,2,7,0,2,1,1,1,
202100010828,182 371,A01,1,30,0,2,1,19,0,
202100010828,182 372,B01,1,14,0,2,5,0,0,
202100010829,182 369,B01,2,33,0,2,8,2,1,
202100010829,182 370,A01,2,7,0,2,7,2,1,
202100010830,182 366,C01,2,7,0,2,5,1,1,
202100010830,182 367,B01,2,7,0,2,3,1,1,
202100010830,182 368,A01,2,32,0,2,7,3,1,
202100010831,182 365,A01,2,7,0,5,1,21,1,
202100010832,182 363,B01,2,7,0,2,4,1,1,
202100010832,182 364,A01,2,7,0,2,1,2,1,
202100010833,182 361,B01,2,7,0,2,6,1,1,
202100010833,182 362,A01,2,33,0,2,1,3,1,
202100010834,182 359,B01,2,7,0,2,2,1,1,
202100010834,182 360,A01,2,7,0,2,8,11,1,
202100010835,182 358,A01,2,7,0,0,1,14,1,
202100010836,182 356,B01,2,7,0,2,1,2,1,
202100010836,182 357,A01,2,7,0,2,6,1,1,
202100010837,182 354,A01,1,10,0,2,4,0,1,
202100010837,182 355,B01,1,33,0,2,1,3,1,
202100010838,182 352,B01,2,30,0,2,1,19,3,
202100010838,182 353,A01,1,7,0,2,2,1,1,
202100010839,182 351,A01,2,10,0,1,2,1,1,
202100010840,182 349,A01,1,7,0,2,1,1,1,
202100010840,182 350,B01,1,7,0,2,4,2,1,
202100010841,182 347,A01,3,7,1,0,1,1,1,