Num_Acc,id_vehicule,num_veh,senc,catv,obs,obsm,choc,manv,motor,occutc
202100010841,182 348,B01,3,7,16,0,6,1,1,
202100010842,182 345,B01,1,7,0,2,3,1,1,
202100010842,182 346,A01,2,33,0,2,1,13,1,
202100010843,182 343,A01,1,7,0,2,1,15,1,
202100010843,182 344,B01,2,1,0,2,8,1,5,
202100010844,182 342,A01,3,7,0,1,1,26,1,
202100010845,182 340,B01,1,7,0,2,4,23,1,
202100010845,182 341,A01,1,10,0,2,1,1,1,
202100010846,182 339,B01,1,1,1,0,1,1,0,
202100010847,182 337,A01,1,7,0,2,3,23,1,
202100010847,182 338,B01,2,7,0,2,8,15,1,
202100010848,182 335,B01,1,1,0,2,8,25,5,
202100010848,182 336,A01,2,7,0,2,2,1,1,
202100010849,182 333,B01,1,7,0,2,2,1,1,
202100010849,182 334,A01,1,1,0,2,8,1,5,
202100010850,182 331,A01,1,2,0,2,1,19,1,
202100010850,182 332,B01,1,7,0,2,8,19,1,
202100010851,182 330,A01,2,30,0,0,3,15,1,
202100010852,182 329,A01,1,7,0,1,8,11,0,
202100010853,182 327,Z01,2,7,0,2,1,1,3,
202100010853,182 328,B01,1,7,0,2,4,1,1,
202100010854,182 326,A01,2,7,0,1,1,16,1,
202100010855,182 324,B01,1,7,0,2,8,1,1,
202100010855,182 325,A01,1,7,0,2,1,1,1,
202100010856,182 323,A01,2,2,0,0,8,16,1,
202100010857,182 321,B01,1,7,0,2,1,1,1,
202100010857,182 322,A01,1,7,0,2,1,15,1,
202100010858,182 319,A01,1,7,0,2,1,9,1,
202100010858,182 320,B01,1,7,0,2,7,1,1,
202100010859,182 317,A01,2,7,0,2,2,15,1,
202100010859,182 318,B01,2,32,0,2,1,1,1,
202100010860,182 316,A01,2,7,0,1,5,26,1,
202100010861,182 314,A01,0,14,0,2,5,1,1,
202100010861,182 315,B01,0,7,0,2,1,15,1,
202100010862,182 310,B01,3,7,0,2,3,1,1,
202100010862,182 311,A01,3,7,0,2,3,13,1,
202100010863,182 309,A01,3,7,0,1,2,1,1,
202100010864,182 307,B01,1,2,0,2,4,1,1,
202100010864,182 308,Z01,1,0,0,2,0,26,0,
202100010865,182 305,A01,3,50,0,2,1,19,3,
202100010865,182 306,B01,3,10,0,2,6,0,1,
202100010866,182 303,A01,3,7,0,1,3,1,1,
202100010866,182 304,B01,3,7,0,1,3,1,1,
202100010867,182 301,B01,2,7,0,2,4,23,1,
202100010867,182 302,A01,2,1,0,2,1,2,5,
202100010868,182 299,A01,2,7,0,2,1,19,1,
202100010868,182 300,B01,1,7,0,2,2,15,1,
202100010869,182 298,A01,1,7,13,0,2,14,1,
202100010870,182 296,A01,1,7,0,2,4,2,1,
202100010870,182 297,B01,1,7,0,2,1,2,1,
202100010871,182 295,A01,1,7,0,1,1,1,1,
202100010872,182 293,A01,1,7,0,2,3,5,1,
202100010872,182 294,B01,2,7,0,2,8,1,1,
202100010873,182 291,B01,1,7,0,2,8,1,1,
202100010873,182 292,A01,1,7,0,2,3,1,1,
202100010874,182 289,B01,2,7,0,2,3,15,1,
202100010874,182 290,A01,2,2,0,2,1,17,1,
202100010875,182 287,A01,2,31,0,2,1,13,1,
202100010875,182 288,B01,2,7,0,2,6,15,1,
202100010876,182 285,A01,3,1,0,2,1,19,5,
202100010876,182 286,B01,3,7,0,2,5,21,1,
202100010877,182 284,A01,1,7,0,1,2,1,1,
202100010878,182 282,A01,1,33,0,2,1,1,1,
202100010878,182 283,B01,1,10,0,2,5,1,1,
202100010879,182 281,A01,1,7,1,0,1,26,1,
202100010880,182 280,A01,1,7,0,2,1,26,1,
202100010881,182 278,A01,2,7,0,2,1,19,1,
202100010881,182 279,B01,2,7,0,2,1,1,1,
202100010882,182 276,A01,1,7,0,2,1,1,1,
202100010882,182 277,B01,1,7,0,2,1,19,1,
202100010883,182 274,A01,3,7,0,2,1,3,1,
202100010883,182 275,B01,3,7,0,2,2,3,1,
202100010884,182 273,A01,1,33,0,0,0,1,1,
202100010885,182 272,A01,3,7,0,1,1,16,1,
202100010886,182 270,A01,2,30,0,2,1,1,1,
202100010886,182 271,B01,2,7,0,2,6,15,1,
202100010887,182 268,B01,3,7,0,2,3,26,2,
202100010887,182 269,A01,2,33,0,2,1,1,1,
202100010888,182 266,A01,0,30,0,9,0,26,1,
202100010888,182 267,Z01,3,7,0,0,0,0,2,
202100010889,182 265,A01,1,7,0,1,1,1,1,
202100010890,182 263,A01,1,30,0,2,1,1,1,
202100010890,182 264,B01,1,10,0,2,4,1,1,
202100010891,182 261,B01,3,33,0,2,1,1,1,
202100010891,182 262,A01,3,38,0,2,1,15,1,1.0
202100010892,182 258,C01,2,7,0,2,4,1,1,
202100010892,182 259,A01,2,7,0,2,2,2,1,
202100010892,182 260,B01,2,7,0,2,4,1,1,
202100010893,182 256,A01,1,50,0,9,7,14,3,
202100010893,182 257,B01,1,50,0,9,1,1,3,
202100010894,182 254,B01,1,33,0,2,1,1,1,
202100010894,182 255,A01,1,7,0,9,8,26,1,
202100010895,182 252,B01,1,7,0,2,4,2,1,
202100010895,182 253,A01,1,7,0,2,1,2,1,
202100010896,182 250,B01,1,15,0,2,3,1,1,
202100010896,182 251,A01,2,10,0,2,3,13,1,
202100010897,182 248,B01,3,7,0,2,1,1,1,
202100010897,182 249,A01,3,7,0,2,8,19,1,
202100010898,182 247,A01,1,7,6,0,1,5,1,
202100010899,182 245,B01,1,1,0,2,1,1,5,
202100010899,182 246,A01,2,7,0,2,1,16,1,
202100010900,182 244,A01,1,7,10,0,1,13,1,
202100010901,182 243,A01,1,30,0,0,3,26,1,
202100010902,182 241,B01,1,1,0,2,4,1,5,
202100010902,182 242,A01,1,7,0,2,1,9,1,
202100010903,182 239,A01,0,7,0,1,1,1,1,
202100010904,182 237,A01,0,7,0,2,8,1,1,
202100010904,182 238,B01,0,7,0,2,1,1,1,
202100010905,182 236,A01,0,7,0,1,1,1,1,
202100010906,182 235,A01,1,7,0,1,1,1,1,
202100010907,182 233,B01,1,7,0,2,5,23,1,
202100010907,182 234,A01,1,1,0,2,1,1,0,
202100010908,182 232,A01,2,7,0,1,0,1,0,
202100010909,182 230,B01,1,7,0,2,5,2,1,
202100010909,182 231,A01,1,33,0,2,1,2,1,
202100010910,182 228,A01,1,7,0,2,8,9,1,
202100010910,182 229,B01,2,1,0,2,1,1,0,
202100010911,182 226,B01,2,2,0,2,3,1,1,
202100010911,182 227,A01,1,7,0,2,1,15,1,
202100010912,182 224,A01,3,7,0,2,2,19,1,
202100010912,182 225,B01,1,33,0,2,1,1,1,
202100010913,182 221,B01,3,7,0,2,1,1,1,
202100010913,182 222,C01,3,7,0,2,4,1,1,
202100010913,182 223,A01,3,7,0,2,1,21,1,
202100010914,182 219,B01,2,7,0,2,1,1,1,
202100010914,182 220,A01,1,50,0,2,7,15,3,
202100010915,182 217,B01,2,7,0,2,3,15,1,
202100010915,182 218,A01,1,7,0,2,2,1,1,
202100010916,182 214,C01,1,7,0,2,4,1,1,
202100010916,182 215,B01,1,7,0,2,4,1,1,
202100010916,182 216,A01,1,10,0,2,1,1,1,
202100010917,182 210,A01,1,7,0,2,3,20,1,
202100010917,182 211,B01,1,34,0,2,1,1,1,
202100010918,182 208,B01,1,1,0,2,0,2,5,
202100010918,182 209,A01,1,7,0,1,0,0,1,
202100010919,182 206,B01,2,37,0,2,1,1,1,1.0
202100010919,182 207,A01,1,7,0,2,1,1,1,
202100010920,182 205,A01,1,33,0,0,3,21,1,
202100010921,182 203,B01,3,7,0,0,3,0,1,
202100010921,182 204,A01,2,37,0,2,2,26,1,2.0
202100010922,182 202,B01,1,33,0,2,7,16,1,
202100010923,182 200,B01,2,1,0,2,4,1,5,
202100010923,182 201,A01,2,7,0,2,1,2,1,
202100010924,182 198,A01,1,7,0,2,3,13,1,
202100010924,182 199,B01,2,7,12,2,3,1,1,
202100010925,182 196,A01,1,7,0,2,1,1,1,
202100010925,182 197,B01,1,7,0,2,4,0,1,
202100010926,182 195,A01,3,2,0,0,8,15,1,
202100010927,182 194,SA01,1,30,12,0,2,1,1,
202100010928,182 193,A01,1,33,0,0,7,12,1,
202100010929,182 192,A01,2,32,0,0,7,3,1,
202100010930,182 191,A01,1,10,0,1,1,1,3,
202100010931,182 190,A01,3,33,14,0,7,13,1,
202100010932,182 188,B01,2,7,0,2,4,7,1,
202100010932,182 189,A01,2,7,0,2,1,7,1,
202100010933,182 186,B01,1,7,0,2,3,1,1,
202100010933,182 187,A01,2,50,0,2,1,15,3,
202100010934,182 184,B01,1,7,0,2,8,1,1,
202100010934,182 185,A01,2,50,0,2,1,1,3,
202100010935,182 182,A01,3,2,0,2,7,17,1,
202100010935,182 183,B01,3,32,0,2,7,1,1,
202100010936,182 181,A01,2,30,0,0,0,1,1,
202100010937,182 176,A01,2,7,0,2,3,13,1,
202100010937,182 177,B01,2,30,0,2,2,17,1,
202100010938,182 174,A01,2,7,0,2,1,13,1,
202100010938,182 175,B01,1,1,0,2,1,1,5,
202100010939,182 172,A01,1,32,0,2,1,17,1,
202100010939,182 173,B01,1,7,0,2,3,15,2,
202100010940,182 170,A01,2,7,0,2,0,15,1,
202100010940,182 171,B01,2,50,0,2,0,21,3,
202100010941,182 168,B01,1,32,0,2,2,1,1,
202100010941,182 169,A01,1,7,0,2,1,13,1,
202100010942,182 167,A01,3,7,14,0,2,9,1,
202100010943,182 165,B01,1,7,0,2,3,1,1,
202100010943,182 166,A01,2,7,0,2,2,1,1,
202100010944,182 163,A01,1,7,0,2,1,0,1,
202100010944,182 164,B01,1,7,0,2,4,0,1,
202100010945,182 161,A01,2,7,0,2,8,15,1,
202100010945,182 162,B01,2,30,0,2,1,17,1,
202100010946,182 159,B01,2,7,9,2,1,2,1,
202100010946,182 160,A01,3,7,9,1,8,15,1,
202100010947,182 157,B01,-1,1,0,2,7,25,5,
202100010947,182 158,A01,3,7,0,2,1,9,1,
202100010948,182 156,A01,1,7,8,0,1,1,1,
202100010949,182 154,B01,1,7,0,2,1,15,1,
202100010949,182 155,A01,1,30,0,2,1,2,0,
202100010950,182 152,B01,1,50,0,2,0,1,3,
202100010950,182 153,A01,1,14,0,2,7,16,1,
202100010951,182 151,A01,1,30,0,0,0,1,1,
202100010952,182 149,B01,2,30,0,2,8,1,1,
202100010952,182 150,A01,1,7,0,2,2,15,1,
202100010953,182 148,A01,3,7,0,1,1,1,1,
202100010954,182 147,A01,1,7,0,1,1,1,1,
202100010955,182 145,A01,1,7,0,2,7,15,1,
202100010955,182 146,B01,2,33,0,2,1,1,1,
202100010956,182 143,B01,2,30,0,2,1,1,1,
202100010956,182 144,A01,2,7,0,2,5,15,1,
202100010957,182 142,A01,2,15,1,0,2,11,1,
202100010958,182 139,B01,1,7,8,2,1,17,1,
202100010958,182 140,A01,1,33,0,2,3,15,1,
202100010959,182 137,A01,2,7,0,0,3,15,1,
202100010959,182 138,B01,1,32,0,0,8,1,1,
202100010960,182 135,A01,3,7,0,2,3,1,1,
202100010960,182 136,B01,3,1,0,2,1,1,5,
202100010961,182 133,B01,1,33,0,2,2,1,1,
202100010961,182 134,A01,2,7,0,2,2,17,1,
202100010962,182 131,A01,1,0,0,0,5,15,0,
202100010962,182 132,B01,2,33,0,2,1,1,6,
202100010963,182 129,A01,1,7,0,2,3,15,1,
202100010963,182 130,B01,2,34,0,2,1,17,1,
202100010964,182 127,A01,2,13,0,9,2,17,1,
202100010964,182 128,B01,2,1,0,0,4,1,5,
202100010965,182 124,B01,1,7,16,2,3,1,1,
202100010965,182 125,A01,2,7,0,2,3,13,1,
202100010965,182 126,C01,2,7,0,2,8,23,1,
202100010966,182 122,B01,1,10,0,2,1,1,1,
202100010966,182 123,A01,2,7,0,2,1,5,1,
202100010967,182 120,B01,1,7,0,2,3,15,1,
202100010967,182 121,A01,1,33,5,2,1,17,1,
202100010968,182 118,A01,2,7,0,2,2,15,1,
202100010968,182 119,B01,1,2,0,2,1,1,1,
202100010969,182 116,B01,1,7,0,2,4,2,1,
202100010969,182 117,A01,1,7,0,2,1,2,1,
202100010970,182 115,A01,2,10,0,1,2,1,1,
202100010971,182 114,A01,1,7,2,0,3,13,1,
202100010972,182 113,A01,2,7,13,0,2,26,1,
202100010973,182 111,B01,1,7,0,2,1,1,1,
202100010973,182 112,A01,2,7,0,2,1,5,1,
202100010974,182 110,A01,1,7,0,5,3,1,1,
202100010975,182 109,A01,2,7,1,1,7,1,1,
202100010976,182 108,A01,3,36,13,0,1,24,1,
202100010977,182 106,B01,1,33,0,2,8,1,1,
202100010977,182 107,A01,2,7,0,2,2,15,1,
202100010978,182 104,B01,1,1,0,2,7,1,5,
202100010978,182 105,A01,1,7,0,9,1,2,1,
202100010979,182 102,A01,2,10,0,9,2,20,1,
202100010979,182 103,B01,2,1,0,2,1,9,5,
202100010980,182 101,A01,2,7,0,1,5,1,1,
202100010981,182 098,A01,1,7,13,0,2,1,1,
202100010982,182 096,A01,1,33,0,2,1,17,1,
202100010982,182 097,B01,1,7,0,2,3,15,2,
202100010983,182 095,A01,1,2,0,0,2,1,1,
202100010984,182 094,A01,1,1,0,0,8,1,5,
202100010985,182 092,A01,2,7,0,2,3,1,1,
202100010985,182 093,B01,3,10,0,2,2,19,1,
202100010986,182 090,B01,1,7,0,2,1,2,1,
202100010986,182 091,A01,1,7,0,0,4,2,1,
202100010987,182 088,A01,2,7,0,2,3,17,1,
202100010987,182 089,B01,1,33,0,2,1,1,1,
202100010988,182 087,A01,3,10,0,0,2,0,0,
202100010989,182 085,C01,0,60,0,1,1,0,-1,
202100010989,182 086,A01,1,7,0,1,3,26,1,
202100010990,182 083,A01,2,10,0,2,1,13,1,
202100010990,182 084,B01,1,10,0,2,1,1,1,
202100010991,182 081,B01,2,7,0,2,1,1,1,
202100010991,182 082,A01,3,7,0,2,3,15,1,
202100010992,182 079,A01,2,7,0,2,1,13,1,
202100010992,182 080,B01,1,99,0,2,3,1,1,
202100010993,182 074,D01,1,10,0,0,7,1,1,
202100010993,182 075,C01,1,7,0,0,8,1,1,
202100010993,182 076,B01,1,7,0,0,5,1,2,
202100010993,182 077,A01,1,7,3,2,3,2,1,
202100010993,182 078,E01,1,7,0,0,5,1,1,
202100010994,182 073,A01,2,7,3,0,1,21,1,
202100010995,182 072,A01,1,10,17,0,1,1,1,
202100010996,182 070,B01,0,1,0,2,1,9,5,
202100010996,182 071,A01,0,7,0,2,3,0,1,
202100010997,182 069,A01,0,10,0,0,0,0,1,
202100010998,182 067,A01,2,7,0,2,3,0,3,
202100010998,182 068,B01,1,33,0,2,1,0,1,
202100010999,182 065,A01,3,2,0,2,2,1,1,
202100010999,182 066,B01,3,10,0,2,3,9,1,
202100011000,182 062,A01,2,10,0,9,2,2,1,
202100011000,182 063,B01,1,1,0,0,4,2,5,
202100011000,182 064,C01,1,1,0,0,4,2,5,
202100011001,182 060,A01,1,7,4,2,2,1,1,
202100011001,182 061,B01,1,15,0,2,3,1,1,
202100011002,182 059,A01,1,7,2,0,8,1,1,
202100011003,182 057,B01,3,7,0,2,2,1,1,
202100011003,182 058,A01,3,2,0,2,1,5,1,
202100011004,182 056,A01,0,2,8,0,1,1,1,
202100011005,182 055,A01,2,2,12,0,0,1,1,
202100011006,182 053,A01,2,10,0,2,3,17,1,
202100011006,182 054,B01,2,33,0,2,7,17,1,
202100011007,182 052,A01,1,7,0,1,2,16,1,
202100011008,182 051,A01,0,7,0,1,5,4,1,
202100011009,182 049,A01,1,7,0,2,1,1,1,
202100011009,182 050,B01,2,7,0,2,3,1,1,
202100011010,182 047,A01,0,10,0,2,7,15,1,
202100011010,182 048,B01,0,31,0,2,1,1,1,
202100011011,182 046,A01,3,7,1,0,1,1,1,
202100011012,182 045,A01,2,10,0,1,1,21,1,
202100011013,182 044,A01,1,15,3,0,7,0,1,
202100011014,182 043,A01,0,7,8,0,1,1,1,
202100011015,182 042,A01,3,10,0,1,2,1,1,
202100011016,182 041,A01,1,7,3,0,3,1,1,
202100011017,182 039,A01,1,7,0,2,4,26,1,
202100011017,182 040,Z01,1,7,0,0,0,0,0,
202100011018,182 036,A01,1,7,0,2,1,1,1,
202100011018,182 037,B01,1,7,0,2,9,1,1,
202100011018,182 038,C01,1,7,0,0,1,1,1,
202100011019,182 034,B01,1,10,0,2,1,2,1,
202100011019,182 035,A01,1,7,0,2,4,1,1,
202100011020,182 027,A01,2,7,0,2,4,2,1,
202100011020,182 028,B01,2,7,0,2,4,2,1,
202100011020,182 029,C01,2,7,0,2,1,2,1,
202100011021,182 024,B01,2,7,0,2,4,11,1,
202100011021,182 025,A01,2,7,0,2,1,1,1,
202100011021,182 026,C01,2,7,3,2,9,1,1,
202100011022,182 022,B01,2,7,0,2,6,1,1,
202100011022,182 023,A01,2,33,0,2,1,3,1,
202100011023,182 019,C01,1,17,0,2,4,2,1,
202100011023,182 020,B01,1,7,0,2,4,2,1,
202100011023,182 021,A01,1,17,0,2,1,2,1,
202100011024,182 017,B01,2,7,0,0,4,11,1,
202100011024,182 018,A01,2,33,0,2,1,1,1,
202100011025,182 015,B01,2,7,0,2,5,1,1,
202100011025,182 016,A01,2,33,0,2,1,1,1,
202100011026,182 014,A01,2,32,0,2,0,1,1,
202100011027,182 012,B01,1,7,0,2,4,2,1,
202100011027,182 013,A01,3,33,0,2,1,2,1,
202100011028,182 011,A01,2,7,4,0,3,21,1,
202100011029,182 008,Z01,2,7,0,2,0,12,0,
202100011029,182 009,B01,2,10,0,2,8,1,1,
202100011029,182 010,A01,2,33,0,2,8,1,1,
202100011030,182 006,A01,2,7,0,2,1,1,1,
202100011030,182 007,B01,2,10,0,2,4,1,1,
202100011031,182 004,A01,1,17,0,2,2,12,1,
202100011031,182 005,B01,1,7,0,2,6,1,1,
202100011032,182 001,A01,1,10,0,2,6,23,1,
202100011032,182 002,B01,1,7,1,0,2,1,1,
202100011032,182 003,C01,1,7,0,2,2,1,1,
202100011033,181 999,B01,1,7,0,2,4,0,1,
202100011033,182 000,A01,1,43,0,2,0,0,1,
202100011034,181 996,A01,2,33,0,2,8,3,1,
202100011034,181 997,B01,2,7,0,2,2,18,1,
202100011034,181 998,C01,2,7,0,2,4,1,1,
202100011035,181 993,Z01,2,13,0,2,1,2,0,
202100011035,181 994,B01,2,31,0,2,7,1,1,
202100011035,181 995,A01,2,7,0,2,4,2,1,
202100011036,181 991,B01,1,17,0,0,6,1,1,
202100011036,181 992,A01,1,10,0,2,1,26,1,
202100011037,181 988,C01,2,17,0,2,6,1,1,
202100011037,181 989,B01,2,43,0,2,5,1,1,
202100011037,181 990,A01,2,33,0,2,2,1,1,
202100011038,181 986,B01,2,33,0,2,2,1,1,
202100011038,181 987,A01,2,7,0,2,6,11,1,
202100011039,181 985,A01,2,33,9,1,1,1,0,
202100011040,181 983,A01,1,1,0,2,6,20,5,
202100011040,181 984,B01,1,7,12,0,0,0,1,
202100011041,181 982,A01,1,7,0,1,3,1,1,
202100011042,181 981,A01,2,1,0,1,1,1,5,
202100011043,181 979,A01,2,7,0,2,1,1,1,
202100011043,181 980,B01,1,30,0,2,4,0,1,
202100011044,181 978,A01,3,7,0,1,3,1,1,
202100011045,181 977,A01,3,50,0,1,2,16,3,
202100011046,181 976,A01,2,1,0,1,1,15,5,
202100011047,181 975,A01,2,7,0,1,2,1,1,
202100011048,181 973,B01,3,10,0,2,3,24,1,
202100011048,181 974,A01,3,7,0,2,3,13,1,
202100011049,181 971,A01,3,50,0,2,3,1,3,
202100011049,181 972,B01,3,7,0,9,3,0,0,
202100011050,181 969,A01,3,7,0,2,3,15,1,
202100011050,181 970,B01,3,30,0,2,7,1,1,
202100011051,181 968,A01,3,7,2,0,1,15,1,
202100011052,181 966,A01,1,7,0,2,1,5,1,
202100011052,181 967,B01,2,7,0,2,1,1,1,
202100011053,181 964,A01,3,7,0,2,3,9,1,
202100011053,181 965,B01,1,7,0,2,1,1,1,
202100011054,181 963,A01,2,7,8,0,1,9,1,
202100011055,181 961,A01,1,33,0,2,7,1,1,
202100011055,181 962,B01,3,7,0,2,1,9,0,
202100011056,181 959,A01,1,30,0,0,0,26,3,
202100011056,181 960,B01,1,7,0,0,0,16,1,
202100011057,181 957,A01,1,7,0,2,7,16,1,
202100011057,181 958,B01,3,80,0,2,8,16,3,
202100011058,181 955,A01,1,30,0,2,1,2,1,
202100011058,181 956,B01,1,7,0,2,4,2,1,
202100011059,181 953,B01,1,33,0,2,1,17,1,
202100011059,181 954,A01,1,7,0,2,3,15,1,
202100011060,181 951,A01,1,7,0,2,2,9,1,
202100011060,181 952,B01,1,7,9,2,3,1,1,
202100011061,181 950,A01,1,7,8,0,8,14,1,
202100011062,181 948,A01,1,7,0,2,1,2,1,
202100011062,181 949,B01,1,7,0,2,4,2,1,
202100011063,181 947,A01,1,7,0,1,2,1,1,
202100011064,181 946,A01,0,7,8,0,3,13,1,
202100011065,181 945,Z01,3,7,0,1,0,0,0,
202100011066,181 943,A01,3,7,0,2,8,11,1,
202100011066,181 944,B01,3,7,0,2,3,1,1,
202100011067,181 941,A01,1,7,0,2,3,13,1,
202100011067,181 942,B01,2,7,0,2,3,1,1,
202100011068,181 939,A01,2,7,0,2,4,23,1,
202100011068,181 940,B01,2,10,14,0,1,1,1,
202100011069,181 938,A01,1,7,1,0,9,5,1,
202100011070,181 936,B01,1,1,0,2,4,1,5,
202100011070,181 937,Z01,2,10,0,2,1,15,1,
202100011071,181 935,A01,1,7,0,1,2,17,1,
202100011072,181 933,B01,2,1,0,4,1,1,5,
202100011072,181 934,A01,1,40,0,2,2,1,3,
202100011073,181 931,A01,2,10,0,2,4,4,1,
202100011073,181 932,B01,2,32,0,2,1,1,1,
202100011074,181 929,B01,1,7,0,2,3,15,1,
202100011074,181 930,A01,2,30,0,2,3,5,1,
202100011075,181 927,A01,2,7,8,2,1,19,1,
202100011075,181 928,B01,1,7,14,2,3,0,1,
202100011076,181 926,A01,0,7,0,1,1,1,1,
202100011077,181 924,B01,1,1,0,2,8,2,5,
202100011077,181 925,A01,1,7,0,2,7,14,0,
202100011078,181 923,A01,1,7,0,1,1,1,1,
202100011079,181 921,B01,3,7,0,2,1,1,2,
202100011079,181 922,A01,3,7,0,2,8,9,1,
202100011080,181 920,A01,1,7,0,1,1,1,1,
202100011081,181 919,A01,2,30,0,0,0,1,1,
202100011082,181 917,B01,3,1,0,2,1,1,5,
202100011082,181 918,A01,1,7,0,2,8,9,1,
202100011083,181 915,B01,2,50,0,2,7,1,3,
202100011083,181 916,A01,2,7,0,2,2,9,1,
202100011084,181 914,A01,1,7,0,1,2,1,2,
202100011085,181 912,A01,1,2,0,2,1,2,1,
202100011085,181 913,B01,1,7,0,9,4,2,1,
202100011086,181 910,A01,1,7,0,2,8,9,1,
202100011086,181 911,B01,1,10,0,2,2,1,1,
202100011087,181 909,A01,3,7,0,1,1,16,1,
202100011088,181 907,B01,1,31,0,2,1,1,0,
202100011088,181 908,A01,2,7,0,2,1,15,1,
202100011089,181 906,A01,-1,31,12,0,1,1,1,
202100011090,181 904,B01,1,1,0,2,1,1,5,
202100011090,181 905,A01,1,7,0,2,6,9,1,
202100011091,181 902,A01,1,7,0,2,1,2,1,
202100011091,181 903,B01,1,7,0,2,4,23,1,
202100011092,181 900,A01,1,7,0,2,0,9,1,
202100011092,181 901,B01,3,1,0,2,7,9,5,
202100011093,181 898,A01,2,7,0,2,3,15,0,
202100011093,181 899,B01,1,31,0,2,1,17,0,
202100011094,181 897,A01,2,10,0,1,0,1,1,
202100011095,181 895,A01,1,7,0,2,1,15,1,
202100011095,181 896,B01,1,1,0,2,1,1,5,
202100011096,181 893,B01,3,7,0,2,6,1,1,
202100011096,181 894,A01,3,7,0,2,2,1,1,
202100011097,181 892,A01,1,7,2,0,1,16,1,
202100011098,181 890,B01,2,50,0,2,1,19,3,
202100011098,181 891,A01,2,7,0,2,3,15,1,
202100011099,181 888,A01,1,7,0,2,3,10,2,
202100011099,181 889,B01,1,7,0,2,2,17,1,
202100011100,181 887,A01,3,10,0,1,2,15,1,
202100011101,181 885,A01,1,7,0,2,3,15,1,
202100011101,181 886,B01,2,32,0,2,1,17,1,
202100011102,181 883,A01,0,10,0,2,5,26,1,
202100011102,181 884,B01,3,10,0,2,0,26,1,
202100011103,181 881,B01,1,7,0,2,3,15,0,
202100011103,181 882,A01,2,32,0,2,2,13,1,
202100011104,181 880,A01,1,7,1,0,2,14,1,
202100011105,181 878,A01,1,7,0,2,4,2,1,
202100011105,181 879,B01,1,7,0,2,1,2,1,
202100011106,181 877,A01,3,1,0,0,0,0,5,
202100011107,181 875,A01,1,30,0,2,1,1,1,
202100011107,181 876,B01,1,10,0,2,4,1,1,
202100011108,181 873,A01,2,7,0,2,6,2,1,
202100011108,181 874,Z01,2,7,0,2,2,2,0,
202100011109,181 872,A01,1,10,0,1,3,15,1,
202100011110,181 870,A01,1,1,0,2,1,1,5,
202100011110,181 871,Z01,2,1,0,2,1,13,5,
202100011111,181 869,A01,1,30,0,1,1,1,3,
202100011112,181 868,A01,1,33,0,1,2,25,1,
202100011113,181 866,B01,1,14,0,2,2,1,1,
202100011113,181 867,A01,1,7,0,2,3,22,1,
202100011114,181 865,A01,1,7,0,1,8,1,2,
202100011115,181 864,A01,1,30,0,1,1,1,1,
202100011116,181 863,Z01,1,10,0,1,4,20,0,
202100011117,181 862,A01,2,2,0,1,1,7,1,
202100011118,181 860,B01,3,34,0,2,1,1,1,
202100011118,181 861,A01,3,7,0,2,7,1,1,
202100011119,181 859,A01,1,43,0,0,0,1,1,
202100011120,181 857,B01,2,50,0,2,3,1,3,
202100011120,181 858,A01,2,7,14,0,3,9,1,
202100011121,181 855,A01,2,7,0,0,0,0,1,
202100011121,181 856,B01,1,7,0,2,7,15,1,
202100011122,181 853,B01,2,7,0,2,6,15,1,
202100011122,181 854,A01,2,33,0,2,2,15,1,
202100011123,181 852,A01,3,7,0,1,1,1,1,
202100011124,181 849,A01,2,7,14,0,1,2,1,
202100011124,181 850,B01,2,7,0,2,4,23,1,
202100011124,181 851,C01,2,7,0,2,4,23,1,
202100011125,181 847,A01,0,7,0,2,3,1,2,
202100011125,181 848,B01,0,10,0,2,9,1,1,
202100011126,181 845,B01,1,34,14,2,2,26,1,
202100011126,181 846,A01,1,7,0,2,2,19,1,
202100011127,181 843,A01,2,7,0,0,3,11,1,
202100011127,181 844,B01,2,33,0,0,2,17,1,
202100011128,181 842,A01,-1,7,0,1,3,1,1,
202100011129,181 841,A01,1,10,0,1,1,15,1,
202100011130,181 839,B01,1,33,0,2,1,1,1,
202100011130,181 840,A01,1,10,0,2,3,16,1,
202100011131,181 837,A01,0,7,0,0,0,21,2,
202100011131,181 838,B01,0,1,0,0,0,0,0,
202100011132,181 835,A01,1,14,0,2,5,15,1,
202100011132,181 836,B01,3,32,0,2,2,1,1,
202100011133,181 833,A01,2,7,0,2,2,16,1,
202100011133,181 834,B01,2,32,0,2,8,1,1,
202100011134,181 831,A01,2,34,0,2,1,16,1,
202100011134,181 832,B01,1,7,0,2,2,1,2,
202100011135,181 829,B01,1,7,0,2,4,9,0,
202100011135,181 830,A01,2,7,0,2,1,2,3,
202100011136,181 827,A01,2,7,0,2,1,13,1,
202100011136,181 828,B01,1,7,0,2,1,1,1,
202100011137,181 826,A01,2,7,0,1,1,1,1,
202100011138,181 824,B01,1,7,0,0,1,1,1,
202100011138,181 825,A01,2,7,0,2,1,13,1,
202100011139,181 821,A01,2,33,0,2,1,5,0,
202100011139,181 822,B01,1,7,0,2,6,1,1,
202100011139,181 823,C01,1,7,0,2,1,1,1,
202100011140,181 819,B01,1,2,0,2,1,1,1,
202100011140,181 820,A01,1,2,0,2,3,15,1,
202100011141,181 818,A01,2,15,3,0,2,1,1,