Num_Acc,id_vehicule,num_veh,senc,catv,obs,obsm,choc,manv,motor,occutc
202100011142,181 817,A01,1,7,3,0,2,1,1,
202100011143,181 815,B01,1,2,0,2,1,2,1,
202100011143,181 816,A01,1,7,0,2,4,0,1,
202100011144,181 813,B01,2,7,15,0,7,1,1,
202100011144,181 814,A01,1,7,6,0,3,5,1,
202100011145,181 809,A01,1,7,11,2,7,6,1,
202100011145,181 810,B01,1,7,6,2,8,2,1,
202100011146,181 808,A01,0,7,13,0,9,1,1,
202100011147,181 806,A01,1,7,0,5,4,26,1,
202100011147,181 807,B01,1,7,0,2,1,1,1,
202100011148,181 805,A01,0,7,2,0,1,1,1,
202100011149,181 801,B01,2,1,0,2,1,0,5,
202100011149,181 802,A01,2,7,0,9,7,1,1,
202100011150,181 800,A01,2,7,0,0,1,1,1,
202100011151,181 799,A01,0,7,0,0,9,1,1,
202100011152,181 798,A01,1,14,3,0,8,1,1,
202100011153,181 796,B01,1,1,0,0,8,16,5,
202100011153,181 797,A01,2,7,0,2,3,15,1,
202100011154,181 794,B01,3,33,0,2,1,1,1,
202100011154,181 795,A01,3,7,0,0,7,15,1,
202100011155,181 793,A01,2,7,13,0,2,1,1,
202100011156,181 792,A01,1,10,6,0,2,0,1,
202100011157,181 790,A01,2,10,0,2,8,19,1,
202100011157,181 791,B01,2,33,0,2,1,1,1,
202100011158,181 788,B01,1,7,0,2,7,1,1,
202100011158,181 789,A01,3,7,0,2,3,9,1,
202100011159,181 784,A01,1,2,0,2,1,17,1,
202100011159,181 785,B01,2,2,0,2,1,1,1,
202100011160,181 782,B01,2,1,0,2,1,1,5,
202100011160,181 783,A01,1,3,0,2,1,15,1,
202100011161,181 781,A01,2,33,0,0,8,17,1,
202100011162,181 779,B01,2,15,0,2,2,13,1,
202100011162,181 780,A01,1,7,0,2,1,5,1,
202100011163,181 777,B01,2,7,13,2,3,1,1,
202100011163,181 778,A01,1,33,0,2,9,1,1,
202100011164,181 775,A01,2,17,0,0,3,16,1,
202100011165,181 773,B01,0,7,0,2,8,15,1,
202100011165,181 774,A01,3,14,0,2,2,1,6,
202100011166,181 771,B01,2,7,0,2,3,23,1,
202100011166,181 772,A01,2,33,0,2,8,1,1,
202100011167,181 769,B01,2,17,0,2,3,1,1,
202100011167,181 770,A01,1,10,0,2,1,13,1,
202100011168,181 767,A01,3,2,0,9,2,13,1,
202100011168,181 768,B01,3,1,0,2,1,1,6,
202100011169,181 765,A01,1,7,0,2,7,2,1,
202100011169,181 766,B01,1,80,0,2,8,2,3,
202100011170,181 763,B01,1,21,0,0,4,2,0,
202100011170,181 764,A01,1,7,0,2,1,0,1,
202100011171,181 761,A01,2,7,0,2,2,1,1,
202100011171,181 762,B01,1,33,0,2,1,16,1,
202100011172,181 759,A01,2,10,0,2,1,1,1,
202100011172,181 760,B01,2,7,0,2,3,1,1,
202100011173,181 757,A01,2,7,0,0,3,15,1,
202100011173,181 758,B01,1,1,0,2,8,1,5,
202100011174,181 755,A01,1,7,0,2,2,2,1,
202100011174,181 756,B01,1,14,0,0,5,2,1,
202100011175,181 753,B01,2,7,3,2,2,13,1,
202100011175,181 754,A01,1,7,3,2,1,1,1,
202100011176,181 752,A01,2,7,0,1,3,2,1,
202100011177,181 751,A01,1,7,6,0,1,1,1,
202100011178,181 750,A01,2,7,14,0,1,1,1,
202100011179,181 749,A01,1,33,0,0,0,16,1,
202100011180,181 744,E01,1,10,0,2,1,2,1,
202100011180,181 745,D01,1,10,0,2,4,2,1,
202100011180,181 746,C01,1,7,0,2,4,1,1,
202100011180,181 747,B01,1,10,0,2,4,2,1,
202100011180,181 748,A01,1,7,0,2,4,1,1,
202100011181,181 743,A01,1,7,0,5,1,1,1,
202100011182,181 742,A01,1,7,4,0,1,2,1,
202100011183,181 741,A01,3,33,0,0,1,1,1,
202100011184,181 738,C01,0,7,0,0,0,1,1,
202100011184,181 739,B01,0,7,0,0,0,1,1,
202100011184,181 740,A01,0,31,0,0,0,3,1,
202100011185,181 736,A01,2,31,0,2,1,3,1,
202100011185,181 737,B01,2,7,0,2,4,1,1,
202100011186,181 735,A01,2,32,0,2,8,1,1,
202100011187,181 733,A01,2,7,0,1,1,16,1,
202100011187,181 734,B01,3,50,0,2,1,26,3,
202100011188,181 731,B01,3,3,0,0,5,1,1,
202100011188,181 732,A01,1,3,0,0,1,1,1,
202100011189,181 730,A01,1,7,2,0,1,13,1,
202100011190,181 728,B01,2,7,0,2,1,9,3,
202100011190,181 729,A01,2,7,0,2,1,13,1,
202100011191,181 727,A01,2,7,14,0,1,26,1,
202100011192,181 725,B01,2,7,0,2,0,0,1,
202100011192,181 726,A01,1,7,0,2,1,26,1,
202100011193,181 723,A01,1,7,9,2,2,1,1,
202100011193,181 724,B01,2,7,0,2,1,1,1,
202100011194,181 720,A01,1,7,0,2,1,13,1,
202100011194,181 721,B01,1,7,0,2,8,1,1,
202100011194,181 722,C01,2,7,0,2,1,1,2,
202100011195,181 718,A01,1,31,1,2,1,17,1,
202100011195,181 719,B01,1,7,0,2,5,15,1,
202100011196,181 717,A01,2,31,12,0,1,1,1,
202100011197,181 716,A01,0,7,1,1,1,20,1,
202100011198,181 714,A01,3,50,0,2,1,1,3,
202100011198,181 715,B01,3,7,0,2,0,1,1,
202100011199,181 713,A01,2,30,0,1,1,1,1,
202100011200,181 712,A01,2,7,0,1,2,15,1,
202100011201,181 711,A01,2,7,1,0,2,14,1,
202100011202,181 709,A01,2,2,0,2,1,1,1,
202100011202,181 710,B01,3,7,0,2,8,15,1,
202100011203,181 707,B01,1,7,0,2,1,1,1,
202100011203,181 708,A01,1,7,0,2,3,1,1,
202100011204,181 706,A01,1,7,0,1,2,1,1,
202100011205,181 704,B01,3,31,0,2,0,1,1,
202100011205,181 705,A01,3,7,0,2,0,15,1,
202100011206,181 702,A01,1,37,0,2,7,1,1,1.0
202100011206,181 703,B01,1,1,0,2,8,1,5,
202100011207,181 700,A01,3,7,0,2,3,15,1,
202100011207,181 701,B01,3,50,0,2,2,1,3,
202100011208,181 698,A01,2,7,0,2,1,1,1,
202100011208,181 699,B01,1,1,0,2,1,13,5,
202100011209,181 696,B01,2,30,0,2,8,1,3,
202100011209,181 697,A01,2,7,0,2,2,1,1,
202100011210,181 694,A01,3,50,0,2,1,19,3,
202100011210,181 695,B01,1,7,0,2,1,1,1,
202100011211,181 692,B01,0,2,0,2,1,1,1,
202100011211,181 693,A01,0,7,0,2,1,1,1,
202100011212,181 691,A01,1,7,0,1,2,1,1,
202100011213,181 689,B01,0,7,0,2,3,1,1,
202100011213,181 690,A01,0,30,0,2,1,19,1,
202100011214,181 686,A01,1,7,0,2,9,18,1,
202100011214,181 687,B01,1,7,0,2,5,2,1,
202100011214,181 688,C01,1,7,0,2,6,0,1,
202100011215,181 684,A01,3,7,0,2,2,9,1,
202100011215,181 685,B01,3,33,0,2,1,1,1,
202100011216,181 682,A01,0,7,0,2,6,19,2,
202100011216,181 683,B01,1,50,0,2,1,1,3,
202100011217,181 681,A01,1,7,0,1,1,1,1,
202100011218,181 679,A01,2,7,12,0,3,20,1,
202100011218,181 680,B01,2,50,0,2,0,1,3,
202100011219,181 678,A01,1,7,8,0,0,0,1,
202100011220,181 677,A01,2,7,0,1,3,1,1,
202100011221,181 675,A01,1,7,0,2,2,26,1,
202100011221,181 676,B01,1,33,0,2,1,15,0,
202100011222,181 674,A01,2,7,13,0,9,1,1,
202100011223,181 672,A01,2,7,0,2,4,9,1,
202100011223,181 673,B01,2,33,0,2,5,9,1,
202100011224,181 670,B01,0,33,0,2,8,1,1,
202100011224,181 671,A01,3,7,0,2,1,23,1,
202100011225,181 666,B01,3,7,0,2,3,1,1,
202100011225,181 667,A01,3,7,0,2,3,1,1,
202100011226,181 664,B01,2,7,0,2,1,1,1,
202100011226,181 665,A01,1,7,0,2,1,15,1,
202100011227,181 663,A01,0,7,6,0,1,10,1,
202100011228,181 661,A01,1,10,0,9,1,9,0,
202100011228,181 662,V01,3,1,0,2,4,19,5,
202100011229,181 659,A01,2,15,0,2,3,1,1,
202100011229,181 660,B01,2,7,0,2,5,12,1,
202100011230,181 658,A01,1,7,4,0,2,14,1,
202100011231,181 657,A01,1,7,0,1,2,16,1,
202100011232,181 655,A01,2,7,0,2,3,13,1,
202100011232,181 656,B01,2,30,0,2,7,5,1,
202100011233,181 653,A01,1,32,0,2,2,1,1,
202100011233,181 654,B01,1,1,0,2,1,1,5,
202100011234,181 651,A01,1,33,0,2,1,5,1,
202100011234,181 652,B01,1,30,0,2,8,5,1,
202100011235,181 649,A01,2,50,0,2,0,16,3,
202100011235,181 650,B01,3,43,0,2,2,1,1,
202100011236,181 647,A01,1,7,0,2,2,2,1,
202100011236,181 648,B01,1,30,0,2,4,23,1,
202100011237,181 646,A01,1,43,0,1,1,16,1,
202100011238,181 644,A01,1,32,0,2,1,1,1,
202100011238,181 645,B01,1,7,0,2,7,15,2,
202100011239,181 642,A01,1,30,0,2,7,18,1,
202100011239,181 643,B01,1,7,0,2,7,16,1,
202100011240,181 640,A01,3,1,0,2,6,1,5,
202100011240,181 641,Z01,3,7,0,2,1,15,0,
202100011241,181 639,Z01,1,10,0,1,1,1,1,
202100011242,181 637,A01,1,31,0,2,7,17,1,
202100011242,181 638,B01,1,7,0,2,8,15,1,
202100011243,181 635,B01,1,1,0,2,1,1,5,
202100011243,181 636,A01,1,7,0,2,3,15,2,
202100011244,181 633,Z01,2,1,0,2,0,13,5,
202100011244,181 634,A01,1,1,0,2,1,1,5,
202100011245,181 632,A01,2,7,0,1,2,1,1,
202100011246,181 630,A01,2,32,0,0,1,1,1,
202100011246,181 631,B01,1,7,0,0,1,1,1,
202100011247,181 629,A01,3,7,0,1,2,16,1,
202100011248,181 627,B01,-1,37,0,2,4,1,1,1.0
202100011248,181 628,A01,-1,37,0,2,1,1,2,1.0
202100011249,181 625,B01,0,30,0,2,1,7,0,
202100011249,181 626,A01,1,30,12,2,4,11,1,
202100011250,181 623,B01,1,2,0,2,1,19,3,
202100011250,181 624,A01,2,7,0,2,3,1,1,
202100011251,181 620,A01,-1,3,0,2,2,12,1,
202100011251,181 621,B01,-1,3,1,2,8,1,1,
202100011251,181 622,C01,-1,3,1,0,6,0,1,
202100011252,181 618,B01,-1,7,12,0,0,16,0,
202100011252,181 619,A01,3,7,12,0,3,14,1,
202100011253,181 616,B01,1,7,0,2,3,0,1,
202100011253,181 617,A01,1,7,0,2,2,26,1,
202100011254,181 615,A01,2,0,0,1,8,1,0,
202100011255,181 613,A01,3,7,0,2,3,15,3,
202100011255,181 614,B01,3,31,0,2,4,23,1,
202100011256,181 611,A01,1,33,0,2,1,2,1,
202100011256,181 612,B01,1,7,0,2,4,23,1,
202100011257,181 609,B01,1,14,0,2,3,1,1,
202100011257,181 610,A01,2,14,0,2,3,15,1,
202100011258,181 608,A01,3,7,0,1,4,20,1,
202100011259,181 607,A01,0,33,8,0,7,1,1,
202100011260,181 606,A01,3,7,13,0,3,1,1,
202100011261,181 605,A01,2,33,4,0,8,0,1,
202100011262,181 604,A01,3,33,0,0,0,2,1,
202100011263,181 603,A01,1,7,0,1,2,1,1,
202100011264,181 602,A01,1,7,2,0,1,1,1,
202100011265,181 600,B01,2,7,0,2,1,1,1,
202100011265,181 601,A01,1,7,0,2,1,1,1,
202100011266,181 599,A01,1,7,13,0,3,21,1,
202100011267,181 598,A01,2,13,13,0,3,1,1,
202100011268,181 596,A01,1,7,0,2,3,1,1,
202100011268,181 597,B01,2,21,0,2,3,13,1,
202100011269,181 594,A01,3,2,0,2,3,1,1,
202100011269,181 595,B01,3,7,0,2,3,1,1,
202100011270,181 589,C01,1,7,0,2,3,1,1,
202100011270,181 590,A01,1,7,0,2,2,21,1,
202100011270,181 591,D01,1,7,0,2,3,1,1,
202100011270,181 592,B01,2,7,0,2,1,1,1,
202100011270,181 593,E01,1,7,0,2,6,15,1,
202100011271,181 588,A01,3,7,0,1,1,15,1,
202100011272,181 586,A01,2,7,0,2,3,1,1,
202100011272,181 587,B01,1,7,0,2,3,1,1,
202100011273,181 583,B01,2,7,0,0,2,1,1,
202100011273,181 584,A01,2,7,0,0,8,19,1,
202100011274,181 582,A01,2,7,14,0,2,2,1,
202100011275,181 581,A01,3,7,0,1,8,1,1,
202100011276,181 580,A01,3,7,0,1,2,20,1,
202100011277,181 579,A01,2,1,0,0,0,1,5,
202100011278,181 577,A01,2,33,0,2,3,2,1,
202100011278,181 578,B01,2,33,0,2,5,2,1,
202100011279,181 575,B01,2,33,0,2,1,1,1,
202100011279,181 576,A01,2,7,0,2,7,19,2,
202100011280,181 573,A01,0,21,0,2,2,0,1,
202100011280,181 574,B01,3,33,0,2,1,26,1,
202100011281,181 571,A01,1,7,0,2,2,2,1,
202100011281,181 572,B01,1,2,0,0,4,2,1,
202100011282,181 569,A01,2,7,0,2,6,15,1,
202100011282,181 570,B01,1,33,0,2,1,1,1,
202100011283,181 568,A01,1,7,0,2,3,1,1,
202100011284,181 566,A01,1,1,0,2,0,0,5,
202100011284,181 567,B01,1,7,0,2,2,2,1,
202100011285,181 564,A01,2,10,0,0,7,1,1,
202100011285,181 565,B01,2,7,0,2,3,16,1,
202100011286,181 563,A01,3,7,0,0,1,26,1,
202100011287,181 560,A01,2,7,13,0,0,1,1,
202100011288,181 559,A01,1,33,7,0,0,6,1,
202100011289,181 557,B01,0,7,0,0,3,1,1,
202100011289,181 558,A01,0,33,0,2,1,1,1,
202100011290,181 554,B01,1,7,2,2,2,1,1,
202100011290,181 555,A01,1,7,13,2,1,19,1,
202100011291,181 552,B01,2,7,0,2,1,1,1,
202100011291,181 553,A01,1,7,0,2,1,17,1,
202100011292,181 551,A01,1,2,0,1,1,3,1,
202100011293,181 550,A01,2,7,17,0,1,14,1,
202100011294,181 549,A01,0,33,8,0,0,1,1,
202100011295,181 547,B01,2,33,0,2,4,1,1,
202100011295,181 548,A01,2,7,0,2,1,1,1,
202100011296,181 545,B01,1,7,0,0,4,1,1,
202100011296,181 546,A01,1,7,0,2,1,1,2,
202100011297,181 542,A01,2,7,0,0,2,23,1,
202100011297,181 543,B01,2,7,0,2,1,1,1,
202100011298,181 540,A01,0,7,0,2,1,1,1,
202100011298,181 541,B01,3,7,0,0,5,10,1,
202100011299,181 539,A01,0,32,0,0,0,1,1,
202100011300,181 538,A01,0,2,0,0,0,1,1,
202100011301,181 537,A01,3,7,0,1,3,13,1,
202100011302,181 536,A01,2,33,0,1,1,1,1,
202100011303,181 535,A01,2,7,2,0,9,13,1,
202100011304,181 534,A01,1,7,2,0,1,2,1,
202100011305,181 532,A01,1,32,0,2,1,2,1,
202100011305,181 533,B01,1,1,0,2,4,2,5,
202100011306,181 530,A01,1,7,0,2,1,15,1,
202100011306,181 531,B01,2,2,0,2,1,1,1,
202100011307,181 528,A01,3,7,0,2,2,6,1,
202100011307,181 529,B01,3,33,0,2,1,1,1,
202100011308,181 525,C01,2,17,0,2,8,1,1,
202100011308,181 526,B01,2,7,0,2,9,1,1,
202100011308,181 527,A01,2,7,0,2,1,2,1,
202100011309,181 524,A01,1,33,0,0,0,0,1,
202100011310,181 522,A01,1,7,0,2,3,19,1,
202100011310,181 523,B01,1,7,0,2,2,1,1,
202100011311,181 521,A01,2,7,0,1,2,1,1,
202100011312,181 519,A01,1,7,0,2,3,15,1,
202100011312,181 520,B01,2,2,0,2,1,15,1,
202100011313,181 517,A01,2,43,0,2,3,17,1,
202100011313,181 518,B01,2,21,0,2,6,1,1,
202100011314,181 516,A01,2,7,16,0,1,0,1,
202100011315,181 515,A01,0,7,0,1,3,1,0,
202100011316,181 512,B01,3,32,0,0,4,9,1,
202100011316,181 513,A01,3,7,0,2,1,2,1,
202100011317,181 510,A01,1,7,0,0,1,15,1,
202100011317,181 511,B01,1,7,0,2,1,1,1,
202100011318,181 508,B01,0,7,0,2,1,1,1,
202100011318,181 509,A01,0,10,0,2,1,1,1,
202100011319,181 507,A01,2,7,2,0,1,1,1,
202100011320,181 502,D01,2,7,0,2,4,2,1,
202100011320,181 503,E01,2,7,0,2,4,2,1,
202100011320,181 504,A01,2,38,0,2,1,2,1,1.0
202100011320,181 505,B01,2,7,0,2,4,2,3,
202100011320,181 506,C01,2,10,0,2,4,2,1,
202100011321,181 500,B01,2,7,0,2,1,1,1,
202100011321,181 501,A01,2,7,0,0,4,1,1,
202100011322,181 496,C01,2,7,0,2,4,2,1,
202100011322,181 497,B01,2,7,0,2,4,2,1,
202100011322,181 498,A01,2,10,0,2,1,2,1,
202100011322,181 499,D01,2,7,0,2,4,2,1,
202100011323,181 494,B01,2,7,0,2,4,26,1,
202100011323,181 495,A01,2,7,0,2,2,12,1,
202100011324,181 491,A01,1,7,0,2,2,12,1,
202100011324,181 492,B01,1,7,0,0,8,1,1,
202100011324,181 493,C01,1,7,0,2,6,1,1,
202100011325,181 488,B01,2,7,0,2,3,1,1,
202100011325,181 489,C01,2,7,0,2,5,1,1,
202100011325,181 490,A01,2,33,0,2,2,3,1,
202100011326,181 485,C01,2,7,0,2,4,1,1,
202100011326,181 486,B01,2,7,0,2,4,2,1,
202100011326,181 487,A01,2,7,0,2,1,2,1,
202100011327,181 481,A01,1,7,0,2,1,2,1,
202100011327,181 482,B01,1,7,0,2,1,2,1,
202100011327,181 483,C01,1,7,0,2,4,1,1,
202100011327,181 484,D01,1,7,0,2,4,2,1,
202100011328,181 479,B01,2,7,0,2,4,1,1,
202100011328,181 480,A01,2,7,0,2,1,1,1,
202100011329,181 477,B01,1,7,0,2,7,14,1,
202100011329,181 478,A01,1,7,0,2,4,23,1,
202100011330,181 475,A01,1,15,0,2,2,1,1,
202100011330,181 476,B01,1,7,4,2,6,11,2,
202100011331,181 474,A01,1,7,0,0,0,1,1,
202100011332,181 472,B01,1,7,0,2,1,2,1,
202100011332,181 473,A01,1,7,0,2,4,2,1,
202100011333,181 469,A01,1,7,0,2,7,12,1,
202100011333,181 470,B01,1,33,0,2,3,3,1,
202100011333,181 471,C01,1,7,0,2,5,0,1,
202100011334,181 467,A01,1,7,0,0,4,23,1,
202100011334,181 468,B01,1,7,0,0,0,0,1,
202100011335,181 465,A01,2,10,0,2,6,23,1,
202100011335,181 466,B01,2,2,0,2,1,1,1,
202100011336,181 462,C01,1,7,14,0,1,1,1,
202100011336,181 463,A01,1,7,0,9,7,21,1,
202100011336,181 464,B01,1,33,0,2,1,21,1,
202100011337,181 461,A01,1,10,0,0,0,14,1,
202100011338,181 460,A01,3,31,0,1,1,1,1,
202100011339,181 459,A01,3,1,0,1,4,25,6,
202100011340,181 458,A01,0,10,0,1,4,26,1,
202100011341,181 456,B01,3,7,0,1,4,2,1,
202100011341,181 457,A01,3,7,0,2,1,2,1,
202100011342,181 455,A01,3,7,0,1,1,1,1,
202100011343,181 453,B01,2,10,0,2,1,2,1,
202100011343,181 454,A01,1,30,0,2,4,23,1,
202100011344,181 451,A01,2,7,0,2,8,19,1,
202100011344,181 452,B01,2,7,0,2,1,1,1,
202100011345,181 450,A01,1,7,0,1,1,1,1,
202100011346,181 448,B01,1,80,0,2,0,2,3,
202100011346,181 449,A01,0,14,0,2,0,16,1,
202100011347,181 446,A01,1,33,0,2,1,18,0,
202100011347,181 447,B01,1,7,0,2,4,12,0,
202100011348,181 445,A01,2,7,0,2,7,1,1,
202100011349,181 443,A01,1,7,0,2,6,9,1,
202100011349,181 444,B01,1,32,0,2,3,1,1,
202100011350,181 441,B01,1,2,0,2,8,17,1,
202100011350,181 442,A01,1,7,0,2,7,1,1,
202100011351,181 439,A01,1,7,0,2,3,1,1,
202100011351,181 440,B01,1,50,0,2,8,0,3,
202100011352,181 437,B01,2,7,0,2,3,15,1,
202100011352,181 438,A01,2,30,9,2,2,17,1,
202100011353,181 436,A01,1,7,4,0,1,13,1,
202100011354,181 434,B01,2,7,0,2,5,1,1,
202100011354,181 435,A01,1,7,0,2,2,13,1,
202100011355,181 432,B01,2,7,0,2,3,9,1,
202100011355,181 433,A01,2,2,0,2,7,9,1,
202100011356,181 430,B01,1,32,0,2,1,13,1,
202100011356,181 431,A01,2,7,0,2,3,1,1,
202100011357,181 428,A01,2,7,0,2,1,1,1,
202100011357,181 429,B01,2,7,8,2,4,16,1,
202100011358,181 427,A01,1,7,14,0,2,1,1,
202100011359,181 425,B01,1,10,0,2,2,1,1,
202100011359,181 426,A01,1,10,0,2,1,9,1,
202100011360,181 422,A01,1,7,0,2,9,26,1,
202100011360,181 423,B01,2,7,0,2,2,1,1,
202100011360,181 424,C01,2,7,0,9,1,1,1,
202100011361,181 420,B01,2,7,0,2,4,2,1,
202100011361,181 421,A01,2,7,0,2,1,26,1,
202100011362,181 418,B01,1,33,0,2,1,1,1,
202100011362,181 419,A01,1,7,0,2,8,9,1,
202100011363,181 416,B01,1,7,0,2,1,2,1,
202100011363,181 417,A01,2,7,0,2,2,15,1,
202100011364,181 414,A01,2,30,0,2,1,1,1,
202100011364,181 415,B01,3,7,0,2,6,1,1,
202100011365,181 410,B01,2,34,0,2,1,1,1,
202100011365,181 411,A01,1,10,0,2,6,10,1,
202100011366,181 408,A01,1,7,0,2,1,1,1,
202100011366,181 409,B01,1,2,0,2,5,1,1,
202100011367,181 407,A01,1,7,11,0,9,1,1,
202100011368,181 405,B01,1,7,0,2,6,1,1,
202100011368,181 406,A01,1,30,0,2,1,1,1,
202100011369,181 403,B01,2,2,0,2,1,1,1,
202100011369,181 404,A01,3,7,0,2,8,9,1,
202100011370,181 399,A01,2,7,0,2,2,15,1,
202100011370,181 400,B01,1,31,0,2,1,1,1,
202100011371,181 397,A01,2,30,0,2,1,19,1,
202100011371,181 398,B01,2,33,0,2,1,1,1,
202100011372,181 396,A01,3,10,0,1,3,1,1,
202100011373,181 394,B01,1,2,0,2,8,1,1,
202100011373,181 395,A01,2,7,0,2,3,15,1,
202100011374,181 392,A01,3,33,14,2,3,5,1,
202100011374,181 393,B01,3,7,0,2,8,15,1,
202100011375,181 390,A01,2,7,0,2,2,26,0,
202100011375,181 391,B01,1,7,0,2,1,21,1,
202100011376,181 387,A01,2,7,0,2,1,26,1,
202100011376,181 388,B01,2,7,0,2,4,2,1,
202100011376,181 389,C01,2,7,0,2,4,0,1,
202100011377,181 386,A01,1,7,8,2,1,13,1,
202100011378,181 385,A01,1,7,0,1,1,16,1,
202100011379,181 383,B01,1,33,0,2,1,1,1,
202100011379,181 384,A01,1,7,0,9,2,15,1,
202100011380,181 381,B01,3,2,0,2,1,17,1,
202100011380,181 382,A01,3,10,0,2,3,15,1,
202100011381,181 378,A01,1,7,0,2,4,26,1,
202100011381,181 379,B01,1,7,0,2,1,1,1,
202100011381,181 380,C01,1,7,0,2,9,1,1,
202100011382,181 376,A01,1,7,0,9,2,12,1,
202100011382,181 377,B01,1,7,0,2,3,19,1,
202100011383,181 374,B01,2,1,0,2,1,19,5,
202100011383,181 375,A01,2,7,0,2,1,9,1,
202100011384,181 372,A01,0,7,0,2,4,4,1,
202100011384,181 373,B01,3,33,0,2,7,1,1,
202100011385,181 370,A01,2,7,0,2,2,15,1,
202100011385,181 371,B01,1,31,0,0,0,0,1,
202100011386,181 368,A01,2,7,0,2,1,13,1,
202100011386,181 369,B01,1,7,0,2,1,1,1,
202100011387,181 367,A01,1,7,2,0,9,14,1,
202100011388,181 365,A01,0,7,0,2,3,10,1,
202100011388,181 366,B01,2,7,0,2,1,1,1,
202100011389,181 364,A01,1,7,1,9,1,20,1,
202100011390,181 362,B01,2,7,0,9,1,1,1,
202100011390,181 363,A01,1,1,0,2,7,6,5,
202100011391,181 360,B01,3,30,0,2,7,0,1,
202100011391,181 361,A01,3,7,0,2,1,9,1,
202100011392,181 358,B01,2,1,0,2,1,1,5,
202100011392,181 359,A01,1,7,0,9,3,9,1,
202100011393,181 355,A01,1,7,2,0,3,16,2,
202100011394,181 354,Z01,1,99,0,1,0,26,0,
202100011395,181 351,A01,1,7,1,0,2,14,1,
202100011395,181 352,B01,0,7,1,2,5,24,2,
202100011395,181 353,C01,0,7,0,2,4,24,1,
202100011396,181 349,A01,2,7,0,2,3,13,1,
202100011396,181 350,B01,2,7,0,2,3,23,1,
202100011397,181 348,B01,1,30,0,1,3,1,1,
202100011398,181 346,A01,3,7,0,2,2,26,1,
202100011398,181 347,B01,1,34,0,2,1,1,1,
202100011399,181 344,B01,2,7,0,2,7,1,1,
202100011399,181 345,A01,1,7,0,2,3,1,1,
202100011400,181 343,A01,1,7,0,0,0,0,1,
202100011401,181 342,A01,1,7,3,0,1,1,1,
202100011402,181 340,B01,1,7,0,9,2,26,1,
202100011402,181 341,A01,2,10,10,0,1,1,1,
202100011403,181 338,B01,3,7,0,2,4,1,1,
202100011403,181 339,A01,3,7,0,2,1,1,1,
202100011404,181 336,A01,2,7,0,2,1,15,1,
202100011404,181 337,B01,1,2,0,2,1,1,1,
202100011405,181 335,A01,1,7,0,1,2,1,1,
202100011406,181 333,A01,3,31,0,2,1,1,1,
202100011406,181 334,B01,3,7,0,2,6,15,1,
202100011407,181 331,A01,1,7,0,2,1,26,1,
202100011407,181 332,B01,1,7,0,0,4,23,1,
202100011408,181 329,B01,1,7,0,2,6,1,1,
202100011408,181 330,A01,1,33,0,2,2,12,1,
202100011409,181 326,A01,1,32,0,2,4,1,1,
202100011409,181 327,B01,1,7,0,2,4,1,1,
202100011409,181 328,Z01,1,7,0,2,1,1,0,
202100011410,181 324,A01,2,7,0,2,1,2,1,
202100011410,181 325,B01,2,31,0,2,4,2,1,
202100011411,181 322,A01,1,7,0,2,1,2,1,
202100011411,181 323,B01,1,7,0,2,4,23,1,
202100011412,181 320,A01,2,33,0,2,8,11,1,
202100011412,181 321,B01,2,33,0,2,7,3,1,
202100011413,181 319,A01,3,34,12,0,8,13,1,
202100011414,181 318,A01,1,7,0,1,1,5,1,
202100011415,181 317,A01,2,1,0,0,0,1,5,
202100011416,181 315,B01,1,1,0,2,8,19,5,
202100011416,181 316,A01,2,30,0,2,0,1,1,
202100011417,181 313,A01,1,7,0,2,3,9,1,
202100011417,181 314,B01,1,30,0,2,7,1,1,
202100011418,181 312,A01,1,37,0,0,0,16,1,2.0
202100011419,181 310,B01,3,30,0,2,7,1,3,
202100011419,181 311,A01,3,7,0,2,1,15,1,
202100011420,181 309,A01,2,33,1,0,1,21,1,
202100011421,181 307,B01,2,7,0,2,3,1,1,
202100011421,181 308,A01,2,32,0,2,2,14,1,
202100011422,181 305,B01,2,33,0,2,7,1,1,
202100011422,181 306,A01,1,7,0,2,1,15,1,
202100011423,181 303,B01,1,30,0,2,1,1,1,
202100011423,181 304,A01,3,7,0,2,1,16,2,
202100011424,181 302,A01,2,33,0,1,1,1,1,
202100011425,181 300,B01,2,7,0,2,3,15,2,
202100011425,181 301,A01,2,30,0,2,3,1,1,
202100011426,181 298,B01,3,34,0,2,7,1,1,
202100011426,181 299,A01,3,30,0,2,7,1,1,
202100011427,181 297,A01,1,1,0,0,1,1,5,
202100011428,181 295,B01,2,1,0,2,7,1,5,
202100011428,181 296,A01,1,7,0,2,1,1,1,
202100011429,181 293,A01,2,7,0,0,6,15,1,
202100011429,181 294,B01,2,30,0,0,1,1,1,
202100011430,181 291,A01,1,30,0,2,1,18,1,
202100011430,181 292,B01,1,7,0,0,0,0,1,
202100011431,181 290,A01,2,7,8,0,1,1,1,
202100011432,181 288,A01,2,7,0,2,4,23,1,
202100011432,181 289,B01,2,1,0,2,1,1,5,
202100011433,181 287,A01,2,32,0,1,1,17,1,
202100011434,181 285,B01,1,7,0,9,1,1,1,
202100011434,181 286,A01,1,50,0,2,4,1,3,
202100011435,181 283,A01,1,99,1,0,3,12,1,
202100011435,181 284,B01,1,99,0,2,5,23,1,
202100011436,181 281,A01,1,7,7,0,4,23,1,