Num_Acc,id_vehicule,num_veh,senc,catv,obs,obsm,choc,manv,motor,occutc
202100012026,180 214,A01,2,7,8,2,2,19,1,
202100012027,180 212,A01,3,7,0,1,2,1,1,
202100012028,180 209,B01,2,7,0,2,4,2,1,
202100012028,180 210,C01,2,7,7,0,4,2,1,
202100012028,180 211,A01,2,7,0,2,1,26,1,
202100012029,180 208,A01,3,7,2,0,1,13,1,
202100012030,180 206,A01,3,7,14,2,1,1,1,
202100012030,180 207,B01,3,10,10,2,3,1,1,
202100012031,180 204,B01,1,43,0,2,2,1,1,
202100012031,180 205,A01,1,7,0,2,3,15,1,
202100012032,180 202,A01,1,34,0,2,8,1,1,
202100012032,180 203,Z01,1,7,0,2,1,1,0,
202100012033,180 200,B01,1,7,0,2,1,2,1,
202100012033,180 201,A01,2,7,0,2,1,17,1,
202100012034,180 199,A01,0,7,0,1,3,1,1,
202100012035,180 197,B01,1,32,0,2,7,1,1,
202100012035,180 198,A01,1,10,0,2,1,1,0,
202100012036,180 195,A01,3,7,0,2,3,9,1,
202100012036,180 196,B01,3,7,0,2,2,1,1,
202100012037,180 193,B01,2,30,0,2,2,1,1,
202100012037,180 194,A01,2,7,0,2,1,1,1,
202100012038,180 192,A01,1,7,0,2,1,1,1,
202100012039,180 191,A01,3,10,6,0,1,0,1,
202100012040,180 188,A01,1,7,0,2,8,11,1,
202100012040,180 189,B01,1,34,0,2,7,3,1,
202100012040,180 190,C01,1,7,0,2,7,1,1,
202100012041,180 185,A01,2,7,0,2,1,2,1,
202100012041,180 186,B01,2,7,0,2,4,2,1,
202100012041,180 187,C01,2,7,0,2,4,2,2,
202100012042,180 183,A01,2,7,0,2,6,4,1,
202100012042,180 184,B01,2,30,0,2,1,2,3,
202100012043,180 181,A01,1,14,0,2,7,14,1,
202100012043,180 182,B01,1,1,0,2,3,1,5,
202100012044,180 180,A01,1,30,0,0,0,1,3,
202100012045,180 178,A01,2,10,0,4,8,10,1,
202100012045,180 179,B01,2,40,0,2,2,1,3,
202100012046,180 176,A01,1,50,0,2,3,1,3,
202100012046,180 177,Z01,1,7,0,2,2,17,0,
202100012047,180 175,A01,2,7,8,0,3,9,1,
202100012048,180 173,A01,1,7,0,2,4,4,1,
202100012048,180 174,B01,1,1,0,2,7,9,5,
202100012049,180 172,A01,1,43,0,1,1,1,1,
202100012050,180 171,A01,1,43,0,1,1,1,1,
202100012051,180 170,A01,1,32,0,0,0,18,1,
202100012052,180 168,A01,1,7,0,2,3,16,1,
202100012052,180 169,B01,2,50,0,2,1,1,3,
202100012053,180 166,A01,2,10,0,2,8,22,1,
202100012053,180 167,B01,2,1,0,2,1,1,5,
202100012054,180 164,A01,2,32,0,2,1,13,1,
202100012054,180 165,B01,2,7,0,2,1,1,1,
202100012055,180 162,B01,1,7,0,2,2,1,1,
202100012055,180 163,A01,1,80,0,2,3,1,3,
202100012056,180 160,B01,2,7,0,2,5,23,1,
202100012056,180 161,A01,2,33,1,0,1,26,1,
202100012057,180 158,B01,0,7,0,2,3,1,1,
202100012057,180 159,A01,3,7,0,2,1,19,1,
202100012058,180 156,B01,2,7,0,2,2,1,1,
202100012058,180 157,A01,2,7,0,2,1,15,1,
202100012059,180 154,B01,3,7,0,2,1,2,1,
202100012059,180 155,A01,3,7,0,2,3,9,1,
202100012060,180 153,A01,2,7,0,1,3,1,1,
202100012061,180 152,A01,1,7,0,1,2,26,0,
202100012062,180 151,A01,2,31,0,0,8,1,1,
202100012063,180 150,A01,1,7,0,1,3,16,1,
202100012064,180 148,A01,3,7,0,2,1,1,1,
202100012064,180 149,B01,3,7,0,2,3,15,1,
202100012065,180 147,A01,2,7,0,1,3,1,1,
202100012066,180 144,C01,-1,10,1,2,6,0,1,
202100012066,180 145,B01,-1,7,2,2,1,12,1,
202100012066,180 146,A01,-1,7,16,2,4,1,1,
202100012067,180 142,A01,0,7,1,2,3,1,1,
202100012067,180 143,B01,3,10,0,0,0,0,1,
202100012068,180 140,B01,-1,43,0,2,1,1,1,
202100012068,180 141,A01,-1,10,0,2,4,26,1,
202100012069,180 139,A01,3,10,0,1,3,15,1,
202100012070,180 138,A01,3,50,0,0,0,1,3,
202100012071,180 136,A01,1,10,0,2,5,16,1,
202100012071,180 137,B01,1,1,0,2,8,16,5,
202100012072,180 134,A01,3,7,0,2,0,2,1,
202100012072,180 135,B01,3,7,0,2,0,0,1,
202100012073,180 133,A01,3,30,0,0,0,3,1,
202100012074,180 131,B01,1,7,0,2,0,13,3,
202100012074,180 132,A01,1,2,0,2,7,17,3,
202100012075,180 130,A01,2,13,6,0,3,1,1,
202100012076,180 129,A01,2,7,15,1,1,16,1,
202100012077,180 127,A01,2,50,0,2,1,25,3,
202100012077,180 128,B01,1,1,0,2,1,5,5,
202100012078,180 126,A01,1,1,0,1,1,1,5,
202100012079,180 124,B01,1,31,0,2,1,1,1,
202100012079,180 125,A01,1,10,0,2,5,12,1,
202100012080,180 122,B01,1,20,0,2,1,1,1,
202100012080,180 123,A01,2,32,6,2,1,17,1,
202100012081,180 119,A01,2,7,1,0,1,2,1,
202100012081,180 120,B01,2,10,0,2,4,23,1,
202100012081,180 121,C01,2,7,0,2,4,23,1,
202100012082,180 117,A01,1,7,0,2,6,13,1,
202100012082,180 118,B01,2,37,0,2,1,1,1,5.0
202100012083,180 115,B01,1,31,0,2,1,1,1,
202100012083,180 116,A01,2,7,0,2,3,15,0,
202100012084,180 114,A01,0,7,0,1,1,1,1,
202100012085,180 112,B01,2,15,0,0,4,2,1,
202100012085,180 113,A01,2,7,0,2,1,2,1,
202100012086,180 111,A01,1,7,0,1,1,1,1,
202100012087,180 110,A01,1,31,12,0,1,1,1,
202100012088,180 109,A01,0,33,0,0,7,26,1,
202100012089,180 107,B01,2,33,0,2,1,1,1,
202100012089,180 108,A01,2,7,0,0,7,19,1,
202100012090,180 104,B01,3,7,0,2,2,1,1,
202100012090,180 105,A01,3,35,0,2,3,9,1,
202100012091,180 103,A01,2,7,2,0,3,0,1,
202100012092,180 101,B01,2,21,0,0,4,15,1,
202100012092,180 102,A01,2,2,0,9,1,17,1,
202100012093,180 100,A01,2,7,4,0,9,1,1,
202100012094,180 098,A01,3,7,0,2,1,1,1,
202100012094,180 099,B01,3,7,0,2,8,1,1,
202100012095,180 097,A01,1,7,17,0,1,5,1,
202100012096,180 095,A01,1,10,0,9,2,1,1,
202100012096,180 096,B01,1,1,0,2,4,1,0,
202100012097,180 093,B01,2,7,0,2,1,1,1,
202100012097,180 094,A01,1,7,0,2,8,17,1,
202100012098,180 091,B01,1,31,0,2,1,17,1,
202100012098,180 092,A01,1,10,0,0,6,11,1,
202100012099,180 090,A01,2,3,0,0,9,14,1,
202100012100,180 089,A01,3,7,0,1,2,0,1,
202100012101,180 086,A01,1,7,13,0,2,1,1,
202100012102,180 082,B01,1,33,0,2,1,1,1,
202100012102,180 083,A01,2,7,0,2,2,15,1,
202100012103,180 080,A01,2,7,0,2,1,13,1,
202100012103,180 081,B01,1,7,0,2,1,0,1,
202100012104,180 078,B01,0,7,0,2,8,19,1,
202100012104,180 079,A01,1,10,0,2,1,1,1,
202100012105,180 076,A01,1,7,0,2,1,1,1,
202100012105,180 077,B01,2,7,0,2,2,19,1,
202100012106,180 074,B01,1,10,3,2,3,1,1,
202100012106,180 075,A01,2,17,0,2,6,1,1,
202100012107,180 072,A01,-1,7,0,2,2,25,2,
202100012107,180 073,B01,-1,50,0,2,2,25,3,
202100012108,180 070,B01,1,17,0,2,1,0,1,
202100012108,180 071,A01,2,7,0,2,1,0,1,
202100012109,180 069,A01,2,7,4,0,1,14,1,
202100012110,180 064,A01,1,7,3,2,2,12,1,
202100012110,180 065,C01,1,7,1,0,1,1,1,
202100012110,180 066,D01,1,7,1,0,1,1,1,
202100012110,180 067,E01,1,7,14,0,1,1,1,
202100012110,180 068,B01,1,15,0,2,3,1,1,
202100012111,180 062,A01,1,7,3,2,0,1,1,
202100012111,180 063,B01,1,7,0,2,3,1,1,
202100012112,180 060,A01,2,7,4,0,3,1,1,
202100012112,180 061,B01,2,7,14,0,1,2,1,
202100012113,180 059,A01,2,7,13,0,1,17,1,
202100012114,180 057,B01,2,7,0,2,3,1,3,
202100012114,180 058,A01,1,7,0,2,1,5,1,
202100012115,180 055,A01,1,7,0,2,1,1,1,
202100012115,180 056,B01,2,7,0,2,1,1,1,
202100012116,180 053,B01,0,7,0,0,6,19,1,
202100012116,180 054,A01,0,33,0,2,1,2,1,
202100012117,180 052,A01,2,7,0,1,1,1,1,
202100012118,180 050,A01,1,7,0,2,3,19,1,
202100012118,180 051,B01,2,1,0,2,1,2,0,
202100012119,180 049,A01,1,10,1,1,6,20,1,
202100012120,180 048,A01,0,36,0,0,0,0,1,
202100012121,180 046,A01,1,7,0,2,3,10,1,
202100012121,180 047,B01,1,33,0,2,1,17,1,
202100012122,180 044,A01,2,30,0,2,1,5,1,
202100012122,180 045,B01,1,7,0,2,1,1,1,
202100012123,180 042,B01,1,1,0,2,6,15,5,
202100012123,180 043,A01,1,31,0,2,2,17,1,
202100012124,180 041,A01,1,7,0,1,2,20,1,
202100012125,180 040,A01,1,7,13,0,2,1,1,
202100012126,180 038,B01,3,1,0,0,8,1,5,
202100012126,180 039,A01,3,7,0,2,3,15,1,
202100012127,180 035,C01,1,7,0,0,6,2,1,
202100012127,180 036,B01,1,7,3,2,9,2,1,
202100012127,180 037,A01,1,10,0,0,0,2,1,
202100012128,180 033,A01,2,10,0,9,1,9,1,
202100012128,180 034,B01,1,50,0,2,7,1,3,
202100012129,180 031,A01,1,7,0,2,1,13,1,
202100012129,180 032,B01,2,15,0,2,1,1,1,
202100012130,180 029,A01,1,7,0,2,7,17,1,
202100012130,180 030,B01,1,7,0,2,3,15,1,
202100012131,180 028,A01,2,7,0,1,2,1,1,
202100012132,180 026,A01,3,7,0,0,2,17,1,
202100012132,180 027,B01,3,1,0,2,8,26,5,
202100012133,180 025,A01,1,7,3,0,3,1,1,
202100012134,180 024,B01,2,17,0,1,3,21,1,
202100012135,180 022,B01,2,31,0,2,2,1,1,
202100012135,180 023,A01,2,7,0,2,7,12,1,
202100012136,180 020,A01,0,7,0,0,0,26,1,
202100012136,180 021,B01,0,31,0,0,0,0,1,
202100012137,180 018,A01,1,7,0,2,1,2,1,
202100012137,180 019,B01,1,7,0,0,4,2,1,
202100012138,180 017,A01,1,7,4,0,1,1,1,
202100012139,180 015,A01,2,33,0,2,7,3,1,
202100012139,180 016,B01,2,7,0,2,8,11,1,
202100012140,180 013,B01,1,7,0,2,1,2,1,
202100012140,180 014,A01,1,7,0,2,2,12,1,
202100012141,180 012,A01,2,15,3,0,1,1,1,
202100012142,180 011,A01,2,7,0,1,3,16,1,
202100012143,180 010,A01,0,0,0,1,0,26,0,
202100012144,180 009,A01,1,80,0,1,1,1,3,
202100012145,180 007,A01,3,7,0,2,5,15,1,
202100012145,180 008,B01,3,31,0,2,2,1,1,
202100012146,180 006,A01,2,7,0,1,1,1,1,
202100012147,180 005,A01,1,7,0,1,2,1,1,
202100012148,180 004,A01,1,99,0,1,1,26,1,
202100012149,180 003,A01,1,10,0,1,7,1,1,
202100012150,180 002,A01,1,32,0,1,1,1,1,
202100012151,180 001,A01,1,14,0,1,1,1,1,
202100012152,180 000,A01,2,33,0,1,1,1,1,
202100012153,179 998,A01,3,7,0,2,3,15,1,
202100012153,179 999,B01,3,33,0,2,2,3,1,
202100012154,179 997,A01,2,30,0,1,1,16,1,
202100012155,179 996,A01,1,7,0,1,1,1,1,
202100012156,179 995,A01,1,7,0,1,1,0,1,
202100012157,179 993,A01,2,33,0,2,1,11,1,
202100012157,179 994,B01,2,33,0,2,6,1,1,
202100012158,179 992,A01,1,3,12,1,1,15,1,
202100012159,179 991,A01,3,7,0,1,2,1,1,
202100012160,179 988,B01,3,7,0,2,4,1,1,
202100012160,179 989,A01,3,7,0,2,1,1,1,
202100012161,179 986,A01,3,7,0,2,2,15,1,
202100012161,179 987,B01,3,2,0,2,1,1,1,
202100012162,179 985,A01,2,30,9,0,1,11,1,
202100012163,179 982,B01,1,50,0,2,3,3,3,
202100012163,179 983,C01,1,37,0,2,6,11,2,1.0
202100012163,179 984,A01,1,10,0,2,7,1,1,
202100012164,179 980,B01,1,50,0,2,1,1,3,
202100012164,179 981,A01,2,7,0,2,2,15,1,
202100012165,179 978,A01,2,80,0,2,1,1,3,
202100012165,179 979,B01,1,7,0,2,1,5,1,
202100012166,179 976,B01,2,50,1,0,0,17,3,
202100012166,179 977,A01,2,7,0,2,0,24,0,
202100012167,179 972,A01,3,7,0,2,4,4,0,
202100012167,179 973,B01,-1,10,0,2,7,1,1,
202100012168,179 970,B01,2,7,0,2,2,1,1,
202100012168,179 971,A01,2,33,0,2,8,3,1,
202100012169,179 968,A01,2,1,0,2,1,1,0,
202100012169,179 969,B01,1,2,0,2,1,5,1,
202100012170,179 966,A01,2,7,0,2,3,26,1,
202100012170,179 967,B01,2,7,0,2,1,0,1,
202100012171,179 965,A01,2,10,0,1,1,1,1,
202100012172,179 963,B01,1,2,0,2,1,1,1,
202100012172,179 964,A01,0,7,0,2,7,15,1,
202100012173,179 961,B01,3,7,0,2,7,1,1,
202100012173,179 962,A01,1,80,0,2,1,26,3,
202100012174,179 959,B01,2,7,0,2,1,1,1,
202100012174,179 960,A01,2,7,4,2,1,10,1,
202100012175,179 957,B01,1,33,0,2,2,0,1,
202100012175,179 958,A01,2,7,0,2,2,9,1,
202100012176,179 955,B01,1,2,0,2,1,2,1,
202100012176,179 956,A01,1,7,0,2,4,9,1,
202100012177,179 953,A01,3,7,0,2,3,15,1,
202100012177,179 954,B01,3,7,0,2,8,1,1,
202100012178,179 951,A01,3,7,0,2,2,15,1,
202100012178,179 952,B01,1,31,0,2,1,1,1,
202100012179,179 949,B01,0,7,0,2,1,15,1,
202100012179,179 950,A01,0,50,0,2,1,1,3,
202100012180,179 946,C01,3,10,14,0,1,0,0,
202100012180,179 947,B01,3,10,14,0,4,0,0,
202100012180,179 948,A01,3,10,14,0,4,26,0,
202100012181,179 944,B01,3,7,0,2,2,1,1,
202100012181,179 945,A01,3,7,0,2,6,19,1,
202100012182,179 941,B01,1,7,0,1,3,1,1,
202100012183,179 939,B01,1,7,0,2,3,0,1,
202100012183,179 940,A01,2,30,0,2,1,26,1,
202100012184,179 938,A01,0,7,16,0,1,1,1,
202100012185,179 936,B01,1,7,0,2,3,15,1,
202100012185,179 937,A01,1,33,0,2,2,17,1,
202100012186,179 935,A01,1,7,0,1,2,1,1,
202100012187,179 934,A01,3,7,0,1,2,9,1,
202100012188,179 932,A01,3,7,0,2,1,1,1,
202100012188,179 933,B01,3,1,0,2,7,19,5,
202100012189,179 930,A01,1,7,1,2,5,15,1,
202100012189,179 931,B01,2,7,0,2,2,1,3,
202100012190,179 929,A01,3,7,0,1,1,1,1,
202100012191,179 927,A01,1,7,0,2,3,13,1,
202100012191,179 928,B01,2,1,0,2,1,1,5,
202100012192,179 925,B01,3,60,0,2,7,19,5,
202100012192,179 926,A01,3,7,0,9,1,15,1,
202100012193,179 923,B01,1,7,8,2,1,24,1,
202100012193,179 924,A01,1,7,1,0,1,1,1,
202100012194,179 921,B01,2,1,0,2,4,1,0,
202100012194,179 922,A01,2,7,0,2,1,16,1,
202100012195,179 919,A01,2,2,0,2,3,19,1,
202100012195,179 920,B01,1,7,0,2,2,2,1,
202100012196,179 917,A01,1,7,14,2,8,26,1,
202100012196,179 918,B01,1,7,0,2,7,15,1,
202100012197,179 913,A01,1,7,0,2,1,2,1,
202100012197,179 914,B01,1,7,0,2,4,2,1,
202100012197,179 915,C01,1,7,0,2,4,1,1,
202100012197,179 916,D01,1,7,0,2,4,1,1,
202100012198,179 911,A01,1,7,0,2,1,0,6,
202100012198,179 912,B01,1,7,0,2,8,0,6,
202100012199,179 909,B01,1,50,0,2,1,1,3,
202100012199,179 910,A01,1,7,0,9,3,15,1,
202100012200,179 908,A01,3,7,0,1,3,15,1,
202100012201,179 906,Z01,1,7,0,2,1,2,0,
202100012201,179 907,B01,1,7,0,2,4,1,1,
202100012202,179 904,B01,0,1,0,0,0,15,5,
202100012202,179 905,A01,0,3,0,2,5,17,1,
202100012203,179 903,A01,1,80,0,0,0,15,3,
202100012204,179 902,A01,1,7,0,1,3,1,1,
202100012205,179 900,B01,2,1,1,2,1,1,5,
202100012205,179 901,A01,1,7,0,2,1,22,1,
202100012206,179 897,A01,2,33,0,2,5,3,1,
202100012206,179 898,B01,2,7,0,0,8,23,1,
202100012206,179 899,C01,2,7,0,0,8,23,1,
202100012207,179 895,A01,3,7,0,2,3,9,1,
202100012207,179 896,B01,-1,7,0,2,2,1,1,
202100012208,179 894,A01,1,3,0,1,2,26,1,
202100012209,179 892,B01,2,33,0,2,5,1,1,
202100012209,179 893,A01,2,7,0,2,2,15,1,
202100012210,179 891,A01,3,7,0,1,1,1,1,
202100012211,179 888,C01,0,1,0,9,1,1,5,
202100012211,179 889,B01,0,1,0,2,1,1,5,
202100012211,179 890,A01,0,7,0,9,3,15,1,
202100012212,179 886,A01,3,30,0,2,2,15,1,
202100012212,179 887,B01,3,7,0,2,3,1,1,
202100012213,179 884,B01,1,10,0,2,6,2,1,
202100012213,179 885,A01,1,7,0,2,2,1,1,
202100012214,179 883,D01,1,7,0,1,1,17,-1,
202100012215,179 882,A01,2,30,0,0,2,2,1,
202100012216,179 881,A01,3,7,15,0,7,1,1,
202100012217,179 880,A01,0,7,0,1,1,9,1,
202100012218,179 879,A01,0,1,12,0,1,1,5,
202100012219,179 877,A01,0,7,0,2,1,13,1,
202100012219,179 878,B01,0,1,0,2,2,1,5,
202100012220,179 876,A01,0,1,0,0,0,1,5,
202100012221,179 874,A01,1,7,0,2,3,15,1,
202100012221,179 875,B01,1,2,0,2,7,1,1,
202100012222,179 873,A01,2,7,0,1,1,1,1,
202100012223,179 871,A01,1,7,0,2,1,13,1,
202100012223,179 872,B01,2,1,0,2,1,1,0,
202100012224,179 869,GB01,3,50,0,2,1,1,3,
202100012224,179 870,A01,3,7,0,2,2,19,1,
202100012225,179 867,A01,3,50,0,2,7,1,3,
202100012225,179 868,B01,2,10,0,2,1,9,1,
202100012226,179 866,A01,1,10,0,1,1,1,1,
202100012227,179 865,A01,0,7,1,0,1,1,1,
202100012228,179 864,Z01,3,7,0,1,2,1,0,
202100012229,179 862,A01,2,1,0,2,1,8,5,
202100012229,179 863,B01,1,3,0,2,3,15,1,
202100012230,179 861,A01,3,7,0,1,3,1,1,
202100012231,179 859,B01,2,33,0,2,1,7,1,
202100012231,179 860,A01,3,7,0,2,3,15,1,
202100012232,179 858,A01,2,7,0,1,7,1,1,
202100012233,179 856,B01,1,7,0,2,3,1,1,
202100012233,179 857,A01,2,7,0,2,2,15,1,
202100012234,179 854,C01,1,7,0,2,1,1,1,
202100012234,179 855,A01,1,7,1,2,2,1,1,
202100012235,179 852,A01,1,7,16,0,4,23,1,
202100012235,179 853,B01,1,7,0,2,1,24,1,
202100012236,179 849,C01,2,7,0,2,3,1,1,
202100012236,179 850,B01,1,10,0,2,4,15,0,
202100012236,179 851,A01,1,10,0,2,1,1,1,
202100012237,179 847,A01,2,50,0,2,3,1,3,
202100012237,179 848,B01,1,7,0,2,1,9,1,
202100012238,179 846,A01,2,7,4,0,1,21,1,
202100012239,179 844,B01,2,10,0,2,7,1,1,
202100012239,179 845,A01,2,14,0,2,3,11,1,
202100012240,179 842,B01,1,10,0,2,5,2,1,
202100012240,179 843,A01,1,32,0,2,3,2,1,
202100012241,179 840,A01,2,31,0,2,1,21,1,
202100012241,179 841,B01,2,7,0,2,6,1,1,
202100012242,179 839,A01,1,1,0,1,6,1,5,
202100012243,179 838,Z01,1,7,0,1,1,1,1,
202100012244,179 836,A01,2,30,0,2,1,1,1,
202100012244,179 837,Z01,1,34,9,2,1,13,0,
202100012245,179 834,B01,1,32,0,2,3,1,1,
202100012245,179 835,A01,2,7,0,2,1,15,1,
202100012246,179 832,B01,2,32,0,2,1,1,1,
202100012246,179 833,A01,1,30,0,2,1,9,1,
202100012247,179 830,A01,1,33,0,2,1,7,0,
202100012247,179 831,B01,1,1,0,2,6,11,5,
202100012248,179 829,A01,1,1,0,1,1,1,5,
202100012249,179 828,A01,1,7,0,1,2,1,1,
202100012250,179 827,A01,1,7,0,1,1,1,1,
202100012251,179 825,A01,1,1,0,2,1,1,5,
202100012251,179 826,B01,1,7,0,2,8,1,1,
202100012252,179 823,B01,1,37,0,2,7,15,2,1.0
202100012252,179 824,A01,1,1,0,2,8,13,5,
202100012253,179 822,A01,3,60,0,0,1,25,5,
202100012254,179 820,B01,2,33,0,2,1,1,1,
202100012254,179 821,A01,0,7,8,2,3,9,1,
202100012255,179 819,A01,2,7,0,1,3,26,1,
202100012256,179 818,A01,1,7,0,1,2,12,1,
202100012257,179 816,B01,3,33,0,2,7,1,1,
202100012257,179 817,A01,3,7,0,2,6,11,1,
202100012258,179 814,A01,1,7,0,2,5,1,1,
202100012258,179 815,B01,1,2,0,2,1,1,1,
202100012259,179 812,B01,1,50,0,2,0,0,3,
202100012259,179 813,A01,1,7,0,2,3,1,1,
202100012260,179 810,B01,3,7,0,0,2,2,1,
202100012260,179 811,A01,3,7,0,0,6,24,1,
202100012261,179 807,A01,3,7,0,2,2,15,1,
202100012261,179 808,B01,3,7,0,2,1,1,1,
202100012261,179 809,C01,3,7,0,2,1,1,1,
202100012262,179 805,P01,2,0,0,2,8,19,0,
202100012262,179 806,A01,2,7,0,1,8,1,0,
202100012263,179 804,A01,1,7,0,1,1,15,1,
202100012264,179 803,A01,1,7,0,1,2,1,1,
202100012265,179 801,B01,1,32,0,2,1,1,1,
202100012265,179 802,A01,2,7,0,2,3,9,1,
202100012266,179 799,B01,1,7,0,2,6,1,1,
202100012266,179 800,A01,1,30,0,2,2,21,1,
202100012267,179 797,B01,2,33,0,2,1,3,1,
202100012267,179 798,A01,3,7,0,2,3,15,1,
202100012268,179 795,B01,1,2,0,2,3,1,1,
202100012268,179 796,A01,1,13,0,2,5,12,1,
202100012269,179 793,A01,-1,30,1,0,0,0,1,
202100012269,179 794,B01,1,1,0,0,0,0,5,
202100012270,179 792,A01,0,0,0,1,1,26,0,
202100012271,179 790,B01,1,50,0,2,1,9,3,
202100012271,179 791,A01,1,7,0,2,1,9,1,
202100012272,179 789,A01,3,10,1,1,1,9,1,
202100012273,179 788,A01,3,33,12,0,0,23,1,
202100012274,179 787,A01,1,30,0,1,1,1,1,
202100012275,179 785,A01,1,7,0,2,2,1,1,
202100012275,179 786,B01,2,34,0,2,1,15,1,
202100012276,179 783,B01,0,7,0,2,6,1,1,
202100012276,179 784,A01,0,30,0,2,0,0,1,
202100012277,179 781,B01,3,1,0,2,3,9,5,
202100012277,179 782,A01,3,32,0,2,2,9,1,
202100012278,179 780,A01,2,7,1,1,6,24,1,
202100012279,179 779,A01,1,30,0,0,0,17,1,
202100012280,179 777,A01,2,7,0,2,3,1,1,
202100012280,179 778,B01,1,1,0,2,1,1,0,
202100012281,179 775,B01,2,37,0,2,4,23,6,1.0
202100012281,179 776,A01,2,43,0,2,2,18,1,
202100012282,179 774,A01,3,7,6,0,1,1,0,
202100012283,179 773,A01,1,7,13,0,1,1,1,
202100012284,179 771,A01,1,7,0,2,3,13,1,
202100012284,179 772,B01,2,7,0,2,3,1,1,
202100012285,179 770,A01,2,10,8,1,1,1,1,
202100012286,179 768,A01,1,1,0,2,3,1,5,
202100012286,179 769,B01,2,2,0,9,2,17,1,
202100012287,179 767,A01,3,33,8,9,6,17,1,
202100012288,179 766,A01,1,7,6,0,1,1,1,
202100012289,179 765,A01,2,33,13,0,1,1,1,
202100012290,179 764,A01,1,2,7,0,1,1,0,
202100012291,179 763,A01,1,7,0,4,1,26,3,
202100012292,179 762,A01,2,2,0,1,1,5,1,
202100012293,179 760,B01,2,33,0,2,8,1,1,
202100012293,179 761,A01,2,7,0,2,2,12,1,
202100012294,179 758,B01,1,7,0,9,3,1,1,
202100012294,179 759,A01,2,1,0,2,1,11,0,
202100012295,179 756,B01,1,7,0,0,5,15,1,
202100012295,179 757,A01,1,33,0,2,1,2,1,
202100012296,179 754,B01,2,7,6,0,6,23,1,
202100012296,179 755,A01,2,7,0,2,2,1,1,
202100012297,179 752,B01,2,20,0,2,5,19,1,
202100012297,179 753,A01,2,7,0,2,2,1,1,
202100012298,179 751,A01,3,7,0,1,3,1,1,
202100012299,179 748,B01,2,7,0,2,1,1,1,
202100012299,179 749,A01,1,7,0,2,1,13,0,
202100012299,179 750,C01,1,3,0,2,8,1,0,
202100012300,179 746,A01,3,7,0,2,3,9,1,
202100012300,179 747,B01,3,33,0,2,1,1,1,
202100012301,179 744,A01,2,10,0,2,1,16,1,
202100012301,179 745,B01,2,7,7,0,7,1,1,
202100012302,179 743,A01,3,7,8,0,3,1,1,
202100012303,179 742,A01,1,33,12,0,1,2,1,
202100012304,179 740,A01,2,2,0,2,2,15,1,
202100012304,179 741,B01,1,7,0,2,3,1,1,
202100012305,179 738,A01,1,7,0,2,2,2,1,
202100012305,179 739,B01,1,2,0,0,4,1,1,
202100012306,179 736,B01,2,7,0,2,1,1,1,
202100012306,179 737,A01,1,7,0,2,1,13,1,
202100012307,179 734,A01,1,7,0,2,3,9,2,
202100012307,179 735,B01,2,1,0,2,4,1,5,
202100012308,179 733,A01,2,7,2,0,3,13,1,
202100012309,179 731,B01,2,33,0,2,1,1,1,
202100012309,179 732,A01,1,7,0,2,2,15,1,
202100012310,179 729,B01,2,1,0,2,1,1,5,
202100012310,179 730,A01,1,7,0,9,2,15,1,
202100012311,179 727,A01,2,7,0,2,7,9,1,
202100012311,179 728,B01,1,15,0,2,1,1,1,
202100012312,179 726,A01,1,7,1,1,2,1,1,
202100012313,179 725,A01,2,7,3,0,3,21,1,
202100012314,179 722,A01,2,2,0,0,0,1,1,
202100012315,179 721,A01,2,7,13,0,2,1,1,
202100012316,179 719,B01,3,33,0,2,7,17,1,
202100012316,179 720,A01,3,7,0,2,3,15,1,
202100012317,179 718,A01,2,7,8,0,1,1,1,
202100012318,179 716,A01,1,1,0,2,2,1,5,
202100012318,179 717,B01,1,7,0,2,3,9,1,
202100012319,179 715,A01,1,7,0,1,3,1,1,
202100012320,179 712,B01,1,7,0,2,4,2,1,
202100012320,179 713,A01,1,7,0,2,1,2,1,
202100012320,179 714,C01,1,7,0,2,5,2,1,
202100012321,179 710,A01,1,7,0,2,2,14,1,
202100012321,179 711,B01,1,7,4,0,9,1,1,
202100012322,179 709,A01,3,2,4,0,1,1,1,
202100012323,179 706,C01,2,15,0,0,4,23,1,
202100012323,179 707,B01,2,7,0,2,4,23,1,
202100012323,179 708,A01,2,10,0,2,1,2,1,
202100012324,179 705,A01,3,10,0,0,0,1,1,
202100012325,179 703,A01,1,7,0,2,1,2,1,
202100012325,179 704,B01,1,15,0,2,4,2,1,
202100012326,179 702,A01,1,7,10,0,1,0,1,
202100012327,179 700,B01,0,33,0,2,1,1,1,
202100012327,179 701,A01,0,7,0,2,8,15,1,
202100012328,179 698,B01,3,7,12,2,1,15,1,
202100012328,179 699,A01,3,7,0,0,6,15,2,
202100012329,179 697,A01,2,1,0,1,1,1,5,
202100012330,179 695,A01,1,7,0,2,3,0,1,
202100012330,179 696,B01,3,30,0,2,1,1,1,
202100012331,179 693,B01,2,33,0,2,1,2,1,
202100012331,179 694,A01,2,10,0,2,2,19,1,
202100012332,179 692,A01,1,7,2,6,3,1,1,
202100012333,179 690,B01,1,2,0,2,1,1,1,
202100012333,179 691,A01,2,7,0,2,3,1,1,
202100012334,179 688,A01,2,33,0,2,2,17,1,
202100012334,179 689,B01,2,21,0,0,8,15,1,