Num_Acc,id_vehicule,num_veh,senc,catv,obs,obsm,choc,manv,motor,occutc
202100013513,177 574,A01,3,30,0,1,1,17,1,
202100013514,177 572,B01,3,7,0,2,2,20,1,
202100013514,177 573,A01,3,7,0,2,1,18,1,
202100013515,177 570,A01,3,7,0,9,1,26,2,
202100013515,177 571,B01,3,1,0,2,8,1,5,
202100013516,177 568,A01,2,30,0,2,1,9,1,
202100013516,177 569,B01,1,7,0,2,6,19,1,
202100013517,177 566,B01,1,80,0,2,2,25,3,
202100013517,177 567,A01,1,7,0,9,3,16,1,
202100013518,177 564,B01,1,7,0,2,5,1,1,
202100013518,177 565,A01,3,7,0,2,1,1,1,
202100013519,177 562,A01,1,7,1,0,1,1,1,
202100013519,177 563,B01,0,7,1,2,6,-1,1,
202100013520,177 560,B01,1,7,0,2,3,20,1,
202100013520,177 561,A01,1,33,0,2,1,1,1,
202100013521,177 559,A01,2,31,0,0,8,21,1,
202100013522,177 557,B01,2,10,0,2,4,2,1,
202100013522,177 558,A01,2,7,0,2,1,2,1,
202100013523,177 555,A01,1,7,0,2,1,2,1,
202100013523,177 556,B01,1,7,0,2,4,2,1,
202100013524,177 553,B01,1,7,0,2,8,26,1,
202100013524,177 554,A01,1,1,0,2,1,26,5,
202100013525,177 551,A01,2,30,0,2,2,2,1,
202100013525,177 552,B01,2,7,0,2,6,18,1,
202100013526,177 549,B01,1,1,1,0,1,1,5,
202100013526,177 550,A01,1,7,0,2,3,24,1,
202100013527,177 547,A01,1,7,0,2,7,0,0,
202100013527,177 548,B01,1,7,0,2,1,1,0,
202100013528,177 546,A01,3,7,6,0,2,1,1,
202100013529,177 544,B01,1,2,0,2,1,1,1,
202100013529,177 545,A01,2,7,0,2,7,15,1,
202100013530,177 542,A01,2,7,0,2,1,15,1,
202100013530,177 543,B01,1,2,0,2,3,1,1,
202100013531,177 538,A01,2,7,0,2,1,16,1,
202100013531,177 539,B01,1,50,0,2,1,1,3,
202100013532,177 535,C01,2,37,0,2,3,1,1,2.0
202100013532,177 536,B01,2,7,0,2,3,1,1,
202100013532,177 537,A01,1,7,0,2,3,17,1,
202100013533,177 534,A01,2,7,0,1,1,1,1,
202100013534,177 532,A01,1,7,13,2,0,17,1,
202100013534,177 533,B01,1,7,0,2,8,1,2,
202100013535,177 530,A01,2,10,0,2,3,9,1,
202100013535,177 531,B01,2,10,0,2,5,1,1,
202100013536,177 529,A01,1,7,0,1,2,1,1,
202100013537,177 527,A01,2,80,0,2,1,1,3,
202100013537,177 528,B01,3,7,0,2,3,12,1,
202100013538,177 525,B01,1,37,0,2,5,1,1,1.0
202100013538,177 526,A01,1,80,0,2,8,1,3,
202100013539,177 524,A01,2,7,0,1,1,15,2,
202100013540,177 522,A01,3,10,0,2,1,2,1,
202100013540,177 523,B01,3,7,0,2,4,1,1,
202100013541,177 520,A01,1,33,0,2,7,17,1,
202100013541,177 521,B01,2,7,0,9,1,19,1,
202100013542,177 519,A01,0,3,12,0,3,16,1,
202100013543,177 514,B01,3,7,0,2,2,9,1,
202100013543,177 515,A01,3,33,0,2,1,1,1,
202100013544,177 513,A01,3,37,0,1,2,2,2,1.0
202100013545,177 509,B01,1,7,0,2,1,2,1,
202100013545,177 510,A01,1,7,0,2,4,2,1,
202100013546,177 507,A01,2,33,0,2,1,21,1,
202100013546,177 508,B01,1,10,0,2,3,9,3,
202100013547,177 505,A01,3,7,0,2,1,9,3,
202100013547,177 506,B01,3,7,0,2,7,9,1,
202100013548,177 503,A01,1,7,0,2,3,1,1,
202100013548,177 504,B01,3,60,0,2,8,19,5,
202100013549,177 501,B01,1,33,0,2,3,1,1,
202100013549,177 502,A01,1,7,0,2,5,12,1,
202100013550,177 500,A01,2,7,0,1,7,2,1,
202100013551,177 497,X01,3,30,0,9,1,0,0,
202100013551,177 498,C01,3,7,0,2,3,2,1,
202100013551,177 499,B01,3,33,0,2,3,17,1,
202100013552,177 495,A01,1,32,0,2,1,17,1,
202100013552,177 496,B01,1,7,0,2,8,15,1,
202100013553,177 494,A01,2,1,0,0,0,9,5,
202100013554,177 492,B01,1,7,0,2,3,15,2,
202100013554,177 493,A01,1,1,0,2,1,17,5,
202100013555,177 491,B01,2,33,0,0,1,16,1,
202100013556,177 489,A01,2,7,0,2,1,2,1,
202100013556,177 490,B01,1,10,0,2,1,1,1,
202100013557,177 486,C01,2,15,0,2,4,23,1,
202100013557,177 487,B01,2,7,0,2,4,23,1,
202100013557,177 488,A01,2,7,0,2,1,2,1,
202100013558,177 485,A01,1,33,3,0,1,17,1,
202100013559,177 483,B01,2,10,0,2,4,2,1,
202100013559,177 484,A01,2,7,0,2,1,2,1,
202100013560,177 482,A01,1,7,0,1,1,1,1,
202100013561,177 479,C01,1,7,0,2,4,2,1,
202100013561,177 480,B01,1,7,0,2,4,2,1,
202100013561,177 481,A01,1,7,0,2,1,2,1,
202100013562,177 477,A01,1,10,0,2,7,14,1,
202100013562,177 478,B01,1,33,0,2,1,1,1,
202100013563,177 475,A01,2,7,0,2,7,12,1,
202100013563,177 476,B01,2,33,0,2,8,3,1,
202100013564,177 474,A01,2,31,0,0,0,26,1,
202100013565,177 473,A01,1,33,0,0,0,21,1,
202100013566,177 471,A01,2,7,0,2,1,3,1,
202100013566,177 472,B01,2,31,0,2,2,12,0,
202100013567,177 469,B01,1,7,0,2,8,0,1,
202100013567,177 470,A01,1,14,0,2,2,0,1,
202100013568,177 467,A01,1,33,0,2,1,2,1,
202100013568,177 468,B01,1,7,0,2,4,2,1,
202100013569,177 466,A01,1,7,0,2,6,23,1,
202100013570,177 464,B01,0,37,0,2,4,7,1,1.0
202100013570,177 465,A01,0,3,0,2,1,1,1,
202100013571,177 462,B01,3,10,0,2,7,1,1,
202100013571,177 463,A01,3,14,0,2,1,1,1,
202100013572,177 460,B01,0,7,0,2,3,1,1,
202100013572,177 461,A01,0,1,0,2,2,15,0,
202100013573,177 459,A01,2,7,13,0,1,14,1,
202100013574,177 457,B01,1,60,0,2,4,1,5,
202100013574,177 458,A01,3,7,0,9,1,1,1,
202100013575,177 456,A01,1,7,0,1,1,1,1,
202100013576,177 451,B01,3,2,0,2,1,1,1,
202100013576,177 452,A01,3,7,0,2,7,1,1,
202100013577,177 448,B01,2,7,0,2,8,1,1,
202100013577,177 449,C01,2,7,0,2,8,1,1,
202100013577,177 450,A01,2,10,0,2,1,19,1,
202100013578,177 446,B01,3,33,0,2,1,17,1,
202100013578,177 447,A01,3,7,0,2,3,9,1,
202100013579,177 445,A01,3,7,0,1,1,1,1,
202100013580,177 442,C01,1,10,0,2,1,1,1,
202100013580,177 443,B01,1,7,0,2,1,2,1,
202100013580,177 444,A01,1,7,0,2,4,23,1,
202100013581,177 440,B01,1,7,0,2,1,1,1,
202100013581,177 441,A01,2,7,0,2,7,26,1,
202100013582,177 439,A01,3,7,0,1,2,17,1,
202100013583,177 437,A01,3,7,0,2,0,26,0,
202100013583,177 438,B01,3,7,0,2,1,15,1,
202100013584,177 436,A01,1,37,0,1,2,1,1,1.0
202100013585,177 434,A01,1,1,0,2,7,1,5,
202100013585,177 435,B01,2,7,0,2,1,9,1,
202100013586,177 432,A01,1,2,0,2,5,5,1,
202100013586,177 433,B01,2,7,0,2,3,15,1,
202100013587,177 431,A01,3,37,0,1,7,26,3,1.0
202100013588,177 429,A01,0,7,0,2,2,9,1,
202100013588,177 430,B01,3,32,0,2,4,9,1,
202100013589,177 427,B01,3,1,0,2,1,1,5,
202100013589,177 428,A01,3,50,0,2,1,13,3,
202100013590,177 426,A01,1,1,0,1,9,21,5,
202100013591,177 425,A01,2,7,8,0,1,14,1,
202100013592,177 423,A01,1,7,0,2,2,17,1,
202100013592,177 424,B01,1,7,0,2,6,1,1,
202100013593,177 422,A01,3,7,1,0,2,14,2,
202100013594,177 421,Z01,1,0,0,1,5,2,0,
202100013595,177 419,A01,1,32,0,2,1,19,1,
202100013595,177 420,B01,1,7,0,2,3,15,2,
202100013596,177 418,A01,1,0,0,1,0,1,-1,
202100013597,177 417,A01,3,7,0,1,0,20,1,
202100013598,177 415,B01,1,7,0,2,3,1,1,
202100013598,177 416,A01,2,7,0,2,3,13,1,
202100013599,177 411,C01,3,7,0,2,1,23,1,
202100013599,177 412,D01,3,10,0,2,3,23,1,
202100013599,177 413,A01,1,7,0,2,1,9,1,
202100013599,177 414,B01,2,2,0,2,3,1,1,
202100013600,177 410,A01,2,2,1,0,2,1,1,
202100013601,177 408,B01,3,7,0,2,4,1,1,
202100013601,177 409,A01,3,7,0,2,1,2,1,
202100013602,177 406,A01,2,2,11,0,0,0,1,
202100013602,177 407,B01,2,7,0,0,0,1,1,
202100013603,177 404,B01,2,7,0,2,1,1,1,
202100013603,177 405,A01,1,7,0,2,1,13,1,
202100013604,177 402,A01,0,30,0,2,1,1,1,
202100013604,177 403,B01,0,7,0,2,4,1,1,
202100013605,177 400,B01,2,13,0,2,3,1,1,
202100013605,177 401,A01,1,7,0,2,3,13,1,
202100013606,177 398,B01,3,1,0,2,3,16,5,
202100013607,177 397,A01,0,7,0,1,2,16,1,
202100013608,177 395,B01,0,7,0,2,3,1,1,
202100013608,177 396,A01,0,7,0,2,2,1,1,
202100013609,177 393,B01,0,7,0,2,1,1,1,
202100013609,177 394,A01,0,7,0,2,6,19,1,
202100013610,177 391,B01,2,7,0,2,4,0,1,
202100013610,177 392,A01,2,7,0,2,1,2,1,
202100013611,177 390,A01,1,7,0,1,2,1,1,
202100013612,177 387,A01,3,1,0,0,0,1,5,
202100013613,177 385,B01,1,7,0,2,4,2,1,
202100013613,177 386,A01,1,7,0,2,1,2,1,
202100013614,177 383,A01,1,32,0,2,1,17,1,
202100013614,177 384,B01,1,7,0,2,6,15,1,
202100013615,177 380,A01,2,7,0,2,1,2,1,
202100013615,177 381,B01,2,7,0,2,4,2,1,
202100013615,177 382,C01,2,7,0,2,4,2,1,
202100013616,177 378,B01,1,10,0,2,2,1,1,
202100013616,177 379,A01,1,7,15,0,1,14,1,
202100013617,177 377,A01,1,7,0,1,2,16,1,
202100013618,177 375,A01,1,37,0,2,5,17,6,1.0
202100013618,177 376,B01,1,1,0,2,3,1,5,
202100013619,177 373,B01,1,1,0,2,4,1,5,
202100013619,177 374,A01,1,10,0,2,1,16,1,
202100013620,177 371,B01,1,33,0,2,4,1,1,
202100013620,177 372,A01,1,33,0,2,1,1,1,
202100013621,177 369,B01,0,2,0,2,4,2,1,
202100013621,177 370,A01,0,7,0,2,1,2,1,
202100013622,177 366,B01,2,7,0,2,4,2,1,
202100013622,177 367,C01,2,7,0,2,4,2,1,
202100013622,177 368,A01,2,7,0,2,1,2,1,
202100013623,177 364,Z01,2,7,0,2,1,1,1,
202100013623,177 365,A01,1,7,0,2,1,1,1,
202100013624,177 362,B01,1,7,0,2,3,15,1,
202100013624,177 363,A01,1,30,0,2,2,17,1,
202100013625,177 360,A01,1,7,0,2,5,9,1,
202100013625,177 361,B01,1,33,0,2,1,1,1,
202100013626,177 358,A01,1,7,0,2,5,16,1,
202100013626,177 359,B01,1,80,0,2,1,1,3,
202100013627,177 356,A01,3,7,0,2,1,2,1,
202100013627,177 357,B01,3,31,0,2,4,2,1,
202100013628,177 355,A01,3,37,0,1,1,1,1,1.0
202100013629,177 354,A01,3,1,1,0,1,1,5,
202100013630,177 352,B01,3,33,0,2,4,2,1,
202100013630,177 353,A01,3,33,0,2,1,2,1,
202100013631,177 350,B01,3,50,0,9,0,2,3,
202100013631,177 351,A01,3,7,0,9,0,2,1,
202100013632,177 348,A01,1,7,0,2,4,2,1,
202100013632,177 349,B01,1,2,0,2,1,2,1,
202100013633,177 347,A01,2,7,0,1,1,1,1,
202100013634,177 345,B01,3,50,0,2,1,1,3,
202100013634,177 346,A01,1,7,0,2,6,1,1,
202100013635,177 343,A01,1,7,0,2,1,23,1,
202100013635,177 344,B01,3,1,0,2,0,0,5,
202100013636,177 342,A01,2,7,0,1,1,13,1,
202100013637,177 340,A01,2,7,0,2,2,0,1,
202100013637,177 341,B01,2,37,0,2,3,1,1,1.0
202100013638,177 338,B01,2,1,0,2,7,1,5,
202100013638,177 339,A01,2,7,0,2,2,15,1,
202100013639,177 336,B01,2,30,0,2,8,1,1,
202100013639,177 337,Z01,2,7,0,2,0,17,0,
202100013640,177 334,A01,1,1,0,2,1,1,5,
202100013640,177 335,B01,1,7,0,9,3,15,1,
202100013641,177 331,A01,1,7,0,9,2,15,1,
202100013641,177 332,B01,1,80,0,2,1,1,3,
202100013642,177 328,C01,2,7,0,2,4,1,2,
202100013642,177 329,B01,2,7,0,2,4,1,1,
202100013642,177 330,A01,2,7,0,2,1,1,1,
202100013643,177 326,A01,1,2,0,2,3,26,1,
202100013643,177 327,B01,1,7,0,2,3,26,1,
202100013644,177 324,B01,1,1,0,2,1,5,0,
202100013644,177 325,A01,2,7,0,2,3,9,1,
202100013645,177 322,B01,2,7,0,2,4,23,1,
202100013645,177 323,A01,2,7,0,2,1,2,1,
202100013646,177 320,B01,1,10,0,2,2,1,1,
202100013646,177 321,A01,1,7,0,2,8,1,1,
202100013647,177 318,A01,1,7,8,2,3,2,1,
202100013647,177 319,B01,2,7,8,2,0,1,1,
202100013648,177 315,A01,3,7,1,0,3,1,3,
202100013649,177 314,A01,2,14,15,0,1,13,1,
202100013650,177 312,A01,1,10,0,2,4,2,1,
202100013650,177 313,B01,1,7,0,2,1,2,1,
202100013651,177 310,B01,3,40,0,2,1,2,3,
202100013651,177 311,A01,3,7,0,4,3,15,1,
202100013652,177 308,A01,2,10,0,2,3,1,1,
202100013652,177 309,B01,2,7,0,2,3,15,1,
202100013653,177 307,A01,3,7,0,1,1,15,1,
202100013654,177 304,C01,0,1,0,2,0,0,0,
202100013654,177 305,A01,3,7,9,9,1,21,1,
202100013654,177 306,B01,0,1,0,2,4,25,0,
202100013655,177 302,A01,1,7,0,9,2,1,3,
202100013655,177 303,B01,3,1,0,9,8,19,0,
202100013656,177 300,A01,2,7,0,2,1,15,3,
202100013656,177 301,B01,2,1,0,2,1,16,0,
202100013657,177 298,A01,2,7,0,2,1,2,0,
202100013657,177 299,B01,2,7,0,2,4,2,0,
202100013658,177 296,A01,1,31,0,2,1,21,1,
202100013658,177 297,B01,1,7,0,2,5,1,1,
202100013659,177 295,A01,2,7,0,1,2,26,1,
202100013660,177 294,A01,3,17,0,1,1,20,1,
202100013661,177 293,A01,0,7,0,1,1,1,0,
202100013662,177 291,B01,3,7,0,2,6,23,1,
202100013662,177 292,A01,3,30,14,0,2,17,1,
202100013663,177 289,B01,3,7,0,2,7,0,1,
202100013663,177 290,A01,3,30,0,2,7,19,1,
202100013664,177 287,B01,1,7,0,2,1,15,1,
202100013664,177 288,A01,2,2,0,2,1,19,1,
202100013665,177 285,B01,1,50,0,2,7,2,3,
202100013665,177 286,A01,1,7,0,2,1,25,0,
202100013666,177 283,B01,1,7,0,2,1,1,1,
202100013666,177 284,A01,2,7,0,2,7,19,1,
202100013667,177 281,A01,2,2,0,2,1,2,1,
202100013667,177 282,B01,2,7,0,0,4,23,0,
202100013668,177 279,Z01,3,1,0,2,8,26,5,
202100013668,177 280,A01,1,7,0,0,0,0,1,
202100013669,177 276,A01,2,10,0,2,1,2,1,
202100013669,177 277,B01,2,7,0,2,0,0,1,
202100013670,177 274,A01,1,7,0,2,0,0,1,
202100013670,177 275,B01,2,33,0,2,1,1,1,
202100013671,177 272,B01,2,43,0,2,6,0,1,
202100013671,177 273,A01,1,7,0,2,3,15,1,
202100013672,177 270,Z01,2,99,0,2,1,2,0,
202100013672,177 271,A01,2,32,0,2,4,2,1,
202100013673,177 264,D01,2,7,0,2,9,23,1,
202100013673,177 265,F01,2,7,0,2,7,23,1,
202100013673,177 266,E01,2,2,0,2,0,23,1,
202100013673,177 267,C01,2,7,0,1,1,23,1,
202100013673,177 268,B01,1,7,0,2,3,19,1,
202100013673,177 269,A01,1,7,0,2,1,26,1,
202100013674,177 262,B01,3,7,0,2,4,1,1,
202100013674,177 263,A01,3,7,0,2,1,1,1,
202100013675,177 260,A01,1,7,0,2,2,11,1,
202100013675,177 261,B01,1,7,0,2,3,11,1,
202100013676,177 257,A01,3,7,0,2,1,1,1,
202100013676,177 258,B01,3,7,0,2,4,0,1,
202100013676,177 259,C01,3,7,0,2,4,1,1,
202100013677,177 255,A01,3,13,8,0,2,2,1,
202100013677,177 256,B01,3,7,0,9,6,2,2,
202100013678,177 253,A01,2,33,0,2,1,13,1,
202100013678,177 254,B01,1,10,0,2,3,1,1,
202100013679,177 250,B01,2,7,0,2,4,1,1,
202100013679,177 251,A01,2,7,0,2,1,1,1,
202100013679,177 252,C01,2,7,0,2,4,1,1,
202100013680,177 248,A01,2,31,0,2,3,15,1,
202100013680,177 249,B01,1,1,0,2,1,1,5,
202100013681,177 246,A01,1,33,0,2,7,17,1,
202100013681,177 247,B01,1,7,0,2,8,15,1,
202100013682,177 244,Z01,2,30,0,2,0,1,1,
202100013682,177 245,A01,2,50,0,2,8,19,3,
202100013683,177 242,B01,1,30,0,2,1,1,1,
202100013683,177 243,A01,1,7,0,2,3,9,1,
202100013684,177 241,Z01,1,30,0,1,1,8,1,
202100013685,177 240,A01,1,33,0,1,1,1,1,
202100013686,177 238,A01,1,7,0,2,3,15,1,
202100013686,177 239,B01,1,50,0,2,1,17,3,
202100013687,177 236,B01,1,7,0,2,3,10,2,
202100013687,177 237,A01,1,43,0,2,1,17,1,
202100013688,177 234,B01,3,7,0,2,1,1,1,
202100013688,177 235,A01,2,7,0,2,2,1,1,
202100013689,177 232,B01,1,7,0,2,2,1,1,
202100013689,177 233,A01,1,33,0,2,6,15,1,
202100013690,177 230,A01,2,33,0,2,2,9,1,
202100013690,177 231,B01,2,31,0,2,2,3,1,
202100013691,177 228,A01,2,30,0,2,1,1,1,
202100013691,177 229,B01,1,7,0,2,6,1,1,
202100013692,177 227,A01,2,1,0,1,1,1,5,
202100013693,177 225,B01,2,1,0,2,1,16,5,
202100013693,177 226,A01,2,10,0,2,2,1,1,
202100013694,177 223,B01,1,1,0,2,7,1,5,
202100013694,177 224,A01,1,43,0,2,1,1,1,
202100013695,177 222,A01,1,31,1,0,2,1,1,
202100013696,177 220,A01,1,43,0,2,1,8,1,
202100013696,177 221,B01,1,7,0,2,6,15,1,
202100013697,177 219,A01,1,14,0,1,2,16,1,
202100013698,177 217,A01,2,10,0,2,1,13,0,
202100013698,177 218,B01,1,37,0,2,1,1,1,3.0
202100013699,177 216,A01,1,30,0,2,0,16,1,
202100013700,177 214,B01,1,1,0,2,9,0,5,
202100013700,177 215,A01,2,37,0,2,1,1,1,1.0
202100013701,177 213,A01,2,10,0,2,2,1,1,
202100013702,177 211,B01,2,37,1,0,0,0,1,1.0
202100013702,177 212,A01,3,1,15,0,0,0,5,
202100013703,177 209,B01,3,7,0,2,2,2,1,
202100013703,177 210,A01,3,3,7,0,6,2,1,
202100013704,177 207,B01,3,10,0,2,3,9,1,
202100013704,177 208,A01,3,50,0,2,1,1,3,
202100013705,177 205,B01,1,34,0,2,2,1,1,
202100013705,177 206,A01,1,7,0,2,3,16,1,
202100013706,177 203,B01,0,7,0,2,5,15,1,
202100013706,177 204,A01,0,33,0,2,1,1,1,
202100013707,177 201,A01,2,33,0,2,1,1,1,
202100013707,177 202,B01,2,7,0,2,4,1,1,
202100013708,177 200,A01,3,7,0,1,1,26,1,
202100013709,177 199,A01,3,10,9,2,1,14,0,
202100013710,177 197,A01,1,7,14,2,1,19,1,
202100013710,177 198,B01,1,32,14,2,7,19,1,
202100013711,177 195,B01,2,34,0,2,1,18,1,
202100013711,177 196,A01,2,7,0,2,7,23,1,
202100013712,177 193,A01,3,7,0,2,3,9,2,
202100013712,177 194,B01,3,1,0,2,1,2,5,
202100013713,177 191,B01,1,1,0,2,3,26,0,
202100013713,177 192,A01,2,7,0,9,2,1,1,
202100013714,177 190,A01,-1,7,1,0,3,13,1,
202100013715,177 189,A01,1,7,0,1,3,1,1,
202100013716,177 187,Y01,-1,0,0,2,0,0,0,
202100013716,177 188,A01,2,7,0,1,1,2,1,
202100013717,177 185,A01,2,7,0,2,3,1,1,
202100013717,177 186,B01,1,7,0,2,3,1,1,
202100013718,177 184,A01,1,7,0,0,0,1,0,
202100013719,177 183,A01,1,7,0,1,1,1,0,
202100013720,177 181,A01,0,7,0,2,1,15,1,
202100013720,177 182,B01,0,60,0,2,8,25,5,
202100013721,177 180,A01,1,32,9,0,3,13,1,
202100013722,177 178,A01,1,14,0,2,5,15,1,
202100013722,177 179,B01,1,1,0,2,3,0,5,
202100013723,177 176,A01,1,32,4,0,8,21,1,
202100013723,177 177,B01,1,7,0,0,0,26,0,
202100013724,177 174,B01,1,1,1,0,0,1,0,
202100013724,177 175,A01,1,10,0,2,8,22,0,
202100013725,177 171,A01,2,7,0,2,1,2,1,
202100013725,177 172,B01,2,7,0,2,4,23,1,
202100013725,177 173,C01,2,7,0,2,4,2,1,
202100013726,177 170,A01,1,7,0,1,2,1,1,
202100013727,177 168,A01,1,32,0,2,1,1,1,
202100013727,177 169,B01,1,1,0,2,4,15,5,
202100013728,177 166,B01,2,7,0,2,3,15,1,
202100013728,177 167,A01,1,2,0,2,1,1,1,
202100013729,177 165,A01,2,7,13,0,0,1,1,
202100013730,177 163,B01,1,50,0,2,1,1,3,
202100013730,177 164,A01,1,7,0,2,3,19,1,
202100013731,177 162,A01,3,2,1,0,1,1,1,
202100013732,177 160,A01,3,7,0,2,3,9,1,
202100013732,177 161,B01,3,10,0,2,2,1,1,
202100013733,177 159,A01,2,1,0,0,0,5,5,
202100013734,177 157,A01,0,7,0,2,3,17,1,
202100013734,177 158,B01,0,31,0,2,3,1,1,
202100013735,177 156,A01,2,33,5,0,3,1,1,
202100013736,177 155,A01,0,7,6,0,4,4,1,
202100013737,177 153,B01,2,7,0,2,3,10,1,
202100013737,177 154,A01,2,33,0,2,2,17,1,
202100013738,177 152,A01,1,7,0,1,1,26,1,
202100013739,177 151,A01,1,33,3,0,8,1,1,
202100013740,177 149,B01,1,7,0,2,1,1,1,
202100013740,177 150,A01,2,7,0,2,3,15,1,
202100013741,177 147,A01,2,7,0,2,2,17,1,
202100013741,177 148,B01,2,7,0,0,8,15,1,
202100013742,177 145,B01,2,33,0,2,8,15,1,
202100013742,177 146,A01,2,7,0,2,3,15,1,
202100013743,177 143,B01,2,7,0,2,1,1,1,
202100013743,177 144,A01,1,7,0,2,2,15,1,
202100013744,177 141,B01,1,15,0,0,4,1,1,
202100013744,177 142,A01,1,7,3,2,1,1,1,
202100013745,177 139,B01,2,21,0,2,1,1,1,
202100013745,177 140,A01,1,7,0,2,1,13,1,
202100013746,177 137,B01,0,13,0,2,5,1,0,
202100013746,177 138,A01,0,7,0,2,3,19,0,
202100013747,177 135,B01,2,33,0,2,1,1,1,
202100013747,177 136,A01,1,7,0,2,7,15,1,
202100013748,177 134,A01,1,99,13,0,9,13,1,
202100013749,177 132,A01,2,7,0,6,1,1,1,
202100013750,177 130,B01,1,1,0,2,1,1,5,
202100013750,177 131,A01,2,7,0,2,8,9,1,
202100013751,177 129,A01,1,7,13,0,1,1,1,
202100013752,177 128,A01,0,1,0,0,1,0,5,
202100013753,177 126,B01,2,7,0,2,3,0,1,
202100013753,177 127,A01,1,7,0,2,3,0,1,
202100013754,177 125,A01,1,36,0,0,3,1,1,
202100013755,177 123,B01,1,80,0,2,8,13,3,
202100013755,177 124,A01,1,15,0,9,5,17,1,
202100013756,177 121,A01,1,7,0,2,2,15,1,
202100013756,177 122,B01,2,2,0,2,1,1,1,
202100013757,177 119,B01,0,3,0,2,8,15,1,
202100013757,177 120,A01,2,33,0,2,1,17,1,
202100013758,177 118,A01,2,33,0,0,0,1,1,
202100013759,177 116,A01,3,33,0,2,1,1,1,
202100013759,177 117,B01,3,7,0,2,2,1,1,
202100013760,177 114,A01,3,2,0,2,3,1,1,
202100013760,177 115,B01,3,2,0,2,3,1,1,
202100013761,177 112,A01,1,2,0,2,1,26,1,
202100013761,177 113,B01,1,7,0,0,3,23,1,
202100013762,177 110,A01,1,7,0,9,1,16,1,
202100013762,177 111,B01,1,1,0,2,4,1,5,
202100013763,177 109,A01,2,15,3,0,0,1,1,
202100013764,177 107,B01,2,80,0,0,4,2,3,
202100013764,177 108,A01,2,3,0,9,2,2,0,
202100013765,177 105,B01,0,2,0,0,0,0,1,
202100013765,177 106,A01,0,7,0,2,2,15,1,
202100013766,177 103,B01,3,7,0,2,3,1,0,
202100013766,177 104,A01,2,33,0,2,3,1,0,
202100013767,177 101,A01,1,7,0,2,2,17,1,
202100013767,177 102,B01,1,33,0,0,4,2,6,
202100013768,177 099,A01,1,15,0,0,8,9,1,
202100013768,177 100,B01,1,7,4,0,1,1,1,
202100013769,177 098,A01,0,10,0,1,1,1,1,
202100013770,177 097,A01,1,7,2,0,2,0,1,
202100013771,177 095,A01,1,1,0,2,0,10,5,
202100013771,177 096,B01,1,32,0,2,8,21,1,
202100013772,177 090,A01,0,7,0,1,2,1,1,
202100013773,177 088,B01,3,33,0,2,1,0,1,
202100013773,177 089,A01,3,7,0,2,2,15,1,
202100013774,177 086,B01,1,10,4,0,6,2,1,
202100013774,177 087,A01,1,7,0,2,1,1,1,
202100013775,177 085,A01,1,7,0,1,1,1,1,
202100013776,177 084,A01,1,33,4,0,3,13,1,
202100013777,177 083,A01,2,33,12,0,1,1,1,
202100013778,177 081,A01,2,7,0,9,2,2,0,
202100013778,177 082,B01,2,99,0,0,6,2,3,
202100013779,177 079,B01,2,7,0,0,3,1,1,
202100013779,177 080,A01,1,7,0,0,3,1,1,
202100013780,177 077,B01,0,2,0,2,1,1,1,
202100013780,177 078,A01,0,7,0,2,8,9,1,
202100013781,177 075,A01,2,33,0,0,7,15,1,
202100013781,177 076,B01,1,7,0,2,1,1,1,
202100013782,177 073,A01,2,7,0,2,6,1,1,
202100013782,177 074,B01,2,1,0,2,7,1,5,
202100013783,177 070,A01,2,7,0,2,6,1,1,
202100013783,177 071,B01,2,33,0,2,2,14,1,
202100013783,177 072,Z01,-1,7,-1,-1,-1,-1,-1,
202100013784,177 068,A01,1,7,0,2,4,2,1,
202100013784,177 069,B01,1,7,0,2,1,2,0,
202100013785,177 065,C01,1,33,0,2,1,1,1,
202100013785,177 066,B01,1,14,0,2,8,1,1,
202100013785,177 067,A01,1,10,0,2,5,1,1,
202100013786,177 063,A01,1,7,0,2,4,2,1,
202100013786,177 064,B01,1,7,0,2,1,2,1,
202100013787,177 061,B01,1,7,0,2,6,1,1,
202100013787,177 062,A01,1,14,0,2,0,12,1,
202100013788,177 059,A01,2,33,0,2,1,18,1,
202100013788,177 060,B01,2,7,0,2,4,1,1,
202100013789,177 056,B01,1,7,0,2,4,2,1,
202100013789,177 057,C01,1,10,0,0,0,0,1,
202100013789,177 058,A01,1,10,0,2,1,2,1,
202100013790,177 055,A01,2,33,3,0,9,2,1,
202100013791,177 049,F01,2,7,0,2,1,2,1,
202100013791,177 050,E01,2,7,0,2,4,2,1,
202100013791,177 051,D01,2,7,0,2,4,2,1,
202100013791,177 052,C01,2,7,0,2,4,2,1,
202100013791,177 053,B01,2,7,0,2,1,2,1,
202100013791,177 054,A01,2,7,0,2,1,2,1,
202100013792,177 047,A01,1,7,0,2,6,15,1,
202100013792,177 048,B01,1,34,0,2,7,2,1,
202100013793,177 045,B01,2,43,0,2,7,1,1,
202100013793,177 046,A01,2,7,0,2,3,11,1,
202100013794,177 043,B01,1,15,0,2,8,1,1,
202100013794,177 044,A01,1,10,0,2,7,14,1,
202100013795,177 040,A01,1,15,0,2,8,2,1,
202100013795,177 041,C01,1,15,0,2,6,2,1,
202100013795,177 042,B01,1,7,0,2,1,0,1,
202100013796,177 038,A01,1,7,4,2,3,11,1,