Num_Acc,id_vehicule,num_veh,senc,catv,obs,obsm,choc,manv,motor,occutc
202100013796,177 039,B01,1,7,4,2,5,1,1,
202100013797,177 036,B01,2,7,0,2,3,11,1,
202100013797,177 037,A01,2,43,0,2,2,3,1,
202100013798,177 034,B01,2,31,0,2,1,11,1,
202100013798,177 035,A01,2,7,0,2,4,1,1,
202100013799,177 032,B01,2,7,3,2,3,1,1,
202100013799,177 033,A01,2,15,3,2,2,12,1,
202100013800,177 029,C01,1,7,0,2,7,1,1,
202100013800,177 030,B01,1,17,0,2,1,12,1,
202100013800,177 031,A01,1,7,0,2,6,1,1,
202100013801,177 027,B01,1,7,0,2,4,1,1,
202100013801,177 028,A01,1,7,0,2,1,2,1,
202100013802,177 025,B01,1,10,0,2,5,1,1,
202100013802,177 026,A01,1,31,0,2,1,1,1,
202100013803,177 023,A01,2,10,0,2,1,14,1,
202100013803,177 024,B01,2,17,0,2,6,2,1,
202100013804,177 022,A01,3,33,1,0,1,14,1,
202100013805,177 020,A01,2,2,0,2,1,1,3,
202100013805,177 021,B01,2,7,0,2,3,1,1,
202100013806,177 018,A01,1,7,0,1,1,1,0,
202100013807,177 016,B01,3,10,0,0,3,23,1,
202100013807,177 017,A01,2,30,0,0,0,1,1,
202100013808,177 014,B01,1,2,0,2,4,1,1,
202100013808,177 015,A01,1,10,0,2,1,9,1,
202100013809,177 012,B01,1,1,0,2,8,1,5,
202100013809,177 013,A01,2,10,0,2,1,15,1,
202100013810,177 010,B01,2,1,0,2,8,19,5,
202100013810,177 011,A01,2,7,0,2,2,1,1,
202100013811,177 009,B01,2,7,0,2,1,9,1,
202100013812,177 005,C01,1,7,0,2,4,2,3,
202100013812,177 006,D01,1,7,0,2,4,2,2,
202100013812,177 007,B01,1,7,0,2,6,2,1,
202100013812,177 008,A01,1,99,0,2,1,2,1,
202100013813,177 003,B01,2,7,0,2,6,2,1,
202100013813,177 004,A01,2,32,0,2,1,13,1,
202100013814,177 001,A01,3,7,0,2,3,15,1,
202100013814,177 002,B01,3,32,0,2,7,1,1,
202100013815,176 999,A01,1,33,0,2,0,21,1,
202100013815,177 000,B01,1,7,0,2,0,15,1,
202100013816,176 997,B01,1,31,0,2,2,26,1,
202100013816,176 998,A01,1,7,0,2,3,1,1,
202100013817,176 995,B01,1,7,0,0,4,2,1,
202100013817,176 996,A01,1,7,0,2,1,1,1,
202100013818,176 994,A01,1,7,3,0,1,26,1,
202100013819,176 992,A01,3,10,0,2,8,13,1,
202100013819,176 993,B01,3,34,0,2,2,1,1,
202100013820,176 990,B01,2,7,0,2,2,16,0,
202100013820,176 991,A01,2,33,0,2,3,18,1,
202100013821,176 988,A01,1,7,0,2,2,1,1,
202100013821,176 989,B01,1,7,0,2,3,1,1,
202100013822,176 987,A01,2,7,1,0,3,1,1,
202100013823,176 986,A01,3,7,8,0,1,16,1,
202100013824,176 984,A01,1,7,0,2,3,15,1,
202100013824,176 985,B01,1,32,0,2,1,17,1,
202100013825,176 982,B01,1,7,0,2,4,2,1,
202100013825,176 983,A01,1,30,0,2,1,2,1,
202100013826,176 980,A01,0,7,0,2,1,1,1,
202100013826,176 981,B01,0,7,0,2,4,1,1,
202100013827,176 979,A01,0,7,0,1,1,20,1,
202100013828,176 977,B01,0,7,0,2,1,1,1,
202100013828,176 978,A01,0,7,0,2,1,18,1,
202100013829,176 973,B01,1,7,0,2,2,1,1,
202100013829,176 974,A01,2,30,0,2,7,15,1,
202100013830,176 969,A01,3,7,0,2,1,2,0,
202100013830,176 970,B01,3,2,0,2,5,1,1,
202100013831,176 968,Z01,3,7,0,1,0,1,0,
202100013832,176 967,Z01,0,7,1,0,7,4,1,
202100013833,176 965,A01,0,10,0,2,1,1,1,
202100013833,176 966,B01,0,1,0,2,7,1,5,
202100013834,176 964,A01,2,7,0,1,1,1,1,
202100013835,176 963,A01,2,7,1,0,0,0,1,
202100013836,176 962,A01,3,10,1,0,0,0,1,
202100013837,176 960,B01,3,7,0,2,6,23,1,
202100013837,176 961,A01,3,1,0,2,1,16,5,
202100013838,176 958,A01,1,31,0,2,4,15,1,
202100013838,176 959,Z01,1,7,0,2,1,2,1,
202100013839,176 956,A01,1,7,0,2,5,17,1,
202100013839,176 957,B01,2,7,0,2,1,2,1,
202100013840,176 954,TB01,1,99,0,2,1,1,0,
202100013840,176 955,A01,1,7,0,2,2,16,1,
202100013841,176 952,B01,3,1,0,2,8,19,5,
202100013841,176 953,A01,3,7,0,9,1,1,1,
202100013842,176 950,B01,3,7,0,9,8,1,1,
202100013842,176 951,A01,3,1,0,2,1,0,5,
202100013843,176 948,A01,2,7,0,2,7,14,1,
202100013843,176 949,B01,2,7,0,2,8,1,1,
202100013844,176 946,B01,1,7,0,2,4,2,1,
202100013844,176 947,A01,1,7,0,2,1,2,1,
202100013845,176 945,A01,2,7,0,1,2,1,1,
202100013846,176 944,A01,1,7,0,2,1,1,1,
202100013847,176 942,A01,1,33,0,2,3,17,1,
202100013847,176 943,B01,1,33,0,2,0,15,1,
202100013848,176 941,A01,1,7,8,0,1,14,1,
202100013849,176 940,A01,1,7,0,9,3,9,1,
202100013850,176 939,A01,2,7,0,1,1,16,0,
202100013851,176 938,A01,3,2,13,0,2,14,1,
202100013852,176 936,B01,1,50,0,2,2,26,3,
202100013852,176 937,A01,1,7,0,2,3,1,1,
202100013853,176 934,A01,1,7,0,2,1,1,1,
202100013853,176 935,B01,1,7,0,2,4,1,1,
202100013854,176 933,A01,1,7,8,0,3,0,1,
202100013855,176 931,B01,1,7,0,2,8,1,2,
202100013855,176 932,A01,1,10,0,2,7,17,1,
202100013856,176 930,A01,3,39,0,1,2,1,3,
202100013857,176 928,B01,1,1,0,2,1,1,5,
202100013857,176 929,A01,2,13,0,2,2,9,1,
202100013858,176 927,A01,1,7,0,1,1,16,1,
202100013859,176 925,B01,3,7,0,2,4,23,1,
202100013859,176 926,A01,3,7,14,0,1,2,1,
202100013860,176 924,A01,1,7,3,0,1,14,1,
202100013861,176 922,A01,2,1,0,2,0,19,5,
202100013861,176 923,B01,2,7,0,2,0,1,1,
202100013862,176 920,B01,3,40,0,2,0,1,3,
202100013862,176 921,A01,3,7,0,4,8,15,1,
202100013863,176 919,A01,3,7,0,1,1,1,1,
202100013864,176 918,A01,2,30,1,0,1,1,1,
202100013865,176 917,A01,2,7,9,0,2,14,1,
202100013866,176 916,A01,1,7,0,1,8,1,1,
202100013867,176 914,A01,1,7,0,2,1,2,1,
202100013867,176 915,B01,0,31,0,2,4,2,1,
202100013868,176 912,A01,1,7,0,2,8,16,1,
202100013868,176 913,B01,1,37,0,2,2,1,1,1.0
202100013869,176 910,B01,1,7,0,2,4,1,1,
202100013869,176 911,A01,1,30,0,2,1,1,1,
202100013870,176 908,B01,1,33,0,2,1,2,1,
202100013870,176 909,A01,1,7,0,2,8,15,1,
202100013871,176 906,A01,3,13,0,1,1,1,1,
202100013872,176 904,A01,3,7,0,2,1,9,2,
202100013872,176 905,B01,3,1,0,2,1,1,5,
202100013873,176 901,B01,2,10,0,2,9,2,0,
202100013873,176 902,A01,2,10,0,2,1,2,1,
202100013873,176 903,C01,2,10,0,2,6,2,0,
202100013874,176 900,A01,2,7,0,1,2,1,1,
202100013875,176 897,A01,0,7,0,2,1,2,1,
202100013875,176 898,B01,0,7,0,2,4,2,1,
202100013875,176 899,C01,0,7,0,2,4,0,1,
202100013876,176 896,A01,2,10,11,0,0,9,1,
202100013877,176 894,A01,1,7,0,2,4,1,2,
202100013877,176 895,B01,0,1,0,2,1,15,5,
202100013878,176 892,A01,3,7,0,2,1,1,1,
202100013878,176 893,Z01,3,7,0,2,7,15,1,
202100013879,176 890,B01,1,7,0,2,1,15,1,
202100013879,176 891,A01,1,32,14,2,2,2,1,
202100013880,176 888,B01,1,7,0,2,8,1,1,
202100013880,176 889,A01,2,10,0,2,3,1,1,
202100013881,176 886,B01,3,2,0,0,7,15,1,
202100013881,176 887,A01,2,7,0,2,3,9,1,
202100013882,176 884,A01,1,7,0,2,3,9,1,
202100013882,176 885,B01,1,7,0,2,6,1,1,
202100013883,176 881,A01,1,10,0,0,0,2,1,
202100013883,176 882,B01,1,2,0,0,8,2,1,
202100013884,176 879,B01,1,7,0,2,3,1,1,
202100013884,176 880,A01,2,7,0,2,3,13,1,
202100013885,176 877,A01,1,7,1,2,2,19,1,
202100013885,176 878,B01,2,31,0,2,3,1,1,
202100013886,176 875,A01,1,33,0,2,1,2,1,
202100013886,176 876,B01,1,7,0,2,5,2,1,
202100013887,176 874,A01,2,34,0,2,7,3,1,
202100013888,176 872,A01,3,32,0,2,5,1,1,
202100013888,176 873,B01,3,7,0,2,5,15,1,
202100013889,176 871,Z01,1,7,0,1,3,1,1,
202100013890,176 869,B01,2,1,0,2,8,21,5,
202100013890,176 870,A01,2,30,0,2,1,1,1,
202100013891,176 867,A01,2,33,0,2,8,1,1,
202100013891,176 868,B01,1,7,0,2,1,15,1,
202100013892,176 866,A01,1,1,12,0,1,1,5,
202100013893,176 865,A01,2,32,0,1,7,1,1,
202100013894,176 864,A01,2,33,0,1,3,1,1,
202100013895,176 862,A01,3,7,0,2,2,15,1,
202100013895,176 863,B01,3,30,0,2,1,1,1,
202100013896,176 861,A01,3,10,0,1,2,15,1,
202100013897,176 860,A01,2,37,0,1,2,1,2,2.0
202100013898,176 858,A01,0,7,0,2,8,15,1,
202100013898,176 859,B01,3,32,0,2,6,1,1,
202100013899,176 857,A01,1,7,4,0,2,1,1,
202100013900,176 855,B01,1,7,0,2,6,1,1,
202100013900,176 856,A01,1,7,1,2,2,20,1,
202100013901,176 854,A01,1,7,0,1,3,1,1,
202100013902,176 852,B01,3,7,0,2,3,19,1,
202100013902,176 853,A01,3,30,0,2,2,19,1,
202100013903,176 850,A01,3,7,0,2,3,1,1,
202100013903,176 851,B01,3,7,0,2,3,1,1,
202100013904,176 849,A01,2,32,0,1,2,0,1,
202100013905,176 847,A01,3,10,0,2,2,10,1,
202100013905,176 848,B01,3,34,0,2,1,1,1,
202100013906,176 845,A01,1,32,0,0,2,2,1,
202100013906,176 846,B01,1,7,0,2,3,15,1,
202100013907,176 843,B01,2,7,0,2,1,15,1,
202100013907,176 844,A01,1,7,9,2,5,5,1,
202100013908,176 841,A01,3,7,0,2,1,15,1,
202100013908,176 842,B01,0,99,0,2,0,0,0,
202100013909,176 840,A01,1,32,0,0,0,0,1,
202100013910,176 838,A01,1,7,0,2,2,1,1,
202100013910,176 839,B01,1,7,0,2,6,23,1,
202100013911,176 837,A01,1,33,12,0,1,1,1,
202100013912,176 835,A01,2,7,0,2,2,2,1,
202100013912,176 836,B01,2,10,0,2,6,23,1,
202100013913,176 833,A01,2,7,0,2,1,0,1,
202100013913,176 834,B01,2,7,0,0,4,0,1,
202100013914,176 831,A01,2,7,0,2,1,15,1,
202100013914,176 832,B01,1,7,0,2,1,1,1,
202100013915,176 830,A01,0,7,0,1,2,19,1,
202100013916,176 827,C01,1,33,0,2,1,1,1,
202100013916,176 828,B01,2,7,0,2,1,1,1,
202100013916,176 829,A01,1,10,0,2,1,1,1,
202100013917,176 826,A01,2,7,0,1,2,1,1,
202100013918,176 825,A01,1,7,0,1,2,1,1,
202100013919,176 823,A01,2,2,0,2,1,1,1,
202100013919,176 824,B01,2,7,0,2,8,19,1,
202100013920,176 821,A01,1,7,0,2,3,13,1,
202100013920,176 822,B01,2,15,0,2,3,1,1,
202100013921,176 819,A01,2,7,0,2,3,15,1,
202100013921,176 820,B01,1,2,0,2,1,1,1,
202100013922,176 817,B01,1,7,0,0,4,2,1,
202100013922,176 818,A01,1,7,0,2,1,2,1,
202100013923,176 813,A01,1,10,0,2,1,1,1,
202100013923,176 814,C01,2,7,0,2,1,1,1,
202100013923,176 815,B01,1,7,0,2,4,15,0,
202100013924,176 811,A01,1,7,0,2,3,1,1,
202100013924,176 812,B01,2,7,0,2,3,1,1,
202100013925,176 810,A01,1,7,6,0,2,14,1,
202100013926,176 809,A01,1,33,0,6,1,1,1,
202100013927,176 808,A01,2,7,2,0,3,14,1,
202100013928,176 806,A01,1,10,6,2,7,17,1,
202100013928,176 807,B01,1,7,0,2,8,15,1,
202100013929,176 804,A01,2,33,0,2,2,1,1,
202100013929,176 805,B01,2,7,0,2,3,19,2,
202100013930,176 802,B01,1,7,0,2,3,1,1,
202100013930,176 803,A01,2,7,0,2,3,15,1,
202100013931,176 798,B01,2,21,0,2,6,16,1,
202100013931,176 799,A01,2,7,0,2,2,17,1,
202100013932,176 797,A01,1,7,0,1,1,16,1,
202100013933,176 796,A01,3,33,2,0,1,1,1,
202100013934,176 794,B01,2,7,0,2,3,13,1,
202100013934,176 795,A01,2,2,0,2,1,13,1,
202100013935,176 792,B01,1,1,0,2,1,1,5,
202100013935,176 793,A01,2,7,0,2,3,9,1,
202100013936,176 791,A01,1,10,0,1,1,1,1,
202100013937,176 790,A01,2,10,13,0,3,1,1,
202100013938,176 789,A01,1,33,0,0,0,0,1,
202100013939,176 787,A01,2,1,0,2,8,2,5,
202100013939,176 788,B01,2,7,0,9,2,2,1,
202100013940,176 783,A01,1,7,0,2,3,0,1,
202100013940,176 784,B01,2,7,0,2,3,0,1,
202100013941,176 781,A01,2,10,0,2,7,10,1,
202100013941,176 782,B01,2,7,0,2,1,1,1,
202100013942,176 779,A01,3,2,0,2,5,19,1,
202100013942,176 780,B01,3,33,0,2,1,1,1,
202100013943,176 777,A01,1,7,0,2,3,10,1,
202100013943,176 778,B01,2,10,0,2,1,13,1,
202100013944,176 776,A01,0,7,0,0,0,0,1,
202100013945,176 775,A01,2,7,2,0,1,26,1,
202100013946,176 774,A01,1,7,2,0,1,1,2,
202100013947,176 772,A01,1,7,0,2,6,15,1,
202100013947,176 773,B01,2,33,0,2,1,1,1,
202100013948,176 770,A01,3,21,0,0,7,19,1,
202100013948,176 771,B01,1,7,0,2,1,1,1,
202100013949,176 767,B01,1,15,1,0,4,23,1,
202100013949,176 768,C01,1,15,0,0,4,23,1,
202100013949,176 769,A01,1,15,1,0,1,2,1,
202100013950,176 765,A01,2,10,0,2,1,2,1,
202100013950,176 766,B01,2,17,0,0,5,2,1,
202100013951,176 763,B01,0,7,0,2,3,0,1,
202100013951,176 764,A01,0,34,0,2,1,1,1,
202100013952,176 762,A01,1,7,4,0,1,14,1,
202100013953,176 760,A01,2,99,0,2,7,17,1,
202100013953,176 761,B01,2,15,0,2,3,1,1,
202100013954,176 758,B01,0,2,0,2,3,10,1,
202100013954,176 759,A01,0,10,0,2,2,13,0,
202100013955,176 756,A01,3,10,0,2,1,13,1,
202100013955,176 757,B01,3,15,0,2,1,1,1,
202100013956,176 755,A01,3,7,0,0,9,13,1,
202100013957,176 754,A01,0,2,0,0,2,1,1,
202100013958,176 750,A01,1,7,0,2,2,17,1,
202100013958,176 751,B01,1,7,0,2,6,1,1,
202100013959,176 749,A01,0,7,6,0,1,0,1,
202100013960,176 747,B01,2,33,0,2,2,17,1,
202100013960,176 748,A01,2,7,0,0,8,15,1,
202100013961,176 746,A01,-1,7,0,1,1,1,1,
202100013962,176 744,B01,1,7,0,2,2,15,1,
202100013962,176 745,A01,0,2,0,2,9,1,1,
202100013963,176 741,C01,1,10,0,0,4,23,1,
202100013963,176 742,B01,1,33,0,2,4,23,1,
202100013963,176 743,A01,1,7,0,2,2,13,1,
202100013964,176 740,A01,3,7,0,1,1,26,1,
202100013965,176 737,C01,2,7,0,2,1,2,1,
202100013965,176 738,B01,2,7,0,2,8,2,1,
202100013965,176 739,A01,2,14,0,2,7,12,1,
202100013966,176 735,A01,2,10,0,2,3,11,1,
202100013966,176 736,B01,2,31,0,2,8,3,1,
202100013967,176 733,B01,1,7,0,2,4,2,1,
202100013967,176 734,A01,1,7,0,2,1,2,1,
202100013968,176 731,A01,2,10,0,2,2,14,1,
202100013968,176 732,B01,2,7,9,0,6,1,1,
202100013969,176 730,A01,2,33,0,0,2,3,1,
202100013970,176 729,A01,2,7,3,0,1,12,1,
202100013971,176 727,B01,1,7,0,2,4,1,2,
202100013971,176 728,A01,1,7,0,2,1,11,1,
202100013972,176 725,B01,1,7,0,2,6,11,1,
202100013972,176 726,A01,1,33,0,2,7,17,1,
202100013973,176 723,B01,2,7,0,2,4,1,1,
202100013973,176 724,A01,2,0,0,2,1,1,0,
202100013974,176 722,A01,1,33,0,0,7,16,1,
202100013975,176 720,A01,2,7,0,2,1,1,1,
202100013975,176 721,B01,2,7,0,2,4,23,1,
202100013976,176 719,A01,1,7,2,2,1,1,1,
202100013977,176 717,B01,1,7,1,2,5,1,1,
202100013977,176 718,A01,1,7,0,2,1,9,1,
202100013978,176 715,B01,3,7,0,0,1,1,-1,
202100013978,176 716,A01,3,7,0,2,1,1,-1,
202100013979,176 713,B01,1,7,0,2,1,1,1,
202100013979,176 714,A01,2,33,8,2,0,26,1,
202100013980,176 711,B01,2,1,0,2,1,1,5,
202100013980,176 712,A01,1,7,0,2,7,15,1,
202100013981,176 709,A01,2,7,0,2,7,15,1,
202100013981,176 710,B01,1,7,0,2,1,1,1,
202100013982,176 707,B01,1,1,0,2,1,1,5,
202100013982,176 708,A01,1,7,0,2,8,22,1,
202100013983,176 706,A01,2,7,6,0,1,15,1,
202100013984,176 704,A01,2,7,0,2,1,1,1,
202100013984,176 705,B01,1,7,0,2,7,0,1,
202100013985,176 703,A01,1,30,0,0,0,26,0,
202100013986,176 701,A01,2,7,0,2,3,15,1,
202100013986,176 702,B01,1,33,0,2,3,1,1,
202100013987,176 698,C01,2,3,0,2,6,1,1,
202100013987,176 699,A01,2,7,0,2,1,13,1,
202100013987,176 700,B01,1,7,0,2,1,1,1,
202100013988,176 697,A01,0,7,0,1,6,4,1,
202100013989,176 696,A01,1,7,8,0,1,13,1,
202100013990,176 694,B01,3,7,0,2,8,1,1,
202100013990,176 695,A01,3,7,0,2,2,9,1,
202100013991,176 693,Z01,3,3,0,1,0,0,0,
202100013992,176 692,A01,2,7,0,1,2,26,1,
202100013993,176 690,A01,3,7,15,0,3,15,1,
202100013993,176 691,B01,3,34,0,2,1,1,1,
202100013994,176 688,A01,1,7,0,2,3,15,1,
202100013994,176 689,B01,2,33,0,2,8,1,1,
202100013995,176 686,A01,1,10,0,2,5,17,1,
202100013995,176 687,B01,1,80,0,2,1,2,3,
202100013996,176 685,A01,2,7,15,0,2,14,1,
202100013997,176 684,A01,1,7,2,0,3,13,1,
202100013998,176 682,B01,1,30,0,2,8,1,1,
202100013998,176 683,A01,1,7,0,2,8,15,1,
202100013999,176 680,B01,2,7,0,2,1,1,0,
202100013999,176 681,A01,1,7,0,2,1,5,1,
202100014000,176 679,A01,2,7,0,1,0,2,1,
202100014001,176 677,A01,1,7,0,2,1,15,1,
202100014001,176 678,B01,1,31,0,2,3,1,1,
202100014002,176 675,B01,1,7,0,2,2,1,1,
202100014002,176 676,A01,3,31,0,2,1,26,1,
202100014003,176 673,A01,3,7,0,2,8,16,0,
202100014003,176 674,B01,3,1,0,2,2,9,5,
202100014004,176 671,A01,3,7,0,2,3,19,1,
202100014004,176 672,B01,1,1,0,2,1,0,5,
202100014005,176 669,A01,2,7,15,2,1,1,1,
202100014005,176 670,B01,1,7,0,0,0,0,1,
202100014006,176 667,A01,1,33,0,2,1,1,1,
202100014006,176 668,B01,1,30,0,2,4,15,1,
202100014007,176 665,B01,1,31,0,2,4,23,1,
202100014007,176 666,A01,1,7,0,2,1,2,1,
202100014008,176 664,A01,1,7,2,0,1,1,1,
202100014009,176 662,A01,1,7,1,2,1,1,1,
202100014009,176 663,B01,1,7,1,2,2,1,1,
202100014010,176 660,A01,3,7,0,2,1,1,1,
202100014010,176 661,B01,3,7,0,2,3,15,1,
202100014011,176 658,A01,2,7,0,2,1,2,1,
202100014011,176 659,B01,2,33,0,2,4,1,1,
202100014012,176 654,C01,1,7,0,2,3,1,2,
202100014012,176 655,D01,1,10,0,2,8,1,1,
202100014012,176 656,A01,2,7,0,2,1,5,1,
202100014012,176 657,B01,1,7,0,2,1,1,1,
202100014013,176 652,A01,2,7,0,2,2,12,1,
202100014013,176 653,B01,2,1,0,2,1,1,5,
202100014014,176 650,A01,2,50,0,2,1,1,3,
202100014014,176 651,Z01,3,7,0,2,0,1,0,
202100014015,176 648,A01,1,30,0,2,8,17,1,
202100014015,176 649,Z01,0,30,0,2,7,16,0,
202100014016,176 647,A01,1,33,0,1,1,1,1,
202100014017,176 644,A01,2,7,0,2,2,1,1,
202100014017,176 645,B01,2,50,0,2,1,13,3,
202100014017,176 646,C01,2,7,0,2,8,22,1,
202100014018,176 643,A01,1,7,0,1,4,4,2,
202100014019,176 641,B01,2,1,0,2,4,19,5,
202100014019,176 642,A01,2,7,0,2,1,1,1,
202100014020,176 639,B01,1,7,0,2,3,1,1,
202100014020,176 640,A01,1,43,0,2,2,17,1,
202100014021,176 637,B01,1,7,0,2,4,23,1,
202100014021,176 638,A01,1,7,0,2,1,2,1,
202100014022,176 636,A01,2,33,0,0,0,1,1,
202100014023,176 635,A01,2,50,0,0,1,1,3,
202100014024,176 634,A01,1,34,0,1,1,1,1,
202100014025,176 632,A01,2,7,0,2,1,1,1,
202100014025,176 633,B01,1,7,0,2,8,1,1,
202100014026,176 631,A01,1,7,2,0,2,14,1,
202100014027,176 628,C01,2,7,0,2,4,0,1,
202100014027,176 629,B01,2,7,0,2,4,2,1,
202100014027,176 630,A01,2,7,0,2,1,1,1,
202100014028,176 627,A01,1,7,0,1,2,26,1,
202100014029,176 626,A01,-1,7,0,1,1,1,1,
202100014030,176 623,C01,1,7,0,0,4,2,1,
202100014030,176 624,B01,1,7,0,0,4,2,1,
202100014030,176 625,A01,1,7,0,0,1,2,1,
202100014031,176 622,A01,3,7,8,0,2,1,1,
202100014032,176 621,A01,1,7,2,0,1,0,1,
202100014033,176 619,A01,1,7,8,2,8,19,1,
202100014033,176 620,B01,2,7,0,2,1,1,1,
202100014034,176 617,B01,1,7,0,2,2,1,1,
202100014034,176 618,A01,2,33,0,2,3,15,1,
202100014035,176 611,A01,1,7,0,2,2,15,1,
202100014035,176 612,B01,2,7,0,2,1,1,1,
202100014036,176 609,A01,2,10,0,2,1,2,1,
202100014036,176 610,B01,2,7,0,1,4,23,1,
202100014037,176 608,A01,2,2,1,0,1,0,1,
202100014038,176 606,A01,3,33,0,0,4,15,1,
202100014038,176 607,B01,3,33,0,2,1,15,1,
202100014039,176 604,B01,3,7,0,2,0,1,1,
202100014039,176 605,A01,3,7,0,2,0,1,1,
202100014040,176 602,B01,1,43,0,2,7,17,1,
202100014040,176 603,A01,1,7,0,2,3,15,1,
202100014041,176 600,B01,2,7,0,2,3,21,1,
202100014041,176 601,A01,1,7,0,2,3,0,1,
202100014042,176 598,A01,0,7,0,9,0,16,1,
202100014042,176 599,B01,0,1,0,0,0,0,5,
202100014043,176 596,A01,1,31,0,2,4,17,1,
202100014043,176 597,B01,2,7,0,2,3,1,1,
202100014044,176 595,A01,1,7,2,0,1,13,1,
202100014045,176 594,A01,1,33,2,0,1,1,1,
202100014046,176 590,A01,1,10,0,2,3,13,1,
202100014046,176 591,B01,2,7,0,2,8,1,1,
202100014047,176 589,A01,1,7,0,1,1,1,1,
202100014048,176 587,B01,1,7,9,0,4,2,1,
202100014048,176 588,A01,1,7,0,2,1,2,1,
202100014049,176 585,B01,2,31,0,2,2,17,1,
202100014049,176 586,A01,2,7,0,2,8,15,1,
202100014050,176 584,A01,3,1,0,0,0,0,5,
202100014051,176 578,B01,1,7,0,2,1,13,1,
202100014051,176 579,A01,2,33,0,2,1,1,1,
202100014052,176 576,A01,2,7,0,2,3,17,1,
202100014052,176 577,B01,1,33,0,2,1,1,1,
202100014053,176 574,A01,3,7,0,2,1,0,1,
202100014053,176 575,B01,3,7,0,2,3,2,1,
202100014054,176 572,A01,3,1,0,2,8,1,5,
202100014054,176 573,B01,3,7,0,2,8,1,2,
202100014055,176 571,A01,0,7,7,0,1,1,1,
202100014056,176 570,A01,3,7,0,0,2,14,1,
202100014057,176 569,A01,2,31,15,0,1,1,1,
202100014058,176 567,B01,1,10,0,2,1,1,1,
202100014058,176 568,A01,1,7,0,2,7,19,1,
202100014059,176 565,B01,2,7,0,0,4,1,1,
202100014059,176 566,A01,2,2,0,2,1,1,1,
202100014060,176 563,B01,1,15,0,2,4,2,1,
202100014060,176 564,A01,1,10,0,2,1,2,1,
202100014061,176 562,A01,2,15,16,0,7,1,1,
202100014062,176 561,A01,1,7,0,1,2,2,1,
202100014063,176 557,A01,1,10,3,0,3,14,1,
202100014064,176 556,A01,3,50,12,0,0,1,3,
202100014065,176 555,A01,1,10,0,1,1,1,1,
202100014066,176 553,A01,2,10,0,2,2,2,0,
202100014066,176 554,B01,2,17,0,0,0,0,1,
202100014067,176 552,A01,1,7,13,0,1,1,1,
202100014068,176 551,A01,1,32,0,1,1,1,1,
202100014069,176 550,A01,1,7,6,1,1,1,1,
202100014070,176 549,A01,2,1,0,0,0,1,6,
202100014071,176 546,C01,3,1,0,0,0,1,5,
202100014071,176 547,B01,3,1,0,0,8,1,5,
202100014071,176 548,A01,3,7,0,9,7,17,1,
202100014072,176 544,B01,1,10,0,2,2,1,6,
202100014072,176 545,A01,2,7,0,2,7,6,1,
202100014073,176 543,A01,1,33,8,0,3,14,1,
202100014074,176 541,B01,2,7,0,2,3,13,1,
202100014074,176 542,A01,1,7,0,2,3,1,1,
202100014075,176 539,B01,2,7,0,2,1,1,1,
202100014075,176 540,A01,1,7,0,2,2,9,1,
202100014076,176 537,A01,0,7,0,2,1,16,1,
202100014076,176 538,B01,0,7,6,2,8,15,1,
202100014077,176 535,A01,0,10,0,2,1,1,1,
202100014077,176 536,B01,1,10,0,0,4,1,1,
202100014078,176 534,A01,1,14,0,1,7,1,1,
202100014079,176 532,A01,1,7,0,2,2,1,1,
202100014079,176 533,B01,1,3,0,2,8,16,0,
202100014080,176 531,A01,2,7,0,1,2,1,1,
202100014081,176 529,A01,2,33,2,2,1,13,1,
202100014081,176 530,B01,2,33,0,2,1,1,1,
202100014082,176 528,A01,1,7,6,1,1,13,2,
202100014083,176 526,B01,1,7,0,2,1,1,1,
202100014083,176 527,A01,2,7,0,2,1,13,1,
202100014084,176 525,A01,2,7,6,0,1,1,1,
202100014085,176 523,A01,2,7,0,2,8,13,1,
202100014085,176 524,B01,1,33,0,2,8,1,1,
202100014086,176 521,A01,1,3,0,2,1,16,1,
202100014086,176 522,B01,1,1,0,2,4,1,5,
202100014087,176 520,A01,2,33,6,0,4,1,1,
202100014088,176 518,B01,1,7,0,2,3,1,1,
202100014088,176 519,A01,2,7,0,2,2,13,1,
202100014089,176 516,A01,2,7,0,2,7,14,1,
202100014089,176 517,B01,2,33,0,2,8,2,1,
202100014090,176 514,A01,1,7,0,2,1,2,1,
202100014090,176 515,B01,1,7,0,2,4,2,1,
202100014091,176 513,A01,2,7,3,0,1,26,1,
202100014092,176 511,B01,2,7,0,2,4,2,1,
202100014092,176 512,A01,2,7,0,2,1,2,1,
202100014093,176 509,A01,1,33,0,2,1,3,1,
202100014093,176 510,B01,1,7,0,2,6,13,2,
202100014094,176 507,B01,1,7,0,2,4,1,1,
202100014094,176 508,A01,1,33,0,2,1,2,1,
202100014095,176 506,A01,2,10,4,0,1,18,1,
202100014096,176 504,A01,2,7,0,2,1,14,1,
202100014096,176 505,B01,2,7,0,2,4,1,1,
202100014097,176 503,A01,1,7,4,2,3,1,1,
202100014098,176 498,C01,2,7,0,2,4,2,1,
202100014098,176 499,A01,2,7,0,2,1,2,1,
202100014098,176 500,B01,2,7,0,2,1,2,1,
202100014098,176 501,E01,2,7,0,2,4,2,1,
202100014098,176 502,D01,2,7,0,2,4,2,1,
202100014099,176 497,A01,2,33,0,0,0,21,1,