Num_Acc,id_vehicule,num_veh,senc,catv,obs,obsm,choc,manv,motor,occutc
202100014100,176 495,B01,2,7,0,2,6,1,1,
202100014100,176 496,A01,2,7,0,2,2,14,1,
202100014101,176 493,B01,2,7,0,2,4,2,1,
202100014101,176 494,A01,2,10,0,2,1,2,1,
202100014102,176 491,A01,2,7,0,2,1,2,0,
202100014102,176 492,B01,2,7,0,2,4,2,1,
202100014103,176 485,A01,1,7,0,2,1,2,1,
202100014103,176 486,B01,1,7,0,2,1,2,1,
202100014103,176 487,C01,2,7,0,2,4,2,1,
202100014103,176 488,D01,1,7,0,2,4,2,1,
202100014103,176 489,E01,1,10,0,2,2,21,1,
202100014103,176 490,F01,1,10,0,2,0,0,1,
202100014104,176 483,A01,1,7,0,2,4,2,1,
202100014104,176 484,Z01,1,7,0,2,0,0,1,
202100014105,176 481,A01,2,7,0,2,1,1,1,
202100014105,176 482,B01,2,7,0,2,4,2,1,
202100014106,176 479,A01,2,7,0,2,1,2,1,
202100014106,176 480,B01,2,7,0,2,4,2,1,
202100014107,176 475,D01,1,7,0,2,5,1,1,
202100014107,176 476,C01,1,7,0,2,2,1,1,
202100014107,176 477,B01,1,7,0,2,8,21,1,
202100014107,176 478,A01,1,7,3,0,1,26,1,
202100014108,176 473,A01,2,10,0,2,6,11,1,
202100014108,176 474,B01,2,7,0,2,2,2,1,
202100014109,176 470,A01,2,33,0,2,3,12,1,
202100014109,176 471,B01,2,7,0,2,3,11,1,
202100014109,176 472,C01,2,7,0,2,4,1,1,
202100014110,176 467,A01,1,10,0,2,1,1,1,
202100014110,176 468,B01,1,7,0,2,4,2,1,
202100014110,176 469,C01,1,7,0,2,4,2,1,
202100014111,176 465,A01,2,7,0,2,1,12,1,
202100014111,176 466,B01,2,7,0,2,4,1,1,
202100014112,176 463,B01,2,7,0,2,1,1,1,
202100014112,176 464,A01,2,7,0,2,4,1,1,
202100014113,176 460,A01,1,7,0,2,4,2,1,
202100014113,176 461,B01,1,7,0,2,1,2,0,
202100014113,176 462,C01,1,7,0,2,1,2,1,
202100014114,176 456,C01,1,7,0,2,5,23,1,
202100014114,176 457,B01,2,2,0,2,1,5,1,
202100014114,176 458,A01,1,7,0,2,1,1,1,
202100014114,176 459,D01,1,7,0,2,3,1,2,
202100014115,176 453,C01,2,31,0,2,1,3,1,
202100014115,176 454,B01,2,7,0,2,0,12,1,
202100014115,176 455,A01,2,31,0,2,1,3,1,
202100014116,176 451,A01,3,7,0,2,1,15,1,
202100014116,176 452,B01,3,7,0,2,8,1,1,
202100014117,176 450,A01,1,32,12,0,1,1,1,
202100014118,176 449,A01,1,7,0,1,7,17,1,
202100014119,176 448,A01,1,7,0,1,1,1,1,
202100014120,176 447,A01,1,7,1,0,6,16,1,
202100014121,176 445,A01,1,7,0,9,3,15,1,
202100014121,176 446,B01,2,1,0,2,1,0,5,
202100014122,176 444,A01,1,7,13,0,2,1,1,
202100014123,176 442,B01,1,7,0,2,5,21,1,
202100014123,176 443,A01,1,30,0,2,1,1,1,
202100014124,176 440,A01,2,7,0,9,8,1,1,
202100014124,176 441,B01,1,1,0,2,1,19,5,
202100014125,176 438,B01,1,7,0,2,3,13,1,
202100014125,176 439,A01,1,2,0,2,2,2,1,
202100014126,176 436,A01,1,7,0,2,3,1,1,
202100014126,176 437,B01,2,7,0,2,3,13,1,
202100014127,176 435,A01,1,7,3,0,1,26,1,
202100014128,176 433,A01,2,7,0,2,1,15,1,
202100014128,176 434,B01,2,1,0,2,8,19,5,
202100014129,176 431,A01,1,30,0,2,1,1,1,
202100014129,176 432,B01,1,7,0,2,0,0,1,
202100014130,176 430,A01,0,30,12,0,0,0,-1,
202100014131,176 428,A01,0,7,0,2,3,11,1,
202100014131,176 429,B01,0,2,0,2,1,2,1,
202100014132,176 426,B01,1,10,0,2,6,23,1,
202100014132,176 427,A01,1,7,0,2,1,2,1,
202100014133,176 424,B01,2,33,0,2,1,1,1,
202100014133,176 425,A01,2,7,0,2,5,12,1,
202100014134,176 421,C01,2,7,0,2,2,21,1,
202100014134,176 422,B01,2,7,0,2,3,1,1,
202100014134,176 423,A01,2,7,0,2,1,15,1,
202100014135,176 419,B01,1,30,0,2,1,1,1,
202100014135,176 420,A01,1,7,0,2,5,1,1,
202100014136,176 418,A01,3,7,1,1,0,20,1,
202100014137,176 417,A01,1,7,5,0,1,1,1,
202100014138,176 415,A01,0,7,0,2,4,4,1,
202100014138,176 416,B01,2,7,0,2,5,1,1,
202100014139,176 413,A01,1,7,0,2,2,26,1,
202100014139,176 414,B01,1,7,0,2,3,1,1,
202100014140,176 412,B01,1,7,12,1,3,15,1,
202100014141,176 411,A01,3,7,0,1,2,1,1,
202100014142,176 409,A01,1,7,0,2,3,10,1,
202100014142,176 410,B01,1,2,0,2,1,1,1,
202100014143,176 407,A01,2,7,0,9,1,9,1,
202100014143,176 408,B01,1,50,0,2,8,0,3,
202100014144,176 405,A01,1,7,0,2,3,15,1,
202100014144,176 406,B01,1,2,0,2,2,17,1,
202100014145,176 404,A01,1,7,9,1,2,1,2,
202100014146,176 403,A01,3,21,0,1,2,2,1,
202100014147,176 402,A01,3,7,0,1,5,26,1,
202100014148,176 401,A01,1,10,0,1,4,20,1,
202100014149,176 400,A01,2,7,0,1,7,1,1,
202100014150,176 397,A01,3,7,0,2,2,10,1,
202100014150,176 398,B01,3,7,0,2,1,1,1,
202100014150,176 399,C01,3,37,0,2,8,1,1,1.0
202100014151,176 395,A01,1,30,0,2,1,17,1,
202100014151,176 396,B01,1,10,0,2,3,15,1,
202100014152,176 394,A01,1,7,0,1,0,1,1,
202100014153,176 393,A01,1,30,12,0,3,1,1,
202100014154,176 391,B01,1,7,0,2,3,15,1,
202100014154,176 392,A01,1,33,0,2,1,21,1,
202100014155,176 390,A01,3,30,0,5,8,15,1,
202100014156,176 388,A01,2,7,0,2,2,14,1,
202100014156,176 389,B01,2,7,0,0,8,0,1,
202100014157,176 387,A01,1,7,1,0,5,4,1,
202100014158,176 386,A01,3,7,9,0,2,1,1,
202100014159,176 384,B01,3,1,0,2,4,15,5,
202100014159,176 385,A01,3,7,8,2,1,15,1,
202100014160,176 382,B01,1,3,0,2,1,1,2,
202100014160,176 383,A01,1,3,0,2,7,19,1,
202100014161,176 381,A01,2,7,14,1,1,14,1,
202100014162,176 379,B01,2,7,0,2,3,2,1,
202100014162,176 380,A01,1,7,0,2,1,15,1,
202100014163,176 377,B01,3,33,0,2,1,1,1,
202100014163,176 378,A01,3,7,0,2,2,15,1,
202100014164,176 375,B01,1,7,0,2,4,2,1,
202100014164,176 376,A01,1,30,0,2,1,2,1,
202100014165,176 373,B01,2,7,0,2,5,26,1,
202100014165,176 374,A01,2,2,0,2,1,1,1,
202100014166,176 371,B01,0,50,0,2,1,19,3,
202100014166,176 372,A01,3,7,0,2,3,15,1,
202100014167,176 370,A01,1,7,0,2,8,16,1,
202100014168,176 368,A01,1,7,0,2,1,1,0,
202100014168,176 369,B01,1,1,0,2,8,1,5,
202100014169,176 366,B01,1,30,0,2,1,1,1,
202100014169,176 367,A01,1,7,0,2,7,15,1,
202100014170,176 364,B01,1,7,0,2,8,23,1,
202100014170,176 365,A01,1,7,0,2,1,26,1,
202100014171,176 362,B01,3,50,0,2,8,0,3,
202100014171,176 363,A01,3,7,0,2,2,16,1,
202100014172,176 360,A01,3,7,0,2,1,5,1,
202100014172,176 361,B01,3,7,0,2,1,1,1,
202100014173,176 357,C01,3,7,0,2,4,1,1,
202100014173,176 358,B01,3,7,0,2,4,1,1,
202100014173,176 359,A01,1,7,0,2,2,1,1,
202100014174,176 356,A01,0,7,0,2,1,26,1,
202100014175,176 355,A01,2,50,0,0,0,1,3,
202100014176,176 353,B01,2,7,0,2,4,26,1,
202100014176,176 354,A01,2,7,0,2,1,2,1,
202100014177,176 351,A01,1,7,11,2,1,6,1,
202100014177,176 352,B01,2,13,0,2,8,1,1,
202100014178,176 349,A01,0,7,0,2,8,15,1,
202100014178,176 350,B01,1,2,0,2,7,1,1,
202100014179,176 348,A01,2,31,0,0,0,1,1,
202100014180,176 346,A01,1,7,0,2,1,26,1,
202100014180,176 347,B01,2,21,0,2,6,26,1,
202100014181,176 344,B01,2,7,0,2,8,1,1,
202100014181,176 345,A01,1,7,0,2,1,1,1,
202100014182,176 343,A01,1,7,0,1,1,1,1,
202100014183,176 342,A01,1,7,0,1,2,1,1,
202100014184,176 340,B01,1,33,0,2,1,1,1,
202100014184,176 341,A01,1,7,0,2,3,15,1,
202100014185,176 338,A01,2,31,0,2,3,26,6,
202100014185,176 339,B01,1,7,0,2,3,1,1,
202100014186,176 337,A01,1,7,8,4,1,26,1,
202100014187,176 335,B01,3,7,0,2,1,1,1,
202100014187,176 336,A01,1,7,0,2,1,1,1,
202100014188,176 333,B01,1,2,0,2,7,17,1,
202100014188,176 334,A01,1,7,0,0,8,22,1,
202100014189,176 331,A01,1,7,0,2,7,10,1,
202100014189,176 332,B01,3,32,0,2,8,0,1,
202100014190,176 329,B01,1,7,0,2,4,23,2,
202100014190,176 330,A01,1,7,0,2,1,2,1,
202100014191,176 327,A01,1,7,0,2,1,1,1,
202100014191,176 328,B01,1,7,0,2,4,1,1,
202100014192,176 325,B01,1,7,0,2,4,15,1,
202100014192,176 326,A01,1,31,0,2,1,1,1,
202100014193,176 324,A01,1,7,0,1,3,1,1,
202100014194,176 322,A01,1,7,0,2,3,9,1,
202100014194,176 323,B01,3,50,0,2,1,1,3,
202100014195,176 319,C01,2,7,0,2,4,2,1,
202100014195,176 320,B01,2,7,0,2,4,2,1,
202100014195,176 321,A01,2,7,0,2,1,12,1,
202100014196,176 317,B01,2,7,0,2,5,1,1,
202100014196,176 318,A01,2,32,0,2,1,11,1,
202100014197,176 315,A01,1,33,0,2,3,3,1,
202100014197,176 316,B01,1,7,0,2,5,12,1,
202100014198,176 313,A01,1,1,0,2,8,15,5,
202100014198,176 314,B01,1,33,0,2,2,1,1,
202100014199,176 311,B01,2,30,0,2,1,1,1,
202100014199,176 312,A01,1,7,0,2,2,15,1,
202100014200,176 309,B01,1,7,0,2,2,18,1,
202100014200,176 310,A01,1,30,0,2,3,12,1,
202100014201,176 307,Z01,1,10,0,2,1,9,1,
202100014201,176 308,A01,1,34,0,2,7,2,1,
202100014202,176 305,B01,1,7,0,2,6,1,1,
202100014202,176 306,A01,1,30,0,2,7,17,3,
202100014203,176 304,A01,1,10,0,1,4,4,1,
202100014204,176 302,B01,1,1,0,2,1,1,5,
202100014204,176 303,A01,2,7,0,2,2,15,1,
202100014205,176 301,A01,2,30,0,0,7,21,1,
202100014206,176 300,A01,1,7,9,0,4,4,1,
202100014207,176 297,A01,2,30,1,2,2,14,1,
202100014207,176 298,C01,2,7,0,2,4,1,1,
202100014207,176 299,B01,2,7,0,2,8,24,1,
202100014208,176 295,B01,3,33,0,2,1,1,1,
202100014208,176 296,A01,3,7,0,2,6,15,1,
202100014209,176 293,A01,1,7,0,2,3,15,2,
202100014209,176 294,B01,1,32,0,2,2,15,1,
202100014210,176 292,A01,1,31,0,0,8,1,1,
202100014211,176 291,A01,1,30,12,0,1,13,3,
202100014212,176 290,Z01,2,7,0,1,1,15,1,
202100014213,176 288,A01,1,32,0,2,1,1,1,
202100014213,176 289,B01,1,10,0,2,0,16,1,
202100014214,176 286,B01,1,33,0,2,1,1,1,
202100014214,176 287,A01,1,7,0,2,2,1,1,
202100014215,176 284,A01,1,7,0,2,2,15,1,
202100014215,176 285,B01,2,32,0,2,1,2,1,
202100014216,176 283,A01,2,7,0,1,8,1,1,
202100014217,176 281,A01,1,7,0,2,7,17,1,
202100014217,176 282,B01,1,7,0,2,8,1,1,
202100014218,176 279,A01,1,7,0,2,1,0,1,
202100014218,176 280,B01,1,1,0,2,4,15,5,
202100014219,176 277,B01,1,7,0,2,8,1,1,
202100014219,176 278,A01,2,10,0,2,1,5,1,
202100014220,176 275,B01,1,0,0,2,1,0,0,
202100014220,176 276,A01,1,34,0,2,7,1,1,
202100014221,176 273,A01,1,7,0,2,1,17,1,
202100014221,176 274,B01,1,32,0,2,3,1,1,
202100014222,176 271,B01,2,7,0,0,0,9,1,
202100014222,176 272,A01,1,7,0,0,2,9,1,
202100014223,176 270,A01,1,7,0,1,1,1,1,
202100014224,176 268,B01,2,33,0,2,3,2,1,
202100014224,176 269,A01,2,7,0,2,5,9,2,
202100014225,176 263,T01,2,7,0,2,0,1,1,
202100014225,176 264,B01,2,7,0,2,1,1,1,
202100014225,176 265,A01,1,7,0,2,1,13,1,
202100014226,176 261,A01,1,7,1,0,1,1,1,
202100014226,176 262,B01,1,10,14,0,4,2,0,
202100014227,176 259,B01,-1,50,0,2,7,1,3,
202100014227,176 260,A01,-1,7,0,2,3,15,1,
202100014228,176 257,A01,-1,10,0,2,7,19,1,
202100014228,176 258,B01,-1,33,0,2,1,1,1,
202100014229,176 254,C01,-1,7,0,2,8,2,1,
202100014229,176 255,B01,-1,7,0,2,8,14,1,
202100014229,176 256,A01,-1,14,0,2,3,2,1,
202100014230,176 252,A01,1,32,0,2,1,15,1,
202100014230,176 253,B01,2,7,0,2,3,2,1,
202100014231,176 250,B01,2,33,0,2,1,1,0,
202100014231,176 251,A01,1,7,0,2,2,15,1,
202100014232,176 248,B01,1,7,0,2,4,23,1,
202100014232,176 249,A01,1,38,0,2,3,2,1,1.0
202100014233,176 246,A01,3,34,0,2,1,1,0,
202100014233,176 247,B01,3,7,0,2,1,11,0,
202100014234,176 245,A01,1,30,12,0,2,26,3,
202100014235,176 243,B01,2,7,0,2,4,2,1,
202100014235,176 244,A01,2,2,0,2,1,2,1,
202100014236,176 241,B01,1,7,2,0,1,1,1,
202100014236,176 242,A01,1,7,2,0,9,1,1,
202100014237,176 239,B01,1,1,0,2,1,1,6,
202100014237,176 240,A01,1,7,0,2,3,9,1,
202100014238,176 237,B01,3,7,0,2,2,15,1,
202100014238,176 238,A01,3,33,0,2,1,1,1,
202100014239,176 236,A01,2,7,2,0,1,13,1,
202100014240,176 235,A01,3,32,0,0,0,1,1,
202100014241,176 233,B01,1,33,0,2,1,2,1,
202100014241,176 234,A01,1,33,0,0,8,2,1,
202100014242,176 231,B01,2,2,13,0,4,2,1,
202100014242,176 232,A01,2,10,0,2,2,2,1,
202100014243,176 230,A01,2,7,2,0,1,1,1,
202100014244,176 228,B01,2,2,0,2,1,1,1,
202100014244,176 229,A01,1,7,0,2,3,15,1,
202100014245,176 227,A01,3,2,0,0,8,1,1,
202100014246,176 226,A01,1,31,15,9,0,1,1,
202100014247,176 225,A01,1,2,0,0,0,2,1,
202100014248,176 223,A01,3,7,0,2,3,13,1,
202100014248,176 224,B01,0,20,0,2,3,1,1,
202100014249,176 221,A01,3,7,1,0,2,1,1,
202100014250,176 219,B01,1,7,0,0,8,2,1,
202100014250,176 220,A01,1,34,0,2,1,17,1,
202100014251,176 217,A01,1,33,0,2,1,17,1,
202100014251,176 218,B01,2,7,0,2,3,1,1,
202100014252,176 215,B01,1,33,0,2,1,1,1,
202100014252,176 216,A01,2,33,0,2,1,1,1,
202100014253,176 214,A01,2,7,6,0,3,1,1,
202100014254,176 212,B01,3,2,0,2,1,1,1,
202100014254,176 213,A01,3,7,0,2,2,15,1,
202100014255,176 210,B01,1,7,0,2,4,1,1,
202100014255,176 211,A01,1,33,0,2,1,1,1,
202100014256,176 209,A01,1,7,2,0,1,0,1,
202100014257,176 208,A01,2,33,16,0,7,1,1,
202100014258,176 207,A01,2,7,15,0,2,1,1,
202100014259,176 205,B01,2,33,0,2,1,1,1,
202100014259,176 206,A01,3,7,0,2,3,15,1,
202100014260,176 204,A01,3,33,13,0,1,1,1,
202100014261,176 203,A01,2,7,2,0,8,1,1,
202100014262,176 201,A01,0,7,0,2,1,1,1,
202100014262,176 202,B01,0,7,0,2,7,1,1,
202100014263,176 200,A01,2,7,8,0,1,13,1,
202100014264,176 199,A01,2,3,2,0,0,1,1,
202100014265,176 197,A01,1,7,0,2,2,9,1,
202100014265,176 198,B01,1,2,0,2,1,1,1,
202100014266,176 196,A01,2,7,2,0,3,13,1,
202100014267,176 195,A01,-1,33,0,0,0,1,1,
202100014268,176 194,A01,1,33,0,0,7,13,1,
202100014269,176 193,A01,2,33,0,0,0,0,1,
202100014270,176 191,B01,1,7,0,9,3,15,1,
202100014270,176 192,A01,2,7,0,2,2,16,1,
202100014271,176 190,A01,2,7,2,0,1,1,1,
202100014272,176 189,A01,1,7,3,0,1,12,1,
202100014273,176 186,B01,1,7,0,2,4,1,1,
202100014273,176 187,A01,1,7,0,0,5,23,1,
202100014273,176 188,C01,1,7,0,2,1,1,1,
202100014274,176 185,A01,1,38,0,1,2,1,1,2.0
202100014275,176 183,B01,2,10,0,2,3,1,1,
202100014275,176 184,A01,1,7,0,2,5,13,1,
202100014276,176 182,A01,1,30,17,0,1,0,1,
202100014277,176 180,A01,2,7,0,0,4,2,1,
202100014277,176 181,B01,2,33,0,2,1,2,1,
202100014278,176 178,A01,1,33,0,2,1,1,1,
202100014278,176 179,B01,2,7,0,2,3,1,1,
202100014279,176 176,B01,0,33,0,2,1,1,1,
202100014279,176 177,A01,0,7,0,2,7,15,1,
202100014280,176 174,A01,2,7,0,2,6,15,1,
202100014280,176 175,B01,1,33,0,2,1,1,1,
202100014281,176 171,C01,2,7,13,0,2,21,1,
202100014281,176 172,B01,2,7,0,2,2,1,1,
202100014281,176 173,A01,1,10,0,2,1,5,1,
202100014282,176 170,A01,1,33,0,0,9,0,1,
202100014283,176 168,B01,0,2,0,2,8,14,1,
202100014283,176 169,A01,0,7,0,2,1,9,1,
202100014284,176 167,A01,1,33,11,0,9,1,1,
202100014285,176 165,B01,1,2,0,2,1,2,1,
202100014285,176 166,A01,1,7,0,0,4,2,2,
202100014286,176 163,B01,1,7,0,2,4,23,1,
202100014286,176 164,A01,1,2,1,0,1,1,1,
202100014287,176 162,A01,1,7,0,0,0,15,1,
202100014288,176 160,B01,1,33,0,2,1,1,1,
202100014288,176 161,A01,2,7,0,2,3,1,1,
202100014289,176 159,A01,1,33,0,0,8,23,1,
202100014290,176 158,A01,1,33,13,0,1,1,1,
202100014291,176 156,B01,2,31,0,2,1,1,1,
202100014291,176 157,A01,1,7,0,2,1,2,1,
202100014292,176 155,A01,3,7,13,0,1,14,1,
202100014293,176 152,B01,1,7,0,2,8,1,1,
202100014293,176 153,A01,2,33,0,2,8,5,1,
202100014294,176 151,A01,2,7,7,0,9,1,1,
202100014295,176 149,A01,1,2,12,0,2,2,1,
202100014296,176 147,A01,1,7,0,2,4,2,1,
202100014296,176 148,B01,1,7,0,2,1,2,1,
202100014297,176 146,A01,1,7,9,0,3,16,1,
202100014298,176 145,A01,2,7,13,0,1,14,1,
202100014299,176 143,A01,1,7,0,2,8,11,1,
202100014299,176 144,B01,1,10,0,2,1,1,1,
202100014300,176 141,A01,1,7,4,2,1,0,1,
202100014300,176 142,B01,1,10,0,2,6,0,1,
202100014301,176 139,A01,2,7,0,2,1,1,2,
202100014301,176 140,B01,2,7,0,2,4,2,1,
202100014302,176 137,B01,2,7,0,2,7,12,1,
202100014302,176 138,A01,2,33,0,2,8,3,1,
202100014303,176 135,B01,1,14,0,2,4,2,1,
202100014303,176 136,A01,1,7,0,2,1,2,1,
202100014304,176 133,B01,3,1,0,2,0,26,5,
202100014304,176 134,A01,2,7,0,2,0,26,0,
202100014305,176 132,A01,2,7,0,1,3,1,1,
202100014306,176 131,A01,2,7,0,1,2,0,1,
202100014307,176 130,A01,3,7,0,2,1,1,1,
202100014308,176 129,A01,1,7,0,1,1,15,1,
202100014309,176 127,A01,2,7,0,2,3,15,1,
202100014309,176 128,B01,2,1,0,2,7,1,5,
202100014310,176 124,C01,1,10,0,2,6,1,1,
202100014310,176 125,B01,1,7,0,2,7,1,2,
202100014310,176 126,A01,1,31,0,2,3,3,0,
202100014311,176 122,A01,1,7,0,2,0,21,1,
202100014311,176 123,B01,2,1,0,2,0,21,0,
202100014312,176 120,C01,3,80,0,2,1,0,3,
202100014312,176 121,A01,2,7,0,2,3,9,1,
202100014313,176 119,A01,2,33,0,1,3,17,1,
202100014314,176 117,B01,1,34,0,2,1,1,1,
202100014314,176 118,A01,1,7,0,2,2,15,1,
202100014315,176 115,B01,3,7,0,9,7,1,1,
202100014315,176 116,A01,3,1,0,2,1,0,0,
202100014316,176 113,A01,2,7,0,2,2,16,0,
202100014316,176 114,B01,2,7,0,2,0,0,0,
202100014317,176 111,A01,1,7,0,2,8,9,1,
202100014317,176 112,B01,1,7,0,2,1,1,1,
202100014318,176 109,B01,1,33,4,2,1,18,1,
202100014318,176 110,A01,1,7,0,2,5,12,1,
202100014319,176 107,A01,1,7,0,2,1,1,1,
202100014319,176 108,B01,2,15,0,2,8,1,1,
202100014320,176 105,B01,1,7,3,2,3,0,1,
202100014320,176 106,A01,2,7,3,2,8,26,1,
202100014321,176 103,A01,1,32,0,2,3,1,1,
202100014321,176 104,B01,1,3,0,2,2,16,1,
202100014322,176 102,A01,0,10,0,1,0,0,1,
202100014323,176 100,A01,1,7,0,2,1,2,0,
202100014323,176 101,B01,1,7,0,2,4,2,0,
202100014324,176 099,A01,2,15,0,1,1,16,1,
202100014325,176 098,A01,3,50,0,1,1,25,3,
202100014326,176 096,A01,3,7,0,2,1,26,1,
202100014326,176 097,B01,1,7,0,2,1,26,1,
202100014327,176 095,A01,1,7,0,1,2,15,1,
202100014328,176 093,B01,2,31,0,2,1,1,1,
202100014328,176 094,A01,2,7,0,2,3,15,1,
202100014329,176 091,B01,1,10,0,2,2,0,1,
202100014329,176 092,A01,2,30,0,2,1,5,1,
202100014330,176 089,B01,1,7,0,2,1,2,1,
202100014330,176 090,A01,1,7,0,2,4,23,1,
202100014331,176 088,A01,1,7,0,1,1,19,3,
202100014332,176 087,A01,3,7,0,1,0,1,1,
202100014333,176 085,B01,0,7,0,2,1,1,1,
202100014333,176 086,A01,0,7,0,2,1,5,1,
202100014334,176 083,A01,1,10,0,2,3,10,1,
202100014334,176 084,B01,1,2,0,2,3,2,1,
202100014335,176 082,A01,2,31,12,0,7,14,1,
202100014336,176 080,A01,2,7,0,2,1,9,1,
202100014336,176 081,B01,2,15,0,2,2,1,1,
202100014337,176 079,A01,3,33,6,0,1,26,1,
202100014338,176 077,A01,1,7,0,2,1,2,1,
202100014338,176 078,B01,1,7,0,2,4,2,1,
202100014339,176 076,A01,1,7,0,1,3,1,1,
202100014340,176 074,B01,3,7,0,2,0,14,1,
202100014340,176 075,A01,3,7,0,2,0,0,1,
202100014341,176 073,A01,2,7,8,0,3,13,1,
202100014342,176 071,A01,0,2,0,2,2,1,1,
202100014342,176 072,B01,0,7,0,2,3,15,1,
202100014343,176 069,A01,-1,7,0,2,1,15,1,
202100014343,176 070,B01,-1,31,0,2,1,1,1,
202100014344,176 067,B01,1,31,0,2,8,0,1,
202100014344,176 068,A01,2,7,0,2,8,17,1,
202100014345,176 065,A01,1,7,0,2,2,1,1,
202100014345,176 066,B01,1,1,0,2,8,3,0,
202100014346,176 064,A01,1,7,0,1,1,1,1,
202100014347,176 062,A01,1,33,0,2,1,9,1,
202100014347,176 063,B01,1,7,0,2,3,9,1,
202100014348,176 060,B01,2,1,0,2,1,1,5,
202100014348,176 061,A01,2,7,0,2,7,1,1,
202100014349,176 058,A01,2,7,0,2,4,15,1,
202100014349,176 059,B01,2,33,0,2,1,1,1,
202100014350,176 057,A01,1,7,0,1,1,1,0,
202100014351,176 056,A01,1,32,0,1,1,17,1,
202100014352,176 055,A01,1,7,0,1,7,14,1,
202100014353,176 053,A01,3,7,0,2,3,15,1,
202100014353,176 054,B01,3,30,0,2,1,1,1,
202100014354,176 052,A01,1,33,0,1,1,1,1,
202100014355,176 050,B01,1,7,0,2,3,9,1,
202100014355,176 051,A01,1,10,0,2,8,1,1,
202100014356,176 049,A01,3,7,1,0,3,13,1,
202100014357,176 048,A01,0,20,0,1,1,26,1,
202100014358,176 046,B01,2,50,0,2,8,1,3,
202100014358,176 047,A01,1,7,0,2,1,15,1,
202100014359,176 044,B01,3,1,0,2,8,15,5,
202100014359,176 045,A01,3,7,0,2,3,1,1,
202100014360,176 042,A01,3,7,2,2,1,1,1,
202100014360,176 043,B01,3,33,9,2,2,1,1,
202100014361,176 040,A01,2,50,0,2,1,26,3,
202100014361,176 041,B01,1,7,0,9,1,1,1,
202100014362,176 039,A01,1,7,0,1,1,1,1,
202100014363,176 038,A01,1,3,12,0,1,13,1,
202100014364,176 035,A01,0,7,0,2,3,1,2,
202100014364,176 036,B01,3,7,0,2,3,1,1,
202100014365,176 033,B01,1,50,0,2,4,26,3,
202100014365,176 034,A01,1,7,0,2,1,26,2,
202100014366,176 031,B01,1,30,0,2,1,2,1,
202100014366,176 032,A01,1,7,0,2,6,2,1,
202100014367,176 030,A01,2,7,0,1,3,1,2,
202100014368,176 029,A01,1,7,0,1,1,1,0,
202100014369,176 027,B01,3,7,0,2,4,1,1,
202100014369,176 028,A01,3,7,0,2,1,1,0,
202100014370,176 026,A01,1,1,0,0,1,7,5,
202100014371,176 023,A01,2,10,0,2,1,2,1,
202100014371,176 024,B01,2,7,0,2,4,23,1,
202100014371,176 025,C01,2,7,0,2,4,23,1,
202100014372,176 021,A01,2,7,0,2,2,14,1,
202100014372,176 022,B01,2,7,0,2,3,1,1,
202100014373,176 019,B01,2,7,0,2,4,1,1,
202100014373,176 020,A01,2,33,0,2,1,26,1,
202100014374,176 017,B01,3,1,0,2,4,2,5,
202100014374,176 018,A01,3,1,0,2,1,18,5,
202100014375,176 014,A01,0,1,0,2,1,19,5,
202100014375,176 015,B01,3,32,0,2,2,1,1,
202100014375,176 016,C01,0,32,0,2,7,17,1,
202100014376,176 013,A01,3,7,0,1,1,1,1,
202100014377,176 011,B01,2,2,0,2,0,1,1,
202100014377,176 012,A01,1,7,0,2,2,15,1,
202100014378,176 009,A01,1,7,0,2,3,9,1,
202100014378,176 010,B01,3,1,0,2,4,1,5,
202100014379,176 008,A01,1,10,0,2,7,13,1,
202100014380,176 007,A01,0,7,0,1,1,1,1,
202100014381,176 005,A01,1,2,0,2,1,1,1,
202100014381,176 006,B01,1,7,0,2,1,15,1,
202100014382,176 003,A01,2,32,0,2,9,21,1,
202100014382,176 004,B01,1,7,0,2,2,15,1,
202100014383,176 001,B01,3,7,0,2,1,5,1,
202100014383,176 002,A01,3,7,0,2,3,15,0,
202100014384,176 000,A01,1,10,0,1,4,4,3,
202100014385,175 998,B01,1,33,0,2,1,17,1,
202100014385,175 999,A01,2,3,0,2,3,9,1,
202100014386,175 997,A01,3,7,0,1,1,15,1,
202100014387,175 995,A01,1,1,0,2,1,19,5,
202100014387,175 996,B01,2,7,0,2,1,15,1,
202100014388,175 991,D01,2,2,0,2,1,1,1,
202100014388,175 992,C01,2,2,0,2,1,1,1,
202100014388,175 993,B01,1,10,0,2,7,15,1,
202100014388,175 994,A01,1,30,0,2,7,15,1,
202100014389,175 989,A01,2,7,0,2,1,9,1,
202100014389,175 990,B01,0,2,0,2,7,9,1,
202100014390,175 987,A01,1,7,0,2,1,13,1,
202100014390,175 988,B01,2,7,0,2,1,1,1,
202100014391,175 986,A01,3,7,0,1,1,20,1,
202100014392,175 985,A01,0,7,0,1,4,4,1,
202100014393,175 981,D01,3,7,0,2,4,23,1,
202100014393,175 982,C01,3,7,0,2,6,23,1,
202100014393,175 983,B01,3,33,0,2,1,3,1,
202100014393,175 984,A01,3,31,0,2,1,3,1,
202100014394,175 979,B01,1,7,12,2,6,15,3,
202100014394,175 980,A01,1,37,12,2,1,1,6,1.0
202100014395,175 977,A01,0,32,0,2,0,26,1,
202100014395,175 978,B01,0,7,0,2,0,26,1,
202100014396,175 976,A01,1,10,0,1,1,1,1,