Num_Acc,id_vehicule,num_veh,senc,catv,obs,obsm,choc,manv,motor,occutc
202100014397,175 974,A01,3,7,0,2,3,18,1,
202100014397,175 975,B01,3,7,0,2,7,1,1,
202100014398,175 971,A01,2,10,0,2,1,2,1,
202100014398,175 972,B01,2,7,0,2,4,2,1,
202100014398,175 973,C01,2,7,0,2,4,23,1,
202100014399,175 969,B01,2,33,0,2,4,1,1,
202100014399,175 970,A01,2,7,0,2,3,12,1,
202100014400,175 967,B01,1,32,0,2,2,23,1,
202100014400,175 968,A01,2,33,1,2,3,1,1,
202100014401,175 962,C01,2,7,0,2,3,1,2,
202100014401,175 963,B01,1,10,0,2,6,15,1,
202100014401,175 964,A01,1,7,11,2,3,1,2,
202100014401,175 965,D01,2,10,0,2,1,1,1,
202100014401,175 966,E01,2,7,0,2,5,1,1,
202100014402,175 961,Z01,1,50,0,1,1,1,3,
202100014403,175 960,A01,1,1,14,0,8,17,5,
202100014404,175 958,B01,1,43,0,2,1,2,1,
202100014404,175 959,A01,1,10,0,2,4,4,1,
202100014405,175 950,A01,2,7,0,2,1,1,1,
202100014405,175 951,B01,2,7,0,2,3,1,1,
202100014405,175 952,C01,2,7,0,2,4,1,1,
202100014405,175 953,D01,2,7,0,2,0,1,2,
202100014405,175 954,E01,2,7,0,2,4,1,1,
202100014405,175 955,F01,2,7,0,2,8,1,1,
202100014405,175 956,G01,2,7,0,2,8,24,2,
202100014405,175 957,H01,2,1,0,2,8,1,5,
202100014406,175 948,B01,1,30,0,2,3,1,1,
202100014406,175 949,A01,1,7,0,2,2,1,1,
202100014407,175 946,B01,2,1,0,2,1,1,5,
202100014407,175 947,A01,2,7,0,2,8,22,1,
202100014408,175 944,B01,1,1,0,2,1,1,5,
202100014408,175 945,A01,1,7,0,2,5,16,1,
202100014409,175 942,B01,2,7,0,2,3,1,1,
202100014409,175 943,A01,2,30,0,2,1,17,1,
202100014410,175 940,Z01,1,10,0,2,0,10,1,
202100014410,175 941,A01,1,37,0,2,0,7,2,3.0
202100014411,175 938,A01,1,10,0,2,8,15,1,
202100014411,175 939,B01,2,60,0,2,5,19,5,
202100014412,175 937,A01,1,7,0,1,3,1,2,
202100014413,175 936,A01,1,10,0,1,8,20,1,
202100014414,175 934,B01,2,7,0,2,8,13,3,
202100014414,175 935,A01,2,33,0,2,1,1,1,
202100014415,175 932,B01,1,50,0,2,1,1,3,
202100014415,175 933,A01,1,1,0,2,4,18,5,
202100014416,175 930,A01,2,30,0,2,6,15,1,
202100014416,175 931,Z01,2,7,0,2,3,1,1,
202100014417,175 928,B01,2,43,0,2,8,1,1,
202100014417,175 929,A01,2,7,0,2,1,15,1,
202100014418,175 926,A01,2,7,0,0,0,0,0,
202100014418,175 927,B01,2,32,0,0,0,0,1,
202100014419,175 923,C01,1,10,0,0,4,2,1,
202100014419,175 924,B01,1,7,0,0,4,2,1,
202100014419,175 925,A01,1,7,0,0,1,2,1,
202100014420,175 921,A01,2,30,0,2,1,1,1,
202100014420,175 922,B01,1,7,0,2,7,1,1,
202100014421,175 919,B01,3,50,0,2,8,15,3,
202100014421,175 920,A01,3,7,0,9,3,1,1,
202100014422,175 917,B01,1,32,0,2,1,1,1,
202100014422,175 918,A01,1,7,1,2,4,26,1,
202100014423,175 916,A01,2,2,0,1,2,0,1,
202100014424,175 914,B01,3,50,0,2,1,0,3,
202100014424,175 915,A01,3,14,0,9,7,9,1,
202100014425,175 912,A01,1,7,0,2,8,10,1,
202100014425,175 913,B01,1,33,11,2,7,2,1,
202100014426,175 909,C01,1,7,0,2,4,1,1,
202100014426,175 910,A01,1,7,0,2,2,1,2,
202100014426,175 911,B01,1,33,0,2,4,3,1,
202100014427,175 907,A01,3,7,0,2,6,10,0,
202100014427,175 908,B01,3,2,0,2,1,1,0,
202100014428,175 905,B01,2,10,0,2,1,1,1,
202100014428,175 906,A01,3,10,0,2,3,1,1,
202100014429,175 904,A01,3,7,0,1,3,9,1,
202100014430,175 903,A01,1,7,0,1,3,15,1,
202100014431,175 901,B01,1,50,0,2,1,19,3,
202100014431,175 902,A01,1,7,0,9,3,2,1,
202100014432,175 900,A01,1,7,0,1,2,1,1,
202100014433,175 898,A01,-1,3,0,2,2,1,0,
202100014433,175 899,B01,-1,3,0,2,3,0,0,
202100014434,175 896,B01,-1,7,14,0,1,2,1,
202100014434,175 897,A01,-1,7,15,0,4,23,1,
202100014435,175 895,A01,1,33,0,1,3,21,1,
202100014436,175 893,A01,-1,7,0,2,3,11,2,
202100014436,175 894,B01,-1,33,0,2,2,17,1,
202100014437,175 891,A01,2,7,0,2,2,15,1,
202100014437,175 892,B01,1,2,0,2,1,1,1,
202100014438,175 890,A01,1,7,0,1,1,1,1,
202100014439,175 889,A01,3,7,0,1,1,26,0,
202100014440,175 888,A01,1,0,0,0,0,0,0,
202100014441,175 887,A01,2,7,0,1,1,1,1,
202100014442,175 884,A01,2,7,0,2,1,13,1,
202100014442,175 885,B01,1,7,0,2,1,1,1,
202100014442,175 886,C01,1,7,0,2,1,1,1,
202100014443,175 882,A01,1,31,0,2,1,1,3,
202100014443,175 883,B01,1,7,0,2,3,15,1,
202100014444,175 880,B01,1,80,0,2,4,1,3,
202100014444,175 881,A01,1,33,0,2,1,2,1,
202100014445,175 878,B01,1,7,0,2,3,15,1,
202100014445,175 879,A01,2,31,0,2,3,26,1,
202100014446,175 876,A01,2,2,0,2,0,9,1,
202100014446,175 877,B01,2,2,0,2,0,0,1,
202100014447,175 875,A01,2,7,0,1,1,15,1,
202100014448,175 874,A01,0,10,0,1,2,15,1,
202100014449,175 872,B01,1,33,0,2,1,1,1,
202100014449,175 873,A01,1,7,0,2,3,1,1,
202100014450,175 870,A01,1,10,0,2,3,22,1,
202100014450,175 871,B01,1,1,1,0,0,1,5,
202100014451,175 868,B01,0,50,0,2,1,16,3,
202100014451,175 869,A01,0,7,0,2,7,1,1,
202100014452,175 867,A01,1,7,0,1,1,26,0,
202100014453,175 866,A01,2,7,0,1,3,1,1,
202100014454,175 865,A01,1,7,2,0,1,1,1,
202100014455,175 863,B01,2,7,0,2,3,2,1,
202100014455,175 864,A01,2,33,0,2,2,2,1,
202100014456,175 861,B01,1,1,0,2,1,1,5,
202100014456,175 862,A01,2,7,0,2,3,15,1,
202100014457,175 860,A01,0,2,0,1,1,0,1,
202100014458,175 859,A01,1,10,0,1,2,1,1,
202100014459,175 858,A01,0,33,6,0,7,25,1,
202100014460,175 857,A01,2,7,4,0,9,14,1,
202100014461,175 855,B01,1,7,0,2,2,5,1,
202100014461,175 856,A01,2,31,0,2,1,13,1,
202100014462,175 853,B01,2,10,0,2,1,1,1,
202100014462,175 854,A01,1,7,2,0,0,1,1,
202100014463,175 851,B01,1,1,0,2,0,2,5,
202100014463,175 852,A01,2,7,0,2,0,15,1,
202100014464,175 850,A01,1,32,12,0,8,1,1,
202100014465,175 847,B01,1,33,0,2,1,0,1,
202100014465,175 848,A01,2,7,0,2,5,0,1,
202100014466,175 845,B01,1,7,0,2,3,13,1,
202100014466,175 846,A01,2,15,0,2,3,1,1,
202100014467,175 843,B01,1,2,0,2,1,1,1,
202100014467,175 844,A01,2,7,0,0,5,15,1,
202100014468,175 841,B01,2,7,0,2,3,11,1,
202100014468,175 842,A01,2,33,0,2,2,17,1,
202100014469,175 840,A01,2,33,0,0,9,1,1,
202100014470,175 839,A01,1,7,0,0,0,1,1,
202100014471,175 837,B01,1,7,0,2,6,15,1,
202100014471,175 838,A01,1,33,0,2,2,17,1,
202100014472,175 835,B01,1,1,0,2,6,26,6,
202100014472,175 836,A01,1,10,0,2,5,14,1,
202100014473,175 834,A01,1,33,0,0,8,15,1,
202100014474,175 833,A01,2,33,0,6,1,1,1,
202100014475,175 831,B01,1,33,0,2,1,1,1,
202100014475,175 832,A01,3,21,0,0,0,19,1,
202100014476,175 830,A01,2,33,13,0,1,15,1,
202100014477,175 829,A01,2,7,1,0,2,1,1,
202100014478,175 827,A01,1,10,0,2,3,13,1,
202100014478,175 828,B01,2,38,0,2,3,1,1,1.0
202100014479,175 826,A01,0,30,13,0,1,0,1,
202100014480,175 824,A01,3,7,0,2,3,1,1,
202100014480,175 825,B01,3,7,0,2,3,13,1,
202100014481,175 823,A01,1,7,2,0,2,0,1,
202100014482,175 822,A01,1,7,0,1,1,2,2,
202100014483,175 820,B01,1,7,0,2,1,1,1,
202100014483,175 821,A01,2,7,0,2,1,15,1,
202100014484,175 819,A01,1,33,0,6,2,17,1,
202100014485,175 817,A01,2,7,13,2,3,1,1,
202100014485,175 818,B01,1,10,13,2,6,1,1,
202100014486,175 816,A01,0,33,0,0,0,1,1,
202100014487,175 815,A01,1,10,4,0,2,0,1,
202100014488,175 813,A01,2,7,0,2,3,1,1,
202100014488,175 814,B01,1,31,0,2,8,13,1,
202100014489,175 811,A01,1,7,0,2,3,13,1,
202100014489,175 812,B01,2,7,0,2,3,1,1,
202100014490,175 809,B01,2,7,0,2,7,1,1,
202100014490,175 810,A01,1,7,0,2,1,5,1,
202100014491,175 808,A01,0,7,3,0,3,1,1,
202100014492,175 806,A01,3,7,0,2,3,1,1,
202100014492,175 807,B01,3,1,0,2,1,1,5,
202100014493,175 805,A01,2,33,7,0,0,1,1,
202100014494,175 803,B01,1,38,0,2,1,1,1,1.0
202100014494,175 804,A01,2,33,0,2,7,19,1,
202100014495,175 802,A01,1,7,0,1,2,16,1,
202100014496,175 800,B01,1,7,0,0,5,20,1,
202100014496,175 801,A01,1,33,0,2,1,2,1,
202100014497,175 798,B01,1,21,0,2,8,15,1,
202100014497,175 799,A01,1,7,0,2,1,17,1,
202100014498,175 796,A01,1,2,8,2,2,17,1,
202100014498,175 797,B01,1,2,0,2,3,15,1,
202100014499,175 792,A01,1,32,0,2,2,13,1,
202100014499,175 793,B01,1,10,0,0,0,1,1,
202100014499,175 794,C01,1,15,0,0,0,1,1,
202100014499,175 795,D01,2,15,15,0,7,14,1,
202100014500,175 790,A01,1,7,0,1,3,1,1,
202100014501,175 788,B01,1,33,0,2,1,1,1,
202100014501,175 789,A01,2,7,0,2,2,15,1,
202100014502,175 786,B01,1,14,0,2,3,1,1,
202100014502,175 787,A01,2,7,0,2,3,13,1,
202100014503,175 784,A01,3,7,0,2,2,15,1,
202100014503,175 785,B01,0,60,0,2,1,1,5,
202100014504,175 783,A01,3,14,0,1,1,1,1,
202100014505,175 781,B01,1,10,0,2,1,1,1,
202100014505,175 782,A01,1,34,0,0,0,1,1,
202100014506,175 780,A01,0,7,13,0,3,0,1,
202100014507,175 778,A01,1,7,0,2,2,0,1,
202100014507,175 779,B01,2,0,0,2,7,5,0,
202100014508,175 777,A01,1,7,2,0,3,13,1,
202100014509,175 775,B01,2,10,0,2,2,15,1,
202100014509,175 776,A01,1,33,0,2,1,1,1,
202100014510,175 773,B01,1,7,0,2,1,1,1,
202100014510,175 774,A01,2,7,0,2,3,5,1,
202100014511,175 771,B01,1,33,0,2,1,1,1,
202100014511,175 772,A01,3,10,0,2,2,1,1,
202100014512,175 770,A01,2,7,2,0,3,13,1,
202100014513,175 768,A01,3,7,0,2,2,15,1,
202100014513,175 769,B01,3,1,0,2,1,1,5,
202100014514,175 766,A01,3,7,0,0,0,15,1,
202100014514,175 767,B01,3,33,0,0,8,21,1,
202100014515,175 764,A01,2,7,0,2,3,17,1,
202100014515,175 765,B01,1,7,0,2,3,1,1,
202100014516,175 762,B01,1,7,0,2,3,1,2,
202100014516,175 763,A01,2,7,0,2,3,13,1,
202100014517,175 760,A01,1,7,0,2,1,19,1,
202100014517,175 761,B01,1,7,0,0,8,1,1,
202100014518,175 758,A01,2,7,0,2,8,15,1,
202100014518,175 759,B01,2,2,12,2,7,17,1,
202100014519,175 756,B01,3,7,0,2,3,1,1,
202100014519,175 757,A01,3,2,0,2,1,21,1,
202100014520,175 753,B01,2,33,0,2,1,1,1,
202100014520,175 754,A01,1,7,0,2,7,15,1,
202100014520,175 755,C01,1,7,0,2,6,1,1,
202100014521,175 752,A01,0,33,0,1,1,1,1,
202100014522,175 750,B01,1,7,0,2,8,15,1,
202100014522,175 751,A01,1,31,0,2,2,17,1,
202100014523,175 748,C01,1,7,0,1,2,1,1,
202100014523,175 749,B01,1,10,0,2,1,1,1,
202100014524,175 746,B01,1,32,0,2,2,3,1,
202100014524,175 747,A01,1,7,0,2,6,11,1,
202100014525,175 743,C01,2,7,0,2,4,1,1,
202100014525,175 744,B01,2,31,0,2,8,1,1,
202100014525,175 745,A01,2,7,0,2,7,12,1,
202100014526,175 741,A01,2,10,0,2,4,12,1,
202100014526,175 742,B01,2,33,0,2,1,1,1,
202100014527,175 739,B01,1,7,0,2,6,11,1,
202100014527,175 740,A01,1,43,0,2,1,3,1,
202100014528,175 737,B01,1,7,0,2,5,2,1,
202100014528,175 738,A01,1,33,0,2,1,2,1,
202100014529,175 735,B01,1,33,0,2,3,3,1,
202100014529,175 736,A01,1,7,0,2,2,12,1,
202100014530,175 734,A01,1,33,0,0,0,1,1,
202100014531,175 732,A01,2,0,0,2,0,0,0,
202100014531,175 733,B01,2,33,0,2,2,3,1,
202100014532,175 730,A01,2,32,0,2,3,11,1,
202100014532,175 731,B01,2,7,0,2,5,1,1,
202100014533,175 728,B01,1,7,0,2,8,11,1,
202100014533,175 729,A01,1,33,0,2,7,1,1,
202100014534,175 727,A01,1,33,0,2,8,3,1,
202100014535,175 725,A01,2,31,0,2,1,3,1,
202100014535,175 726,B01,2,7,0,2,4,1,1,
202100014536,175 723,A01,2,7,0,2,1,2,1,
202100014536,175 724,B01,2,7,0,2,4,2,1,
202100014537,175 720,A01,1,7,0,2,1,2,1,
202100014537,175 721,B01,1,7,0,2,4,2,1,
202100014537,175 722,C01,1,7,0,2,4,2,1,
202100014538,175 718,A01,2,33,0,2,1,0,1,
202100014538,175 719,B01,2,7,0,2,4,2,1,
202100014539,175 715,A01,1,10,0,2,8,11,1,
202100014539,175 716,B01,1,7,0,2,7,1,1,
202100014539,175 717,C01,1,7,0,2,8,1,2,
202100014540,175 713,A01,1,7,0,2,5,26,1,
202100014540,175 714,B01,1,7,0,2,1,9,1,
202100014541,175 712,A01,3,7,0,1,1,1,1,
202100014542,175 708,B01,2,7,0,2,1,1,1,
202100014542,175 709,A01,1,33,0,2,0,0,1,
202100014543,175 706,A01,2,7,0,2,1,13,1,
202100014543,175 707,B01,1,7,0,2,3,1,1,
202100014544,175 704,A01,2,7,0,2,8,15,1,
202100014544,175 705,B01,2,31,0,2,2,1,1,
202100014545,175 703,A01,1,10,0,1,7,1,1,
202100014546,175 701,A01,1,7,0,2,1,2,1,
202100014546,175 702,B01,3,7,0,2,4,2,1,
202100014547,175 700,A01,1,34,5,0,1,20,1,
202100014548,175 699,A01,1,7,0,1,1,15,1,
202100014549,175 697,B01,1,7,0,2,4,2,1,
202100014549,175 698,A01,1,7,0,2,4,2,1,
202100014550,175 695,A01,2,15,0,2,7,15,1,
202100014550,175 696,B01,1,33,0,2,1,1,1,
202100014551,175 693,A01,3,7,0,2,4,1,1,
202100014551,175 694,B01,3,31,0,2,1,1,1,
202100014552,175 691,B01,1,7,0,2,2,1,1,
202100014552,175 692,A01,2,1,0,2,1,13,5,
202100014553,175 690,A01,2,33,0,0,0,15,1,
202100014554,175 687,A01,3,7,0,2,2,1,1,
202100014554,175 688,B01,3,1,0,2,1,19,5,
202100014554,175 689,C01,3,7,0,2,6,1,2,
202100014555,175 686,A01,1,7,9,0,2,14,1,
202100014556,175 685,A01,3,7,6,0,0,1,1,
202100014557,175 683,A01,2,7,0,2,2,16,1,
202100014557,175 684,B01,2,7,0,2,8,7,1,
202100014558,175 682,A01,3,14,0,1,5,26,1,
202100014559,175 681,A01,0,7,4,0,1,13,1,
202100014560,175 679,B01,1,7,0,2,6,15,1,
202100014560,175 680,A01,1,33,0,2,2,17,1,
202100014561,175 677,B01,2,10,0,2,6,1,1,
202100014561,175 678,A01,1,7,14,2,3,1,1,
202100014562,175 676,A01,3,7,0,1,1,1,1,
202100014563,175 674,A01,3,33,0,2,7,0,1,
202100014563,175 675,B01,3,7,0,2,1,1,1,
202100014564,175 672,A01,3,7,0,2,6,19,1,
202100014564,175 673,B01,3,2,0,2,1,1,1,
202100014565,175 671,A01,2,10,0,1,4,4,1,
202100014566,175 669,B01,3,2,0,2,7,17,1,
202100014566,175 670,A01,3,7,0,2,1,1,1,
202100014567,175 668,A01,1,7,0,1,3,11,1,
202100014568,175 667,A01,1,30,0,0,0,0,1,
202100014569,175 666,A01,2,7,0,1,2,1,1,
202100014570,175 664,B01,3,33,0,2,3,1,1,
202100014570,175 665,A01,3,7,1,2,2,9,1,
202100014571,175 663,A01,1,7,0,1,1,1,1,
202100014572,175 660,A01,3,1,0,2,1,17,0,
202100014572,175 661,B01,3,10,0,2,8,1,1,
202100014573,175 659,A01,3,10,0,0,0,0,1,
202100014574,175 658,A01,0,7,0,1,3,15,1,
202100014575,175 656,B01,2,30,0,2,1,1,1,
202100014575,175 657,A01,1,7,0,2,2,15,1,
202100014576,175 654,B01,3,99,0,2,1,17,0,
202100014576,175 655,A01,3,10,0,2,6,16,0,
202100014577,175 652,B01,2,32,0,2,8,1,1,
202100014577,175 653,A01,2,7,0,2,2,1,1,
202100014578,175 650,A01,3,7,0,2,1,16,1,
202100014578,175 651,B01,3,1,0,2,2,5,5,
202100014579,175 648,A01,3,50,0,2,1,0,3,
202100014579,175 649,B01,3,7,0,9,1,16,1,
202100014580,175 646,B01,2,7,1,2,3,1,1,
202100014580,175 647,A01,1,7,0,2,2,10,1,
202100014581,175 645,A01,3,1,8,0,1,26,5,
202100014582,175 644,A01,1,7,0,1,1,1,1,
202100014583,175 642,B01,2,1,0,2,0,1,5,
202100014583,175 643,A01,1,10,0,2,3,16,1,
202100014584,175 640,Z01,2,31,0,2,0,0,0,
202100014584,175 641,A01,1,31,0,2,0,5,1,
202100014585,175 638,A01,1,7,0,2,2,2,1,
202100014585,175 639,B01,1,1,0,2,0,2,5,
202100014586,175 637,A01,2,7,0,1,1,16,1,
202100014587,175 636,A01,2,7,0,1,1,1,1,
202100014588,175 635,A01,3,7,0,1,1,1,1,
202100014589,175 633,A01,1,7,0,2,8,19,1,
202100014589,175 634,B01,1,7,0,2,1,1,1,
202100014590,175 632,A01,2,7,1,0,0,1,1,
202100014591,175 631,A01,1,7,0,1,4,20,0,
202100014592,175 629,B01,3,1,0,2,3,13,5,
202100014592,175 630,A01,1,7,0,2,2,15,3,
202100014593,175 628,A01,1,7,0,0,0,14,1,
202100014594,175 626,A01,1,7,0,2,2,19,1,
202100014594,175 627,B01,1,10,0,2,3,1,1,
202100014595,175 624,B01,2,1,0,2,1,1,5,
202100014595,175 625,A01,2,7,0,2,3,9,1,
202100014596,175 623,A01,2,7,0,1,1,17,1,
202100014597,175 622,A01,0,7,0,1,1,16,1,
202100014598,175 621,A01,2,7,0,1,3,9,1,
202100014599,175 619,A01,2,60,0,2,1,19,5,
202100014599,175 620,B01,2,7,0,2,2,2,1,
202100014600,175 617,B01,2,1,0,2,1,2,5,
202100014600,175 618,A01,2,7,0,2,3,9,1,
202100014601,175 616,A01,1,13,0,1,6,4,1,
202100014602,175 615,A01,2,7,0,1,1,1,1,
202100014603,175 613,B01,2,7,0,2,8,15,1,
202100014603,175 614,A01,2,10,0,2,1,18,1,
202100014604,175 611,A01,1,7,0,2,7,1,1,
202100014604,175 612,B01,1,1,0,2,1,1,5,
202100014605,175 607,B01,3,50,0,2,7,25,3,
202100014605,175 608,A01,3,7,0,2,1,1,1,
202100014606,175 606,A01,3,30,11,0,1,7,1,
202100014607,175 604,A01,1,7,3,2,1,1,1,
202100014607,175 605,B01,1,10,0,2,4,2,1,
202100014608,175 602,B01,1,7,0,2,2,1,1,
202100014608,175 603,A01,3,1,0,2,8,1,5,
202100014609,175 600,B01,1,80,0,2,4,15,3,
202100014609,175 601,A01,1,7,0,2,2,17,1,
202100014610,175 599,A01,2,7,0,1,1,1,1,
202100014611,175 597,A01,1,10,0,2,7,15,1,
202100014611,175 598,B01,2,33,0,2,1,1,1,
202100014612,175 595,A01,3,60,0,0,0,26,5,
202100014613,175 593,A01,3,7,0,2,8,26,1,
202100014613,175 594,B01,3,33,0,2,0,0,1,
202100014614,175 592,A01,2,32,0,1,2,2,1,
202100014615,175 590,B01,3,7,0,2,4,1,1,
202100014615,175 591,A01,1,50,0,2,1,2,3,
202100014616,175 589,A01,3,7,0,1,1,0,1,
202100014617,175 587,A01,3,7,0,2,4,2,1,
202100014617,175 588,B01,3,7,15,2,0,0,1,
202100014618,175 585,A01,3,7,0,2,2,2,1,
202100014618,175 586,B01,3,32,0,2,9,1,1,
202100014619,175 583,A01,1,30,1,0,1,13,1,
202100014619,175 584,B01,1,10,0,2,4,26,1,
202100014620,175 581,B01,3,31,0,2,7,1,1,
202100014620,175 582,A01,3,7,0,2,3,26,1,
202100014621,175 579,A01,3,7,0,2,1,15,1,
202100014621,175 580,B01,3,7,0,2,1,1,1,
202100014622,175 575,A01,1,7,1,0,1,17,1,
202100014622,175 576,B01,2,7,0,2,1,1,1,
202100014622,175 577,C01,0,7,1,0,6,23,1,
202100014622,175 578,D01,1,7,1,0,3,23,1,
202100014623,175 573,B01,1,7,0,2,4,2,1,
202100014623,175 574,A01,1,7,0,2,1,2,1,
202100014624,175 572,A01,1,7,0,1,3,19,1,
202100014625,175 570,B01,2,10,0,2,1,1,1,
202100014625,175 571,A01,1,7,0,2,1,13,1,
202100014626,175 568,A01,2,7,0,2,2,15,1,
202100014626,175 569,B01,1,7,0,2,1,1,1,
202100014627,175 567,A01,2,33,0,0,3,3,1,
202100014628,175 566,A01,2,32,0,0,0,3,1,
202100014629,175 565,A01,1,33,14,0,1,14,1,
202100014630,175 563,B01,1,1,0,2,1,1,5,
202100014630,175 564,A01,1,10,0,2,6,22,1,
202100014631,175 561,B01,2,33,0,2,4,2,1,
202100014631,175 562,A01,2,33,0,2,1,2,1,
202100014632,175 560,A01,1,80,0,1,1,5,3,
202100014633,175 558,B01,2,31,0,2,7,1,1,
202100014633,175 559,A01,2,7,0,2,7,15,1,
202100014634,175 556,B01,1,7,0,2,3,15,1,
202100014634,175 557,A01,1,32,0,2,5,17,1,
202100014635,175 554,B01,2,1,0,2,1,1,5,
202100014635,175 555,A01,2,7,0,2,3,22,1,
202100014636,175 552,B01,1,80,0,2,8,19,3,
202100014636,175 553,A01,1,7,0,2,1,7,1,
202100014637,175 550,B01,1,32,0,2,3,1,1,
202100014637,175 551,A01,2,7,0,2,1,15,1,
202100014638,175 548,B01,1,1,0,2,4,1,5,
202100014638,175 549,A01,1,30,0,2,1,17,1,
202100014639,175 546,A01,2,32,0,2,1,17,1,
202100014639,175 547,B01,2,7,0,2,3,15,1,
202100014640,175 544,Z01,1,50,0,2,1,13,3,
202100014640,175 545,A01,2,1,0,2,1,1,5,
202100014641,175 542,A01,2,7,0,2,1,15,1,
202100014641,175 543,B01,1,1,0,2,3,7,5,
202100014642,175 540,B01,2,7,14,2,1,15,1,
202100014642,175 541,A01,1,33,0,2,2,0,1,
202100014643,175 538,B01,3,7,0,2,4,26,1,
202100014643,175 539,A01,2,10,0,2,1,26,1,
202100014644,175 537,A01,1,7,0,1,3,5,1,
202100014645,175 535,B01,2,33,0,2,4,23,1,
202100014645,175 536,A01,2,33,0,2,1,1,1,
202100014646,175 533,A01,1,7,1,0,3,15,1,
202100014646,175 534,B01,1,7,1,0,8,23,1,
202100014647,175 531,B01,1,2,0,2,7,17,1,
202100014647,175 532,A01,1,7,0,2,8,26,1,
202100014648,175 530,A01,2,7,0,1,1,1,1,
202100014649,175 528,B01,2,1,0,2,0,0,6,
202100014649,175 529,A01,2,7,0,2,6,16,0,
202100014650,175 527,A01,-1,32,0,1,1,3,1,
202100014651,175 523,A01,1,7,0,2,1,26,1,
202100014651,175 524,B01,1,7,0,2,4,2,1,
202100014651,175 525,C01,1,7,0,2,4,0,1,
202100014651,175 526,D01,1,10,0,2,4,0,1,
202100014652,175 521,A01,2,7,0,2,3,15,2,
202100014652,175 522,B01,1,80,0,2,1,0,3,
202100014653,175 520,A01,2,7,0,1,3,15,1,
202100014654,175 518,B01,2,20,0,2,2,15,1,
202100014654,175 519,A01,1,7,0,2,3,1,1,
202100014655,175 517,A01,1,7,0,1,7,17,1,
202100014656,175 516,A01,2,7,0,1,3,2,1,
202100014657,175 515,A01,0,7,0,1,3,16,0,
202100014658,175 513,B01,-1,7,0,2,0,16,1,
202100014658,175 514,A01,-1,33,0,2,0,1,1,
202100014659,175 511,B01,1,7,0,2,8,1,2,
202100014659,175 512,A01,1,7,0,2,1,1,1,
202100014660,175 509,A01,3,7,0,2,1,15,1,
202100014660,175 510,B01,3,31,0,2,3,1,1,
202100014661,175 508,A01,3,7,12,0,1,26,1,
202100014662,175 507,A01,0,7,0,1,2,19,0,
202100014663,175 506,A01,1,10,16,1,4,4,1,
202100014664,175 504,A01,2,34,0,2,2,14,1,
202100014664,175 505,B01,2,1,0,2,1,1,5,
202100014665,175 502,B01,1,2,0,2,2,2,1,
202100014665,175 503,A01,1,7,0,2,3,26,1,
202100014666,175 500,B01,1,1,1,0,7,17,5,
202100014666,175 501,A01,1,7,0,2,3,22,1,
202100014667,175 499,A01,3,10,0,1,2,1,1,
202100014668,175 497,B01,1,7,0,2,3,1,1,
202100014668,175 498,A01,2,33,0,2,9,21,1,
202100014669,175 495,B01,1,7,0,2,1,1,1,
202100014669,175 496,A01,2,7,0,2,1,13,1,
202100014670,175 489,A01,1,7,0,2,1,15,2,
202100014670,175 490,B01,2,31,0,2,1,1,1,
202100014671,175 488,A01,3,7,0,1,3,1,1,
202100014672,175 486,A01,1,7,0,2,5,12,1,
202100014672,175 487,B01,1,10,0,2,3,1,1,
202100014673,175 485,A01,0,7,6,0,1,1,1,
202100014674,175 483,B01,3,1,0,2,1,19,6,
202100014674,175 484,A01,3,7,0,2,3,1,1,
202100014675,175 481,B01,2,7,4,2,4,1,1,
202100014675,175 482,A01,2,7,0,2,1,2,1,
202100014676,175 479,A01,2,7,0,2,7,17,1,
202100014676,175 480,B01,2,7,0,2,1,1,1,
202100014677,175 477,A01,2,33,0,2,7,17,1,
202100014677,175 478,B01,2,7,0,2,8,17,1,
202100014678,175 475,B01,0,33,0,2,1,1,1,
202100014678,175 476,A01,3,7,0,2,8,15,1,
202100014679,175 473,A01,1,7,0,2,1,1,1,
202100014679,175 474,B01,2,30,0,2,1,1,1,
202100014680,175 472,A01,1,33,0,6,1,0,1,
202100014681,175 470,B01,2,7,0,2,3,1,1,
202100014681,175 471,A01,1,17,0,2,3,1,1,
202100014682,175 468,A01,2,10,0,9,2,21,1,
202100014682,175 469,B01,2,1,0,2,0,1,5,
202100014683,175 466,A01,2,7,0,1,2,2,1,
202100014684,175 464,B01,2,7,6,0,4,16,1,
202100014684,175 465,A01,2,10,0,2,1,1,1,
202100014685,175 463,A01,2,7,12,1,3,19,0,
202100014686,175 461,A01,2,2,0,2,2,13,1,
202100014686,175 462,B01,2,7,0,2,8,15,1,
202100014687,175 460,A01,1,7,13,0,3,1,1,
202100014688,175 458,A01,2,10,0,2,2,15,1,
202100014688,175 459,B01,1,33,0,2,1,1,1,
202100014689,175 456,A01,1,7,0,2,3,10,1,
202100014689,175 457,B01,1,2,0,2,1,1,1,
202100014690,175 454,B01,2,7,0,2,1,1,1,
202100014690,175 455,A01,1,7,0,2,1,13,1,
202100014691,175 452,B01,1,33,0,2,1,1,1,
202100014691,175 453,A01,0,7,0,2,2,15,1,
202100014692,175 451,A01,2,31,0,6,1,2,1,
202100014693,175 450,A01,2,7,6,0,1,1,1,