Num_Acc,id_vehicule,num_veh,senc,catv,obs,obsm,choc,manv,motor,occutc
202100014995,174 899,A01,0,10,0,1,2,2,1,
202100014996,174 898,A01,2,7,12,1,1,19,1,
202100014997,174 896,B01,2,30,0,2,2,1,1,
202100014997,174 897,A01,1,7,0,2,1,5,1,
202100014998,174 894,B01,2,30,0,2,3,1,1,
202100014998,174 895,A01,1,10,0,2,1,15,1,
202100014999,174 892,B01,3,1,0,2,0,1,5,
202100014999,174 893,A01,3,17,0,2,1,16,1,
202100015000,174 891,A01,0,7,0,1,1,26,1,
202100015001,174 890,A01,1,7,2,0,3,13,1,
202100015002,174 888,B01,1,7,1,0,6,1,1,
202100015002,174 889,A01,1,30,0,2,1,1,1,
202100015003,174 886,B01,3,7,0,2,1,1,0,
202100015003,174 887,A01,3,7,14,2,2,21,1,
202100015004,174 884,B01,1,7,0,2,3,1,1,
202100015004,174 885,A01,2,7,0,2,1,15,1,
202100015005,174 881,C01,1,7,0,2,4,1,1,
202100015005,174 882,B01,1,7,0,2,1,1,1,
202100015005,174 883,A01,1,7,0,2,1,1,1,
202100015006,174 879,B01,2,7,0,2,8,15,1,
202100015006,174 880,A01,-1,2,0,2,7,3,1,
202100015007,174 878,A01,1,7,0,1,3,1,1,
202100015008,174 877,A01,1,7,2,0,1,13,1,
202100015009,174 875,A01,1,7,0,2,1,13,1,
202100015009,174 876,B01,2,7,0,2,2,1,1,
202100015010,174 873,B01,2,7,1,2,1,1,1,
202100015010,174 874,A01,1,7,9,2,2,1,1,
202100015011,174 871,A01,1,7,0,2,3,10,1,
202100015011,174 872,B01,2,50,0,2,1,1,3,
202100015012,174 870,A01,1,10,0,1,8,1,1,
202100015013,174 869,A01,2,7,6,0,1,15,1,
202100015014,174 867,B01,0,7,0,2,1,9,1,
202100015014,174 868,A01,2,2,0,2,1,17,1,
202100015015,174 865,B01,3,2,0,2,1,1,1,
202100015015,174 866,A01,3,10,0,2,2,15,1,
202100015016,174 864,A01,2,37,0,0,0,1,2,4.0
202100015017,174 862,B01,1,7,0,2,7,15,1,
202100015017,174 863,A01,2,7,0,2,1,1,1,
202100015018,174 861,A01,3,2,0,0,1,1,3,
202100015019,174 859,B01,1,7,0,2,6,2,1,
202100015019,174 860,A01,1,7,0,2,2,2,1,
202100015020,174 857,A01,3,7,0,2,3,16,1,
202100015020,174 858,B01,3,50,0,2,3,2,3,
202100015021,174 855,B01,3,10,0,2,4,2,1,
202100015021,174 856,A01,2,7,0,2,1,26,1,
202100015022,174 853,A01,1,7,0,2,1,15,1,
202100015022,174 854,B01,2,1,0,2,1,1,0,
202100015023,174 851,A01,3,7,0,2,3,26,1,
202100015023,174 852,B01,3,10,0,2,2,26,1,
202100015024,174 850,A01,3,14,0,1,8,0,1,
202100015025,174 849,A01,1,7,0,0,3,1,1,
202100015026,174 848,A01,3,7,0,1,1,1,1,
202100015027,174 847,A01,1,7,0,1,1,9,1,
202100015028,174 846,A01,1,7,6,0,1,26,1,
202100015029,174 844,A01,1,7,0,2,1,1,1,
202100015029,174 845,B01,1,1,0,2,7,19,5,
202100015030,174 841,A01,1,7,0,2,1,13,1,
202100015030,174 842,B01,2,7,0,2,1,1,1,
202100015030,174 843,C01,2,10,0,2,1,1,1,
202100015031,174 839,B01,3,7,1,2,2,1,1,
202100015031,174 840,A01,3,7,0,2,1,1,1,
202100015032,174 837,A01,2,30,0,2,1,2,1,
202100015032,174 838,B01,2,7,0,2,4,15,1,
202100015033,174 836,A01,2,33,3,0,8,13,1,
202100015034,174 834,B01,2,7,0,2,5,1,1,
202100015034,174 835,A01,1,7,0,2,1,9,3,
202100015035,174 833,A01,1,7,13,0,1,14,1,
202100015036,174 832,A01,1,7,0,1,1,16,1,
202100015037,174 830,A01,1,7,0,2,1,26,1,
202100015037,174 831,B01,1,7,0,2,1,1,1,
202100015038,174 829,A01,1,7,3,0,2,1,1,
202100015039,174 827,B01,0,7,0,0,3,0,1,
202100015039,174 828,A01,1,30,0,2,1,13,1,
202100015040,174 826,A01,1,7,0,1,3,15,1,
202100015041,174 824,B01,3,7,0,2,2,15,1,
202100015041,174 825,A01,3,7,0,2,1,1,1,
202100015042,174 822,A01,0,33,3,2,1,2,1,
202100015042,174 823,B01,0,7,0,2,6,1,1,
202100015043,174 821,A01,2,7,1,0,1,2,1,
202100015044,174 819,B01,1,1,0,2,8,1,5,
202100015044,174 820,A01,1,7,0,2,7,17,1,
202100015045,174 817,A01,1,7,0,2,1,13,1,
202100015045,174 818,B01,1,7,0,2,1,1,1,
202100015046,174 815,A01,2,7,0,2,1,1,1,
202100015046,174 816,B01,2,10,0,2,3,1,1,
202100015047,174 813,A01,1,7,0,2,1,0,1,
202100015047,174 814,B01,1,10,0,2,5,0,1,
202100015048,174 811,A01,2,2,0,2,8,17,1,
202100015048,174 812,B01,1,7,0,2,8,1,1,
202100015049,174 809,Z01,1,7,0,2,8,15,0,
202100015049,174 810,A01,1,32,0,2,7,1,1,
202100015050,174 808,A01,1,7,0,1,1,1,1,
202100015051,174 807,A01,1,7,0,1,1,1,1,
202100015052,174 805,A01,2,30,0,2,4,15,1,
202100015052,174 806,B01,2,7,0,2,2,1,1,
202100015053,174 802,A01,1,7,0,2,1,2,1,
202100015053,174 803,B01,1,7,0,2,4,23,1,
202100015053,174 804,C01,1,7,0,0,4,23,1,
202100015054,174 799,A01,1,10,0,2,1,2,1,
202100015054,174 800,B01,1,7,0,2,4,2,1,
202100015054,174 801,C01,1,7,0,2,4,2,1,
202100015055,174 795,A01,1,7,0,1,2,15,1,
202100015056,174 794,A01,3,1,0,0,2,1,5,
202100015057,174 793,A01,3,7,0,1,2,1,2,
202100015058,174 791,B01,2,7,0,2,4,2,1,
202100015058,174 792,A01,2,7,0,2,1,2,1,
202100015059,174 790,A01,2,7,12,0,2,14,1,
202100015060,174 789,A01,3,7,0,1,3,20,1,
202100015061,174 785,D01,2,7,0,2,4,1,1,
202100015061,174 786,C01,2,7,0,2,1,2,1,
202100015061,174 787,B01,2,7,0,2,1,2,1,
202100015061,174 788,A01,2,7,0,2,1,2,1,
202100015062,174 783,B01,1,34,0,2,5,17,1,
202100015062,174 784,A01,1,30,0,2,2,15,1,
202100015063,174 782,A01,0,7,0,1,1,15,1,
202100015064,174 780,B01,0,1,0,2,1,1,5,
202100015064,174 781,A01,0,7,0,0,0,9,1,
202100015065,174 778,A01,2,7,3,2,3,14,1,
202100015065,174 779,B01,2,7,0,2,6,1,1,
202100015066,174 776,B01,1,1,0,2,1,1,5,
202100015066,174 777,A01,2,7,0,2,1,19,1,
202100015067,174 774,A01,2,10,0,2,2,1,1,
202100015067,174 775,B01,3,1,0,2,8,19,5,
202100015068,174 772,B01,0,32,0,2,8,1,1,
202100015068,174 773,A01,0,7,0,2,2,13,1,
202100015069,174 770,B01,2,7,8,2,6,2,2,
202100015069,174 771,A01,1,7,6,2,1,15,1,
202100015070,174 768,B01,2,33,12,2,6,3,1,
202100015070,174 769,A01,2,7,0,2,3,15,1,
202100015071,174 766,A01,3,7,0,2,0,15,1,
202100015071,174 767,B01,3,33,0,2,7,17,1,
202100015072,174 764,B01,0,7,0,2,8,0,1,
202100015072,174 765,A01,3,7,0,2,1,1,1,
202100015073,174 762,A01,1,7,0,2,3,9,1,
202100015073,174 763,B01,3,50,0,2,7,0,3,
202100015074,174 761,A01,2,7,0,1,3,26,1,
202100015075,174 760,A01,1,7,1,0,1,1,1,
202100015076,174 758,A01,2,7,0,2,1,19,1,
202100015076,174 759,B01,2,7,0,2,8,1,1,
202100015077,174 756,A01,2,14,0,2,1,1,1,
202100015077,174 757,B01,2,10,0,2,4,23,1,
202100015078,174 754,A01,0,7,0,1,1,26,0,
202100015079,174 752,A01,2,2,0,2,1,1,1,
202100015079,174 753,B01,2,7,0,2,8,1,1,
202100015080,174 750,A01,1,50,0,0,0,0,3,
202100015081,174 749,A01,1,7,0,1,1,1,1,
202100015082,174 748,A01,3,7,16,0,9,1,1,
202100015083,174 745,B01,3,7,0,2,4,2,1,
202100015083,174 746,C01,3,7,0,2,4,2,1,
202100015083,174 747,A01,3,10,0,2,1,2,1,
202100015084,174 744,A01,2,30,0,1,1,7,1,
202100015085,174 742,B01,3,33,0,2,8,2,1,
202100015085,174 743,A01,3,34,0,2,2,12,1,
202100015086,174 741,A01,3,7,4,0,1,1,1,
202100015087,174 740,A01,2,30,12,0,1,1,1,
202100015088,174 738,B01,3,7,0,2,8,23,1,
202100015088,174 739,A01,3,7,0,2,1,19,1,
202100015089,174 736,A01,2,7,0,2,1,2,1,
202100015089,174 737,B01,2,7,0,2,4,2,1,
202100015090,174 732,A01,2,7,0,2,3,13,1,
202100015090,174 733,B01,1,2,0,2,3,1,1,
202100015091,174 730,B01,1,1,0,2,1,1,5,
202100015091,174 731,A01,1,7,0,2,7,15,1,
202100015092,174 728,A01,1,7,0,2,1,2,2,
202100015092,174 729,B01,1,1,0,2,1,2,5,
202100015093,174 727,A01,2,7,3,0,1,21,1,
202100015094,174 725,A01,3,10,0,2,1,1,1,
202100015094,174 726,B01,3,7,0,2,3,1,1,
202100015095,174 723,A01,1,1,0,2,3,21,5,
202100015095,174 724,B01,1,10,0,2,3,21,1,
202100015096,174 721,A01,1,7,0,2,2,15,1,
202100015096,174 722,B01,2,1,0,2,1,1,5,
202100015097,174 720,A01,1,7,0,1,1,1,1,
202100015098,174 718,A01,2,7,0,2,1,1,1,
202100015098,174 719,B01,1,37,0,2,3,1,1,1.0
202100015099,174 717,A01,2,7,0,1,2,1,1,
202100015100,174 716,A01,3,7,15,0,2,14,1,
202100015101,174 715,A01,1,43,0,0,0,14,1,
202100015102,174 712,C01,1,10,0,2,6,1,1,
202100015102,174 713,B01,1,7,0,2,7,1,2,
202100015102,174 714,A01,1,33,0,2,3,3,1,
202100015103,174 710,A01,2,33,0,2,8,11,1,
202100015103,174 711,B01,2,7,0,2,4,1,1,
202100015104,174 708,B01,2,10,0,2,6,1,1,
202100015104,174 709,A01,2,7,0,2,5,18,1,
202100015105,174 706,A01,2,7,0,2,1,2,1,
202100015105,174 707,B01,2,10,0,2,4,23,1,
202100015106,174 704,B01,1,32,0,2,3,15,1,
202100015106,174 705,A01,1,10,0,2,2,17,1,
202100015107,174 702,A01,3,7,0,2,1,16,1,
202100015107,174 703,B01,0,80,0,2,8,1,3,
202100015108,174 700,B01,2,7,0,2,2,15,2,
202100015108,174 701,A01,1,2,0,2,1,1,3,
202100015109,174 699,A01,2,7,0,1,2,1,1,
202100015110,174 698,A01,1,30,0,0,0,21,3,
202100015111,174 697,A01,1,34,0,1,8,1,1,
202100015112,174 695,B01,1,1,0,2,7,16,5,
202100015112,174 696,A01,1,1,0,2,7,1,5,
202100015113,174 693,A01,3,7,0,2,3,9,1,
202100015113,174 694,B01,3,32,0,2,1,1,1,
202100015114,174 691,A01,2,7,0,2,8,22,1,
202100015114,174 692,B01,2,1,0,2,2,1,5,
202100015115,174 690,A01,1,1,0,1,7,1,5,
202100015116,174 688,A01,2,30,0,2,1,16,1,
202100015116,174 689,B01,2,7,0,2,3,1,1,
202100015117,174 686,A01,1,31,0,2,7,2,3,
202100015117,174 687,B01,1,32,0,2,7,23,1,
202100015118,174 685,A01,2,30,0,1,3,21,1,
202100015119,174 684,A01,1,1,0,0,0,1,5,
202100015120,174 682,A01,1,32,9,2,1,18,1,
202100015120,174 683,B01,1,7,0,2,5,22,2,
202100015121,174 681,A01,2,7,0,1,3,1,1,
202100015122,174 679,B01,1,50,0,2,2,14,3,
202100015122,174 680,A01,1,7,0,9,8,1,1,
202100015123,174 677,B01,0,31,0,2,1,2,1,
202100015123,174 678,A01,0,7,0,2,1,15,1,
202100015124,174 676,A01,3,2,1,0,0,1,1,
202100015125,174 674,A01,1,33,0,2,0,1,1,
202100015125,174 675,B01,1,17,0,2,6,1,1,
202100015126,174 672,B01,2,33,0,2,8,1,1,
202100015126,174 673,A01,2,7,0,2,3,15,3,
202100015127,174 670,B01,1,33,0,2,8,2,1,
202100015127,174 671,A01,1,10,0,2,3,13,1,
202100015128,174 668,A01,1,7,0,2,1,0,0,
202100015128,174 669,B01,2,32,0,2,7,3,1,
202100015129,174 666,B01,3,7,0,2,6,2,1,
202100015129,174 667,A01,3,7,0,2,1,2,1,
202100015130,174 665,A01,2,7,0,1,1,1,1,
202100015131,174 663,A01,1,7,0,2,2,12,1,
202100015131,174 664,B01,1,33,0,2,3,2,1,
202100015132,174 662,A01,1,7,0,1,3,15,1,
202100015133,174 660,A01,1,7,0,9,8,15,1,
202100015133,174 661,Y01,1,1,0,2,7,1,5,
202100015134,174 658,A01,0,37,0,2,3,1,1,2.0
202100015134,174 659,B01,0,7,0,2,2,12,1,
202100015135,174 656,B01,3,7,0,0,3,1,1,
202100015135,174 657,A01,1,7,0,0,2,1,1,
202100015136,174 654,B01,1,10,1,0,7,1,1,
202100015136,174 655,A01,1,7,1,2,1,26,1,
202100015137,174 652,B01,1,50,0,2,8,25,3,
202100015137,174 653,A01,1,10,0,9,1,15,1,
202100015138,174 651,A01,1,1,0,0,8,14,5,
202100015139,174 649,B01,2,32,0,2,1,0,1,
202100015139,174 650,A01,2,7,0,2,3,11,1,
202100015140,174 647,A01,2,7,0,2,3,15,1,
202100015140,174 648,B01,1,32,0,2,8,1,1,
202100015141,174 646,B01,2,7,0,1,7,1,1,
202100015142,174 644,A01,1,7,0,2,8,22,1,
202100015142,174 645,B01,1,1,1,0,1,1,5,
202100015143,174 642,B01,1,10,0,2,2,15,1,
202100015143,174 643,A01,1,30,0,2,2,1,1,
202100015144,174 640,B01,2,7,0,2,4,23,1,
202100015144,174 641,A01,2,14,0,2,1,2,1,
202100015145,174 638,A01,3,10,0,2,1,15,1,
202100015145,174 639,B01,3,7,0,2,3,19,1,
202100015146,174 636,B01,1,7,0,2,5,16,1,
202100015146,174 637,A01,1,30,0,2,1,16,1,
202100015147,174 634,B01,1,7,0,2,1,1,1,
202100015147,174 635,A01,2,2,0,2,1,23,1,
202100015148,174 632,B01,1,7,0,2,1,1,1,
202100015148,174 633,A01,2,7,0,2,1,17,1,
202100015149,174 630,B01,3,7,0,2,1,1,1,
202100015149,174 631,A01,2,7,0,0,8,2,1,
202100015150,174 629,A01,2,7,0,0,1,1,1,
202100015151,174 627,B01,2,10,0,2,1,1,1,
202100015151,174 628,A01,1,10,0,2,1,17,1,
202100015152,174 626,A01,2,33,0,0,0,1,1,
202100015153,174 624,B01,3,7,0,2,3,1,1,
202100015153,174 625,A01,3,7,0,2,3,13,1,
202100015154,174 622,A01,1,7,0,2,1,9,1,
202100015154,174 623,B01,1,50,0,0,7,1,3,
202100015155,174 621,A01,1,33,0,0,7,1,1,
202100015156,174 620,A01,3,7,8,0,3,0,1,
202100015157,174 619,A01,2,33,13,0,0,1,1,
202100015158,174 617,B01,2,2,0,2,1,1,1,
202100015158,174 618,A01,1,7,0,2,3,17,1,
202100015159,174 615,B01,1,7,0,2,1,1,1,
202100015159,174 616,A01,1,7,0,2,8,19,1,
202100015160,174 613,B01,1,33,0,9,1,1,1,
202100015160,174 614,A01,2,7,8,0,0,13,1,
202100015161,174 611,B01,1,7,0,2,1,17,1,
202100015161,174 612,A01,1,7,0,2,3,15,1,
202100015162,174 609,B01,2,7,0,0,6,23,1,
202100015162,174 610,A01,2,7,1,9,5,19,1,
202100015163,174 607,A01,1,2,0,2,7,1,1,
202100015163,174 608,B01,0,7,0,2,1,19,1,
202100015164,174 605,B01,2,7,0,2,0,0,0,
202100015164,174 606,A01,2,2,0,0,6,23,1,
202100015165,174 603,A01,1,31,0,0,7,1,1,
202100015165,174 604,B01,2,7,0,9,1,1,1,
202100015166,174 600,B01,2,7,0,2,3,1,1,
202100015166,174 601,C01,2,7,0,2,3,1,1,
202100015166,174 602,A01,1,7,0,2,3,13,1,
202100015167,174 598,B01,2,33,0,2,1,1,1,
202100015167,174 599,A01,2,7,0,2,8,15,1,
202100015168,174 595,C01,0,7,3,0,1,1,1,
202100015168,174 596,B01,0,7,0,0,1,1,1,
202100015168,174 597,A01,0,7,0,0,1,13,2,
202100015169,174 593,B01,2,14,0,2,3,21,1,
202100015169,174 594,A01,1,2,0,2,1,21,1,
202100015170,174 591,A01,1,7,0,2,2,2,1,
202100015170,174 592,B01,1,13,0,2,6,2,1,
202100015171,174 590,A01,2,7,0,1,3,1,1,
202100015172,174 588,B01,2,10,0,2,1,1,1,
202100015172,174 589,A01,1,2,0,2,1,13,1,
202100015173,174 587,A01,3,33,16,0,7,1,1,
202100015174,174 585,B01,1,10,0,2,1,15,1,
202100015174,174 586,A01,2,2,0,2,1,15,1,
202100015175,174 583,B01,1,7,0,2,1,1,1,
202100015175,174 584,A01,2,31,0,2,1,13,1,
202100015176,174 582,A01,0,10,0,1,3,0,1,
202100015177,174 580,B01,0,33,0,2,1,1,1,
202100015177,174 581,A01,0,7,0,2,2,15,1,
202100015178,174 579,A01,0,31,0,1,0,1,1,
202100015179,174 578,A01,1,7,8,0,2,14,1,
202100015180,174 577,A01,2,7,2,0,1,14,1,
202100015181,174 575,B01,1,15,0,0,4,1,1,
202100015181,174 576,A01,1,7,0,2,1,12,2,
202100015182,174 572,A01,1,7,0,2,2,3,1,
202100015182,174 573,C01,1,7,0,5,3,2,1,
202100015182,174 574,B01,2,7,0,2,2,21,1,
202100015183,174 571,A01,1,1,0,0,0,2,5,
202100015184,174 570,A01,1,37,0,1,5,1,1,2.0
202100015185,174 566,A01,1,7,0,2,3,16,0,
202100015185,174 567,B01,1,2,0,2,1,17,1,
202100015186,174 565,A01,0,7,6,0,0,6,1,
202100015187,174 563,A01,1,13,0,2,2,0,1,
202100015187,174 564,B01,1,1,0,0,4,0,5,
202100015188,174 561,A01,2,7,0,2,2,1,1,
202100015188,174 562,B01,1,7,0,2,3,1,1,
202100015189,174 559,A01,3,7,12,0,2,26,1,
202100015189,174 560,B01,3,2,0,0,0,0,1,
202100015190,174 557,A01,2,7,0,0,7,1,2,
202100015190,174 558,B01,3,7,0,0,2,15,1,
202100015191,174 555,A01,2,7,0,2,4,1,1,
202100015191,174 556,B01,2,7,0,2,1,1,1,
202100015192,174 553,B01,1,7,0,2,1,2,1,
202100015192,174 554,A01,1,7,0,2,4,1,1,
202100015193,174 551,B01,2,7,0,2,4,2,1,
202100015193,174 552,A01,2,7,0,2,1,2,1,
202100015194,174 549,B01,1,7,0,2,8,26,1,
202100015194,174 550,Z01,1,7,0,2,1,26,0,
202100015195,174 547,A01,2,7,0,2,4,26,1,
202100015195,174 548,B01,2,0,0,2,0,0,0,
202100015196,174 544,A01,1,7,0,2,5,1,1,
202100015196,174 545,C01,1,7,0,2,4,2,1,
202100015196,174 546,B01,1,43,0,2,1,3,1,
202100015197,174 542,A01,2,7,0,2,1,2,1,
202100015197,174 543,B01,2,7,0,2,4,1,1,
202100015198,174 540,A01,2,33,0,2,1,1,1,
202100015198,174 541,B01,2,7,0,2,4,2,1,
202100015199,174 538,A01,2,33,0,2,1,3,1,
202100015199,174 539,B01,2,7,0,2,8,11,1,
202100015200,174 536,B01,2,7,3,2,3,1,1,
202100015200,174 537,A01,1,7,4,2,3,5,1,
202100015201,174 534,A01,1,7,0,2,6,11,1,
202100015201,174 535,B01,1,34,0,2,7,3,1,
202100015202,174 531,B01,2,10,0,2,1,1,1,
202100015202,174 532,C01,2,10,0,2,4,1,1,
202100015202,174 533,A01,2,7,0,2,4,23,1,
202100015203,174 528,A01,2,7,0,2,1,2,1,
202100015203,174 529,B01,2,7,0,2,4,2,1,
202100015203,174 530,C01,2,7,0,2,4,2,1,
202100015204,174 525,C01,2,7,0,2,4,2,1,
202100015204,174 526,B01,2,7,0,2,4,2,1,
202100015204,174 527,A01,2,13,0,2,1,2,1,
202100015205,174 523,B01,2,33,0,2,3,2,1,
202100015205,174 524,A01,2,7,0,2,5,1,2,
202100015206,174 521,B01,2,7,0,2,4,2,1,
202100015206,174 522,A01,2,7,0,2,1,2,1,
202100015207,174 518,C01,1,7,0,2,1,2,1,
202100015207,174 519,B01,1,7,0,2,1,2,1,
202100015207,174 520,A01,1,7,0,2,4,2,3,
202100015208,174 517,A01,1,7,0,0,1,2,1,
202100015209,174 514,C01,1,15,0,2,1,2,1,
202100015209,174 515,B01,1,7,0,2,4,2,1,
202100015209,174 516,A01,1,7,0,2,1,2,1,
202100015210,174 512,B01,1,7,4,0,2,0,1,
202100015210,174 513,A01,1,10,0,2,1,0,1,
202100015211,174 510,B01,2,7,0,2,4,1,1,
202100015211,174 511,A01,2,31,0,2,1,3,1,
202100015212,174 508,Z01,1,10,0,2,1,0,0,
202100015212,174 509,A01,1,7,0,2,4,21,1,
202100015213,174 507,A01,2,10,0,1,2,1,1,
202100015214,174 506,A01,1,33,3,0,3,1,1,
202100015215,174 503,C01,1,31,0,2,2,3,1,
202100015215,174 504,A01,1,17,0,9,7,1,1,
202100015215,174 505,B01,1,7,0,2,6,1,1,
202100015216,174 501,B01,2,7,0,2,1,1,1,
202100015216,174 502,A01,2,7,0,2,4,26,1,
202100015217,174 499,A01,2,7,0,0,5,9,1,
202100015217,174 500,B01,2,33,0,0,1,17,1,
202100015218,174 498,A01,2,7,4,0,3,1,1,
202100015219,174 496,B01,3,43,0,2,1,1,1,
202100015219,174 497,A01,3,32,0,2,1,1,1,
202100015220,174 495,A01,2,7,1,0,1,14,1,
202100015221,174 493,B01,1,7,0,2,1,15,1,
202100015221,174 494,A01,2,30,0,2,7,17,1,
202100015222,174 492,A01,3,33,1,0,1,1,1,
202100015223,174 490,A01,1,7,2,2,4,5,1,
202100015223,174 491,B01,1,7,0,2,1,5,1,
202100015224,174 488,B01,2,1,0,2,1,17,5,
202100015224,174 489,A01,2,1,0,2,4,13,5,
202100015225,174 486,A01,2,7,0,2,2,10,2,
202100015225,174 487,B01,1,33,0,2,8,1,1,
202100015226,174 485,A01,2,1,0,1,1,1,5,
202100015227,174 484,A01,1,1,0,0,1,16,5,
202100015228,174 482,B01,3,7,0,2,1,1,1,
202100015228,174 483,A01,3,7,0,2,8,1,1,
202100015229,174 480,B01,3,7,0,2,1,23,1,
202100015229,174 481,A01,3,2,0,2,1,17,1,
202100015230,174 479,A01,1,7,0,1,2,1,1,
202100015231,174 478,A01,1,1,0,0,0,1,5,
202100015232,174 476,A01,2,7,0,2,2,1,1,
202100015232,174 477,B01,2,10,0,2,3,1,1,
202100015233,174 475,A01,1,50,8,0,7,16,3,
202100015234,174 473,B01,1,1,0,2,1,1,5,
202100015234,174 474,A01,2,7,0,9,1,15,1,
202100015235,174 472,A01,1,7,0,1,1,1,1,
202100015236,174 470,B01,1,7,0,2,3,1,1,
202100015236,174 471,A01,2,7,1,2,3,13,1,
202100015237,174 468,A01,1,1,0,2,8,19,5,
202100015237,174 469,B01,1,7,0,2,1,15,1,
202100015238,174 466,A01,2,40,0,9,1,26,3,
202100015238,174 467,B01,2,1,0,-1,2,26,5,
202100015239,174 465,A01,1,50,0,1,1,0,3,
202100015240,174 463,B01,1,2,0,2,1,5,1,
202100015240,174 464,A01,1,7,0,2,3,10,1,
202100015241,174 461,A01,3,30,0,2,3,13,1,
202100015241,174 462,B01,3,7,0,2,2,15,1,
202100015242,174 460,A01,2,7,0,1,0,16,1,
202100015243,174 458,A01,2,7,0,2,3,15,1,
202100015243,174 459,B01,1,50,0,2,3,1,3,
202100015244,174 457,A01,1,30,0,1,1,7,1,
202100015245,174 456,A01,1,31,0,0,1,1,1,
202100015246,174 455,A01,3,7,0,1,2,1,0,
202100015247,174 453,A01,2,7,0,2,1,1,1,
202100015247,174 454,B01,1,33,0,2,8,1,1,
202100015248,174 452,A01,3,33,0,1,7,1,1,
202100015249,174 451,A01,1,7,0,1,3,15,1,
202100015250,174 450,A01,1,7,6,0,1,0,1,
202100015251,174 448,A01,1,2,0,2,1,2,1,
202100015251,174 449,B01,1,7,0,0,4,1,1,
202100015252,174 446,B01,1,7,4,0,4,2,1,
202100015252,174 447,A01,1,7,0,0,1,11,1,
202100015253,174 445,A01,2,7,13,0,2,1,1,
202100015254,174 444,A01,1,7,0,1,2,1,0,
202100015255,174 443,A01,1,7,0,1,1,1,1,
202100015256,174 441,B01,3,31,0,2,1,13,1,
202100015256,174 442,A01,3,7,0,0,1,1,1,
202100015257,174 438,A01,1,7,0,0,0,12,0,
202100015257,174 439,B01,1,7,3,2,1,1,1,
202100015257,174 440,C01,1,7,0,2,3,21,1,
202100015258,174 437,A01,2,7,5,0,0,17,1,
202100015259,174 436,A01,2,7,13,0,9,1,1,
202100015260,174 434,A01,1,7,0,2,2,1,1,
202100015260,174 435,B01,2,7,15,2,1,1,1,
202100015261,174 432,A01,2,7,0,0,3,0,1,
202100015262,174 430,B01,2,7,0,2,3,23,1,
202100015262,174 431,A01,2,7,0,2,3,15,1,
202100015263,174 429,A01,2,1,1,0,1,2,5,
202100015264,174 427,B01,1,7,0,2,1,1,1,
202100015264,174 428,A01,2,7,0,2,1,13,1,
202100015265,174 426,A01,0,2,0,0,0,1,1,
202100015266,174 424,A01,0,7,0,2,1,19,1,
202100015266,174 425,B01,0,33,0,2,8,1,1,
202100015267,174 423,A01,1,2,0,0,0,17,1,
202100015268,174 422,A01,1,2,0,0,2,2,0,
202100015269,174 420,A01,2,33,2,0,2,1,1,
202100015270,174 418,A01,1,7,0,2,5,17,1,
202100015270,174 419,B01,1,36,0,2,3,15,1,
202100015271,174 416,B01,2,7,12,2,1,1,1,
202100015271,174 417,A01,1,7,12,2,3,19,1,
202100015272,174 414,A01,2,7,0,2,3,13,1,
202100015272,174 415,B01,1,15,0,2,3,1,1,
202100015273,174 412,A01,2,33,0,2,1,1,1,
202100015273,174 413,B01,2,21,0,0,4,15,1,
202100015274,174 410,A01,1,7,2,0,3,0,0,
202100015275,174 409,A01,3,14,0,0,0,1,0,
202100015276,174 407,A01,1,7,0,2,1,1,1,
202100015276,174 408,B01,1,7,0,2,3,15,1,
202100015277,174 406,A01,1,7,6,0,1,1,1,
202100015278,174 404,B01,0,2,0,2,1,1,1,
202100015278,174 405,A01,0,10,0,9,6,1,1,
202100015279,174 403,A01,3,33,12,0,1,1,1,
202100015280,174 401,B01,1,17,0,2,6,1,1,
202100015280,174 402,A01,1,10,0,2,2,1,1,
202100015281,174 399,B01,2,17,0,2,3,1,1,
202100015281,174 400,A01,1,7,0,2,3,5,1,
202100015282,174 398,A01,1,7,3,0,1,0,1,
202100015283,174 394,C01,1,7,0,2,2,1,1,
202100015283,174 395,A01,1,7,5,2,1,0,1,
202100015283,174 396,B01,1,7,0,2,4,1,1,
202100015283,174 397,D01,1,7,0,2,1,0,1,
202100015284,174 391,C01,1,7,0,2,1,2,1,
202100015284,174 392,B01,2,7,0,2,4,1,1,
202100015284,174 393,A01,2,7,0,0,3,9,1,
202100015285,174 390,A01,1,7,9,0,3,0,1,
202100015286,174 388,A01,2,7,0,2,3,15,2,
202100015286,174 389,B01,1,33,0,2,8,1,1,
202100015287,174 386,A01,1,7,0,0,2,15,1,
202100015287,174 387,B01,2,33,0,0,1,0,1,
202100015288,174 384,A01,1,1,0,0,4,2,5,
202100015288,174 385,B01,1,7,0,9,1,2,1,
202100015289,174 382,B01,1,1,0,2,4,1,5,
202100015289,174 383,A01,1,31,0,2,1,1,1,
202100015290,174 381,A01,1,7,2,0,1,14,1,
202100015291,174 379,A01,2,7,0,2,1,2,1,
202100015291,174 380,B01,2,7,0,0,4,23,1,
202100015292,174 378,A01,1,33,0,6,3,1,1,
202100015293,174 377,A01,1,7,13,0,1,2,1,
202100015294,174 376,A01,1,7,2,0,0,0,1,
202100015295,174 374,A01,1,7,0,0,2,1,1,
202100015295,174 375,B01,2,7,0,0,2,1,1,
202100015296,174 371,A01,1,33,0,2,7,12,1,
202100015296,174 372,B01,1,7,0,2,8,18,1,