Num_Acc,id_vehicule,num_veh,senc,catv,obs,obsm,choc,manv,motor,occutc
202100015297,174 368,B01,2,7,0,2,4,1,1,
202100015297,174 369,C01,2,7,0,2,6,1,1,
202100015297,174 370,A01,2,7,3,2,2,14,1,
202100015298,174 366,B01,2,7,0,2,4,2,1,
202100015298,174 367,A01,2,7,0,2,1,2,1,
202100015299,174 364,A01,2,7,0,2,5,12,1,
202100015299,174 365,B01,2,33,0,2,1,0,1,
202100015300,174 362,B01,1,10,0,2,6,26,1,
202100015300,174 363,A01,1,32,0,0,1,14,1,
202100015301,174 360,A01,1,7,1,0,1,1,2,
202100015301,174 361,B01,1,7,0,0,4,23,1,
202100015302,174 358,A01,2,7,0,2,6,11,1,
202100015302,174 359,B01,2,31,0,2,2,1,0,
202100015303,174 356,B01,2,7,0,2,3,11,1,
202100015303,174 357,A01,2,33,0,2,7,3,1,
202100015304,174 354,B01,2,7,0,2,4,0,1,
202100015304,174 355,A01,2,7,0,2,1,2,1,
202100015305,174 349,A01,2,7,0,2,1,0,1,
202100015305,174 350,B01,2,7,0,2,0,0,1,
202100015305,174 351,C01,2,7,0,2,1,0,1,
202100015305,174 352,D01,2,7,0,2,1,0,1,
202100015305,174 353,E01,2,7,0,2,1,0,1,
202100015306,174 347,A01,1,10,0,2,4,2,1,
202100015306,174 348,B01,1,10,0,2,1,1,1,
202100015307,174 345,A01,1,7,0,2,1,1,1,
202100015307,174 346,B01,1,7,0,2,4,2,1,
202100015308,174 343,B01,2,7,0,2,3,11,1,
202100015308,174 344,A01,2,33,0,2,2,3,1,
202100015309,174 340,C01,1,7,0,2,8,13,1,
202100015309,174 341,A01,1,7,0,2,7,1,1,
202100015309,174 342,B01,1,7,0,2,1,1,2,
202100015310,174 339,A01,2,7,0,0,8,2,1,
202100015311,174 338,A01,1,7,12,0,2,1,1,
202100015312,174 336,A01,3,10,0,2,0,19,0,
202100015312,174 337,B01,3,60,0,2,0,19,5,
202100015313,174 335,A01,3,7,0,1,0,15,1,
202100015314,174 333,B01,1,7,0,2,8,1,1,
202100015314,174 334,A01,2,7,1,2,9,0,1,
202100015315,174 331,B01,1,7,0,2,4,0,1,
202100015315,174 332,A01,1,7,0,2,4,26,1,
202100015316,174 329,A01,2,7,0,2,1,1,1,
202100015316,174 330,B01,2,1,0,2,7,1,5,
202100015317,174 327,B01,1,1,0,2,3,2,5,
202100015317,174 328,A01,1,7,0,9,2,2,1,
202100015318,174 326,A01,1,7,0,0,1,0,1,
202100015319,174 321,A01,2,7,0,2,3,13,1,
202100015319,174 322,B01,2,7,0,2,3,1,1,
202100015320,174 319,B01,2,31,0,2,1,1,1,
202100015320,174 320,A01,1,7,0,2,3,1,1,
202100015321,174 317,B01,1,7,0,2,1,1,1,
202100015321,174 318,A01,2,7,0,2,1,1,1,
202100015322,174 315,B01,1,7,0,2,2,1,2,
202100015322,174 316,A01,1,7,0,2,7,15,1,
202100015323,174 313,B01,2,7,0,2,1,1,1,
202100015323,174 314,A01,3,7,0,2,3,15,1,
202100015324,174 312,A01,0,10,0,1,3,15,0,
202100015325,174 310,A01,1,7,0,2,1,13,1,
202100015325,174 311,B01,1,7,0,2,1,1,1,
202100015326,174 309,A01,3,7,8,0,2,14,1,
202100015327,174 308,A01,1,7,0,1,8,1,1,
202100015328,174 307,A01,2,3,1,0,8,1,1,
202100015329,174 306,A01,1,7,0,1,0,1,1,
202100015330,174 305,A01,1,7,15,2,1,21,1,
202100015331,174 304,A01,1,30,0,0,0,26,1,
202100015332,174 302,B01,1,7,0,2,6,2,1,
202100015332,174 303,A01,1,7,0,2,2,9,1,
202100015333,174 301,A01,1,7,0,0,0,26,1,
202100015334,174 300,A01,2,7,13,0,1,26,1,
202100015335,174 298,A01,2,7,0,2,0,2,1,
202100015335,174 299,B01,2,50,0,2,4,1,3,
202100015336,174 296,B01,1,7,0,2,4,0,1,
202100015336,174 297,A01,1,7,0,2,8,1,1,
202100015337,174 295,A01,2,30,1,0,7,1,1,
202100015338,174 293,A01,3,30,0,2,3,2,1,
202100015338,174 294,B01,3,7,0,2,4,1,1,
202100015339,174 292,A01,1,7,2,0,8,1,1,
202100015340,174 290,A01,1,13,0,2,2,17,1,
202100015340,174 291,B01,1,10,0,2,1,1,1,
202100015341,174 288,B01,2,37,0,2,3,1,1,3.0
202100015341,174 289,A01,2,7,0,2,5,7,1,
202100015342,174 287,A01,0,32,0,0,6,15,1,
202100015343,174 285,A01,3,7,0,2,1,26,1,
202100015343,174 286,B01,3,10,0,2,3,0,1,
202100015344,174 283,B01,1,31,0,2,3,1,1,
202100015344,174 284,A01,2,7,0,2,3,20,1,
202100015345,174 282,A01,1,34,0,1,1,26,1,
202100015346,174 280,A01,3,7,0,2,3,9,1,
202100015346,174 281,B01,3,50,0,2,1,1,3,
202100015347,174 278,B01,2,7,0,2,6,1,2,
202100015347,174 279,A01,2,10,0,2,1,13,1,
202100015348,174 277,A01,3,50,12,0,0,0,3,
202100015349,174 275,A01,1,7,0,2,0,1,1,
202100015349,174 276,B01,1,7,0,2,0,1,1,
202100015350,174 274,A01,3,34,0,1,1,1,1,
202100015351,174 272,B01,3,2,0,2,7,1,1,
202100015351,174 273,A01,3,7,0,2,2,9,1,
202100015352,174 270,B01,2,7,0,2,4,2,1,
202100015352,174 271,A01,2,7,0,2,1,2,1,
202100015353,174 268,B01,1,7,0,2,4,23,1,
202100015353,174 269,A01,1,7,0,2,1,1,1,
202100015354,174 266,A01,2,30,0,2,8,18,1,
202100015354,174 267,B01,2,38,0,2,7,2,1,1.0
202100015355,174 265,A01,2,7,0,1,1,1,2,
202100015356,174 263,Z01,2,7,0,2,4,23,0,
202100015356,174 264,A01,2,1,0,2,1,1,5,
202100015357,174 261,B01,1,33,0,2,1,1,1,
202100015357,174 262,A01,2,33,0,2,7,15,1,
202100015358,174 260,A01,3,38,6,0,1,1,1,4.0
202100015359,174 257,Z01,1,7,1,2,1,2,1,
202100015359,174 258,A01,1,7,0,2,4,2,1,
202100015359,174 259,B01,1,7,0,2,4,2,1,
202100015360,174 256,A01,1,7,0,1,2,1,1,
202100015361,174 254,A01,1,31,0,2,8,2,1,
202100015361,174 255,B01,1,7,0,2,6,2,1,
202100015362,174 251,A01,3,7,0,2,1,2,1,
202100015362,174 252,B01,3,7,0,2,4,23,1,
202100015362,174 253,C01,3,7,0,2,4,23,1,
202100015363,174 249,A01,1,7,0,2,2,15,1,
202100015363,174 250,B01,2,31,0,2,8,0,1,
202100015364,174 248,A01,1,7,3,0,7,9,1,
202100015365,174 244,B01,3,2,0,2,3,2,1,
202100015365,174 245,A01,3,7,9,2,2,26,1,
202100015366,174 240,B01,-1,7,0,2,5,4,1,
202100015366,174 241,A01,2,30,0,2,1,21,1,
202100015367,174 239,A01,0,33,7,0,1,26,1,
202100015368,174 237,A01,1,7,0,2,4,23,0,
202100015368,174 238,B01,1,7,0,2,1,2,0,
202100015369,174 235,B01,1,1,1,0,1,1,0,
202100015369,174 236,A01,1,7,0,2,8,22,1,
202100015370,174 233,A01,3,40,0,2,1,19,0,
202100015370,174 234,B01,3,33,0,-1,1,1,3,
202100015371,174 231,B01,1,7,0,2,4,1,1,
202100015371,174 232,A01,1,31,14,2,1,16,1,
202100015372,174 230,A01,1,7,13,0,0,14,1,
202100015373,174 228,A01,1,33,0,2,2,17,1,
202100015373,174 229,B01,1,7,0,2,8,15,1,
202100015374,174 226,A01,2,7,13,2,2,12,1,
202100015374,174 227,B01,2,14,0,2,3,1,1,
202100015375,174 225,A01,0,33,0,0,1,0,1,
202100015376,174 223,B01,2,2,0,2,1,17,1,
202100015376,174 224,A01,1,7,0,2,3,1,1,
202100015377,174 222,A01,1,7,3,0,7,1,1,
202100015378,174 219,A01,1,2,0,2,1,13,1,
202100015378,174 220,B01,2,7,0,2,1,1,1,
202100015378,174 221,C01,1,7,0,2,1,1,1,
202100015379,174 217,B01,2,7,10,2,4,11,1,
202100015379,174 218,A01,2,10,0,2,1,17,1,
202100015380,174 216,A01,3,2,0,0,0,0,1,
202100015381,174 214,A01,2,7,0,2,1,9,1,
202100015381,174 215,B01,1,33,0,2,7,9,1,
202100015382,174 213,A01,1,7,6,0,3,13,1,
202100015383,174 211,A01,3,10,0,2,2,19,1,
202100015383,174 212,B01,1,50,0,2,1,1,3,
202100015384,174 209,B01,1,33,0,2,1,1,1,
202100015384,174 210,A01,1,7,0,2,8,10,1,
202100015385,174 207,B01,1,7,0,2,1,1,1,
202100015385,174 208,A01,2,7,0,2,1,1,1,
202100015386,174 205,A01,2,7,0,2,1,15,1,
202100015386,174 206,B01,1,43,0,2,1,1,1,
202100015387,174 202,B01,2,7,0,2,6,23,1,
202100015387,174 203,C01,2,7,0,2,4,23,1,
202100015387,174 204,A01,2,7,6,2,2,1,1,
202100015388,174 201,A01,1,7,0,1,2,1,1,
202100015389,174 199,A01,3,2,0,2,1,1,1,
202100015389,174 200,B01,0,7,0,0,3,23,1,
202100015390,174 197,B01,1,1,0,2,4,1,5,
202100015390,174 198,A01,1,7,0,2,2,1,1,
202100015391,174 196,A01,2,7,6,0,1,1,1,
202100015392,174 194,A01,2,7,0,2,7,19,1,
202100015392,174 195,B01,2,7,0,2,1,1,1,
202100015393,174 192,B01,2,10,0,2,1,2,1,
202100015393,174 193,A01,1,7,0,2,1,0,0,
202100015394,174 189,A01,3,30,0,2,8,15,1,
202100015394,174 190,B01,2,7,0,2,1,2,1,
202100015394,174 191,C01,1,7,0,2,1,1,1,
202100015395,174 188,A01,3,1,0,0,0,0,5,
202100015396,174 186,B01,1,7,0,2,1,1,1,
202100015396,174 187,A01,2,7,0,2,4,26,1,
202100015397,174 184,A01,3,2,0,2,1,13,1,
202100015397,174 185,B01,0,1,0,2,3,1,5,
202100015398,174 181,C01,1,7,0,2,1,2,1,
202100015398,174 182,B01,1,7,0,2,1,1,1,
202100015398,174 183,A01,2,7,0,2,7,1,1,
202100015399,174 180,A01,2,7,0,1,1,26,2,
202100015400,174 179,A01,3,20,2,0,8,1,1,
202100015401,174 175,A01,1,7,0,2,1,19,1,
202100015401,174 176,B01,1,10,0,2,8,1,1,
202100015402,174 173,A01,2,7,0,2,7,1,1,
202100015402,174 174,B01,1,10,0,2,1,1,1,
202100015403,174 171,B01,1,7,0,2,1,26,1,
202100015403,174 172,A01,1,7,0,2,2,1,1,
202100015404,174 169,B01,1,7,0,2,2,1,1,
202100015404,174 170,A01,0,7,0,2,3,15,0,
202100015405,174 167,B01,2,2,0,2,1,1,1,
202100015405,174 168,A01,2,7,0,2,6,15,1,
202100015406,174 165,B01,1,7,0,2,2,15,1,
202100015406,174 166,A01,2,33,0,2,1,1,1,
202100015407,174 163,A01,2,10,0,2,7,19,1,
202100015407,174 164,B01,1,33,0,2,3,1,1,
202100015408,174 161,A01,2,7,3,0,0,1,1,
202100015408,174 162,B01,2,7,3,2,3,1,1,
202100015409,174 160,A01,0,32,0,6,1,0,0,
202100015410,174 159,A01,2,7,3,0,2,1,1,
202100015411,174 158,A01,1,10,13,0,3,26,1,
202100015412,174 156,B01,1,7,6,0,1,17,1,
202100015412,174 157,A01,2,33,0,0,1,0,1,
202100015413,174 155,A01,2,7,5,0,1,0,3,
202100015414,174 153,A01,1,7,0,2,1,9,1,
202100015414,174 154,B01,1,50,0,0,7,1,3,
202100015415,174 151,A01,2,10,0,2,1,2,1,
202100015415,174 152,B01,2,7,0,0,4,2,1,
202100015416,174 150,A01,2,7,0,0,9,1,0,
202100015417,174 148,A01,2,7,0,2,1,1,1,
202100015417,174 149,B01,2,10,0,2,6,19,1,
202100015418,174 146,A01,2,2,0,2,1,15,1,
202100015418,174 147,B01,1,7,0,2,1,1,1,
202100015419,174 144,A01,2,2,0,2,1,1,1,
202100015419,174 145,B01,2,7,0,2,3,9,1,
202100015420,174 143,A01,2,7,0,1,2,1,1,
202100015421,174 141,A01,1,33,0,2,2,13,1,
202100015421,174 142,B01,2,10,0,2,2,26,1,
202100015422,174 139,A01,0,7,8,0,2,1,1,
202100015422,174 140,B01,1,7,1,0,2,1,1,
202100015423,174 138,A01,2,7,7,0,7,13,1,
202100015424,174 137,A01,1,7,0,1,7,1,1,
202100015425,174 135,B01,3,33,0,2,1,17,1,
202100015425,174 136,A01,3,7,0,2,3,15,3,
202100015426,174 134,A01,1,21,2,0,1,1,1,
202100015427,174 132,A01,1,7,0,2,1,13,1,
202100015427,174 133,B01,2,7,0,0,3,1,1,
202100015428,174 128,B01,1,10,0,0,1,1,1,
202100015428,174 129,A01,1,7,0,0,4,1,1,
202100015428,174 130,C01,1,7,0,0,9,1,1,
202100015428,174 131,D01,1,7,0,0,1,1,1,
202100015429,174 127,A01,3,7,0,0,1,21,1,
202100015430,174 126,A01,3,1,0,0,0,17,5,
202100015431,174 124,B01,2,1,0,2,7,1,5,
202100015431,174 125,A01,1,7,0,9,2,15,1,
202100015432,174 123,A01,2,7,0,1,1,1,1,
202100015433,174 122,A01,2,7,4,0,8,1,1,
202100015434,174 121,A01,1,7,4,0,2,0,1,
202100015435,174 119,B01,2,7,0,2,1,2,1,
202100015435,174 120,A01,2,7,0,2,3,1,1,
202100015436,174 117,A01,2,7,0,2,6,23,1,
202100015436,174 118,B01,2,7,0,2,2,13,1,
202100015437,174 115,B01,2,10,0,2,1,1,1,
202100015437,174 116,A01,2,10,0,2,4,1,1,
202100015438,174 113,B01,2,7,0,2,9,1,1,
202100015438,174 114,A01,2,7,0,2,8,1,1,
202100015439,174 111,A01,2,7,0,2,3,26,1,
202100015439,174 112,B01,2,33,0,2,7,1,1,
202100015440,174 109,A01,1,15,0,2,2,0,1,
202100015440,174 110,B01,1,7,0,2,6,0,1,
202100015441,174 105,C01,1,10,3,2,4,2,1,
202100015441,174 106,B01,1,10,0,2,3,11,1,
202100015441,174 107,A01,1,10,0,2,1,1,1,
202100015441,174 108,D01,1,10,3,0,1,2,1,
202100015442,174 103,A01,2,10,0,2,1,2,1,
202100015442,174 104,B01,2,10,0,2,4,2,2,
202100015443,174 101,A01,2,10,0,2,1,1,1,
202100015443,174 102,B01,2,7,0,2,4,1,1,
202100015444,174 100,A01,0,7,0,0,0,26,1,
202100015445,174 098,A01,2,7,0,2,1,26,1,
202100015445,174 099,B01,2,7,0,2,1,1,1,
202100015446,174 096,B01,1,10,0,2,4,0,1,
202100015446,174 097,A01,1,7,0,2,1,21,1,
202100015447,174 094,Z01,1,7,0,2,1,0,1,
202100015447,174 095,B01,1,7,0,2,6,1,1,
202100015448,174 093,A01,1,7,4,0,4,1,1,
202100015449,174 090,A01,1,10,0,2,5,21,1,
202100015449,174 091,B01,1,7,0,2,3,1,1,
202100015449,174 092,C01,1,7,0,2,2,1,1,
202100015450,174 089,A01,1,7,4,0,1,13,1,
202100015451,174 088,A01,1,7,0,9,9,1,1,
202100015452,174 086,B01,1,7,0,2,4,1,1,
202100015452,174 087,A01,1,7,0,2,1,1,1,
202100015453,174 084,B01,1,10,0,2,4,1,0,
202100015453,174 085,A01,1,7,0,2,1,1,1,
202100015454,174 082,Z01,2,7,1,0,1,1,1,
202100015454,174 083,A01,2,7,0,2,4,24,1,
202100015455,174 081,A01,2,7,4,0,1,1,1,
202100015456,174 077,D01,2,7,0,2,4,1,1,
202100015456,174 078,C01,2,7,0,2,6,1,1,
202100015456,174 079,B01,2,7,0,2,4,1,1,
202100015456,174 080,A01,2,7,0,2,1,9,1,
202100015457,174 074,C01,1,7,0,2,6,2,1,
202100015457,174 075,B01,1,7,0,2,7,1,1,
202100015457,174 076,A01,1,33,0,2,3,1,1,
202100015458,174 071,C01,1,10,0,2,7,1,1,
202100015458,174 072,B01,1,7,0,2,3,11,1,
202100015458,174 073,A01,1,33,0,2,2,3,1,
202100015459,174 067,B01,1,7,0,2,5,1,1,
202100015459,174 068,C01,1,7,0,2,6,17,1,
202100015459,174 069,D01,1,7,0,2,8,1,1,
202100015459,174 070,A01,1,7,0,2,3,1,1,
202100015460,174 064,C01,2,7,0,2,1,1,1,
202100015460,174 065,A01,2,7,14,2,1,1,1,
202100015460,174 066,B01,2,7,0,2,4,24,1,
202100015461,174 062,A01,2,33,0,2,1,3,1,
202100015461,174 063,B01,2,7,0,2,7,12,1,
202100015462,174 060,B01,2,7,0,2,2,1,1,
202100015462,174 061,A01,2,7,0,2,1,15,1,
202100015463,174 059,A01,1,7,0,0,9,1,0,
202100015464,174 057,B01,2,7,0,2,4,1,1,
202100015464,174 058,A01,2,7,0,2,1,1,1,
202100015465,174 055,B01,2,7,0,2,1,26,1,
202100015465,174 056,A01,2,7,0,2,4,26,1,
202100015466,174 054,A01,3,7,0,1,1,1,1,
202100015467,174 052,A01,2,7,0,2,4,13,1,
202100015467,174 053,B01,2,30,0,2,1,2,1,
202100015468,174 051,A01,2,30,0,0,1,26,1,
202100015469,174 049,A01,2,7,0,2,4,2,1,
202100015469,174 050,B01,2,7,0,2,4,2,1,
202100015470,174 048,A01,3,7,0,1,3,15,1,
202100015471,174 047,A01,3,1,0,0,0,26,0,
202100015472,174 045,B01,3,1,0,2,7,19,5,
202100015472,174 046,A01,2,30,0,9,1,19,1,
202100015473,174 044,B01,1,2,0,2,1,1,1,
202100015474,174 042,B01,2,2,0,2,7,1,1,
202100015474,174 043,A01,1,7,0,2,3,26,1,
202100015475,174 041,A01,2,7,0,1,3,15,1,
202100015476,174 039,B01,-1,7,0,2,1,2,0,
202100015476,174 040,A01,-1,7,0,2,4,23,1,
202100015477,174 037,B01,2,37,0,2,5,1,1,3.0
202100015477,174 038,A01,2,7,0,2,3,15,1,
202100015478,174 035,B01,3,60,0,2,8,1,5,
202100015478,174 036,A01,2,7,0,2,2,16,1,
202100015479,174 034,A01,1,7,1,0,2,1,3,
202100015480,174 032,A01,2,32,0,2,1,1,1,
202100015480,174 033,B01,2,7,0,2,3,1,1,
202100015481,174 030,A01,2,10,0,2,3,13,1,
202100015481,174 031,B01,2,33,0,2,5,15,1,
202100015482,174 029,A01,3,7,6,0,7,1,1,
202100015483,174 028,A01,1,32,0,1,0,25,1,
202100015484,174 026,A01,1,30,8,2,1,5,1,
202100015484,174 027,B01,2,7,0,2,3,9,1,
202100015485,174 025,A01,1,7,0,1,3,17,1,
202100015486,174 023,B01,1,2,0,2,1,1,1,
202100015486,174 024,A01,2,7,0,2,1,15,1,
202100015487,174 021,B01,2,7,0,2,3,1,1,
202100015487,174 022,A01,2,7,0,2,1,14,1,
202100015488,174 019,A01,1,2,0,2,2,9,1,
202100015488,174 020,B01,1,10,0,2,2,1,1,
202100015489,174 016,A01,1,7,4,2,1,14,1,
202100015489,174 017,B01,1,7,0,2,4,14,1,
202100015489,174 018,C01,1,7,0,2,4,2,1,
202100015490,174 014,A01,1,7,0,2,2,10,1,
202100015490,174 015,B01,2,43,0,2,1,1,1,
202100015491,174 012,B01,3,80,0,2,4,2,3,
202100015491,174 013,A01,1,7,0,2,2,1,1,
202100015492,174 011,A01,2,7,2,0,1,26,1,
202100015493,174 008,C01,1,7,0,2,1,0,1,
202100015493,174 009,B01,1,7,14,2,5,15,1,
202100015493,174 010,A01,1,7,14,2,2,13,1,
202100015494,174 007,A01,2,7,1,0,2,1,1,
202100015495,174 005,B01,2,37,0,2,3,1,1,1.0
202100015495,174 006,A01,2,7,0,2,5,16,1,
202100015496,174 004,A01,3,7,8,0,1,26,1,
202100015497,174 003,A01,1,7,0,1,0,1,1,
202100015498,174 001,B01,3,7,0,2,1,1,1,
202100015498,174 002,A01,3,7,0,2,4,1,1,
202100015499,173 999,B01,2,10,0,2,3,1,1,
202100015499,174 000,A01,1,7,0,2,3,9,2,
202100015500,173 997,A01,1,7,0,2,4,1,1,
202100015500,173 998,B01,2,7,0,2,1,1,1,
202100015501,173 993,A01,3,50,0,2,1,2,3,
202100015501,173 994,B01,3,7,0,9,4,2,1,
202100015502,173 992,A01,1,7,0,1,0,21,1,
202100015503,173 990,B01,2,7,0,2,1,1,1,
202100015503,173 991,A01,1,7,0,2,2,15,1,
202100015504,173 988,B01,1,7,0,2,4,2,1,
202100015504,173 989,A01,1,7,0,2,1,2,1,
202100015505,173 986,A01,1,7,0,9,2,16,1,
202100015505,173 987,B01,1,50,0,2,8,1,3,
202100015506,173 984,B01,2,7,0,2,2,17,1,
202100015506,173 985,Z01,2,7,0,2,3,13,2,
202100015507,173 983,A01,0,7,0,1,1,1,1,
202100015508,173 981,A01,1,33,0,9,1,2,1,
202100015508,173 982,B01,1,1,0,2,4,2,5,
202100015509,173 978,B01,1,7,0,2,1,1,1,
202100015509,173 979,C01,2,10,0,2,3,23,1,
202100015509,173 980,A01,2,7,0,2,8,9,2,
202100015510,173 976,B01,1,7,14,0,4,2,1,
202100015510,173 977,A01,1,7,14,0,1,2,1,
202100015511,173 974,A01,2,7,2,2,7,1,1,
202100015511,173 975,B01,2,7,0,2,8,11,1,
202100015512,173 971,B01,0,7,0,2,4,23,1,
202100015512,173 972,C01,0,7,0,2,4,23,1,
202100015512,173 973,A01,0,7,0,2,1,1,1,
202100015513,173 969,A01,0,7,1,1,1,1,1,
202100015513,173 970,B01,0,7,0,1,8,23,1,
202100015514,173 961,A01,3,7,0,2,1,2,1,
202100015514,173 962,B01,3,3,0,2,4,2,1,
202100015515,173 957,B01,3,7,0,0,4,2,1,
202100015515,173 958,A01,3,31,0,2,1,2,1,
202100015516,173 955,A01,2,7,0,2,2,1,1,
202100015516,173 956,B01,2,33,0,2,3,1,1,
202100015517,173 952,C01,1,3,0,2,1,0,1,
202100015517,173 953,B01,1,3,0,2,9,2,1,
202100015517,173 954,A01,1,3,0,2,4,0,1,
202100015518,173 951,A01,3,33,6,0,1,26,1,
202100015519,173 950,A01,3,33,11,0,0,0,1,
202100015520,173 946,B01,2,33,0,2,1,1,1,
202100015520,173 947,A01,1,10,0,2,1,15,1,
202100015521,173 944,A01,2,7,0,2,4,1,1,
202100015521,173 945,B01,2,33,0,2,1,1,1,
202100015522,173 940,D01,3,7,0,2,8,18,1,
202100015522,173 941,C01,3,7,0,2,4,2,1,
202100015522,173 942,B01,3,7,0,2,4,2,1,
202100015522,173 943,A01,3,7,0,2,1,1,1,
202100015523,173 938,A01,1,7,0,2,1,1,1,
202100015523,173 939,B01,0,50,0,2,7,9,3,
202100015524,173 936,A01,1,7,0,2,1,15,1,
202100015524,173 937,B01,2,33,0,2,8,1,1,
202100015525,173 935,A01,1,10,0,1,3,7,1,
202100015526,173 933,B01,3,7,0,9,5,26,1,
202100015526,173 934,A01,3,1,0,2,5,9,5,
202100015527,173 932,A01,1,7,8,0,3,13,1,
202100015528,173 931,A01,1,7,0,1,1,1,1,
202100015529,173 929,B01,2,7,0,2,2,1,1,
202100015529,173 930,A01,1,7,0,2,3,1,1,
202100015530,173 927,A01,2,10,0,2,3,9,1,
202100015530,173 928,B01,2,33,0,2,7,1,1,
202100015531,173 925,A01,1,10,0,2,6,15,1,
202100015531,173 926,B01,2,31,0,2,1,1,1,
202100015532,173 922,A01,2,7,0,2,1,2,1,
202100015532,173 923,B01,2,7,0,2,4,2,1,
202100015532,173 924,C01,2,7,0,2,4,2,1,
202100015533,173 920,B01,1,7,0,2,3,1,1,
202100015533,173 921,A01,2,7,0,2,3,15,1,
202100015534,173 918,A01,1,2,0,2,1,17,1,
202100015534,173 919,B01,2,7,0,2,8,15,1,
202100015535,173 916,A01,1,33,0,2,1,17,1,
202100015535,173 917,B01,1,7,0,2,6,15,1,
202100015536,173 913,A01,1,7,0,2,1,1,1,
202100015536,173 914,B01,1,7,0,2,4,23,2,
202100015536,173 915,C01,1,7,0,2,4,23,1,
202100015537,173 911,B01,1,7,0,2,3,9,1,
202100015537,173 912,A01,2,33,0,2,8,9,1,
202100015538,173 909,B01,3,7,0,2,6,1,1,
202100015538,173 910,A01,3,33,0,2,7,12,1,
202100015539,173 907,A01,1,32,0,2,2,17,1,
202100015539,173 908,B01,1,7,0,2,3,15,1,
202100015540,173 905,B01,1,7,0,2,5,1,1,
202100015540,173 906,A01,1,30,0,2,1,1,1,
202100015541,173 903,B01,1,10,0,2,6,23,1,
202100015541,173 904,A01,1,2,0,2,1,1,1,
202100015542,173 901,B01,2,7,0,2,8,14,1,
202100015542,173 902,A01,2,33,0,2,2,14,1,
202100015543,173 899,B01,2,30,0,2,1,1,1,
202100015543,173 900,A01,1,7,0,2,2,15,1,
202100015544,173 897,A01,1,7,9,2,1,1,1,
202100015544,173 898,B01,2,7,0,2,7,1,1,
202100015545,173 896,A01,1,7,9,0,1,26,1,
202100015546,173 894,B01,3,7,0,2,3,21,1,
202100015546,173 895,A01,3,60,0,2,0,26,5,
202100015547,173 892,B01,3,50,0,2,7,26,3,
202100015547,173 893,Z01,3,7,0,9,0,0,1,
202100015548,173 891,Z01,3,99,0,1,1,26,5,
202100015549,173 889,A01,2,7,0,2,1,9,1,
202100015549,173 890,B01,2,2,0,2,1,1,1,
202100015550,173 887,B01,1,7,6,9,4,1,1,
202100015550,173 888,A01,1,7,0,2,2,1,1,
202100015551,173 885,A01,2,7,0,2,3,16,1,
202100015551,173 886,B01,1,30,0,2,1,1,1,
202100015552,173 884,A01,1,10,0,1,1,1,1,
202100015553,173 883,A01,1,7,0,1,2,1,1,
202100015554,173 881,A01,2,7,0,2,8,22,1,
202100015554,173 882,B01,2,1,1,0,1,1,5,
202100015555,173 880,A01,1,7,0,1,7,1,1,
202100015556,173 878,A01,1,7,0,2,6,15,1,
202100015556,173 879,B01,1,33,0,2,7,1,1,
202100015557,173 876,A01,1,1,0,2,1,1,5,
202100015557,173 877,B01,1,7,0,9,3,1,1,
202100015558,173 871,B01,0,1,0,2,1,21,5,
202100015558,173 872,A01,1,7,0,2,7,1,1,
202100015559,173 869,B01,1,50,0,2,8,16,3,
202100015559,173 870,A01,1,7,0,2,2,16,1,
202100015560,173 868,A01,1,7,0,0,1,16,1,
202100015561,173 867,A01,1,7,0,0,0,26,1,
202100015562,173 866,A01,1,30,0,0,0,26,3,
202100015563,173 865,A01,1,7,0,1,2,26,1,
202100015564,173 864,A01,1,15,0,1,0,26,1,
202100015565,173 863,A01,1,10,0,1,4,4,1,
202100015566,173 862,A01,1,7,1,0,1,1,1,
202100015567,173 860,B01,1,1,0,2,1,1,5,
202100015567,173 861,A01,2,3,0,2,2,15,1,
202100015568,173 858,A01,0,7,0,2,3,9,1,
202100015568,173 859,B01,0,33,0,0,4,1,1,
202100015569,173 856,A01,3,7,1,0,3,1,6,
202100015569,173 857,B01,3,7,0,2,5,24,6,
202100015570,173 853,C01,1,7,0,2,5,1,1,
202100015570,173 854,B01,1,15,0,2,8,1,1,
202100015570,173 855,A01,1,33,0,2,9,17,1,
202100015571,173 851,B01,1,7,0,2,3,1,1,
202100015571,173 852,A01,2,7,0,2,3,1,1,
202100015572,173 850,A01,3,7,8,0,3,13,1,
202100015573,173 848,A01,3,7,0,2,3,0,1,
202100015573,173 849,B01,0,7,0,2,0,0,1,
202100015574,173 845,C01,1,10,0,2,5,0,1,
202100015574,173 846,B01,1,10,0,2,6,0,1,
202100015574,173 847,A01,1,10,0,2,3,9,1,
202100015575,173 843,A01,3,7,0,2,1,1,1,
202100015575,173 844,B01,3,1,0,2,4,15,5,
202100015576,173 841,B01,2,33,0,2,1,1,0,
202100015576,173 842,A01,1,7,0,2,3,15,0,
202100015577,173 840,A01,3,7,15,0,2,14,1,
202100015578,173 839,A01,1,30,0,0,0,21,1,
202100015579,173 837,B01,2,7,0,2,3,1,1,
202100015579,173 838,A01,1,7,0,2,2,1,1,
202100015580,173 834,B01,2,7,0,2,4,2,1,
202100015580,173 835,C01,2,7,0,2,4,2,1,
202100015580,173 836,A01,2,7,0,2,1,2,1,
202100015581,173 831,A01,1,7,0,2,1,1,1,
202100015581,173 832,B01,1,7,0,2,1,1,1,