Num_Acc,id_vehicule,num_veh,senc,catv,obs,obsm,choc,manv,motor,occutc
202100015581,173 833,C01,1,7,0,2,4,1,1,
202100015582,173 828,A01,3,7,0,2,1,2,1,
202100015582,173 829,B01,3,7,0,2,4,2,1,
202100015582,173 830,C01,3,7,0,2,4,2,1,
202100015583,173 827,A01,0,7,0,1,2,15,1,
202100015584,173 826,A01,1,7,3,0,0,0,1,
202100015585,173 825,A01,3,7,0,1,3,1,1,
202100015586,173 821,B01,1,7,0,0,0,0,1,
202100015586,173 822,A01,2,30,14,0,0,0,1,
202100015587,173 819,B01,1,7,0,9,2,1,1,
202100015587,173 820,A01,1,50,0,2,8,19,3,
202100015588,173 817,B01,2,7,0,2,1,2,1,
202100015588,173 818,A01,2,7,0,2,7,15,1,
202100015589,173 815,B01,2,7,0,2,2,16,1,
202100015589,173 816,A01,2,32,0,2,8,7,1,
202100015590,173 812,A01,1,10,0,2,1,1,1,
202100015590,173 813,C01,3,10,0,2,4,26,1,
202100015590,173 814,B01,1,33,0,2,8,1,2,
202100015591,173 810,B01,0,32,0,2,1,1,1,
202100015591,173 811,A01,3,7,0,2,3,15,1,
202100015592,173 808,A01,2,7,0,2,2,9,0,
202100015592,173 809,B01,1,7,0,2,1,1,1,
202100015593,173 807,A01,1,32,0,0,0,0,1,
202100015594,173 806,A01,1,20,4,0,3,16,1,
202100015595,173 805,A01,2,7,0,1,0,26,1,
202100015596,173 804,A01,2,7,0,1,2,1,1,
202100015597,173 803,A01,1,7,13,0,1,13,1,
202100015598,173 802,A01,2,7,3,0,2,1,1,
202100015599,173 801,A01,2,7,13,0,9,26,1,
202100015600,173 799,A01,1,30,0,2,8,1,1,
202100015600,173 800,B01,2,14,0,2,6,15,1,
202100015601,173 797,B01,1,1,0,2,1,1,0,
202100015601,173 798,A01,1,7,0,2,3,9,1,
202100015602,173 795,B01,1,33,0,2,7,17,1,
202100015602,173 796,A01,1,7,0,2,3,15,1,
202100015603,173 793,B01,0,7,0,2,3,1,1,
202100015603,173 794,A01,0,7,0,2,3,1,1,
202100015604,173 789,B01,3,1,0,2,7,1,5,
202100015604,173 790,A01,3,37,0,2,5,16,1,1.0
202100015605,173 787,A01,1,7,1,2,1,12,1,
202100015605,173 788,B01,0,1,0,2,8,0,5,
202100015606,173 784,C01,-1,1,0,0,4,1,5,
202100015606,173 785,A01,0,7,0,2,1,5,1,
202100015606,173 786,B01,0,7,0,2,3,1,1,
202100015607,173 779,A01,3,30,0,2,7,16,1,
202100015608,173 778,A01,0,7,0,1,2,9,1,
202100015609,173 777,A01,2,7,0,1,1,1,1,
202100015610,173 773,A01,1,30,0,0,7,16,1,
202100015611,173 771,B01,1,7,0,2,3,1,1,
202100015611,173 772,A01,1,7,0,2,1,13,1,
202100015612,173 770,A01,2,7,12,0,1,1,1,
202100015613,173 768,A01,2,7,8,2,5,1,1,
202100015613,173 769,Z01,1,7,0,2,1,1,0,
202100015614,173 767,A01,0,3,8,0,1,1,1,
202100015615,173 765,A01,0,7,0,2,3,15,1,
202100015615,173 766,B01,0,33,0,2,2,3,1,
202100015616,173 763,B01,3,33,0,2,7,1,1,
202100015616,173 764,A01,3,7,0,2,3,15,1,
202100015617,173 761,B01,1,33,0,2,8,1,1,
202100015617,173 762,A01,2,7,0,2,1,15,1,
202100015618,173 759,A01,2,7,0,2,8,15,1,
202100015618,173 760,B01,2,33,0,2,1,1,1,
202100015619,173 756,A01,1,7,0,2,1,1,1,
202100015619,173 757,B01,1,7,0,2,4,21,1,
202100015619,173 758,C01,1,7,0,2,4,0,1,
202100015620,173 754,B01,1,50,0,2,1,1,3,
202100015620,173 755,A01,1,7,0,2,2,15,1,
202100015621,173 752,B01,3,33,0,2,7,1,1,
202100015621,173 753,A01,3,33,0,2,1,2,1,
202100015622,173 750,B01,1,7,0,2,4,1,1,
202100015622,173 751,A01,1,7,0,2,1,1,1,
202100015623,173 746,A01,3,99,3,0,0,14,1,
202100015623,173 747,B01,3,10,4,4,1,1,1,
202100015623,173 748,C01,3,7,0,4,1,1,1,
202100015623,173 749,D01,3,7,0,4,1,1,1,
202100015624,173 744,B01,1,33,0,2,7,2,1,
202100015624,173 745,A01,1,7,0,2,6,15,1,
202100015625,173 742,B01,1,7,0,2,1,1,1,
202100015625,173 743,A01,2,33,0,2,7,15,1,
202100015626,173 741,Z01,3,7,15,0,0,26,0,
202100015627,173 740,A01,2,7,0,1,2,0,0,
202100015628,173 736,D01,1,7,14,0,4,23,1,
202100015628,173 737,C01,1,7,14,0,4,23,1,
202100015628,173 738,B01,1,7,0,2,9,23,1,
202100015628,173 739,A01,1,10,14,0,1,2,1,
202100015629,173 734,B01,1,1,0,2,8,2,5,
202100015629,173 735,A01,1,10,0,9,7,17,1,
202100015630,173 733,A01,2,1,0,1,9,13,0,
202100015631,173 732,A01,2,7,0,1,7,1,1,
202100015632,173 730,A01,3,30,0,2,1,17,1,
202100015632,173 731,B01,3,3,0,2,8,15,1,
202100015633,173 728,Z01,1,7,0,9,0,14,0,
202100015633,173 729,B01,1,1,0,2,7,26,5,
202100015634,173 726,A01,2,7,0,2,2,12,1,
202100015634,173 727,B01,2,10,0,2,6,21,1,
202100015635,173 724,A01,2,43,0,2,1,13,1,
202100015635,173 725,B01,2,7,0,2,4,1,1,
202100015636,173 722,A01,1,10,0,2,4,16,3,
202100015636,173 723,B01,1,2,0,2,2,16,1,
202100015637,173 721,A01,1,7,0,1,3,15,2,
202100015638,173 720,A01,1,32,0,0,0,19,1,
202100015639,173 718,B01,1,7,0,2,6,1,1,
202100015639,173 719,A01,1,30,0,2,1,2,1,
202100015640,173 716,A01,1,30,0,2,7,1,3,
202100015640,173 717,B01,1,7,0,2,1,1,1,
202100015641,173 714,A01,2,33,0,2,6,13,1,
202100015641,173 715,B01,1,7,0,2,6,1,2,
202100015642,173 712,A01,1,7,0,2,6,22,1,
202100015642,173 713,B01,1,32,0,2,1,1,1,
202100015643,173 710,A01,2,7,0,2,8,22,1,
202100015643,173 711,B01,2,2,0,2,1,1,1,
202100015644,173 708,B01,1,7,0,2,0,1,1,
202100015644,173 709,A01,2,30,0,2,0,1,1,
202100015645,173 706,B01,1,7,0,2,1,1,1,
202100015645,173 707,A01,2,30,0,2,1,17,1,
202100015646,173 703,C01,1,7,0,2,4,15,1,
202100015646,173 704,B01,1,31,0,2,4,15,1,
202100015646,173 705,A01,1,7,0,2,1,15,1,
202100015647,173 702,A01,1,1,12,0,1,0,5,
202100015648,173 701,A01,1,7,0,1,7,1,1,
202100015649,173 697,B01,1,2,0,2,1,18,1,
202100015649,173 698,A01,1,7,0,2,2,16,1,
202100015650,173 696,A01,2,7,4,0,1,9,1,
202100015651,173 693,A01,2,7,0,2,2,17,1,
202100015651,173 694,B01,1,1,0,2,8,2,5,
202100015651,173 695,T01,2,7,0,2,0,0,1,
202100015652,173 691,A01,0,7,0,2,3,16,1,
202100015652,173 692,B01,0,30,0,2,7,16,1,
202100015653,173 689,A01,1,10,0,2,0,0,0,
202100015653,173 690,B01,1,7,0,2,0,0,1,
202100015654,173 687,A01,2,7,0,2,2,2,1,
202100015654,173 688,Z01,2,1,0,2,3,2,5,
202100015655,173 685,B01,1,7,0,2,1,1,1,
202100015655,173 686,A01,2,30,0,2,8,1,1,
202100015656,173 683,B01,1,1,0,2,7,9,0,
202100015656,173 684,A01,2,7,0,2,3,9,1,
202100015657,173 681,A01,1,7,0,0,0,0,1,
202100015657,173 682,B01,1,2,0,2,2,17,1,
202100015658,173 679,A01,3,7,0,2,3,17,1,
202100015658,173 680,B01,3,2,0,2,1,1,1,
202100015659,173 678,A01,2,2,1,0,1,1,1,
202100015660,173 676,B01,1,3,0,2,5,16,0,
202100015660,173 677,A01,1,50,0,2,1,1,3,
202100015661,173 674,A01,2,7,6,2,1,1,1,
202100015661,173 675,B01,2,7,0,2,4,1,1,
202100015662,173 672,B01,3,7,9,2,7,1,1,
202100015662,173 673,A01,3,7,9,2,1,1,1,
202100015663,173 670,A01,1,7,0,2,5,12,1,
202100015663,173 671,B01,1,30,0,2,8,1,1,
202100015664,173 668,A01,1,7,0,2,3,21,1,
202100015664,173 669,B01,2,10,0,2,7,21,1,
202100015665,173 666,A01,1,30,0,2,3,1,1,
202100015665,173 667,B01,1,7,0,2,2,1,1,
202100015666,173 665,A01,1,10,0,0,1,1,1,
202100015667,173 663,A01,2,17,0,2,1,2,1,
202100015667,173 664,B01,2,7,0,0,4,15,1,
202100015668,173 661,B01,1,7,0,2,5,1,1,
202100015668,173 662,A01,1,7,0,2,3,19,0,
202100015669,173 659,B01,0,2,0,0,7,26,1,
202100015669,173 660,A01,0,7,0,2,3,9,1,
202100015670,173 658,A01,1,7,16,0,9,17,1,
202100015671,173 656,A01,1,7,0,9,2,17,1,
202100015671,173 657,B01,1,1,0,2,8,2,5,
202100015672,173 655,A01,3,7,0,1,1,20,1,
202100015673,173 653,A01,1,33,0,2,1,13,1,
202100015673,173 654,B01,2,7,0,2,2,1,1,
202100015674,173 650,B01,2,10,0,2,2,2,1,
202100015674,173 651,A01,2,7,0,2,4,15,1,
202100015675,173 648,B01,3,7,0,2,1,13,1,
202100015675,173 649,A01,3,7,0,2,1,1,3,
202100015676,173 647,A01,2,1,13,0,1,26,0,
202100015677,173 646,A01,2,7,13,0,3,0,1,
202100015678,173 645,A01,2,33,3,0,7,1,1,
202100015679,173 643,B01,1,7,0,2,1,1,1,
202100015679,173 644,A01,2,7,0,2,2,15,1,
202100015680,173 642,A01,3,31,8,0,1,20,1,
202100015681,173 641,A01,3,7,0,0,2,1,0,
202100015682,173 639,B01,2,7,0,2,3,1,1,
202100015682,173 640,A01,1,7,0,2,3,13,1,
202100015683,173 638,A01,1,7,2,0,3,14,1,
202100015684,173 636,B01,1,7,0,2,3,19,1,
202100015684,173 637,A01,1,33,0,2,1,17,1,
202100015685,173 630,A01,1,7,2,0,1,1,1,
202100015686,173 629,A01,2,33,3,0,0,13,1,
202100015687,173 627,A01,1,7,0,9,3,1,1,
202100015687,173 628,B01,2,1,0,2,8,19,5,
202100015688,173 626,A01,0,15,13,0,9,1,1,
202100015689,173 625,A01,0,7,0,0,9,1,1,
202100015690,173 624,A01,3,33,13,0,0,0,1,
202100015691,173 622,A01,1,7,0,2,1,1,1,
202100015691,173 623,B01,1,7,0,2,4,1,1,
202100015692,173 619,B01,1,7,3,0,4,1,1,
202100015692,173 620,A01,1,7,0,2,1,2,1,
202100015693,173 616,A01,2,7,0,0,5,15,1,
202100015693,173 617,B01,1,32,0,2,1,1,1,
202100015694,173 614,B01,3,2,0,2,1,1,1,
202100015694,173 615,A01,3,7,0,2,2,15,1,
202100015695,173 612,A01,1,33,8,2,2,1,1,
202100015695,173 613,B01,0,7,0,2,3,19,1,
202100015696,173 611,A01,3,7,15,0,1,26,1,
202100015697,173 610,A01,0,2,6,0,1,0,1,
202100015698,173 609,A01,1,7,2,0,8,1,1,
202100015699,173 608,A01,1,33,2,0,2,1,1,
202100015700,173 607,A01,1,7,15,0,1,0,1,
202100015701,173 606,A01,1,7,0,1,1,2,1,
202100015702,173 605,A01,2,7,2,0,1,1,1,
202100015703,173 604,A01,3,7,6,0,1,1,1,
202100015704,173 601,C01,1,7,0,2,1,23,1,
202100015704,173 602,B01,1,1,0,2,8,19,5,
202100015704,173 603,A01,2,33,0,2,1,17,1,
202100015705,173 599,A01,2,33,0,2,2,1,1,
202100015705,173 600,B01,2,7,0,2,3,15,1,
202100015706,173 597,B01,1,2,0,2,1,1,1,
202100015706,173 598,A01,1,7,0,2,2,19,1,
202100015707,173 593,A01,1,7,0,2,8,1,1,
202100015707,173 594,Z01,1,7,0,0,0,0,0,
202100015708,173 589,B01,2,7,0,2,4,1,1,
202100015708,173 590,C01,2,7,0,2,4,0,1,
202100015708,173 591,D01,2,7,0,2,1,1,1,
202100015708,173 592,A01,2,7,0,0,4,1,1,
202100015709,173 586,A01,1,7,0,2,4,2,3,
202100015709,173 587,B01,1,7,0,2,3,2,1,
202100015709,173 588,C01,1,7,0,1,1,2,1,
202100015710,173 584,B01,2,7,0,2,1,2,1,
202100015710,173 585,A01,2,7,0,2,4,2,1,
202100015711,173 582,Z01,1,0,0,2,0,26,0,
202100015711,173 583,A01,1,7,0,2,1,26,1,
202100015712,173 581,A01,1,33,3,0,2,14,1,
202100015713,173 579,A01,1,80,0,2,4,2,3,
202100015713,173 580,Z01,1,7,0,2,1,2,1,
202100015714,173 577,B01,1,7,0,2,2,1,1,
202100015714,173 578,A01,1,7,4,2,2,12,1,
202100015715,173 576,A01,2,7,4,0,1,16,1,
202100015716,173 574,B01,1,7,0,2,4,1,1,
202100015716,173 575,A01,1,10,0,2,1,2,1,
202100015717,173 572,A01,1,7,0,2,7,17,1,
202100015717,173 573,B01,1,7,3,2,3,1,1,
202100015718,173 571,A01,2,7,4,2,1,1,1,
202100015719,173 569,A01,1,7,0,2,1,2,1,
202100015719,173 570,B01,1,7,0,2,4,2,2,
202100015720,173 568,A01,2,10,4,0,6,1,1,
202100015721,173 567,A01,2,33,0,0,7,16,1,
202100015722,173 565,A01,1,7,0,2,1,1,1,
202100015722,173 566,B01,1,15,0,2,6,2,1,
202100015723,173 563,A01,-1,7,0,2,1,1,1,
202100015723,173 564,B01,-1,15,0,2,4,1,0,
202100015724,173 562,A01,1,7,14,0,1,26,1,
202100015725,173 557,E01,2,7,0,2,1,21,1,
202100015725,173 558,D01,2,7,0,2,8,1,1,
202100015725,173 559,C01,2,7,0,2,8,1,1,
202100015725,173 560,B01,2,7,0,2,8,1,1,
202100015725,173 561,A01,2,10,4,2,3,1,1,
202100015726,173 555,B01,2,7,0,2,1,2,1,
202100015726,173 556,A01,2,7,0,2,4,2,1,
202100015727,173 554,Z01,2,7,0,1,0,1,0,
202100015728,173 551,C01,1,7,0,2,6,1,1,
202100015728,173 552,B01,1,7,0,2,5,1,1,
202100015728,173 553,A01,1,7,3,2,1,2,1,
202100015729,173 550,A01,1,7,0,2,1,1,1,
202100015730,173 547,B01,1,10,0,2,1,1,1,
202100015730,173 548,A01,1,7,0,2,6,2,1,
202100015730,173 549,C01,1,14,0,2,4,2,1,
202100015731,173 546,A01,1,7,3,0,3,0,1,
202100015732,173 544,B01,1,7,0,2,4,2,1,
202100015732,173 545,A01,1,7,0,2,1,2,1,
202100015733,173 542,A01,1,10,6,0,9,0,1,
202100015733,173 543,B01,1,7,0,0,1,1,1,
202100015734,173 541,A01,2,7,4,0,9,2,1,
202100015735,173 538,C01,2,7,0,2,5,2,1,
202100015735,173 539,A01,2,7,15,2,2,15,1,
202100015735,173 540,B01,2,7,0,2,6,2,1,
202100015736,173 536,B01,2,7,4,2,8,9,1,
202100015736,173 537,A01,1,15,0,2,7,1,0,
202100015737,173 534,A01,1,34,1,2,1,18,1,
202100015737,173 535,B01,1,10,0,0,0,22,1,
202100015738,173 533,A01,1,7,0,1,1,16,1,
202100015739,173 532,A01,1,7,0,1,3,16,1,
202100015740,173 530,B01,1,14,0,2,2,16,1,
202100015740,173 531,A01,1,32,0,2,3,18,1,
202100015741,173 529,A01,1,10,0,1,2,1,1,
202100015742,173 527,B01,1,33,0,2,3,1,1,
202100015742,173 528,A01,1,30,0,2,1,1,1,
202100015743,173 526,A01,1,7,0,1,3,7,2,
202100015744,173 525,A01,1,1,0,0,3,1,5,
202100015745,173 524,A01,1,2,12,0,0,14,1,
202100015746,173 522,B01,3,30,0,2,1,1,1,
202100015746,173 523,A01,3,1,0,2,8,1,5,
202100015747,173 520,B01,3,32,0,2,7,1,1,
202100015747,173 521,A01,3,15,0,2,2,15,1,
202100015748,173 519,A01,1,7,0,1,3,1,2,
202100015749,173 518,A01,1,1,2,1,4,25,5,
202100015750,173 516,A01,2,33,0,2,1,2,1,
202100015750,173 517,B01,2,10,0,2,0,2,3,
202100015751,173 515,A01,0,37,0,1,2,7,2,1.0
202100015752,173 513,B01,1,7,0,2,4,23,1,
202100015752,173 514,A01,1,10,0,2,1,2,1,
202100015753,173 511,A01,1,32,0,2,2,16,1,
202100015753,173 512,B01,1,80,0,2,8,1,3,
202100015754,173 509,A01,2,7,0,0,3,23,1,
202100015754,173 510,B01,2,7,1,0,2,26,2,
202100015755,173 507,B01,2,32,0,2,1,17,1,
202100015755,173 508,A01,2,10,0,2,8,15,1,
202100015756,173 505,A01,1,7,0,2,5,15,1,
202100015756,173 506,B01,2,30,0,2,1,2,1,
202100015757,173 503,B01,2,2,0,2,1,1,1,
202100015757,173 504,A01,2,7,0,2,3,26,1,
202100015758,173 501,A01,2,34,0,2,1,16,1,
202100015758,173 502,B01,2,1,0,2,1,15,5,
202100015759,173 500,A01,1,7,1,0,2,1,1,
202100015760,173 499,A01,1,33,0,1,1,1,1,
202100015761,173 497,A01,2,7,0,2,5,15,2,
202100015761,173 498,B01,2,34,0,2,1,1,3,
202100015762,173 495,A01,3,7,0,2,1,9,1,
202100015762,173 496,B01,1,2,0,2,1,26,1,
202100015763,173 493,B01,1,50,0,2,8,1,3,
202100015763,173 494,A01,1,10,0,2,7,17,0,
202100015764,173 490,C01,1,7,0,2,0,0,1,
202100015764,173 491,B01,1,7,0,2,9,1,1,
202100015764,173 492,A01,1,7,0,2,1,9,1,
202100015765,173 488,A01,1,7,0,2,1,2,1,
202100015765,173 489,B01,1,33,0,2,2,0,1,
202100015766,173 486,A01,-1,7,0,2,1,2,1,
202100015766,173 487,B01,3,7,0,2,4,23,1,
202100015767,173 484,B01,2,7,0,2,1,1,1,
202100015767,173 485,A01,1,7,0,2,1,11,1,
202100015768,173 483,A01,1,7,0,1,2,1,1,
202100015769,173 481,A01,3,7,0,9,3,9,1,
202100015769,173 482,B01,3,1,0,2,1,1,0,
202100015770,173 479,B01,0,7,0,2,1,0,1,
202100015770,173 480,A01,1,7,0,2,0,0,1,
202100015771,173 477,A01,1,7,0,2,1,26,1,
202100015771,173 478,B01,1,32,0,2,7,1,1,
202100015772,173 476,A01,2,30,0,1,1,1,0,
202100015773,173 475,A01,2,7,0,1,1,15,0,
202100015774,173 473,A01,2,7,0,2,2,16,1,
202100015774,173 474,B01,2,80,0,2,8,1,3,
202100015775,173 471,A01,0,1,0,2,8,13,5,
202100015775,173 472,B01,1,10,0,2,0,0,1,
202100015776,173 469,B01,0,32,1,2,0,0,0,
202100015776,173 470,A01,0,20,0,2,0,13,0,
202100015777,173 468,A01,2,7,0,1,1,1,1,
202100015778,173 466,B01,0,7,0,2,8,1,1,
202100015778,173 467,A01,0,7,0,2,1,1,1,
202100015779,173 464,B01,1,33,0,2,1,2,1,
202100015779,173 465,A01,2,7,0,2,1,15,3,
202100015780,173 462,A01,1,7,0,2,3,15,1,
202100015780,173 463,B01,2,32,0,2,8,0,1,
202100015781,173 461,A01,2,7,0,1,4,4,1,
202100015782,173 460,Z01,2,7,0,1,3,1,0,
202100015783,173 459,A01,1,10,0,1,1,15,1,
202100015784,173 457,A01,1,7,0,2,5,16,1,
202100015784,173 458,B01,1,1,0,2,1,18,5,
202100015785,173 455,A01,1,7,0,2,2,15,1,
202100015785,173 456,B01,2,7,0,2,1,1,1,
202100015786,173 453,B01,0,7,0,2,3,1,1,
202100015786,173 454,A01,3,7,0,2,3,1,1,
202100015787,173 451,B01,1,7,0,2,1,1,1,
202100015787,173 452,A01,1,13,0,0,5,1,1,
202100015788,173 450,A01,1,33,2,0,1,0,1,
202100015789,173 447,C01,2,7,0,2,6,1,1,
202100015789,173 448,B01,2,7,0,0,3,23,1,
202100015789,173 449,A01,1,33,1,2,0,0,1,
202100015790,173 445,A01,1,33,0,2,1,13,1,
202100015790,173 446,B01,2,7,0,2,8,15,1,
202100015791,173 444,A01,2,2,13,0,3,0,1,
202100015792,173 442,B01,2,10,0,2,3,1,1,
202100015792,173 443,A01,2,7,0,2,5,12,1,
202100015793,173 440,A01,1,7,0,2,1,1,1,
202100015793,173 441,B01,1,7,1,0,6,15,1,
202100015794,173 438,A01,3,1,0,2,4,2,5,
202100015794,173 439,B01,3,7,0,9,2,17,1,
202100015795,173 435,C01,1,7,0,2,1,1,1,
202100015795,173 436,B01,2,7,0,2,1,1,1,
202100015795,173 437,A01,2,7,0,2,1,1,1,
202100015796,173 433,B01,1,32,0,2,3,15,1,
202100015796,173 434,A01,1,7,0,2,5,1,1,
202100015797,173 431,A01,1,7,3,2,3,1,1,
202100015797,173 432,B01,2,7,3,2,3,1,1,
202100015798,173 429,B01,2,17,0,2,1,1,1,
202100015798,173 430,A01,1,7,0,2,1,13,1,
202100015799,173 427,A01,2,7,0,0,4,2,1,
202100015799,173 428,B01,2,33,0,0,1,2,1,
202100015800,173 425,B01,1,7,0,2,1,2,1,
202100015800,173 426,A01,2,7,0,2,3,9,1,
202100015801,173 424,A01,1,7,2,0,2,1,1,
202100015802,173 423,A01,3,33,0,9,1,1,1,
202100015803,173 422,A01,1,2,8,0,8,5,1,
202100015804,173 421,A01,2,33,2,0,0,1,1,
202100015805,173 420,A01,2,7,16,0,5,1,1,
202100015806,173 418,A01,1,30,0,2,7,15,1,
202100015806,173 419,B01,2,7,0,2,1,1,1,
202100015807,173 417,A01,3,7,7,0,0,0,1,
202100015808,173 416,A01,2,7,13,0,1,1,1,
202100015809,173 415,A01,2,7,13,0,1,1,1,
202100015810,173 413,A01,1,7,0,2,1,13,1,
202100015810,173 414,B01,2,7,0,2,1,1,1,
202100015811,173 412,A01,1,7,13,0,3,0,1,
202100015812,173 411,A01,3,7,0,0,3,1,1,
202100015813,173 409,A01,2,32,0,2,1,2,1,
202100015813,173 410,B01,2,7,0,2,4,15,1,
202100015814,173 407,B01,1,7,0,0,4,23,1,
202100015814,173 408,A01,2,10,0,2,1,1,0,
202100015815,173 405,A01,1,7,1,0,8,1,1,
202100015815,173 406,B01,1,7,1,0,7,24,1,
202100015816,173 403,B01,1,33,0,2,1,1,1,
202100015816,173 404,A01,2,7,0,2,5,15,1,
202100015817,173 402,A01,1,33,0,0,8,1,1,
202100015818,173 400,B01,1,10,0,2,3,1,1,
202100015818,173 401,A01,2,7,0,2,3,5,0,
202100015819,173 397,A01,1,7,16,0,1,0,1,
202100015820,173 396,A01,1,7,0,1,2,1,1,
202100015821,173 393,A01,1,7,3,0,9,1,1,
202100015822,173 391,B01,2,1,0,2,1,0,5,
202100015822,173 392,A01,1,7,0,2,2,16,2,
202100015823,173 389,A01,2,32,0,2,2,17,1,
202100015823,173 390,B01,2,7,0,0,3,15,1,
202100015824,173 388,A01,2,32,0,0,7,1,1,
202100015825,173 386,A01,2,33,0,0,3,1,1,
202100015825,173 387,B01,2,7,0,0,5,17,1,
202100015826,173 385,A01,2,7,3,0,2,1,1,
202100015827,173 382,C01,2,7,0,2,4,1,1,
202100015827,173 383,B01,2,7,0,2,3,11,0,
202100015827,173 384,A01,2,33,0,2,5,1,1,
202100015828,173 381,A01,2,7,2,0,1,2,0,
202100015829,173 379,A01,2,7,0,0,3,1,1,
202100015829,173 380,B01,2,7,0,2,3,13,1,
202100015830,173 377,A01,1,33,0,2,1,13,1,
202100015830,173 378,B01,2,14,0,2,3,1,1,
202100015831,173 376,A01,3,33,0,0,8,1,1,
202100015832,173 374,A01,3,10,0,2,1,1,1,
202100015832,173 375,B01,3,3,0,2,1,13,3,
202100015833,173 372,B01,3,7,0,2,3,14,1,
202100015833,173 373,A01,3,31,0,2,1,5,1,
202100015834,173 370,A01,3,10,0,2,3,1,1,
202100015834,173 371,B01,3,80,0,2,1,13,3,
202100015835,173 368,B01,0,1,0,2,1,1,5,
202100015835,173 369,A01,2,7,0,9,3,15,2,
202100015836,173 367,A01,1,7,0,1,3,15,1,
202100015837,173 365,B01,1,43,0,2,1,21,1,
202100015837,173 366,A01,1,7,0,0,6,22,1,
202100015838,173 364,A01,1,7,0,1,2,1,1,
202100015839,173 363,A01,1,7,0,1,2,16,1,
202100015840,173 361,A01,0,7,0,0,6,1,1,
202100015840,173 362,B01,0,7,0,2,2,1,1,
202100015841,173 360,A01,2,32,0,0,3,0,1,
202100015842,173 357,A01,2,10,0,2,2,14,1,
202100015842,173 358,B01,2,33,0,2,3,7,1,
202100015842,173 359,C01,2,7,0,2,1,1,1,
202100015843,173 355,B01,1,7,0,2,1,2,1,
202100015843,173 356,A01,1,7,0,2,4,1,1,
202100015844,173 353,B01,2,7,0,2,5,2,1,
202100015844,173 354,A01,2,7,0,2,3,2,1,
202100015845,173 351,B01,1,10,0,2,5,2,1,
202100015845,173 352,A01,1,33,0,2,1,3,1,
202100015846,173 350,A01,2,33,4,0,8,2,1,
202100015847,173 348,A01,2,33,0,2,4,2,1,
202100015847,173 349,B01,2,10,0,2,1,2,1,
202100015848,173 346,B01,2,7,0,2,4,1,1,
202100015848,173 347,A01,2,7,0,2,1,26,1,
202100015849,173 344,B01,2,7,0,2,4,1,1,
202100015849,173 345,A01,2,7,0,2,1,2,1,
202100015850,173 342,B01,1,7,0,2,4,2,1,
202100015850,173 343,A01,1,7,0,2,1,2,1,
202100015851,173 339,A01,1,7,0,2,4,1,1,
202100015851,173 340,C01,1,7,0,2,1,1,1,
202100015851,173 341,B01,1,7,0,2,4,1,1,
202100015852,173 337,B01,1,7,0,2,8,2,1,
202100015852,173 338,A01,1,33,0,2,1,3,1,
202100015853,173 335,B01,2,33,0,2,8,1,1,
202100015853,173 336,A01,2,7,0,2,7,12,1,
202100015854,173 334,A01,3,7,0,1,3,1,1,
202100015855,173 333,A01,3,7,0,1,1,24,1,
202100015856,173 332,A01,1,7,1,0,1,14,1,
202100015857,173 330,B01,1,32,0,2,1,1,1,
202100015857,173 331,A01,2,7,0,2,7,15,1,
202100015858,173 329,A01,1,7,0,1,1,1,1,
202100015859,173 328,A01,1,2,0,0,0,1,1,
202100015860,173 327,A01,1,7,0,1,7,13,1,
202100015861,173 325,B01,1,7,0,2,6,2,1,
202100015861,173 326,A01,1,7,0,2,2,2,1,
202100015862,173 323,A01,2,50,0,0,7,26,3,
202100015862,173 324,B01,2,7,0,2,0,0,0,
202100015863,173 321,A01,1,50,0,2,1,25,3,
202100015863,173 322,B01,3,7,0,2,3,26,1,
202100015864,173 319,B01,1,50,0,2,1,1,3,
202100015864,173 320,A01,3,7,0,2,1,9,1,
202100015865,173 317,A01,3,7,0,2,1,15,1,
202100015865,173 318,B01,2,80,0,2,2,19,3,
202100015866,173 316,A01,2,7,13,0,1,26,1,
202100015867,173 314,B01,2,7,0,2,5,16,1,
202100015867,173 315,A01,2,32,0,2,1,2,1,
202100015868,173 311,A01,1,7,0,2,7,18,1,
202100015868,173 312,B01,1,7,0,2,8,1,1,
202100015868,173 313,C01,2,7,0,2,4,1,1,
202100015869,173 310,A01,1,7,0,2,2,2,1,
202100015870,173 309,A01,0,7,1,1,1,1,0,
202100015871,173 308,A01,3,7,5,0,2,14,2,
202100015872,173 306,A01,3,10,0,2,3,5,1,
202100015872,173 307,B01,3,7,0,2,2,1,1,
202100015873,173 305,Z01,3,7,0,1,1,1,0,
202100015874,173 303,B01,1,10,0,2,1,1,1,
202100015874,173 304,A01,1,7,0,2,4,23,1,
202100015875,173 300,A01,2,32,0,2,0,1,1,
202100015875,173 301,B01,2,7,0,0,4,1,1,
202100015875,173 302,C01,1,10,0,0,3,1,1,
202100015876,173 299,A01,3,7,1,0,1,1,1,
202100015877,173 297,A01,3,1,0,2,7,19,5,
202100015877,173 298,B01,1,7,0,2,0,0,1,
202100015878,173 296,A01,1,13,0,1,2,26,1,
202100015879,173 294,B01,1,34,0,2,1,2,1,
202100015879,173 295,A01,1,7,0,2,5,15,2,
202100015880,173 291,C01,2,7,0,2,6,2,0,
202100015880,173 292,A01,2,7,0,2,3,17,0,
202100015880,173 293,B01,1,7,0,2,3,1,0,
202100015881,173 289,B01,2,7,0,2,4,2,1,