Num_Acc,id_vehicule,num_veh,senc,catv,obs,obsm,choc,manv,motor,occutc
202100015881,173 290,A01,2,7,0,2,1,2,1,
202100015882,173 287,B01,3,7,0,2,2,0,1,
202100015882,173 288,A01,3,7,2,2,8,26,1,
202100015883,173 285,B01,1,7,0,2,2,13,1,
202100015883,173 286,A01,1,7,0,2,3,17,1,
202100015884,173 282,A01,2,32,14,0,3,1,1,
202100015885,173 280,B01,0,7,0,0,1,16,1,
202100015885,173 281,A01,0,32,0,2,3,16,1,
202100015886,173 273,A01,1,7,0,1,1,1,1,
202100015887,173 271,A01,1,7,0,2,1,1,1,
202100015887,173 272,B01,3,7,0,2,8,1,1,
202100015888,173 269,B01,3,7,0,2,3,15,1,
202100015888,173 270,A01,3,2,0,2,1,1,1,
202100015889,173 267,B01,3,7,0,2,4,2,1,
202100015889,173 268,A01,3,7,0,2,1,2,1,
202100015890,173 266,A01,3,30,0,0,0,1,1,
202100015891,173 264,A01,1,7,0,2,2,1,1,
202100015891,173 265,B01,1,7,0,2,3,1,1,
202100015892,173 263,A01,1,21,0,1,7,26,1,
202100015893,173 262,A01,2,32,2,0,1,26,1,
202100015894,173 260,A01,2,7,0,2,3,9,1,
202100015894,173 261,B01,2,1,0,2,5,1,5,
202100015895,173 258,B01,1,50,0,2,1,2,3,
202100015895,173 259,A01,1,7,0,2,3,2,1,
202100015896,173 256,A01,1,7,0,2,1,13,1,
202100015896,173 257,B01,2,7,0,2,1,1,1,
202100015897,173 255,A01,1,7,12,1,5,17,1,
202100015898,173 252,A01,3,7,0,2,1,2,1,
202100015898,173 253,B01,3,7,0,2,4,2,1,
202100015898,173 254,C01,3,7,0,2,4,2,1,
202100015899,173 251,A01,1,1,12,0,1,1,5,
202100015900,173 250,A01,1,30,12,0,2,21,1,
202100015901,173 248,A01,2,7,0,2,1,2,1,
202100015901,173 249,B01,2,7,0,2,4,1,1,
202100015902,173 247,A01,1,7,1,0,3,13,1,
202100015903,173 246,A01,1,7,9,0,1,1,1,
202100015904,173 244,A01,1,7,0,2,1,1,1,
202100015904,173 245,B01,1,7,0,2,3,1,1,
202100015905,173 242,B01,1,7,0,2,1,1,1,
202100015905,173 243,A01,1,7,0,2,3,15,1,
202100015906,173 240,A01,2,33,0,2,1,1,1,
202100015906,173 241,B01,2,7,0,0,4,12,1,
202100015907,173 238,A01,1,1,0,2,1,26,5,
202100015907,173 239,B01,1,7,0,2,4,2,1,
202100015908,173 234,C01,1,7,0,2,4,2,1,
202100015908,173 235,D01,1,7,0,2,4,2,1,
202100015908,173 236,B01,1,2,0,2,4,2,1,
202100015908,173 237,A01,1,10,0,2,1,2,1,
202100015909,173 232,B01,2,7,0,2,3,13,1,
202100015909,173 233,A01,1,7,0,2,3,21,1,
202100015910,173 228,A01,2,7,0,2,1,2,1,
202100015910,173 229,B01,2,7,0,2,4,1,1,
202100015911,173 226,A01,3,7,0,2,1,9,3,
202100015911,173 227,B01,3,32,0,2,7,1,1,
202100015912,173 224,B01,2,7,0,2,2,15,1,
202100015912,173 225,A01,1,1,0,2,1,19,5,
202100015913,173 222,A01,1,33,0,2,1,13,1,
202100015913,173 223,B01,2,1,0,2,1,1,5,
202100015914,173 220,A01,3,31,0,2,7,17,1,
202100015914,173 221,B01,3,7,0,2,3,15,1,
202100015915,173 218,A01,1,1,0,2,1,5,5,
202100015915,173 219,B01,1,7,0,2,1,16,1,
202100015916,173 217,A01,2,7,0,1,1,1,1,
202100015917,173 216,A01,1,7,8,0,1,26,1,
202100015918,173 214,A01,1,7,0,2,2,14,1,
202100015918,173 215,B01,1,2,0,2,6,0,1,
202100015919,173 213,A01,1,7,6,0,1,0,1,
202100015920,173 211,A01,0,7,0,2,7,18,1,
202100015920,173 212,B01,0,7,0,2,3,0,1,
202100015921,173 208,A01,1,7,0,0,0,0,1,
202100015921,173 209,B01,1,7,0,0,0,0,1,
202100015921,173 210,C01,1,7,0,0,0,0,0,
202100015922,173 205,C01,1,7,0,2,1,1,1,
202100015922,173 206,B01,1,7,0,2,8,1,1,
202100015922,173 207,A01,2,33,0,2,1,17,1,
202100015923,173 203,A01,1,7,0,2,1,1,1,
202100015923,173 204,B01,1,7,0,2,7,19,1,
202100015924,173 201,B01,3,80,0,2,7,19,3,
202100015924,173 202,A01,3,7,0,1,1,1,1,
202100015925,173 199,A01,3,16,0,2,2,14,1,
202100015925,173 200,B01,3,7,0,2,8,1,1,
202100015926,173 197,B01,2,7,0,2,2,1,1,
202100015926,173 198,A01,2,10,0,2,8,20,1,
202100015927,173 194,A01,3,43,0,2,1,2,1,
202100015927,173 195,B01,3,7,0,2,4,2,1,
202100015927,173 196,C01,3,7,1,2,0,0,1,
202100015928,173 192,B01,1,2,0,2,1,1,1,
202100015928,173 193,A01,2,7,0,2,2,15,1,
202100015929,173 190,B01,3,1,0,2,0,0,0,
202100015929,173 191,A01,3,1,0,2,7,9,0,
202100015930,173 189,A01,1,7,0,1,1,15,1,
202100015931,173 187,A01,3,7,0,2,1,15,1,
202100015931,173 188,B01,0,60,0,2,1,1,5,
202100015932,173 186,A01,2,7,0,1,1,1,1,
202100015933,173 184,B01,1,2,0,2,7,17,1,
202100015933,173 185,A01,1,7,0,2,3,15,2,
202100015934,173 181,A01,3,33,0,2,1,17,1,
202100015934,173 182,B01,3,7,0,2,3,11,1,
202100015934,173 183,C01,3,10,0,2,0,0,1,
202100015935,173 180,A01,3,7,0,1,2,1,1,
202100015936,173 178,A01,2,7,0,2,8,22,1,
202100015936,173 179,B01,2,1,1,0,1,1,5,
202100015937,173 177,A01,1,7,0,1,1,1,1,
202100015938,173 175,A01,3,7,0,2,3,9,1,
202100015938,173 176,B01,3,33,0,2,2,9,1,
202100015939,173 173,A01,3,7,0,9,1,15,1,
202100015939,173 174,B01,3,50,0,9,1,2,3,
202100015940,173 171,A01,2,14,0,2,1,2,1,
202100015940,173 172,B01,2,7,0,2,4,23,1,
202100015941,173 169,B01,2,7,0,2,5,2,1,
202100015941,173 170,A01,2,33,0,2,1,2,1,
202100015942,173 167,B01,2,1,1,0,8,1,5,
202100015942,173 168,A01,2,7,0,2,7,22,1,
202100015943,173 165,B01,3,7,0,2,6,2,1,
202100015943,173 166,A01,3,43,0,2,2,2,1,
202100015944,173 163,B01,2,33,0,0,4,23,1,
202100015944,173 164,A01,2,7,0,2,3,2,1,
202100015945,173 162,A01,1,7,0,1,3,1,1,
202100015946,173 161,A01,1,50,0,1,7,1,3,
202100015947,173 160,A01,1,32,0,1,8,18,1,
202100015948,173 158,B01,2,7,0,2,4,23,1,
202100015948,173 159,A01,2,10,0,2,1,2,1,
202100015949,173 157,Z01,2,50,0,1,7,1,3,
202100015950,173 156,A01,2,1,0,0,1,1,5,
202100015951,173 155,A01,1,37,0,1,8,13,2,1.0
202100015952,173 153,A01,2,30,0,2,1,17,1,
202100015952,173 154,B01,1,7,0,2,1,9,1,
202100015953,173 151,A01,2,34,0,2,2,1,1,
202100015953,173 152,B01,2,50,0,2,1,1,3,
202100015954,173 150,A01,1,7,0,1,3,1,2,
202100015955,173 148,A01,2,33,0,2,1,2,1,
202100015955,173 149,B01,2,32,0,2,4,23,1,
202100015956,173 147,A01,2,10,0,1,4,4,1,
202100015957,173 145,B01,3,30,0,2,7,1,1,
202100015957,173 146,A01,3,7,0,2,8,15,1,
202100015958,173 143,B01,2,33,0,2,9,1,1,
202100015958,173 144,A01,1,7,0,2,2,1,1,
202100015959,173 141,A01,3,10,0,2,3,9,1,
202100015959,173 142,B01,3,99,0,2,1,9,3,
202100015960,173 139,A01,1,7,0,0,0,0,0,
202100015960,173 140,B01,2,1,0,2,8,14,5,
202100015961,173 138,A01,1,10,0,1,3,1,1,
202100015962,173 137,A01,3,7,0,1,2,1,1,
202100015963,173 136,A01,1,99,0,1,5,1,6,
202100015964,173 134,B01,2,43,0,2,2,1,1,
202100015964,173 135,A01,2,7,0,2,3,15,1,
202100015965,173 133,A01,1,7,0,1,0,1,1,
202100015966,173 131,B01,3,2,0,2,2,17,0,
202100015966,173 132,A01,3,10,0,2,8,15,0,
202100015967,173 129,B01,2,33,0,2,5,1,1,
202100015967,173 130,A01,1,7,0,2,1,16,1,
202100015968,173 127,A01,1,7,0,2,3,10,1,
202100015968,173 128,B01,1,33,0,2,2,1,1,
202100015969,173 125,A01,1,7,0,2,2,14,1,
202100015969,173 126,B01,1,30,0,2,8,0,1,
202100015970,173 123,A01,3,7,0,2,8,10,2,
202100015970,173 124,B01,1,33,0,2,2,1,0,
202100015971,173 119,B01,2,1,0,2,4,1,5,
202100015971,173 120,A01,2,7,0,2,1,2,2,
202100015972,173 117,A01,2,2,0,1,0,15,1,
202100015972,173 118,B01,2,60,0,2,-1,25,5,
202100015973,173 116,A01,1,10,0,1,1,15,1,
202100015974,173 114,B01,2,1,0,2,1,1,5,
202100015974,173 115,A01,2,7,0,2,8,24,1,
202100015975,173 112,B01,2,21,0,2,8,26,1,
202100015975,173 113,A01,1,10,0,2,3,19,1,
202100015976,173 110,A01,0,7,0,2,3,15,1,
202100015976,173 111,B01,3,2,0,2,1,1,1,
202100015977,173 108,B01,1,7,0,2,1,9,1,
202100015977,173 109,A01,1,7,0,0,4,1,1,
202100015978,173 106,B01,1,14,0,2,3,2,1,
202100015978,173 107,A01,2,7,3,0,1,2,1,
202100015979,173 104,B01,1,7,0,2,1,1,1,
202100015979,173 105,A01,2,7,0,2,1,1,1,
202100015980,173 102,B01,2,10,0,2,1,1,1,
202100015980,173 103,A01,1,7,10,2,1,1,1,
202100015981,173 101,A01,2,7,16,0,1,0,1,
202100015982,173 100,A01,1,7,2,0,3,1,1,
202100015983,173 098,A01,2,7,0,9,3,9,1,
202100015983,173 099,B01,1,1,0,2,2,1,6,
202100015984,173 096,A01,2,7,0,0,2,2,1,
202100015984,173 097,B01,2,1,12,2,4,2,5,
202100015985,173 095,A01,2,7,2,0,3,13,1,
202100015986,173 093,A01,2,7,0,2,2,17,1,
202100015986,173 094,B01,2,2,0,2,6,15,1,
202100015987,173 091,A01,1,7,0,2,1,13,2,
202100015987,173 092,B01,2,7,0,2,1,21,1,
202100015988,173 089,A01,1,10,0,2,3,1,1,
202100015988,173 090,B01,2,7,0,2,3,13,1,
202100015989,173 086,B01,1,33,0,2,1,1,1,
202100015989,173 087,C01,2,7,0,2,3,1,1,
202100015989,173 088,A01,2,7,0,2,7,17,1,
202100015990,173 085,A01,2,10,6,0,1,1,1,
202100015991,173 083,A01,2,7,0,2,1,13,1,
202100015991,173 084,B01,1,7,0,2,1,1,1,
202100015992,173 082,A01,2,7,2,0,1,1,1,
202100015993,173 081,A01,1,33,0,0,9,13,1,
202100015994,173 079,B01,2,15,0,2,8,1,1,
202100015994,173 080,A01,1,33,0,2,3,5,1,
202100015995,173 077,A01,1,33,5,2,0,3,1,
202100015995,173 078,B01,1,7,0,2,2,1,1,
202100015996,173 075,A01,0,7,0,2,8,9,1,
202100015996,173 076,B01,0,7,0,2,1,1,1,
202100015997,173 073,B01,2,7,0,2,5,15,1,
202100015997,173 074,A01,2,10,0,2,2,1,1,
202100015998,173 071,A01,1,7,0,0,1,1,1,
202100015998,173 072,B01,2,7,0,0,1,1,1,
202100015999,173 069,B01,2,33,0,2,1,1,1,
202100015999,173 070,A01,0,10,0,2,6,19,1,
202100016000,173 067,A01,1,7,0,2,1,2,1,
202100016000,173 068,B01,1,15,0,0,4,2,1,
202100016001,173 066,A01,3,7,12,0,1,1,1,
202100016002,173 064,B01,1,2,7,2,7,1,1,
202100016002,173 065,A01,1,7,0,2,1,19,1,
202100016003,173 063,A01,2,7,13,0,1,14,1,
202100016004,173 061,B01,3,7,0,2,5,1,1,
202100016004,173 062,A01,1,7,0,2,1,1,1,
202100016005,173 059,A01,1,7,0,2,2,15,1,
202100016005,173 060,B01,2,13,0,2,1,1,0,
202100016006,173 057,A01,1,2,0,2,1,19,1,
202100016006,173 058,B01,2,7,0,0,6,1,1,
202100016007,173 052,A01,2,2,0,2,1,1,1,
202100016007,173 053,B01,1,7,0,2,1,1,1,
202100016008,173 049,B01,1,7,0,2,1,1,1,
202100016008,173 050,A01,2,7,0,2,2,15,1,
202100016009,173 046,B01,2,7,0,2,2,15,1,
202100016009,173 047,A01,2,7,0,2,1,1,1,
202100016010,173 044,A01,0,80,0,9,6,15,3,
202100016010,173 045,B01,0,7,0,9,2,17,1,
202100016011,173 042,B01,0,7,0,2,4,2,1,
202100016011,173 043,A01,0,10,0,2,1,2,1,
202100016012,173 041,A01,2,10,16,0,3,1,1,
202100016013,173 039,B01,0,1,0,2,3,1,5,
202100016013,173 040,A01,0,7,0,2,1,1,1,
202100016014,173 037,B01,1,7,0,2,1,1,1,
202100016014,173 038,A01,2,7,0,2,1,5,2,
202100016015,173 035,A01,2,10,0,2,3,1,0,
202100016015,173 036,B01,2,33,13,0,2,1,1,
202100016016,173 034,A01,1,7,13,0,1,16,1,
202100016017,173 033,A01,1,33,5,0,3,13,1,
202100016018,173 031,A01,2,7,0,2,4,2,1,
202100016018,173 032,B01,2,7,0,2,1,2,1,
202100016019,173 030,A01,1,7,12,0,2,1,1,
202100016020,173 028,B01,2,7,0,0,5,12,1,
202100016020,173 029,A01,2,10,0,2,3,1,1,
202100016021,173 025,B01,2,17,0,2,0,1,1,
202100016021,173 026,A01,2,7,4,2,9,0,1,
202100016021,173 027,C01,2,17,0,2,0,1,1,
202100016022,173 022,B01,2,7,0,2,1,26,1,
202100016022,173 023,A01,1,7,0,2,6,19,1,
202100016023,173 018,B01,2,33,0,2,1,15,1,
202100016023,173 019,A01,1,7,0,2,7,15,1,
202100016024,173 016,B01,3,33,0,2,1,1,1,
202100016024,173 017,A01,3,99,0,2,3,26,1,
202100016025,173 014,A01,2,7,0,9,2,1,1,
202100016025,173 015,B01,2,1,0,0,4,0,5,
202100016026,173 013,A01,1,31,0,0,0,0,1,
202100016027,173 011,B01,1,7,0,0,3,1,1,
202100016027,173 012,A01,2,7,0,0,3,13,1,
202100016028,173 009,A01,1,2,12,0,0,12,1,
202100016028,173 010,B01,1,7,0,2,3,9,1,
202100016029,173 008,A01,1,7,17,0,3,13,1,
202100016030,173 006,A01,2,7,0,2,8,10,1,
202100016030,173 007,B01,2,17,0,2,2,1,1,
202100016031,173 004,B01,0,7,0,2,3,17,1,
202100016031,173 005,A01,0,33,0,2,7,17,1,
202100016032,173 003,A01,1,7,13,0,9,1,1,
202100016033,173 001,A01,1,7,0,2,4,26,2,
202100016033,173 002,B01,1,10,0,2,2,2,1,
202100016034,173 000,A01,1,7,0,9,3,26,1,
202100016035,172 998,A01,1,10,0,2,4,2,1,
202100016035,172 999,Z01,1,7,0,2,1,2,0,
202100016036,172 992,A01,1,7,0,2,6,1,1,
202100016036,172 993,B01,1,7,0,2,1,1,1,
202100016036,172 994,C01,1,10,0,2,1,1,1,
202100016037,172 990,B01,2,7,0,2,7,12,1,
202100016037,172 991,A01,2,32,0,2,8,3,1,
202100016038,172 988,A01,2,10,1,0,2,14,1,
202100016038,172 989,B01,2,14,0,2,6,23,1,
202100016039,172 986,A01,1,17,0,2,2,12,1,
202100016039,172 987,B01,1,7,0,2,3,1,1,
202100016040,172 984,A01,1,33,0,2,1,3,1,
202100016040,172 985,B01,1,7,0,2,2,2,1,
202100016041,172 982,B01,2,33,0,2,8,3,1,
202100016041,172 983,A01,1,7,0,2,2,1,1,
202100016042,172 980,B01,1,31,0,2,1,3,1,
202100016042,172 981,A01,1,7,0,2,5,12,1,
202100016043,172 977,C01,1,7,0,2,8,2,1,
202100016043,172 978,B01,1,33,0,2,1,3,1,
202100016043,172 979,A01,1,7,0,2,5,12,0,
202100016044,172 974,C01,1,7,0,2,5,1,1,
202100016044,172 975,B01,1,33,0,2,7,3,1,
202100016044,172 976,A01,1,7,0,2,3,11,1,
202100016045,172 971,C01,2,33,0,2,1,3,1,
202100016045,172 972,A01,2,33,0,2,8,3,1,
202100016045,172 973,B01,2,7,0,2,5,1,1,
202100016046,172 969,A01,2,7,0,2,1,1,1,
202100016046,172 970,B01,2,7,0,2,4,1,1,
202100016047,172 967,A01,2,7,0,2,1,13,1,
202100016047,172 968,B01,2,7,0,2,4,1,1,
202100016048,172 965,B01,2,7,0,2,2,12,1,
202100016048,172 966,A01,2,33,0,2,3,3,1,
202100016049,172 964,A01,2,7,3,0,8,13,1,
202100016050,172 962,B01,2,33,0,2,3,3,1,
202100016050,172 963,A01,2,7,0,2,2,12,1,
202100016051,172 960,A01,2,10,0,2,1,1,1,
202100016051,172 961,B01,2,7,0,2,4,1,1,
202100016052,172 955,B01,2,7,0,2,3,11,1,
202100016052,172 956,E01,2,7,0,2,6,1,1,
202100016052,172 957,D01,2,7,0,2,8,1,1,
202100016052,172 958,C01,2,10,0,2,5,1,1,
202100016052,172 959,A01,2,33,0,2,1,1,1,
202100016053,172 952,A01,2,7,0,2,1,1,1,
202100016053,172 953,B01,2,10,0,2,4,1,1,
202100016053,172 954,C01,2,10,0,2,4,1,1,
202100016054,172 951,A01,1,7,4,0,4,26,1,
202100016055,172 950,A01,1,7,0,5,1,21,1,
202100016056,172 948,B01,2,7,2,2,5,12,1,
202100016056,172 949,A01,2,7,2,2,3,1,1,
202100016057,172 946,T01,2,10,0,0,0,23,1,
202100016057,172 947,A01,2,30,0,1,1,17,1,
202100016058,172 945,A01,3,15,0,0,0,16,1,
202100016059,172 944,A01,1,7,0,1,3,15,1,
202100016060,172 943,A01,1,7,0,1,2,1,1,
202100016061,172 942,A01,0,7,0,1,8,1,1,
202100016062,172 940,A01,1,7,0,2,1,9,1,
202100016062,172 941,B01,2,2,0,2,8,1,1,
202100016063,172 939,A01,0,33,11,0,1,14,1,
202100016064,172 937,B01,1,7,0,0,6,2,1,
202100016064,172 938,A01,1,7,0,2,2,1,1,
202100016065,172 935,A01,2,7,0,2,7,2,1,
202100016065,172 936,B01,1,7,0,2,1,2,1,
202100016066,172 933,A01,3,10,0,2,1,1,1,
202100016066,172 934,B01,3,7,0,2,4,1,1,
202100016067,172 931,A01,1,7,0,2,5,15,1,
202100016067,172 932,B01,2,2,0,2,1,1,1,
202100016068,172 929,B01,3,7,0,2,1,15,1,
202100016068,172 930,A01,3,7,0,2,2,15,1,
202100016069,172 927,B01,1,7,0,2,4,23,1,
202100016069,172 928,A01,1,7,0,2,1,1,1,
202100016070,172 925,A01,-1,30,-1,-1,-1,-1,-1,
202100016070,172 926,B01,2,7,0,2,3,1,1,
202100016071,172 923,B01,3,99,0,2,1,1,3,
202100016071,172 924,A01,3,7,0,2,7,19,1,
202100016072,172 922,B01,0,1,0,1,0,0,-1,
202100016073,172 920,B01,1,7,0,9,2,1,1,
202100016073,172 921,A01,2,1,0,2,1,15,0,
202100016074,172 916,B01,1,7,0,2,5,2,1,
202100016074,172 917,C01,1,7,0,2,4,2,1,
202100016074,172 918,D01,1,7,0,2,4,2,1,
202100016074,172 919,A01,1,7,0,2,1,2,1,
202100016075,172 914,B01,3,7,0,2,8,9,1,
202100016075,172 915,A01,2,7,0,2,1,1,1,
202100016076,172 910,D01,3,7,0,2,1,1,1,
202100016076,172 911,C01,3,7,0,2,1,1,1,
202100016076,172 912,B01,3,10,0,2,1,1,1,
202100016076,172 913,A01,3,7,0,2,4,1,1,
202100016077,172 908,A01,1,2,0,2,1,1,3,
202100016077,172 909,B01,1,7,0,2,0,0,1,
202100016078,172 906,B01,1,7,14,2,6,0,2,
202100016078,172 907,A01,1,1,0,2,1,16,5,
202100016079,172 904,A01,1,33,0,2,1,2,1,
202100016079,172 905,B01,1,7,0,2,5,2,1,
202100016080,172 901,A01,0,7,0,2,2,9,0,
202100016080,172 902,B01,0,33,0,2,1,1,0,
202100016080,172 903,D01,0,7,0,2,3,0,0,
202100016081,172 898,A01,2,7,0,1,1,1,1,
202100016082,172 896,B01,1,7,0,2,4,2,1,
202100016082,172 897,A01,1,7,0,2,1,2,1,
202100016083,172 895,A01,3,7,0,1,0,16,1,
202100016084,172 894,A01,3,7,0,1,1,1,1,
202100016085,172 893,A01,3,37,8,0,2,15,0,4.0
202100016086,172 891,A01,2,7,0,2,3,0,1,
202100016086,172 892,B01,1,7,0,2,6,0,1,
202100016087,172 890,A01,2,7,0,1,3,1,2,
202100016088,172 888,B01,2,31,0,2,1,17,1,
202100016088,172 889,A01,2,7,0,2,3,15,1,
202100016089,172 886,B01,0,7,0,2,1,1,1,
202100016089,172 887,A01,0,10,0,2,7,1,1,
202100016090,172 884,B01,1,34,0,2,8,1,1,
202100016090,172 885,A01,1,7,0,2,1,1,1,
202100016091,172 882,A01,2,10,0,2,0,0,1,
202100016091,172 883,B01,2,7,0,2,4,23,1,
202100016092,172 881,A01,0,7,0,5,9,26,1,
202100016093,172 879,D01,1,7,0,2,0,17,0,
202100016093,172 880,A01,1,50,0,2,3,1,3,
202100016094,172 878,A01,2,7,0,1,1,26,1,
202100016095,172 876,B01,3,7,0,2,4,2,1,
202100016095,172 877,A01,3,7,0,2,1,2,1,
202100016096,172 871,D01,2,7,0,9,1,1,0,
202100016096,172 872,C01,2,10,0,2,8,1,0,
202100016096,172 873,B01,2,14,0,2,6,1,0,
202100016096,172 874,A01,2,10,0,2,1,21,1,
202100016096,172 875,E01,2,7,0,2,8,1,0,
202100016097,172 865,B01,3,7,0,2,8,0,1,
202100016097,172 866,A01,1,30,0,2,1,14,1,
202100016098,172 864,A01,1,31,0,0,1,1,1,
202100016099,172 863,A01,2,7,0,1,3,1,1,
202100016100,172 861,B01,2,7,0,2,3,1,1,
202100016100,172 862,A01,1,7,7,2,1,15,1,
202100016101,172 860,A01,1,7,0,1,8,2,1,
202100016102,172 858,A01,1,1,0,9,3,13,5,
202100016102,172 859,B01,2,1,0,9,3,0,5,
202100016103,172 856,B01,1,7,0,2,5,2,1,
202100016103,172 857,A01,1,32,0,2,1,2,1,
202100016104,172 855,A01,2,7,0,1,1,1,1,
202100016105,172 854,A01,0,7,0,1,4,4,1,
202100016106,172 853,A01,0,7,0,1,1,1,1,
202100016107,172 851,B01,0,2,0,2,8,1,1,
202100016107,172 852,A01,0,7,0,2,2,1,1,
202100016108,172 850,A01,0,7,0,1,3,1,1,
202100016109,172 848,B01,0,7,0,2,3,16,1,
202100016109,172 849,A01,0,10,0,2,5,1,3,
202100016110,172 847,A01,1,7,1,0,2,26,1,
202100016111,172 845,B01,1,50,0,2,0,1,3,
202100016111,172 846,A01,3,7,0,9,2,19,1,
202100016112,172 844,A01,3,10,0,1,7,0,1,
202100016113,172 842,B01,2,34,0,2,1,1,1,
202100016113,172 843,A01,1,7,0,2,2,15,1,
202100016114,172 841,A01,0,50,0,0,0,26,3,
202100016115,172 840,A01,1,7,0,1,5,17,1,
202100016116,172 836,B01,2,7,0,2,1,1,1,
202100016116,172 837,A01,1,7,0,2,1,13,1,
202100016117,172 834,B01,1,7,0,2,4,2,1,
202100016117,172 835,A01,1,1,0,2,1,2,5,
202100016118,172 830,A01,1,7,0,2,1,9,1,
202100016118,172 831,B01,1,2,0,2,7,1,1,
202100016119,172 829,A01,0,7,1,0,1,1,1,
202100016120,172 827,B01,2,7,0,2,2,0,1,
202100016120,172 828,A01,2,7,0,2,1,0,1,
202100016121,172 825,A01,3,7,0,2,7,1,1,
202100016121,172 826,B01,3,50,0,2,1,1,3,
202100016122,172 823,A01,1,1,0,2,3,9,5,
202100016122,172 824,B01,1,14,0,2,5,1,1,
202100016123,172 822,A01,1,7,0,1,2,16,1,
202100016124,172 820,B01,1,7,0,2,4,2,1,
202100016124,172 821,A01,1,7,0,2,1,2,1,
202100016125,172 818,B01,2,7,0,2,1,9,1,
202100016125,172 819,A01,1,30,0,2,1,26,1,
202100016126,172 817,A01,2,7,0,1,1,1,1,
202100016127,172 815,A01,1,31,0,2,8,18,1,
202100016127,172 816,B01,1,7,0,2,2,16,1,
202100016128,172 813,B01,3,7,0,2,1,1,3,
202100016128,172 814,A01,3,7,0,2,0,20,1,
202100016129,172 811,B01,2,1,0,2,7,19,5,
202100016129,172 812,A01,1,7,0,2,7,1,1,
202100016130,172 809,A01,1,7,0,2,1,1,1,
202100016130,172 810,B01,2,1,0,2,3,9,5,
202100016131,172 807,A01,1,7,0,2,3,9,1,
202100016131,172 808,B01,1,1,0,2,1,1,5,
202100016132,172 804,B01,1,32,0,0,4,9,1,
202100016132,172 805,C01,1,7,0,2,4,1,1,
202100016132,172 806,A01,1,7,0,2,1,1,1,
202100016133,172 802,B01,2,7,0,2,8,15,1,
202100016133,172 803,A01,2,50,0,2,1,17,3,
202100016134,172 800,B01,1,7,0,2,4,1,2,
202100016134,172 801,A01,1,7,0,2,1,1,1,
202100016135,172 799,A01,1,7,0,1,3,1,1,
202100016136,172 798,A01,3,7,0,1,1,16,1,
202100016137,172 796,B01,2,31,0,2,1,1,1,
202100016137,172 797,A01,2,7,0,2,3,15,1,
202100016138,172 794,A01,1,7,0,2,2,16,1,
202100016138,172 795,B01,1,1,0,2,8,1,5,
202100016139,172 792,A01,2,7,0,0,4,15,1,
202100016139,172 793,B01,2,30,0,2,1,2,1,
202100016140,172 791,A01,1,7,0,1,3,1,1,
202100016141,172 790,A01,0,7,0,1,0,1,-1,
202100016142,172 788,A01,3,7,0,2,7,0,0,
202100016142,172 789,B01,3,7,0,2,1,1,1,
202100016143,172 786,A01,1,99,0,9,2,19,1,
202100016143,172 787,B01,2,1,0,2,1,19,5,
202100016144,172 784,B01,3,7,1,2,3,15,1,
202100016144,172 785,A01,3,10,0,2,1,14,1,
202100016145,172 782,A01,1,7,0,2,7,1,1,
202100016145,172 783,B01,1,7,0,2,1,1,1,
202100016146,172 780,A01,3,7,0,2,1,1,1,
202100016146,172 781,B01,3,7,0,2,6,15,1,
202100016147,172 779,A01,3,7,0,1,3,9,1,
202100016148,172 776,A01,1,7,0,2,8,1,1,
202100016148,172 777,B01,1,7,0,2,7,1,1,
202100016149,172 774,A01,1,7,0,2,1,1,1,
202100016149,172 775,B01,1,7,0,2,2,16,1,
202100016150,172 772,A01,1,17,0,4,2,23,1,
202100016150,172 773,B01,1,39,0,9,8,1,1,
202100016151,172 770,B01,1,7,0,2,1,1,1,
202100016151,172 771,A01,2,7,0,2,7,15,1,
202100016152,172 768,B01,3,41,0,2,0,21,3,
202100016152,172 769,A01,3,7,0,2,0,1,1,
202100016153,172 766,B01,0,2,0,2,3,15,1,
202100016153,172 767,A01,0,7,0,2,2,1,1,
202100016154,172 764,B01,0,7,0,2,5,1,1,
202100016154,172 765,A01,0,2,0,2,3,11,1,
202100016155,172 763,A01,1,7,0,1,1,1,1,
202100016156,172 761,B01,1,7,0,2,7,26,1,
202100016156,172 762,A01,1,50,0,2,1,26,3,
202100016157,172 759,B01,1,7,0,2,4,26,1,
202100016157,172 760,A01,1,7,0,2,1,26,1,
202100016158,172 758,A01,2,0,0,1,0,1,1,
202100016159,172 756,B01,2,7,0,2,2,1,1,
202100016159,172 757,A01,3,30,0,2,8,26,1,
202100016160,172 754,A01,2,7,0,9,1,2,1,
202100016160,172 755,B01,2,1,0,0,0,0,0,
202100016161,172 753,A01,1,7,0,1,1,1,1,
202100016162,172 751,B01,0,7,0,2,2,15,1,
202100016162,172 752,A01,0,34,0,2,1,1,1,
202100016163,172 750,A01,0,33,0,1,3,26,1,
202100016164,172 748,B01,0,1,0,0,0,1,5,
202100016164,172 749,A01,0,7,0,2,1,26,1,
202100016165,172 746,A01,1,7,0,2,8,10,1,
202100016165,172 747,B01,1,31,0,2,1,1,1,
202100016166,172 744,A01,1,10,0,2,5,18,1,
202100016166,172 745,B01,1,7,0,2,1,1,1,
202100016167,172 742,B01,1,1,0,0,8,1,5,
202100016167,172 743,A01,1,7,0,9,1,1,1,
202100016168,172 741,A01,2,14,9,0,1,26,1,
202100016169,172 738,A01,2,7,0,2,1,2,1,