Num_Acc,id_vehicule,num_veh,senc,catv,obs,obsm,choc,manv,motor,occutc
202100016457,172 211,A01,3,7,0,9,1,16,0,
202100016458,172 208,B01,3,7,0,2,1,20,1,
202100016458,172 209,A01,3,7,0,2,1,3,1,
202100016459,172 207,B01,3,32,0,2,7,1,1,
202100016460,172 205,B01,0,7,0,0,4,2,1,
202100016460,172 206,A01,0,7,0,2,1,2,1,
202100016461,172 203,B01,2,7,0,2,1,13,1,
202100016461,172 204,A01,2,7,0,2,1,15,1,
202100016462,172 201,A01,0,7,0,2,1,1,1,
202100016462,172 202,B01,0,31,0,2,1,1,1,
202100016463,172 200,A01,1,7,0,0,0,1,1,
202100016464,172 198,A01,2,33,0,2,1,17,1,
202100016464,172 199,B01,2,7,0,2,1,15,1,
202100016465,172 196,A01,2,7,0,2,1,19,1,
202100016465,172 197,B01,1,7,0,2,8,1,1,
202100016466,172 194,A01,1,30,0,2,1,1,1,
202100016466,172 195,B01,2,7,0,2,3,15,1,
202100016467,172 192,A01,1,1,0,2,5,2,5,
202100016467,172 193,B01,1,50,0,2,1,2,3,
202100016468,172 190,A01,1,10,0,2,2,9,3,
202100016468,172 191,B01,2,1,0,2,1,25,5,
202100016469,172 187,A01,1,10,0,2,1,1,1,
202100016469,172 188,C01,1,10,0,2,4,1,1,
202100016469,172 189,B01,1,7,0,2,4,1,1,
202100016470,172 186,A01,1,2,0,2,1,2,1,
202100016471,172 185,A01,1,99,8,0,2,13,1,
202100016472,172 183,B01,3,7,0,2,4,2,1,
202100016472,172 184,A01,3,7,0,2,1,2,0,
202100016473,172 182,A01,2,7,0,1,1,1,1,
202100016474,172 180,B01,3,7,0,2,8,19,1,
202100016474,172 181,A01,3,80,0,2,1,19,3,
202100016475,172 178,A01,1,60,0,2,7,1,5,
202100016475,172 179,B01,2,7,0,2,1,9,1,
202100016476,172 176,B01,3,33,0,2,1,1,1,
202100016476,172 177,A01,3,7,0,2,8,9,1,
202100016477,172 174,A01,3,32,0,2,7,19,1,
202100016477,172 175,B01,2,7,0,2,1,1,1,
202100016478,172 173,A01,2,7,0,1,1,1,1,
202100016479,172 169,C01,2,7,0,2,4,2,1,
202100016479,172 170,A01,2,7,0,2,1,2,1,
202100016479,172 171,B01,2,7,0,0,4,2,1,
202100016479,172 172,D01,2,10,0,0,4,2,1,
202100016480,172 167,A01,1,7,0,2,8,19,1,
202100016480,172 168,B01,2,31,0,2,1,1,1,
202100016481,172 166,A01,1,7,0,1,1,26,1,
202100016482,172 164,B01,1,3,0,2,0,0,1,
202100016482,172 165,A01,1,3,0,2,1,26,3,
202100016483,172 163,A01,3,7,2,0,1,13,1,
202100016484,172 162,A01,2,30,12,0,1,13,1,
202100016485,172 160,B01,2,7,0,2,4,1,2,
202100016485,172 161,A01,2,7,0,2,1,2,1,
202100016486,172 158,B01,1,33,0,2,1,1,1,
202100016486,172 159,A01,2,7,0,2,3,15,1,
202100016487,172 156,B01,1,7,0,2,6,1,1,
202100016487,172 157,A01,1,7,0,2,1,1,1,
202100016488,172 154,A01,1,10,0,2,3,9,1,
202100016488,172 155,B01,1,7,0,2,2,21,1,
202100016489,172 153,A01,3,7,15,0,2,1,1,
202100016490,172 151,B01,1,1,0,2,2,2,5,
202100016490,172 152,A01,1,7,0,2,2,14,1,
202100016491,172 150,A01,1,7,0,1,3,9,1,
202100016492,172 148,B01,2,50,0,2,1,1,3,
202100016492,172 149,A01,1,99,0,2,3,9,0,
202100016493,172 146,B01,3,30,0,9,1,26,1,
202100016493,172 147,A01,3,30,0,9,0,26,1,
202100016494,172 144,A01,1,7,0,2,2,26,2,
202100016494,172 145,B01,3,1,0,2,7,26,5,
202100016495,172 142,A01,1,7,0,2,3,26,1,
202100016495,172 143,B01,1,7,0,2,2,26,1,
202100016496,172 140,B01,1,7,0,2,1,26,1,
202100016496,172 141,A01,1,7,0,2,1,26,1,
202100016497,172 138,B01,1,7,0,2,0,0,1,
202100016497,172 139,A01,1,1,0,2,5,19,5,
202100016498,172 137,A01,1,33,11,0,1,26,1,
202100016499,172 136,A01,1,7,0,1,1,1,1,
202100016500,172 135,A01,2,7,1,0,1,1,1,
202100016501,172 134,A01,1,30,0,0,8,0,1,
202100016502,172 133,A01,1,1,0,1,1,1,5,
202100016503,172 130,B01,1,7,0,2,4,1,1,
202100016503,172 131,A01,1,2,0,2,1,0,1,
202100016503,172 132,C01,1,1,0,2,1,19,5,
202100016504,172 128,B01,1,7,0,2,1,23,1,
202100016504,172 129,A01,1,7,9,2,1,1,1,
202100016505,172 126,A01,1,7,0,2,1,15,1,
202100016505,172 127,B01,2,1,0,2,3,1,5,
202100016506,172 124,A01,3,7,0,2,3,9,1,
202100016506,172 125,B01,3,3,0,2,7,1,1,
202100016507,172 122,B01,3,7,0,2,0,1,1,
202100016507,172 123,A01,3,7,0,2,1,15,1,
202100016508,172 120,B01,2,7,0,2,8,24,1,
202100016508,172 121,A01,2,7,1,0,5,20,1,
202100016509,172 117,B01,3,7,0,2,1,1,1,
202100016509,172 118,A01,3,7,0,2,1,0,1,
202100016509,172 119,C01,3,7,0,2,1,1,1,
202100016510,172 115,A01,3,80,16,2,7,19,3,
202100016510,172 116,B01,3,33,0,9,1,1,1,
202100016511,172 113,A01,0,7,0,2,2,1,1,
202100016511,172 114,Z01,0,43,0,2,1,3,1,
202100016512,172 111,A01,1,7,0,2,3,0,1,
202100016512,172 112,B01,1,7,0,2,5,1,1,
202100016513,172 109,A01,1,2,0,2,3,15,1,
202100016513,172 110,B01,1,7,0,2,3,1,1,
202100016514,172 108,A01,3,7,8,0,1,1,0,
202100016515,172 106,B01,1,7,0,2,6,2,1,
202100016515,172 107,A01,1,30,0,2,1,2,1,
202100016516,172 104,B01,1,1,0,2,1,1,5,
202100016516,172 105,A01,1,7,0,2,0,1,1,
202100016517,172 102,A01,2,50,0,2,1,1,3,
202100016517,172 103,B01,2,7,0,2,6,19,1,
202100016518,172 101,A01,1,7,1,0,2,1,1,
202100016519,172 099,B01,3,7,0,2,3,15,1,
202100016519,172 100,A01,3,50,0,2,1,17,3,
202100016520,172 098,A01,3,32,0,1,1,21,1,
202100016521,172 097,A01,1,7,0,1,1,26,0,
202100016522,172 096,A01,1,7,0,1,3,1,0,
202100016523,172 094,B01,3,7,0,0,0,0,1,
202100016523,172 095,A01,3,7,1,0,1,1,1,
202100016524,172 093,A01,2,7,0,1,1,15,1,
202100016525,172 092,A01,1,7,0,1,1,1,1,
202100016526,172 091,A01,2,7,0,1,2,1,1,
202100016527,172 089,A01,3,7,0,2,1,15,1,
202100016527,172 090,B01,1,30,0,2,1,1,1,
202100016528,172 086,B01,3,1,0,9,1,1,6,
202100016528,172 087,A01,3,7,0,2,1,19,1,
202100016529,172 080,F01,2,7,0,2,0,0,1,
202100016529,172 081,E01,2,7,0,2,4,0,1,
202100016529,172 082,D01,2,7,0,2,4,2,1,
202100016529,172 083,C01,2,7,0,2,4,2,1,
202100016529,172 084,B01,2,7,0,2,7,2,1,
202100016529,172 085,A01,2,7,0,2,7,1,2,
202100016530,172 079,A01,1,7,1,1,1,13,1,
202100016531,172 077,A01,2,7,0,2,1,1,1,
202100016531,172 078,B01,2,7,0,2,8,1,1,
202100016532,172 076,A01,2,33,0,1,1,1,1,
202100016533,172 074,A01,2,50,0,2,1,5,3,
202100016533,172 075,B01,1,7,0,2,8,16,1,
202100016534,172 072,A01,2,30,0,2,2,1,1,
202100016534,172 073,B01,1,7,0,2,3,1,1,
202100016535,172 071,A01,1,33,0,1,1,17,1,
202100016536,172 070,A01,1,33,0,1,3,1,1,
202100016537,172 068,B01,2,7,0,2,2,1,1,
202100016537,172 069,A01,2,33,0,2,6,18,1,
202100016538,172 066,A01,1,7,0,2,3,15,2,
202100016538,172 067,B01,2,1,0,2,1,1,5,
202100016539,172 065,A01,3,7,0,1,0,20,3,
202100016540,172 063,B01,1,1,0,2,1,1,5,
202100016540,172 064,A01,2,7,0,2,3,15,1,
202100016541,172 061,A01,2,10,0,2,7,16,3,
202100016541,172 062,B01,2,80,0,2,1,1,3,
202100016542,172 060,A01,2,7,8,0,3,13,1,
202100016543,172 058,A01,1,2,0,2,1,1,1,
202100016543,172 059,B01,1,7,0,2,5,1,1,
202100016544,172 056,A01,1,7,0,2,7,15,1,
202100016544,172 057,B01,2,30,0,2,1,1,1,
202100016545,172 055,A01,1,30,0,1,6,1,1,
202100016546,172 053,A01,3,60,0,2,3,1,5,
202100016546,172 054,B01,3,10,0,2,8,1,1,
202100016547,172 052,A01,1,7,0,1,7,1,1,
202100016548,172 050,B01,2,7,0,2,3,2,1,
202100016548,172 051,A01,1,7,0,2,2,9,1,
202100016549,172 048,B01,1,7,0,2,8,1,1,
202100016549,172 049,A01,1,7,0,2,1,1,1,
202100016550,172 046,B01,1,7,0,2,7,15,1,
202100016550,172 047,A01,2,7,0,2,1,1,1,
202100016551,172 044,A01,2,7,0,2,1,16,0,
202100016551,172 045,B01,3,32,0,2,7,1,1,
202100016552,172 042,B01,2,32,0,2,0,0,1,
202100016552,172 043,A01,3,7,0,2,2,15,1,
202100016553,172 041,A01,1,1,0,1,1,1,5,
202100016554,172 040,A01,1,7,0,1,2,1,1,
202100016555,172 039,A01,1,7,0,1,3,1,1,
202100016556,172 038,A01,2,3,0,1,3,2,1,
202100016557,172 036,A01,2,1,0,2,1,1,5,
202100016557,172 037,B01,1,7,0,2,3,1,1,
202100016558,172 034,B01,2,50,0,2,0,0,3,
202100016558,172 035,A01,2,7,0,2,8,24,1,
202100016559,172 032,A01,1,30,0,2,8,13,1,
202100016559,172 033,B01,1,7,0,2,7,1,1,
202100016560,172 030,B01,1,13,0,2,2,1,4,
202100016560,172 031,A01,1,33,0,2,1,21,1,
202100016561,172 029,A01,1,1,0,1,1,1,5,
202100016562,172 027,B01,0,60,0,2,7,19,5,
202100016562,172 028,A01,1,7,0,2,3,1,1,
202100016563,172 026,A01,3,7,9,1,0,26,1,
202100016564,172 022,C01,2,10,0,2,3,1,1,
202100016564,172 023,B01,2,15,0,2,3,1,1,
202100016564,172 024,D01,2,15,0,2,1,1,1,
202100016564,172 025,A01,1,15,0,2,3,1,1,
202100016565,172 021,A01,2,10,9,1,2,1,1,
202100016566,172 019,A01,1,7,0,0,4,2,1,
202100016566,172 020,B01,1,7,0,2,1,2,1,
202100016567,172 018,A01,1,33,0,6,1,1,1,
202100016568,172 016,B01,2,38,0,2,3,1,1,1.0
202100016568,172 017,A01,1,7,0,2,3,1,1,
202100016569,172 014,B01,2,7,9,0,2,0,1,
202100016569,172 015,A01,2,7,0,2,3,0,1,
202100016570,172 013,A01,1,7,0,0,9,1,1,
202100016571,172 011,B01,1,10,0,2,3,13,1,
202100016571,172 012,A01,2,7,0,2,3,1,1,
202100016572,172 010,A01,2,1,0,0,0,1,5,
202100016573,172 008,A01,0,7,0,2,1,1,1,
202100016573,172 009,B01,0,7,0,2,3,19,1,
202100016574,172 007,A01,1,7,0,1,7,1,1,
202100016575,172 003,B01,1,7,0,2,3,13,1,
202100016575,172 004,A01,2,7,0,2,1,1,1,
202100016576,172 002,A01,1,7,0,1,2,1,1,
202100016577,172 001,A01,1,2,0,0,7,1,1,
202100016578,171 999,A01,2,7,0,2,2,19,1,
202100016578,172 000,B01,1,7,0,2,3,1,1,
202100016579,171 997,B01,3,33,0,2,1,17,1,
202100016579,171 998,A01,3,7,0,2,8,15,1,
202100016580,171 995,B01,3,1,0,2,1,1,5,
202100016580,171 996,A01,3,10,0,2,2,16,1,
202100016581,171 993,B01,2,7,3,2,3,1,1,
202100016581,171 994,A01,1,7,3,2,3,13,1,
202100016582,171 992,A01,1,7,6,0,1,1,1,
202100016583,171 990,B01,1,7,0,2,1,1,1,
202100016583,171 991,A01,2,7,0,2,7,6,1,
202100016584,171 987,A01,0,3,0,9,9,0,1,
202100016585,171 985,A01,2,7,0,2,1,1,1,
202100016585,171 986,B01,3,7,0,2,7,19,1,
202100016586,171 984,A01,0,2,9,9,0,2,0,
202100016587,171 983,A01,2,33,12,0,7,1,1,
202100016588,171 980,C01,1,7,0,0,4,15,1,
202100016588,171 981,B01,1,33,0,2,4,23,1,
202100016588,171 982,A01,1,33,0,2,1,1,1,
202100016589,171 979,A01,1,33,0,0,0,9,1,
202100016590,171 978,A01,3,10,0,1,4,4,1,
202100016591,171 977,A01,1,2,13,0,2,1,1,
202100016592,171 976,A01,1,7,3,0,3,1,1,
202100016593,171 975,A01,1,7,0,1,1,1,1,
202100016594,171 974,A01,1,10,0,1,1,1,1,
202100016595,171 972,B01,3,34,0,2,1,1,1,
202100016595,171 973,A01,3,34,0,2,6,1,1,
202100016596,171 969,A01,0,7,0,1,1,1,1,
202100016597,171 967,A01,1,7,0,2,1,5,1,
202100016597,171 968,B01,2,7,0,2,1,1,1,
202100016598,171 965,A01,2,7,0,2,1,1,1,
202100016598,171 966,B01,1,32,0,2,1,1,1,
202100016599,171 963,A01,2,33,0,2,1,2,1,
202100016599,171 964,B01,2,7,0,0,6,2,1,
202100016600,171 961,A01,1,7,0,2,1,13,1,
202100016600,171 962,B01,2,7,0,2,3,14,1,
202100016601,171 960,A01,2,2,0,1,3,5,1,
202100016602,171 957,A01,1,10,0,2,1,2,1,
202100016602,171 958,B01,1,7,0,2,4,2,1,
202100016602,171 959,C01,1,7,0,2,4,2,1,
202100016603,171 955,B01,1,17,0,2,4,2,1,
202100016603,171 956,A01,1,10,0,2,1,2,1,
202100016604,171 954,A01,2,7,4,0,1,1,1,
202100016605,171 953,A01,1,7,0,0,7,0,1,
202100016606,171 951,A01,1,7,0,2,1,14,1,
202100016606,171 952,B01,1,14,0,2,2,1,1,
202100016607,171 950,A01,2,7,0,2,0,1,1,
202100016608,171 949,A01,2,7,13,0,0,12,1,
202100016609,171 948,A01,1,7,4,0,0,11,1,
202100016610,171 947,A01,2,7,0,2,4,2,1,
202100016611,171 946,A01,2,7,4,0,1,1,1,
202100016612,171 945,A01,2,7,0,2,1,0,1,
202100016613,171 944,A01,1,42,0,2,7,1,1,
202100016614,171 938,F01,1,7,0,2,0,0,1,
202100016614,171 939,E01,1,7,0,2,4,1,2,
202100016614,171 940,D01,1,7,0,2,4,1,1,
202100016614,171 941,C01,1,7,0,2,4,1,1,
202100016614,171 942,B01,1,7,0,2,4,1,1,
202100016614,171 943,A01,1,7,0,2,1,1,1,
202100016615,171 936,A01,2,31,0,2,8,3,1,
202100016615,171 937,B01,2,7,0,2,7,12,1,
202100016616,171 934,A01,2,10,0,2,1,2,1,
202100016616,171 935,B01,2,16,0,0,4,1,1,
202100016617,171 933,A01,3,7,0,1,2,26,0,
202100016618,171 932,A01,3,7,0,1,2,20,0,
202100016619,171 928,A01,0,7,0,1,1,26,1,
202100016620,171 926,B01,3,1,0,2,1,2,5,
202100016620,171 927,A01,3,7,0,2,3,22,1,
202100016621,171 924,A01,3,7,0,2,6,4,2,
202100016621,171 925,B01,3,33,0,0,1,1,1,
202100016622,171 923,A01,2,33,6,0,9,1,1,
202100016623,171 921,B01,1,7,0,2,6,1,2,
202100016623,171 922,A01,1,7,0,2,2,14,1,
202100016624,171 919,B01,2,7,0,2,7,15,1,
202100016624,171 920,A01,1,7,0,2,5,19,2,
202100016625,171 917,B01,1,32,0,2,1,1,1,
202100016625,171 918,A01,1,7,0,2,7,10,1,
202100016626,171 915,B01,2,7,0,2,1,1,1,
202100016626,171 916,A01,1,7,0,2,5,1,1,
202100016627,171 913,B01,2,31,0,2,0,0,0,
202100016627,171 914,A01,2,7,0,2,7,19,1,
202100016628,171 910,A01,1,7,0,2,6,1,1,
202100016628,171 911,C01,2,7,0,2,3,11,1,
202100016628,171 912,B01,1,32,0,2,1,2,1,
202100016629,171 909,A01,3,7,0,1,6,4,1,
202100016630,171 907,B01,3,60,0,2,1,16,5,
202100016630,171 908,A01,3,7,0,2,1,15,3,
202100016631,171 905,B01,1,43,0,2,1,1,1,
202100016631,171 906,A01,2,10,0,2,2,15,1,
202100016632,171 903,A01,1,7,0,2,2,15,1,
202100016632,171 904,B01,1,32,0,2,1,26,1,
202100016633,171 901,A01,1,7,15,0,2,1,1,
202100016634,171 899,A01,3,7,0,2,1,1,1,
202100016634,171 900,B01,3,7,0,2,4,0,1,
202100016635,171 897,A01,1,7,0,2,3,13,1,
202100016635,171 898,B01,1,7,0,2,1,1,1,
202100016636,171 895,B01,1,1,0,2,2,19,0,
202100016636,171 896,A01,3,7,0,2,3,21,1,
202100016637,171 893,B01,3,33,0,2,7,1,1,
202100016637,171 894,A01,3,7,0,2,2,15,1,
202100016638,171 891,A01,3,7,0,2,4,9,1,
202100016638,171 892,B01,3,7,0,2,2,2,1,
202100016639,171 889,A01,1,33,16,0,7,1,1,
202100016640,171 887,A01,2,7,0,2,8,15,1,
202100016640,171 888,B01,2,33,0,2,1,17,1,
202100016641,171 886,A01,1,7,2,0,1,1,1,
202100016642,171 884,A01,2,7,0,2,3,9,1,
202100016642,171 885,B01,1,1,0,2,1,9,5,
202100016643,171 882,A01,2,80,0,2,1,15,3,
202100016643,171 883,B01,2,7,0,2,1,15,0,
202100016644,171 880,B01,0,2,0,0,0,0,0,
202100016644,171 881,A01,3,7,0,9,0,16,1,
202100016645,171 878,B01,3,7,0,2,2,0,1,
202100016645,171 879,A01,3,7,0,2,2,15,1,
202100016646,171 876,B01,1,7,0,2,1,26,1,
202100016646,171 877,A01,1,7,0,2,1,26,1,
202100016647,171 875,A01,0,7,0,1,2,1,1,
202100016648,171 873,B01,1,7,14,0,5,2,1,
202100016648,171 874,A01,2,7,0,2,1,1,1,
202100016649,171 872,A01,1,7,0,1,2,1,1,
202100016650,171 869,Z01,1,7,0,2,7,17,1,
202100016650,171 870,B01,1,7,0,2,8,0,1,
202100016650,171 871,A01,1,7,0,2,8,12,1,
202100016651,171 865,D01,3,7,0,2,4,23,2,
202100016651,171 866,B01,3,7,0,2,4,23,1,
202100016651,171 867,C01,3,7,0,2,4,23,1,
202100016651,171 868,A01,1,7,1,2,1,1,1,
202100016652,171 864,A01,1,7,3,0,1,13,2,
202100016653,171 863,A01,1,30,0,0,7,26,1,
202100016654,171 861,B01,2,33,0,2,5,15,0,
202100016654,171 862,A01,2,7,0,2,7,0,1,
202100016655,171 859,A01,3,7,0,2,5,9,1,
202100016655,171 860,B01,3,33,0,2,8,0,1,
202100016656,171 857,A01,3,1,0,2,4,26,6,
202100016656,171 858,B01,3,7,0,2,3,9,1,
202100016657,171 855,A01,0,7,0,2,1,15,1,
202100016657,171 856,B01,0,32,0,2,3,1,1,
202100016658,171 851,C01,3,7,0,2,0,0,1,
202100016658,171 852,D01,3,7,0,2,0,0,1,
202100016658,171 853,A01,2,7,1,2,1,13,1,
202100016658,171 854,B01,1,7,0,2,1,1,1,
202100016659,171 850,A01,2,33,1,0,7,1,1,
202100016660,171 848,A01,0,7,0,2,1,0,0,
202100016660,171 849,B01,0,32,0,2,1,0,1,
202100016661,171 847,A01,1,30,0,1,0,26,1,
202100016662,171 845,A01,3,2,0,2,1,1,1,
202100016662,171 846,B01,3,7,0,2,5,1,1,
202100016663,171 844,A01,3,7,0,1,2,1,1,
202100016664,171 842,B01,1,7,0,2,1,1,1,
202100016664,171 843,A01,1,7,0,2,3,10,2,
202100016665,171 839,C01,3,7,1,0,8,0,1,
202100016665,171 840,A01,1,7,1,0,1,9,1,
202100016665,171 841,B01,2,13,0,2,1,1,1,
202100016666,171 838,A01,3,7,0,1,3,1,1,
202100016667,171 836,B01,2,33,0,2,1,2,1,
202100016667,171 837,A01,2,10,0,2,6,15,1,
202100016668,171 832,D01,1,7,0,2,7,2,1,
202100016668,171 833,C01,1,7,0,2,5,2,1,
202100016668,171 834,A01,1,34,0,2,8,21,1,
202100016668,171 835,B01,1,7,0,2,2,12,1,
202100016669,171 831,A01,1,31,14,0,8,13,1,
202100016670,171 830,A01,2,7,0,1,2,1,1,
202100016671,171 828,A01,1,7,0,2,6,10,1,
202100016671,171 829,B01,1,7,0,2,2,1,1,
202100016672,171 826,B01,1,7,0,2,5,2,1,
202100016672,171 827,A01,1,30,0,2,1,2,1,
202100016673,171 824,A01,2,30,0,2,1,1,1,
202100016673,171 825,Z01,1,7,0,2,0,1,0,
202100016674,171 822,B01,1,7,0,2,4,23,1,
202100016674,171 823,A01,1,7,0,2,1,2,1,
202100016675,171 821,A01,1,32,0,0,0,1,1,
202100016676,171 820,A01,1,1,0,1,2,1,5,
202100016677,171 819,A01,1,7,0,1,3,1,1,
202100016678,171 816,Z01,1,7,0,2,0,10,1,
202100016678,171 817,B01,2,7,0,2,6,2,1,
202100016678,171 818,A01,2,30,0,2,1,2,1,
202100016679,171 815,A01,1,30,12,0,3,13,1,
202100016680,171 813,Z01,1,7,0,2,2,15,1,
202100016680,171 814,A01,1,50,0,2,0,1,3,
202100016681,171 812,A01,1,7,0,1,1,1,2,
202100016682,171 811,A01,1,7,0,1,1,13,1,
202100016683,171 808,A01,2,7,0,2,1,2,1,
202100016683,171 809,B01,2,7,0,2,4,1,1,
202100016683,171 810,C01,2,7,0,2,4,1,1,
202100016684,171 806,B01,3,7,0,2,7,2,0,
202100016684,171 807,A01,3,30,0,2,8,1,1,
202100016685,171 805,A01,1,32,0,0,0,18,1,
202100016686,171 802,C01,2,7,0,2,4,23,1,
202100016686,171 803,B01,2,7,0,2,4,2,1,
202100016686,171 804,A01,2,7,0,2,1,2,1,
202100016687,171 800,B01,2,7,0,2,1,1,1,
202100016687,171 801,A01,3,33,1,2,7,19,1,
202100016688,171 798,B01,0,7,0,2,8,17,1,
202100016688,171 799,A01,0,31,0,2,1,17,1,
202100016689,171 796,B01,0,2,0,2,1,5,1,
202100016689,171 797,A01,0,7,0,2,1,1,1,
202100016690,171 795,A01,1,7,0,1,1,1,1,
202100016691,171 794,A01,1,7,0,0,9,9,1,
202100016692,171 791,A01,3,7,2,0,2,14,1,
202100016693,171 789,A01,2,32,0,2,1,1,1,
202100016693,171 790,B01,2,7,0,2,3,9,1,
202100016694,171 784,A01,2,7,0,2,1,2,1,
202100016694,171 785,B01,2,7,0,0,9,23,1,
202100016694,171 786,D01,2,7,0,2,6,23,1,
202100016694,171 787,E01,2,7,0,2,6,23,1,
202100016694,171 788,C01,2,7,0,2,4,23,2,
202100016695,171 782,A01,2,7,0,2,1,2,1,
202100016695,171 783,B01,2,7,0,2,6,17,1,
202100016696,171 780,B01,2,7,0,2,2,1,1,
202100016696,171 781,A01,1,7,0,2,2,9,1,
202100016697,171 779,A01,2,33,0,0,0,1,1,
202100016698,171 778,A01,2,15,3,0,3,13,1,
202100016699,171 777,A01,1,33,0,0,0,17,1,
202100016700,171 775,A01,1,1,0,2,7,15,5,
202100016700,171 776,B01,1,7,0,9,3,9,1,
202100016701,171 772,C01,1,33,0,2,8,1,1,
202100016701,171 773,A01,1,7,0,2,1,19,1,
202100016701,171 774,B01,1,33,0,2,8,1,1,
202100016702,171 771,A01,1,7,9,1,2,1,1,
202100016703,171 768,A01,2,7,0,2,1,1,1,
202100016703,171 769,B01,1,7,0,2,1,17,1,
202100016703,171 770,C01,1,7,0,9,8,1,1,
202100016704,171 764,A01,2,33,0,2,1,13,1,
202100016704,171 765,C01,2,33,0,2,0,1,1,
202100016704,171 766,D01,1,7,0,2,1,1,1,
202100016704,171 767,B01,1,7,0,2,3,1,1,
202100016705,171 761,B01,3,7,0,2,8,1,1,
202100016705,171 762,A01,3,7,0,2,1,1,1,
202100016706,171 759,B01,1,7,0,2,1,2,1,
202100016706,171 760,A01,1,7,0,0,4,1,1,
202100016707,171 757,B01,2,7,0,2,1,1,1,
202100016707,171 758,A01,2,7,8,2,8,19,1,
202100016708,171 755,A01,1,7,0,2,1,1,1,
202100016708,171 756,B01,2,7,0,0,4,15,1,
202100016709,171 752,B01,2,30,0,2,3,1,1,
202100016709,171 753,A01,1,7,0,2,1,15,1,
202100016709,171 754,C01,2,7,0,2,1,23,1,
202100016710,171 751,A01,1,7,13,0,3,1,1,
202100016711,171 749,B01,2,33,0,2,1,17,0,
202100016711,171 750,A01,2,7,0,2,6,15,1,
202100016712,171 748,A01,1,7,13,0,9,14,1,
202100016713,171 747,A01,0,33,13,0,2,1,1,
202100016714,171 746,A01,2,7,0,1,1,1,0,
202100016715,171 745,A01,2,7,0,1,1,1,3,
202100016716,171 743,A01,2,32,0,2,1,13,1,
202100016716,171 744,B01,1,10,0,2,1,1,1,
202100016717,171 741,A01,2,7,0,2,3,1,1,
202100016717,171 742,B01,1,7,0,2,3,1,1,
202100016718,171 740,A01,1,7,2,0,1,14,1,
202100016719,171 738,A01,2,7,0,2,1,13,1,
202100016719,171 739,B01,1,7,0,2,2,1,1,
202100016720,171 737,A01,1,7,2,0,1,17,1,
202100016721,171 736,A01,2,33,10,0,8,17,1,
202100016722,171 734,B01,1,2,0,2,8,15,1,
202100016722,171 735,A01,1,10,0,2,7,17,1,
202100016723,171 732,A01,1,7,0,2,2,2,3,
202100016723,171 733,B01,2,1,0,0,3,2,5,
202100016724,171 731,A01,1,7,2,0,1,1,1,
202100016725,171 729,A01,1,1,0,2,1,1,5,
202100016725,171 730,B01,2,7,0,2,3,1,1,
202100016726,171 727,A01,1,2,0,2,1,1,1,
202100016726,171 728,B01,2,7,0,2,1,1,1,
202100016727,171 725,B01,2,7,0,2,5,1,1,
202100016727,171 726,A01,2,31,0,2,1,1,1,
202100016728,171 723,A01,2,10,0,2,1,26,1,
202100016728,171 724,B01,2,15,0,0,6,1,1,
202100016729,171 721,B01,1,1,0,2,1,1,5,
202100016729,171 722,A01,3,7,0,2,5,19,1,
202100016730,171 720,A01,1,7,0,1,3,1,1,
202100016731,171 718,A01,3,7,0,2,2,15,1,
202100016731,171 719,B01,2,7,0,2,8,1,1,
202100016732,171 712,C01,1,7,0,9,3,17,2,
202100016732,171 713,A01,1,10,0,2,1,2,1,
202100016732,171 714,B01,1,17,0,0,4,2,1,
202100016732,171 715,D01,1,15,0,9,0,13,1,
202100016732,171 716,F01,1,7,0,9,1,13,1,
202100016732,171 717,E01,1,7,0,9,2,13,1,
202100016733,171 707,B01,2,7,0,2,4,1,1,
202100016733,171 708,C01,2,7,0,2,8,21,1,
202100016733,171 709,D01,2,7,0,0,2,21,1,
202100016733,171 710,E01,2,7,14,0,8,1,1,
202100016733,171 711,A01,2,7,0,2,1,1,1,
202100016734,171 706,A01,1,7,8,0,0,12,1,
202100016735,171 705,A01,2,2,9,0,1,1,1,
202100016736,171 702,A01,2,7,0,2,3,1,1,
202100016736,171 703,B01,2,7,0,2,6,1,1,
202100016736,171 704,C01,2,7,0,2,3,1,1,
202100016737,171 701,A01,1,7,16,0,0,0,1,
202100016738,171 699,B01,2,7,0,2,3,1,1,
202100016738,171 700,A01,1,7,0,2,3,1,1,
202100016739,171 698,A01,3,7,0,1,6,4,0,
202100016740,171 697,A01,1,7,2,0,3,1,1,
202100016741,171 696,A01,1,33,0,0,8,1,1,
202100016742,171 695,A01,1,33,0,1,1,0,1,
202100016743,171 693,A01,2,7,0,9,1,19,1,
202100016743,171 694,B01,1,1,0,2,7,1,5,
202100016744,171 692,A01,1,7,2,0,1,1,1,
202100016745,171 690,A01,0,7,0,2,7,14,1,
202100016745,171 691,B01,0,31,0,2,1,19,1,
202100016746,171 689,A01,1,7,0,0,0,1,1,
202100016747,171 687,B01,2,1,0,2,8,26,5,
202100016747,171 688,A01,2,10,0,9,7,16,4,
202100016748,171 686,A01,0,7,0,1,2,2,0,
202100016749,171 685,A01,2,50,0,0,0,1,3,
202100016750,171 683,A01,1,7,0,2,1,15,1,
202100016750,171 684,B01,2,7,0,2,1,1,1,
202100016751,171 681,A01,3,7,0,2,1,1,1,
202100016751,171 682,B01,3,7,0,2,1,1,1,
202100016752,171 680,A01,1,7,3,0,3,1,1,