Num_Acc,id_vehicule,num_veh,senc,catv,obs,obsm,choc,manv,motor,occutc
202100016753,171 679,A01,2,7,6,0,2,14,1,
202100016754,171 677,A01,2,31,0,2,4,1,1,
202100016754,171 678,Z01,2,7,0,2,1,2,0,
202100016755,171 676,A01,1,7,6,0,2,14,1,
202100016756,171 674,A01,2,7,0,2,5,1,1,
202100016756,171 675,Z01,2,7,0,2,1,0,0,
202100016757,171 671,C01,1,7,0,2,1,2,2,
202100016757,171 672,B01,1,7,0,2,4,23,1,
202100016757,171 673,A01,1,7,0,2,4,23,1,
202100016758,171 669,A01,1,7,0,2,1,2,1,
202100016758,171 670,B01,1,7,0,2,4,2,1,
202100016759,171 666,A01,2,7,0,2,8,11,0,
202100016759,171 667,B01,2,43,0,2,1,3,0,
202100016759,171 668,C01,2,7,0,2,7,1,0,
202100016760,171 664,B01,2,10,0,2,4,2,0,
202100016760,171 665,A01,2,7,0,2,1,2,1,
202100016761,171 660,A01,1,7,0,2,1,2,0,
202100016761,171 661,B01,1,7,0,2,4,2,1,
202100016761,171 662,C01,1,7,0,2,4,2,0,
202100016761,171 663,D01,1,7,0,2,4,2,1,
202100016762,171 658,B01,1,31,0,2,2,3,1,
202100016762,171 659,A01,0,7,0,0,0,0,0,
202100016763,171 656,A01,1,7,1,0,2,14,1,
202100016763,171 657,B01,1,7,0,2,6,23,1,
202100016764,171 654,A01,1,7,0,2,4,18,0,
202100016764,171 655,B01,1,7,0,2,1,2,2,
202100016765,171 650,A01,1,7,0,2,9,2,1,
202100016765,171 651,B01,1,7,0,2,4,2,1,
202100016765,171 652,C01,1,7,0,2,4,2,1,
202100016765,171 653,D01,1,7,0,2,4,2,1,
202100016766,171 648,A01,1,7,0,2,1,1,1,
202100016766,171 649,B01,1,7,0,2,4,2,1,
202100016767,171 646,B01,1,7,0,2,3,11,1,
202100016767,171 647,A01,1,43,0,2,7,3,1,
202100016768,171 643,A01,2,7,0,2,3,26,1,
202100016768,171 644,B01,2,7,0,2,3,26,1,
202100016768,171 645,C01,2,7,0,2,1,26,1,
202100016769,171 641,A01,1,7,0,2,7,12,1,
202100016769,171 642,B01,1,33,0,2,3,1,0,
202100016770,171 638,A01,1,7,0,2,1,13,1,
202100016770,171 639,B01,2,7,0,2,1,1,1,
202100016770,171 640,C01,2,7,0,0,0,0,1,
202100016771,171 636,B01,1,2,1,2,8,18,1,
202100016771,171 637,A01,1,10,1,2,7,12,1,
202100016772,171 634,B01,2,7,12,0,4,0,1,
202100016772,171 635,A01,2,32,0,2,1,1,1,
202100016773,171 632,A01,1,7,0,2,4,2,1,
202100016773,171 633,B01,1,31,0,2,1,1,1,
202100016774,171 630,A01,1,7,0,2,2,12,1,
202100016774,171 631,B01,1,7,0,2,3,11,1,
202100016775,171 628,A01,3,14,0,2,8,15,1,
202100016775,171 629,B01,3,2,0,2,5,16,1,
202100016776,171 626,A01,2,7,0,2,3,1,1,
202100016776,171 627,B01,1,13,0,2,3,1,1,
202100016777,171 624,A01,1,7,0,2,7,15,1,
202100016777,171 625,B01,1,7,0,2,1,1,1,
202100016778,171 623,A01,3,7,15,0,1,0,1,
202100016779,171 621,B01,2,1,0,9,1,5,5,
202100016779,171 622,A01,1,7,0,9,2,16,1,
202100016780,171 619,B01,2,2,0,0,7,15,1,
202100016780,171 620,A01,1,7,0,2,1,15,1,
202100016781,171 616,C01,1,1,0,2,4,1,5,
202100016781,171 617,B01,1,7,0,0,2,19,1,
202100016781,171 618,A01,1,7,0,2,8,18,1,
202100016782,171 614,B01,1,50,12,2,1,5,3,
202100016782,171 615,A01,2,7,12,2,1,1,1,
202100016783,171 612,B01,2,7,0,0,4,1,1,
202100016783,171 613,A01,2,7,0,2,3,2,1,
202100016784,171 611,A01,1,7,8,0,1,9,1,
202100016785,171 610,A01,1,0,0,1,1,1,0,
202100016786,171 609,A01,0,7,0,1,8,17,1,
202100016787,171 607,B01,1,33,0,2,1,1,1,
202100016787,171 608,A01,1,7,0,2,2,1,1,
202100016788,171 606,A01,1,33,2,0,1,26,1,
202100016789,171 604,B01,2,33,0,2,7,1,1,
202100016789,171 605,A01,2,7,0,2,3,15,1,
202100016790,171 602,B01,1,7,0,2,6,1,1,
202100016790,171 603,A01,1,10,0,2,2,21,1,
202100016791,171 601,A01,3,7,0,1,1,1,1,
202100016792,171 599,B01,2,7,0,2,5,1,1,
202100016792,171 600,A01,1,34,0,2,1,1,1,
202100016793,171 597,B01,1,2,0,2,2,17,1,
202100016793,171 598,A01,1,7,0,2,6,13,1,
202100016794,171 596,B01,1,7,0,1,2,17,1,
202100016795,171 594,B01,1,7,0,2,5,1,1,
202100016795,171 595,A01,1,32,0,2,3,1,1,
202100016796,171 593,A01,1,33,6,0,8,13,1,
202100016797,171 591,A01,2,7,0,2,1,2,1,
202100016797,171 592,B01,2,7,0,2,4,1,1,
202100016798,171 589,B01,3,31,0,2,4,1,1,
202100016798,171 590,A01,3,7,0,2,1,1,1,
202100016799,171 587,B01,2,7,0,2,8,1,1,
202100016799,171 588,A01,3,7,0,2,1,19,1,
202100016800,171 585,B01,2,7,0,2,1,1,1,
202100016800,171 586,A01,1,33,0,2,1,13,1,
202100016801,171 583,A01,3,7,0,2,3,15,1,
202100016801,171 584,B01,3,33,0,2,7,2,1,
202100016802,171 581,A01,1,7,0,2,1,2,1,
202100016802,171 582,B01,1,1,0,2,4,26,5,
202100016803,171 580,A01,2,33,0,0,0,26,1,
202100016804,171 579,A01,3,7,15,1,2,14,1,
202100016805,171 578,A01,1,7,0,1,8,16,1,
202100016806,171 577,A01,3,43,0,0,9,1,1,
202100016807,171 576,A01,1,7,0,1,3,1,2,
202100016808,171 575,A01,3,7,0,1,1,9,1,
202100016809,171 573,B01,3,7,0,2,6,1,1,
202100016809,171 574,A01,2,10,0,2,1,19,1,
202100016810,171 571,A01,3,33,0,2,8,1,1,
202100016810,171 572,B01,3,7,0,2,7,1,0,
202100016811,171 569,B01,1,7,0,2,4,1,2,
202100016811,171 570,A01,1,7,0,2,1,1,1,
202100016812,171 567,A01,2,7,0,2,1,9,1,
202100016812,171 568,B01,2,33,0,2,7,1,1,
202100016813,171 565,B01,3,1,0,2,8,19,5,
202100016813,171 566,A01,3,7,0,2,1,1,1,
202100016814,171 563,B01,2,7,0,2,2,15,1,
202100016814,171 564,A01,2,33,0,2,2,19,1,
202100016815,171 561,A01,3,1,0,2,1,26,5,
202100016815,171 562,B01,3,3,1,2,3,0,0,
202100016816,171 560,A01,1,7,0,1,1,1,1,
202100016817,171 558,B01,1,7,0,2,8,16,1,
202100016817,171 559,A01,1,7,0,2,1,1,1,
202100016818,171 557,A01,2,34,11,0,1,1,1,
202100016819,171 556,A01,1,7,1,2,6,26,1,
202100016820,171 554,B01,0,7,0,2,1,1,1,
202100016820,171 555,A01,0,7,0,2,5,1,1,
202100016821,171 553,A01,1,7,0,1,1,1,1,
202100016822,171 552,A01,1,7,0,1,3,1,1,
202100016823,171 550,A01,3,7,0,2,2,15,1,
202100016823,171 551,B01,3,30,0,2,1,1,1,
202100016824,171 549,A01,1,7,1,1,7,17,2,
202100016825,171 546,A01,1,7,0,2,1,2,1,
202100016825,171 547,B01,1,7,0,2,1,2,1,
202100016825,171 548,C01,1,7,0,2,4,2,1,
202100016826,171 545,A01,1,7,2,0,0,14,1,
202100016827,171 544,A01,2,33,0,0,7,16,1,
202100016828,171 543,A01,3,7,0,1,3,15,1,
202100016829,171 541,A01,3,10,0,2,3,1,1,
202100016829,171 542,B01,3,2,0,2,1,1,1,
202100016830,171 534,B01,1,7,0,2,8,13,1,
202100016830,171 535,A01,1,32,0,2,7,17,1,
202100016831,171 533,A01,1,7,0,1,0,0,1,
202100016832,171 532,A01,1,7,0,1,3,26,1,
202100016833,171 530,B01,1,7,0,2,5,1,1,
202100016833,171 531,A01,1,30,0,2,7,12,1,
202100016834,171 528,A01,1,7,0,2,3,15,1,
202100016834,171 529,Y01,1,1,0,2,3,1,5,
202100016835,171 527,A01,3,7,0,1,4,26,1,
202100016836,171 525,B01,1,34,0,2,7,17,1,
202100016836,171 526,A01,2,7,0,2,8,15,1,
202100016837,171 523,A01,3,7,0,2,1,1,1,
202100016837,171 524,B01,3,7,0,2,8,1,1,
202100016838,171 522,A01,3,7,0,1,2,1,1,
202100016839,171 521,A01,1,7,1,1,1,16,1,
202100016840,171 520,A01,1,7,0,1,3,26,1,
202100016841,171 518,A01,2,7,0,1,2,1,1,
202100016842,171 517,A01,1,14,0,1,1,1,1,
202100016843,171 511,A01,1,7,0,1,2,16,1,
202100016844,171 510,A01,0,7,0,0,0,0,1,
202100016845,171 509,A01,0,7,2,0,1,13,1,
202100016846,171 507,Z01,0,7,0,0,0,0,0,
202100016846,171 508,A01,0,7,0,2,7,1,1,
202100016847,171 505,B01,0,15,0,2,3,15,1,
202100016847,171 506,A01,0,31,0,2,1,17,1,
202100016848,171 503,B01,1,7,0,2,2,9,1,
202100016848,171 504,A01,1,7,0,2,3,1,1,
202100016849,171 502,A01,3,33,0,0,8,0,1,
202100016850,171 500,A01,0,7,0,2,1,1,1,
202100016850,171 501,B01,0,7,0,2,4,2,1,
202100016851,171 499,A01,1,7,1,0,1,5,2,
202100016852,171 497,B01,3,33,0,2,4,2,1,
202100016852,171 498,A01,3,33,0,2,1,2,1,
202100016853,171 494,C01,1,7,0,2,4,2,1,
202100016853,171 495,Z01,1,7,0,2,1,2,0,
202100016853,171 496,B01,1,7,0,2,4,2,1,
202100016854,171 492,B01,1,7,0,2,3,15,1,
202100016854,171 493,A01,2,33,0,2,1,21,1,
202100016855,171 491,A01,1,2,0,0,7,15,1,
202100016856,171 488,A01,1,7,0,2,1,1,1,
202100016856,171 489,B01,1,7,0,2,0,0,1,
202100016856,171 490,C01,1,7,0,2,0,0,1,
202100016857,171 487,A01,1,7,0,1,1,9,1,
202100016858,171 486,A01,1,7,0,1,1,9,1,
202100016859,171 484,B01,2,33,0,2,1,1,1,
202100016859,171 485,A01,2,7,0,2,4,16,1,
202100016860,171 482,A01,1,33,0,2,1,1,1,
202100016860,171 483,B01,2,7,0,2,3,9,1,
202100016861,171 481,A01,2,7,0,1,3,16,1,
202100016862,171 479,A01,1,10,0,2,7,16,1,
202100016862,171 480,B01,1,2,0,2,8,1,1,
202100016863,171 477,A01,1,7,9,2,8,10,1,
202100016863,171 478,B01,2,33,0,2,1,1,1,
202100016864,171 475,B01,1,1,0,2,8,13,5,
202100016864,171 476,A01,1,7,0,9,1,26,1,
202100016865,171 474,A01,2,7,0,1,1,26,1,
202100016866,171 472,A01,1,7,0,2,2,1,1,
202100016866,171 473,B01,2,1,0,2,1,19,5,
202100016867,171 471,A01,1,33,0,1,1,1,1,
202100016868,171 470,A01,1,7,8,0,2,14,1,
202100016869,171 468,A01,1,7,0,2,3,1,1,
202100016869,171 469,B01,2,7,0,2,1,15,1,
202100016870,171 467,A01,1,7,14,0,1,1,1,
202100016871,171 465,A01,1,7,0,2,3,1,1,
202100016871,171 466,B01,2,33,0,2,1,1,1,
202100016872,171 463,A01,1,7,0,2,2,15,1,
202100016872,171 464,B01,2,31,0,2,1,1,1,
202100016873,171 461,Z01,1,7,0,2,8,15,0,
202100016873,171 462,B01,1,32,0,2,7,1,1,
202100016874,171 460,A01,1,7,0,1,1,1,1,
202100016875,171 459,A01,1,10,0,1,3,15,1,
202100016876,171 457,A01,1,7,0,2,7,14,1,
202100016876,171 458,B01,1,1,0,2,0,18,0,
202100016877,171 456,A01,1,7,0,1,1,1,1,
202100016878,171 454,B01,1,1,0,2,3,1,5,
202100016878,171 455,A01,1,7,0,2,7,15,1,
202100016879,171 452,A01,2,10,0,2,1,2,1,
202100016879,171 453,B01,2,7,0,2,4,23,1,
202100016880,171 449,A01,1,30,0,2,1,17,1,
202100016880,171 450,B01,1,7,0,2,6,2,1,
202100016881,171 447,B01,2,7,0,2,3,16,1,
202100016881,171 448,A01,2,34,0,2,5,16,1,
202100016882,171 445,B01,3,33,0,2,2,17,1,
202100016882,171 446,A01,3,7,0,2,3,15,1,
202100016883,171 444,A01,1,7,8,0,2,1,1,
202100016884,171 443,A01,3,33,16,0,8,1,1,
202100016885,171 441,A01,1,7,1,0,2,1,1,
202100016885,171 442,B01,1,7,12,0,6,26,1,
202100016886,171 439,B01,1,31,0,2,4,9,1,
202100016886,171 440,A01,1,7,0,2,1,9,1,
202100016887,171 437,B01,2,80,1,2,3,2,3,
202100016887,171 438,A01,1,7,0,2,3,22,1,
202100016888,171 435,B01,3,80,1,9,3,26,3,
202100016888,171 436,A01,3,7,1,9,3,26,1,
202100016889,171 434,A01,0,30,0,1,1,0,1,
202100016890,171 432,A01,1,7,0,2,1,9,0,
202100016890,171 433,B01,1,2,0,2,7,1,1,
202100016891,171 428,C01,3,7,0,2,4,0,1,
202100016891,171 429,B01,3,7,0,2,4,1,1,
202100016891,171 430,A01,3,10,0,2,1,2,1,
202100016892,171 427,A01,1,33,0,1,1,1,1,
202100016893,171 426,A01,1,7,0,1,2,1,1,
202100016894,171 425,A01,1,7,1,0,1,26,1,
202100016895,171 423,A01,2,7,0,2,2,2,1,
202100016895,171 424,B01,2,7,0,2,4,2,1,
202100016896,171 422,A01,1,7,0,1,1,1,1,
202100016897,171 420,A01,3,7,0,0,0,0,1,
202100016897,171 421,B01,1,33,0,2,1,1,1,
202100016898,171 418,A01,2,7,0,2,3,10,1,
202100016898,171 419,B01,2,50,0,2,1,1,3,
202100016899,171 415,C01,1,7,0,2,1,23,1,
202100016899,171 416,A01,1,7,0,2,1,15,1,
202100016899,171 417,B01,2,7,0,2,1,1,1,
202100016900,171 413,B01,0,50,0,2,2,1,3,
202100016900,171 414,A01,0,7,0,2,3,9,1,
202100016901,171 411,B01,0,7,0,9,3,1,1,
202100016901,171 412,A01,0,1,0,2,1,9,0,
202100016902,171 409,A01,2,7,0,2,1,15,1,
202100016902,171 410,B01,2,2,0,2,8,1,1,
202100016903,171 408,A01,1,7,0,0,0,26,1,
202100016904,171 406,A01,1,1,0,2,8,26,5,
202100016904,171 407,B01,1,1,0,2,1,26,5,
202100016905,171 404,A01,1,7,0,2,0,26,1,
202100016905,171 405,B01,1,1,0,2,8,26,5,
202100016906,171 402,B01,1,30,0,2,1,26,1,
202100016906,171 403,A01,1,7,0,2,3,26,1,
202100016907,171 400,A01,1,7,0,2,1,26,1,
202100016907,171 401,B01,1,31,0,2,1,26,1,
202100016908,171 398,B01,1,33,0,2,6,26,1,
202100016908,171 399,A01,1,7,0,2,2,26,1,
202100016909,171 396,A01,1,1,0,2,0,26,5,
202100016909,171 397,B01,1,7,0,2,0,26,3,
202100016910,171 394,B01,1,1,0,2,3,15,5,
202100016910,171 395,A01,1,7,0,2,2,1,1,
202100016911,171 392,B01,3,7,0,2,4,2,1,
202100016911,171 393,A01,3,7,0,0,0,0,1,
202100016912,171 390,A01,1,50,0,2,8,1,3,
202100016912,171 391,B01,1,10,0,2,3,15,1,
202100016913,171 388,A01,2,7,0,2,8,15,1,
202100016913,171 389,B01,2,10,0,2,1,1,1,
202100016914,171 386,B01,2,1,0,2,1,1,5,
202100016914,171 387,A01,1,7,0,2,1,15,1,
202100016915,171 384,A01,0,10,0,9,3,1,1,
202100016915,171 385,B01,0,1,0,2,0,19,5,
202100016916,171 383,A01,1,7,8,0,1,9,1,
202100016917,171 381,A01,1,50,0,2,1,19,3,
202100016917,171 382,B01,2,7,0,2,2,16,1,
202100016918,171 379,A01,0,32,0,2,3,15,1,
202100016918,171 380,B01,0,1,0,0,0,0,5,
202100016919,171 378,A01,0,14,0,1,1,1,1,
202100016920,171 376,B01,1,7,0,2,1,1,1,
202100016920,171 377,A01,1,7,0,2,3,9,1,
202100016921,171 374,A01,1,7,0,2,3,15,1,
202100016921,171 375,B01,1,2,0,2,7,1,1,
202100016922,171 372,Z01,1,7,0,2,1,26,1,
202100016922,171 373,B01,1,60,0,2,4,0,5,
202100016923,171 370,A01,1,7,0,2,1,1,1,
202100016923,171 371,B01,1,7,14,2,4,1,1,
202100016924,171 368,A01,3,7,0,2,3,19,1,
202100016924,171 369,B01,1,7,0,2,2,1,1,
202100016925,171 367,A01,1,7,4,0,8,1,1,
202100016926,171 366,Z01,0,7,0,1,8,1,0,
202100016927,171 365,A01,3,7,0,1,2,15,1,
202100016928,171 363,A01,3,7,0,2,1,1,1,
202100016928,171 364,B01,3,1,0,2,7,1,5,
202100016929,171 361,B01,3,7,0,2,6,19,1,
202100016929,171 362,A01,3,50,0,2,1,19,3,
202100016930,171 360,Z01,2,1,0,1,1,7,5,
202100016931,171 358,A01,1,1,0,2,2,25,5,
202100016931,171 359,B01,1,7,0,2,3,1,1,
202100016932,171 357,A01,1,7,0,0,9,14,1,
202100016933,171 355,B01,0,7,0,2,6,23,1,
202100016933,171 356,A01,3,32,0,2,1,2,1,
202100016934,171 353,A01,1,7,0,2,1,2,1,
202100016934,171 354,B01,1,7,0,2,4,1,2,
202100016935,171 351,A01,3,7,0,2,1,1,1,
202100016935,171 352,B01,3,30,0,2,1,1,1,
202100016936,171 350,A01,3,31,12,0,1,26,1,
202100016937,171 348,A01,2,7,0,2,5,15,1,
202100016937,171 349,B01,1,33,0,2,1,1,1,
202100016938,171 346,A01,3,1,0,2,0,1,5,
202100016938,171 347,B01,3,7,0,2,3,15,1,
202100016939,171 344,Z01,1,7,0,2,0,15,1,
202100016939,171 345,A01,2,7,0,2,3,1,1,
202100016940,171 342,B01,2,7,0,2,1,2,1,
202100016940,171 343,A01,1,7,0,2,2,15,1,
202100016941,171 340,B01,1,60,0,2,7,0,5,
202100016941,171 341,A01,2,7,0,2,1,1,1,
202100016942,171 338,B01,3,30,0,2,1,1,1,
202100016942,171 339,A01,3,7,0,2,2,1,1,
202100016943,171 337,A01,2,2,5,0,0,0,1,
202100016944,171 336,A01,2,2,13,0,0,0,1,
202100016945,171 334,B01,2,10,0,2,4,1,1,
202100016945,171 335,A01,1,7,0,2,1,1,1,
202100016946,171 333,Z01,0,7,0,1,1,0,0,
202100016947,171 331,A01,1,33,0,2,3,18,1,
202100016947,171 332,B01,1,7,0,2,2,16,1,
202100016948,171 328,A01,2,17,0,2,2,9,1,
202100016948,171 329,B01,1,7,0,2,8,1,1,
202100016948,171 330,C01,1,7,0,2,1,1,1,
202100016949,171 327,A01,0,10,1,0,3,15,0,
202100016950,171 326,A01,1,32,0,0,0,26,1,
202100016951,171 324,A01,3,7,0,2,3,15,1,
202100016951,171 325,B01,3,33,0,2,3,1,1,
202100016952,171 323,A01,3,7,1,0,1,14,1,
202100016953,171 322,A01,2,7,15,0,2,14,1,
202100016954,171 321,A01,0,7,0,2,1,1,0,
202100016955,171 319,B01,1,40,0,2,1,1,3,
202100016955,171 320,A01,1,7,0,4,3,15,1,
202100016956,171 317,B01,2,80,0,2,8,1,3,
202100016956,171 318,A01,0,10,0,2,7,1,1,
202100016957,171 314,A01,1,7,0,1,1,14,1,
202100016958,171 312,B01,3,7,0,2,1,24,1,
202100016958,171 313,A01,3,7,1,0,1,5,1,
202100016959,171 310,A01,0,7,0,2,1,1,1,
202100016959,171 311,B01,0,7,0,2,4,1,1,
202100016960,171 307,B01,0,7,0,2,4,1,1,
202100016960,171 308,C01,0,7,0,2,4,1,1,
202100016960,171 309,A01,0,7,0,2,1,1,1,
202100016961,171 306,A01,0,14,0,0,2,14,1,
202100016962,171 304,B01,3,7,0,2,1,26,1,
202100016962,171 305,A01,3,1,0,2,8,26,5,
202100016963,171 303,A01,1,10,0,1,1,1,1,
202100016964,171 301,A01,2,7,0,2,2,22,1,
202100016964,171 302,B01,2,1,1,0,1,26,5,
202100016965,171 299,B01,1,1,0,2,8,26,5,
202100016965,171 300,A01,1,7,0,9,8,26,3,
202100016966,171 295,B01,2,1,0,2,8,1,0,
202100016966,171 296,A01,2,7,0,2,7,17,1,
202100016967,171 293,A01,3,30,0,2,1,1,1,
202100016967,171 294,B01,3,7,0,2,7,0,1,
202100016968,171 291,B01,1,1,0,2,7,25,0,
202100016968,171 292,A01,1,7,0,2,3,19,1,
202100016969,171 289,A01,1,7,0,2,3,13,1,
202100016969,171 290,B01,1,33,0,2,7,3,1,
202100016970,171 287,A01,1,10,0,2,2,17,1,
202100016970,171 288,B01,1,7,0,2,3,11,1,
202100016971,171 284,A01,1,7,0,2,0,0,1,
202100016971,171 285,B01,1,7,0,2,9,1,1,
202100016971,171 286,C01,1,7,0,2,4,1,1,
202100016972,171 282,B01,3,1,0,2,1,5,5,
202100016972,171 283,A01,3,7,0,2,3,16,1,
202100016973,171 281,A01,1,7,0,0,0,26,1,
202100016974,171 279,A01,3,7,0,2,8,15,1,
202100016974,171 280,B01,2,37,0,2,1,1,1,1.0
202100016975,171 278,A01,2,7,0,1,3,26,1,
202100016976,171 276,B01,1,33,2,2,1,11,1,
202100016976,171 277,A01,1,7,0,2,8,15,1,
202100016977,171 274,B01,1,7,0,2,1,1,1,
202100016977,171 275,A01,2,7,0,2,1,15,1,
202100016978,171 272,B01,1,34,0,2,7,17,1,
202100016978,171 273,Z01,1,7,0,2,3,15,1,
202100016979,171 270,A01,1,7,0,2,3,16,1,
202100016979,171 271,B01,1,34,0,2,2,1,1,
202100016980,171 268,B01,1,7,0,2,7,19,1,
202100016980,171 269,Z01,2,7,0,2,1,1,0,
202100016981,171 266,A01,2,7,0,2,2,19,1,
202100016981,171 267,B01,1,7,0,2,2,15,1,
202100016982,171 264,A01,2,7,0,2,9,17,1,
202100016982,171 265,B01,1,7,0,2,1,1,1,
202100016983,171 262,Z01,1,7,0,2,1,15,1,
202100016983,171 263,B01,1,31,0,2,4,15,0,
202100016984,171 261,A01,2,10,0,1,8,9,1,
202100016985,171 259,A01,1,43,0,2,1,2,1,
202100016985,171 260,Y01,1,30,0,2,3,15,1,
202100016986,171 257,A01,1,7,0,2,2,19,1,
202100016986,171 258,B01,1,34,0,2,1,1,1,
202100016987,171 256,Z01,1,7,0,1,0,0,1,
202100016988,171 254,A01,1,7,0,2,0,13,1,
202100016988,171 255,B01,1,33,0,2,8,2,1,
202100016989,171 253,A01,3,7,0,1,1,15,1,
202100016990,171 251,A01,3,7,0,2,1,1,1,
202100016990,171 252,B01,3,10,0,2,4,1,1,
202100016991,171 249,A01,1,2,0,2,1,26,1,
202100016991,171 250,B01,1,7,0,0,4,1,1,
202100016992,171 247,B01,3,37,0,2,2,1,1,2.0
202100016992,171 248,A01,1,7,0,2,4,4,1,
202100016993,171 246,A01,1,7,0,1,2,16,1,
202100016994,171 244,B01,3,7,0,2,4,2,1,
202100016994,171 245,A01,3,33,0,2,1,0,1,
202100016995,171 242,A01,1,30,0,2,7,18,1,
202100016995,171 243,B01,1,7,0,2,7,14,1,
202100016996,171 241,A01,2,30,0,0,1,1,1,
202100016997,171 239,B01,1,2,0,2,1,3,1,
202100016997,171 240,A01,1,7,0,2,1,1,1,
202100016998,171 237,A01,1,30,0,2,1,1,1,
202100016998,171 238,B01,1,7,0,2,6,1,1,
202100016999,171 236,A01,2,30,12,0,1,14,1,
202100017000,171 234,A01,1,7,0,2,1,2,1,
202100017000,171 235,B01,1,7,0,2,4,1,1,
202100017001,171 232,A01,1,43,0,2,3,13,1,
202100017001,171 233,B01,1,7,0,2,5,1,1,
202100017002,171 230,A01,2,7,0,2,7,12,1,
202100017002,171 231,B01,2,31,0,2,8,3,1,
202100017003,171 228,A01,1,7,0,2,8,11,1,
202100017003,171 229,B01,1,33,0,2,7,1,1,
202100017004,171 226,A01,2,7,0,2,1,2,1,
202100017004,171 227,B01,2,10,0,2,4,2,1,
202100017005,171 224,B01,1,10,0,2,6,1,1,
202100017005,171 225,A01,1,33,0,2,1,12,1,
202100017006,171 222,A01,2,32,0,2,2,11,1,
202100017006,171 223,B01,2,10,0,2,5,1,1,
202100017007,171 219,A01,1,7,0,2,1,2,1,
202100017007,171 220,B01,1,7,0,2,4,2,1,
202100017007,171 221,C01,1,7,0,2,6,2,1,
202100017008,171 218,A01,2,33,3,0,1,21,1,
202100017009,171 216,A01,1,34,0,2,8,18,1,
202100017009,171 217,B01,1,7,0,2,7,1,1,
202100017010,171 212,B01,1,32,0,2,6,3,1,
202100017010,171 213,C01,1,10,0,2,8,1,1,
202100017010,171 214,D01,1,10,0,2,5,1,1,
202100017010,171 215,A01,1,7,0,2,2,12,1,
202100017011,171 210,Z01,1,7,0,2,6,12,0,
202100017011,171 211,A01,1,33,0,2,2,3,1,
202100017012,171 207,C01,1,7,0,2,6,1,1,
202100017012,171 208,B01,1,7,0,2,6,1,1,
202100017012,171 209,A01,1,7,0,2,2,11,1,
202100017013,171 205,B01,2,7,0,2,8,1,1,
202100017013,171 206,A01,2,7,0,2,2,14,1,
202100017014,171 203,B01,2,7,0,2,4,1,1,
202100017014,171 204,A01,2,33,0,2,0,16,1,
202100017015,171 202,A01,1,32,0,0,0,1,1,
202100017016,171 199,A01,2,31,0,2,1,15,1,
202100017016,171 200,B01,1,1,0,2,1,1,5,
202100017017,171 198,A01,1,7,11,1,0,13,1,
202100017018,171 197,A01,3,30,12,0,7,14,1,
202100017019,171 196,Z01,2,7,7,0,1,13,2,
202100017020,171 195,A01,2,1,0,0,1,1,5,
202100017021,171 193,B01,1,33,0,2,1,1,1,
202100017021,171 194,A01,1,1,0,2,6,1,5,
202100017022,171 191,A01,1,33,0,2,0,9,1,
202100017022,171 192,B01,1,32,0,2,7,17,1,
202100017023,171 189,A01,2,33,0,2,3,2,1,
202100017023,171 190,B01,2,7,0,2,5,23,1,
202100017024,171 188,A01,1,7,1,0,2,14,1,
202100017025,171 186,B01,2,32,0,2,8,1,1,
202100017025,171 187,A01,1,7,0,2,2,15,1,
202100017026,171 184,A01,2,50,0,2,1,1,3,
202100017026,171 185,B01,2,7,0,2,5,16,1,
202100017027,171 182,Z01,2,10,0,2,8,13,1,
202100017027,171 183,A01,2,32,0,2,7,1,1,
202100017028,171 180,A01,2,10,0,2,2,16,1,
202100017028,171 181,B01,2,50,0,2,3,1,3,
202100017029,171 179,A01,2,10,0,1,3,15,1,
202100017030,171 178,A01,0,7,0,1,4,4,1,
202100017031,171 176,B01,2,43,0,2,5,17,1,
202100017031,171 177,A01,2,7,0,2,3,15,1,
202100017032,171 174,B01,1,30,0,2,1,17,1,
202100017032,171 175,A01,1,7,0,2,3,15,1,
202100017033,171 172,B01,3,33,0,2,1,1,1,
202100017033,171 173,A01,3,7,0,2,7,1,1,
202100017034,171 171,A01,2,7,0,1,1,9,1,
202100017035,171 170,A01,1,7,0,1,1,1,1,
202100017036,171 169,A01,2,7,0,1,2,1,1,
202100017037,171 168,A01,1,34,0,0,0,21,1,
202100017038,171 166,A01,1,1,0,1,1,1,5,
202100017039,171 165,A01,1,33,0,0,0,17,1,
202100017040,171 164,A01,1,7,0,1,2,1,1,
202100017041,171 163,A01,3,33,12,0,1,13,1,
202100017042,171 162,A01,1,7,0,1,1,15,1,
202100017043,171 160,A01,1,7,0,2,4,12,2,
202100017043,171 161,B01,1,34,0,2,1,1,1,
202100017044,171 159,A01,2,1,0,1,1,1,5,
202100017045,171 157,B01,1,50,0,2,8,1,3,
202100017045,171 158,A01,1,7,0,2,5,16,1,
202100017046,171 155,A01,1,33,0,2,5,13,1,
202100017046,171 156,B01,1,7,0,2,3,23,1,
202100017047,171 153,A01,2,1,0,2,1,13,5,
202100017047,171 154,B01,1,50,0,2,1,1,3,
202100017048,171 152,A01,2,50,0,1,1,1,3,
202100017049,171 150,Z01,2,15,0,2,5,14,0,
202100017049,171 151,A01,2,34,0,2,3,1,1,
202100017050,171 148,A01,1,7,0,2,6,9,2,
202100017050,171 149,B01,2,30,0,2,2,1,1,
202100017051,171 146,A01,1,7,0,2,3,22,1,