Num_Acc,id_vehicule,num_veh,senc,catv,obs,obsm,choc,manv,motor,occutc
202100017051,171 147,B01,1,80,0,2,1,1,3,
202100017052,171 145,Z01,2,30,0,1,3,17,3,
202100017053,171 143,A01,2,30,0,2,1,1,1,
202100017053,171 144,B01,2,7,0,2,2,1,1,
202100017054,171 142,A01,2,7,0,1,7,1,1,
202100017055,171 140,Z01,1,2,0,2,1,8,3,
202100017055,171 141,A01,2,50,0,2,1,15,3,
202100017056,171 138,Z01,2,1,0,2,5,19,5,
202100017056,171 139,A01,2,30,0,2,1,1,1,
202100017057,171 136,A01,1,7,0,2,2,16,1,
202100017057,171 137,B01,1,50,0,2,1,1,3,
202100017058,171 134,A01,1,7,0,2,3,15,1,
202100017058,171 135,B01,2,1,0,2,1,5,5,
202100017059,171 132,B01,3,1,0,2,1,1,5,
202100017059,171 133,A01,1,7,0,2,1,5,2,
202100017060,171 130,A01,1,10,0,2,3,22,1,
202100017060,171 131,B01,1,1,0,2,1,1,5,
202100017061,171 129,Z01,1,32,0,0,0,15,1,
202100017062,171 126,Z01,2,7,0,2,1,2,3,
202100017062,171 127,B01,2,7,0,2,4,23,2,
202100017062,171 128,A01,2,7,0,2,4,23,1,
202100017063,171 124,B01,1,32,0,2,2,1,1,
202100017063,171 125,A01,1,7,0,2,3,9,1,
202100017064,171 122,A01,1,30,0,2,5,17,3,
202100017064,171 123,Z01,1,7,0,2,0,15,0,
202100017065,171 121,A01,2,10,0,1,4,4,1,
202100017066,171 119,B01,2,30,0,2,2,1,1,
202100017066,171 120,A01,2,7,0,2,3,9,1,
202100017067,171 118,A01,2,1,0,1,1,1,5,
202100017068,171 117,A01,1,10,0,1,1,15,1,
202100017069,171 115,A01,2,10,0,2,8,22,1,
202100017069,171 116,B01,2,1,0,2,1,1,5,
202100017070,171 113,B01,1,30,0,2,3,1,3,
202100017070,171 114,A01,1,7,0,2,2,12,1,
202100017071,171 112,A01,1,7,11,0,3,13,1,
202100017072,171 111,A01,2,80,12,2,1,13,3,
202100017073,171 109,B01,2,7,0,2,7,16,1,
202100017073,171 110,A01,2,31,0,2,1,1,1,
202100017074,171 107,A01,1,7,0,2,1,10,1,
202100017074,171 108,B01,2,43,0,2,6,1,1,
202100017075,171 106,A01,1,80,0,1,3,1,3,
202100017076,171 104,A01,1,1,0,2,7,9,5,
202100017076,171 105,B01,2,80,0,2,7,1,3,
202100017077,171 102,A01,2,1,0,2,0,1,5,
202100017077,171 103,Z01,2,7,0,2,0,14,0,
202100017078,171 100,Z01,1,10,0,2,2,16,1,
202100017078,171 101,A01,1,32,0,2,3,18,1,
202100017079,171 099,A01,1,10,0,1,3,15,1,
202100017080,171 098,A01,2,32,1,2,1,13,1,
202100017081,171 097,A01,2,32,4,0,2,14,1,
202100017082,171 096,A01,1,1,0,1,1,1,5,
202100017083,171 094,B01,1,7,0,2,1,1,1,
202100017083,171 095,A01,1,7,0,9,4,23,1,
202100017084,171 092,A01,2,7,0,2,3,20,1,
202100017084,171 093,B01,2,7,0,0,2,1,1,
202100017085,171 090,B01,1,33,0,2,0,0,0,
202100017085,171 091,A01,2,10,0,2,0,0,0,
202100017086,171 088,A01,1,7,0,2,1,1,1,
202100017086,171 089,Y01,3,60,0,2,1,19,5,
202100017087,171 086,A01,2,7,0,2,6,26,0,
202100017087,171 087,B01,2,32,0,2,1,26,1,
202100017088,171 084,A01,2,10,0,2,6,10,1,
202100017088,171 085,B01,2,33,0,2,6,1,1,
202100017089,171 083,A01,2,10,0,1,2,17,1,
202100017090,171 081,A01,1,10,0,2,7,15,1,
202100017090,171 082,B01,2,43,0,2,1,1,1,
202100017091,171 079,A01,2,10,0,2,1,2,1,
202100017091,171 080,B01,2,43,0,2,8,2,1,
202100017092,171 077,B01,1,7,0,2,3,15,1,
202100017092,171 078,A01,1,32,0,2,2,17,1,
202100017093,171 075,A01,1,30,0,2,6,18,1,
202100017093,171 076,B01,1,7,0,2,5,1,1,
202100017094,171 074,A01,2,7,12,-1,2,1,1,
202100017095,171 072,A01,2,30,0,2,1,1,1,
202100017095,171 073,B01,1,7,0,2,3,15,1,
202100017096,171 070,A01,1,7,0,2,2,17,1,
202100017096,171 071,B01,1,33,0,2,8,15,1,
202100017097,171 069,A01,3,13,0,1,7,2,1,
202100017098,171 067,B01,2,37,0,2,1,2,6,1.0
202100017098,171 068,A01,2,33,14,2,1,17,1,
202100017099,171 066,A01,1,7,12,0,3,19,1,
202100017100,171 064,B01,2,30,0,2,1,1,1,
202100017100,171 065,A01,1,7,0,2,1,15,1,
202100017101,171 062,B01,1,7,0,2,8,1,0,
202100017101,171 063,A01,3,7,0,2,1,1,0,
202100017102,171 060,B01,3,7,0,2,1,2,1,
202100017102,171 061,A01,3,7,0,2,7,15,1,
202100017103,171 058,A01,2,10,0,2,3,2,0,
202100017103,171 059,B01,2,1,0,2,4,2,5,
202100017104,171 057,A01,3,10,0,1,4,26,1,
202100017105,171 055,B01,3,2,0,2,7,2,1,
202100017105,171 056,A01,2,7,0,2,6,15,1,
202100017106,171 053,B01,2,7,8,2,1,15,1,
202100017106,171 054,A01,1,31,0,2,8,1,1,
202100017107,171 051,A01,1,7,0,2,7,1,1,
202100017107,171 052,B01,1,1,0,2,1,13,5,
202100017108,171 050,A01,1,7,0,1,7,1,1,
202100017109,171 048,B01,2,7,0,2,0,2,1,
202100017109,171 049,A01,2,7,0,2,1,2,1,
202100017110,171 047,A01,1,7,0,1,2,1,1,
202100017111,171 045,B01,2,34,0,2,7,1,1,
202100017111,171 046,A01,2,7,0,2,3,13,1,
202100017112,171 043,A01,1,7,0,2,3,15,1,
202100017112,171 044,B01,2,1,0,2,8,0,5,
202100017113,171 041,B01,0,7,0,2,1,1,1,
202100017113,171 042,A01,3,7,0,2,8,15,1,
202100017114,171 040,A01,0,7,0,1,2,26,1,
202100017115,171 039,A01,0,7,0,1,4,24,1,
202100017116,171 038,A01,1,13,0,9,3,16,1,
202100017117,171 036,B01,3,7,0,2,1,15,1,
202100017117,171 037,A01,3,33,8,0,3,1,1,
202100017118,171 034,A01,1,7,0,2,1,9,1,
202100017118,171 035,B01,2,7,0,2,8,1,1,
202100017119,171 033,A01,1,7,0,1,1,1,1,
202100017120,171 032,A01,2,7,0,1,2,1,1,
202100017121,171 031,A01,2,7,0,1,3,1,1,
202100017122,171 029,B01,2,33,0,2,1,1,0,
202100017122,171 030,A01,2,7,0,2,0,0,1,
202100017123,171 028,A01,1,7,0,1,1,15,1,
202100017124,171 027,A01,1,32,3,0,2,1,1,
202100017125,171 025,A01,1,7,0,2,6,10,1,
202100017125,171 026,B01,1,50,0,2,1,1,3,
202100017126,171 024,A01,0,7,0,1,1,1,1,
202100017127,171 022,B01,1,80,0,2,7,1,3,
202100017127,171 023,A01,1,13,3,0,7,26,1,
202100017128,171 020,B01,3,33,0,2,8,1,1,
202100017128,171 021,A01,3,10,0,2,0,0,0,
202100017129,171 018,B01,1,30,0,2,1,1,1,
202100017129,171 019,A01,1,7,0,2,3,1,1,
202100017130,171 016,B01,1,2,0,0,0,0,0,
202100017130,171 017,A01,0,7,0,0,1,15,1,
202100017131,171 014,A01,1,7,1,2,2,17,1,
202100017131,171 015,B01,2,7,0,2,2,1,1,
202100017132,171 012,A01,1,7,0,2,3,9,1,
202100017132,171 013,B01,1,32,0,2,1,17,1,
202100017133,171 010,A01,1,7,12,0,1,14,1,
202100017133,171 011,B01,1,31,12,0,8,2,1,
202100017134,171 009,A01,1,7,0,1,1,1,0,
202100017135,171 008,A01,1,50,15,0,7,26,3,
202100017136,171 006,A01,3,34,0,2,3,26,0,
202100017136,171 007,B01,1,7,0,2,2,15,2,
202100017137,171 005,A01,0,7,0,1,0,9,0,
202100017138,171 003,B01,3,1,0,2,4,11,0,
202100017138,171 004,A01,3,32,0,2,1,1,1,
202100017139,171 001,B01,3,33,0,2,3,3,1,
202100017139,171 002,A01,3,10,0,2,5,1,1,
202100017140,171 000,A01,1,7,0,1,0,9,0,
202100017141,170 998,B01,1,2,0,0,0,0,1,
202100017141,170 999,A01,1,7,0,2,2,14,1,
202100017142,170 996,B01,1,7,0,2,3,15,1,
202100017142,170 997,A01,1,7,0,2,2,15,1,
202100017143,170 994,B01,1,1,0,9,7,26,5,
202100017143,170 995,A01,2,1,0,9,1,26,5,
202100017144,170 992,A01,1,30,0,2,2,9,1,
202100017144,170 993,B01,1,7,0,2,2,9,1,
202100017145,170 990,A01,1,7,0,2,3,9,1,
202100017145,170 991,B01,1,2,0,2,1,1,1,
202100017146,170 989,A01,1,7,0,1,1,26,1,
202100017147,170 988,A01,2,43,0,1,3,1,1,
202100017148,170 987,A01,3,10,0,1,4,4,1,
202100017149,170 985,A01,1,30,0,2,1,1,1,
202100017149,170 986,B01,1,99,0,2,3,15,0,
202100017150,170 984,A01,1,37,1,1,2,26,6,1.0
202100017151,170 982,A01,2,33,0,2,1,17,1,
202100017151,170 983,B01,2,7,0,2,4,15,1,
202100017152,170 981,A01,2,33,8,0,0,1,1,
202100017153,170 980,A01,2,21,0,0,8,1,1,
202100017154,170 979,A01,1,3,13,0,2,1,1,
202100017155,170 977,A01,2,2,0,2,1,13,1,
202100017155,170 978,B01,1,10,0,2,2,1,1,
202100017156,170 976,A01,1,7,7,0,3,13,1,
202100017157,170 975,A01,1,31,14,0,1,1,1,
202100017158,170 971,A01,1,33,0,2,1,13,1,
202100017158,170 972,B01,2,7,0,9,8,1,1,
202100017159,170 969,A01,1,7,1,0,1,14,1,
202100017159,170 970,B01,1,13,1,2,4,24,1,
202100017160,170 968,A01,2,33,13,0,1,13,1,
202100017161,170 966,A01,3,7,0,2,2,15,1,
202100017161,170 967,B01,1,7,0,2,3,1,1,
202100017162,170 964,A01,1,7,0,2,1,2,1,
202100017162,170 965,B01,1,2,0,2,4,23,1,
202100017163,170 960,A01,2,7,0,0,7,15,1,
202100017163,170 961,B01,2,34,0,2,8,1,1,
202100017164,170 958,B01,1,1,0,2,8,1,5,
202100017164,170 959,A01,1,7,0,2,7,21,1,
202100017165,170 957,A01,2,7,3,0,2,1,1,
202100017166,170 955,A01,1,7,0,2,3,15,1,
202100017166,170 956,B01,2,10,0,2,3,1,1,
202100017167,170 953,A01,1,33,0,2,3,1,1,
202100017167,170 954,B01,2,7,0,2,3,17,1,
202100017168,170 944,A01,2,7,0,2,2,17,1,
202100017168,170 945,B01,1,1,0,2,1,1,5,
202100017168,170 946,C01,1,1,0,0,0,1,5,
202100017168,170 947,D01,1,1,0,0,0,1,5,
202100017168,170 948,E01,1,1,0,2,1,1,5,
202100017168,170 949,F01,1,1,0,0,0,1,5,
202100017168,170 950,G01,1,1,0,0,0,1,5,
202100017168,170 951,H01,1,1,0,0,0,1,5,
202100017168,170 952,I01,2,7,0,0,0,1,1,
202100017169,170 943,A01,2,7,3,0,7,1,1,
202100017170,170 942,A01,3,33,0,0,2,1,1,
202100017171,170 941,A01,1,2,8,0,1,1,1,
202100017172,170 939,B01,2,14,0,2,0,1,-1,
202100017172,170 940,A01,1,2,0,2,3,1,1,
202100017173,170 937,A01,2,0,0,0,0,2,0,
202100017174,170 935,B01,1,7,0,2,8,15,1,
202100017174,170 936,A01,1,33,0,2,7,17,1,
202100017175,170 933,B01,3,7,0,2,2,15,1,
202100017175,170 934,A01,1,34,0,2,1,1,1,
202100017176,170 932,A01,2,2,0,0,3,2,1,
202100017177,170 931,A01,1,7,8,0,7,1,1,
202100017178,170 929,A01,1,7,0,2,1,13,1,
202100017178,170 930,B01,2,2,0,2,1,1,1,
202100017179,170 927,A01,1,7,0,2,3,1,1,
202100017179,170 928,B01,1,7,0,0,6,9,1,
202100017180,170 925,A01,3,2,14,2,8,1,1,
202100017181,170 924,A01,3,7,0,1,2,1,1,
202100017182,170 922,A01,0,7,0,9,3,9,0,
202100017182,170 923,B01,0,2,0,2,2,1,1,
202100017183,170 920,B01,2,7,0,2,6,1,1,
202100017183,170 921,A01,1,33,0,2,8,13,1,
202100017184,170 918,A01,2,10,0,2,2,17,1,
202100017184,170 919,B01,2,21,0,2,6,26,1,
202100017185,170 917,A01,3,21,0,0,7,1,1,
202100017186,170 913,D01,2,7,0,2,8,1,3,
202100017186,170 914,C01,2,7,0,2,1,1,1,
202100017186,170 915,B01,1,7,0,2,3,1,1,
202100017186,170 916,A01,2,7,0,2,3,17,1,
202100017187,170 911,A01,1,7,0,2,8,15,0,
202100017187,170 912,B01,1,33,0,2,9,17,1,
202100017188,170 910,A01,2,7,4,0,2,0,1,
202100017189,170 908,B01,2,7,0,2,1,1,1,
202100017189,170 909,A01,1,7,0,2,1,1,1,
202100017190,170 907,A01,1,7,8,0,2,14,1,
202100017191,170 905,A01,3,7,0,2,6,19,1,
202100017191,170 906,B01,3,2,0,2,1,1,1,
202100017192,170 903,B01,2,1,0,2,8,1,5,
202100017192,170 904,A01,1,7,0,9,1,1,1,
202100017193,170 902,A01,2,10,0,1,3,1,1,
202100017194,170 900,B01,2,7,0,2,3,1,1,
202100017194,170 901,A01,1,7,0,2,3,1,1,
202100017195,170 899,A01,1,10,0,6,2,1,1,
202100017196,170 897,B01,3,21,0,2,6,1,1,
202100017196,170 898,A01,3,2,0,2,1,16,1,
202100017197,170 896,A01,3,7,2,0,1,1,1,
202100017198,170 895,A01,1,7,6,0,1,1,1,
202100017199,170 891,B01,1,7,0,2,3,1,1,
202100017199,170 892,A01,2,7,0,2,3,17,1,
202100017200,170 890,A01,2,7,13,0,1,13,1,
202100017201,170 889,A01,1,7,13,0,1,13,1,
202100017202,170 888,A01,1,7,13,0,1,14,1,
202100017203,170 886,B01,1,99,0,0,4,2,5,
202100017203,170 887,A01,0,7,0,9,2,2,1,
202100017204,170 885,A01,2,10,0,1,1,1,1,
202100017205,170 884,A01,1,7,6,0,1,1,1,
202100017206,170 883,A01,1,7,0,0,1,14,1,
202100017207,170 881,B01,2,7,0,2,8,15,1,
202100017207,170 882,A01,1,7,0,2,3,1,1,
202100017208,170 880,A01,1,2,0,0,0,1,1,
202100017209,170 879,A01,3,7,0,1,6,1,1,
202100017210,170 878,A01,3,7,2,0,1,13,1,
202100017211,170 877,A01,2,7,2,0,2,13,1,
202100017212,170 876,A01,1,33,9,0,3,14,1,
202100017213,170 874,B01,2,7,0,2,3,1,1,
202100017213,170 875,A01,1,7,0,2,3,13,1,
202100017214,170 873,A01,1,7,0,1,3,1,1,
202100017215,170 872,A01,3,7,2,0,3,14,1,
202100017216,170 871,A01,3,7,13,0,1,1,1,
202100017217,170 870,A01,3,7,13,0,2,14,1,
202100017218,170 869,A01,1,33,0,0,9,2,1,
202100017219,170 868,A01,1,7,0,1,1,1,1,
202100017220,170 867,A01,0,2,0,0,7,1,1,
202100017221,170 866,A01,2,7,0,1,2,1,1,
202100017222,170 864,B01,1,2,0,2,1,1,1,
202100017222,170 865,A01,2,10,0,2,2,1,1,
202100017223,170 862,A01,2,7,0,2,6,15,1,
202100017223,170 863,B01,1,2,0,2,1,9,1,
202100017224,170 858,B01,3,80,0,2,3,1,3,
202100017224,170 859,A01,3,7,0,2,3,1,1,
202100017225,170 856,A01,3,2,0,2,1,1,1,
202100017225,170 857,B01,3,10,0,2,7,15,1,
202100017226,170 854,B01,1,80,0,2,2,1,3,
202100017226,170 855,E01,1,7,0,2,3,9,1,
202100017227,170 852,A01,1,1,0,2,7,1,5,
202100017227,170 853,B01,2,7,0,2,1,1,1,
202100017228,170 851,A01,1,7,7,0,0,1,1,
202100017229,170 849,A01,1,7,0,2,1,15,1,
202100017229,170 850,B01,2,2,0,2,8,2,1,
202100017230,170 847,A01,3,7,12,0,3,15,1,
202100017230,170 848,B01,2,7,8,0,2,1,1,
202100017231,170 846,A01,1,30,0,6,2,1,1,
202100017232,170 844,B01,0,7,0,2,3,9,0,
202100017232,170 845,A01,1,33,0,2,2,17,1,
202100017233,170 842,B01,2,7,0,2,1,1,1,
202100017233,170 843,A01,1,7,0,2,0,13,1,
202100017234,170 841,A01,1,31,0,0,1,13,1,
202100017235,170 838,B01,2,7,8,2,2,5,1,
202100017235,170 839,A01,1,7,0,2,1,1,1,
202100017236,170 836,A01,3,21,0,2,7,15,1,
202100017236,170 837,B01,2,7,0,2,1,1,1,
202100017237,170 835,A01,0,80,0,0,0,0,3,
202100017238,170 834,A01,2,7,13,0,9,1,1,
202100017239,170 832,A01,1,7,0,0,3,1,1,
202100017239,170 833,B01,3,21,0,0,3,19,0,
202100017240,170 831,A01,2,31,8,0,2,1,1,
202100017241,170 829,B01,2,21,0,2,6,1,1,
202100017241,170 830,A01,1,33,0,2,0,13,1,
202100017242,170 827,B01,3,80,0,2,1,1,3,
202100017242,170 828,A01,3,10,0,2,3,9,1,
202100017243,170 826,A01,2,7,16,0,0,0,1,
202100017244,170 824,A01,1,7,0,0,6,19,1,
202100017244,170 825,B01,1,7,0,2,1,1,1,
202100017245,170 823,A01,0,3,0,1,0,26,3,
202100017246,170 822,A01,2,31,0,5,1,1,1,
202100017247,170 821,A01,3,1,0,0,0,0,0,
202100017248,170 820,A01,2,33,13,0,1,1,1,
202100017249,170 819,A01,1,7,2,0,1,1,2,
202100017250,170 818,A01,1,7,5,0,2,21,1,
202100017251,170 817,A01,0,2,0,6,1,1,1,
202100017252,170 815,A01,1,10,0,2,1,1,1,
202100017252,170 816,B01,3,7,0,2,8,9,1,
202100017253,170 810,A01,3,7,0,4,7,1,1,
202100017253,170 811,B01,3,39,0,2,1,1,3,
202100017254,170 808,B01,2,7,0,2,1,1,0,
202100017254,170 809,A01,2,7,0,0,8,19,0,
202100017255,170 806,A01,2,10,0,2,2,2,1,
202100017255,170 807,B01,2,33,0,0,4,2,1,
202100017256,170 805,A01,1,33,0,0,7,1,1,
202100017257,170 802,C01,1,1,0,9,1,2,0,
202100017257,170 803,B01,1,1,0,2,8,2,0,
202100017257,170 804,A01,1,99,0,9,5,2,0,
202100017258,170 801,A01,2,7,13,0,3,1,1,
202100017259,170 799,B01,2,7,7,2,3,1,1,
202100017259,170 800,A01,1,7,0,2,3,19,1,
202100017260,170 798,A01,2,7,0,0,0,1,1,
202100017261,170 796,A01,1,0,0,2,0,2,0,
202100017261,170 797,B01,1,1,0,2,4,1,5,
202100017262,170 794,A01,1,7,0,2,1,0,1,
202100017262,170 795,B01,2,7,0,2,3,1,1,
202100017263,170 793,A01,1,33,3,0,1,17,1,
202100017264,170 792,A01,1,31,2,0,3,1,1,
202100017265,170 791,A01,2,7,2,0,1,1,1,
202100017266,170 790,A01,2,7,0,1,1,0,1,
202100017267,170 788,B01,3,7,0,2,8,1,1,
202100017267,170 789,A01,3,10,0,2,2,9,1,
202100017268,170 786,B01,2,10,9,2,3,14,1,
202100017268,170 787,A01,1,7,0,2,3,17,1,
202100017269,170 785,A01,2,7,13,0,1,1,1,
202100017270,170 784,A01,1,7,0,0,0,5,1,
202100017271,170 783,A01,1,7,0,0,9,1,1,
202100017272,170 781,B01,2,33,0,2,2,21,1,
202100017272,170 782,A01,1,21,0,2,8,26,1,
202100017273,170 779,B01,1,33,0,2,1,1,1,
202100017273,170 780,A01,2,7,0,2,5,15,1,
202100017274,170 777,A01,2,33,0,2,1,13,1,
202100017274,170 778,B01,1,33,0,2,3,13,1,
202100017275,170 776,A01,1,7,13,0,1,14,1,
202100017276,170 774,A01,1,2,0,2,2,1,1,
202100017276,170 775,B01,2,7,0,2,3,0,1,
202100017277,170 770,A01,1,7,0,2,2,1,1,
202100017277,170 771,B01,1,7,0,2,6,1,1,
202100017278,170 769,B01,0,7,0,9,0,0,0,
202100017279,170 766,C01,2,7,0,0,3,2,1,
202100017279,170 767,B01,2,7,0,2,2,1,1,
202100017279,170 768,A01,1,7,0,2,2,1,1,
202100017280,170 764,A01,2,7,0,2,1,2,1,
202100017280,170 765,B01,2,7,3,2,4,2,1,
202100017281,170 762,B01,2,33,4,0,3,2,1,
202100017281,170 763,A01,2,33,4,0,0,2,1,
202100017282,170 760,B01,2,37,0,2,3,5,1,1.0
202100017282,170 761,A01,1,7,0,2,3,5,1,
202100017283,170 759,A01,2,7,13,0,3,1,1,
202100017284,170 756,A01,2,7,0,2,1,2,1,
202100017284,170 757,B01,2,7,0,2,4,2,1,
202100017284,170 758,C01,2,7,0,2,4,2,1,
202100017285,170 754,A01,2,7,0,2,1,13,0,
202100017285,170 755,B01,1,15,0,2,1,1,1,
202100017286,170 752,A01,2,14,0,2,7,19,1,
202100017286,170 753,B01,2,33,0,2,1,1,1,
202100017287,170 751,A01,2,7,13,0,8,17,1,
202100017288,170 750,A01,0,7,6,1,1,15,1,
202100017289,170 747,A01,2,7,0,2,1,2,1,
202100017289,170 748,B01,2,7,0,2,4,2,1,
202100017289,170 749,C01,2,7,0,0,4,2,1,
202100017290,170 745,B01,2,2,0,2,1,17,1,
202100017290,170 746,A01,2,7,0,0,3,15,1,
202100017291,170 743,B01,3,7,0,2,6,1,1,
202100017291,170 744,A01,3,30,0,2,1,13,1,
202100017292,170 741,B01,0,7,0,2,2,1,1,
202100017292,170 742,A01,0,2,0,2,1,13,1,
202100017293,170 739,A01,1,7,0,2,2,13,1,
202100017293,170 740,B01,1,2,0,2,1,1,1,
202100017294,170 737,B01,2,32,0,2,3,23,1,
202100017294,170 738,A01,2,7,0,2,2,14,1,
202100017295,170 735,A01,2,7,0,0,6,15,1,
202100017295,170 736,B01,1,33,0,2,1,17,1,
202100017296,170 734,A01,1,7,8,0,9,1,0,
202100017297,170 733,A01,1,7,0,0,9,1,1,
202100017298,170 731,A01,1,43,0,2,4,1,1,
202100017298,170 732,B01,1,7,3,2,1,0,1,
202100017299,170 729,A01,3,7,0,2,3,5,1,
202100017299,170 730,B01,3,7,0,2,3,1,1,
202100017300,170 727,A01,1,7,0,2,3,13,1,
202100017300,170 728,B01,2,7,0,2,3,1,1,
202100017301,170 725,A01,1,7,0,2,1,2,1,
202100017301,170 726,B01,1,31,0,2,4,2,1,
202100017302,170 723,B01,1,10,0,2,3,1,1,
202100017302,170 724,A01,2,2,0,2,1,1,1,
202100017303,170 722,A01,1,7,15,0,1,14,1,
202100017304,170 721,A01,2,33,10,0,1,1,1,
202100017305,170 719,A01,2,33,0,2,0,0,1,
202100017305,170 720,B01,0,99,0,2,0,19,0,
202100017306,170 718,A01,2,33,2,0,3,1,1,
202100017307,170 716,A01,1,7,0,2,2,17,1,
202100017307,170 717,B01,2,7,0,2,2,1,1,
202100017308,170 713,C01,1,7,0,2,1,1,1,
202100017308,170 714,B01,1,14,0,2,8,1,1,
202100017308,170 715,A01,2,7,0,2,1,1,1,
202100017309,170 711,B01,1,7,0,2,1,1,1,
202100017309,170 712,A01,2,7,0,2,7,15,1,
202100017310,170 709,A01,1,7,0,2,8,19,1,
202100017310,170 710,B01,1,7,0,2,1,1,1,
202100017311,170 708,A01,1,7,3,0,1,14,1,
202100017312,170 704,A01,1,7,0,2,3,13,1,
202100017312,170 705,B01,2,7,0,2,0,0,1,
202100017312,170 706,C01,2,7,0,2,1,0,1,
202100017312,170 707,D01,1,7,1,0,8,0,1,
202100017313,170 703,A01,2,33,0,0,8,1,1,
202100017314,170 702,A01,2,31,12,0,0,1,1,
202100017315,170 700,B01,2,7,0,0,6,17,1,
202100017315,170 701,A01,2,33,2,2,1,17,1,
202100017316,170 699,A01,1,7,0,1,2,2,1,
202100017317,170 698,A01,1,7,2,0,1,1,1,
202100017318,170 697,A01,0,7,0,1,1,26,0,
202100017319,170 693,B01,1,1,0,2,7,1,5,
202100017319,170 694,A01,2,7,0,9,2,15,1,
202100017320,170 692,A01,3,2,0,0,0,26,1,
202100017321,170 690,B01,0,7,0,2,2,1,1,
202100017321,170 691,A01,3,7,0,2,3,1,1,
202100017322,170 688,B01,1,7,0,0,8,1,1,
202100017322,170 689,A01,1,7,0,2,1,19,1,
202100017323,170 686,A01,1,7,0,2,3,1,1,
202100017323,170 687,B01,2,7,0,2,2,15,1,
202100017324,170 682,A01,1,7,0,2,8,19,1,
202100017324,170 683,B01,2,33,0,2,1,1,1,
202100017325,170 680,A01,3,7,0,9,3,1,1,
202100017325,170 681,B01,3,1,0,2,1,19,5,
202100017326,170 679,A01,2,7,13,0,1,17,1,
202100017327,170 678,A01,2,7,0,1,2,1,1,
202100017328,170 676,B01,1,7,0,2,1,17,1,
202100017328,170 677,A01,2,33,0,2,1,1,1,
202100017329,170 674,A01,1,7,13,0,3,0,1,
202100017329,170 675,B01,1,10,13,0,5,0,0,
202100017330,170 672,B01,2,15,0,2,1,1,1,
202100017330,170 673,A01,2,10,0,0,4,15,1,
202100017331,170 671,B01,1,7,0,0,2,1,1,
202100017332,170 670,A01,1,7,6,0,1,1,1,
202100017333,170 669,A01,2,7,8,0,9,13,1,
202100017334,170 668,A01,0,7,0,1,2,1,1,
202100017335,170 666,B01,2,7,0,2,3,13,1,
202100017335,170 667,A01,2,7,0,2,6,13,1,
202100017336,170 664,B01,3,7,0,2,6,2,1,
202100017336,170 665,A01,3,2,0,2,1,9,1,
202100017337,170 660,C01,1,1,0,0,0,1,5,
202100017337,170 661,A01,1,1,0,9,0,1,5,
202100017337,170 662,B01,1,1,0,0,0,1,5,
202100017337,170 663,D01,1,1,0,0,0,1,5,
202100017338,170 658,A01,2,33,0,2,3,13,1,
202100017338,170 659,B01,1,7,0,2,0,1,1,
202100017339,170 654,A01,1,7,0,2,5,26,1,
202100017339,170 655,B01,1,33,0,2,1,1,1,
202100017340,170 652,A01,1,2,0,2,7,17,1,
202100017340,170 653,B01,1,7,0,2,3,15,2,
202100017341,170 650,B01,0,1,0,2,1,16,5,
202100017341,170 651,A01,3,7,0,9,2,1,1,
202100017342,170 649,A01,1,7,4,0,6,1,1,
202100017343,170 647,B01,2,7,0,2,1,2,1,
202100017343,170 648,A01,2,7,0,2,4,2,1,
202100017344,170 645,A01,2,10,14,0,8,12,1,
202100017344,170 646,C01,2,10,0,2,4,1,1,
202100017345,170 643,B01,1,7,0,2,1,14,1,
202100017345,170 644,A01,1,10,0,2,6,26,1,
202100017346,170 642,A01,1,7,7,0,1,1,1,
202100017347,170 638,D01,2,7,0,2,1,1,2,
202100017347,170 639,A01,2,15,1,2,1,1,1,
202100017347,170 640,B01,2,7,0,2,4,23,1,
202100017347,170 641,C01,2,7,0,2,5,17,1,
202100017348,170 636,B01,2,7,0,2,4,1,1,
202100017348,170 637,Z01,2,7,0,2,0,0,0,
202100017349,170 634,A01,1,33,0,2,1,3,1,
202100017349,170 635,B01,1,7,0,2,5,1,1,
202100017350,170 632,B01,2,7,0,2,4,2,1,
202100017350,170 633,A01,2,7,0,2,1,2,1,
202100017351,170 630,A01,2,32,4,0,0,13,1,
202100017351,170 631,B01,2,7,0,9,3,1,1,
202100017352,170 628,Z01,2,7,0,2,1,26,1,
202100017352,170 629,A01,2,33,0,2,8,15,1,
202100017353,170 626,A01,1,13,0,2,5,12,1,
202100017353,170 627,B01,1,10,4,2,6,1,1,
202100017354,170 623,A01,2,7,0,2,1,2,1,
202100017354,170 624,B01,2,7,0,2,5,2,1,
202100017354,170 625,C01,2,7,0,2,4,2,1,
202100017355,170 621,B01,1,17,0,2,4,2,1,
202100017355,170 622,A01,1,10,0,2,1,2,1,
202100017356,170 618,C01,1,7,0,2,1,2,1,
202100017356,170 619,B01,1,99,0,2,1,2,1,
202100017356,170 620,A01,1,99,0,2,4,2,1,
202100017357,170 616,A01,1,7,3,2,1,12,2,
202100017357,170 617,B01,1,10,0,2,3,1,1,
202100017358,170 614,A01,1,7,3,0,1,13,1,
202100017358,170 615,B01,2,7,14,0,0,1,1,
202100017359,170 612,B01,1,7,0,2,1,2,1,
202100017359,170 613,A01,1,7,3,2,4,1,1,
202100017360,170 608,D01,1,7,0,0,6,0,1,
202100017360,170 609,C01,1,7,0,2,8,1,1,