Num_Acc,id_vehicule,num_veh,senc,catv,obs,obsm,choc,manv,motor,occutc
202100017360,170 610,B01,1,33,0,2,3,3,1,
202100017360,170 611,A01,1,7,0,2,7,12,1,
202100017361,170 606,B01,2,33,0,2,3,3,1,
202100017361,170 607,A01,2,7,0,2,5,12,1,
202100017362,170 604,A01,1,15,0,2,2,14,1,
202100017362,170 605,B01,1,7,0,2,8,1,1,
202100017363,170 602,A01,1,7,0,2,7,12,1,
202100017363,170 603,B01,1,33,0,2,6,1,1,
202100017364,170 600,A01,1,33,0,2,3,3,1,
202100017364,170 601,B01,1,7,0,2,7,12,1,
202100017365,170 598,A01,1,7,0,2,7,12,1,
202100017365,170 599,B01,1,33,0,2,8,1,1,
202100017366,170 596,B01,2,43,0,2,8,3,1,
202100017366,170 597,A01,2,7,0,2,7,12,1,
202100017367,170 595,A01,2,33,0,0,0,3,1,
202100017368,170 593,B01,2,7,0,2,4,2,1,
202100017368,170 594,A01,2,7,0,2,1,2,1,
202100017369,170 591,B01,2,7,0,2,6,9,1,
202100017369,170 592,A01,2,0,0,2,0,21,0,
202100017370,170 590,A01,2,7,6,0,1,21,1,
202100017371,170 588,B01,1,7,0,2,3,1,1,
202100017371,170 589,A01,1,33,0,2,5,9,1,
202100017372,170 587,A01,1,33,3,0,3,1,1,
202100017373,170 585,B01,2,7,0,2,4,26,1,
202100017373,170 586,A01,2,7,0,2,1,26,1,
202100017374,170 583,B01,1,32,0,2,2,3,1,
202100017374,170 584,A01,1,7,0,2,3,11,1,
202100017375,170 581,B01,2,7,0,2,4,12,2,
202100017375,170 582,A01,2,33,0,2,1,3,1,
202100017376,170 579,A01,2,7,0,2,0,18,1,
202100017376,170 580,B01,2,7,0,2,2,1,1,
202100017377,170 576,A01,1,33,0,0,2,0,1,
202100017377,170 577,B01,1,7,0,2,0,13,1,
202100017377,170 578,C01,1,7,0,2,0,14,1,
202100017378,170 574,A01,1,7,0,2,6,2,0,
202100017378,170 575,B01,1,31,0,2,1,2,1,
202100017379,170 571,C01,1,7,0,2,4,2,1,
202100017379,170 572,B01,1,7,0,2,4,2,1,
202100017379,170 573,A01,1,7,0,2,1,2,1,
202100017380,170 569,A01,2,33,0,2,1,2,1,
202100017380,170 570,B01,2,10,0,2,5,23,1,
202100017381,170 568,A01,1,7,4,0,3,1,1,
202100017382,170 566,A01,1,7,0,2,2,12,1,
202100017382,170 567,B01,1,33,0,2,1,3,1,
202100017383,170 564,B01,2,7,0,2,4,1,1,
202100017383,170 565,A01,2,33,0,2,1,20,1,
202100017384,170 561,C01,2,10,0,2,4,1,1,
202100017384,170 562,B01,2,7,0,2,7,12,1,
202100017384,170 563,A01,2,33,0,2,1,3,1,
202100017385,170 559,A01,2,31,0,2,1,26,1,
202100017385,170 560,B01,2,7,0,2,5,26,1,
202100017386,170 557,A01,1,33,0,2,1,3,1,
202100017386,170 558,B01,1,7,0,2,8,11,1,
202100017387,170 555,A01,1,10,0,2,1,1,1,
202100017387,170 556,B01,1,10,0,2,4,2,1,
202100017388,170 554,A01,1,33,0,2,1,12,1,
202100017389,170 551,A01,1,7,0,2,5,1,1,
202100017389,170 552,B01,1,7,0,2,1,1,1,
202100017389,170 553,C01,1,33,0,2,1,14,1,
202100017390,170 549,A01,2,7,0,2,4,1,1,
202100017390,170 550,B01,2,7,0,2,4,1,1,
202100017391,170 547,B01,2,7,0,2,4,2,1,
202100017391,170 548,A01,2,33,0,2,1,2,1,
202100017392,170 545,A01,2,7,0,2,4,26,1,
202100017392,170 546,B01,1,7,0,2,1,2,1,
202100017393,170 544,A01,2,7,16,0,1,12,1,
202100017394,170 542,B01,2,33,0,2,1,3,1,
202100017394,170 543,A01,2,7,0,0,7,12,1,
202100017395,170 541,A01,2,32,16,0,8,15,1,
202100017396,170 537,A01,2,17,0,2,1,2,1,
202100017396,170 538,B01,2,7,0,2,4,23,1,
202100017397,170 535,A01,1,7,0,2,3,11,1,
202100017397,170 536,B01,1,33,0,2,1,1,1,
202100017398,170 533,B01,2,33,0,2,7,1,1,
202100017398,170 534,A01,2,7,0,2,8,11,1,
202100017399,170 531,B01,2,7,0,2,3,1,1,
202100017399,170 532,A01,2,7,0,2,2,14,1,
202100017400,170 525,A01,1,7,0,2,1,15,1,
202100017400,170 526,B01,2,7,0,2,1,15,1,
202100017401,170 524,A01,1,50,9,0,0,0,3,
202100017402,170 522,B01,3,30,15,2,7,1,1,
202100017402,170 523,A01,3,7,15,2,1,19,1,
202100017403,170 520,B01,2,32,0,2,7,26,1,
202100017403,170 521,A01,2,7,0,2,5,4,1,
202100017404,170 517,A01,1,7,0,2,4,26,1,
202100017404,170 518,B01,1,7,0,2,4,2,1,
202100017404,170 519,C01,1,7,0,2,1,2,1,
202100017405,170 515,B01,3,7,0,9,1,0,1,
202100017405,170 516,A01,3,1,0,2,8,19,5,
202100017406,170 514,A01,3,7,1,0,2,2,1,
202100017407,170 513,A01,0,30,0,1,1,1,1,
202100017408,170 512,B01,0,33,1,9,1,0,1,
202100017409,170 509,B01,2,10,0,2,2,15,1,
202100017409,170 510,C01,2,7,0,2,4,1,1,
202100017409,170 511,A01,2,7,0,2,1,1,1,
202100017410,170 507,B01,1,32,0,2,3,13,0,
202100017410,170 508,A01,2,10,0,2,3,13,1,
202100017411,170 505,A01,1,10,0,2,2,15,1,
202100017411,170 506,B01,1,7,0,2,6,1,1,
202100017412,170 504,A01,3,7,0,1,1,1,0,
202100017413,170 502,A01,1,7,0,9,0,26,1,
202100017413,170 503,B01,2,1,0,2,0,0,0,
202100017414,170 501,A01,1,7,0,1,4,9,0,
202100017415,170 498,A01,1,7,0,2,2,21,1,
202100017415,170 499,B01,2,7,0,2,7,19,1,
202100017415,170 500,C01,2,7,0,2,3,2,0,
202100017416,170 496,B01,3,7,0,2,2,1,1,
202100017416,170 497,A01,3,31,0,2,1,1,1,
202100017417,170 495,Z01,1,7,0,1,0,1,0,
202100017418,170 493,A01,3,7,0,2,1,9,1,
202100017418,170 494,B01,2,33,0,2,5,1,1,
202100017419,170 491,B01,0,21,0,2,4,1,1,
202100017419,170 492,A01,0,10,0,2,1,1,1,
202100017420,170 489,B01,3,37,0,2,7,1,1,1.0
202100017420,170 490,A01,3,7,0,2,1,19,1,
202100017421,170 487,A01,2,7,0,2,8,11,0,
202100017421,170 488,B01,2,7,0,2,2,1,0,
202100017422,170 483,B01,1,7,0,2,4,0,0,
202100017422,170 484,A01,1,10,0,2,1,2,1,
202100017423,170 481,B01,0,2,0,0,0,0,1,
202100017423,170 482,A01,0,7,0,2,1,1,1,
202100017424,170 480,A01,0,7,0,1,2,3,1,
202100017425,170 479,A01,0,7,1,0,3,13,1,
202100017426,170 477,A01,0,7,0,2,1,15,1,
202100017426,170 478,B01,0,32,0,2,1,1,1,
202100017427,170 475,B01,2,7,0,2,1,1,1,
202100017427,170 476,A01,1,7,0,2,1,15,1,
202100017428,170 473,A01,2,7,0,2,3,19,1,
202100017428,170 474,B01,2,10,0,2,1,1,1,
202100017429,170 471,A01,1,7,0,2,3,15,1,
202100017429,170 472,B01,2,30,0,2,1,1,1,
202100017430,170 469,A01,2,33,0,2,1,17,1,
202100017430,170 470,B01,1,7,0,2,3,1,1,
202100017431,170 467,A01,3,7,0,2,1,15,1,
202100017431,170 468,B01,3,10,0,2,7,1,1,
202100017432,170 465,B01,2,34,1,0,3,0,1,
202100017432,170 466,A01,3,7,1,0,1,19,0,
202100017433,170 463,B01,1,7,0,2,1,1,1,
202100017433,170 464,A01,1,7,0,2,1,15,1,
202100017434,170 461,B01,1,30,0,2,1,1,1,
202100017434,170 462,A01,1,7,0,2,4,23,1,
202100017435,170 460,Z01,3,7,0,1,4,4,0,
202100017436,170 458,A01,1,7,0,9,1,0,1,
202100017436,170 459,B01,1,1,14,0,7,1,5,
202100017437,170 456,B01,3,7,0,2,4,1,1,
202100017437,170 457,A01,2,2,0,2,1,9,1,
202100017438,170 454,B01,3,10,0,2,2,15,1,
202100017438,170 455,A01,2,7,0,9,7,1,1,
202100017439,170 452,A01,1,7,0,2,8,22,1,
202100017439,170 453,B01,1,1,1,0,2,1,5,
202100017440,170 451,A01,3,33,0,0,7,1,1,
202100017441,170 450,A01,1,7,3,0,3,1,1,
202100017442,170 448,B01,1,7,0,2,6,2,1,
202100017442,170 449,A01,1,7,14,2,1,21,1,
202100017443,170 446,A01,2,7,0,2,3,15,1,
202100017443,170 447,B01,2,33,0,2,1,1,1,
202100017444,170 444,B01,2,7,0,2,2,15,1,
202100017444,170 445,A01,2,33,0,2,1,21,1,
202100017445,170 442,B01,3,7,0,2,6,1,1,
202100017445,170 443,A01,3,33,0,2,1,1,1,
202100017446,170 440,A01,1,7,0,2,1,1,1,
202100017446,170 441,B01,2,31,0,2,7,15,1,
202100017447,170 438,A01,1,17,0,2,6,1,1,
202100017447,170 439,B01,1,7,0,2,8,15,1,
202100017448,170 437,A01,1,30,0,2,8,9,1,
202100017449,170 435,A01,1,7,0,2,1,2,1,
202100017449,170 436,B01,1,7,0,2,4,2,0,
202100017450,170 434,A01,3,14,9,0,0,1,1,
202100017451,170 432,B01,0,7,0,2,1,1,1,
202100017451,170 433,A01,0,33,0,2,1,17,1,
202100017452,170 431,A01,1,7,1,0,2,14,1,
202100017453,170 429,A01,3,7,0,2,3,9,1,
202100017453,170 430,B01,3,32,0,2,4,1,1,
202100017454,170 427,A01,1,7,0,2,3,19,1,
202100017454,170 428,B01,1,50,0,2,1,1,3,
202100017455,170 425,A01,2,7,0,2,3,1,1,
202100017455,170 426,B01,1,3,0,2,3,1,1,
202100017456,170 423,A01,3,7,0,2,1,15,1,
202100017456,170 424,B01,3,1,0,2,8,1,5,
202100017457,170 421,A01,2,33,0,2,7,1,1,
202100017457,170 422,B01,1,7,0,2,1,1,1,
202100017458,170 420,A01,1,50,0,1,0,26,3,
202100017459,170 418,B01,1,7,0,2,8,1,1,
202100017459,170 419,A01,2,7,0,2,1,1,1,
202100017460,170 417,A01,1,7,0,1,1,1,1,
202100017461,170 416,A01,3,7,2,0,3,1,1,
202100017462,170 412,D01,3,7,0,2,4,1,1,
202100017462,170 413,C01,3,7,0,2,4,1,1,
202100017462,170 414,A01,3,7,0,2,1,1,1,
202100017462,170 415,B01,3,7,0,2,4,1,2,
202100017463,170 410,B01,2,7,0,2,2,15,1,
202100017463,170 411,A01,1,33,0,2,1,8,1,
202100017464,170 408,A01,1,7,0,2,3,9,1,
202100017464,170 409,B01,2,1,0,2,1,1,5,
202100017465,170 406,A01,2,30,0,2,1,18,1,
202100017465,170 407,B01,2,31,0,2,7,16,1,
202100017466,170 404,B01,0,50,0,2,0,1,3,
202100017466,170 405,A01,2,7,0,2,1,1,1,
202100017467,170 402,A01,1,7,0,2,6,19,1,
202100017467,170 403,B01,2,33,0,2,1,1,1,
202100017468,170 401,A01,2,7,1,1,3,2,1,
202100017469,170 398,A01,3,7,0,2,1,13,1,
202100017469,170 399,B01,3,7,0,2,8,1,1,
202100017469,170 400,C01,3,7,0,2,8,1,1,
202100017470,170 397,A01,1,7,0,1,8,1,1,
202100017471,170 395,B01,1,7,0,2,3,1,1,
202100017471,170 396,A01,2,33,0,2,0,1,1,
202100017472,170 391,B01,1,33,0,2,1,1,1,
202100017472,170 392,A01,2,7,0,2,3,10,1,
202100017473,170 388,A01,1,7,0,2,1,17,1,
202100017473,170 389,B01,1,7,0,2,8,2,1,
202100017473,170 390,C01,1,7,0,2,8,2,1,
202100017474,170 386,B01,0,34,0,2,1,1,1,
202100017474,170 387,A01,3,7,0,2,1,15,1,
202100017475,170 384,B01,1,33,0,2,2,1,1,
202100017475,170 385,Z01,1,7,0,2,1,15,1,
202100017476,170 383,A01,2,7,0,1,1,1,1,
202100017477,170 382,A01,3,10,0,2,1,26,1,
202100017478,170 380,A01,1,7,8,2,1,1,1,
202100017478,170 381,B01,1,7,1,2,2,1,1,
202100017479,170 379,A01,2,7,14,0,3,2,1,
202100017480,170 377,Z01,1,7,0,2,1,1,0,
202100017480,170 378,B01,1,50,0,2,2,1,3,
202100017481,170 376,A01,0,7,0,1,1,18,0,
202100017482,170 374,A01,2,7,0,2,7,19,1,
202100017482,170 375,B01,2,33,0,2,3,1,1,
202100017483,170 373,A01,2,80,0,1,1,16,3,
202100017484,170 371,A01,2,33,0,2,8,3,1,
202100017484,170 372,B01,2,7,0,2,7,1,1,
202100017485,170 369,B01,1,33,0,2,7,3,1,
202100017485,170 370,A01,1,7,0,2,8,13,1,
202100017486,170 367,B01,2,7,0,2,5,2,1,
202100017486,170 368,A01,2,31,0,2,1,12,1,
202100017487,170 365,B01,1,32,0,2,1,7,1,
202100017487,170 366,A01,1,10,0,2,2,14,1,
202100017488,170 364,A01,2,7,0,1,1,16,1,
202100017489,170 362,B01,2,1,0,2,1,1,5,
202100017489,170 363,A01,1,10,0,2,7,1,1,
202100017490,170 361,A01,2,30,0,1,1,18,1,
202100017491,170 359,A01,2,32,0,2,1,2,1,
202100017491,170 360,B01,2,10,0,2,4,23,1,
202100017492,170 357,B01,1,33,0,2,2,1,1,
202100017492,170 358,A01,1,7,0,2,3,9,1,
202100017493,170 355,B01,1,30,0,2,4,23,1,
202100017493,170 356,A01,1,14,0,2,1,2,1,
202100017494,170 353,B01,1,50,0,2,7,15,3,
202100017494,170 354,A01,2,30,0,2,1,8,1,
202100017495,170 351,A01,1,80,0,2,3,9,3,
202100017495,170 352,B01,1,33,0,2,1,1,1,
202100017496,170 350,Z01,2,30,0,1,0,1,0,
202100017497,170 349,A01,1,80,0,1,7,1,3,
202100017498,170 347,A01,1,14,0,2,1,1,1,
202100017498,170 348,B01,1,7,0,2,8,1,1,
202100017499,170 346,A01,1,7,0,1,1,1,1,
202100017500,170 344,A01,2,7,0,2,1,2,1,
202100017500,170 345,B01,2,7,0,1,4,23,1,
202100017501,170 342,A01,1,10,0,2,2,15,1,
202100017501,170 343,B01,2,1,0,2,8,1,5,
202100017502,170 340,A01,1,33,0,2,1,12,1,
202100017502,170 341,B01,1,43,0,2,4,1,1,
202100017503,170 338,B01,2,1,0,2,4,1,5,
202100017503,170 339,A01,1,30,0,2,1,5,1,
202100017504,170 336,A01,1,34,0,2,2,17,1,
202100017504,170 337,B01,1,33,0,2,3,15,1,
202100017505,170 334,A01,1,33,0,2,1,1,1,
202100017505,170 335,B01,1,3,0,2,3,15,3,
202100017506,170 332,B01,2,33,0,2,8,1,1,
202100017506,170 333,A01,1,7,0,2,1,15,1,
202100017507,170 328,A01,1,1,0,2,1,1,5,
202100017507,170 329,B01,1,1,0,2,1,1,5,
202100017508,170 326,B01,2,7,0,2,4,2,1,
202100017508,170 327,A01,2,7,0,2,1,2,1,
202100017509,170 325,A01,2,7,0,1,1,15,0,
202100017510,170 323,B01,0,7,0,2,1,9,2,
202100017510,170 324,A01,0,7,0,2,3,19,2,
202100017511,170 321,B01,1,33,0,2,3,2,1,
202100017511,170 322,A01,1,7,0,2,2,2,1,
202100017512,170 319,A01,2,33,0,2,1,17,1,
202100017512,170 320,B01,2,7,0,2,6,15,1,
202100017513,170 317,A01,3,7,0,2,0,16,1,
202100017513,170 318,B01,3,7,0,2,0,1,1,
202100017514,170 315,B01,2,7,0,2,6,1,1,
202100017514,170 316,A01,2,7,0,2,1,9,1,
202100017515,170 314,A01,2,7,0,1,1,26,2,
202100017516,170 313,A01,2,7,0,1,1,1,1,
202100017517,170 310,B01,0,3,0,0,2,15,1,
202100017517,170 311,A01,-1,2,0,2,1,1,1,
202100017518,170 308,B01,3,7,8,2,1,1,1,
202100017518,170 309,A01,3,7,8,2,2,15,1,
202100017519,170 306,B01,2,99,1,2,0,0,1,
202100017519,170 307,A01,2,10,0,2,7,2,1,
202100017520,170 304,B01,2,33,0,2,1,1,1,
202100017520,170 305,A01,1,7,0,2,1,15,1,
202100017521,170 302,A01,1,50,0,2,1,19,3,
202100017521,170 303,B01,2,7,0,2,6,16,1,
202100017522,170 301,A01,2,30,0,0,3,26,1,
202100017523,170 299,A01,3,7,0,2,2,6,1,
202100017523,170 300,B01,3,31,0,2,1,1,1,
202100017524,170 297,A01,1,33,0,2,1,2,1,
202100017524,170 298,B01,1,33,16,0,4,1,1,
202100017525,170 295,B01,1,1,0,2,4,1,0,
202100017525,170 296,A01,1,7,0,2,1,2,1,
202100017526,170 293,A01,3,7,0,2,1,16,1,
202100017526,170 294,B01,3,30,0,2,7,1,1,
202100017527,170 292,A01,3,10,0,0,6,4,1,
202100017528,170 289,A01,0,7,0,0,4,2,1,
202100017528,170 290,B01,0,7,0,0,4,2,1,
202100017528,170 291,C01,0,7,0,2,1,2,1,
202100017529,170 287,A01,1,7,0,2,3,13,1,
202100017529,170 288,B01,2,7,0,2,3,1,1,
202100017530,170 285,B01,2,15,0,2,6,1,1,
202100017530,170 286,A01,2,10,0,2,2,17,1,
202100017531,170 284,A01,2,7,3,1,3,1,1,
202100017532,170 282,B01,1,60,0,2,4,1,5,
202100017532,170 283,A01,1,7,0,2,3,9,1,
202100017533,170 281,A01,2,7,0,1,1,1,1,
202100017534,170 278,A01,1,7,4,0,0,0,1,
202100017534,170 279,B01,1,15,0,2,2,1,1,
202100017534,170 280,C01,1,15,0,2,2,1,1,
202100017535,170 276,B01,0,80,0,0,0,0,3,
202100017535,170 277,A01,0,7,0,2,2,0,1,
202100017536,170 275,A01,2,7,0,1,2,1,1,
202100017537,170 274,A01,0,7,0,1,1,19,1,
202100017538,170 272,A01,1,7,0,2,1,9,1,
202100017538,170 273,B01,2,31,0,2,1,17,0,
202100017539,170 271,A01,0,7,6,0,1,1,1,
202100017540,170 270,A01,1,7,8,0,1,1,1,
202100017541,170 268,A01,1,7,0,2,2,11,1,
202100017541,170 269,B01,1,15,0,0,6,1,1,
202100017542,170 267,A01,2,7,6,0,2,1,1,
202100017543,170 266,A01,1,2,0,0,1,1,1,
202100017544,170 265,A01,3,2,1,0,2,1,1,
202100017545,170 263,B01,1,33,0,2,1,21,1,
202100017545,170 264,A01,2,14,0,2,1,15,1,
202100017546,170 261,B01,2,33,0,2,1,1,1,
202100017546,170 262,A01,1,10,0,2,2,15,1,
202100017547,170 259,B01,1,1,0,0,4,2,5,
202100017547,170 260,A01,1,10,0,9,2,2,1,
202100017548,170 257,A01,2,33,13,0,1,1,1,
202100017549,170 256,A01,0,7,0,1,1,9,1,
202100017550,170 254,A01,2,7,0,2,1,5,1,
202100017550,170 255,B01,1,7,0,2,3,1,1,
202100017551,170 252,A01,1,7,0,2,7,13,1,
202100017551,170 253,B01,2,7,0,2,1,1,1,
202100017552,170 251,A01,2,7,13,0,3,0,1,
202100017553,170 250,A01,2,33,0,0,0,1,1,
202100017554,170 248,A01,2,33,0,2,0,1,1,
202100017554,170 249,B01,2,7,0,2,3,1,1,
202100017555,170 247,A01,3,7,0,1,2,1,1,
202100017556,170 245,A01,2,7,0,2,3,15,1,
202100017556,170 246,B01,2,43,0,2,2,17,1,
202100017557,170 244,A01,2,33,13,0,2,1,1,
202100017558,170 242,A01,2,7,0,2,3,17,1,
202100017558,170 243,B01,1,2,0,2,1,1,1,
202100017559,170 239,C01,2,99,0,2,0,1,1,
202100017559,170 240,B01,2,10,0,0,6,2,1,
202100017559,170 241,A01,2,33,0,2,1,2,1,
202100017560,170 238,A01,2,33,3,0,1,13,1,
202100017561,170 237,A01,0,2,8,0,3,21,1,
202100017562,170 236,A01,2,7,0,1,3,1,1,
202100017563,170 233,C01,1,15,0,0,8,23,1,
202100017563,170 234,B01,2,17,0,2,1,1,1,
202100017563,170 235,A01,1,7,1,2,7,19,1,
202100017564,170 229,C01,1,10,0,0,3,1,1,
202100017564,170 230,B01,2,7,0,2,5,15,1,
202100017564,170 231,A01,2,13,0,2,3,1,1,
202100017565,170 227,B01,2,2,0,2,1,1,1,
202100017565,170 228,A01,1,7,0,2,3,9,1,
202100017566,170 225,A01,2,34,0,2,3,17,1,
202100017566,170 226,B01,2,7,0,0,4,15,1,
202100017567,170 222,A01,1,30,4,0,0,1,1,
202100017568,170 220,A01,2,7,0,2,2,1,1,
202100017568,170 221,B01,2,7,0,2,3,1,1,
202100017569,170 219,A01,3,1,0,0,0,26,5,
202100017570,170 217,A01,1,7,0,2,2,15,1,
202100017570,170 218,B01,2,1,0,2,1,1,5,
202100017571,170 216,A01,3,32,13,0,1,26,1,
202100017572,170 214,A01,1,33,0,2,1,1,1,
202100017572,170 215,B01,1,7,0,2,4,15,1,
202100017573,170 212,A01,1,7,0,2,3,26,1,
202100017573,170 213,B01,2,7,0,2,1,26,1,
202100017574,170 210,B01,1,2,0,2,1,1,1,
202100017574,170 211,A01,1,7,0,2,5,15,1,
202100017575,170 208,A01,1,31,0,2,2,17,1,
202100017575,170 209,B01,1,7,0,2,3,15,1,
202100017576,170 206,B01,2,10,0,0,6,15,3,
202100017576,170 207,A01,2,33,0,2,1,17,1,
202100017577,170 204,A01,1,7,0,2,2,15,1,
202100017577,170 205,B01,1,33,0,2,1,1,1,
202100017578,170 203,A01,1,1,0,0,1,1,5,
202100017579,170 201,B01,3,50,0,2,7,19,3,
202100017579,170 202,A01,2,7,0,2,2,16,1,
202100017580,170 200,A01,2,7,2,0,2,1,1,
202100017581,170 198,A01,3,7,0,2,3,15,1,
202100017581,170 199,B01,1,33,0,2,1,1,1,
202100017582,170 196,A01,1,7,0,2,1,13,1,
202100017582,170 197,B01,2,7,0,2,1,1,1,
202100017583,170 194,A01,3,1,0,0,6,9,5,
202100017583,170 195,B01,3,7,0,0,1,1,1,
202100017584,170 193,A01,1,16,12,0,8,2,1,
202100017585,170 191,B01,1,1,0,2,8,1,5,
202100017585,170 192,A01,1,7,0,2,7,17,1,
202100017586,170 189,A01,2,7,0,2,5,1,2,
202100017586,170 190,B01,2,33,0,2,3,1,1,
202100017587,170 187,A01,2,7,0,2,1,2,1,
202100017587,170 188,Z01,2,7,0,2,4,1,1,
202100017588,170 184,A01,1,7,0,2,0,14,2,
202100017588,170 185,C01,1,10,0,2,3,2,1,
202100017588,170 186,B01,1,32,0,2,2,2,1,
202100017589,170 183,A01,2,33,0,0,8,3,1,
202100017590,170 180,B01,2,7,0,2,4,2,1,
202100017590,170 181,A01,2,13,0,2,1,2,1,
202100017590,170 182,C01,2,10,0,0,4,2,1,
202100017591,170 178,B01,1,7,0,2,2,1,1,
202100017591,170 179,A01,1,7,0,2,9,1,1,
202100017592,170 177,A01,1,30,0,0,0,26,1,
202100017593,170 174,A01,2,33,0,0,0,3,1,
202100017593,170 175,B01,2,7,0,0,0,11,1,
202100017593,170 176,C01,2,7,0,0,0,2,1,
202100017594,170 172,A01,2,7,0,0,0,26,1,
202100017594,170 173,B01,2,33,0,0,0,0,1,
202100017595,170 168,A01,1,10,0,2,1,1,1,
202100017595,170 169,D01,1,7,0,2,4,2,1,
202100017595,170 170,C01,1,7,0,2,4,2,1,
202100017595,170 171,B01,1,7,0,2,4,1,1,
202100017596,170 167,A01,1,43,-1,-1,1,1,1,
202100017597,170 165,B01,1,7,0,2,7,12,1,
202100017597,170 166,A01,1,33,0,2,8,3,1,
202100017598,170 164,A01,2,7,0,1,1,17,1,
202100017599,170 163,A01,1,30,0,1,1,17,1,
202100017600,170 161,B01,2,1,0,2,0,2,5,
202100017600,170 162,A01,2,10,0,2,7,2,1,
202100017601,170 160,A01,0,33,0,0,0,1,0,
202100017602,170 158,A01,0,7,0,2,3,15,0,
202100017602,170 159,B01,0,31,0,2,1,23,0,
202100017603,170 156,B01,1,10,0,2,3,1,1,
202100017603,170 157,A01,1,30,0,2,7,17,1,
202100017604,170 154,B01,1,7,1,2,4,24,1,
202100017604,170 155,A01,1,7,1,2,1,23,1,
202100017605,170 152,A01,1,7,0,2,1,17,1,
202100017605,170 153,B01,1,10,0,2,4,2,1,
202100017606,170 150,A01,3,10,0,2,5,19,1,
202100017606,170 151,B01,3,7,0,2,1,1,1,
202100017607,170 147,A01,1,33,0,2,3,3,1,
202100017607,170 148,B01,1,7,0,2,3,11,1,
202100017607,170 149,C01,1,7,0,2,2,1,1,
202100017608,170 146,A01,1,30,0,0,1,1,1,
202100017609,170 144,A01,2,30,0,2,1,2,1,
202100017609,170 145,B01,2,10,0,2,6,1,1,
202100017610,170 142,B01,2,1,0,0,0,7,5,
202100017610,170 143,A01,2,37,0,0,0,7,1,1.0
202100017611,170 140,B01,2,50,0,2,1,1,3,
202100017611,170 141,A01,1,7,0,2,3,16,1,
202100017612,170 136,B01,1,32,0,2,8,1,1,
202100017612,170 137,A01,1,10,0,2,1,15,1,
202100017612,170 138,D01,1,50,0,2,8,1,3,
202100017612,170 139,C01,3,7,0,2,3,1,1,
202100017613,170 135,A01,2,7,0,1,3,15,1,
202100017614,170 134,A01,2,31,1,0,0,21,1,
202100017615,170 132,B01,3,10,0,2,6,0,1,
202100017615,170 133,A01,3,7,0,2,6,13,1,
202100017616,170 130,B01,1,32,0,2,2,1,0,
202100017616,170 131,A01,2,7,0,2,3,15,1,
202100017617,170 128,B01,1,33,0,2,1,26,1,
202100017617,170 129,A01,1,7,0,2,5,26,1,
202100017618,170 127,A01,2,7,0,1,1,1,1,
202100017619,170 125,B01,1,7,0,2,3,15,1,
202100017619,170 126,A01,1,7,1,2,2,17,1,
202100017620,170 124,A01,1,33,8,0,1,0,1,
202100017621,170 122,B01,1,32,0,2,0,0,1,
202100017621,170 123,A01,1,30,0,2,0,0,3,
202100017622,170 120,B01,0,7,0,2,1,1,1,
202100017622,170 121,A01,0,7,0,2,2,15,1,
202100017623,170 119,Z01,3,7,0,1,0,0,0,
202100017624,170 117,A01,2,7,0,2,3,16,1,
202100017624,170 118,B01,1,2,0,2,1,15,1,
202100017625,170 115,B01,2,40,0,2,1,1,3,
202100017625,170 116,A01,1,7,8,4,5,1,1,
202100017626,170 113,A01,1,7,0,2,3,9,0,
202100017626,170 114,B01,2,7,0,2,8,1,1,
202100017627,170 111,A01,1,1,0,4,7,19,5,
202100017627,170 112,B01,2,40,0,2,1,1,3,
202100017628,170 109,B01,3,2,0,2,1,1,1,
202100017628,170 110,A01,3,7,0,2,6,15,1,
202100017629,170 108,A01,1,30,0,1,1,1,1,
202100017630,170 106,B01,1,50,0,2,1,25,3,
202100017630,170 107,A01,3,7,0,2,2,26,1,
202100017631,170 104,A01,3,7,0,2,1,13,1,
202100017631,170 105,B01,3,7,0,2,1,1,1,
202100017632,170 102,B01,3,1,0,0,7,19,5,
202100017632,170 103,A01,2,7,0,2,2,16,1,
202100017633,170 100,B01,2,60,0,2,0,19,5,
202100017633,170 101,A01,1,7,0,2,2,9,1,
202100017634,170 098,B01,0,7,0,0,0,0,1,
202100017634,170 099,A01,3,21,0,2,7,26,1,
202100017635,170 097,A01,2,33,8,0,1,17,1,
202100017636,170 096,A01,1,7,0,1,2,1,1,
202100017637,170 095,A01,1,7,6,0,3,13,1,
202100017638,170 091,A01,3,7,0,2,4,2,1,
202100017638,170 092,B01,3,7,0,2,1,2,1,
202100017638,170 093,C01,3,7,0,2,4,2,1,
202100017638,170 094,D01,3,7,0,2,1,2,1,
202100017639,170 089,B01,1,7,0,2,1,1,1,
202100017639,170 090,A01,1,7,0,2,8,1,1,
202100017640,170 087,A01,1,7,6,2,1,1,1,
202100017640,170 088,B01,2,7,0,2,2,1,1,
202100017641,170 085,B01,1,1,0,2,8,0,5,
202100017641,170 086,A01,1,7,0,2,5,26,1,
202100017642,170 083,B01,0,7,0,2,1,0,1,
202100017642,170 084,A01,0,7,0,2,1,5,1,
202100017643,170 081,B01,1,7,0,2,1,1,1,
202100017643,170 082,A01,2,7,0,2,7,15,1,
202100017644,170 080,A01,1,7,0,1,1,1,1,
202100017645,170 079,Z01,2,7,0,1,1,9,1,