Num_Acc,id_vehicule,num_veh,senc,catv,obs,obsm,choc,manv,motor,occutc
202100017646,170 077,A01,1,7,0,2,2,15,1,
202100017646,170 078,B01,0,43,0,0,0,0,1,
202100017647,170 076,A01,3,7,0,1,3,1,1,
202100017648,170 075,A01,1,7,4,0,3,26,1,
202100017649,170 073,B01,0,7,8,2,5,1,1,
202100017649,170 074,A01,0,7,0,2,1,1,1,
202100017650,170 071,B01,1,7,0,2,7,0,1,
202100017650,170 072,A01,2,7,8,2,3,26,1,
202100017651,170 069,B01,3,7,0,2,1,0,1,
202100017651,170 070,A01,3,7,0,2,1,13,1,
202100017652,170 067,B01,2,7,0,2,8,1,1,
202100017652,170 068,A01,2,7,0,2,1,1,1,
202100017653,170 065,A01,1,7,0,9,2,0,1,
202100017653,170 066,B01,1,20,0,2,1,1,1,
202100017654,170 063,A01,1,7,0,2,6,9,1,
202100017654,170 064,B01,1,2,0,0,0,1,1,
202100017655,170 061,A01,1,2,0,2,2,17,1,
202100017655,170 062,B01,1,7,0,2,3,15,1,
202100017656,170 060,A01,1,30,0,0,8,1,1,
202100017657,170 058,B01,3,7,0,2,8,1,1,
202100017657,170 059,A01,3,7,0,2,1,19,1,
202100017658,170 056,B01,1,7,0,2,1,0,1,
202100017658,170 057,A01,2,10,0,2,3,15,1,
202100017659,170 055,A01,1,30,0,5,8,1,1,
202100017660,170 054,A01,3,2,0,1,1,18,1,
202100017661,170 053,A01,3,32,5,0,1,14,1,
202100017662,170 052,A01,3,7,0,1,1,1,1,
202100017663,170 050,A01,2,7,0,2,3,15,1,
202100017663,170 051,B01,2,33,0,2,2,1,1,
202100017664,170 049,A01,2,7,0,1,3,0,6,
202100017665,170 047,B01,1,37,0,2,2,1,1,1.0
202100017665,170 048,A01,2,10,0,2,3,1,1,
202100017666,170 045,B01,1,1,0,2,4,1,5,
202100017666,170 046,A01,1,7,0,2,1,1,1,
202100017667,170 044,A01,0,50,12,9,1,1,3,
202100017668,170 042,A01,1,10,16,0,2,21,1,
202100017668,170 043,B01,3,7,1,0,2,24,1,
202100017669,170 038,B01,3,7,0,2,4,1,1,
202100017669,170 039,A01,3,7,0,2,1,1,1,
202100017669,170 040,C01,3,7,0,2,4,1,1,
202100017669,170 041,D01,3,33,0,2,1,1,1,
202100017670,170 036,A01,2,33,0,2,2,2,1,
202100017670,170 037,B01,2,10,0,2,6,23,1,
202100017671,170 034,A01,1,30,0,2,3,15,3,
202100017671,170 035,B01,2,1,0,2,1,1,5,
202100017672,170 032,B01,1,1,0,2,2,1,5,
202100017672,170 033,A01,1,10,0,2,3,22,1,
202100017673,170 030,A01,1,43,0,2,1,16,1,
202100017673,170 031,B01,1,1,0,2,8,1,5,
202100017674,170 028,B01,1,33,0,2,4,23,1,
202100017674,170 029,A01,1,7,0,2,2,2,1,
202100017675,170 026,B01,2,33,0,2,3,1,1,
202100017675,170 027,A01,2,1,0,2,3,12,5,
202100017676,170 024,A01,2,10,0,2,2,16,3,
202100017676,170 025,B01,1,1,0,2,1,1,5,
202100017677,170 023,A01,2,7,0,1,1,1,1,
202100017678,170 022,A01,2,30,0,0,0,1,1,
202100017679,170 020,B01,2,43,0,2,3,1,1,
202100017679,170 021,A01,2,10,0,2,1,10,1,
202100017680,170 019,A01,2,33,14,0,3,13,1,
202100017681,170 018,A01,3,50,0,1,1,16,3,
202100017682,170 016,B01,1,80,0,2,8,1,3,
202100017682,170 017,A01,1,1,0,2,1,9,5,
202100017683,170 014,A01,1,7,0,9,8,0,1,
202100017683,170 015,B01,1,1,1,0,1,1,5,
202100017684,170 012,B01,0,33,0,2,1,26,1,
202100017684,170 013,A01,0,10,0,2,1,15,1,
202100017685,170 009,B01,3,7,0,2,4,15,1,
202100017685,170 010,C01,2,7,0,2,8,26,0,
202100017685,170 011,A01,2,36,0,2,0,11,1,
202100017686,170 007,A01,1,31,0,2,1,9,1,
202100017686,170 008,B01,1,7,0,2,5,1,1,
202100017687,170 005,A01,1,32,15,2,2,25,1,
202100017687,170 006,B01,1,7,0,2,3,5,1,
202100017688,170 003,A01,2,7,0,2,2,12,2,
202100017688,170 004,B01,2,33,0,2,8,3,1,
202100017689,170 002,A01,1,0,0,1,1,1,0,
202100017690,170 000,B01,3,7,0,2,2,15,1,
202100017690,170 001,A01,3,33,0,2,1,2,1,
202100017691,169 997,A01,2,7,0,2,1,9,1,
202100017691,169 998,B01,2,7,0,2,4,23,1,
202100017691,169 999,C01,2,7,0,2,4,0,1,
202100017692,169 996,A01,1,7,0,1,3,1,1,
202100017693,169 994,B01,2,2,0,2,1,12,1,
202100017693,169 995,A01,2,7,0,2,5,12,1,
202100017694,169 992,A01,1,7,0,2,2,1,1,
202100017694,169 993,B01,3,32,0,2,1,1,1,
202100017695,169 991,A01,3,10,0,1,4,26,1,
202100017696,169 990,A01,2,7,0,1,3,1,2,
202100017697,169 988,B01,3,7,0,2,1,0,1,
202100017697,169 989,A01,3,10,0,2,7,15,1,
202100017698,169 986,A01,2,30,0,2,1,1,1,
202100017698,169 987,B01,1,7,0,2,1,15,1,
202100017699,169 985,A01,1,7,0,1,3,2,1,
202100017700,169 983,A01,3,30,0,2,7,1,1,
202100017700,169 984,B01,0,7,0,2,1,1,1,
202100017701,169 982,A01,0,7,0,1,2,1,1,
202100017702,169 981,A01,1,30,0,0,1,1,1,
202100017703,169 979,B01,3,10,0,2,8,13,1,
202100017703,169 980,A01,3,32,0,2,2,1,1,
202100017704,169 976,A01,2,7,0,2,1,2,1,
202100017704,169 977,B01,2,32,0,2,4,2,1,
202100017704,169 978,C01,2,7,0,2,6,2,1,
202100017705,169 973,A01,1,7,0,2,5,26,1,
202100017705,169 974,B01,1,7,0,2,4,26,1,
202100017705,169 975,C01,1,7,0,2,1,26,1,
202100017706,169 971,A01,2,1,0,1,2,15,5,
202100017706,169 972,B01,2,60,0,2,1,25,5,
202100017707,169 970,A01,3,30,0,0,0,0,1,
202100017708,169 968,A01,3,2,0,2,1,1,1,
202100017708,169 969,B01,0,10,0,2,3,1,1,
202100017709,169 967,A01,1,7,2,0,1,1,1,
202100017710,169 965,B01,2,33,0,2,1,26,1,
202100017710,169 966,A01,1,7,0,2,8,9,1,
202100017711,169 964,A01,2,7,8,0,2,1,1,
202100017712,169 963,A01,2,7,7,0,1,1,1,
202100017713,169 962,A01,0,7,6,0,1,0,1,
202100017714,169 960,B01,1,33,0,0,4,2,1,
202100017714,169 961,A01,1,33,0,2,1,2,1,
202100017715,169 959,A01,1,7,13,0,9,1,1,
202100017716,169 958,A01,2,33,0,6,1,1,1,
202100017717,169 957,A01,1,7,8,0,1,14,1,
202100017718,169 956,A01,2,7,2,0,1,1,1,
202100017719,169 954,A01,3,2,0,2,1,17,1,
202100017719,169 955,B01,3,7,0,2,3,1,1,
202100017720,169 952,B01,1,7,0,2,2,1,1,
202100017720,169 953,A01,2,7,0,2,1,5,1,
202100017721,169 950,B01,2,33,0,2,7,1,1,
202100017721,169 951,A01,1,7,0,2,3,9,1,
202100017722,169 948,B01,1,1,0,2,8,13,5,
202100017722,169 949,A01,1,7,0,2,3,17,1,
202100017723,169 947,A01,1,33,0,0,2,1,1,
202100017724,169 946,A01,1,33,3,0,7,16,1,
202100017725,169 944,B01,0,13,0,2,3,1,1,
202100017725,169 945,A01,0,3,0,2,3,13,1,
202100017726,169 941,C01,2,7,0,0,4,2,1,
202100017726,169 942,B01,2,7,0,2,4,2,1,
202100017726,169 943,A01,2,7,0,2,1,12,1,
202100017727,169 939,B01,1,31,0,2,8,1,1,
202100017727,169 940,A01,2,7,0,2,3,15,1,
202100017728,169 937,B01,1,33,0,2,3,1,1,
202100017728,169 938,A01,2,7,0,2,3,15,1,
202100017729,169 935,A01,1,33,0,2,1,0,1,
202100017729,169 936,B01,2,7,0,2,1,1,1,
202100017730,169 934,A01,1,50,0,0,0,1,3,
202100017731,169 933,A01,3,33,2,0,1,1,1,
202100017732,169 931,B01,0,2,0,2,5,1,1,
202100017732,169 932,A01,0,7,0,2,2,1,1,
202100017733,169 928,B01,1,15,0,0,5,15,1,
202100017733,169 929,A01,2,7,0,2,1,1,1,
202100017734,169 926,A01,1,7,0,2,1,1,1,
202100017734,169 927,B01,1,1,0,2,8,1,5,
202100017735,169 923,A01,1,33,0,2,1,1,1,
202100017735,169 924,C01,1,7,0,2,6,23,1,
202100017735,169 925,B01,1,7,12,2,2,19,1,
202100017736,169 921,A01,1,7,0,2,3,1,1,
202100017736,169 922,B01,2,7,0,2,3,21,1,
202100017737,169 919,B01,2,13,0,2,2,1,1,
202100017737,169 920,A01,1,7,6,2,7,1,1,
202100017738,169 918,A01,2,33,0,0,9,1,1,
202100017739,169 916,B01,1,33,0,2,2,1,1,
202100017739,169 917,A01,1,7,0,2,6,11,1,
202100017740,169 914,A01,2,7,0,2,3,1,1,
202100017740,169 915,B01,1,38,0,2,3,1,1,17.0
202100017741,169 912,B01,2,17,0,0,2,0,1,
202100017741,169 913,A01,2,17,1,9,3,13,1,
202100017742,169 910,B01,2,7,0,2,6,1,1,
202100017742,169 911,A01,2,7,0,2,2,5,1,
202100017743,169 908,B01,2,33,0,2,1,1,1,
202100017743,169 909,A01,1,7,0,2,2,15,1,
202100017744,169 906,A01,1,10,1,0,2,14,1,
202100017744,169 907,B01,1,15,0,0,6,24,1,
202100017745,169 904,B01,2,10,0,2,1,1,1,
202100017745,169 905,A01,1,7,0,2,1,1,1,
202100017746,169 901,A01,2,33,0,2,0,21,1,
202100017746,169 902,B01,2,7,0,2,3,26,1,
202100017746,169 903,C01,1,7,0,2,6,23,1,
202100017747,169 900,A01,2,10,0,1,4,20,1,
202100017748,169 898,B01,2,7,0,2,3,5,1,
202100017748,169 899,A01,1,7,0,2,3,23,1,
202100017749,169 897,A01,3,7,0,1,2,26,1,
202100017750,169 895,A01,2,33,0,0,0,3,1,
202100017750,169 896,B01,1,7,0,2,1,1,1,
202100017751,169 894,A01,2,7,0,1,3,1,1,
202100017752,169 892,A01,2,7,0,0,3,1,1,
202100017752,169 893,B01,1,7,0,0,3,13,1,
202100017753,169 890,B01,1,31,0,2,1,1,1,
202100017753,169 891,A01,2,7,0,0,5,1,1,
202100017754,169 888,B01,3,1,0,2,3,1,5,
202100017754,169 889,A01,3,7,0,9,2,19,1,
202100017755,169 886,B01,2,13,0,0,4,2,1,
202100017755,169 887,A01,2,7,0,2,1,2,1,
202100017756,169 884,A01,3,7,0,9,8,15,1,
202100017756,169 885,B01,2,1,0,2,1,1,5,
202100017757,169 881,C01,1,1,0,2,4,2,5,
202100017757,169 882,B01,1,1,0,2,4,2,5,
202100017757,169 883,A01,1,10,0,2,2,2,1,
202100017758,169 880,A01,1,33,7,0,0,17,1,
202100017759,169 879,A01,2,7,2,0,1,14,3,
202100017760,169 878,A01,0,7,13,0,1,0,1,
202100017761,169 876,A01,1,7,0,2,1,2,1,
202100017761,169 877,B01,1,15,0,0,4,2,1,
202100017762,169 871,D01,1,7,0,2,4,2,1,
202100017762,169 872,E01,1,7,0,2,4,2,1,
202100017762,169 873,C01,1,7,0,2,4,2,1,
202100017762,169 874,B01,1,7,0,2,4,2,1,
202100017762,169 875,A01,1,7,0,2,1,2,1,
202100017763,169 869,B01,2,34,0,0,0,0,1,
202100017763,169 870,A01,2,7,0,2,6,2,1,
202100017764,169 866,A01,2,7,0,2,4,1,1,
202100017764,169 867,B01,2,7,0,2,4,1,1,
202100017764,169 868,Z01,2,7,0,2,1,0,0,
202100017765,169 864,Z01,1,7,0,2,1,0,1,
202100017765,169 865,A01,1,7,0,2,4,2,1,
202100017766,169 861,A01,2,7,0,2,4,1,1,
202100017766,169 862,B01,2,7,0,2,4,1,1,
202100017766,169 863,C01,2,7,0,2,1,1,1,
202100017767,169 859,A01,1,7,0,2,6,11,1,
202100017767,169 860,B01,1,43,0,2,2,0,1,
202100017768,169 855,D01,2,17,0,2,4,2,1,
202100017768,169 856,C01,2,7,0,2,4,2,1,
202100017768,169 857,A01,2,17,0,2,1,2,1,
202100017768,169 858,B01,2,17,0,2,1,2,1,
202100017769,169 853,B01,2,33,0,2,3,3,1,
202100017769,169 854,A01,2,7,0,2,2,12,1,
202100017770,169 852,A01,1,33,4,0,1,2,1,
202100017771,169 851,A01,2,7,3,2,8,0,1,
202100017772,169 848,A01,1,33,14,2,1,3,1,
202100017772,169 849,B01,1,7,0,2,1,2,1,
202100017772,169 850,C01,1,10,0,2,5,23,1,
202100017773,169 846,A01,2,33,0,2,3,3,1,
202100017773,169 847,B01,2,7,0,2,5,11,1,
202100017774,169 845,A01,2,34,0,0,8,21,1,
202100017775,169 843,B01,1,10,0,2,8,11,1,
202100017775,169 844,A01,1,33,0,2,7,3,1,
202100017776,169 841,A01,1,33,0,2,7,3,1,
202100017776,169 842,B01,1,10,0,2,8,11,1,
202100017777,169 839,B01,2,7,0,0,4,1,1,
202100017777,169 840,A01,2,33,0,2,2,3,1,
202100017778,169 837,B01,1,7,0,2,6,9,1,
202100017778,169 838,A01,1,33,0,2,7,9,1,
202100017779,169 835,A01,2,31,0,2,4,3,1,
202100017779,169 836,B01,1,7,0,2,4,1,1,
202100017780,169 833,A01,2,7,0,2,9,1,1,
202100017780,169 834,B01,2,7,0,2,1,0,1,
202100017781,169 830,B01,1,7,0,2,6,1,1,
202100017781,169 831,C01,1,7,14,2,1,21,1,
202100017781,169 832,A01,1,32,0,2,1,9,1,
202100017782,169 828,A01,0,10,-1,1,4,0,1,
202100017782,169 829,B01,0,14,0,0,-1,0,1,
202100017783,169 827,A01,3,7,12,1,1,13,1,
202100017784,169 826,A01,1,33,0,0,1,16,1,
202100017785,169 825,A01,1,10,0,1,1,26,1,
202100017786,169 824,A01,2,7,0,0,3,16,1,
202100017787,169 822,B01,2,7,0,0,3,1,1,
202100017787,169 823,A01,1,33,0,2,1,13,1,
202100017788,169 820,A01,1,7,0,9,3,9,1,
202100017788,169 821,B01,1,1,0,2,6,1,5,
202100017789,169 818,A01,3,7,0,2,2,1,1,
202100017789,169 819,B01,3,2,0,0,4,1,1,
202100017790,169 816,A01,1,7,0,2,8,15,1,
202100017790,169 817,B01,1,31,0,2,7,2,1,
202100017791,169 815,A01,2,7,0,1,3,7,1,
202100017792,169 813,B01,1,50,0,2,8,1,3,
202100017792,169 814,A01,1,3,0,2,2,16,1,
202100017793,169 811,B01,3,7,0,2,7,15,1,
202100017793,169 812,A01,3,7,0,2,1,26,0,
202100017794,169 810,A01,1,33,4,0,4,26,1,
202100017795,169 809,A01,1,10,0,9,2,16,1,
202100017796,169 808,A01,3,7,0,1,1,1,1,
202100017797,169 807,A01,2,7,0,9,4,14,1,
202100017798,169 806,A01,3,99,0,0,1,26,5,
202100017799,169 804,B01,2,7,0,2,4,1,1,
202100017799,169 805,A01,2,32,0,2,1,21,1,
202100017800,169 801,A01,1,7,0,2,3,0,0,
202100017800,169 802,B01,2,7,0,2,5,15,1,
202100017801,169 800,A01,3,7,0,1,2,9,2,
202100017802,169 798,B01,0,7,0,2,1,26,1,
202100017802,169 799,A01,0,7,9,2,3,9,1,
202100017803,169 797,A01,1,7,0,1,1,15,1,
202100017804,169 796,A01,2,10,0,1,3,26,1,
202100017805,169 794,B01,0,7,0,2,4,1,1,
202100017805,169 795,A01,0,10,0,2,1,1,1,
202100017806,169 792,A01,0,33,0,2,1,1,1,
202100017806,169 793,B01,0,7,0,2,8,1,1,
202100017807,169 790,B01,0,1,0,2,1,1,5,
202100017807,169 791,A01,0,7,0,2,8,0,1,
202100017808,169 788,B01,0,7,0,2,4,1,1,
202100017808,169 789,A01,0,30,0,2,1,1,1,
202100017809,169 786,B01,0,7,0,2,1,1,1,
202100017809,169 787,A01,0,50,0,2,8,1,3,
202100017810,169 785,A01,3,7,1,0,2,1,1,
202100017811,169 783,B01,0,1,0,2,1,1,5,
202100017811,169 784,A01,0,7,0,2,7,16,1,
202100017812,169 780,A01,0,7,0,2,1,1,1,
202100017812,169 781,B01,0,7,0,2,4,1,1,
202100017812,169 782,C01,0,7,0,2,4,1,1,
202100017813,169 779,A01,1,7,0,1,2,1,1,
202100017814,169 775,B01,3,7,0,2,6,15,1,
202100017814,169 776,A01,3,32,0,2,1,7,1,
202100017815,169 774,A01,3,7,0,1,1,1,2,
202100017816,169 773,A01,2,7,1,0,1,1,1,
202100017817,169 772,A01,0,7,12,0,1,1,1,
202100017818,169 771,A01,0,50,12,0,1,1,3,
202100017819,169 769,A01,2,7,0,2,1,1,1,
202100017819,169 770,B01,2,7,0,2,4,23,1,
202100017820,169 767,B01,2,7,0,2,7,15,1,
202100017820,169 768,A01,1,7,0,2,1,1,1,
202100017821,169 765,B01,2,7,0,2,5,23,1,
202100017821,169 766,A01,2,7,0,2,3,1,1,
202100017822,169 763,A01,3,7,8,4,1,1,1,
202100017822,169 764,B01,3,40,8,2,2,1,3,
202100017823,169 761,B01,1,10,0,2,1,2,1,
202100017823,169 762,A01,1,7,0,2,4,2,2,
202100017824,169 759,B01,1,1,0,2,7,1,5,
202100017824,169 760,A01,1,7,0,2,3,9,1,
202100017825,169 757,B01,2,7,0,2,4,23,1,
202100017825,169 758,A01,2,7,0,2,1,2,1,
202100017826,169 755,A01,1,7,0,2,2,15,1,
202100017826,169 756,B01,2,1,0,2,7,1,5,
202100017827,169 754,A01,1,10,1,0,1,26,1,
202100017828,169 752,B01,1,7,0,2,1,15,1,
202100017828,169 753,A01,1,31,0,2,1,15,1,
202100017829,169 750,A01,2,7,0,2,8,15,2,
202100017829,169 751,B01,1,7,0,2,7,1,1,
202100017830,169 749,A01,1,7,10,0,4,26,1,
202100017831,169 747,A01,1,7,0,2,1,2,2,
202100017831,169 748,B01,1,7,0,2,4,2,1,
202100017832,169 742,D01,0,7,0,2,4,23,1,
202100017832,169 743,E01,0,7,0,2,4,23,1,
202100017832,169 744,B01,0,7,0,2,4,23,1,
202100017832,169 745,C01,0,7,0,2,4,23,1,
202100017832,169 746,A01,0,7,0,2,1,2,1,
202100017833,169 741,A01,3,7,0,0,2,9,6,
202100017834,169 739,A01,3,10,0,2,8,22,1,
202100017834,169 740,B01,3,1,0,2,1,1,5,
202100017835,169 737,A01,2,7,0,2,3,26,1,
202100017835,169 738,B01,1,30,0,2,3,1,1,
202100017836,169 736,A01,2,7,13,0,1,1,1,
202100017837,169 735,A01,2,7,13,0,1,14,1,
202100017838,169 733,A01,2,7,0,2,3,13,1,
202100017838,169 734,B01,1,7,3,2,3,1,1,
202100017839,169 731,B01,3,30,0,2,7,16,1,
202100017839,169 732,A01,3,7,0,2,1,1,1,
202100017840,169 730,A01,2,7,13,0,2,1,1,
202100017841,169 728,B01,0,7,0,2,4,1,1,
202100017841,169 729,A01,0,2,0,2,1,2,1,
202100017842,169 727,A01,0,7,1,0,2,14,1,
202100017843,169 725,B01,0,50,0,2,1,26,3,
202100017843,169 726,A01,0,7,0,2,3,26,1,
202100017844,169 723,A01,1,7,0,2,6,1,1,
202100017844,169 724,B01,1,2,0,9,6,1,3,
202100017845,169 721,A01,2,7,0,2,1,2,1,
202100017845,169 722,B01,2,7,0,2,4,1,1,
202100017846,169 720,A01,1,7,0,1,1,1,1,
202100017847,169 718,B01,0,7,0,2,4,26,1,
202100017847,169 719,A01,3,2,0,2,1,1,1,
202100017848,169 716,B01,2,7,0,2,1,1,1,
202100017848,169 717,A01,1,7,0,2,1,13,1,
202100017849,169 714,B01,2,7,0,2,4,1,1,
202100017849,169 715,A01,2,7,0,2,3,10,1,
202100017850,169 712,A01,1,1,0,2,4,19,5,
202100017850,169 713,B01,1,7,0,2,8,1,1,
202100017851,169 710,B01,1,10,0,2,4,1,1,
202100017851,169 711,A01,1,31,0,2,1,1,1,
202100017852,169 708,A01,2,7,0,2,7,10,1,
202100017852,169 709,B01,1,34,0,2,1,1,1,
202100017853,169 706,B01,1,7,0,2,4,1,1,
202100017853,169 707,A01,1,7,0,2,1,2,1,
202100017854,169 705,A01,3,30,1,0,0,26,0,
202100017855,169 703,B01,1,7,0,2,4,2,1,
202100017855,169 704,A01,1,7,0,2,1,2,1,
202100017856,169 701,A01,1,7,0,2,1,2,1,
202100017856,169 702,B01,2,7,0,2,8,15,0,
202100017857,169 699,B01,1,30,0,2,1,1,1,
202100017857,169 700,A01,1,7,0,2,3,15,1,
202100017858,169 697,B01,1,30,0,2,1,1,1,
202100017858,169 698,A01,1,7,0,2,3,9,1,
202100017859,169 696,A01,1,7,0,1,3,1,1,
202100017860,169 695,A01,3,7,8,0,1,26,3,
202100017861,169 694,A01,2,7,15,0,3,13,1,
202100017862,169 692,A01,1,7,0,2,1,15,1,
202100017862,169 693,B01,3,2,0,2,1,1,1,
202100017863,169 690,A01,3,7,0,2,1,9,1,
202100017863,169 691,B01,3,7,0,2,7,1,1,
202100017864,169 688,B01,3,7,0,2,3,21,1,
202100017864,169 689,A01,3,7,0,2,2,9,1,
202100017865,169 686,B01,3,2,0,2,1,16,1,
202100017865,169 687,A01,3,7,0,2,2,15,1,
202100017866,169 684,B01,0,7,0,2,1,1,1,
202100017866,169 685,A01,0,7,0,2,6,1,1,
202100017867,169 682,A01,2,30,0,2,1,5,1,
202100017867,169 683,B01,1,30,0,2,1,1,1,
202100017868,169 681,A01,3,32,0,2,1,1,1,
202100017869,169 679,B01,3,7,0,2,8,14,1,
202100017869,169 680,A01,3,7,0,2,3,13,1,
202100017870,169 678,A01,2,99,8,0,2,26,0,
202100017871,169 677,A01,2,33,9,1,1,9,1,
202100017872,169 675,A01,2,31,0,2,1,3,1,
202100017872,169 676,B01,1,7,0,2,8,15,1,
202100017873,169 674,A01,1,7,0,1,2,26,1,
202100017874,169 673,Z01,1,34,0,1,1,1,0,
202100017875,169 671,B01,2,43,0,2,0,18,1,
202100017875,169 672,A01,2,7,0,2,2,16,1,
202100017876,169 670,A01,1,7,12,0,2,9,1,
202100017877,169 668,B01,1,7,0,2,1,15,1,
202100017877,169 669,A01,2,50,0,2,1,1,3,
202100017878,169 667,A01,2,1,0,1,1,1,5,
202100017879,169 665,A01,3,7,0,2,2,1,1,
202100017879,169 666,B01,2,33,0,2,3,1,1,
202100017880,169 663,B01,2,32,0,2,7,1,1,
202100017880,169 664,A01,2,14,0,2,1,1,1,
202100017881,169 661,B01,1,33,0,2,8,1,1,
202100017881,169 662,A01,2,7,0,0,2,15,5,
202100017882,169 659,B01,2,37,0,2,1,1,1,2.0
202100017882,169 660,A01,1,7,0,2,2,1,1,
202100017883,169 657,A01,1,7,0,2,2,15,1,
202100017883,169 658,B01,2,7,0,2,3,1,1,
202100017884,169 655,A01,0,7,0,2,6,24,1,
202100017884,169 656,B01,1,10,1,2,2,14,3,
202100017885,169 653,A01,2,7,0,2,1,2,1,
202100017885,169 654,B01,2,7,0,0,4,1,1,
202100017886,169 651,B01,2,30,0,2,1,1,1,
202100017886,169 652,A01,1,7,0,2,3,15,1,
202100017887,169 649,B01,2,7,0,2,1,15,1,
202100017887,169 650,A01,1,10,0,2,1,1,1,
202100017888,169 647,B01,1,7,0,2,6,2,1,
202100017888,169 648,A01,1,7,0,2,2,2,1,
202100017889,169 645,B01,-1,32,0,2,1,26,1,
202100017889,169 646,A01,0,99,0,0,0,0,-1,
202100017890,169 644,A01,2,7,0,1,7,19,0,
202100017891,169 643,A01,0,1,0,0,0,26,5,
202100017892,169 641,A01,0,7,0,1,1,26,0,
202100017892,169 642,Y01,0,60,0,2,0,0,5,
202100017893,169 639,B01,1,7,0,2,2,1,1,
202100017893,169 640,A01,1,7,0,2,8,9,1,
202100017894,169 637,A01,0,33,0,2,1,1,1,
202100017894,169 638,B01,0,7,0,2,2,9,1,
202100017895,169 634,A01,1,2,1,2,1,1,1,
202100017895,169 635,B01,1,1,0,2,3,15,5,
202100017895,169 636,C01,1,7,0,2,6,24,2,
202100017896,169 632,A01,2,7,0,2,1,1,1,
202100017896,169 633,B01,2,7,0,2,4,23,1,
202100017897,169 630,A01,3,7,0,2,2,2,1,
202100017897,169 631,B01,3,34,0,2,4,1,0,
202100017898,169 628,A01,1,30,0,2,2,1,1,
202100017898,169 629,B01,2,10,0,2,2,15,1,
202100017899,169 626,A01,1,7,14,2,0,0,0,
202100017899,169 627,B01,1,2,0,2,1,0,1,
202100017900,169 623,B01,1,7,0,0,0,15,0,
202100017900,169 624,A01,1,30,0,2,8,1,1,
202100017901,169 621,B01,1,7,0,2,4,1,1,
202100017901,169 622,A01,1,14,0,2,1,2,1,
202100017902,169 620,A01,1,7,0,1,8,1,1,
202100017903,169 619,A01,1,31,0,1,1,1,1,
202100017904,169 616,A01,2,7,0,2,1,2,1,
202100017904,169 617,B01,2,7,0,2,4,1,1,
202100017904,169 618,C01,2,7,0,2,4,1,1,
202100017905,169 615,A01,1,7,0,1,2,1,1,
202100017906,169 613,A01,3,7,0,1,1,15,1,
202100017907,169 612,A01,1,7,3,0,8,13,1,
202100017908,169 611,A01,1,7,2,0,0,1,1,
202100017909,169 609,A01,1,2,0,2,7,1,1,
202100017909,169 610,B01,2,7,0,2,3,1,1,
202100017910,169 608,A01,1,7,0,0,0,1,1,
202100017911,169 607,A01,0,7,0,1,4,20,1,
202100017912,169 605,A01,0,7,0,2,3,0,1,
202100017912,169 606,B01,3,7,0,2,1,17,1,
202100017913,169 603,A01,2,7,0,2,1,13,1,
202100017913,169 604,B01,1,7,0,2,1,1,1,
202100017914,169 602,A01,1,7,2,0,3,13,1,
202100017915,169 599,C01,2,7,0,2,8,1,1,
202100017915,169 600,B01,2,7,0,2,4,2,1,
202100017915,169 601,A01,2,7,0,2,1,2,1,
202100017916,169 597,B01,2,10,0,2,1,2,1,
202100017916,169 598,A01,2,7,4,2,0,1,1,
202100017917,169 595,A01,2,7,0,0,3,15,1,
202100017917,169 596,B01,1,33,0,2,1,17,1,
202100017918,169 592,A01,2,7,0,2,5,21,1,
202100017918,169 593,C01,1,14,0,2,1,1,1,
202100017918,169 594,B01,2,7,0,0,6,23,1,
202100017919,169 590,B01,2,7,0,9,3,1,1,
202100017919,169 591,A01,1,33,0,2,0,1,1,
202100017920,169 586,B01,3,7,0,2,2,1,1,
202100017920,169 587,A01,3,7,0,2,3,1,1,
202100017921,169 585,A01,3,2,13,0,0,1,1,
202100017922,169 584,A01,2,7,15,1,3,1,1,
202100017923,169 583,A01,2,14,0,1,3,16,0,
202100017924,169 582,A01,1,7,0,0,3,1,1,
202100017925,169 581,A01,3,7,0,0,0,1,1,
202100017926,169 580,A01,3,7,0,1,1,16,1,
202100017927,169 579,A01,1,7,0,1,3,9,1,
202100017928,169 578,A01,1,33,13,0,1,1,1,
202100017929,169 576,B01,3,7,0,0,8,9,1,
202100017929,169 577,A01,3,7,0,2,1,1,1,
202100017930,169 574,B01,1,7,3,0,1,1,1,
202100017930,169 575,A01,1,7,0,2,1,1,1,
202100017931,169 572,B01,2,7,0,2,3,1,1,
202100017931,169 573,A01,1,10,0,2,1,6,1,
202100017932,169 570,B01,1,7,0,2,1,15,1,
202100017932,169 571,A01,2,7,0,2,1,1,1,
202100017933,169 569,A01,2,10,13,0,1,1,1,
202100017934,169 567,B01,2,7,0,2,2,1,1,
202100017934,169 568,A01,1,13,0,2,1,13,1,
202100017935,169 565,B01,2,2,0,2,1,1,1,
202100017935,169 566,A01,1,7,0,2,1,15,1,
202100017936,169 563,B01,1,31,0,2,1,1,1,
202100017936,169 564,A01,2,7,0,2,2,19,1,
202100017937,169 562,A01,3,7,0,1,1,16,1,
202100017938,169 561,A01,2,7,16,0,9,13,1,
202100017939,169 559,A01,2,1,0,2,1,19,5,
202100017939,169 560,B01,1,7,0,2,2,1,1,
202100017940,169 557,B01,3,99,0,0,7,1,1,
202100017940,169 558,A01,3,1,0,2,1,1,5,
202100017941,169 555,B01,2,99,0,2,3,10,1,