Num_Acc,id_vehicule,num_veh,senc,catv,obs,obsm,choc,manv,motor,occutc
202100017941,169 556,A01,2,7,0,2,2,1,1,
202100017942,169 554,A01,2,7,13,0,1,1,1,
202100017943,169 552,B01,2,7,0,2,2,15,1,
202100017943,169 553,A01,1,50,0,2,8,1,3,
202100017944,169 551,A01,1,7,2,0,7,13,1,
202100017945,169 550,A01,1,7,2,0,1,1,1,
202100017946,169 548,A01,2,7,0,2,3,2,1,
202100017946,169 549,B01,2,2,0,0,4,2,1,
202100017947,169 547,A01,1,7,0,1,1,1,1,
202100017948,169 546,A01,0,1,0,0,0,0,5,
202100017949,169 544,B01,1,7,0,2,4,2,1,
202100017949,169 545,A01,1,7,0,2,1,2,1,
202100017950,169 543,A01,1,31,3,0,3,17,1,
202100017951,169 539,D01,2,7,0,2,1,2,1,
202100017951,169 540,C01,2,7,0,2,1,2,1,
202100017951,169 541,B01,2,7,0,2,4,2,1,
202100017951,169 542,A01,2,7,0,0,4,26,1,
202100017952,169 537,A01,2,7,0,2,6,15,1,
202100017952,169 538,B01,2,33,0,2,1,2,1,
202100017953,169 535,B01,1,2,0,2,1,1,1,
202100017953,169 536,A01,2,7,0,2,3,19,1,
202100017954,169 533,B01,0,7,0,2,3,0,1,
202100017954,169 534,A01,0,31,0,2,1,3,1,
202100017955,169 532,A01,3,21,0,0,0,13,1,
202100017956,169 531,A01,1,33,12,0,7,9,1,
202100017957,169 530,A01,2,7,0,1,1,0,1,
202100017958,169 527,A01,2,7,0,2,8,13,1,
202100017958,169 528,B01,2,33,0,2,7,1,1,
202100017958,169 529,C01,2,7,0,2,4,1,1,
202100017959,169 526,A01,1,10,0,5,1,1,1,
202100017960,169 524,A01,1,33,0,2,1,26,1,
202100017960,169 525,B01,1,7,0,2,4,2,1,
202100017961,169 521,B01,2,7,0,2,4,2,1,
202100017961,169 522,C01,2,7,0,2,4,2,1,
202100017961,169 523,A01,2,7,0,2,1,2,1,
202100017962,169 520,A01,1,32,16,0,8,26,1,
202100017963,169 518,B01,1,33,0,2,4,2,1,
202100017963,169 519,A01,1,7,0,2,1,2,1,
202100017964,169 515,A01,1,7,0,2,1,0,1,
202100017964,169 516,B01,1,7,0,2,4,0,1,
202100017964,169 517,C01,1,7,0,2,4,0,1,
202100017965,169 513,B01,1,7,0,2,4,2,1,
202100017965,169 514,A01,1,15,0,2,2,2,1,
202100017966,169 511,A01,1,7,0,2,6,13,1,
202100017966,169 512,B01,1,33,0,2,2,1,1,
202100017967,169 510,A01,2,7,5,0,1,3,1,
202100017968,169 506,D01,1,16,0,2,0,0,1,
202100017968,169 507,C01,1,10,0,2,6,2,1,
202100017968,169 508,B01,1,7,0,2,4,2,1,
202100017968,169 509,A01,1,7,0,2,2,2,1,
202100017969,169 505,A01,1,7,6,0,7,2,1,
202100017970,169 503,A01,2,34,0,2,7,1,1,
202100017970,169 504,B01,2,7,0,2,3,1,1,
202100017971,169 501,B01,1,10,0,0,2,0,1,
202100017971,169 502,A01,1,33,0,0,3,26,1,
202100017972,169 500,A01,2,32,0,0,0,1,1,
202100017973,169 499,A01,2,7,4,0,1,1,1,
202100017974,169 496,B01,2,15,0,2,9,1,1,
202100017974,169 497,A01,2,14,0,2,1,1,1,
202100017974,169 498,C01,2,15,0,2,4,1,1,
202100017975,169 494,B01,1,7,0,2,4,2,1,
202100017975,169 495,A01,1,7,0,2,1,2,1,
202100017976,169 492,A01,2,7,0,2,2,1,1,
202100017976,169 493,B01,3,1,0,2,1,19,6,
202100017977,169 491,A01,2,7,0,1,1,1,1,
202100017978,169 490,A01,2,30,0,0,8,1,1,
202100017979,169 489,A01,1,7,0,1,1,1,1,
202100017980,169 486,A01,1,31,0,9,8,15,1,
202100017981,169 484,B01,1,2,0,2,7,1,1,
202100017981,169 485,A01,1,7,0,2,7,16,1,
202100017982,169 482,B01,2,7,0,2,2,1,1,
202100017982,169 483,A01,2,30,0,2,8,1,1,
202100017983,169 480,B01,0,50,0,2,7,19,3,
202100017983,169 481,A01,1,7,0,2,3,19,0,
202100017984,169 479,A01,3,7,6,2,1,5,1,
202100017985,169 477,B01,2,7,0,2,3,1,2,
202100017985,169 478,A01,2,2,0,2,7,9,1,
202100017986,169 475,A01,1,7,0,2,1,0,1,
202100017986,169 476,B01,3,7,0,2,4,1,3,
202100017987,169 474,A01,1,33,0,2,7,21,1,
202100017988,169 473,A01,2,7,0,1,2,9,1,
202100017989,169 472,A01,1,32,0,1,1,2,1,
202100017990,169 470,A01,2,7,0,2,1,1,1,
202100017990,169 471,B01,1,7,0,2,4,1,1,
202100017991,169 468,A01,1,7,0,2,2,15,0,
202100017991,169 469,B01,2,7,0,2,1,1,1,
202100017992,169 467,A01,1,7,2,0,1,16,1,
202100017993,169 465,A01,1,1,0,2,1,1,5,
202100017993,169 466,B01,1,7,0,0,5,1,1,
202100017994,169 464,A01,2,7,6,0,1,2,1,
202100017995,169 462,A01,1,2,0,2,1,13,1,
202100017995,169 463,B01,0,7,0,2,6,1,1,
202100017996,169 461,A01,1,7,0,1,2,15,1,
202100017997,169 459,B01,2,7,0,2,2,1,1,
202100017997,169 460,A01,2,7,0,2,8,20,1,
202100017998,169 457,A01,1,7,0,2,1,26,1,
202100017998,169 458,B01,1,7,0,2,1,0,1,
202100017999,169 456,A01,1,1,0,1,1,1,5,
202100018000,169 454,B01,2,7,0,2,7,15,3,
202100018000,169 455,A01,1,7,0,2,1,19,1,
202100018001,169 453,A01,2,7,0,1,2,1,1,
202100018002,169 451,A01,2,10,0,2,1,12,1,
202100018002,169 452,B01,2,10,2,2,6,1,1,
202100018003,169 449,A01,1,7,9,2,2,16,1,
202100018004,169 448,A01,3,7,0,2,1,1,1,
202100018005,169 447,A01,1,7,8,0,3,1,1,
202100018006,169 445,A01,3,31,0,2,2,2,1,
202100018006,169 446,B01,3,7,0,2,3,15,1,
202100018007,169 444,A01,3,7,12,0,7,2,1,
202100018008,169 442,A01,1,33,0,0,4,9,1,
202100018008,169 443,B01,1,7,0,2,2,2,1,
202100018009,169 441,A01,1,7,2,0,8,1,1,
202100018010,169 440,A01,3,7,7,0,1,15,1,
202100018011,169 437,C01,2,7,0,2,4,1,1,
202100018011,169 438,A01,2,7,0,2,1,2,1,
202100018011,169 439,B01,2,34,0,2,4,2,1,
202100018012,169 433,D01,1,7,0,2,4,2,1,
202100018012,169 434,C01,1,7,0,2,5,2,1,
202100018012,169 435,B01,1,7,0,2,5,2,1,
202100018012,169 436,A01,1,7,0,2,3,11,1,
202100018013,169 431,B01,1,32,0,2,3,3,1,
202100018013,169 432,A01,1,7,0,2,2,12,1,
202100018014,169 428,A01,2,33,0,2,4,3,1,
202100018014,169 429,B01,2,7,0,2,8,1,1,
202100018014,169 430,Z01,2,7,0,2,2,12,1,
202100018015,169 425,C01,1,7,0,2,4,2,2,
202100018015,169 426,B01,1,7,0,2,4,2,1,
202100018015,169 427,A01,1,7,0,2,1,2,1,
202100018016,169 421,C01,1,7,0,2,4,1,1,
202100018016,169 422,B01,1,7,0,2,4,2,1,
202100018016,169 423,D01,1,7,0,2,6,2,2,
202100018016,169 424,A01,1,7,0,2,1,2,1,
202100018017,169 420,A01,1,7,0,1,3,1,1,
202100018018,169 418,A01,2,7,1,2,2,1,1,
202100018018,169 419,B01,2,7,0,2,3,1,1,
202100018019,169 416,A01,2,7,0,2,1,2,1,
202100018019,169 417,B01,2,7,0,2,4,23,2,
202100018020,169 415,A01,3,7,0,1,1,1,1,
202100018021,169 414,A01,1,7,2,0,3,14,1,
202100018022,169 412,B01,2,32,0,2,6,18,1,
202100018022,169 413,A01,2,50,0,2,1,19,3,
202100018023,169 411,A01,1,30,0,0,0,1,3,
202100018024,169 410,A01,2,10,0,1,3,1,1,
202100018025,169 407,C01,1,7,0,2,4,2,1,
202100018025,169 408,B01,1,7,0,2,4,2,1,
202100018025,169 409,A01,1,7,0,2,1,2,2,
202100018026,169 404,A01,1,7,0,2,4,23,1,
202100018026,169 405,B01,1,7,0,2,1,23,1,
202100018026,169 406,C01,1,7,0,2,1,2,1,
202100018027,169 402,B01,1,7,0,2,3,16,1,
202100018027,169 403,A01,2,7,0,2,2,1,1,
202100018028,169 401,A01,1,1,0,1,1,1,5,
202100018029,169 400,Z01,1,7,0,1,4,4,1,
202100018030,169 398,A01,1,1,0,2,1,13,5,
202100018030,169 399,B01,2,50,0,2,1,1,3,
202100018031,169 396,B01,1,7,0,0,6,2,1,
202100018031,169 397,A01,1,30,0,2,1,2,1,
202100018032,169 394,B01,1,7,1,2,8,1,2,
202100018032,169 395,A01,1,10,0,2,1,1,1,
202100018033,169 392,A01,1,7,0,2,2,19,0,
202100018033,169 393,B01,1,7,0,2,3,15,1,
202100018034,169 390,B01,3,7,0,2,5,1,1,
202100018034,169 391,A01,3,7,0,2,3,1,1,
202100018035,169 389,A01,2,30,0,0,0,0,1,
202100018036,169 387,A01,2,7,0,2,1,17,1,
202100018036,169 388,B01,1,7,0,2,1,1,1,
202100018037,169 385,A01,3,2,0,2,3,1,1,
202100018037,169 386,B01,3,21,0,2,3,1,1,
202100018038,169 384,A01,2,7,3,0,0,14,1,
202100018039,169 381,A01,1,7,0,2,1,1,1,
202100018039,169 382,B01,1,7,0,2,4,11,1,
202100018039,169 383,C01,1,15,0,2,6,9,1,
202100018040,169 379,A01,2,7,0,2,3,15,2,
202100018040,169 380,B01,1,2,2,2,3,1,1,
202100018041,169 378,A01,2,7,16,0,1,1,1,
202100018042,169 377,A01,2,7,0,1,1,15,1,
202100018043,169 375,A01,2,7,0,2,1,2,1,
202100018043,169 376,B01,2,7,0,0,6,1,1,
202100018044,169 374,A01,2,32,0,0,0,0,1,
202100018045,169 373,A01,2,7,2,0,3,1,1,
202100018046,169 372,A01,1,7,16,0,0,17,1,
202100018047,169 370,B01,3,7,0,2,1,1,1,
202100018047,169 371,A01,3,10,0,2,8,9,1,
202100018048,169 369,A01,1,7,15,0,1,1,1,
202100018049,169 366,C01,2,7,0,2,3,1,1,
202100018049,169 367,A01,1,7,0,2,1,13,1,
202100018049,169 368,B01,2,7,0,2,3,1,1,
202100018050,169 365,A01,2,7,0,1,2,15,1,
202100018051,169 364,A01,2,14,13,0,7,14,1,
202100018052,169 363,A01,1,3,6,0,1,1,1,
202100018053,169 361,B01,2,7,0,2,8,15,1,
202100018053,169 362,A01,2,33,0,2,1,17,1,
202100018054,169 360,A01,1,7,3,0,7,1,1,
202100018055,169 358,A01,1,7,0,2,3,16,1,
202100018055,169 359,B01,1,2,0,2,2,9,1,
202100018056,169 357,A01,3,7,0,1,1,13,1,
202100018057,169 356,A01,1,33,0,1,1,0,1,
202100018058,169 354,B01,1,33,0,2,1,1,1,
202100018058,169 355,A01,2,7,0,2,1,1,1,
202100018059,169 353,A01,3,7,0,0,2,14,1,
202100018060,169 351,B01,1,7,0,2,1,1,1,
202100018060,169 352,A01,2,7,0,2,1,0,1,
202100018061,169 349,A01,2,7,0,2,2,13,1,
202100018061,169 350,B01,1,7,0,2,2,1,1,
202100018062,169 347,B01,1,33,0,2,1,5,1,
202100018062,169 348,A01,2,7,0,2,3,1,0,
202100018063,169 345,B01,2,7,0,2,7,1,1,
202100018063,169 346,A01,1,7,0,2,1,9,1,
202100018064,169 343,A01,1,10,0,2,2,2,1,
202100018064,169 344,B01,1,17,0,0,6,2,6,
202100018065,169 342,A01,2,7,13,0,4,13,1,
202100018066,169 340,B01,1,7,0,2,1,2,1,
202100018066,169 341,A01,1,7,0,2,4,1,1,
202100018067,169 338,B01,1,32,0,2,3,17,1,
202100018067,169 339,A01,2,7,0,2,2,1,1,
202100018068,169 337,A01,1,7,16,0,1,1,1,
202100018069,169 336,A01,2,7,2,0,1,1,1,
202100018070,169 335,A01,1,33,2,0,9,1,1,
202100018071,169 333,B01,1,33,0,2,7,21,1,
202100018071,169 334,A01,2,7,0,2,7,26,0,
202100018072,169 332,A01,3,36,0,0,0,0,1,
202100018073,169 329,B01,1,14,10,2,3,1,1,
202100018073,169 330,A01,2,7,5,2,1,13,1,
202100018073,169 331,C01,2,7,0,2,1,1,1,
202100018074,169 327,B01,0,2,0,2,1,0,1,
202100018074,169 328,A01,0,7,0,2,3,0,1,
202100018075,169 325,A01,3,7,0,2,3,9,1,
202100018075,169 326,B01,3,1,0,2,2,12,5,
202100018076,169 323,B01,2,33,0,2,1,1,1,
202100018076,169 324,A01,1,7,0,2,2,1,1,
202100018077,169 322,A01,1,10,0,0,0,0,1,
202100018078,169 317,B01,2,14,0,2,1,1,1,
202100018078,169 318,A01,1,7,0,2,1,13,1,
202100018079,169 314,A01,2,33,13,0,8,14,1,
202100018080,169 312,B01,2,33,0,2,5,17,1,
202100018080,169 313,A01,2,7,0,2,3,13,1,
202100018081,169 310,A01,0,7,0,2,2,16,1,
202100018081,169 311,B01,0,1,0,2,8,19,5,
202100018082,169 308,B01,2,7,0,2,2,1,1,
202100018082,169 309,A01,3,7,0,2,1,1,2,
202100018083,169 307,A01,2,7,0,0,1,1,1,
202100018084,169 306,A01,2,2,0,6,1,26,1,
202100018085,169 305,A01,2,43,4,0,8,1,1,
202100018086,169 303,B01,1,10,0,2,8,1,1,
202100018086,169 304,A01,1,7,0,2,8,1,1,
202100018087,169 299,D01,1,7,0,2,1,2,1,
202100018087,169 300,C01,1,7,0,2,4,2,1,
202100018087,169 301,B01,1,7,0,2,4,2,1,
202100018087,169 302,A01,1,7,0,2,4,2,1,
202100018088,169 298,A01,2,33,6,0,0,2,1,
202100018089,169 297,A01,1,33,0,0,9,1,1,
202100018090,169 295,A01,1,7,0,2,1,2,2,
202100018090,169 296,B01,1,10,0,2,4,2,1,
202100018091,169 292,C01,2,7,0,2,8,1,1,
202100018091,169 293,B01,2,7,0,2,5,1,1,
202100018091,169 294,A01,2,33,0,2,1,3,0,
202100018092,169 288,D01,1,10,0,2,4,2,1,
202100018092,169 289,C01,1,7,0,2,4,2,1,
202100018092,169 290,B01,1,7,0,2,4,2,1,
202100018092,169 291,A01,1,7,0,2,1,2,1,
202100018093,169 286,A01,1,7,0,2,5,12,1,
202100018093,169 287,B01,1,43,0,2,1,3,1,
202100018094,169 280,C01,1,7,0,2,4,2,1,
202100018094,169 281,B01,1,7,0,2,4,2,1,
202100018094,169 282,A01,1,7,0,2,4,1,2,
202100018094,169 283,F01,1,7,0,2,1,1,1,
202100018094,169 284,E01,1,7,0,2,4,2,1,
202100018094,169 285,D01,1,7,0,2,4,2,1,
202100018095,169 276,A01,1,10,0,2,1,1,1,
202100018095,169 277,B01,1,7,0,2,9,1,1,
202100018095,169 278,C01,1,7,0,2,9,1,1,
202100018095,169 279,D01,2,7,0,2,4,1,0,
202100018096,169 275,A01,2,34,0,2,7,2,0,
202100018097,169 274,A01,1,7,4,0,1,14,1,
202100018098,169 272,B01,2,33,0,2,8,3,1,
202100018098,169 273,A01,2,10,0,2,7,12,1,
202100018099,169 267,B01,2,7,0,2,7,12,1,
202100018099,169 268,A01,2,33,0,2,1,3,1,
202100018100,169 264,C01,2,7,0,2,4,1,2,
202100018100,169 265,B01,2,33,0,2,3,3,0,
202100018100,169 266,A01,2,7,0,2,2,12,1,
202100018101,169 262,A01,2,33,0,2,1,3,1,
202100018101,169 263,B01,2,10,0,2,8,11,1,
202100018102,169 261,A01,1,7,0,1,1,0,1,
202100018103,169 258,C01,2,10,0,2,1,2,1,
202100018103,169 259,B01,2,10,0,2,1,2,1,
202100018103,169 260,A01,2,7,0,2,4,2,1,
202100018104,169 257,A01,3,7,0,1,1,1,1,
202100018105,169 255,B01,3,7,0,2,1,1,1,
202100018105,169 256,A01,3,7,0,2,1,12,1,
202100018106,169 254,A01,2,7,14,1,2,1,1,
202100018107,169 251,C01,2,7,0,2,0,0,1,
202100018107,169 252,B01,2,7,0,2,4,2,1,
202100018107,169 253,A01,2,10,0,2,1,2,1,
202100018108,169 250,A01,1,7,13,0,1,13,1,
202100018109,169 247,A01,1,2,0,2,1,1,1,
202100018109,169 248,C01,3,7,1,2,5,1,1,
202100018109,169 249,Z01,2,7,0,2,3,1,1,
202100018110,169 245,A01,2,7,12,2,1,15,2,
202100018110,169 246,B01,0,1,12,2,1,8,0,
202100018111,169 243,A01,2,31,0,2,8,18,1,
202100018111,169 244,B01,2,10,0,2,7,16,1,
202100018112,169 241,A01,0,7,0,2,1,0,1,
202100018112,169 242,B01,2,7,0,2,4,1,1,
202100018113,169 239,B01,2,7,0,2,7,1,1,
202100018113,169 240,A01,2,7,0,2,1,18,1,
202100018114,169 237,B01,2,7,0,2,8,15,1,
202100018114,169 238,A01,1,31,0,2,1,16,1,
202100018115,169 235,A01,1,32,0,2,8,15,1,
202100018115,169 236,B01,2,7,0,2,1,1,0,
202100018116,169 234,A01,2,7,0,2,8,2,1,
202100018117,169 232,A01,1,7,0,0,3,15,1,
202100018117,169 233,B01,1,33,0,2,3,17,1,
202100018118,169 230,B01,3,1,0,2,7,19,5,
202100018118,169 231,A01,3,10,0,2,1,1,1,
202100018119,169 229,A01,1,1,0,1,4,2,5,
202100018120,169 227,B01,3,33,0,2,8,1,1,
202100018120,169 228,A01,3,7,0,2,7,16,1,
202100018121,169 225,A01,1,2,0,2,2,17,1,
202100018121,169 226,B01,1,7,0,2,3,11,1,
202100018122,169 224,A01,3,7,1,1,3,1,1,
202100018123,169 221,C01,1,7,0,2,4,1,1,
202100018123,169 222,B01,1,2,0,2,9,1,1,
202100018123,169 223,A01,1,7,1,2,9,1,1,
202100018124,169 219,B01,0,37,0,2,8,15,2,1.0
202100018124,169 220,A01,1,33,0,2,1,1,1,
202100018125,169 216,A01,3,7,0,1,2,14,1,
202100018126,169 215,A01,3,7,1,0,1,2,1,
202100018127,169 214,A01,1,7,0,1,2,1,1,
202100018128,169 213,A01,1,37,0,1,1,15,1,1.0
202100018129,169 211,B01,1,7,0,2,2,1,1,
202100018129,169 212,A01,1,10,0,2,3,20,1,
202100018130,169 210,A01,1,30,0,0,7,16,1,
202100018131,169 208,B01,2,1,0,2,4,1,5,
202100018131,169 209,A01,2,7,0,2,1,3,1,
202100018132,169 206,A01,2,1,1,0,4,26,5,
202100018132,169 207,B01,1,7,1,0,5,0,1,
202100018133,169 205,A01,2,7,0,1,1,15,1,
202100018134,169 203,B01,3,10,0,2,7,5,1,
202100018134,169 204,A01,3,33,0,2,8,1,1,
202100018135,169 201,B01,1,7,0,9,4,2,1,
202100018135,169 202,A01,1,33,0,2,1,2,1,
202100018136,169 199,B01,3,80,0,2,7,19,3,
202100018136,169 200,A01,1,7,0,2,1,16,1,
202100018137,169 197,A01,2,10,0,2,3,24,1,
202100018137,169 198,B01,2,50,0,2,1,2,3,
202100018138,169 195,A01,2,7,0,2,3,11,1,
202100018138,169 196,B01,1,31,0,2,1,1,1,
202100018139,169 193,A01,1,7,0,2,3,15,1,
202100018139,169 194,B01,1,2,0,2,2,3,1,
202100018140,169 190,A01,1,7,0,2,2,1,1,
202100018140,169 191,B01,2,7,0,2,5,19,1,
202100018140,169 192,C01,2,7,0,2,1,1,1,
202100018141,169 188,A01,3,7,0,2,2,1,1,
202100018141,169 189,B01,3,7,0,2,2,1,1,
202100018142,169 185,A01,1,7,0,2,7,1,1,
202100018142,169 186,B01,0,7,0,0,0,0,1,
202100018142,169 187,C01,1,7,0,2,1,1,1,
202100018143,169 183,A01,1,10,3,2,1,2,1,
202100018143,169 184,B01,1,7,3,2,4,1,1,
202100018144,169 181,B01,0,7,0,2,4,1,3,
202100018144,169 182,A01,0,2,0,2,1,1,1,
202100018145,169 177,D01,3,7,0,2,4,9,1,
202100018145,169 178,C01,3,7,0,2,7,9,1,
202100018145,169 179,B01,3,7,0,2,8,9,1,
202100018145,169 180,A01,3,7,2,2,7,26,1,
202100018146,169 176,A01,1,7,0,1,1,16,1,
202100018147,169 175,Z01,1,7,0,1,1,26,0,
202100018148,169 174,A01,2,7,9,0,1,13,1,
202100018149,169 173,A01,3,7,13,0,3,13,2,
202100018150,169 170,A01,3,7,0,1,1,2,1,
202100018151,169 168,B01,1,33,0,2,2,13,1,
202100018151,169 169,A01,1,7,0,2,3,11,1,
202100018152,169 166,A01,0,7,0,2,1,1,1,
202100018152,169 167,B01,0,2,0,2,1,5,1,
202100018153,169 164,B01,2,33,0,2,1,26,1,
202100018153,169 165,A01,3,3,0,2,3,26,1,
202100018154,169 162,B01,3,2,0,0,0,15,1,
202100018154,169 163,A01,1,7,0,2,0,9,1,
202100018155,169 160,B01,3,33,0,2,8,0,1,
202100018155,169 161,A01,3,7,0,2,2,10,1,
202100018156,169 159,A01,1,7,13,0,9,0,1,
202100018157,169 155,A01,3,7,0,2,1,9,1,
202100018157,169 156,B01,1,7,0,2,1,1,1,
202100018158,169 153,A01,2,32,1,2,6,17,1,
202100018158,169 154,B01,1,30,1,2,3,1,1,
202100018159,169 151,A01,1,7,0,2,2,1,1,
202100018159,169 152,B01,3,2,0,2,1,19,1,
202100018160,169 149,B01,2,7,0,2,3,15,1,
202100018160,169 150,A01,2,34,0,2,3,17,1,
202100018161,169 147,A01,3,32,8,2,2,2,1,
202100018161,169 148,B01,3,7,0,2,3,15,2,
202100018162,169 146,A01,0,7,0,1,3,1,1,
202100018163,169 144,A01,0,7,0,2,5,15,1,
202100018163,169 145,B01,0,7,0,2,2,1,1,
202100018164,169 143,A01,1,7,0,1,3,1,1,
202100018165,169 141,B01,1,2,0,2,1,1,1,
202100018165,169 142,A01,2,1,0,2,1,15,5,
202100018166,169 140,A01,0,32,8,0,1,1,1,
202100018167,169 136,B01,2,7,0,2,4,23,1,
202100018167,169 137,C01,2,7,0,2,4,23,1,
202100018167,169 138,D01,2,7,0,2,4,23,1,
202100018167,169 139,A01,2,7,0,2,1,2,1,
202100018168,169 134,A01,1,7,0,2,5,5,1,
202100018168,169 135,B01,1,33,0,2,1,7,1,
202100018169,169 132,A01,2,30,0,2,2,2,1,
202100018169,169 133,Z01,2,7,0,2,2,2,0,
202100018170,169 131,A01,2,1,1,1,1,1,5,
202100018171,169 130,A01,3,7,1,0,2,13,1,
202100018172,169 128,B01,1,7,0,2,1,18,1,
202100018172,169 129,A01,1,33,0,2,5,16,1,
202100018173,169 126,B01,2,7,0,2,2,16,2,
202100018173,169 127,A01,2,30,0,2,2,7,1,
202100018174,169 124,B01,1,30,0,2,3,15,1,
202100018174,169 125,A01,1,1,0,2,3,1,5,
202100018175,169 123,A01,1,10,6,0,0,1,1,
202100018176,169 121,A01,1,7,0,2,7,15,1,
202100018176,169 122,B01,2,50,0,2,1,16,3,
202100018177,169 119,B01,2,7,0,2,2,10,1,
202100018177,169 120,A01,1,33,0,2,1,1,1,
202100018178,169 117,B01,1,7,0,2,1,1,2,
202100018178,169 118,A01,1,10,7,2,7,1,1,
202100018179,169 116,A01,2,7,0,1,1,16,1,
202100018180,169 115,A01,2,7,0,1,7,1,1,
202100018181,169 113,B01,1,1,0,2,2,1,5,
202100018181,169 114,A01,1,7,0,2,2,16,2,
202100018182,169 110,A01,1,7,0,2,3,2,1,
202100018182,169 111,B01,1,7,0,2,4,2,1,
202100018182,169 112,C01,1,7,0,2,4,2,1,
202100018183,169 108,A01,1,7,0,2,7,1,1,
202100018183,169 109,B01,1,10,0,2,1,1,1,
202100018184,169 107,A01,0,30,0,1,1,1,1,
202100018185,169 105,B01,2,7,0,2,5,16,1,
202100018185,169 106,A01,2,34,0,2,1,18,1,
202100018186,169 103,A01,2,7,0,9,1,1,3,
202100018186,169 104,B01,2,50,0,2,1,1,3,
202100018187,169 100,C01,3,7,0,2,5,2,1,
202100018187,169 101,B01,3,7,0,2,4,2,1,
202100018187,169 102,A01,3,7,0,2,3,1,2,
202100018188,169 098,A01,2,7,4,2,1,0,1,
202100018188,169 099,B01,1,7,0,2,1,1,1,
202100018189,169 096,B01,1,33,0,0,1,1,1,
202100018189,169 097,A01,2,10,0,0,3,15,1,
202100018190,169 094,B01,2,1,0,2,1,1,5,
202100018190,169 095,A01,1,7,0,9,3,17,1,
202100018191,169 092,B01,1,1,0,2,1,1,5,
202100018191,169 093,A01,1,7,0,9,7,15,1,
202100018192,169 091,A01,2,7,4,0,1,1,1,
202100018193,169 089,A01,3,7,12,0,6,2,1,
202100018193,169 090,Z01,3,0,0,2,0,0,0,
202100018194,169 088,A01,0,7,8,2,1,21,1,
202100018195,169 087,A01,3,7,4,0,1,1,1,
202100018196,169 085,A01,2,7,0,9,3,15,1,
202100018196,169 086,B01,1,50,0,2,8,1,3,
202100018197,169 083,B01,2,7,0,2,1,9,1,
202100018197,169 084,A01,1,30,0,2,2,1,1,
202100018198,169 081,A01,3,1,0,2,1,9,5,
202100018198,169 082,B01,3,7,0,2,2,0,1,
202100018199,169 079,A01,1,33,0,2,3,18,1,
202100018199,169 080,B01,1,7,0,2,7,16,1,
202100018200,169 077,B01,2,7,0,2,1,1,1,
202100018200,169 078,A01,2,7,0,2,4,1,1,
202100018201,169 075,A01,2,7,0,2,6,1,1,
202100018201,169 076,B01,2,7,0,2,2,0,1,
202100018202,169 072,C01,1,7,0,2,1,21,1,
202100018202,169 073,A01,1,7,0,2,3,23,1,
202100018202,169 074,B01,1,33,1,0,2,21,3,
202100018203,169 070,A01,2,10,0,2,4,26,1,
202100018203,169 071,B01,2,7,0,2,1,26,1,
202100018204,169 068,B01,2,7,0,2,4,2,1,
202100018204,169 069,C01,2,7,0,2,1,2,1,
202100018205,169 067,A01,1,7,16,0,1,19,1,
202100018206,169 065,B01,1,10,0,2,4,1,1,
202100018206,169 066,A01,1,10,0,2,1,1,1,
202100018207,169 063,B01,2,33,0,2,7,1,1,
202100018207,169 064,A01,2,3,0,2,3,11,1,
202100018208,169 061,B01,1,32,0,2,1,3,1,
202100018208,169 062,A01,1,7,0,2,6,11,1,
202100018209,169 060,A01,1,7,4,0,9,14,1,
202100018210,169 058,A01,1,7,0,2,1,0,1,
202100018211,169 056,B01,2,7,0,2,7,14,1,
202100018211,169 057,A01,2,33,0,2,3,1,1,
202100018212,169 054,A01,2,33,0,2,2,1,1,
202100018212,169 055,B01,2,7,0,2,8,2,1,
202100018213,169 048,F01,1,33,0,2,1,21,1,
202100018213,169 049,E01,1,33,0,2,1,21,1,
202100018213,169 050,D01,1,33,0,2,1,21,1,
202100018213,169 051,C01,1,31,0,2,1,21,1,
202100018213,169 052,B01,1,33,0,2,1,21,1,
202100018213,169 053,A01,1,33,0,2,1,21,1,
202100018214,169 046,B01,1,33,0,2,3,3,1,
202100018214,169 047,A01,1,10,0,2,7,12,1,
202100018215,169 045,A01,1,7,0,1,3,1,1,
202100018216,169 042,C01,1,15,0,9,1,1,1,
202100018216,169 043,B01,1,2,0,0,4,0,1,
202100018216,169 044,A01,1,7,0,2,1,1,1,
202100018217,169 040,A01,2,7,0,2,1,15,1,
202100018217,169 041,B01,1,30,0,2,1,1,1,
202100018218,169 039,A01,2,7,3,0,9,14,1,
202100018219,169 037,A01,2,7,0,2,3,9,1,
202100018219,169 038,B01,1,7,16,2,1,1,0,
202100018220,169 036,A01,1,7,0,1,1,1,1,
202100018221,169 034,B01,2,33,0,2,1,1,1,
202100018221,169 035,A01,1,7,0,0,7,15,1,
202100018222,169 032,B01,1,7,3,0,1,26,1,
202100018222,169 033,A01,1,7,3,0,4,16,1,
202100018223,169 030,B01,2,7,0,2,7,1,1,
202100018223,169 031,A01,1,2,0,2,1,23,1,
202100018224,169 029,A01,2,7,0,1,3,2,1,
202100018225,169 028,A01,3,7,0,1,3,15,1,
202100018226,169 026,A01,1,2,0,2,5,2,1,
202100018226,169 027,B01,1,2,0,2,3,2,1,
202100018227,169 024,A01,2,7,0,2,1,15,1,
202100018227,169 025,B01,1,7,8,2,2,1,1,
202100018228,169 023,A01,1,7,2,0,8,1,1,
202100018229,169 021,B01,2,7,0,0,4,2,1,