Num_Acc,id_vehicule,num_veh,senc,catv,obs,obsm,choc,manv,motor,occutc
202100018229,169 022,A01,2,7,0,2,1,2,1,
202100018230,169 018,D01,2,7,0,2,1,1,1,
202100018230,169 019,C01,2,7,0,2,3,1,1,
202100018230,169 020,A01,1,34,0,2,3,17,1,
202100018231,169 017,A01,2,7,16,0,9,1,1,
202100018232,169 016,A01,2,7,3,0,3,1,1,
202100018233,169 015,A01,1,2,0,0,0,0,1,
202100018234,169 013,B01,1,33,0,2,1,1,1,
202100018234,169 014,A01,1,7,0,2,8,19,1,
202100018235,169 012,A01,1,7,13,0,2,1,1,
202100018236,169 011,A01,2,7,1,0,1,0,1,
202100018237,169 008,C01,2,1,0,2,1,2,5,
202100018237,169 009,B01,2,1,0,2,1,2,5,
202100018237,169 010,A01,2,1,0,2,4,1,5,
202100018238,169 006,A01,1,7,0,2,1,16,1,
202100018238,169 007,B01,1,7,0,0,7,1,1,
202100018239,169 005,A01,1,33,9,0,9,0,1,
202100018240,169 004,A01,0,2,0,0,0,1,1,
202100018241,169 003,A01,3,7,0,0,2,1,1,
202100018242,169 002,A01,1,7,2,0,2,1,1,
202100018243,169 001,A01,2,7,2,0,2,1,1,
202100018244,169 000,A01,1,7,13,0,2,21,1,
202100018245,168 999,A01,1,7,2,0,3,0,1,
202100018246,168 998,A01,2,1,12,0,1,1,5,
202100018247,168 997,A01,3,30,12,0,8,1,1,
202100018248,168 996,A01,2,7,3,0,8,1,1,
202100018249,168 994,B01,1,2,0,2,1,1,1,
202100018249,168 995,A01,3,7,0,2,2,9,1,
202100018250,168 992,B01,1,33,0,2,8,21,1,
202100018250,168 993,A01,2,7,0,2,3,13,1,
202100018251,168 991,A01,2,7,2,0,8,1,1,
202100018252,168 990,A01,1,7,2,0,9,14,1,
202100018253,168 988,A01,1,7,3,2,1,13,1,
202100018253,168 989,B01,2,99,0,2,1,1,1,
202100018254,168 987,A01,1,7,0,0,1,14,0,
202100018255,168 986,A01,1,7,13,0,1,1,1,
202100018256,168 985,A01,1,33,0,0,3,1,1,
202100018257,168 983,A01,2,7,0,2,3,13,1,
202100018257,168 984,B01,1,7,0,2,3,1,1,
202100018258,168 982,A01,2,17,0,0,8,1,1,
202100018259,168 980,A01,3,7,0,9,3,26,1,
202100018259,168 981,B01,2,1,0,2,1,1,5,
202100018260,168 978,B01,2,7,0,2,1,1,1,
202100018260,168 979,A01,1,15,0,0,2,19,0,
202100018261,168 976,B01,2,7,0,2,4,2,1,
202100018261,168 977,A01,2,7,0,2,1,2,2,
202100018262,168 975,A01,2,10,8,0,2,14,1,
202100018263,168 974,A01,0,7,13,0,1,0,1,
202100018264,168 971,A01,2,7,0,2,0,13,1,
202100018264,168 972,B01,1,10,0,2,2,1,1,
202100018265,168 970,A01,1,34,0,0,7,1,1,
202100018266,168 968,A01,1,7,0,0,5,20,1,
202100018266,168 969,B01,1,2,0,2,1,18,1,
202100018267,168 966,B01,1,7,0,2,1,1,1,
202100018267,168 967,A01,1,7,3,0,7,23,1,
202100018268,168 964,A01,1,7,0,2,1,13,1,
202100018268,168 965,B01,2,7,0,2,1,1,1,
202100018269,168 963,A01,2,7,0,1,2,1,1,
202100018270,168 962,A01,0,36,0,0,0,1,1,
202100018271,168 961,A01,1,33,0,0,0,1,1,
202100018272,168 960,A01,0,7,2,0,7,1,1,
202100018273,168 959,A01,1,33,0,6,1,1,1,
202100018274,168 957,B01,2,33,0,2,1,1,1,
202100018274,168 958,A01,1,3,0,2,1,15,1,
202100018275,168 956,A01,1,1,0,1,1,1,5,
202100018276,168 954,B01,2,10,0,0,1,1,1,
202100018276,168 955,A01,1,7,0,0,1,13,1,
202100018277,168 952,A01,2,7,0,2,8,9,1,
202100018277,168 953,B01,0,33,0,2,7,1,1,
202100018278,168 951,A01,1,7,2,0,3,1,1,
202100018279,168 949,A01,1,7,0,0,0,17,0,
202100018279,168 950,B01,2,7,1,0,3,1,1,
202100018280,168 948,A01,1,7,4,0,3,13,1,
202100018281,168 946,A01,1,7,0,2,6,10,1,
202100018281,168 947,B01,1,30,0,2,1,1,1,
202100018282,168 945,A01,2,7,16,0,0,21,1,
202100018283,168 941,B01,3,32,0,2,3,2,1,
202100018283,168 942,A01,3,7,0,2,7,2,1,
202100018284,168 940,B01,1,7,0,1,2,26,1,
202100018285,168 939,A01,0,30,0,1,1,1,1,
202100018286,168 937,A01,3,43,0,2,1,1,1,
202100018286,168 938,B01,3,7,0,2,8,15,1,
202100018287,168 936,A01,3,7,2,0,1,13,1,
202100018288,168 935,A01,0,7,0,1,0,20,1,
202100018289,168 933,B01,1,99,0,2,4,0,1,
202100018289,168 934,A01,1,7,0,2,1,26,1,
202100018290,168 931,B01,1,1,0,2,8,21,5,
202100018290,168 932,Z01,1,10,0,2,0,0,1,
202100018291,168 929,B01,1,7,0,2,6,11,2,
202100018291,168 930,A01,1,7,0,2,2,1,1,
202100018292,168 927,A01,3,7,0,2,7,15,1,
202100018292,168 928,B01,3,33,0,2,1,1,1,
202100018293,168 925,B01,1,2,0,2,1,1,1,
202100018293,168 926,A01,1,7,0,2,7,15,1,
202100018294,168 923,A01,1,2,0,2,7,3,1,
202100018294,168 924,B01,1,7,0,2,3,15,1,
202100018295,168 921,B01,1,33,0,2,1,1,1,
202100018295,168 922,A01,1,7,0,2,2,26,1,
202100018296,168 919,B01,3,1,0,9,2,0,0,
202100018296,168 920,A01,3,60,0,9,8,13,5,
202100018297,168 917,B01,2,1,0,2,8,1,0,
202100018297,168 918,A01,1,7,0,9,1,15,1,
202100018298,168 915,A01,3,1,0,9,4,21,5,
202100018298,168 916,B01,1,50,0,2,4,19,3,
202100018299,168 913,A01,2,7,0,4,3,15,1,
202100018299,168 914,B01,1,40,0,2,2,1,3,
202100018300,168 911,B01,0,7,0,2,1,19,1,
202100018300,168 912,A01,0,7,0,2,5,19,1,
202100018301,168 909,B01,1,30,0,2,1,2,1,
202100018301,168 910,A01,1,10,0,2,4,2,1,
202100018302,168 908,A01,2,7,0,1,2,16,1,
202100018303,168 906,A01,1,7,0,2,5,15,1,
202100018303,168 907,B01,2,33,0,2,1,1,1,
202100018304,168 904,A01,1,7,0,2,3,13,1,
202100018304,168 905,B01,2,7,0,2,3,1,1,
202100018305,168 902,A01,1,7,0,2,2,15,1,
202100018305,168 903,B01,0,43,0,2,3,1,1,
202100018306,168 900,B01,1,2,0,2,3,19,1,
202100018306,168 901,A01,1,7,0,2,7,17,1,
202100018307,168 898,A01,2,10,0,2,1,2,1,
202100018307,168 899,B01,2,7,0,1,4,2,1,
202100018308,168 896,A01,1,7,0,2,3,1,0,
202100018308,168 897,B01,2,33,0,2,1,1,1,
202100018309,168 894,B01,2,7,0,2,4,2,1,
202100018309,168 895,A01,2,2,0,2,1,2,1,
202100018310,168 893,A01,2,2,0,0,8,15,1,
202100018311,168 891,A01,1,2,0,2,1,1,1,
202100018311,168 892,B01,2,7,0,2,1,15,1,
202100018312,168 890,A01,3,34,12,0,1,1,1,
202100018313,168 889,A01,1,7,0,1,3,1,1,
202100018314,168 888,A01,2,34,0,1,1,17,1,
202100018315,168 886,B01,2,32,0,2,1,5,1,
202100018315,168 887,A01,1,7,0,2,3,1,1,
202100018316,168 884,B01,0,7,0,2,0,0,1,
202100018316,168 885,A01,0,33,0,2,1,13,1,
202100018317,168 883,A01,1,1,9,0,1,1,5,
202100018318,168 880,A01,1,7,0,1,6,26,1,
202100018319,168 877,C01,1,7,0,2,4,1,1,
202100018319,168 878,B01,1,7,0,2,4,1,1,
202100018319,168 879,A01,1,7,0,2,1,1,1,
202100018320,168 876,A01,2,7,2,1,2,15,1,
202100018321,168 875,A01,1,10,6,1,4,26,1,
202100018322,168 874,A01,1,7,0,1,2,1,1,
202100018323,168 872,B01,1,1,0,2,7,12,5,
202100018323,168 873,A01,1,1,0,2,8,18,5,
202100018324,168 871,A01,1,7,8,0,1,13,1,
202100018325,168 869,Z01,1,7,0,2,2,17,1,
202100018325,168 870,A01,1,1,8,2,3,1,5,
202100018326,168 866,C01,1,7,0,2,4,2,1,
202100018326,168 867,B01,1,7,0,2,6,2,1,
202100018326,168 868,A01,1,7,0,2,2,13,1,
202100018327,168 865,A01,1,7,12,0,1,9,1,
202100018328,168 863,A01,3,32,0,2,1,1,1,
202100018328,168 864,B01,3,7,0,2,3,15,1,
202100018329,168 861,A01,2,7,0,2,1,9,1,
202100018329,168 862,B01,2,50,0,2,7,1,3,
202100018330,168 860,A01,1,7,0,0,4,4,1,
202100018331,168 858,B01,1,7,0,0,0,0,1,
202100018331,168 859,A01,1,10,0,2,2,15,1,
202100018332,168 857,A01,3,7,15,0,1,0,1,
202100018333,168 855,B01,2,30,1,2,1,21,3,
202100018333,168 856,A01,1,7,0,2,1,21,1,
202100018334,168 853,A01,1,7,0,2,1,16,1,
202100018334,168 854,B01,2,7,0,2,1,23,1,
202100018335,168 851,A01,3,7,0,0,0,0,1,
202100018335,168 852,B01,3,7,0,0,0,0,1,
202100018336,168 849,M01,2,33,0,2,1,1,1,
202100018336,168 850,A01,1,7,0,2,2,10,1,
202100018337,168 848,A01,1,10,0,1,1,1,1,
202100018338,168 847,A01,2,7,0,1,1,1,1,
202100018339,168 845,B01,2,10,0,2,4,1,1,
202100018339,168 846,A01,2,7,0,2,1,2,1,
202100018340,168 843,A01,1,1,0,2,1,25,5,
202100018340,168 844,B01,2,1,0,2,8,25,5,
202100018341,168 841,B01,2,1,0,2,2,5,5,
202100018341,168 842,A01,1,7,0,2,3,1,1,
202100018342,168 839,B01,1,1,0,2,7,19,5,
202100018342,168 840,A01,2,7,0,2,1,1,1,
202100018343,168 837,A01,1,7,0,2,1,1,1,
202100018343,168 838,B01,1,7,0,2,1,1,1,
202100018344,168 834,A01,1,7,0,2,1,2,1,
202100018344,168 835,B01,1,7,0,9,4,2,1,
202100018344,168 836,C01,1,2,0,2,4,23,1,
202100018345,168 833,A01,1,7,1,0,1,1,2,
202100018346,168 832,A01,1,37,2,0,1,1,1,6.0
202100018347,168 830,A01,1,7,0,2,7,15,1,
202100018347,168 831,B01,2,7,0,2,1,2,1,
202100018348,168 828,A01,0,7,0,2,1,15,1,
202100018348,168 829,B01,0,30,0,2,1,1,1,
202100018349,168 827,A01,1,50,0,1,2,26,3,
202100018350,168 826,A01,1,7,0,1,3,26,1,
202100018351,168 824,B01,1,31,0,2,9,26,1,
202100018351,168 825,A01,1,10,0,2,1,26,1,
202100018352,168 821,C01,1,21,0,2,4,1,1,
202100018352,168 822,B01,1,7,0,2,1,1,1,
202100018352,168 823,A01,1,7,14,0,1,1,1,
202100018353,168 819,A01,0,1,0,2,0,11,5,
202100018353,168 820,B01,0,10,0,2,0,1,1,
202100018354,168 817,A01,0,1,0,2,4,26,5,
202100018354,168 818,B01,0,7,0,2,1,16,1,
202100018355,168 815,A01,3,1,0,1,1,2,0,
202100018356,168 814,A01,2,1,12,0,7,1,5,
202100018357,168 812,B01,1,7,0,2,3,5,1,
202100018357,168 813,A01,2,1,0,2,1,8,5,
202100018358,168 811,A01,3,30,12,0,7,1,1,
202100018359,168 809,A01,0,99,0,2,1,1,1,
202100018359,168 810,B01,1,7,0,2,4,1,1,
202100018360,168 808,Y01,0,0,0,2,0,0,-1,
202100018361,168 807,A01,2,2,2,0,1,1,1,
202100018362,168 805,B01,0,7,0,2,2,10,1,
202100018362,168 806,A01,0,7,0,2,1,1,1,
202100018363,168 803,B01,1,10,0,2,4,2,1,
202100018363,168 804,A01,1,2,0,2,1,2,1,
202100018364,168 801,Z01,1,0,0,2,0,2,0,
202100018364,168 802,B01,1,7,0,2,4,23,1,
202100018365,168 799,B01,1,7,0,2,4,1,1,
202100018365,168 800,A01,1,7,0,2,1,2,1,
202100018366,168 798,A01,0,2,6,0,1,1,1,
202100018367,168 797,A01,3,7,0,1,1,1,1,
202100018368,168 795,A01,1,7,0,2,3,15,1,
202100018368,168 796,B01,1,1,0,2,4,12,0,
202100018369,168 793,A01,1,7,0,9,5,16,1,
202100018369,168 794,B01,1,1,0,2,1,1,5,
202100018370,168 790,A01,0,1,0,2,1,1,5,
202100018370,168 791,B01,0,7,0,2,0,0,-1,
202100018371,168 788,B01,3,7,0,2,2,0,1,
202100018371,168 789,A01,1,7,0,2,3,19,1,
202100018372,168 786,A01,1,7,0,9,7,1,1,
202100018372,168 787,B01,1,1,0,2,0,2,5,
202100018373,168 784,A01,2,7,0,2,1,13,1,
202100018373,168 785,B01,1,10,0,2,1,1,1,
202100018374,168 782,B01,2,50,0,2,1,5,3,
202100018374,168 783,A01,2,7,0,2,7,15,1,
202100018375,168 780,A01,1,33,0,2,1,2,1,
202100018375,168 781,B01,1,7,0,2,4,2,1,
202100018376,168 779,A01,1,7,0,1,3,19,1,
202100018377,168 777,B01,1,50,0,2,1,2,3,
202100018377,168 778,A01,1,7,0,2,2,9,1,
202100018378,168 773,B01,0,7,1,0,8,22,1,
202100018378,168 774,A01,1,1,1,0,1,26,5,
202100018379,168 771,A01,3,33,0,2,3,16,1,
202100018379,168 772,B01,3,7,0,2,6,11,1,
202100018380,168 769,B01,0,30,0,2,1,1,1,
202100018380,168 770,A01,0,7,0,2,2,15,1,
202100018381,168 768,A01,1,7,0,1,1,1,1,
202100018382,168 766,A01,1,7,0,2,2,1,1,
202100018382,168 767,B01,1,7,0,0,4,1,1,
202100018383,168 764,B01,1,7,0,2,4,2,1,
202100018383,168 765,A01,1,7,0,2,1,2,1,
202100018384,168 762,B01,1,7,0,2,1,1,1,
202100018384,168 763,A01,1,7,0,2,8,1,1,
202100018385,168 760,A01,2,7,0,2,1,15,1,
202100018385,168 761,B01,1,2,0,2,1,1,1,
202100018386,168 758,A01,2,7,0,1,1,2,1,
202100018386,168 759,B01,1,7,0,1,8,2,0,
202100018387,168 756,B01,0,33,0,2,1,1,1,
202100018387,168 757,A01,0,7,0,2,3,19,2,
202100018388,168 754,B01,0,7,0,2,1,15,1,
202100018388,168 755,A01,2,30,0,2,7,17,1,
202100018389,168 753,A01,1,7,0,1,1,1,2,
202100018390,168 751,B01,2,7,0,2,4,15,1,
202100018390,168 752,A01,2,10,0,2,1,1,1,
202100018391,168 750,A01,1,7,2,0,1,1,1,
202100018392,168 747,A01,1,32,0,2,1,3,1,
202100018392,168 748,B01,1,7,0,2,6,1,2,
202100018392,168 749,C01,1,7,0,2,7,14,1,
202100018393,168 746,A01,2,43,0,0,8,1,1,
202100018394,168 745,A01,1,33,0,0,7,1,1,
202100018395,168 744,A01,1,7,0,1,4,4,1,
202100018396,168 742,A01,2,13,0,2,1,15,1,
202100018396,168 743,B01,1,50,0,2,3,1,3,
202100018397,168 740,A01,2,33,0,2,1,1,1,
202100018397,168 741,B01,1,1,0,2,1,5,5,
202100018398,168 739,A01,2,32,0,1,1,5,1,
202100018399,168 737,A01,2,7,0,2,3,13,1,
202100018399,168 738,B01,1,1,0,0,5,1,5,
202100018400,168 735,A01,2,1,0,2,1,25,5,
202100018400,168 736,Z01,1,2,0,2,0,25,0,
202100018401,168 733,A01,1,32,0,2,1,17,1,
202100018401,168 734,B01,1,7,0,2,6,1,1,
202100018402,168 732,A01,1,32,0,1,0,17,1,
202100018403,168 730,A01,1,7,0,2,8,11,1,
202100018403,168 731,B01,1,34,0,2,7,1,1,
202100018404,168 728,A01,2,1,0,2,7,5,5,
202100018404,168 729,B01,1,33,0,2,2,1,1,
202100018405,168 726,B01,3,7,0,2,6,11,1,
202100018405,168 727,A01,3,7,0,2,2,1,1,
202100018406,168 724,B01,1,13,0,2,4,2,6,
202100018406,168 725,A01,1,50,0,2,1,2,3,
202100018407,168 722,A01,2,7,0,2,2,1,1,
202100018407,168 723,B01,1,2,0,2,3,16,1,
202100018408,168 720,B01,2,2,0,2,2,1,1,
202100018408,168 721,A01,1,1,0,2,1,1,5,
202100018409,168 718,Z01,2,10,0,2,4,2,1,
202100018409,168 719,A01,2,50,0,2,1,2,3,
202100018410,168 717,A01,1,7,11,0,1,26,1,
202100018411,168 715,B01,1,7,0,2,2,19,1,
202100018411,168 716,A01,2,7,0,2,1,19,1,
202100018412,168 713,B01,1,2,0,2,1,26,1,
202100018412,168 714,A01,2,7,0,2,1,9,1,
202100018413,168 712,A01,1,34,0,1,1,1,1,
202100018414,168 711,A01,2,7,4,0,3,1,1,
202100018415,168 709,B01,1,7,0,2,4,23,1,
202100018415,168 710,A01,1,7,0,2,1,2,3,
202100018416,168 707,A01,2,43,0,2,0,0,1,
202100018416,168 708,Z01,2,7,0,0,0,0,1,
202100018417,168 706,Z01,1,2,0,1,4,25,1,
202100018418,168 704,A01,1,10,0,2,2,26,1,
202100018418,168 705,B01,1,33,0,2,4,23,1,
202100018419,168 703,A01,2,7,0,1,2,16,1,
202100018420,168 702,A01,1,3,0,1,3,15,0,
202100018421,168 700,A01,2,10,0,0,0,22,0,
202100018421,168 701,B01,2,50,1,2,0,21,3,
202100018422,168 698,Z01,1,7,0,2,0,0,0,
202100018422,168 699,B01,1,7,9,0,1,21,1,
202100018423,168 697,A01,3,7,0,1,1,2,1,
202100018424,168 695,B01,-1,30,0,2,1,1,1,
202100018424,168 696,A01,3,7,0,2,3,26,1,
202100018425,168 693,B01,1,37,0,2,3,1,1,2.0
202100018425,168 694,A01,1,7,0,2,5,14,1,
202100018426,168 690,C01,1,7,0,2,3,1,1,
202100018426,168 691,B01,1,7,0,2,3,1,1,
202100018426,168 692,A01,2,7,0,2,3,1,1,
202100018427,168 688,B01,2,50,0,0,0,0,3,
202100018427,168 689,A01,1,50,0,0,0,0,3,
202100018428,168 686,B01,3,20,0,2,4,0,0,
202100018428,168 687,A01,3,20,0,2,0,0,0,
202100018429,168 684,A01,0,7,0,2,1,15,1,
202100018429,168 685,B01,0,50,0,2,8,1,3,
202100018430,168 683,A01,3,7,9,0,1,1,1,
202100018431,168 681,A01,1,34,0,2,1,18,0,
202100018431,168 682,B01,1,10,0,2,3,0,1,
202100018432,168 679,B01,3,50,0,2,8,23,3,
202100018432,168 680,A01,1,7,0,2,3,19,1,
202100018433,168 678,A01,1,33,8,0,7,1,1,
202100018434,168 676,A01,0,7,0,2,3,1,2,
202100018434,168 677,B01,0,60,0,2,0,19,5,
202100018435,168 674,B01,2,60,0,2,0,19,5,
202100018435,168 675,A01,0,7,0,2,2,1,1,
202100018436,168 672,A01,3,33,0,2,2,9,1,
202100018436,168 673,B01,2,7,0,2,8,4,3,
202100018437,168 671,A01,1,7,8,0,1,14,1,
202100018438,168 669,A01,1,7,0,2,1,1,1,
202100018438,168 670,B01,1,50,0,2,8,1,3,
202100018439,168 667,A01,1,7,0,2,1,2,1,
202100018439,168 668,B01,1,7,0,0,4,23,1,
202100018440,168 666,A01,3,7,0,1,4,20,1,
202100018441,168 664,B01,2,30,0,2,7,19,1,
202100018441,168 665,A01,2,7,0,2,3,26,1,
202100018442,168 662,A01,1,3,0,2,2,26,1,
202100018442,168 663,B01,1,1,0,2,7,1,5,
202100018443,168 660,A01,2,7,0,2,1,15,1,
202100018443,168 661,B01,2,32,0,2,1,16,1,
202100018444,168 659,A01,2,7,0,1,1,1,1,
202100018445,168 658,A01,2,7,0,1,2,1,1,
202100018446,168 657,A01,3,7,4,0,8,1,1,
202100018447,168 655,A01,2,7,2,2,2,1,1,
202100018447,168 656,B01,2,7,13,2,3,1,1,
202100018448,168 654,A01,3,50,0,0,0,1,3,
202100018449,168 652,A01,1,7,13,0,3,1,1,
202100018450,168 651,A01,2,7,8,0,3,1,0,
202100018451,168 650,A01,1,33,0,0,0,1,1,
202100018452,168 649,A01,0,7,0,1,1,1,1,
202100018453,168 645,A01,2,7,0,2,3,1,1,
202100018453,168 646,B01,1,7,0,2,3,1,1,
202100018454,168 643,B01,2,1,0,2,8,2,5,
202100018454,168 644,A01,2,15,0,9,2,16,1,
202100018455,168 641,A01,1,2,0,2,1,0,1,
202100018455,168 642,B01,1,7,0,2,3,0,1,
202100018456,168 640,A01,2,1,0,0,0,0,5,
202100018457,168 639,A01,1,7,0,1,7,16,1,
202100018458,168 638,A01,1,7,2,0,1,1,1,
202100018459,168 636,B01,2,1,0,0,4,2,5,
202100018459,168 637,A01,2,7,0,9,1,1,1,
202100018460,168 634,A01,2,2,0,2,1,0,1,
202100018460,168 635,B01,2,2,0,0,4,15,1,
202100018461,168 629,A01,2,7,0,2,6,12,1,
202100018461,168 630,B01,2,7,0,2,1,1,1,
202100018461,168 631,C01,2,7,0,2,1,1,1,
202100018461,168 632,D01,2,33,0,2,1,1,1,
202100018461,168 633,E01,2,10,0,2,6,1,1,
202100018462,168 627,A01,1,7,0,9,2,2,1,
202100018462,168 628,B01,1,1,0,0,3,2,5,
202100018463,168 625,A01,2,7,0,2,1,15,1,
202100018463,168 626,B01,1,33,0,2,1,1,1,
202100018464,168 624,A01,1,33,1,0,1,1,1,
202100018465,168 623,A01,1,7,15,0,2,1,1,
202100018466,168 622,A01,0,7,8,0,9,1,1,
202100018467,168 621,A01,1,7,1,1,4,26,1,
202100018468,168 619,A01,2,7,0,0,8,19,1,
202100018468,168 620,B01,1,43,0,2,1,1,1,
202100018469,168 618,A01,1,7,15,9,1,14,1,
202100018470,168 616,B01,0,7,0,2,8,1,1,
202100018470,168 617,A01,0,7,2,2,1,1,1,
202100018471,168 614,B01,1,7,0,2,1,1,1,
202100018471,168 615,A01,2,10,0,2,3,13,1,
202100018472,168 612,B01,1,7,0,2,3,1,1,
202100018472,168 613,A01,2,7,0,2,3,13,1,
202100018473,168 610,B01,0,7,0,2,1,1,1,
202100018473,168 611,A01,0,7,0,2,2,16,3,
202100018474,168 608,A01,2,7,0,2,5,15,1,
202100018474,168 609,B01,1,33,0,2,1,1,1,
202100018475,168 607,A01,2,31,0,0,0,1,1,
202100018476,168 605,B01,2,60,0,2,7,19,5,
202100018476,168 606,A01,2,7,0,2,1,18,1,
202100018477,168 603,A01,2,33,0,2,1,2,1,
202100018477,168 604,B01,2,7,0,2,5,2,1,
202100018478,168 601,B01,3,2,0,2,1,9,1,
202100018478,168 602,A01,1,7,6,2,2,1,1,
202100018479,168 599,A01,2,7,0,2,1,2,1,
202100018479,168 600,B01,2,17,0,2,4,2,6,
202100018480,168 598,A01,2,33,15,0,1,16,1,
202100018481,168 596,B01,2,15,0,0,2,1,1,
202100018481,168 597,A01,2,7,0,0,6,4,1,
202100018482,168 594,A01,1,7,0,2,1,2,1,
202100018482,168 595,B01,1,7,0,0,4,2,1,
202100018483,168 593,A01,2,10,0,0,9,1,1,
202100018484,168 592,A01,1,7,13,0,2,17,1,
202100018485,168 591,A01,2,7,2,0,1,13,1,
202100018486,168 588,B01,2,33,0,2,1,1,1,
202100018486,168 589,C01,2,33,0,2,1,1,1,
202100018486,168 590,A01,3,7,0,2,8,15,1,
202100018487,168 586,A01,0,7,0,2,3,1,1,
202100018487,168 587,B01,0,33,0,2,8,13,1,
202100018488,168 585,A01,1,7,2,0,3,1,1,
202100018489,168 584,A01,2,7,0,1,2,1,1,
202100018490,168 583,A01,2,7,2,0,1,1,1,
202100018491,168 581,B01,2,10,0,2,3,1,1,
202100018491,168 582,A01,1,7,0,2,1,13,1,
202100018492,168 579,B01,1,30,0,2,7,1,1,
202100018492,168 580,A01,2,7,0,9,1,15,1,
202100018493,168 576,C01,2,7,0,2,1,1,1,
202100018493,168 577,B01,2,7,0,2,6,1,1,
202100018493,168 578,A01,1,7,0,2,1,5,1,
202100018494,168 574,B01,3,1,0,2,1,1,5,
202100018494,168 575,A01,3,7,0,0,8,19,1,
202100018495,168 573,A01,1,7,0,1,3,1,1,
202100018496,168 571,A01,2,7,0,2,1,1,1,
202100018496,168 572,B01,2,21,0,2,4,1,1,
202100018497,168 570,A01,1,10,13,0,9,1,1,
202100018498,168 568,B01,3,33,0,2,1,9,1,
202100018498,168 569,A01,2,7,0,2,7,1,1,
202100018499,168 567,A01,2,7,0,0,2,11,1,
202100018500,168 565,B01,1,7,0,2,5,15,1,
202100018500,168 566,A01,1,33,0,2,1,18,1,
202100018501,168 564,A01,2,2,13,0,7,14,1,
202100018502,168 563,A01,3,2,9,0,2,1,1,
202100018503,168 561,A01,0,7,0,2,8,19,1,
202100018503,168 562,B01,1,7,0,2,1,1,1,
202100018504,168 557,B01,3,7,0,2,3,1,1,
202100018504,168 558,A01,3,21,0,2,3,13,1,
202100018505,168 556,A01,2,7,0,1,2,1,1,
202100018506,168 554,B01,2,33,0,2,3,1,1,
202100018506,168 555,A01,1,7,0,2,3,15,1,
202100018507,168 552,A01,1,30,0,2,1,17,1,
202100018507,168 553,B01,1,7,0,2,8,15,1,
202100018508,168 549,C01,2,7,0,2,1,1,1,
202100018508,168 550,B01,2,7,0,2,1,2,1,
202100018508,168 551,A01,2,7,0,2,4,2,1,
202100018509,168 546,A01,2,7,0,2,1,1,1,
202100018509,168 547,B01,2,7,0,2,4,1,1,
202100018509,168 548,C01,2,10,0,2,4,1,1,
202100018510,168 545,A01,1,33,13,0,1,1,1,
202100018511,168 543,A01,2,7,0,2,8,11,1,
202100018511,168 544,B01,2,33,0,2,2,3,1,
202100018512,168 542,A01,1,33,16,0,7,2,1,
202100018513,168 541,A01,1,33,4,0,9,2,1,
202100018514,168 539,A01,1,7,0,2,5,1,1,
202100018514,168 540,B01,1,33,0,2,1,0,1,
202100018515,168 537,A01,1,17,0,2,1,2,1,
202100018515,168 538,B01,1,7,0,2,4,2,1,
202100018516,168 535,B01,1,7,0,2,4,2,1,
202100018516,168 536,A01,1,10,0,2,1,2,1,
202100018517,168 534,A01,0,7,0,1,7,9,1,
202100018518,168 531,A01,3,7,0,2,3,17,1,
202100018518,168 532,B01,1,7,0,2,3,1,1,
202100018518,168 533,C01,1,10,0,2,0,0,1,
202100018519,168 530,A01,1,7,0,1,1,9,1,
202100018520,168 528,A01,2,7,0,2,2,1,1,
202100018520,168 529,B01,2,7,0,0,6,20,1,
202100018521,168 526,B01,1,2,0,2,4,1,1,
202100018521,168 527,A01,1,7,0,9,1,1,1,
202100018522,168 524,B01,1,7,0,2,4,23,1,
202100018522,168 525,A01,1,32,0,2,1,26,1,
202100018523,168 522,B01,3,1,0,2,8,19,6,
202100018523,168 523,A01,3,7,0,2,1,19,1,
202100018524,168 521,A01,1,7,0,1,7,17,1,
202100018525,168 519,A01,2,7,0,9,1,15,1,
202100018525,168 520,B01,1,1,0,2,8,1,5,
202100018526,168 518,A01,0,7,0,1,2,1,1,
202100018527,168 515,A01,3,13,0,2,3,26,1,
202100018527,168 516,B01,3,13,0,2,3,0,1,
202100018528,168 514,A01,1,7,0,1,2,1,1,
202100018529,168 513,A01,1,7,6,5,1,21,1,
202100018530,168 511,A01,1,99,0,2,6,13,0,
202100018530,168 512,B01,1,31,0,2,2,1,0,
202100018531,168 509,A01,2,7,0,2,2,12,1,
202100018531,168 510,B01,2,30,0,2,4,1,1,
202100018532,168 507,M01,1,43,12,0,3,0,1,
202100018532,168 508,A01,1,7,12,0,2,12,1,
202100018533,168 506,A01,1,20,0,1,2,9,1,
202100018534,168 504,A01,2,7,0,2,1,18,2,
202100018534,168 505,B01,1,7,0,2,7,15,1,
202100018535,168 502,B01,2,3,0,2,3,10,1,
202100018535,168 503,A01,1,7,0,2,2,17,1,
202100018536,168 500,A01,1,7,0,2,2,1,1,
202100018536,168 501,B01,1,1,0,2,7,1,5,
202100018537,168 498,B01,1,2,0,2,4,15,1,
202100018537,168 499,A01,2,17,0,2,1,1,1,
202100018538,168 497,A01,3,7,0,1,2,1,1,
202100018539,168 495,B01,0,33,0,2,8,1,1,
202100018539,168 496,A01,0,7,0,2,0,1,1,
202100018540,168 493,A01,3,30,0,2,8,2,1,
202100018540,168 494,B01,3,7,0,2,5,1,1,
202100018541,168 492,A01,2,7,0,1,7,9,1,