Num_Acc,id_vehicule,num_veh,senc,catv,obs,obsm,choc,manv,motor,occutc
202100018542,168 490,A01,2,30,0,2,1,19,1,
202100018542,168 491,B01,1,10,0,2,2,15,1,
202100018543,168 488,A01,1,7,13,2,3,13,1,
202100018543,168 489,B01,2,7,13,2,3,1,1,
202100018544,168 486,A01,2,7,0,2,1,26,1,
202100018544,168 487,B01,1,7,0,2,1,26,1,
202100018545,168 485,A01,0,1,7,0,0,26,5,
202100018546,168 484,A01,2,40,0,1,0,26,3,
202100018547,168 481,C01,3,7,0,2,2,26,1,
202100018547,168 482,B01,3,7,0,2,7,16,1,
202100018547,168 483,A01,3,7,0,2,7,13,1,
202100018548,168 479,B01,2,1,0,2,6,1,5,
202100018548,168 480,A01,1,37,0,2,3,15,1,1.0
202100018549,168 478,A01,1,7,0,2,1,16,1,
202100018550,168 476,A01,1,33,0,2,5,16,1,
202100018550,168 477,B01,1,7,0,2,3,1,1,
202100018551,168 474,B01,1,7,0,2,3,1,1,
202100018551,168 475,A01,2,7,0,2,3,13,1,
202100018552,168 472,B01,3,7,0,2,3,1,1,
202100018552,168 473,A01,3,1,0,2,1,19,5,
202100018553,168 470,A01,3,7,0,2,1,2,1,
202100018553,168 471,B01,3,2,0,2,4,2,1,
202100018554,168 468,B01,2,7,1,2,1,1,1,
202100018554,168 469,A01,1,3,1,2,7,1,1,
202100018555,168 466,B01,2,7,0,2,4,15,1,
202100018555,168 467,A01,2,7,0,2,1,17,1,
202100018556,168 464,A01,1,30,0,2,3,21,1,
202100018556,168 465,Z01,2,7,0,9,0,0,0,
202100018557,168 463,A01,1,7,0,1,1,15,1,
202100018558,168 462,A01,1,7,0,1,1,1,1,
202100018559,168 460,B01,1,7,0,2,1,1,1,
202100018559,168 461,A01,1,10,0,2,8,1,1,
202100018560,168 457,C01,2,7,0,2,4,1,1,
202100018560,168 458,B01,2,7,0,2,4,1,1,
202100018560,168 459,A01,2,7,0,2,1,1,1,
202100018561,168 456,A01,1,7,13,0,2,15,1,
202100018562,168 455,A01,1,7,0,1,0,26,1,
202100018563,168 453,B01,1,7,0,1,4,1,1,
202100018563,168 454,A01,1,33,0,2,1,1,1,
202100018564,168 451,B01,1,50,0,2,7,0,3,
202100018564,168 452,A01,1,7,0,9,1,1,1,
202100018565,168 449,B01,1,31,0,2,8,1,1,
202100018565,168 450,A01,2,7,0,2,2,1,1,
202100018566,168 447,Z01,1,7,0,2,8,13,1,
202100018566,168 448,B01,2,33,0,2,8,1,1,
202100018567,168 446,A01,2,1,0,0,8,1,5,
202100018568,168 445,A01,1,7,0,1,3,0,1,
202100018569,168 443,B01,1,7,0,2,4,15,1,
202100018569,168 444,A01,1,10,2,2,1,1,1,
202100018570,168 441,A01,3,7,0,2,2,15,1,
202100018570,168 442,B01,3,7,0,2,8,1,1,
202100018571,168 439,A01,2,1,0,2,1,1,5,
202100018571,168 440,Z01,1,7,0,0,0,5,1,
202100018572,168 438,A01,3,7,13,0,3,13,1,
202100018573,168 436,A01,1,7,0,2,3,26,1,
202100018573,168 437,B01,1,7,0,2,7,26,1,
202100018574,168 434,B01,2,7,8,0,1,1,1,
202100018574,168 435,A01,2,7,8,0,3,14,1,
202100018575,168 432,A01,2,30,0,2,1,1,1,
202100018575,168 433,B01,1,7,0,2,1,1,1,
202100018576,168 430,A01,2,7,0,2,5,2,1,
202100018576,168 431,B01,2,1,0,2,8,2,5,
202100018577,168 427,C01,1,10,14,2,4,2,1,
202100018577,168 428,B01,1,10,0,2,4,2,1,
202100018577,168 429,A01,1,10,0,2,1,1,1,
202100018578,168 425,A01,1,7,0,2,3,15,1,
202100018578,168 426,B01,1,33,0,2,8,1,1,
202100018579,168 423,B01,3,32,0,2,1,1,1,
202100018579,168 424,A01,3,7,0,2,6,26,1,
202100018580,168 422,A01,1,37,0,1,2,1,1,1.0
202100018581,168 420,A01,0,10,0,2,0,0,0,
202100018581,168 421,B01,3,2,0,2,0,1,1,
202100018582,168 418,A01,1,7,0,2,1,9,1,
202100018582,168 419,B01,1,1,0,2,8,1,0,
202100018583,168 417,A01,3,1,0,0,0,1,5,
202100018584,168 416,A01,0,1,12,0,1,9,5,
202100018585,168 414,B01,0,7,0,2,0,0,1,
202100018585,168 415,A01,0,7,1,0,1,1,1,
202100018586,168 412,A01,0,7,0,2,8,13,1,
202100018586,168 413,B01,0,7,0,2,7,1,1,
202100018587,168 410,A01,-1,7,0,2,1,0,0,
202100018587,168 411,B01,-1,7,0,2,4,0,1,
202100018588,168 408,B01,0,7,0,2,3,15,1,
202100018588,168 409,A01,1,33,0,2,3,17,1,
202100018589,168 407,A01,1,7,0,1,1,2,1,
202100018590,168 406,A01,0,1,0,1,4,26,5,
202100018591,168 404,A01,0,7,0,2,2,15,1,
202100018591,168 405,B01,1,1,0,2,1,1,5,
202100018592,168 402,B01,0,33,0,2,1,1,1,
202100018592,168 403,A01,0,10,0,2,2,15,1,
202100018593,168 401,A01,2,7,9,0,3,13,1,
202100018594,168 398,A01,1,7,0,2,1,1,1,
202100018594,168 399,B01,1,7,0,2,4,1,1,
202100018594,168 400,C01,1,7,0,2,1,1,1,
202100018595,168 396,B01,0,7,0,2,8,1,1,
202100018595,168 397,A01,0,7,0,2,1,1,1,
202100018596,168 394,A01,2,7,0,2,1,13,1,
202100018596,168 395,B01,1,7,0,2,1,1,1,
202100018597,168 392,A01,1,33,0,2,3,1,1,
202100018597,168 393,B01,1,33,0,2,5,14,1,
202100018598,168 391,A01,2,2,0,1,1,1,1,
202100018599,168 390,A01,1,7,12,0,1,1,1,
202100018600,168 387,B01,2,33,7,2,1,1,1,
202100018600,168 388,A01,1,33,0,2,2,15,1,
202100018601,168 386,A01,2,10,0,1,3,1,1,
202100018602,168 384,B01,1,7,0,2,3,15,1,
202100018602,168 385,A01,1,34,0,2,7,17,1,
202100018603,168 383,A01,1,7,0,1,7,1,1,
202100018604,168 382,A01,1,1,0,0,0,1,5,
202100018605,168 381,A01,1,30,0,1,1,1,1,
202100018606,168 378,A01,1,7,0,2,1,2,1,
202100018606,168 379,B01,1,7,0,2,4,2,1,
202100018606,168 380,C01,1,7,0,2,4,2,1,
202100018607,168 376,B01,1,1,0,2,1,1,5,
202100018607,168 377,A01,1,10,0,2,2,16,1,
202100018608,168 373,A01,1,30,0,2,0,1,1,
202100018608,168 374,B01,1,7,0,2,4,2,1,
202100018608,168 375,C01,1,1,0,2,1,2,5,
202100018609,168 371,A01,1,7,0,2,7,15,1,
202100018609,168 372,B01,2,33,0,2,1,1,1,
202100018610,168 369,B01,1,7,0,2,4,23,1,
202100018610,168 370,A01,1,7,0,2,1,2,1,
202100018611,168 368,A01,1,33,0,1,1,1,1,
202100018612,168 367,Z01,1,50,0,1,1,1,3,
202100018613,168 365,A01,2,30,0,2,1,2,1,
202100018613,168 366,B01,2,7,0,2,4,23,1,
202100018614,168 364,A01,1,43,0,1,3,1,1,
202100018615,168 363,A01,2,50,0,0,1,7,3,
202100018616,168 361,A01,1,1,0,2,0,1,5,
202100018616,168 362,B01,2,1,0,2,0,13,5,
202100018617,168 359,B01,1,80,0,0,0,0,3,
202100018617,168 360,A01,1,7,0,2,3,24,1,
202100018618,168 358,A01,2,7,0,1,2,15,1,
202100018619,168 356,A01,1,7,14,9,5,15,1,
202100018619,168 357,B01,3,1,14,2,1,1,5,
202100018620,168 354,A01,0,37,0,2,1,1,1,1.0
202100018620,168 355,B01,0,7,0,2,1,9,1,
202100018621,168 352,A01,2,7,0,2,5,23,1,
202100018621,168 353,B01,1,33,0,2,5,2,1,
202100018622,168 350,A01,3,7,0,2,7,1,1,
202100018622,168 351,B01,3,1,0,2,8,13,5,
202100018623,168 349,A01,2,7,15,0,1,1,1,
202100018624,168 347,B01,1,33,0,0,0,0,0,
202100018624,168 348,A01,1,30,0,2,4,11,1,
202100018625,168 345,A01,3,2,0,2,7,17,1,
202100018625,168 346,B01,3,7,0,2,0,15,0,
202100018626,168 342,A01,0,7,0,2,6,2,2,
202100018626,168 343,B01,0,7,0,2,3,17,1,
202100018626,168 344,C01,3,7,0,2,3,1,1,
202100018627,168 340,A01,2,7,0,2,3,15,1,
202100018627,168 341,B01,2,34,0,2,2,1,1,
202100018628,168 338,A01,2,30,0,2,8,18,1,
202100018628,168 339,B01,2,17,0,2,2,1,1,
202100018629,168 336,A01,1,30,0,2,1,1,1,
202100018629,168 337,B01,2,10,0,2,3,15,1,
202100018630,168 334,B01,1,7,0,2,6,10,1,
202100018630,168 335,A01,1,7,0,2,3,1,1,
202100018631,168 333,A01,2,30,0,1,3,1,1,
202100018632,168 331,A01,3,1,0,2,2,13,5,
202100018632,168 332,B01,3,2,0,9,2,1,1,
202100018633,168 330,A01,1,32,16,0,1,1,1,
202100018634,168 329,A01,3,16,13,0,0,0,0,
202100018635,168 328,A01,3,7,13,0,2,1,1,
202100018636,168 327,A01,2,7,0,1,3,1,1,
202100018637,168 326,A01,0,7,2,0,1,17,1,
202100018638,168 324,B01,1,2,0,2,1,1,1,
202100018638,168 325,A01,3,7,0,2,3,9,1,
202100018639,168 322,B01,2,33,0,2,1,1,1,
202100018639,168 323,A01,1,7,0,2,5,11,1,
202100018640,168 319,A01,1,33,0,0,0,14,1,
202100018641,168 317,A01,1,7,0,9,1,2,1,
202100018641,168 318,B01,1,1,0,0,4,2,5,
202100018642,168 316,A01,1,33,8,0,7,1,1,
202100018643,168 315,A01,1,7,0,0,0,13,1,
202100018644,168 314,A01,3,7,0,0,0,1,1,
202100018645,168 312,B01,1,7,0,2,4,16,1,
202100018645,168 313,A01,1,1,0,2,1,2,5,
202100018646,168 309,B01,1,1,0,2,8,13,5,
202100018646,168 310,A01,1,7,0,9,1,1,1,
202100018647,168 307,A01,1,7,0,2,6,1,1,
202100018647,168 308,B01,1,7,0,2,2,1,1,
202100018648,168 305,B01,3,7,0,0,0,19,1,
202100018648,168 306,A01,1,33,0,0,0,1,1,
202100018649,168 304,A01,1,2,1,0,1,1,1,
202100018650,168 303,A01,1,7,2,0,1,1,1,
202100018651,168 302,A01,1,2,6,0,1,1,1,
202100018652,168 301,A01,2,7,13,0,1,1,1,
202100018653,168 296,B01,2,7,0,2,8,13,1,
202100018653,168 297,A01,1,7,0,2,7,1,1,
202100018654,168 295,A01,1,7,0,0,0,1,1,
202100018655,168 294,A01,1,1,0,0,0,1,5,
202100018656,168 292,B01,1,99,0,2,1,0,3,
202100018656,168 293,A01,2,2,0,2,0,0,1,
202100018657,168 291,A01,3,7,2,0,0,14,1,
202100018658,168 289,A01,1,7,0,2,1,13,2,
202100018658,168 290,B01,2,33,0,2,8,1,1,
202100018659,168 287,A01,1,7,0,2,3,15,1,
202100018659,168 288,B01,2,7,0,2,3,1,1,
202100018660,168 285,B01,2,2,0,2,1,1,1,
202100018660,168 286,A01,1,7,0,2,2,15,1,
202100018661,168 283,A01,2,7,0,2,4,23,1,
202100018661,168 284,B01,2,15,0,2,1,1,1,
202100018662,168 280,C01,1,7,0,2,1,21,1,
202100018662,168 281,B01,1,10,3,2,6,24,1,
202100018662,168 282,A01,1,14,1,0,1,1,1,
202100018663,168 279,A01,3,50,0,0,0,0,3,
202100018664,168 278,A01,2,7,15,0,1,14,1,
202100018665,168 275,B01,2,7,0,2,7,1,1,
202100018665,168 276,C01,2,15,0,2,1,1,1,
202100018665,168 277,A01,2,7,0,2,8,13,1,
202100018666,168 273,A01,2,33,0,2,8,17,1,
202100018666,168 274,B01,1,33,0,2,8,1,1,
202100018667,168 271,B01,3,7,4,0,6,2,1,
202100018667,168 272,A01,3,7,0,2,1,2,1,
202100018668,168 269,B01,3,7,0,2,1,1,1,
202100018668,168 270,A01,3,7,0,2,2,5,1,
202100018669,168 268,A01,2,7,13,0,2,1,1,
202100018670,168 267,A01,2,7,0,1,1,1,1,
202100018671,168 266,A01,2,7,8,0,1,0,1,
202100018672,168 264,A01,1,7,0,2,6,15,1,
202100018672,168 265,B01,1,2,0,2,1,17,1,
202100018673,168 263,A01,1,2,0,1,1,17,1,
202100018674,168 261,B01,2,32,0,2,1,6,1,
202100018674,168 262,A01,1,34,0,2,1,6,1,
202100018675,168 259,A01,2,7,0,2,8,10,1,
202100018675,168 260,B01,2,33,0,2,1,11,1,
202100018676,168 258,A01,1,33,6,0,8,17,1,
202100018677,168 256,B01,1,7,13,0,8,1,1,
202100018677,168 257,A01,1,7,0,2,1,19,1,
202100018678,168 255,A01,2,7,0,1,2,21,1,
202100018679,168 254,A01,1,7,0,0,2,1,1,
202100018680,168 252,A01,2,7,0,2,1,2,1,
202100018680,168 253,B01,1,7,0,2,8,9,0,
202100018681,168 250,B01,1,1,0,9,4,26,6,
202100018681,168 251,A01,1,1,0,2,1,2,6,
202100018682,168 248,A01,2,7,7,2,3,19,1,
202100018682,168 249,B01,1,7,7,2,1,1,1,
202100018683,168 246,B01,2,7,0,2,2,15,1,
202100018683,168 247,A01,1,2,0,2,8,1,1,
202100018684,168 245,A01,1,7,2,0,1,1,1,
202100018685,168 243,B01,1,1,0,2,8,19,5,
202100018685,168 244,A01,1,7,0,2,3,16,1,
202100018686,168 242,A01,3,7,16,9,0,26,1,
202100018687,168 241,A01,3,21,2,0,2,1,1,
202100018688,168 239,B01,1,17,0,2,1,1,1,
202100018688,168 240,A01,2,7,0,2,1,17,1,
202100018689,168 237,B01,1,7,0,0,1,1,1,
202100018689,168 238,A01,1,10,0,2,7,19,1,
202100018690,168 236,B01,1,7,0,1,1,1,1,
202100018691,168 234,B01,3,7,0,2,8,15,1,
202100018691,168 235,A01,3,15,0,2,1,1,1,
202100018692,168 233,A01,1,7,4,0,3,1,1,
202100018693,168 231,A01,2,7,0,0,5,1,1,
202100018693,168 232,B01,0,7,0,2,3,2,1,
202100018694,168 228,C01,1,7,0,2,1,2,1,
202100018694,168 229,B01,1,7,0,2,4,2,1,
202100018694,168 230,A01,1,10,0,2,4,2,1,
202100018695,168 227,A01,2,7,13,0,0,1,1,
202100018696,168 225,B01,1,33,0,2,1,12,1,
202100018696,168 226,A01,1,7,0,2,5,1,1,
202100018697,168 223,B01,2,7,0,2,2,1,1,
202100018697,168 224,Z01,1,14,0,2,6,19,0,
202100018698,168 221,A01,1,7,0,2,6,1,2,
202100018698,168 222,B01,1,43,0,2,1,2,1,
202100018699,168 218,C01,2,7,0,2,4,2,1,
202100018699,168 219,A01,1,7,0,2,0,0,1,
202100018699,168 220,B01,2,7,0,2,4,0,0,
202100018700,168 216,A01,2,32,0,2,1,13,1,
202100018700,168 217,B01,2,7,0,2,7,1,1,
202100018701,168 213,A01,2,17,0,2,3,13,1,
202100018701,168 214,B01,2,7,0,2,5,1,1,
202100018701,168 215,C01,2,7,0,2,6,1,1,
202100018702,168 211,B01,2,7,0,2,6,2,1,
202100018702,168 212,A01,2,43,0,2,2,3,1,
202100018703,168 209,B01,1,7,0,2,4,2,1,
202100018703,168 210,A01,1,10,0,2,1,2,1,
202100018704,168 207,B01,1,34,0,2,5,1,1,
202100018704,168 208,A01,1,7,0,2,3,13,1,
202100018705,168 206,A01,1,7,4,0,1,2,1,
202100018706,168 204,B01,1,7,0,2,6,2,0,
202100018706,168 205,A01,1,7,0,2,2,2,0,
202100018707,168 202,B01,2,33,0,2,1,1,0,
202100018707,168 203,A01,2,10,0,2,5,12,0,
202100018708,168 200,B01,1,31,0,2,7,0,1,
202100018708,168 201,A01,2,33,0,2,8,0,1,
202100018709,168 198,B01,2,31,0,2,1,3,1,
202100018709,168 199,A01,2,7,0,2,5,1,1,
202100018710,168 195,A01,2,10,0,2,5,1,1,
202100018710,168 196,B01,2,7,0,2,4,2,1,
202100018710,168 197,C01,2,7,0,2,1,2,1,
202100018711,168 193,A01,2,7,0,2,4,1,1,
202100018711,168 194,B01,2,7,0,2,1,1,1,
202100018712,168 191,A01,2,7,0,2,7,23,1,
202100018712,168 192,B01,2,7,1,2,3,11,1,
202100018713,168 189,A01,2,7,0,2,1,1,1,
202100018713,168 190,B01,2,7,0,2,4,1,1,
202100018714,168 187,A01,2,7,0,2,5,11,1,
202100018714,168 188,B01,2,32,0,2,1,1,1,
202100018715,168 186,A01,1,7,3,0,0,0,0,
202100018716,168 183,C01,2,15,0,2,1,0,0,
202100018716,168 184,B01,2,17,0,2,4,0,0,
202100018716,168 185,A01,2,7,0,2,4,0,1,
202100018717,168 181,A01,2,7,0,2,5,12,1,
202100018717,168 182,B01,2,33,0,2,1,3,1,
202100018718,168 179,A01,3,7,0,2,3,1,1,
202100018718,168 180,B01,3,1,0,2,8,19,5,
202100018719,168 178,A01,3,10,1,1,6,26,0,
202100018720,168 177,A01,3,7,0,1,1,1,1,
202100018721,168 174,A01,3,33,0,2,9,17,1,
202100018721,168 175,Z01,3,7,0,2,0,0,0,
202100018721,168 176,B01,3,7,0,2,6,1,1,
202100018722,168 172,A01,1,10,1,2,1,0,1,
202100018722,168 173,B01,1,10,1,2,4,24,1,
202100018723,168 171,A01,3,7,0,1,1,1,1,
202100018724,168 169,A01,3,30,0,2,1,11,1,
202100018724,168 170,B01,3,7,0,2,8,10,1,
202100018725,168 168,A01,1,7,0,1,1,1,1,
202100018726,168 166,A01,3,7,0,2,7,1,1,
202100018726,168 167,B01,3,10,0,2,1,1,1,
202100018727,168 165,A01,1,30,0,1,1,1,1,
202100018728,168 163,B01,1,32,0,2,6,1,1,
202100018728,168 164,A01,1,10,0,2,7,14,1,
202100018729,168 161,A01,0,1,0,2,3,26,5,
202100018729,168 162,B01,3,37,0,9,0,0,1,4.0
202100018730,168 159,B01,1,37,0,2,3,1,0,3.0
202100018730,168 160,A01,2,7,0,2,3,13,3,
202100018731,168 157,A01,1,7,0,2,2,16,1,
202100018731,168 158,B01,1,99,0,2,1,1,3,
202100018732,168 155,A01,1,15,0,2,2,16,1,
202100018732,168 156,B01,1,80,0,2,8,0,3,
202100018733,168 153,A01,1,7,0,2,2,19,1,
202100018733,168 154,B01,1,32,0,2,1,21,1,
202100018734,168 151,B01,3,7,0,2,3,2,1,
202100018734,168 152,A01,3,7,9,2,6,1,1,
202100018735,168 150,A01,1,7,1,0,2,13,1,
202100018736,168 148,B01,1,1,0,2,8,1,0,
202100018736,168 149,A01,1,7,0,2,2,16,1,
202100018737,168 147,A01,3,7,0,1,1,26,3,
202100018738,168 145,A01,2,1,0,2,3,19,5,
202100018738,168 146,B01,1,7,0,0,0,0,1,
202100018739,168 143,A01,1,33,0,2,2,16,1,
202100018739,168 144,B01,1,7,0,2,3,1,1,
202100018740,168 142,A01,2,7,2,0,1,14,1,
202100018741,168 140,A01,1,30,0,2,2,13,1,
202100018741,168 141,B01,2,7,0,2,3,1,1,
202100018742,168 139,Z01,0,50,0,1,1,1,3,
202100018743,168 138,A01,2,7,7,0,2,14,1,
202100018744,168 136,A01,-1,7,0,2,2,14,1,
202100018744,168 137,B01,-1,7,0,2,6,1,1,
202100018745,168 134,B01,3,1,0,2,8,1,5,
202100018745,168 135,A01,3,7,0,2,2,16,1,
202100018746,168 133,A01,1,33,0,0,7,1,1,
202100018747,168 131,B01,1,7,0,2,3,15,1,
202100018747,168 132,A01,1,7,0,2,2,1,1,
202100018748,168 129,A01,2,32,0,2,1,17,1,
202100018748,168 130,B01,2,7,0,2,8,15,1,
202100018749,168 127,A01,1,7,0,9,3,9,2,
202100018749,168 128,B01,2,1,0,2,7,1,5,
202100018750,168 126,A01,1,7,8,0,1,13,1,
202100018751,168 124,B01,3,7,0,2,1,1,1,
202100018751,168 125,A01,3,1,0,2,1,26,0,
202100018752,168 122,A01,1,7,0,2,2,16,1,
202100018752,168 123,B01,1,50,0,2,3,18,3,
202100018753,168 121,A01,1,30,14,0,1,1,1,
202100018754,168 119,A01,2,30,0,2,7,15,1,
202100018754,168 120,B01,1,7,0,2,1,1,1,
202100018755,168 117,B01,2,7,0,2,1,1,1,
202100018755,168 118,A01,1,10,0,2,1,13,1,
202100018756,168 115,A01,3,2,0,0,0,1,0,
202100018756,168 116,B01,0,7,0,2,3,0,0,
202100018757,168 113,A01,1,33,0,2,1,1,1,
202100018757,168 114,B01,1,7,0,2,4,23,1,
202100018758,168 111,B01,1,2,0,2,1,13,1,
202100018758,168 112,A01,2,7,0,2,1,1,1,
202100018759,168 109,A01,3,7,0,2,3,9,1,
202100018759,168 110,B01,3,80,0,2,7,1,3,
202100018760,168 107,A01,1,7,0,2,3,26,1,
202100018760,168 108,B01,1,33,0,2,1,26,1,
202100018761,168 105,B01,3,1,0,2,8,1,0,
202100018761,168 106,A01,1,7,0,2,3,15,1,
202100018762,168 103,A01,0,33,0,2,1,26,1,
202100018762,168 104,B01,0,7,0,2,3,0,1,
202100018763,168 102,A01,1,32,0,0,0,0,1,
202100018764,168 100,A01,3,7,0,0,0,0,1,
202100018764,168 101,B01,3,1,0,2,7,19,5,
202100018765,168 098,A01,3,7,0,2,1,1,1,
202100018765,168 099,B01,3,7,0,2,5,1,1,
202100018766,168 097,A01,3,1,6,0,0,1,5,
202100018767,168 096,A01,2,1,0,1,1,14,5,
202100018768,168 094,A01,0,7,0,2,1,2,1,
202100018768,168 095,B01,0,7,0,2,4,2,1,
202100018769,168 092,B01,1,15,0,2,6,1,1,
202100018769,168 093,A01,1,34,0,2,1,1,1,
202100018770,168 090,B01,1,7,0,2,4,23,1,
202100018770,168 091,A01,1,7,0,2,1,2,1,
202100018771,168 087,B01,2,33,0,2,7,1,1,
202100018771,168 088,A01,3,7,0,2,3,9,1,
202100018772,168 086,A01,1,7,1,2,1,1,1,
202100018773,168 084,A01,2,32,0,2,1,18,1,
202100018773,168 085,B01,2,7,0,2,5,23,1,
202100018774,168 083,A01,2,33,14,0,8,1,1,
202100018775,168 081,A01,1,7,0,2,3,15,1,
202100018775,168 082,B01,1,32,0,2,1,1,1,
202100018776,168 079,A01,1,7,0,2,2,26,1,
202100018776,168 080,B01,1,1,0,2,2,26,0,
202100018777,168 077,A01,3,7,0,0,3,1,1,
202100018778,168 074,A01,1,7,2,0,9,14,1,
202100018779,168 073,A01,2,7,2,0,1,21,1,
202100018780,168 071,A01,2,7,0,2,3,9,1,
202100018780,168 072,B01,1,1,0,2,1,1,5,
202100018781,168 069,A01,3,31,0,2,6,13,1,
202100018781,168 070,B01,3,7,0,2,6,1,1,
202100018782,168 068,A01,2,7,0,1,1,2,1,
202100018783,168 067,A01,2,7,11,0,1,1,1,
202100018784,168 065,B01,1,7,0,2,7,1,1,
202100018784,168 066,A01,1,7,0,2,1,9,1,
202100018785,168 064,A01,0,37,0,1,1,9,1,1.0
202100018786,168 062,B01,3,7,0,2,7,1,1,
202100018786,168 063,A01,3,30,0,2,1,19,1,
202100018787,168 059,B01,1,7,14,2,3,1,1,
202100018787,168 060,C01,1,7,14,2,1,2,1,
202100018787,168 061,A01,2,7,14,2,1,13,1,
202100018788,168 058,A01,3,7,0,9,2,16,1,
202100018789,168 056,B01,1,7,0,2,1,1,1,
202100018789,168 057,A01,2,7,0,2,1,1,1,
202100018790,168 054,B01,2,2,0,2,1,1,1,
202100018790,168 055,A01,1,7,0,2,3,15,1,
202100018791,168 052,A01,2,7,0,2,5,12,1,
202100018791,168 053,B01,2,33,0,2,8,3,1,
202100018792,168 050,B01,1,7,0,2,6,2,1,
202100018792,168 051,A01,1,34,0,2,1,2,1,
202100018793,168 049,A01,1,33,0,1,8,1,1,
202100018794,168 047,A01,1,10,0,2,1,1,1,
202100018794,168 048,B01,1,32,0,2,8,1,1,
202100018795,168 045,A01,2,7,0,2,7,16,1,
202100018795,168 046,B01,2,43,0,2,3,18,1,
202100018796,168 044,A01,0,7,0,1,1,15,1,
202100018797,168 043,A01,1,50,0,1,1,1,3,
202100018798,168 042,A01,1,7,0,1,1,1,1,
202100018799,168 041,A01,2,7,0,1,7,1,1,
202100018800,168 040,A01,2,7,0,1,1,1,1,
202100018801,168 037,B01,1,7,0,2,1,1,1,
202100018801,168 038,A01,2,30,0,2,1,13,1,
202100018802,168 035,A01,2,30,0,2,6,7,1,
202100018802,168 036,Z01,2,7,0,2,3,16,1,
202100018803,168 034,A01,2,30,0,0,0,7,3,
202100018804,168 032,A01,2,1,0,2,8,15,5,
202100018804,168 033,B01,2,33,0,2,1,1,1,
202100018805,168 030,B01,1,30,0,2,0,1,1,
202100018805,168 031,A01,1,7,0,2,0,1,2,
202100018806,168 028,B01,1,7,0,2,4,2,1,
202100018806,168 029,A01,1,32,0,2,1,2,1,
202100018807,168 026,B01,2,7,0,2,2,15,1,
202100018807,168 027,A01,1,43,0,2,2,1,1,
202100018808,168 024,A01,2,7,0,2,3,20,1,
202100018808,168 025,B01,2,33,0,2,8,15,1,
202100018809,168 022,A01,2,7,0,2,2,2,1,
202100018809,168 023,B01,1,7,0,2,1,2,1,
202100018810,168 020,B01,2,7,0,2,4,23,1,
202100018810,168 021,A01,2,1,0,2,1,1,5,
202100018811,168 019,A01,2,32,0,0,7,2,1,
202100018812,168 017,A01,1,7,0,2,3,9,1,
202100018812,168 018,B01,1,7,0,0,1,1,1,
202100018813,168 016,A01,1,7,8,0,1,1,1,
202100018814,168 014,B01,3,30,0,2,1,1,0,
202100018814,168 015,A01,3,7,0,2,4,1,1,
202100018815,168 012,A01,1,7,0,2,7,16,0,
202100018815,168 013,B01,1,34,0,2,1,7,1,
202100018816,168 010,A01,1,7,0,2,5,16,1,
202100018816,168 011,B01,1,2,0,2,1,1,1,
202100018817,168 008,B01,2,2,0,2,1,1,1,
202100018817,168 009,A01,2,43,0,2,7,1,1,
202100018818,168 007,A01,1,7,8,0,9,1,1,
202100018819,168 004,C01,1,7,0,9,4,0,0,
202100018819,168 005,B01,1,7,0,2,4,2,0,
202100018819,168 006,A01,1,14,0,2,1,2,0,
202100018820,168 003,A01,3,7,0,1,1,9,1,
202100018821,168 002,A01,1,7,4,0,1,26,1,
202100018822,168 000,A01,3,10,0,2,1,2,0,
202100018822,168 001,B01,3,7,0,2,4,15,1,
202100018823,167 999,A01,2,32,0,1,1,17,1,
202100018824,167 997,B01,1,2,0,2,3,1,1,
202100018824,167 998,A01,1,7,0,2,2,16,1,
202100018825,167 995,B01,1,31,0,2,3,7,1,
202100018825,167 996,Z01,1,7,0,2,5,16,1,
202100018826,167 993,B01,3,30,0,2,3,1,1,
202100018826,167 994,A01,3,7,0,2,5,1,1,
202100018827,167 992,A01,1,30,0,1,1,1,1,
202100018828,167 991,A01,1,30,0,1,1,1,1,
202100018829,167 990,B01,1,1,1,0,1,1,5,
202100018830,167 988,A01,1,10,0,2,1,2,1,
202100018830,167 989,B01,1,7,0,2,4,1,1,
202100018831,167 986,A01,1,3,0,2,1,13,1,
202100018831,167 987,B01,2,7,0,2,3,1,2,
202100018832,167 984,B01,1,7,8,2,3,1,2,
202100018832,167 985,A01,2,7,0,2,3,13,1,
202100018833,167 982,A01,1,7,0,2,1,1,1,
202100018833,167 983,B01,1,7,0,0,6,1,1,
202100018834,167 981,A01,2,7,13,0,2,1,1,
202100018835,167 979,A01,0,7,0,9,8,1,1,
202100018835,167 980,B01,0,80,0,2,8,5,3,
202100018836,167 977,B01,1,21,0,2,2,1,1,
202100018836,167 978,A01,2,7,0,0,1,1,1,
202100018837,167 976,A01,1,21,0,0,0,15,1,
202100018838,167 974,A01,1,33,8,2,0,1,1,
202100018838,167 975,B01,1,7,0,2,2,15,1,
202100018839,167 970,B01,2,7,0,2,1,2,1,
202100018839,167 971,A01,3,10,15,2,7,9,1,
202100018840,167 969,A01,1,1,0,5,1,1,5,
202100018841,167 968,A01,2,10,0,0,0,21,1,
202100018842,167 966,B01,1,13,0,2,1,21,1,
202100018842,167 967,A01,2,7,0,2,1,13,1,
202100018843,167 964,B01,0,1,0,2,1,1,5,
202100018843,167 965,A01,0,7,0,9,3,15,1,