Num_Acc,id_vehicule,num_veh,senc,catv,obs,obsm,choc,manv,motor,occutc
202100018844,167 962,B01,0,1,0,2,1,15,5,
202100018844,167 963,A01,0,10,0,9,3,1,1,
202100018845,167 960,A01,3,7,0,2,3,9,1,
202100018845,167 961,B01,3,33,0,2,1,1,1,
202100018846,167 957,A01,1,7,0,2,1,5,1,
202100018846,167 958,B01,2,10,0,2,1,2,1,
202100018846,167 959,C01,1,7,0,2,1,2,1,
202100018847,167 955,B01,3,7,0,2,2,1,1,
202100018847,167 956,A01,1,7,0,2,3,16,1,
202100018848,167 953,B01,1,13,0,2,1,1,1,
202100018848,167 954,A01,2,7,3,2,1,5,1,
202100018849,167 952,A01,2,33,0,0,0,1,1,
202100018850,167 950,B01,2,33,0,2,1,1,1,
202100018850,167 951,A01,1,7,0,2,3,15,2,
202100018851,167 949,A01,1,7,0,1,2,1,0,
202100018852,167 948,A01,2,7,13,0,2,14,1,
202100018853,167 947,A01,0,7,16,0,9,1,1,
202100018854,167 945,A01,1,7,0,0,5,15,1,
202100018854,167 946,B01,1,33,0,2,3,21,1,
202100018855,167 944,A01,2,7,4,0,8,1,1,
202100018856,167 943,A01,3,33,10,0,0,1,1,
202100018857,167 942,A01,2,33,8,0,1,1,1,
202100018858,167 940,B01,0,17,0,2,1,1,1,
202100018858,167 941,A01,0,7,0,2,2,19,1,
202100018859,167 938,B01,1,7,0,2,1,1,1,
202100018859,167 939,A01,1,7,0,0,8,9,1,
202100018860,167 936,B01,1,7,0,2,3,21,1,
202100018860,167 937,A01,2,7,0,2,3,17,1,
202100018861,167 935,A01,2,17,0,0,8,1,1,
202100018862,167 933,A01,1,7,0,2,8,20,1,
202100018862,167 934,B01,1,1,0,2,7,17,5,
202100018863,167 931,B01,1,7,0,2,4,2,2,
202100018863,167 932,A01,1,10,0,2,1,2,1,
202100018864,167 929,A01,1,31,0,2,3,15,1,
202100018864,167 930,B01,1,7,0,2,2,1,1,
202100018865,167 927,A01,2,33,0,2,1,1,1,
202100018865,167 928,B01,1,38,0,2,5,15,1,1.0
202100018866,167 925,B01,2,7,0,2,1,1,1,
202100018866,167 926,A01,2,7,0,2,1,15,1,
202100018867,167 923,A01,1,15,0,0,4,2,1,
202100018867,167 924,B01,1,7,0,2,1,2,1,
202100018868,167 921,A01,1,7,0,2,1,2,1,
202100018868,167 922,B01,1,7,0,2,4,2,1,
202100018869,167 919,B01,1,33,0,2,1,1,1,
202100018869,167 920,A01,2,7,0,2,2,15,1,
202100018870,167 918,A01,3,36,0,0,0,14,1,
202100018871,167 916,B01,1,1,13,0,0,2,5,
202100018871,167 917,A01,1,7,0,0,0,2,1,
202100018872,167 915,A01,2,2,1,0,2,2,1,
202100018873,167 913,A01,1,7,0,2,7,1,1,
202100018873,167 914,B01,2,10,0,2,3,15,1,
202100018874,167 911,A01,0,50,0,2,1,5,3,
202100018874,167 912,B01,0,7,0,9,1,1,1,
202100018875,167 910,A01,2,7,2,0,0,0,1,
202100018876,167 908,A01,1,7,0,2,3,1,0,
202100018876,167 909,B01,2,1,0,2,2,1,5,
202100018877,167 907,A01,0,2,0,0,0,0,1,
202100018878,167 905,B01,2,7,0,2,6,15,1,
202100018878,167 906,A01,2,33,0,2,1,17,1,
202100018879,167 904,A01,1,7,3,0,1,1,1,
202100018880,167 902,B01,2,1,0,2,1,1,5,
202100018880,167 903,A01,2,7,0,2,2,15,1,
202100018881,167 900,A01,2,7,0,2,7,14,1,
202100018881,167 901,B01,2,7,0,2,8,1,1,
202100018882,167 895,C01,2,7,0,2,4,1,1,
202100018882,167 896,D01,2,7,0,2,4,1,1,
202100018882,167 897,E01,2,7,0,2,1,1,1,
202100018882,167 898,B01,2,7,0,2,4,1,1,
202100018882,167 899,A01,2,7,0,2,4,1,1,
202100018883,167 893,B01,2,7,0,2,1,2,1,
202100018883,167 894,A01,2,7,0,2,4,1,2,
202100018884,167 891,A01,2,7,3,2,4,12,1,
202100018884,167 892,B01,2,33,3,2,1,3,1,
202100018885,167 889,B01,1,33,0,2,2,3,1,
202100018885,167 890,A01,1,7,0,2,7,12,1,
202100018886,167 887,A01,1,43,0,2,8,3,1,
202100018886,167 888,B01,1,7,0,2,2,14,1,
202100018887,167 886,A01,1,17,0,1,1,2,1,
202100018888,167 885,A01,2,17,0,1,1,2,1,
202100018889,167 883,B01,2,15,0,2,7,1,1,
202100018889,167 884,A01,2,10,0,2,1,13,1,
202100018890,167 880,B01,2,10,0,2,5,2,1,
202100018890,167 881,C01,2,7,0,2,6,2,1,
202100018890,167 882,A01,2,7,0,2,3,2,1,
202100018891,167 878,B01,1,10,0,2,4,2,1,
202100018891,167 879,A01,1,43,0,2,1,2,1,
202100018892,167 877,A01,1,50,0,0,7,1,3,
202100018893,167 874,A01,1,7,0,2,0,0,1,
202100018893,167 875,B01,1,7,0,2,4,2,1,
202100018893,167 876,C01,1,7,0,2,4,0,1,
202100018894,167 872,B01,2,7,0,2,4,2,1,
202100018894,167 873,A01,2,37,0,2,1,2,1,1.0
202100018895,167 869,C01,2,7,0,2,4,1,1,
202100018895,167 870,B01,2,32,0,2,3,3,1,
202100018895,167 871,A01,2,7,0,2,2,1,1,
202100018896,167 868,A01,1,7,3,0,1,1,1,
202100018897,167 867,A01,1,7,2,0,3,13,1,
202100018898,167 866,A01,3,7,0,1,1,1,1,
202100018899,167 865,A01,1,7,0,1,2,26,1,
202100018900,167 864,A01,0,7,0,1,3,2,1,
202100018901,167 863,A01,1,7,0,1,7,1,1,
202100018902,167 862,A01,2,7,0,1,1,1,1,
202100018903,167 854,B01,3,7,0,2,1,1,1,
202100018903,167 855,A01,3,1,0,2,7,1,5,
202100018904,167 852,A01,3,30,0,2,2,26,1,
202100018904,167 853,B01,0,7,0,0,0,0,1,
202100018905,167 851,A01,1,7,0,1,1,1,1,
202100018906,167 850,A01,3,7,0,1,2,15,1,
202100018907,167 848,B01,2,7,0,2,2,16,1,
202100018907,167 849,A01,2,99,0,2,3,18,3,
202100018908,167 846,B01,2,7,0,2,6,0,1,
202100018908,167 847,A01,1,33,1,0,1,0,1,
202100018909,167 843,C01,2,10,0,2,3,2,1,
202100018909,167 844,A01,2,7,0,1,6,1,1,
202100018909,167 845,B01,2,7,0,2,2,2,1,
202100018910,167 842,A01,1,33,12,0,0,13,1,
202100018911,167 841,A01,1,33,0,0,0,1,1,
202100018912,167 840,A01,3,7,0,1,2,1,1,
202100018913,167 838,A01,3,33,0,2,1,1,1,
202100018913,167 839,B01,3,7,0,2,8,1,1,
202100018914,167 836,B01,3,7,0,0,6,1,1,
202100018914,167 837,A01,3,7,0,2,3,18,1,
202100018915,167 834,A01,1,7,0,9,8,26,1,
202100018915,167 835,B01,1,50,0,2,1,9,3,
202100018916,167 832,A01,2,2,0,2,1,0,1,
202100018916,167 833,B01,2,7,0,2,3,0,1,
202100018917,167 831,A01,3,30,13,0,0,14,1,
202100018918,167 829,A01,1,7,0,2,2,17,1,
202100018918,167 830,B01,1,7,0,2,3,15,1,
202100018919,167 827,A01,1,33,0,2,1,2,1,
202100018919,167 828,B01,1,33,0,2,4,2,1,
202100018920,167 823,A01,0,7,0,2,1,9,1,
202100018920,167 824,B01,0,33,0,2,2,1,1,
202100018921,167 821,B01,1,32,0,2,1,1,1,
202100018921,167 822,A01,1,7,0,2,7,20,1,
202100018922,167 820,A01,1,7,1,0,7,14,1,
202100018923,167 818,B01,0,31,0,2,1,1,1,
202100018923,167 819,A01,0,7,0,2,2,20,1,
202100018924,167 817,A01,1,7,0,1,4,20,1,
202100018925,167 815,B01,1,50,0,2,7,1,3,
202100018925,167 816,A01,2,7,0,2,1,19,1,
202100018926,167 814,A01,2,7,0,1,1,1,1,
202100018927,167 812,A01,1,7,0,2,3,1,1,
202100018927,167 813,B01,1,1,0,2,7,19,5,
202100018928,167 810,A01,1,7,0,2,1,1,1,
202100018928,167 811,B01,2,1,0,2,2,1,5,
202100018929,167 808,A01,1,1,0,2,1,1,5,
202100018929,167 809,B01,2,7,0,2,2,26,3,
202100018930,167 806,B01,2,1,0,2,0,19,5,
202100018930,167 807,A01,1,31,0,2,1,13,1,
202100018931,167 804,B01,2,31,0,2,1,15,1,
202100018931,167 805,A01,1,1,0,2,1,1,5,
202100018932,167 802,A01,1,7,0,2,7,1,1,
202100018932,167 803,B01,2,7,0,2,1,1,1,
202100018933,167 800,A01,2,33,0,2,1,1,1,
202100018933,167 801,B01,2,33,0,2,0,15,1,
202100018934,167 799,A01,3,7,0,1,1,1,1,
202100018935,167 798,A01,1,7,0,1,1,1,1,
202100018936,167 796,B01,1,2,0,2,1,1,1,
202100018936,167 797,A01,2,7,0,2,5,15,1,
202100018937,167 794,B01,2,1,0,2,4,2,5,
202100018937,167 795,A01,1,7,0,2,1,15,1,
202100018938,167 792,A01,1,14,0,2,1,9,1,
202100018938,167 793,B01,1,1,0,2,8,18,5,
202100018939,167 790,A01,2,7,0,2,1,2,1,
202100018939,167 791,B01,1,1,0,2,8,19,5,
202100018940,167 789,A01,1,7,0,1,1,16,1,
202100018941,167 787,B01,2,7,0,2,1,19,1,
202100018941,167 788,A01,2,7,0,2,7,1,1,
202100018942,167 785,A01,1,7,0,2,1,15,1,
202100018942,167 786,B01,1,1,0,2,1,9,5,
202100018943,167 784,A01,1,7,0,1,3,21,1,
202100018944,167 782,B01,3,7,0,2,3,1,1,
202100018944,167 783,A01,3,30,0,2,1,19,1,
202100018945,167 780,B01,1,1,8,2,3,1,5,
202100018945,167 781,A01,2,10,0,2,3,9,1,
202100018946,167 777,A01,1,7,1,0,1,14,1,
202100018947,167 775,B01,1,2,0,2,8,1,1,
202100018947,167 776,A01,1,7,0,9,2,15,1,
202100018948,167 774,A01,1,7,6,0,1,7,1,
202100018949,167 773,A01,1,7,0,1,2,2,1,
202100018950,167 771,B01,1,80,0,0,0,26,3,
202100018950,167 772,A01,1,7,0,0,0,26,1,
202100018951,167 769,B01,1,31,0,2,1,1,1,
202100018951,167 770,A01,1,7,0,2,5,15,1,
202100018952,167 766,C01,2,32,0,2,3,1,1,
202100018952,167 767,A01,2,7,0,2,3,15,1,
202100018952,167 768,B01,2,7,0,9,3,1,1,
202100018953,167 765,A01,3,33,4,0,3,13,1,
202100018954,167 763,A01,3,50,0,2,8,1,3,
202100018954,167 764,B01,1,7,0,2,1,1,1,
202100018955,167 761,B01,3,1,0,2,1,1,5,
202100018955,167 762,A01,0,7,0,2,7,15,1,
202100018956,167 758,A01,3,7,0,9,1,1,1,
202100018956,167 759,C01,3,7,0,2,7,23,1,
202100018956,167 760,B01,3,1,0,2,4,2,5,
202100018957,167 756,A01,2,7,0,2,8,14,1,
202100018957,167 757,B01,2,7,0,2,3,1,1,
202100018958,167 754,A01,3,7,0,2,2,24,1,
202100018958,167 755,B01,3,7,1,2,3,16,1,
202100018959,167 752,B01,2,7,0,2,3,1,1,
202100018959,167 753,A01,1,7,0,2,3,13,1,
202100018960,167 750,B01,0,7,0,2,1,15,1,
202100018960,167 751,A01,0,1,0,2,3,1,5,
202100018961,167 747,A01,3,7,0,2,1,1,1,
202100018961,167 748,C01,3,10,0,2,4,1,1,
202100018961,167 749,B01,3,7,0,2,4,1,1,
202100018962,167 745,B01,2,7,0,2,3,15,1,
202100018962,167 746,A01,2,30,0,2,2,17,1,
202100018963,167 743,A01,1,10,0,2,1,1,1,
202100018963,167 744,B01,1,50,0,2,7,19,3,
202100018964,167 741,A01,1,33,0,2,1,13,0,
202100018964,167 742,B01,2,7,0,0,0,1,1,
202100018965,167 738,A01,1,7,0,0,1,1,0,
202100018965,167 739,B01,1,7,0,0,4,23,1,
202100018965,167 740,C01,1,7,0,0,4,23,0,
202100018966,167 736,A01,2,7,0,2,4,23,1,
202100018966,167 737,B01,3,10,0,2,1,2,1,
202100018967,167 734,B01,1,7,0,2,1,3,1,
202100018967,167 735,A01,1,7,0,2,4,11,1,
202100018968,167 733,A01,0,30,0,0,1,13,1,
202100018969,167 731,B01,1,7,0,2,7,1,1,
202100018969,167 732,A01,2,7,0,2,1,15,1,
202100018970,167 729,B01,1,7,0,2,2,1,1,
202100018970,167 730,A01,3,10,0,2,1,19,1,
202100018971,167 724,C01,3,33,0,2,0,17,1,
202100018971,167 725,B01,3,33,0,2,1,2,1,
202100018971,167 726,A01,3,33,0,2,4,14,1,
202100018972,167 722,B01,3,33,0,2,0,0,1,
202100018972,167 723,A01,3,7,0,2,1,9,1,
202100018973,167 720,A01,3,7,0,2,3,16,1,
202100018973,167 721,B01,3,2,0,2,7,0,1,
202100018974,167 718,B01,1,31,0,2,1,1,1,
202100018974,167 719,A01,1,7,0,2,6,10,1,
202100018975,167 716,A01,1,10,0,2,6,10,1,
202100018975,167 717,B01,2,33,0,2,1,1,1,
202100018976,167 714,A01,2,7,0,2,1,1,1,
202100018976,167 715,B01,1,33,0,2,3,1,0,
202100018977,167 712,B01,0,7,0,0,3,1,1,
202100018977,167 713,A01,0,7,0,0,3,13,1,
202100018978,167 711,A01,3,33,12,0,2,1,1,
202100018979,167 709,A01,1,7,0,2,0,0,1,
202100018979,167 710,B01,1,1,0,2,0,0,5,
202100018980,167 707,A01,1,30,0,2,1,1,1,
202100018980,167 708,B01,1,7,0,2,7,1,1,
202100018981,167 704,B01,1,7,0,2,7,1,1,
202100018981,167 705,C01,1,7,0,2,7,1,1,
202100018981,167 706,A01,1,7,0,2,8,13,1,
202100018982,167 701,Z01,1,7,0,2,2,5,1,
202100018982,167 702,B01,2,30,0,2,1,1,1,
202100018982,167 703,A01,2,30,0,2,9,1,1,
202100018983,167 700,A01,2,1,0,1,8,1,5,
202100018984,167 698,A01,1,30,0,2,1,13,1,
202100018984,167 699,B01,2,10,0,2,3,1,1,
202100018985,167 696,A01,2,7,0,2,3,13,1,
202100018985,167 697,B01,2,34,0,2,5,1,1,
202100018986,167 694,A01,1,7,0,2,7,15,1,
202100018986,167 695,B01,2,1,0,2,1,1,5,
202100018987,167 693,A01,2,7,0,1,2,1,1,
202100018988,167 691,B01,1,30,0,2,4,2,3,
202100018988,167 692,A01,1,30,0,2,2,2,3,
202100018989,167 690,Z01,3,50,0,1,1,1,3,
202100018990,167 688,A01,1,7,0,2,1,10,1,
202100018990,167 689,B01,1,34,0,2,2,1,1,
202100018991,167 686,B01,1,33,0,2,1,1,1,
202100018991,167 687,A01,1,7,0,2,2,1,1,
202100018992,167 684,A01,1,10,0,2,8,15,1,
202100018992,167 685,B01,1,80,0,2,2,1,3,
202100018993,167 682,B01,1,10,0,2,6,2,1,
202100018993,167 683,A01,1,33,0,2,1,2,1,
202100018994,167 681,A01,2,7,0,1,1,1,1,
202100018995,167 680,A01,2,7,0,1,2,1,1,
202100018996,167 678,A01,1,10,0,2,0,16,1,
202100018996,167 679,B01,1,1,0,2,0,1,5,
202100018997,167 677,A01,1,7,0,1,2,1,1,
202100018998,167 675,B01,2,1,0,2,1,16,5,
202100018998,167 676,A01,1,1,0,2,1,1,5,
202100018999,167 673,B01,2,30,0,2,1,1,1,
202100018999,167 674,A01,1,7,0,2,2,1,1,
202100019000,167 672,A01,2,7,0,1,1,1,2,
202100019001,167 671,Z01,2,34,0,1,1,1,0,
202100019002,167 670,A01,2,30,0,1,1,17,3,
202100019003,167 668,A01,1,7,0,2,1,15,1,
202100019003,167 669,B01,2,1,0,2,7,1,5,
202100019004,167 666,B01,1,50,0,2,7,1,3,
202100019004,167 667,A01,1,7,0,2,3,1,1,
202100019005,167 664,B01,1,10,0,2,8,1,1,
202100019005,167 665,A01,2,1,0,2,8,13,5,
202100019006,167 663,A01,1,50,0,0,7,14,3,
202100019007,167 661,B01,2,7,0,2,5,15,1,
202100019007,167 662,A01,1,33,0,2,1,1,1,
202100019008,167 659,B01,1,10,0,2,3,15,1,
202100019008,167 660,A01,1,32,0,2,7,17,1,
202100019009,167 658,Z01,0,1,0,1,1,1,5,
202100019010,167 657,Z01,2,7,0,1,1,1,0,
202100019011,167 656,A01,1,1,14,0,7,13,5,
202100019012,167 654,B01,1,1,0,2,1,1,5,
202100019012,167 655,A01,2,1,0,2,1,15,5,
202100019013,167 652,A01,3,7,0,2,1,1,1,
202100019013,167 653,B01,2,7,1,0,1,13,1,
202100019014,167 650,B01,2,7,0,2,4,2,1,
202100019014,167 651,A01,2,15,0,2,1,2,0,
202100019015,167 648,A01,2,7,0,2,2,15,1,
202100019015,167 649,B01,1,33,0,2,1,1,1,
202100019016,167 647,A01,3,7,0,1,1,1,1,
202100019017,167 645,B01,1,1,1,0,2,0,0,
202100019017,167 646,A01,1,10,0,2,3,24,1,
202100019018,167 644,A01,2,7,0,1,1,1,1,
202100019019,167 643,A01,0,7,0,1,2,2,1,
202100019020,167 642,A01,1,32,8,0,1,1,1,
202100019021,167 638,B01,1,13,0,2,0,0,1,
202100019021,167 639,A01,1,7,0,2,3,15,1,
202100019022,167 636,A01,1,7,0,2,3,26,1,
202100019022,167 637,B01,2,10,0,2,2,26,1,
202100019023,167 634,B01,3,1,0,2,2,25,5,
202100019023,167 635,A01,3,7,0,2,3,9,1,
202100019024,167 632,B01,3,40,0,2,1,1,3,
202100019024,167 633,A01,3,7,0,4,3,15,1,
202100019025,167 631,A01,2,30,0,0,1,1,1,
202100019026,167 629,A01,2,7,0,9,3,16,1,
202100019026,167 630,B01,1,99,0,2,2,1,0,
202100019027,167 627,B01,3,7,0,0,0,0,0,
202100019027,167 628,A01,3,33,0,2,1,0,0,
202100019028,167 625,B01,2,7,0,2,3,1,1,
202100019028,167 626,A01,2,32,0,2,1,1,1,
202100019029,167 623,B01,1,7,0,2,1,15,1,
202100019029,167 624,A01,2,1,0,2,7,1,5,
202100019030,167 621,A01,1,7,0,2,1,2,1,
202100019030,167 622,B01,1,31,0,2,4,1,1,
202100019031,167 620,A01,1,32,0,1,1,3,1,
202100019032,167 618,Z01,2,3,0,2,7,2,0,
202100019032,167 619,B01,2,1,0,2,8,2,5,
202100019033,167 617,A01,3,2,0,1,1,1,1,
202100019034,167 615,A01,2,7,0,2,3,10,1,
202100019034,167 616,B01,2,32,0,2,3,2,1,
202100019035,167 613,A01,1,7,0,2,1,9,1,
202100019035,167 614,B01,1,33,0,2,2,1,1,
202100019036,167 611,B01,0,1,0,2,0,19,6,
202100019036,167 612,A01,1,7,0,2,1,15,3,
202100019037,167 608,C01,2,7,0,0,3,1,1,
202100019037,167 609,B01,2,10,0,0,3,1,1,
202100019037,167 610,A01,1,7,0,0,1,13,1,
202100019038,167 607,A01,3,2,0,0,7,1,1,
202100019039,167 606,A01,3,7,2,0,2,0,1,
202100019040,167 604,A01,1,7,0,2,3,18,1,
202100019040,167 605,B01,1,1,0,2,4,14,5,
202100019041,167 602,A01,1,33,0,2,1,13,1,
202100019041,167 603,B01,2,7,0,2,2,13,1,
202100019042,167 600,A01,1,7,0,2,3,1,1,
202100019042,167 601,B01,2,7,0,2,1,1,1,
202100019043,167 598,A01,2,10,0,2,2,1,1,
202100019043,167 599,B01,3,7,0,2,6,9,1,
202100019044,167 596,A01,1,7,0,1,1,1,1,
202100019045,167 595,A01,1,1,0,0,9,0,5,
202100019046,167 594,A01,2,2,6,0,2,1,1,
202100019047,167 593,A01,1,33,0,0,9,1,1,
202100019048,167 591,B01,0,7,0,2,8,1,1,
202100019048,167 592,A01,0,31,0,2,8,19,1,
202100019049,167 590,A01,2,33,0,0,1,1,1,
202100019050,167 588,A01,1,7,0,0,3,9,1,
202100019050,167 589,B01,2,2,0,0,1,17,1,
202100019051,167 587,A01,1,10,16,0,9,0,1,
202100019052,167 585,B01,2,15,0,2,4,0,1,
202100019052,167 586,A01,2,10,1,0,1,3,1,
202100019053,167 583,A01,2,33,0,2,1,13,1,
202100019053,167 584,B01,1,7,0,2,1,26,1,
202100019054,167 582,A01,1,10,6,0,1,1,1,
202100019055,167 580,A01,2,7,2,0,1,1,1,
202100019056,167 579,A01,0,33,3,0,2,1,1,
202100019057,167 577,B01,2,31,0,2,1,13,1,
202100019057,167 578,A01,1,7,0,2,3,1,1,
202100019058,167 575,B01,1,7,0,2,1,2,1,
202100019058,167 576,A01,1,7,0,0,4,1,1,
202100019059,167 573,B01,3,7,0,2,3,1,1,
202100019059,167 574,A01,3,1,0,2,2,1,5,
202100019060,167 570,A01,1,21,16,0,9,1,1,
202100019061,167 568,B01,1,7,3,2,1,1,1,
202100019061,167 569,A01,1,7,0,2,1,13,1,
202100019062,167 567,A01,3,10,2,0,3,1,1,
202100019063,167 565,A01,1,7,0,2,3,15,1,
202100019063,167 566,B01,1,7,13,2,8,17,1,
202100019064,167 564,A01,1,1,0,1,1,1,5,
202100019065,167 563,A01,1,7,0,1,4,20,1,
202100019066,167 561,A01,2,7,0,2,1,2,1,
202100019066,167 562,B01,2,7,0,0,4,15,1,
202100019067,167 560,A01,1,33,3,0,0,17,1,
202100019068,167 558,B01,2,7,0,2,2,1,1,
202100019068,167 559,A01,2,7,0,0,6,21,1,
202100019069,167 556,A01,1,7,0,0,7,10,1,
202100019069,167 557,B01,1,33,0,2,1,2,1,
202100019070,167 554,B01,1,31,0,2,7,17,1,
202100019070,167 555,A01,1,7,0,2,3,10,1,
202100019071,167 552,A01,0,10,0,0,5,23,1,
202100019071,167 553,B01,3,1,0,2,1,1,5,
202100019072,167 551,A01,2,7,13,0,0,0,1,
202100019073,167 550,A01,1,7,3,0,3,14,1,
202100019074,167 548,B01,1,7,0,2,1,1,1,
202100019074,167 549,A01,2,15,0,2,7,15,1,
202100019075,167 547,A01,1,10,16,0,9,1,1,
202100019076,167 545,B01,1,33,0,2,1,17,1,
202100019076,167 546,A01,2,7,0,2,8,15,1,
202100019077,167 543,B01,0,7,0,2,3,1,1,
202100019077,167 544,A01,3,31,0,2,1,1,1,
202100019078,167 542,A01,2,7,13,0,0,14,1,
202100019079,167 540,B01,2,7,9,0,3,1,1,
202100019079,167 541,A01,2,7,0,0,1,26,1,
202100019080,167 538,B01,1,7,0,2,7,15,1,
202100019080,167 539,A01,1,31,0,2,1,1,1,
202100019081,167 535,A01,2,33,0,2,5,3,1,
202100019081,167 536,B01,2,7,0,0,6,1,2,
202100019081,167 537,C01,1,10,0,2,6,1,1,
202100019082,167 533,A01,2,7,0,2,3,10,1,
202100019082,167 534,B01,2,7,0,2,1,1,1,
202100019083,167 532,A01,3,7,6,0,2,15,1,
202100019084,167 530,B01,3,7,0,2,3,1,1,
202100019084,167 531,A01,3,2,0,2,1,19,1,
202100019085,167 528,A01,0,7,0,2,1,13,1,
202100019085,167 529,B01,0,7,0,2,1,1,1,
202100019086,167 527,A01,0,7,2,0,1,1,1,
202100019087,167 525,B01,0,7,7,2,2,1,1,
202100019087,167 526,A01,3,7,0,2,5,4,1,
202100019088,167 523,A01,1,33,0,2,1,17,1,
202100019088,167 524,B01,1,7,0,0,6,15,1,
202100019089,167 522,A01,2,7,6,0,2,1,1,
202100019090,167 520,A01,1,7,0,2,2,15,1,
202100019090,167 521,B01,2,1,0,2,1,1,5,
202100019091,167 518,B01,1,2,0,2,1,1,1,
202100019091,167 519,A01,2,7,0,2,5,15,1,
202100019092,167 516,A01,2,7,7,0,7,19,1,
202100019092,167 517,B01,2,7,0,2,1,1,1,
202100019093,167 513,A01,1,7,0,2,2,17,1,
202100019093,167 514,B01,2,10,0,2,6,1,1,
202100019093,167 515,C01,1,1,0,2,8,2,5,
202100019094,167 510,A01,2,7,3,2,1,1,1,
202100019094,167 511,B01,1,7,0,2,8,1,1,
202100019094,167 512,C01,1,17,0,2,3,1,1,
202100019095,167 505,A01,1,7,0,0,6,1,1,
202100019095,167 506,B01,1,7,0,0,3,1,1,
202100019095,167 507,C01,1,10,0,0,8,1,1,
202100019095,167 508,D01,2,7,0,0,1,1,1,
202100019096,167 503,A01,2,15,0,2,2,1,0,
202100019096,167 504,B01,2,7,0,2,6,15,1,
202100019097,167 501,B01,1,10,0,2,1,1,1,
202100019097,167 502,A01,1,7,0,0,4,1,1,
202100019098,167 498,A01,1,7,0,2,4,2,2,
202100019098,167 499,B01,1,7,0,2,4,2,1,
202100019098,167 500,C01,1,7,0,2,1,2,1,
202100019099,167 496,A01,2,7,0,2,6,1,1,
202100019099,167 497,B01,2,7,0,2,2,1,1,
202100019100,167 494,A01,1,7,0,2,6,1,1,
202100019100,167 495,B01,1,7,0,2,9,1,1,
202100019101,167 492,A01,2,7,0,2,4,1,1,
202100019101,167 493,B01,2,10,0,2,1,1,1,
202100019102,167 488,A01,1,7,0,2,4,1,1,
202100019102,167 489,B01,1,7,0,2,4,1,1,
202100019102,167 490,C01,1,7,0,2,4,1,1,
202100019102,167 491,D01,1,7,0,2,1,1,1,
202100019103,167 486,Z01,1,10,0,2,0,0,0,
202100019103,167 487,A01,2,32,0,2,8,1,1,
202100019104,167 481,A01,2,7,0,2,1,2,1,
202100019104,167 482,B01,2,7,0,2,4,1,1,
202100019104,167 483,C01,2,43,0,2,4,1,1,
202100019104,167 484,E01,2,7,0,2,4,2,1,
202100019104,167 485,D01,2,7,0,2,4,2,1,
202100019105,167 479,B01,2,7,0,2,4,1,1,
202100019105,167 480,Z01,2,7,0,2,0,0,0,
202100019106,167 477,B01,1,33,0,2,1,1,1,
202100019106,167 478,A01,1,10,0,0,8,13,0,
202100019107,167 475,A01,1,7,0,2,1,2,1,
202100019107,167 476,B01,1,7,0,2,4,2,1,
202100019108,167 474,A01,2,10,4,0,1,14,1,
202100019109,167 473,A01,1,7,16,0,9,26,1,
202100019110,167 471,A01,2,33,0,2,1,1,1,
202100019110,167 472,B01,2,7,0,2,4,1,0,
202100019111,167 463,H01,1,7,0,2,4,2,1,
202100019111,167 464,G01,2,17,0,2,4,2,1,
202100019111,167 465,F01,2,7,0,2,4,2,1,
202100019111,167 466,E01,2,7,0,2,4,2,1,
202100019111,167 467,D01,2,7,0,2,4,2,1,
202100019111,167 468,C01,2,7,0,2,4,2,1,
202100019111,167 469,B01,2,7,0,2,4,2,1,
202100019111,167 470,A01,2,7,0,2,1,2,1,
202100019112,167 462,A01,1,7,0,0,9,1,1,
202100019113,167 460,B01,1,7,0,2,4,2,1,
202100019113,167 461,A01,1,7,0,2,1,2,1,
202100019114,167 458,B01,2,7,3,2,8,3,1,
202100019114,167 459,A01,2,7,0,2,2,12,1,
202100019115,167 457,A01,2,33,0,0,7,0,1,
202100019116,167 456,A01,1,7,4,0,0,0,1,
202100019117,167 454,A01,2,32,0,2,7,1,1,
202100019117,167 455,B01,2,7,0,2,8,11,1,
202100019118,167 451,A01,1,33,0,2,4,11,1,
202100019118,167 452,C01,1,7,0,2,0,1,1,
202100019118,167 453,B01,1,33,0,2,1,1,1,
202100019119,167 449,A01,1,7,0,2,3,11,1,
202100019119,167 450,B01,1,33,0,2,1,1,1,
202100019120,167 448,A01,2,33,4,2,7,21,1,
202100019121,167 445,C01,2,16,4,2,1,1,1,
202100019121,167 446,B01,2,17,4,2,1,1,1,
202100019121,167 447,A01,2,7,4,2,1,9,1,
202100019122,167 444,A01,1,7,4,0,3,21,1,
202100019123,167 442,A01,1,33,0,2,1,1,1,
202100019123,167 443,B01,1,7,0,2,4,1,2,
202100019124,167 441,A01,2,7,4,0,1,26,1,
202100019125,167 439,B01,2,10,0,2,4,23,1,
202100019125,167 440,A01,2,33,0,2,1,9,1,
202100019126,167 435,A01,2,33,0,2,1,3,1,
202100019126,167 436,B01,2,7,0,2,3,11,1,
202100019126,167 437,C01,2,7,0,2,5,1,1,
202100019126,167 438,D01,2,14,0,2,8,1,1,
202100019127,167 434,A01,1,17,13,0,9,14,1,
202100019128,167 433,A01,1,7,0,1,1,26,1,
202100019129,167 432,A01,0,1,0,1,1,1,5,
202100019130,167 431,A01,1,7,1,0,9,5,1,
202100019131,167 430,A01,2,7,0,1,4,4,1,