Num_Acc,id_vehicule,num_veh,senc,catv,obs,obsm,choc,manv,motor,occutc
202100019132,167 429,A01,2,30,0,1,1,17,1,
202100019133,167 427,B01,1,7,0,2,0,0,1,
202100019133,167 428,A01,2,7,0,2,3,15,1,
202100019134,167 425,B01,1,50,0,2,1,1,3,
202100019134,167 426,A01,2,7,0,2,1,13,1,
202100019135,167 424,A01,1,7,1,0,2,2,1,
202100019136,167 422,A01,3,7,1,0,8,26,1,
202100019136,167 423,B01,3,7,0,2,5,24,1,
202100019137,167 420,A01,1,7,0,2,3,15,1,
202100019137,167 421,B01,1,2,0,2,8,1,1,
202100019138,167 419,A01,3,10,0,1,2,1,1,
202100019139,167 417,B01,3,7,0,2,8,15,1,
202100019139,167 418,A01,3,31,0,2,2,1,1,
202100019140,167 415,A01,0,7,0,2,4,26,1,
202100019140,167 416,B01,3,7,0,2,2,1,1,
202100019141,167 414,A01,2,10,0,1,8,1,1,
202100019142,167 412,A01,1,34,0,2,3,17,1,
202100019142,167 413,B01,1,7,0,2,3,0,1,
202100019143,167 411,A01,1,30,0,0,8,1,1,
202100019144,167 409,B01,1,7,0,2,1,1,1,
202100019144,167 410,A01,1,7,0,2,8,19,1,
202100019145,167 406,A01,0,7,0,2,3,15,1,
202100019145,167 407,B01,0,7,0,2,1,1,1,
202100019145,167 408,C01,0,7,0,2,0,23,1,
202100019146,167 405,A01,2,10,0,1,3,15,1,
202100019147,167 403,B01,2,32,0,2,8,1,1,
202100019147,167 404,A01,1,7,0,2,3,15,1,
202100019148,167 401,A01,0,33,0,2,1,15,1,
202100019148,167 402,B01,0,7,0,2,3,1,1,
202100019149,167 399,A01,3,7,0,9,3,1,1,
202100019149,167 400,B01,3,50,0,2,1,1,3,
202100019150,167 397,A01,1,7,0,2,1,15,1,
202100019150,167 398,B01,2,2,0,2,1,3,1,
202100019151,167 396,A01,0,30,0,1,4,1,0,
202100019152,167 395,A01,3,7,0,1,4,20,3,
202100019153,167 393,A01,1,7,0,2,3,15,1,
202100019153,167 394,B01,2,33,0,2,1,2,1,
202100019154,167 391,A01,1,7,0,2,1,9,1,
202100019154,167 392,B01,2,7,0,2,7,1,1,
202100019155,167 389,B01,1,31,0,0,0,1,1,
202100019155,167 390,A01,1,7,0,0,0,11,1,
202100019156,167 387,A01,2,10,0,2,2,0,1,
202100019156,167 388,B01,1,30,0,2,1,0,1,
202100019157,167 386,A01,1,10,0,1,1,1,1,
202100019158,167 384,B01,1,7,0,2,8,15,1,
202100019158,167 385,A01,1,30,0,2,3,17,1,
202100019159,167 381,A01,1,7,0,2,1,1,1,
202100019159,167 382,C01,1,7,0,2,3,1,1,
202100019159,167 383,B01,2,7,0,2,5,1,1,
202100019160,167 379,B01,1,10,0,2,3,1,1,
202100019160,167 380,A01,2,7,0,2,3,15,1,
202100019161,167 377,B01,1,7,0,2,3,15,1,
202100019161,167 378,A01,2,33,0,2,1,17,1,
202100019162,167 376,A01,3,21,4,0,1,1,1,
202100019163,167 374,B01,2,33,0,2,1,1,1,
202100019163,167 375,A01,1,7,0,2,2,15,1,
202100019164,167 372,B01,2,7,0,2,1,1,1,
202100019164,167 373,A01,2,7,0,2,7,9,1,
202100019165,167 371,A01,1,7,0,1,1,9,1,
202100019166,167 369,A01,-1,7,0,2,2,19,1,
202100019166,167 370,B01,-1,7,0,2,1,1,1,
202100019167,167 367,B01,1,7,0,2,1,1,1,
202100019167,167 368,A01,1,7,0,2,1,17,1,
202100019168,167 366,A01,1,7,0,1,1,1,1,
202100019169,167 365,A01,1,7,0,1,3,19,0,
202100019170,167 364,A01,1,7,6,0,1,1,1,
202100019171,167 362,B01,1,30,0,2,1,17,1,
202100019171,167 363,A01,2,99,9,2,6,11,1,
202100019172,167 360,B01,1,10,0,2,4,26,1,
202100019172,167 361,A01,1,7,0,2,1,26,1,
202100019173,167 359,A01,3,7,1,0,8,16,1,
202100019174,167 358,A01,1,7,8,0,1,14,1,
202100019175,167 357,A01,3,7,1,0,2,1,1,
202100019176,167 355,A01,1,40,0,2,1,1,3,
202100019176,167 356,B01,3,50,0,4,3,26,3,
202100019177,167 354,A01,2,31,0,1,1,1,0,
202100019178,167 352,A01,0,10,0,2,2,26,1,
202100019178,167 353,B01,0,1,0,2,1,1,5,
202100019179,167 350,B01,2,33,0,2,1,1,1,
202100019179,167 351,A01,1,7,0,2,7,15,1,
202100019180,167 348,A01,1,33,0,2,1,2,1,
202100019180,167 349,B01,1,7,0,2,4,2,1,
202100019181,167 346,B01,1,1,0,2,1,16,5,
202100019181,167 347,A01,2,1,0,2,1,15,5,
202100019182,167 344,A01,2,7,0,2,1,2,1,
202100019182,167 345,B01,2,10,0,2,4,23,1,
202100019183,167 338,A01,2,7,0,2,8,16,1,
202100019183,167 339,B01,2,7,0,2,1,1,1,
202100019184,167 336,A01,3,7,0,0,0,0,1,
202100019184,167 337,B01,3,30,0,0,0,0,0,
202100019185,167 335,A01,3,7,0,1,7,1,1,
202100019186,167 334,A01,0,7,13,0,9,2,1,
202100019187,167 332,B01,1,1,0,2,0,1,5,
202100019187,167 333,A01,2,1,0,2,0,1,5,
202100019188,167 329,A01,3,34,0,2,1,17,1,
202100019188,167 330,B01,3,7,0,2,6,0,1,
202100019189,167 328,A01,1,7,10,0,1,1,1,
202100019190,167 326,A01,2,33,2,2,1,21,1,
202100019190,167 327,B01,2,7,1,0,3,11,1,
202100019191,167 324,A01,1,2,0,2,1,17,1,
202100019191,167 325,B01,3,7,0,2,3,26,1,
202100019192,167 323,A01,1,7,0,1,6,26,1,
202100019193,167 321,B01,2,7,0,2,2,1,1,
202100019193,167 322,A01,2,7,0,2,1,9,1,
202100019194,167 318,C01,1,10,0,2,1,2,1,
202100019194,167 319,B01,1,10,0,2,4,2,1,
202100019194,167 320,A01,1,10,0,2,4,2,1,
202100019195,167 315,A01,1,7,0,2,3,13,1,
202100019195,167 316,B01,1,7,0,2,6,17,1,
202100019195,167 317,C01,2,7,0,2,3,1,1,
202100019196,167 313,A01,3,7,0,2,1,19,1,
202100019196,167 314,B01,3,1,0,2,8,19,5,
202100019197,167 311,B01,1,10,0,2,4,2,1,
202100019197,167 312,A01,1,10,0,2,1,2,1,
202100019198,167 309,B01,2,7,0,2,6,23,2,
202100019198,167 310,A01,2,7,0,2,2,14,1,
202100019199,167 307,A01,0,3,0,2,8,9,1,
202100019199,167 308,B01,1,32,0,2,1,1,1,
202100019200,167 305,A01,1,13,0,2,2,16,1,
202100019200,167 306,B01,1,1,0,2,1,1,5,
202100019201,167 304,A01,2,32,0,1,2,1,1,
202100019202,167 303,A01,2,50,0,0,1,5,3,
202100019203,167 301,A01,3,30,0,2,5,1,1,
202100019203,167 302,B01,3,1,0,2,1,19,5,
202100019204,167 300,A01,2,33,8,0,1,1,1,
202100019205,167 299,A01,1,43,1,0,2,14,1,
202100019206,167 297,B01,1,50,0,2,8,7,3,
202100019206,167 298,A01,1,7,0,2,2,17,1,
202100019207,167 296,A01,2,1,0,1,8,1,5,
202100019208,167 294,B01,1,7,0,2,3,15,1,
202100019208,167 295,A01,1,32,0,2,2,17,1,
202100019209,167 292,Z01,2,1,0,2,1,13,5,
202100019209,167 293,A01,1,50,0,2,8,1,3,
202100019210,167 290,A01,2,7,0,2,1,2,1,
202100019210,167 291,B01,2,7,0,2,4,2,1,
202100019211,167 288,A01,3,7,0,2,3,13,1,
202100019211,167 289,B01,3,7,0,2,7,1,1,
202100019212,167 287,A01,1,7,0,5,9,21,1,
202100019213,167 285,B01,1,7,0,2,6,1,1,
202100019213,167 286,A01,1,30,0,2,2,17,1,
202100019214,167 284,A01,0,7,8,0,1,2,1,
202100019215,167 283,A01,2,7,0,1,2,16,1,
202100019216,167 281,B01,1,7,0,2,1,1,1,
202100019216,167 282,A01,2,7,0,2,5,19,1,
202100019217,167 279,A01,2,10,0,9,3,15,1,
202100019217,167 280,B01,2,1,0,2,1,0,5,
202100019218,167 277,B01,3,50,12,2,1,13,3,
202100019218,167 278,A01,3,3,12,2,1,0,0,
202100019219,167 275,B01,1,7,0,2,8,1,1,
202100019219,167 276,A01,1,7,0,2,1,15,1,
202100019220,167 274,A01,1,7,0,1,3,1,2,
202100019221,167 272,A01,1,10,0,2,3,19,1,
202100019221,167 273,B01,2,2,0,2,1,17,1,
202100019222,167 270,B01,1,1,0,2,1,1,5,
202100019222,167 271,A01,0,7,0,2,3,1,1,
202100019223,167 269,A01,2,15,0,1,3,15,1,
202100019224,167 267,A01,3,13,0,0,5,26,0,
202100019224,167 268,B01,3,99,0,0,0,0,0,
202100019225,167 265,A01,1,7,0,2,2,1,1,
202100019225,167 266,B01,2,7,0,2,2,9,1,
202100019226,167 263,B01,2,7,0,2,3,15,1,
202100019226,167 264,A01,2,33,0,2,3,1,1,
202100019227,167 262,A01,1,31,8,0,1,14,1,
202100019228,167 260,A01,0,33,0,2,1,3,1,
202100019228,167 261,B01,0,32,0,2,8,15,1,
202100019229,167 259,A01,1,31,0,0,7,21,1,
202100019230,167 257,B01,1,50,0,2,1,19,3,
202100019230,167 258,A01,2,30,0,2,3,1,1,
202100019231,167 256,A01,2,37,0,1,0,26,1,1.0
202100019232,167 255,Z01,1,50,0,1,1,1,3,
202100019233,167 253,A01,2,7,0,2,1,1,0,
202100019233,167 254,B01,1,33,0,2,7,15,0,
202100019234,167 251,A01,1,33,0,2,1,9,1,
202100019234,167 252,B01,1,7,0,2,4,23,1,
202100019235,167 249,A01,3,7,0,2,8,15,1,
202100019235,167 250,B01,3,50,0,2,8,5,3,
202100019236,167 247,A01,1,32,0,2,3,9,1,
202100019236,167 248,B01,2,37,0,2,3,13,4,1.0
202100019237,167 243,C01,1,7,0,2,1,2,2,
202100019237,167 244,B01,1,7,0,2,1,2,2,
202100019237,167 245,A01,1,10,0,2,1,2,1,
202100019237,167 246,D01,1,7,0,2,4,1,1,
202100019238,167 241,B01,1,1,9,2,7,19,5,
202100019238,167 242,A01,2,7,9,2,1,1,1,
202100019239,167 239,A01,2,33,0,2,3,1,1,
202100019239,167 240,B01,3,7,12,2,8,15,1,
202100019240,167 237,A01,1,13,0,2,1,1,1,
202100019240,167 238,B01,2,1,0,2,1,13,5,
202100019241,167 235,B01,2,15,0,2,4,2,1,
202100019241,167 236,A01,2,7,0,2,1,1,1,
202100019242,167 233,A01,2,1,0,2,1,5,5,
202100019242,167 234,B01,1,10,0,9,1,11,1,
202100019243,167 231,A01,1,7,0,2,1,5,1,
202100019243,167 232,B01,2,7,0,2,1,1,1,
202100019244,167 230,A01,2,33,2,0,1,13,1,
202100019245,167 229,A01,2,7,13,0,1,17,1,
202100019246,167 227,A01,1,7,0,2,1,5,1,
202100019246,167 228,B01,2,7,0,2,2,1,1,
202100019247,167 225,B01,1,7,0,2,1,1,1,
202100019247,167 226,A01,2,7,0,2,2,15,1,
202100019248,167 224,A01,1,33,0,0,0,15,1,
202100019249,167 223,A01,2,7,2,0,8,14,1,
202100019250,167 221,B01,1,30,0,2,1,1,1,
202100019250,167 222,A01,2,7,0,2,1,15,0,
202100019251,167 219,A01,2,7,0,2,3,1,1,
202100019251,167 220,B01,1,33,0,2,3,1,1,
202100019252,167 217,B01,2,7,0,0,1,1,1,
202100019252,167 218,A01,1,7,0,0,2,15,1,
202100019253,167 215,B01,0,2,0,2,6,15,1,
202100019253,167 216,A01,0,7,0,2,2,17,1,
202100019254,167 214,A01,2,7,13,0,2,1,1,
202100019255,167 213,A01,0,7,10,0,0,0,1,
202100019256,167 211,B01,3,7,0,2,3,1,1,
202100019256,167 212,A01,3,7,0,2,3,1,1,
202100019257,167 209,B01,1,7,0,2,1,1,1,
202100019257,167 210,A01,1,7,0,2,1,15,1,
202100019258,167 207,A01,2,33,0,2,3,13,1,
202100019258,167 208,B01,1,7,0,2,8,1,1,
202100019259,167 206,A01,3,7,6,0,1,1,1,
202100019260,167 205,A01,3,7,0,1,3,26,1,
202100019261,167 204,A01,1,7,8,0,1,0,1,
202100019262,167 203,A01,1,7,13,0,7,1,1,
202100019263,167 201,A01,1,7,0,0,3,19,1,
202100019263,167 202,B01,1,33,0,2,1,1,1,
202100019264,167 199,A01,1,33,5,2,7,17,1,
202100019264,167 200,B01,1,10,0,2,8,1,1,
202100019265,167 197,A01,1,7,0,2,1,23,1,
202100019265,167 198,B01,2,7,9,2,1,26,1,
202100019266,167 195,A01,3,7,0,2,1,2,1,
202100019266,167 196,B01,3,2,0,2,4,2,1,
202100019267,167 193,A01,2,7,0,2,1,5,1,
202100019267,167 194,B01,1,7,0,2,1,1,1,
202100019268,167 192,A01,2,7,2,0,0,1,1,
202100019269,167 191,A01,2,7,0,1,3,1,1,
202100019270,167 190,A01,1,7,2,0,1,1,1,
202100019271,167 188,B01,2,33,0,2,1,1,1,
202100019271,167 189,A01,1,7,0,2,1,17,1,
202100019272,167 187,A01,3,7,13,0,3,1,1,
202100019273,167 186,A01,1,14,8,0,7,21,1,
202100019274,167 184,A01,2,1,0,2,0,0,6,
202100019274,167 185,B01,1,7,0,9,2,1,1,
202100019275,167 181,A01,1,7,0,2,1,1,1,
202100019275,167 182,B01,2,7,0,2,1,13,1,
202100019275,167 183,C01,1,15,0,2,8,1,1,
202100019276,167 178,C01,1,15,0,2,1,1,1,
202100019276,167 179,B01,1,7,0,2,8,1,1,
202100019276,167 180,A01,2,3,0,2,1,13,1,
202100019277,167 177,A01,2,7,0,0,2,0,1,
202100019278,167 175,A01,2,7,0,2,1,1,1,
202100019278,167 176,B01,2,7,0,0,4,1,1,
202100019279,167 174,A01,1,7,2,0,1,1,1,
202100019280,167 172,A01,2,10,0,2,1,1,1,
202100019280,167 173,B01,1,31,0,2,4,2,1,
202100019281,167 170,A01,1,7,0,0,8,0,1,
202100019281,167 171,B01,0,33,0,2,1,5,1,
202100019282,167 168,A01,1,2,0,2,1,17,1,
202100019282,167 169,B01,2,7,0,0,6,15,1,
202100019283,167 166,B01,1,7,0,2,1,1,1,
202100019283,167 167,A01,2,33,4,2,0,1,1,
202100019284,167 165,A01,0,7,0,1,2,1,1,
202100019285,167 163,B01,1,10,0,2,2,0,1,
202100019285,167 164,A01,1,33,3,0,4,0,1,
202100019286,167 162,A01,1,7,13,0,1,1,1,
202100019287,167 160,A01,1,33,0,2,2,17,1,
202100019287,167 161,B01,1,7,0,0,3,1,1,
202100019288,167 159,A01,1,7,13,0,1,16,1,
202100019289,167 157,A01,2,2,0,2,1,2,1,
202100019289,167 158,B01,2,7,0,2,4,2,1,
202100019290,167 156,A01,3,2,13,0,7,14,1,
202100019291,167 154,A01,1,7,0,2,1,5,1,
202100019291,167 155,B01,2,17,0,2,1,1,1,
202100019292,167 153,A01,1,7,2,0,1,13,1,
202100019293,167 150,A01,2,7,0,0,1,1,1,
202100019294,167 147,A01,1,7,3,0,9,14,1,
202100019295,167 145,B01,1,7,0,2,3,15,1,
202100019295,167 146,A01,2,7,0,2,1,0,1,
202100019296,167 142,C01,2,7,0,2,1,1,1,
202100019296,167 143,B01,2,7,0,2,4,1,1,
202100019296,167 144,A01,2,7,0,2,1,2,1,
202100019297,167 141,A01,2,17,13,0,9,26,1,
202100019298,167 139,A01,2,7,0,2,1,2,1,
202100019298,167 140,B01,2,7,0,2,4,2,1,
202100019299,167 137,A01,1,7,0,2,1,2,1,
202100019299,167 138,B01,1,7,0,2,4,2,1,
202100019300,167 135,B01,2,7,0,2,4,2,1,
202100019300,167 136,A01,2,7,0,2,1,2,1,
202100019301,167 134,A01,2,7,0,2,9,2,1,
202100019302,167 131,C01,2,7,0,2,4,23,1,
202100019302,167 132,B01,2,7,0,2,6,23,1,
202100019302,167 133,A01,2,7,0,2,1,9,1,
202100019303,167 128,C01,1,7,0,2,1,2,1,
202100019303,167 129,B01,1,7,0,2,5,1,1,
202100019303,167 130,A01,1,7,0,2,8,11,1,
202100019304,167 125,A01,2,7,0,2,1,2,1,
202100019304,167 126,B01,2,10,0,2,4,2,1,
202100019304,167 127,C01,2,7,0,2,4,2,1,
202100019305,167 123,B01,2,33,0,2,8,1,1,
202100019305,167 124,A01,2,10,0,2,5,12,1,
202100019306,167 121,A01,2,7,0,2,7,12,1,
202100019306,167 122,B01,2,32,0,2,8,26,1,
202100019307,167 118,A01,1,10,0,2,1,2,1,
202100019307,167 119,B01,1,10,0,2,4,2,1,
202100019307,167 120,C01,1,7,0,2,4,2,1,
202100019308,167 115,B01,2,7,0,2,4,0,2,
202100019308,167 116,C01,2,7,0,2,4,0,1,
202100019308,167 117,A01,2,20,0,2,1,26,1,
202100019309,167 111,A01,1,7,0,2,1,1,0,
202100019309,167 112,B01,1,7,0,2,4,1,0,
202100019309,167 113,C01,1,7,0,2,4,1,0,
202100019309,167 114,D01,1,7,0,2,4,1,0,
202100019310,167 110,A01,1,7,3,0,8,1,1,
202100019311,167 108,A01,2,10,0,2,1,2,1,
202100019311,167 109,B01,2,7,0,2,4,2,1,
202100019312,167 107,A01,1,7,0,1,7,26,1,
202100019313,167 104,B01,1,3,0,2,1,1,1,
202100019313,167 105,A01,0,10,0,2,2,15,1,
202100019314,167 102,B01,2,30,0,2,1,21,1,
202100019314,167 103,A01,1,14,0,2,1,1,1,
202100019315,167 101,A01,1,33,6,0,1,16,1,
202100019316,167 099,B01,1,7,0,2,6,15,1,
202100019316,167 100,A01,1,2,0,2,1,3,1,
202100019317,167 097,B01,1,1,0,2,1,26,0,
202100019317,167 098,C01,1,10,0,2,0,22,1,
202100019318,167 095,A01,1,7,0,2,2,5,1,
202100019318,167 096,B01,1,7,0,2,2,2,1,
202100019319,167 093,A01,2,50,0,2,7,5,3,
202100019319,167 094,B01,2,7,0,2,1,1,2,
202100019320,167 091,B01,2,33,0,2,1,1,1,
202100019320,167 092,A01,1,10,0,2,2,15,3,
202100019321,167 090,A01,1,7,15,0,3,13,1,
202100019322,167 088,B01,1,31,0,2,1,1,1,
202100019322,167 089,A01,1,7,0,9,1,20,1,
202100019323,167 087,A01,3,7,0,1,2,9,1,
202100019324,167 084,B01,1,1,0,1,2,0,0,
202100019324,167 085,C01,1,7,0,2,3,0,1,
202100019324,167 086,A01,1,7,0,1,2,0,1,
202100019325,167 082,B01,3,7,1,0,6,20,1,
202100019325,167 083,A01,3,7,0,2,1,2,1,
202100019326,167 080,B01,1,7,0,2,8,1,1,
202100019326,167 081,A01,1,7,15,2,1,19,2,
202100019327,167 078,A01,2,7,0,2,2,15,1,
202100019327,167 079,B01,1,7,0,2,3,1,1,
202100019328,167 076,A01,1,7,0,2,8,5,1,
202100019328,167 077,B01,2,33,0,2,9,0,1,
202100019329,167 075,A01,2,7,0,1,1,2,-1,
202100019330,167 074,A01,1,7,0,1,1,1,1,
202100019331,167 072,A01,3,7,0,2,2,19,1,
202100019331,167 073,B01,3,7,0,2,3,0,1,
202100019332,167 070,B01,1,7,0,2,1,15,1,
202100019332,167 071,A01,1,30,0,2,1,1,1,
202100019333,167 069,A01,1,7,0,1,7,26,1,
202100019334,167 067,A01,2,7,0,2,7,26,1,
202100019334,167 068,B01,3,7,0,2,3,9,1,
202100019335,167 065,B01,2,7,9,0,6,2,1,
202100019335,167 066,A01,2,1,0,2,1,2,5,
202100019336,167 063,B01,2,2,0,2,1,1,1,
202100019336,167 064,A01,1,7,0,2,1,19,1,
202100019337,167 061,B01,1,7,0,2,1,1,1,
202100019337,167 062,A01,2,7,0,2,5,9,1,
202100019338,167 060,A01,1,1,0,0,0,26,5,
202100019339,167 059,A01,1,7,0,0,0,26,1,
202100019340,167 058,A01,2,7,14,0,1,1,1,
202100019341,167 056,B01,1,7,0,2,4,2,1,
202100019341,167 057,A01,1,7,0,2,1,2,1,
202100019342,167 055,A01,1,7,1,0,8,1,1,
202100019343,167 054,A01,1,7,13,0,9,6,1,
202100019344,167 053,B01,2,7,0,1,2,1,1,
202100019345,167 052,A01,3,30,11,0,1,19,1,
202100019346,167 050,B01,0,7,0,2,1,1,1,
202100019346,167 051,A01,0,7,0,2,7,1,1,
202100019347,167 049,A01,2,7,1,0,1,1,1,
202100019348,167 047,A01,1,33,0,2,2,1,1,
202100019348,167 048,B01,2,7,0,2,3,1,1,
202100019349,167 045,B01,1,10,0,2,1,1,1,
202100019349,167 046,A01,2,7,0,2,1,13,1,
202100019350,167 043,B01,1,7,0,2,1,9,1,
202100019350,167 044,A01,1,7,0,2,9,19,1,
202100019351,167 041,A01,2,32,0,2,1,2,1,
202100019351,167 042,B01,2,7,14,0,6,26,1,
202100019352,167 038,C01,2,7,0,2,4,23,1,
202100019352,167 039,B01,2,3,0,2,4,2,1,
202100019352,167 040,A01,2,10,0,2,1,2,1,
202100019353,167 036,A01,1,7,0,2,6,11,1,
202100019353,167 037,B01,1,32,0,2,1,1,1,
202100019354,167 034,A01,1,7,0,2,3,1,1,
202100019354,167 035,B01,2,7,0,2,0,1,1,
202100019355,167 032,A01,0,7,0,2,1,9,1,
202100019355,167 033,B01,0,7,0,2,0,1,0,
202100019356,167 030,A01,1,7,0,2,3,15,1,
202100019356,167 031,B01,2,7,0,2,6,2,1,
202100019357,167 028,A01,1,7,0,2,2,5,1,
202100019357,167 029,B01,2,7,0,2,1,1,1,
202100019358,167 026,B01,1,33,0,2,1,1,1,
202100019358,167 027,A01,2,7,0,2,8,26,1,
202100019359,167 025,A01,1,7,8,0,3,1,1,
202100019360,167 023,B01,1,7,0,2,2,1,1,
202100019360,167 024,A01,1,7,0,2,3,9,1,
202100019361,167 021,B01,0,7,0,2,1,1,1,
202100019361,167 022,A01,3,7,0,2,7,15,1,
202100019362,167 019,A01,3,7,0,2,3,9,1,
202100019362,167 020,B01,3,1,0,2,7,26,0,
202100019363,167 017,A01,3,7,0,2,1,9,1,
202100019363,167 018,B01,0,1,0,2,1,1,5,
202100019364,167 016,A01,-1,33,-1,-1,-1,-1,-1,
202100019365,167 014,B01,2,33,0,2,2,3,1,
202100019365,167 015,A01,2,7,0,2,8,11,1,
202100019366,167 012,A01,1,7,0,2,6,24,1,
202100019366,167 013,Z01,1,30,0,2,0,15,0,
202100019367,167 011,A01,2,1,0,1,1,1,5,
202100019368,167 010,A01,2,7,0,1,3,1,2,
202100019369,167 008,B01,2,30,0,2,4,23,1,
202100019369,167 009,A01,2,32,0,2,1,2,1,
202100019370,167 007,A01,2,7,0,1,2,1,1,
202100019371,167 005,B01,1,7,0,2,4,2,1,
202100019371,167 006,A01,1,33,0,2,1,2,1,
202100019372,167 003,A01,1,7,0,2,1,14,3,
202100019372,167 004,B01,1,7,0,2,6,24,2,
202100019373,167 002,A01,3,80,12,0,1,14,3,
202100019374,167 000,B01,1,7,0,2,3,15,1,
202100019374,167 001,A01,1,32,0,2,7,17,3,
202100019375,166 999,A01,3,1,12,0,7,14,5,
202100019376,166 997,A01,2,32,0,0,2,21,1,
202100019377,166 995,A01,2,7,0,2,8,22,1,
202100019377,166 996,B01,2,1,1,2,7,1,5,
202100019378,166 993,B01,2,31,0,2,8,16,1,
202100019378,166 994,A01,2,7,0,2,1,1,1,
202100019379,166 991,A01,1,30,0,2,7,21,1,
202100019379,166 992,B01,2,7,0,2,1,23,1,
202100019380,166 989,B01,1,7,0,2,1,1,1,
202100019380,166 990,A01,0,7,0,2,7,1,1,
202100019381,166 987,A01,2,7,0,2,1,2,1,
202100019381,166 988,B01,2,7,0,2,4,2,1,
202100019382,166 986,A01,1,50,0,1,4,25,3,
202100019383,166 984,B01,2,99,0,2,1,2,0,
202100019383,166 985,A01,2,7,0,2,4,2,1,
202100019384,166 982,A01,2,33,0,2,1,26,1,
202100019384,166 983,B01,2,10,0,0,7,1,1,
202100019385,166 981,A01,1,7,4,0,1,13,0,
202100019386,166 979,B01,1,7,0,2,5,2,0,
202100019386,166 980,A01,1,32,0,2,3,2,1,
202100019387,166 977,B01,2,33,0,2,8,1,1,
202100019387,166 978,A01,1,7,0,2,3,15,1,
202100019388,166 975,B01,1,33,0,2,3,1,1,
202100019388,166 976,A01,2,33,0,2,1,5,1,
202100019389,166 973,B01,1,37,0,0,6,23,1,1.0
202100019389,166 974,A01,1,7,0,0,1,2,1,
202100019390,166 968,A01,2,33,0,2,1,2,1,
202100019390,166 969,B01,2,7,0,0,5,2,1,
202100019391,166 966,B01,0,2,0,2,7,1,1,
202100019391,166 967,A01,0,7,0,2,1,16,1,
202100019392,166 965,A01,1,7,13,0,3,14,1,
202100019393,166 963,B01,2,7,0,2,2,19,1,
202100019393,166 964,A01,1,7,0,2,1,1,1,
202100019394,166 961,A01,1,7,0,2,1,1,1,
202100019394,166 962,B01,2,7,0,2,2,1,1,
202100019395,166 960,A01,3,7,0,1,3,1,1,
202100019396,166 959,A01,2,7,2,0,1,13,1,
202100019397,166 957,B01,3,31,0,0,1,15,1,
202100019397,166 958,A01,1,7,7,2,3,1,1,
202100019398,166 956,A01,1,33,13,0,1,2,1,
202100019399,166 954,A01,3,33,0,2,1,1,1,
202100019399,166 955,B01,3,7,0,2,1,15,1,
202100019400,166 952,B01,0,1,0,9,3,21,5,
202100019400,166 953,A01,0,37,0,9,8,1,1,1.0
202100019401,166 950,A01,1,7,0,2,3,13,1,
202100019401,166 951,B01,2,7,0,2,3,1,1,
202100019402,166 949,A01,1,7,3,0,0,14,1,
202100019403,166 947,A01,2,7,0,2,3,13,1,
202100019403,166 948,B01,1,7,0,2,3,1,1,
202100019404,166 946,A01,1,7,2,0,3,13,1,
202100019405,166 945,A01,1,33,16,0,0,1,1,
202100019406,166 944,A01,2,33,0,0,0,17,1,
202100019407,166 942,B01,0,10,0,0,4,15,1,
202100019407,166 943,A01,0,34,0,2,1,2,1,
202100019408,166 941,A01,1,35,1,0,1,16,1,
202100019409,166 938,C01,2,7,0,2,1,1,1,
202100019409,166 939,A01,2,7,0,2,7,19,1,
202100019409,166 940,B01,2,7,0,0,8,23,1,
202100019410,166 937,A01,2,50,13,0,0,13,3,
202100019411,166 934,C01,1,7,0,2,3,17,2,
202100019411,166 935,B01,2,15,0,2,3,21,1,
202100019411,166 936,A01,2,7,0,0,0,9,1,
202100019412,166 932,B01,2,7,0,0,6,19,1,
202100019412,166 933,A01,1,33,0,2,1,1,1,
202100019413,166 931,A01,2,7,2,0,1,1,1,
202100019414,166 930,A01,2,33,14,0,7,1,1,
202100019415,166 929,A01,1,33,0,0,0,1,1,
202100019416,166 927,A01,2,7,2,2,9,13,1,
202100019416,166 928,B01,1,7,0,2,3,1,1,
202100019417,166 924,A01,2,7,0,2,3,15,1,
202100019417,166 925,B01,1,2,0,2,1,1,1,
202100019418,166 923,A01,1,33,8,0,2,1,1,
202100019419,166 922,A01,2,7,2,0,1,1,1,
202100019420,166 920,A01,2,7,0,2,2,2,1,
202100019420,166 921,B01,2,1,0,2,4,2,5,
202100019421,166 918,B01,1,7,0,2,1,0,0,
202100019421,166 919,A01,1,7,0,0,3,16,1,
202100019422,166 917,A01,1,2,8,0,2,1,3,
202100019423,166 915,B01,2,2,0,2,1,1,1,
202100019423,166 916,A01,1,10,0,2,3,17,1,
202100019424,166 913,B01,2,7,0,2,5,1,1,
202100019424,166 914,A01,2,7,0,2,3,9,1,
202100019425,166 912,A01,1,33,0,0,2,1,1,
202100019426,166 911,A01,2,33,0,0,0,1,1,
202100019427,166 909,A01,2,7,0,2,3,13,1,
202100019427,166 910,B01,1,10,0,2,3,1,1,
202100019428,166 907,A01,1,7,0,9,2,1,1,
202100019428,166 908,B01,1,80,0,2,4,26,3,
202100019429,166 906,A01,3,7,6,0,1,14,1,
202100019430,166 905,A01,2,2,0,0,7,15,1,
202100019431,166 904,A01,2,33,0,0,8,1,1,
202100019432,166 903,A01,2,31,0,6,1,1,1,
202100019433,166 901,A01,2,7,0,2,7,19,1,
202100019433,166 902,B01,1,2,0,2,8,1,1,