Num_Acc,id_vehicule,num_veh,senc,catv,obs,obsm,choc,manv,motor,occutc
202100019434,166 899,A01,2,7,0,2,1,1,1,
202100019434,166 900,B01,2,7,0,2,1,16,1,
202100019435,166 896,A01,1,7,0,2,1,13,1,
202100019435,166 897,C01,2,7,0,2,3,1,1,
202100019435,166 898,B01,2,7,0,2,3,1,1,
202100019436,166 894,B01,2,1,0,2,1,1,5,
202100019436,166 895,A01,1,7,0,2,2,15,1,
202100019437,166 892,A01,1,7,0,2,3,13,1,
202100019437,166 893,B01,2,7,0,2,3,0,1,
202100019438,166 891,A01,2,7,0,1,3,1,1,
202100019439,166 890,A01,2,7,6,0,1,1,1,
202100019440,166 888,A01,1,10,0,2,2,1,1,
202100019440,166 889,B01,2,7,8,2,1,15,1,
202100019441,166 886,B01,2,7,0,2,4,2,1,
202100019441,166 887,A01,2,7,0,2,1,2,1,
202100019442,166 885,A01,2,31,14,0,1,21,1,
202100019443,166 883,B01,2,7,0,2,4,2,1,
202100019443,166 884,A01,1,7,0,2,1,2,1,
202100019444,166 882,A01,1,33,0,0,0,21,1,
202100019445,166 880,A01,1,33,0,2,7,1,1,
202100019445,166 881,B01,1,7,0,2,8,9,1,
202100019446,166 878,B01,1,33,0,2,1,3,1,
202100019446,166 879,A01,1,7,0,2,6,12,1,
202100019447,166 875,A01,2,7,0,2,1,2,1,
202100019447,166 876,B01,2,7,0,2,4,2,1,
202100019447,166 877,C01,2,7,0,2,4,2,2,
202100019448,166 873,Z01,2,0,0,2,4,0,0,
202100019448,166 874,A01,2,33,0,2,1,1,1,
202100019449,166 871,A01,2,7,0,2,1,2,1,
202100019449,166 872,B01,2,32,0,2,4,2,1,
202100019450,166 869,B01,0,7,14,2,1,1,1,
202100019450,166 870,A01,0,7,0,2,4,1,1,
202100019451,166 868,A01,1,7,6,9,1,15,1,
202100019452,166 866,A01,1,1,0,2,1,19,5,
202100019452,166 867,B01,2,32,0,2,8,1,1,
202100019453,166 864,A01,3,2,0,0,1,1,-1,
202100019453,166 865,B01,3,7,0,0,1,1,-1,
202100019454,166 863,A01,0,31,6,0,0,0,1,
202100019455,166 862,A01,0,33,0,0,0,1,1,
202100019456,166 861,A01,1,7,0,1,1,1,1,
202100019457,166 860,A01,3,30,0,0,7,1,1,
202100019458,166 858,A01,3,10,0,2,1,17,1,
202100019458,166 859,B01,3,15,0,0,4,15,1,
202100019459,166 856,A01,1,7,0,2,1,21,1,
202100019459,166 857,B01,2,2,0,2,1,5,1,
202100019460,166 853,A01,1,7,0,1,1,0,1,
202100019461,166 852,A01,1,7,0,1,1,15,1,
202100019462,166 851,A01,0,7,0,1,2,1,1,
202100019463,166 849,A01,2,7,0,2,7,19,1,
202100019463,166 850,B01,2,32,0,2,1,19,1,
202100019464,166 848,A01,1,7,0,1,1,19,0,
202100019465,166 847,A01,1,7,0,1,1,21,1,
202100019466,166 843,A01,3,7,0,2,1,15,1,
202100019466,166 844,B01,3,7,0,2,1,1,1,
202100019467,166 841,A01,2,7,0,2,3,9,1,
202100019467,166 842,B01,2,43,0,2,1,3,1,
202100019468,166 839,A01,3,1,0,2,1,5,5,
202100019468,166 840,B01,3,7,0,2,3,1,1,
202100019469,166 836,A01,3,7,0,0,0,0,0,
202100019469,166 837,B01,0,50,0,0,0,0,3,
202100019470,166 834,B01,3,7,0,2,5,16,1,
202100019470,166 835,A01,2,7,0,2,2,9,1,
202100019471,166 832,A01,2,7,0,2,1,1,1,
202100019471,166 833,B01,0,7,0,2,8,16,1,
202100019472,166 830,B01,2,2,0,2,1,1,1,
202100019472,166 831,A01,2,7,0,2,2,15,1,
202100019473,166 828,B01,1,7,0,2,3,1,1,
202100019473,166 829,A01,1,32,0,2,1,6,1,
202100019474,166 826,B01,1,7,0,2,4,23,2,
202100019474,166 827,A01,1,7,0,2,1,1,1,
202100019475,166 824,A01,3,7,0,2,1,17,1,
202100019475,166 825,B01,3,7,0,0,6,15,1,
202100019476,166 822,B01,2,7,0,2,3,15,1,
202100019476,166 823,A01,1,30,0,2,1,13,1,
202100019477,166 819,A01,3,31,0,2,8,1,1,
202100019477,166 820,B01,3,7,0,2,3,15,1,
202100019477,166 821,C01,3,7,0,2,1,23,1,
202100019478,166 817,A01,2,7,0,2,1,9,1,
202100019478,166 818,B01,1,7,0,2,1,21,1,
202100019479,166 816,A01,1,34,12,0,8,13,1,
202100019480,166 815,A01,3,7,9,0,3,16,1,
202100019481,166 814,A01,2,7,0,1,1,1,1,
202100019482,166 813,Z01,1,1,0,1,1,25,5,
202100019483,166 811,A01,1,32,0,2,1,1,1,
202100019483,166 812,B01,1,7,0,9,4,23,1,
202100019484,166 809,A01,2,7,0,2,1,15,1,
202100019484,166 810,B01,1,32,0,2,1,1,1,
202100019485,166 807,A01,2,30,0,0,0,0,1,
202100019485,166 808,B01,0,0,0,2,0,0,-1,
202100019486,166 805,A01,0,50,0,2,1,1,3,
202100019486,166 806,B01,0,7,0,0,4,26,1,
202100019487,166 803,B01,1,7,0,2,4,26,1,
202100019487,166 804,A01,1,7,0,2,2,26,3,
202100019488,166 801,A01,1,7,0,2,5,2,1,
202100019488,166 802,B01,1,1,0,2,2,2,5,
202100019489,166 799,A01,1,7,0,2,8,26,1,
202100019489,166 800,B01,1,2,0,2,3,0,1,
202100019490,166 795,B01,0,7,0,2,3,9,1,
202100019490,166 796,A01,0,7,0,2,1,26,1,
202100019491,166 793,B01,1,43,0,2,1,1,1,
202100019491,166 794,A01,1,10,0,2,3,15,1,
202100019492,166 791,A01,1,7,0,2,1,1,1,
202100019492,166 792,B01,1,7,0,2,4,1,1,
202100019493,166 788,A01,1,7,0,2,2,1,1,
202100019493,166 789,C01,1,7,0,2,3,15,1,
202100019493,166 790,B01,1,7,0,2,2,15,1,
202100019494,166 786,B01,1,7,0,2,7,0,1,
202100019494,166 787,A01,1,30,0,2,1,12,1,
202100019495,166 784,B01,3,7,0,2,4,23,1,
202100019495,166 785,A01,3,7,0,2,1,2,1,
202100019496,166 782,B01,2,7,0,2,7,1,1,
202100019496,166 783,A01,1,30,0,2,1,1,1,
202100019497,166 780,B01,1,30,0,2,1,1,1,
202100019497,166 781,A01,2,7,0,2,8,15,1,
202100019498,166 778,B01,2,7,0,2,1,1,1,
202100019498,166 779,A01,1,7,0,2,1,13,1,
202100019499,166 777,A01,2,30,0,2,8,19,0,
202100019500,166 775,A01,2,33,0,2,1,13,1,
202100019500,166 776,B01,1,7,0,2,1,23,1,
202100019501,166 773,B01,2,33,0,2,1,1,1,
202100019501,166 774,A01,2,7,0,2,2,1,1,
202100019502,166 771,A01,3,7,0,2,1,9,1,
202100019502,166 772,B01,3,7,0,2,4,2,1,
202100019503,166 770,A01,1,7,0,1,1,1,1,
202100019504,166 768,A01,3,1,0,2,7,19,6,
202100019504,166 769,B01,3,7,0,2,2,0,1,
202100019505,166 767,A01,0,33,3,0,2,1,1,
202100019506,166 765,A01,1,7,0,2,1,1,1,
202100019506,166 766,B01,1,7,0,2,8,10,1,
202100019507,166 761,B01,1,7,0,2,4,2,1,
202100019507,166 762,C01,1,7,0,2,4,2,1,
202100019507,166 763,D01,1,7,0,2,4,2,1,
202100019507,166 764,A01,1,7,0,2,1,2,1,
202100019508,166 759,B01,1,33,0,2,7,1,1,
202100019508,166 760,A01,1,7,0,2,8,11,1,
202100019509,166 757,B01,3,10,0,2,1,24,1,
202100019509,166 758,A01,1,32,0,2,1,1,1,
202100019510,166 756,A01,1,7,0,1,5,4,1,
202100019511,166 754,Z01,1,7,0,2,1,10,1,
202100019511,166 755,A01,1,30,0,2,7,1,1,
202100019512,166 752,A01,1,1,0,2,8,9,5,
202100019512,166 753,B01,1,31,0,2,1,1,1,
202100019513,166 750,B01,2,7,0,2,6,24,1,
202100019513,166 751,A01,2,7,0,1,3,1,1,
202100019514,166 749,A01,1,10,0,1,2,1,1,
202100019515,166 748,A01,3,1,0,1,1,1,5,
202100019516,166 747,A01,3,7,11,0,2,13,1,
202100019517,166 746,Z01,1,30,0,1,1,1,3,
202100019518,166 744,B01,2,7,0,2,5,2,1,
202100019518,166 745,A01,2,32,0,2,1,2,1,
202100019519,166 742,B01,3,7,0,2,2,1,1,
202100019519,166 743,A01,1,30,0,2,8,1,1,
202100019520,166 741,A01,0,32,0,1,5,26,1,
202100019521,166 739,B01,3,7,0,2,3,1,1,
202100019521,166 740,A01,3,7,0,2,2,15,1,
202100019522,166 737,A01,0,33,0,2,1,17,0,
202100019522,166 738,B01,0,50,0,2,1,17,3,
202100019523,166 735,B01,1,7,0,0,1,1,1,
202100019523,166 736,A01,2,7,0,0,1,15,1,
202100019524,166 733,B01,0,7,0,0,5,1,1,
202100019524,166 734,A01,0,7,0,2,3,2,1,
202100019525,166 729,T01,2,7,0,0,0,23,1,
202100019525,166 730,C01,2,99,0,2,1,26,1,
202100019525,166 731,B01,2,7,0,2,1,26,1,
202100019525,166 732,A01,2,7,0,2,4,26,1,
202100019526,166 728,A01,1,10,0,1,2,26,1,
202100019527,166 727,A01,1,32,0,1,8,17,0,
202100019528,166 725,B01,2,1,0,2,1,1,5,
202100019528,166 726,A01,3,1,0,2,8,19,5,
202100019529,166 723,B01,1,7,0,2,4,1,1,
202100019529,166 724,A01,1,7,0,2,1,2,1,
202100019530,166 721,A01,2,7,0,2,7,10,1,
202100019530,166 722,B01,1,43,0,2,1,1,1,
202100019531,166 719,A01,3,7,0,2,1,16,1,
202100019531,166 720,B01,1,7,0,2,3,1,1,
202100019532,166 718,A01,3,2,0,0,2,1,1,
202100019533,166 717,A01,1,2,0,0,0,10,1,
202100019534,166 715,A01,2,7,0,2,1,1,1,
202100019534,166 716,B01,2,7,0,2,4,1,1,
202100019535,166 713,A01,1,7,0,2,7,16,1,
202100019535,166 714,B01,1,33,0,2,2,1,1,
202100019536,166 711,A01,3,31,0,9,1,1,1,
202100019536,166 712,B01,3,1,0,2,7,1,5,
202100019537,166 710,A01,1,33,0,0,1,0,1,
202100019538,166 708,A01,1,7,0,2,1,1,1,
202100019538,166 709,B01,1,7,0,2,4,2,1,
202100019539,166 706,A01,2,7,0,2,7,17,1,
202100019539,166 707,B01,2,1,0,2,8,2,5,
202100019540,166 704,A01,1,10,0,2,2,21,1,
202100019540,166 705,B01,1,17,0,2,6,2,1,
202100019541,166 702,A01,2,33,0,2,1,17,1,
202100019541,166 703,B01,2,7,0,2,6,15,1,
202100019542,166 700,B01,3,1,0,2,8,1,5,
202100019542,166 701,A01,0,7,0,9,1,15,1,
202100019543,166 699,A01,2,7,3,0,3,0,1,
202100019544,166 698,A01,1,7,2,0,1,0,1,
202100019545,166 696,A01,1,7,0,0,4,1,1,
202100019545,166 697,B01,1,7,0,2,1,2,1,
202100019546,166 694,B01,1,33,0,2,1,1,0,
202100019546,166 695,A01,2,7,0,2,3,10,0,
202100019547,166 692,A01,1,7,0,0,1,2,0,
202100019547,166 693,B01,1,7,0,0,4,2,1,
202100019548,166 691,A01,1,7,0,0,0,1,1,
202100019549,166 690,A01,2,7,8,0,0,1,1,
202100019550,166 688,A01,1,33,0,2,1,1,1,
202100019550,166 689,B01,1,7,0,0,6,15,1,
202100019551,166 685,A01,1,7,0,2,6,5,1,
202100019551,166 686,B01,2,7,0,2,8,1,1,
202100019551,166 687,C01,0,7,0,2,1,1,1,
202100019552,166 683,B01,1,7,0,2,5,1,1,
202100019552,166 684,A01,2,33,0,2,1,1,1,
202100019553,166 682,A01,1,7,2,0,1,1,1,
202100019554,166 680,A01,2,7,0,2,3,15,1,
202100019554,166 681,B01,2,33,0,2,1,1,1,
202100019555,166 678,A01,3,2,0,2,1,17,1,
202100019555,166 679,B01,3,1,0,2,4,1,5,
202100019556,166 674,A01,3,30,0,2,1,13,1,
202100019556,166 675,B01,3,7,0,2,3,1,1,
202100019557,166 673,A01,1,1,0,0,0,0,5,
202100019558,166 672,A01,1,7,13,0,9,13,1,
202100019559,166 670,A01,1,7,0,2,7,5,1,
202100019559,166 671,B01,2,7,0,2,1,1,1,
202100019560,166 669,A01,2,7,3,0,3,1,1,
202100019561,166 667,A01,2,7,0,2,2,13,1,
202100019561,166 668,B01,1,2,0,2,1,1,1,
202100019562,166 665,A01,1,7,0,2,0,2,0,
202100019562,166 666,B01,1,1,0,0,6,1,5,
202100019563,166 662,C01,1,21,0,0,4,24,1,
202100019563,166 663,A01,2,7,0,2,2,19,1,
202100019563,166 664,B01,1,7,0,2,3,1,1,
202100019564,166 660,A01,2,7,0,2,7,5,1,
202100019564,166 661,B01,1,7,0,2,1,1,1,
202100019565,166 658,B01,3,10,0,2,3,1,1,
202100019565,166 659,A01,3,7,0,2,1,1,1,
202100019566,166 656,A01,1,7,6,0,1,1,1,
202100019567,166 655,A01,1,7,13,0,3,0,1,
202100019568,166 653,B01,1,7,0,2,3,1,1,
202100019568,166 654,A01,2,7,0,2,3,13,1,
202100019569,166 651,A01,1,2,0,2,1,1,1,
202100019569,166 652,B01,3,1,0,0,5,19,5,
202100019570,166 649,B01,2,33,0,2,1,1,1,
202100019570,166 650,A01,1,7,0,2,2,15,1,
202100019571,166 648,A01,3,33,0,0,1,1,1,
202100019572,166 647,A01,2,21,13,0,1,0,1,
202100019573,166 645,B01,1,7,0,2,3,15,1,
202100019573,166 646,A01,2,7,0,2,3,1,1,
202100019574,166 644,A01,2,7,14,0,1,1,1,
202100019575,166 642,B01,1,1,0,2,1,0,5,
202100019575,166 643,A01,2,7,0,2,3,0,1,
202100019576,166 641,A01,2,7,13,0,2,1,1,
202100019577,166 640,A01,3,36,0,0,8,10,1,
202100019578,166 639,A01,2,7,11,0,1,1,1,
202100019579,166 637,A01,3,7,0,2,1,1,0,
202100019579,166 638,B01,0,50,0,2,1,1,3,
202100019580,166 636,A01,1,33,0,0,0,1,1,
202100019581,166 634,A01,1,33,0,2,1,17,1,
202100019581,166 635,B01,1,7,0,0,8,15,1,
202100019582,166 631,A01,1,7,0,2,1,2,1,
202100019582,166 632,B01,1,7,0,0,4,1,1,
202100019582,166 633,C01,1,10,0,0,4,1,1,
202100019583,166 628,B01,1,7,0,2,1,1,1,
202100019583,166 629,A01,2,7,0,2,1,13,1,
202100019584,166 625,A01,2,7,1,0,2,15,1,
202100019584,166 626,B01,1,7,0,0,1,1,1,
202100019584,166 627,C01,1,7,0,0,3,23,1,
202100019585,166 623,A01,1,34,0,2,1,1,1,
202100019585,166 624,B01,2,7,0,2,1,1,1,
202100019586,166 622,A01,3,7,2,0,1,14,1,
202100019587,166 620,B01,2,33,0,2,3,1,1,
202100019587,166 621,A01,1,33,0,2,3,5,1,
202100019588,166 617,C01,1,2,0,2,1,2,1,
202100019588,166 618,A01,1,2,0,0,6,15,1,
202100019588,166 619,B01,1,2,0,0,6,15,1,
202100019589,166 615,B01,1,7,0,0,4,2,1,
202100019589,166 616,A01,1,7,0,2,8,0,1,
202100019590,166 614,A01,2,7,13,0,2,1,1,
202100019591,166 613,A01,1,7,2,0,1,13,1,
202100019592,166 611,B01,1,7,0,2,8,15,1,
202100019592,166 612,A01,2,33,0,2,1,1,1,
202100019593,166 610,A01,1,2,2,0,2,1,1,
202100019594,166 608,B01,1,7,0,2,1,1,1,
202100019594,166 609,A01,2,7,0,2,2,15,1,
202100019595,166 607,A01,3,1,13,0,1,1,5,
202100019596,166 606,A01,1,7,4,0,9,1,1,
202100019597,166 604,A01,1,33,0,2,1,1,1,
202100019597,166 605,B01,2,7,0,2,1,1,1,
202100019598,166 603,A01,1,2,14,0,0,0,1,
202100019599,166 602,A01,2,21,0,0,0,0,1,
202100019600,166 600,A01,2,15,0,0,3,15,1,
202100019600,166 601,B01,1,7,0,2,1,1,1,
202100019601,166 598,A01,1,7,0,2,1,2,1,
202100019601,166 599,B01,1,7,3,0,3,2,1,
202100019602,166 596,B01,1,7,3,2,3,1,1,
202100019602,166 597,A01,1,17,0,2,2,12,1,
202100019603,166 594,B01,2,33,0,2,4,2,1,
202100019603,166 595,A01,2,7,0,2,1,2,1,
202100019604,166 592,B01,1,7,0,2,4,2,1,
202100019604,166 593,A01,2,7,0,2,1,2,1,
202100019605,166 590,A01,2,7,0,2,9,18,1,
202100019605,166 591,B01,2,7,0,2,4,13,1,
202100019606,166 588,A01,1,33,0,2,8,3,1,
202100019606,166 589,Z01,1,7,0,2,0,0,0,
202100019607,166 587,A01,1,3,0,1,1,15,1,
202100019608,166 586,A01,0,7,0,1,1,26,0,
202100019609,166 585,A01,1,7,0,1,3,1,1,
202100019610,166 584,A01,3,7,15,1,1,1,1,
202100019611,166 583,A01,3,7,0,1,0,1,-1,
202100019612,166 581,A01,0,7,0,2,3,15,1,
202100019612,166 582,B01,0,2,0,0,0,0,1,
202100019613,166 580,A01,1,2,0,0,0,13,1,
202100019614,166 579,B01,3,1,0,1,1,0,0,
202100019615,166 577,B01,1,2,0,2,1,1,1,
202100019615,166 578,A01,1,7,0,2,2,15,1,
202100019616,166 575,B01,2,2,0,2,1,1,1,
202100019616,166 576,A01,1,7,0,2,2,15,1,
202100019617,166 573,B01,2,7,0,2,4,1,1,
202100019617,166 574,A01,2,7,0,2,1,1,1,
202100019618,166 571,B01,1,7,0,2,1,1,0,
202100019618,166 572,A01,2,7,8,2,5,1,1,
202100019619,166 569,B01,3,37,0,2,1,1,1,4.0
202100019619,166 570,A01,3,7,0,2,7,15,1,
202100019620,166 568,A01,3,7,12,2,6,1,1,
202100019621,166 566,A01,2,33,0,2,1,1,1,
202100019621,166 567,B01,1,7,0,2,8,1,1,
202100019622,166 564,A01,2,10,0,2,8,11,1,
202100019622,166 565,B01,2,30,0,2,1,1,1,
202100019623,166 563,A01,3,7,0,1,1,2,1,
202100019624,166 561,B01,2,33,0,2,1,1,1,
202100019624,166 562,A01,1,10,0,2,2,15,1,
202100019625,166 560,A01,1,7,4,0,1,26,1,
202100019626,166 558,B01,1,10,0,2,1,1,1,
202100019626,166 559,A01,1,10,3,2,4,2,1,
202100019627,166 556,A01,1,7,0,2,5,14,1,
202100019627,166 557,B01,1,7,0,2,8,1,1,
202100019628,166 554,B01,1,7,0,2,9,23,1,
202100019628,166 555,A01,3,7,0,2,3,0,1,
202100019629,166 552,B01,1,1,0,2,8,1,0,
202100019629,166 553,A01,2,7,0,2,1,15,1,
202100019630,166 551,A01,1,2,0,0,7,1,3,
202100019631,166 549,B01,1,99,0,2,1,1,1,
202100019631,166 550,A01,1,7,0,2,1,13,1,
202100019632,166 547,B01,2,2,0,2,1,1,1,
202100019632,166 548,Z01,2,7,0,2,1,17,1,
202100019633,166 546,A01,2,30,0,1,1,21,1,
202100019634,166 545,A01,1,80,0,1,1,26,3,
202100019635,166 544,A01,0,7,0,1,1,1,1,
202100019636,166 543,A01,0,7,0,1,4,10,0,
202100019637,166 542,A01,0,1,0,1,1,1,5,
202100019638,166 540,A01,0,7,0,2,3,1,1,
202100019638,166 541,B01,0,7,1,2,3,1,1,
202100019639,166 538,A01,0,50,0,2,3,19,3,
202100019639,166 539,B01,0,7,0,9,2,16,1,
202100019640,166 537,A01,1,7,0,1,3,15,1,
202100019641,166 536,A01,2,33,0,1,1,1,1,
202100019642,166 535,A01,2,7,0,1,1,21,1,
202100019643,166 533,A01,3,7,0,2,3,15,1,
202100019643,166 534,B01,3,7,0,2,3,1,1,
202100019644,166 531,A01,3,17,0,2,2,0,1,
202100019644,166 532,B01,2,7,0,2,8,1,1,
202100019645,166 529,A01,2,7,13,2,1,17,1,
202100019645,166 530,B01,1,7,0,2,2,15,1,
202100019646,166 527,A01,2,14,0,2,7,10,1,
202100019646,166 528,B01,1,14,0,2,1,1,1,
202100019647,166 525,A01,0,7,0,0,0,0,1,
202100019647,166 526,B01,1,2,0,0,0,0,1,
202100019648,166 524,A01,1,30,3,0,8,1,1,
202100019649,166 522,A01,2,7,0,2,1,1,1,
202100019649,166 523,B01,2,7,0,2,4,1,1,
202100019650,166 521,A01,0,1,0,0,7,1,5,
202100019651,166 518,A01,2,7,0,2,2,1,1,
202100019651,166 519,B01,3,50,0,2,1,9,3,
202100019652,166 516,A01,1,7,0,2,3,20,1,
202100019652,166 517,B01,2,7,0,2,2,1,1,
202100019653,166 514,B01,2,34,0,2,7,16,1,
202100019653,166 515,A01,1,7,0,2,1,2,1,
202100019654,166 512,B01,1,10,0,2,3,1,1,
202100019654,166 513,A01,2,7,1,2,6,13,1,
202100019655,166 510,A01,0,50,0,2,1,19,3,
202100019655,166 511,B01,0,7,0,2,7,1,1,
202100019656,166 509,A01,1,7,0,1,1,1,0,
202100019657,166 507,A01,1,7,0,2,1,5,1,
202100019657,166 508,B01,2,7,0,2,1,17,1,
202100019658,166 505,B01,2,32,0,2,1,17,1,
202100019658,166 506,A01,2,7,0,2,8,10,1,
202100019659,166 504,A01,3,30,0,2,1,21,1,
202100019660,166 503,A01,2,7,0,1,1,1,1,
202100019661,166 502,A01,2,7,0,1,1,1,1,
202100019662,166 501,A01,2,7,8,0,1,1,1,
202100019663,166 499,A01,3,7,0,0,2,20,1,
202100019663,166 500,B01,3,1,0,0,1,1,5,
202100019664,166 498,A01,3,10,0,9,3,1,1,
202100019665,166 497,A01,2,7,0,1,2,1,1,
202100019666,166 495,A01,1,7,0,2,1,15,1,
202100019666,166 496,B01,1,7,0,2,1,1,1,
202100019667,166 494,A01,1,3,9,0,1,1,1,
202100019668,166 493,A01,1,7,0,1,1,1,1,
202100019669,166 491,B01,2,7,0,2,0,15,1,
202100019669,166 492,A01,2,30,0,2,2,2,3,
202100019670,166 489,A01,1,7,0,2,2,12,1,
202100019670,166 490,B01,1,50,0,2,3,1,3,
202100019671,166 487,A01,1,7,0,2,8,11,1,
202100019671,166 488,B01,1,31,0,2,2,1,1,
202100019672,166 485,A01,2,1,14,2,2,19,5,
202100019672,166 486,B01,2,10,0,2,1,1,0,
202100019673,166 484,A01,0,7,0,1,1,16,1,
202100019674,166 480,B01,3,7,0,2,7,1,1,
202100019674,166 481,A01,3,80,0,2,1,15,3,
202100019675,166 479,A01,1,7,1,0,1,13,1,
202100019676,166 477,A01,1,33,0,2,7,1,1,
202100019676,166 478,B01,1,7,0,2,6,23,3,
202100019677,166 475,A01,3,7,0,2,3,9,2,
202100019677,166 476,B01,3,33,0,2,5,1,1,
202100019678,166 473,A01,3,2,0,2,1,2,1,
202100019678,166 474,B01,3,7,0,2,4,2,1,
202100019679,166 471,B01,1,33,0,2,6,1,1,
202100019679,166 472,A01,1,7,0,2,0,12,1,
202100019680,166 469,B01,3,7,0,2,3,1,1,
202100019680,166 470,A01,3,33,0,2,3,15,1,
202100019681,166 468,A01,3,33,3,0,2,1,1,
202100019682,166 465,A01,1,7,7,2,1,1,1,
202100019682,166 466,B01,1,7,0,2,8,1,1,
202100019682,166 467,C01,2,7,0,2,8,1,1,
202100019683,166 463,A01,3,33,0,2,1,1,1,
202100019683,166 464,B01,3,7,0,2,8,15,1,
202100019684,166 461,A01,1,32,0,2,1,17,1,
202100019684,166 462,B01,2,7,0,2,3,1,1,
202100019685,166 459,A01,1,7,0,2,1,1,1,
202100019685,166 460,B01,1,7,0,2,4,1,1,
202100019686,166 457,A01,2,7,0,2,6,13,1,
202100019686,166 458,B01,2,33,0,2,1,1,1,
202100019687,166 454,C01,0,10,1,2,6,23,1,
202100019687,166 455,B01,1,7,0,2,3,1,1,
202100019687,166 456,A01,3,7,0,2,2,9,1,
202100019688,166 452,A01,1,7,0,2,2,1,1,
202100019688,166 453,B01,0,1,0,2,8,19,5,
202100019689,166 451,A01,2,7,8,0,1,13,1,
202100019690,166 449,B01,1,7,0,2,3,1,1,
202100019690,166 450,A01,1,7,0,2,1,19,1,
202100019691,166 448,A01,2,33,8,0,1,1,1,
202100019692,166 446,B01,2,7,0,2,1,0,1,
202100019692,166 447,A01,2,7,0,2,4,2,1,
202100019693,166 445,A01,0,2,0,0,8,2,1,
202100019694,166 443,B01,2,37,0,2,2,1,1,1.0
202100019694,166 444,A01,1,50,0,2,8,1,3,
202100019695,166 441,A01,3,10,0,2,1,15,1,
202100019695,166 442,B01,3,2,0,2,1,1,1,
202100019696,166 439,B01,0,10,0,2,2,1,1,
202100019696,166 440,A01,0,2,0,2,7,13,1,
202100019697,166 438,A01,2,7,8,0,1,15,1,
202100019698,166 437,A01,1,3,0,1,1,15,1,
202100019699,166 433,A01,2,7,0,2,1,0,1,
202100019699,166 434,B01,2,7,0,2,0,0,1,
202100019699,166 435,C01,2,7,0,2,0,0,1,
202100019699,166 436,D01,2,7,0,2,4,0,1,
202100019700,166 432,A01,3,33,0,0,8,1,1,
202100019701,166 430,B01,1,7,0,2,6,2,1,
202100019701,166 431,A01,1,30,0,2,1,2,1,
202100019702,166 428,A01,3,7,0,0,5,0,1,
202100019702,166 429,B01,1,7,0,2,1,2,0,
202100019703,166 426,A01,1,50,0,2,8,26,3,
202100019703,166 427,Z01,2,7,0,2,1,13,0,
202100019704,166 423,B01,0,7,0,2,2,15,6,
202100019704,166 424,C01,0,7,0,2,1,0,1,
202100019704,166 425,A01,0,7,0,2,1,10,6,
202100019705,166 421,A01,3,7,0,9,3,9,1,
202100019705,166 422,B01,3,60,0,2,1,9,5,
202100019706,166 419,A01,3,7,0,2,7,15,1,
202100019706,166 420,B01,3,2,0,2,3,19,1,
202100019707,166 417,A01,2,33,0,2,1,2,1,
202100019707,166 418,B01,2,7,0,2,4,15,1,
202100019708,166 415,B01,2,7,0,2,4,2,1,
202100019708,166 416,A01,2,2,0,2,1,2,1,
202100019709,166 413,A01,1,7,0,2,3,15,1,
202100019709,166 414,B01,1,33,0,2,7,17,1,
202100019710,166 410,C01,1,7,0,2,1,2,1,
202100019710,166 411,A01,1,7,0,2,3,26,1,
202100019710,166 412,B01,1,7,0,2,3,5,1,
202100019711,166 409,A01,1,33,0,2,0,21,1,
202100019712,166 407,B01,1,10,0,2,1,1,1,
202100019712,166 408,A01,1,7,0,2,7,1,1,
202100019713,166 405,B01,1,7,0,2,1,1,1,
202100019713,166 406,A01,2,31,0,2,1,5,1,
202100019714,166 402,A01,1,10,0,1,4,4,3,
202100019715,166 400,B01,3,1,0,2,3,1,5,
202100019715,166 401,A01,3,7,0,9,3,9,1,
202100019716,166 398,A01,2,7,0,2,1,15,1,
202100019716,166 399,B01,1,2,0,2,1,1,1,
202100019717,166 396,A01,2,30,0,2,2,1,1,
202100019717,166 397,B01,2,7,0,2,3,15,3,
202100019718,166 394,A01,1,1,0,2,6,1,5,
202100019718,166 395,B01,1,33,0,2,2,15,1,
202100019719,166 392,B01,2,30,0,2,1,1,1,
202100019719,166 393,A01,2,7,0,2,8,9,1,
202100019720,166 391,A01,2,32,0,1,2,17,1,
202100019721,166 390,A01,2,7,0,1,2,1,1,
202100019722,166 388,B01,1,10,0,2,0,10,1,
202100019722,166 389,A01,1,32,0,2,2,17,1,
202100019723,166 386,B01,1,33,0,2,1,1,1,
202100019723,166 387,A01,2,7,0,2,2,15,1,
202100019724,166 384,B01,2,50,0,2,7,1,3,
202100019724,166 385,A01,2,7,0,2,8,22,3,
202100019725,166 382,A01,2,10,0,2,2,16,1,
202100019725,166 383,B01,2,1,0,2,1,1,5,
202100019726,166 381,A01,1,80,0,1,1,1,3,
202100019727,166 380,Z01,2,50,0,1,1,25,3,
202100019728,166 379,A01,3,30,0,0,0,1,1,
202100019729,166 378,A01,1,50,0,1,1,1,3,
202100019730,166 377,A01,2,32,0,1,1,1,1,
202100019731,166 375,A01,1,30,0,2,3,2,1,
202100019731,166 376,Z01,1,7,0,2,0,2,0,
202100019732,166 374,Z01,1,1,0,1,7,1,5,
202100019733,166 372,A01,0,7,0,2,2,1,1,
202100019733,166 373,B01,0,60,0,2,1,19,5,
202100019734,166 371,A01,0,7,0,1,2,1,1,
202100019735,166 369,A01,3,7,0,2,2,1,2,
202100019735,166 370,B01,3,32,0,2,1,1,1,