Num_Acc,id_vehicule,num_veh,senc,catv,obs,obsm,choc,manv,motor,occutc
202100019736,166 368,A01,1,1,0,1,1,1,5,
202100019737,166 366,A01,1,14,0,2,1,2,1,
202100019737,166 367,B01,1,7,0,2,4,2,2,
202100019738,166 364,B01,2,7,0,2,1,16,0,
202100019738,166 365,A01,2,34,0,2,7,2,1,
202100019739,166 362,A01,1,7,0,9,2,15,1,
202100019739,166 363,B01,2,1,0,2,8,1,5,
202100019740,166 359,C01,2,7,0,2,4,2,1,
202100019740,166 360,B01,2,7,0,2,4,2,1,
202100019740,166 361,A01,2,10,0,2,1,2,1,
202100019741,166 357,A01,1,7,0,2,3,19,1,
202100019741,166 358,B01,2,1,0,2,1,19,5,
202100019742,166 356,A01,1,10,0,0,2,1,1,
202100019743,166 355,A01,1,34,0,0,0,2,1,
202100019744,166 353,B01,1,7,1,0,2,1,1,
202100019744,166 354,A01,3,13,1,0,5,23,1,
202100019745,166 351,A01,3,7,0,2,3,11,1,
202100019745,166 352,B01,3,33,0,2,1,2,1,
202100019746,166 347,A01,2,7,0,2,1,1,1,
202100019746,166 348,B01,2,2,0,2,1,9,1,
202100019747,166 345,B01,0,7,0,2,1,1,1,
202100019747,166 346,A01,0,50,0,2,1,1,3,
202100019748,166 343,A01,2,7,0,2,3,13,0,
202100019748,166 344,B01,1,7,0,2,1,0,0,
202100019749,166 341,A01,3,30,0,2,7,1,1,
202100019749,166 342,B01,1,7,0,2,3,1,0,
202100019750,166 340,A01,1,7,14,0,1,19,0,
202100019751,166 338,A01,2,7,0,2,2,9,2,
202100019751,166 339,B01,1,32,0,2,3,1,1,
202100019752,166 336,A01,1,7,0,2,3,9,2,
202100019752,166 337,B01,1,43,0,2,1,1,1,
202100019753,166 334,A01,3,7,0,2,0,0,1,
202100019753,166 335,B01,3,1,1,0,0,0,0,
202100019754,166 333,A01,2,7,9,1,3,9,0,
202100019755,166 331,B01,2,32,0,2,8,1,1,
202100019755,166 332,A01,2,7,0,2,7,12,1,
202100019756,166 330,A01,1,14,0,0,9,4,1,
202100019757,166 328,A01,3,7,0,2,2,0,1,
202100019757,166 329,B01,0,33,0,0,1,0,1,
202100019758,166 326,B01,1,7,0,2,1,2,1,
202100019758,166 327,A01,1,7,4,0,1,23,1,
202100019759,166 325,A01,1,7,6,0,3,1,1,
202100019760,166 323,B01,1,1,0,0,8,2,6,
202100019760,166 324,A01,1,7,0,9,7,2,2,
202100019761,166 322,A01,1,2,11,0,1,1,1,
202100019762,166 321,A01,3,7,5,0,1,1,1,
202100019763,166 320,A01,2,10,6,0,1,1,1,
202100019764,166 319,A01,2,7,13,0,3,1,1,
202100019765,166 317,A01,2,7,0,2,2,15,1,
202100019765,166 318,B01,1,2,0,2,1,1,1,
202100019766,166 315,A01,2,7,0,2,3,1,1,
202100019766,166 316,B01,1,7,0,2,3,1,1,
202100019767,166 314,A01,0,7,2,0,1,1,1,
202100019768,166 312,A01,1,10,0,2,7,17,1,
202100019768,166 313,B01,1,1,0,2,4,2,5,
202100019769,166 310,B01,1,1,0,9,3,13,5,
202100019769,166 311,A01,2,7,0,2,3,1,1,
202100019770,166 308,A01,1,31,0,2,8,1,1,
202100019770,166 309,B01,2,7,0,2,8,1,1,
202100019771,166 306,B01,1,31,0,2,1,1,1,
202100019771,166 307,A01,2,7,0,2,1,13,1,
202100019772,166 305,A01,1,7,2,0,7,1,1,
202100019773,166 304,A01,1,7,8,0,1,2,1,
202100019774,166 300,B01,1,7,0,2,3,16,1,
202100019774,166 301,A01,2,7,0,2,2,1,1,
202100019775,166 299,A01,1,33,0,0,0,1,1,
202100019776,166 298,A01,1,7,16,0,1,1,1,
202100019777,166 296,B01,1,33,0,2,2,17,1,
202100019777,166 297,A01,1,7,0,2,6,17,1,
202100019778,166 294,B01,1,7,0,2,1,1,1,
202100019778,166 295,A01,1,7,0,2,1,5,1,
202100019779,166 292,B01,2,7,0,2,1,13,1,
202100019779,166 293,A01,1,7,0,2,1,1,1,
202100019780,166 290,A01,2,13,6,0,1,1,1,
202100019781,166 289,A01,2,7,6,0,2,1,1,
202100019782,166 286,C01,2,31,0,2,1,13,1,
202100019782,166 287,B01,2,33,0,2,1,13,1,
202100019782,166 288,A01,1,7,0,2,1,1,1,
202100019783,166 284,B01,1,7,0,2,3,1,1,
202100019783,166 285,A01,2,7,0,2,3,17,1,
202100019784,166 283,A01,1,33,13,0,8,1,1,
202100019785,166 282,A01,1,7,0,6,1,21,1,
202100019786,166 281,A01,2,7,0,0,9,21,1,
202100019787,166 278,B01,0,1,0,2,1,1,5,
202100019787,166 279,A01,0,10,0,2,2,13,1,
202100019788,166 277,A01,3,7,6,0,1,0,1,
202100019789,166 275,B01,0,33,0,2,1,1,1,
202100019789,166 276,A01,0,7,0,2,3,26,1,
202100019790,166 274,A01,1,7,3,0,9,14,1,
202100019791,166 273,A01,2,33,0,0,1,16,1,
202100019792,166 270,A01,2,31,0,2,3,13,1,
202100019792,166 271,B01,1,7,0,2,8,1,1,
202100019792,166 272,C01,1,7,0,2,3,1,1,
202100019793,166 269,A01,3,33,12,9,6,1,0,
202100019794,166 268,A01,1,33,12,0,0,0,1,
202100019795,166 267,A01,1,7,12,0,1,2,1,
202100019796,166 265,A01,2,7,0,2,3,1,1,
202100019796,166 266,B01,1,10,0,2,3,1,1,
202100019797,166 263,B01,3,80,0,2,7,1,3,
202100019797,166 264,A01,0,7,0,2,3,15,1,
202100019798,166 262,A01,1,7,2,0,1,1,1,
202100019799,166 259,B01,1,7,0,2,3,23,1,
202100019799,166 260,C01,2,33,0,2,1,0,1,
202100019799,166 261,A01,2,7,0,2,7,15,1,
202100019800,166 257,B01,2,7,0,2,2,1,1,
202100019800,166 258,A01,1,33,0,2,8,19,1,
202100019801,166 255,A01,1,1,0,0,0,1,5,
202100019801,166 256,B01,1,33,0,9,1,1,1,
202100019802,166 253,B01,0,7,7,2,1,1,1,
202100019802,166 254,A01,0,7,0,2,1,19,1,
202100019803,166 251,B01,2,7,3,2,1,1,1,
202100019803,166 252,A01,1,7,3,2,7,13,1,
202100019804,166 249,B01,1,34,0,2,8,1,1,
202100019804,166 250,Z01,1,7,0,2,7,12,1,
202100019805,166 248,A01,2,31,5,0,1,1,1,
202100019806,166 245,B01,1,7,0,2,4,2,2,
202100019806,166 246,C01,1,7,0,2,1,1,1,
202100019806,166 247,A01,1,10,0,2,4,1,1,
202100019807,166 243,A01,1,10,0,2,1,2,1,
202100019807,166 244,B01,1,7,0,2,4,2,1,
202100019808,166 241,A01,2,7,0,2,6,11,1,
202100019808,166 242,B01,2,33,0,2,2,17,1,
202100019809,166 239,B01,2,32,5,2,9,1,1,
202100019809,166 240,A01,2,10,0,2,7,14,1,
202100019810,166 236,A01,2,7,0,2,1,2,1,
202100019810,166 237,B01,2,7,0,2,4,2,1,
202100019810,166 238,C01,2,7,0,2,4,2,1,
202100019811,166 234,A01,2,7,0,2,4,2,1,
202100019811,166 235,B01,2,15,0,2,4,0,1,
202100019812,166 231,A01,1,10,0,2,1,1,1,
202100019812,166 232,B01,1,7,0,2,4,2,1,
202100019812,166 233,C01,1,10,0,2,4,2,1,
202100019813,166 229,A01,2,34,0,2,8,18,0,
202100019813,166 230,B01,2,7,0,0,2,0,1,
202100019814,166 228,A01,2,34,0,5,7,21,1,
202100019815,166 226,A01,1,31,0,2,1,3,1,
202100019815,166 227,B01,1,10,0,2,6,11,1,
202100019816,166 224,B01,2,7,0,2,4,2,1,
202100019816,166 225,A01,2,7,0,2,1,2,1,
202100019817,166 221,A01,1,33,0,2,7,3,1,
202100019817,166 222,B01,1,10,0,2,8,11,1,
202100019817,166 223,C01,1,7,0,0,4,1,1,
202100019818,166 220,A01,1,33,0,0,1,1,1,
202100019819,166 218,B01,1,34,0,2,4,0,0,
202100019819,166 219,A01,1,7,0,2,2,0,0,
202100019820,166 217,A01,1,33,3,0,0,1,1,
202100019821,166 214,B01,2,7,0,2,4,1,1,
202100019821,166 215,A01,2,10,0,2,1,1,0,
202100019821,166 216,C01,2,7,0,2,4,1,1,
202100019822,166 212,A01,2,33,0,2,8,3,1,
202100019822,166 213,B01,2,7,0,2,8,1,1,
202100019823,166 205,B01,2,7,0,2,4,2,1,
202100019823,166 206,G01,2,7,0,2,6,2,2,
202100019823,166 207,F01,2,7,0,2,5,2,1,
202100019823,166 208,E01,2,7,0,2,3,2,1,
202100019823,166 209,A01,2,7,0,2,1,2,1,
202100019823,166 210,D01,2,7,0,2,4,2,1,
202100019823,166 211,C01,2,7,0,2,4,2,1,
202100019824,166 203,A01,2,10,0,2,4,14,1,
202100019824,166 204,B01,2,31,0,2,1,3,1,
202100019825,166 199,C01,1,10,0,2,4,2,1,
202100019825,166 200,D01,1,7,0,2,4,2,1,
202100019825,166 201,A01,1,7,0,2,3,2,1,
202100019825,166 202,B01,1,7,0,2,5,2,1,
202100019826,166 198,Z01,2,30,0,1,0,1,0,
202100019827,166 194,A01,1,7,0,2,3,15,1,
202100019827,166 195,B01,2,1,0,2,8,1,5,
202100019828,166 192,B01,2,7,0,2,4,0,1,
202100019828,166 193,A01,2,1,0,2,1,0,5,
202100019829,166 191,A01,1,7,0,1,2,15,1,
202100019830,166 189,B01,3,30,0,2,1,16,1,
202100019830,166 190,A01,3,7,0,2,1,15,1,
202100019831,166 187,A01,1,1,1,2,7,26,5,
202100019831,166 188,B01,1,7,1,2,3,14,1,
202100019832,166 185,A01,1,7,0,2,1,1,1,
202100019832,166 186,B01,1,2,0,2,8,15,1,
202100019833,166 183,B01,1,2,0,2,7,1,1,
202100019833,166 184,A01,1,7,0,2,1,1,1,
202100019834,166 181,A01,1,50,0,2,3,12,3,
202100019834,166 182,B01,1,7,0,9,3,1,1,
202100019835,166 179,A01,2,7,0,2,1,5,1,
202100019835,166 180,B01,1,7,0,2,1,1,1,
202100019836,166 177,B01,2,40,0,2,1,19,3,
202100019836,166 178,A01,2,7,8,4,3,1,1,
202100019837,166 175,B01,1,34,0,2,2,17,1,
202100019837,166 176,A01,1,7,0,2,3,15,1,
202100019838,166 174,Z01,1,7,0,1,1,0,0,
202100019839,166 173,A01,2,7,1,0,1,0,1,
202100019840,166 172,Z01,3,7,0,1,2,1,0,
202100019841,166 169,B01,2,7,0,0,4,2,1,
202100019841,166 170,A01,2,7,0,2,1,9,1,
202100019841,166 171,C01,2,38,0,0,0,0,1,1.0
202100019842,166 168,A01,1,3,0,1,0,1,0,
202100019843,166 167,A01,2,2,8,0,1,1,1,
202100019844,166 166,A01,1,7,0,1,1,1,1,
202100019845,166 165,A01,2,7,0,1,1,21,1,
202100019846,166 163,B01,1,33,0,2,1,1,1,
202100019846,166 164,A01,1,7,0,2,8,9,1,
202100019847,166 161,B01,1,7,0,2,1,23,1,
202100019847,166 162,A01,1,10,0,1,1,2,1,
202100019848,166 159,A01,2,30,0,2,0,18,1,
202100019848,166 160,B01,2,10,0,2,2,20,1,
202100019849,166 157,A01,1,7,0,2,1,2,1,
202100019849,166 158,B01,1,2,0,2,4,2,1,
202100019850,166 155,A01,2,7,0,2,1,1,1,
202100019850,166 156,B01,2,7,0,0,0,0,6,
202100019851,166 154,A01,3,7,2,0,1,8,1,
202100019852,166 152,B01,1,33,0,2,4,1,1,
202100019852,166 153,A01,1,7,0,2,2,15,1,
202100019853,166 150,A01,3,7,0,2,1,15,0,
202100019853,166 151,B01,3,33,0,2,1,21,6,
202100019854,166 149,A01,1,7,0,1,2,1,1,
202100019855,166 147,B01,1,1,0,2,1,13,6,
202100019855,166 148,A01,1,10,1,9,2,16,1,
202100019856,166 146,A01,3,10,0,1,1,1,1,
202100019857,166 145,A01,1,7,0,1,7,1,1,
202100019858,166 144,A01,1,50,0,0,1,1,3,
202100019859,166 143,A01,0,10,0,1,3,18,1,
202100019860,166 141,A01,1,7,0,2,3,1,1,
202100019860,166 142,B01,2,7,0,2,1,1,1,
202100019861,166 139,B01,2,7,0,2,4,1,2,
202100019861,166 140,A01,2,2,0,2,1,1,1,
202100019862,166 137,B01,2,2,0,2,1,1,1,
202100019862,166 138,A01,1,7,0,2,7,15,1,
202100019863,166 136,A01,2,7,0,1,1,16,1,
202100019864,166 134,B01,1,7,0,2,1,1,1,
202100019864,166 135,A01,2,7,0,2,7,9,1,
202100019865,166 132,A01,1,3,0,2,3,2,3,
202100019865,166 133,B01,1,7,0,2,4,15,1,
202100019866,166 131,A01,1,7,0,0,9,26,1,
202100019867,166 129,B01,0,1,0,2,7,1,5,
202100019867,166 130,A01,0,7,0,2,2,26,1,
202100019868,166 128,A01,0,2,6,0,0,26,1,
202100019869,166 126,A01,3,7,0,2,3,9,1,
202100019869,166 127,B01,3,2,0,2,7,16,1,
202100019870,166 123,B01,2,7,0,2,4,1,1,
202100019870,166 124,C01,2,7,0,2,4,1,1,
202100019870,166 125,A01,2,7,0,2,1,1,1,
202100019871,166 121,B01,2,10,0,9,1,1,1,
202100019871,166 122,A01,1,1,0,2,1,1,5,
202100019872,166 119,B01,2,32,0,2,1,1,1,
202100019872,166 120,A01,1,7,0,2,7,10,1,
202100019873,166 117,A01,3,7,0,2,6,15,1,
202100019873,166 118,B01,3,32,0,2,1,2,1,
202100019874,166 115,A01,2,2,0,2,1,26,3,
202100019874,166 116,B01,1,7,0,2,0,0,1,
202100019875,166 113,B01,2,7,0,2,3,1,1,
202100019875,166 114,A01,1,1,0,2,3,1,5,
202100019876,166 112,A01,1,10,0,1,2,16,1,
202100019877,166 111,A01,0,7,0,1,1,26,1,
202100019878,166 109,A01,2,1,0,2,1,19,5,
202100019878,166 110,B01,2,10,0,2,1,1,1,
202100019879,166 106,B01,1,33,0,2,3,1,1,
202100019879,166 107,A01,2,7,0,2,3,15,2,
202100019880,166 098,B01,2,33,1,2,2,1,1,
202100019880,166 099,A01,1,7,1,0,1,9,1,
202100019881,166 096,A01,0,7,0,1,1,1,1,
202100019882,166 094,A01,0,30,0,2,1,13,1,
202100019882,166 095,B01,0,7,0,2,1,1,1,
202100019883,166 093,A01,1,7,0,1,1,1,1,
202100019884,166 089,B01,3,1,0,2,0,13,0,
202100019884,166 090,A01,2,7,0,9,1,26,1,
202100019885,166 087,A01,1,37,0,2,2,16,1,1.0
202100019885,166 088,B01,1,1,0,2,1,1,5,
202100019886,166 085,B01,3,7,0,0,4,23,1,
202100019886,166 086,A01,3,31,0,2,1,2,1,
202100019887,166 083,B01,0,32,0,0,0,0,1,
202100019887,166 084,A01,0,3,0,0,0,0,1,
202100019888,166 081,A01,1,7,0,2,2,15,1,
202100019888,166 082,B01,1,32,0,2,2,0,1,
202100019889,166 079,Z01,3,33,0,2,1,13,1,
202100019889,166 080,B01,3,7,0,2,3,1,1,
202100019890,166 078,A01,1,7,0,1,1,1,1,
202100019891,166 077,A01,1,3,8,1,2,26,0,
202100019892,166 075,A01,3,7,0,2,1,1,1,
202100019892,166 076,B01,3,7,0,2,4,2,1,
202100019893,166 073,A01,3,7,0,2,1,2,1,
202100019893,166 074,B01,1,7,0,2,4,2,1,
202100019894,166 072,A01,2,30,8,1,1,12,1,
202100019895,166 070,B01,1,33,0,2,1,2,1,
202100019895,166 071,A01,1,7,16,0,3,10,1,
202100019896,166 068,B01,1,10,0,0,5,1,1,
202100019896,166 069,A01,1,33,0,2,3,21,1,
202100019897,166 067,A01,1,7,3,0,1,14,1,
202100019898,166 065,B01,2,80,0,2,7,1,3,
202100019898,166 066,A01,2,10,0,2,8,22,1,
202100019899,166 063,A01,1,1,0,2,4,2,5,
202100019899,166 064,Z01,1,7,0,2,2,2,1,
202100019900,166 059,A01,1,7,0,2,1,1,2,
202100019900,166 060,B01,1,7,0,2,4,1,1,
202100019900,166 061,C01,1,7,0,2,5,1,1,
202100019900,166 062,D01,1,7,0,2,5,24,1,
202100019901,166 057,B01,1,7,0,2,7,1,1,
202100019901,166 058,A01,0,7,0,2,2,5,1,
202100019902,166 056,A01,1,80,12,0,2,12,3,
202100019903,166 054,B01,2,1,0,2,0,1,5,
202100019903,166 055,A01,2,13,0,2,0,13,1,
202100019904,166 053,A01,1,30,0,0,0,21,3,
202100019905,166 050,A01,1,7,0,2,3,2,1,
202100019905,166 051,B01,1,32,0,2,4,23,1,
202100019905,166 052,C01,1,7,0,2,4,23,1,
202100019906,166 048,A01,1,10,0,2,4,12,1,
202100019906,166 049,B01,1,33,0,2,1,1,1,
202100019907,166 046,A01,1,7,0,2,1,1,1,
202100019907,166 047,[01,1,7,0,2,6,11,0,
202100019908,166 044,A01,1,10,0,2,3,11,1,
202100019908,166 045,B01,1,32,0,2,2,1,1,
202100019909,166 043,A01,2,32,0,0,0,1,1,
202100019910,166 041,B01,1,80,8,2,7,17,3,
202100019910,166 042,A01,1,80,8,2,8,13,3,
202100019911,166 040,A01,2,32,0,1,7,21,1,
202100019912,166 038,B01,1,7,0,2,4,1,1,
202100019912,166 039,A01,1,7,0,2,1,2,1,
202100019913,166 036,A01,1,7,14,2,1,16,1,
202100019913,166 037,B01,1,7,1,2,1,17,1,
202100019914,166 034,B01,2,80,0,2,5,1,3,
202100019914,166 035,A01,2,7,0,2,3,1,1,
202100019915,166 033,A01,1,7,0,1,7,1,1,
202100019916,166 032,A01,1,37,0,1,1,1,1,1.0
202100019917,166 030,B01,2,15,0,2,2,1,1,
202100019917,166 031,A01,2,7,0,2,8,9,1,
202100019918,166 029,A01,3,7,0,1,1,1,1,
202100019919,166 028,A01,2,32,0,0,3,26,1,
202100019920,166 026,B01,1,34,0,2,2,17,1,
202100019920,166 027,Z01,3,7,0,0,0,0,0,
202100019921,166 023,A01,3,7,0,2,3,9,1,
202100019921,166 024,B01,3,32,0,2,1,17,1,
202100019921,166 025,C01,3,7,0,2,1,5,1,
202100019922,166 021,A01,3,7,0,2,7,1,1,
202100019922,166 022,B01,3,7,0,2,3,1,1,
202100019923,166 019,A01,3,7,0,2,3,19,1,
202100019923,166 020,B01,3,7,0,2,8,15,1,
202100019924,166 018,A01,3,7,0,1,2,1,1,
202100019925,166 015,C01,2,7,0,2,8,0,1,
202100019925,166 016,B01,2,7,8,2,7,0,2,
202100019925,166 017,A01,2,7,0,2,8,11,1,
202100019926,166 014,A01,2,7,1,1,1,1,0,
202100019927,166 012,B01,0,31,0,2,1,1,1,
202100019927,166 013,A01,0,7,0,2,2,15,1,
202100019928,166 010,B01,3,30,0,2,3,9,0,
202100019928,166 011,A01,3,7,0,2,0,9,0,
202100019929,166 009,A01,1,1,0,1,2,1,5,
202100019930,166 007,A01,1,33,0,2,2,17,1,
202100019930,166 008,B01,1,7,0,2,3,15,1,
202100019931,166 005,B01,1,7,0,2,2,1,1,
202100019931,166 006,A01,1,10,0,2,2,9,1,
202100019932,166 004,A01,1,32,0,0,8,26,1,
202100019933,166 003,A01,2,30,0,1,1,1,1,
202100019934,166 001,B01,2,7,0,2,3,9,1,
202100019934,166 002,A01,2,30,1,2,2,17,1,
202100019935,165 999,A01,2,32,0,2,7,17,1,
202100019935,166 000,B01,2,7,0,2,1,15,1,
202100019936,165 997,A01,0,7,8,2,3,0,1,
202100019936,165 998,B01,0,7,8,2,1,0,1,
202100019937,165 995,A01,0,7,0,2,3,13,1,
202100019937,165 996,B01,0,7,0,2,3,1,1,
202100019938,165 993,B01,1,7,0,2,3,1,1,
202100019938,165 994,A01,2,7,0,2,1,13,1,
202100019939,165 991,B01,2,10,0,2,1,1,1,
202100019939,165 992,A01,3,7,0,2,8,15,1,
202100019940,165 989,A01,1,7,0,2,1,1,1,
202100019940,165 990,B01,2,7,0,2,1,13,1,
202100019941,165 987,A01,1,10,0,9,3,13,1,
202100019941,165 988,B01,1,1,0,2,1,1,5,
202100019942,165 986,A01,1,7,2,0,1,1,1,
202100019943,165 984,A01,0,7,0,2,8,1,1,
202100019943,165 985,B01,3,7,0,2,1,0,1,
202100019944,165 982,A01,1,7,0,2,3,1,1,
202100019944,165 983,B01,2,7,0,2,2,15,1,
202100019945,165 981,A01,2,7,4,0,1,2,1,
202100019946,165 979,A01,1,14,0,2,1,1,1,
202100019946,165 980,B01,1,7,0,2,4,1,1,
202100019947,165 978,A01,2,7,0,1,2,1,1,
202100019948,165 977,A01,3,33,13,0,1,1,1,
202100019949,165 976,A01,1,33,13,0,1,14,1,
202100019950,165 974,B01,3,1,0,2,1,0,5,
202100019950,165 975,A01,3,7,0,2,1,1,1,
202100019951,165 972,A01,1,33,0,2,1,1,1,
202100019951,165 973,B01,3,7,0,2,3,15,1,
202100019952,165 970,A01,0,7,0,2,2,1,1,
202100019952,165 971,B01,0,7,0,2,3,1,1,
202100019953,165 969,A01,1,7,2,0,1,1,1,
202100019954,165 966,C01,2,7,0,2,1,1,1,
202100019954,165 967,B01,2,7,0,2,3,1,1,
202100019954,165 968,A01,1,10,0,2,3,5,1,
202100019955,165 965,A01,1,33,3,0,9,1,1,
202100019956,165 964,A01,1,33,3,0,0,1,1,
202100019957,165 961,B01,1,7,0,2,1,1,1,
202100019957,165 962,A01,2,7,0,2,1,13,1,
202100019957,165 963,C01,1,7,0,2,1,2,2,
202100019958,165 960,A01,1,7,6,0,1,0,1,
202100019959,165 959,A01,2,2,0,0,7,1,1,
202100019960,165 955,C01,2,7,0,2,1,1,1,
202100019960,165 956,B01,2,7,0,2,3,1,1,
202100019960,165 957,A01,1,7,0,2,1,13,1,
202100019961,165 953,B01,1,7,0,2,8,1,1,
202100019961,165 954,A01,1,2,0,2,7,15,1,
202100019962,165 951,A01,3,31,0,2,3,1,1,
202100019962,165 952,B01,0,7,0,2,3,1,3,
202100019963,165 950,A01,2,33,13,0,1,11,1,
202100019964,165 949,A01,2,1,9,0,1,1,5,
202100019965,165 947,A01,2,7,2,2,8,13,1,
202100019965,165 948,B01,1,33,0,2,1,1,1,
202100019966,165 946,A01,3,21,0,0,9,1,1,
202100019967,165 944,A01,2,7,0,2,1,1,1,
202100019967,165 945,B01,2,7,0,2,1,13,1,
202100019968,165 943,A01,1,10,2,0,2,14,1,
202100019969,165 941,A01,1,7,0,2,3,13,1,
202100019969,165 942,B01,2,7,0,2,3,1,0,
202100019970,165 939,B01,2,7,0,2,1,1,1,
202100019970,165 940,A01,1,7,0,2,1,13,1,
202100019971,165 937,B01,2,31,0,0,3,21,1,
202100019971,165 938,A01,3,7,0,0,0,15,1,
202100019972,165 935,A01,2,7,0,2,2,1,1,
202100019972,165 936,B01,1,7,0,2,2,15,1,
202100019973,165 931,A01,2,7,0,2,1,17,1,
202100019973,165 932,B01,1,7,0,2,2,1,1,
202100019974,165 929,B01,3,2,0,2,7,1,1,
202100019974,165 930,A01,3,7,0,2,2,9,2,
202100019975,165 927,A01,2,17,0,2,2,12,1,
202100019975,165 928,B01,2,7,0,0,8,1,1,
202100019976,165 926,A01,1,7,0,1,3,1,2,
202100019977,165 925,A01,1,2,13,0,2,0,1,
202100019978,165 923,B01,1,7,0,0,0,15,0,
202100019978,165 924,A01,2,36,3,0,2,1,1,
202100019979,165 918,C01,1,7,0,0,0,23,0,
202100019979,165 919,B01,1,7,0,2,1,23,0,
202100019979,165 920,E01,1,7,0,0,0,23,0,
202100019979,165 921,D01,1,7,1,2,1,1,0,
202100019979,165 922,A01,1,7,0,0,4,23,0,
202100019980,165 916,B01,1,10,0,0,6,24,1,
202100019980,165 917,A01,1,17,0,2,5,21,1,
202100019981,165 915,A01,1,17,3,0,7,14,1,
202100019982,165 914,A01,1,10,13,0,0,14,1,
202100019983,165 912,A01,2,7,0,2,2,5,1,
202100019983,165 913,B01,1,33,0,2,1,1,1,
202100019984,165 910,B01,2,7,0,2,1,2,1,
202100019984,165 911,A01,2,10,0,2,4,2,1,
202100019985,165 908,A01,1,7,0,0,0,15,1,
202100019985,165 909,B01,1,2,8,0,1,1,1,
202100019986,165 907,A01,1,33,3,0,8,1,1,
202100019987,165 906,A01,1,10,0,0,7,26,1,
202100019988,165 904,B01,1,31,0,2,0,1,1,
202100019988,165 905,A01,1,7,0,2,1,12,1,
202100019989,165 902,B01,3,10,7,2,1,1,1,
202100019989,165 903,A01,3,7,0,2,8,9,1,
202100019990,165 900,B01,2,7,4,2,4,2,1,
202100019990,165 901,A01,2,7,0,2,1,2,1,
202100019991,165 898,A01,2,2,0,0,1,1,1,
202100019992,165 896,B01,3,10,0,2,2,15,1,
202100019992,165 897,A01,1,7,0,2,1,1,1,
202100019993,165 895,A01,1,10,0,1,2,1,1,
202100019994,165 893,A01,3,7,0,1,4,4,1,
202100019995,165 892,A01,2,33,11,9,1,1,1,
202100019996,165 889,B01,2,33,0,2,4,23,1,
202100019996,165 890,A01,2,7,0,0,6,1,1,
202100019996,165 891,C01,2,31,0,2,9,17,1,
202100019997,165 888,A01,1,31,0,0,0,0,1,
202100019998,165 887,A01,2,7,8,0,1,0,1,
202100019999,165 886,A01,1,10,2,0,1,15,1,
202100020000,165 884,A01,2,43,0,2,1,17,1,
202100020000,165 885,B01,2,7,0,9,6,15,1,
202100020001,165 882,B01,3,30,0,0,1,15,1,
202100020001,165 883,A01,0,7,0,0,2,17,1,
202100020002,165 881,A01,1,7,13,0,3,1,1,
202100020003,165 879,A01,1,7,0,2,1,1,1,
202100020003,165 880,B01,1,7,0,2,2,26,1,
202100020004,165 877,B01,0,21,0,2,1,1,1,
202100020004,165 878,A01,0,7,0,2,4,1,1,
202100020005,165 876,A01,2,7,0,1,3,1,1,
202100020006,165 875,A01,2,33,0,0,8,3,1,
202100020007,165 871,D01,0,10,0,2,1,2,3,
202100020007,165 872,A01,1,10,0,2,4,2,1,
202100020007,165 873,B01,1,7,0,2,4,2,1,
202100020007,165 874,C01,1,7,0,2,4,2,1,
202100020008,165 866,C01,2,7,0,2,1,1,1,
202100020008,165 867,D01,2,7,0,2,1,1,1,
202100020008,165 868,E01,2,7,0,2,1,1,1,
202100020008,165 869,A01,2,7,0,2,4,1,1,
202100020008,165 870,B01,2,7,0,2,1,1,1,
202100020009,165 864,A01,1,10,13,2,9,18,1,
202100020009,165 865,B01,1,7,0,2,4,1,1,
202100020010,165 862,A01,1,7,0,2,1,2,1,
202100020010,165 863,B01,1,7,0,2,4,2,1,
202100020011,165 859,A01,1,7,0,2,1,2,1,
202100020011,165 860,C01,1,7,0,2,4,2,1,
202100020011,165 861,B01,1,10,0,2,4,2,1,
202100020012,165 856,A01,2,7,0,2,7,1,1,
202100020012,165 857,B01,2,34,0,2,8,3,1,
202100020012,165 858,C01,2,7,0,2,4,1,1,
202100020013,165 854,A01,2,10,0,2,8,11,1,
202100020013,165 855,B01,2,33,0,2,2,3,1,
202100020014,165 852,A01,2,7,0,2,1,2,1,
202100020014,165 853,B01,2,7,0,2,1,2,1,
202100020015,165 850,B01,2,33,0,2,8,3,1,
202100020015,165 851,A01,2,7,0,2,7,12,1,
202100020016,165 848,B01,2,7,0,2,4,2,1,
202100020016,165 849,A01,2,15,0,2,1,23,1,
202100020017,165 847,A01,1,7,4,0,1,1,1,
202100020018,165 846,A01,1,33,16,0,0,2,1,
202100020019,165 843,A01,1,7,0,2,1,12,1,
202100020019,165 844,B01,1,7,0,2,4,0,1,
202100020019,165 845,C01,1,7,0,2,4,2,1,
202100020020,165 840,C01,1,7,0,2,5,2,1,
202100020020,165 841,B01,1,7,0,2,4,2,1,
202100020020,165 842,A01,1,7,0,2,1,1,1,
202100020021,165 838,A01,1,10,0,2,4,2,1,
202100020021,165 839,B01,1,7,4,2,4,2,1,
202100020022,165 836,A01,2,7,0,2,4,1,1,
202100020022,165 837,Z01,2,7,0,2,1,1,1,
202100020023,165 834,A01,2,17,0,2,1,1,1,
202100020023,165 835,B01,2,14,0,2,4,1,1,
202100020024,165 831,C01,2,7,0,2,4,2,1,
202100020024,165 832,A01,2,7,0,2,1,1,1,
202100020024,165 833,B01,2,7,0,2,4,2,1,