Num_Acc,id_vehicule,num_veh,senc,catv,obs,obsm,choc,manv,motor,occutc
202100020025,165 830,A01,2,33,13,0,7,1,1,
202100020026,165 828,B01,1,7,0,2,6,1,1,
202100020026,165 829,A01,1,7,0,2,2,14,1,
202100020027,165 826,B01,1,10,0,2,7,12,1,
202100020027,165 827,A01,1,7,0,2,8,0,1,
202100020028,165 824,A01,2,7,0,2,3,19,1,
202100020028,165 825,B01,2,33,0,2,1,1,1,
202100020029,165 823,A01,1,7,0,1,1,1,1,
202100020030,165 822,A01,3,7,0,1,2,1,1,
202100020031,165 821,A01,2,7,0,1,1,1,1,
202100020032,165 820,Z01,2,30,0,1,0,1,1,
202100020033,165 818,A01,1,7,0,1,8,1,1,
202100020034,165 816,B01,2,7,0,2,1,5,1,
202100020034,165 817,A01,1,7,0,2,1,5,1,
202100020035,165 814,A01,2,7,0,2,2,1,1,
202100020035,165 815,B01,1,7,0,2,1,16,1,
202100020036,165 813,A01,1,30,0,0,0,0,1,
202100020037,165 812,A01,3,30,0,1,1,17,1,
202100020038,165 810,A01,3,7,15,0,1,15,1,
202100020038,165 811,B01,3,31,15,0,7,15,1,
202100020039,165 808,B01,3,31,0,2,1,1,1,
202100020039,165 809,A01,3,10,0,2,8,1,1,
202100020040,165 806,A01,1,32,0,2,1,7,1,
202100020040,165 807,B01,1,7,0,2,2,16,1,
202100020041,165 804,A01,2,10,0,9,5,26,1,
202100020041,165 805,B01,2,50,0,2,1,2,3,
202100020042,165 802,B01,2,50,0,2,1,17,3,
202100020042,165 803,A01,2,1,0,2,8,15,5,
202100020043,165 801,A01,2,7,0,1,1,15,1,
202100020044,165 799,A01,1,7,0,9,1,1,1,
202100020044,165 800,B01,3,99,0,2,0,19,5,
202100020045,165 797,Z01,1,60,0,2,0,0,5,
202100020045,165 798,B01,2,80,0,2,8,1,3,
202100020046,165 795,B01,3,10,0,2,4,1,1,
202100020046,165 796,A01,3,10,0,2,1,2,1,
202100020047,165 793,A01,1,7,0,2,3,2,1,
202100020047,165 794,B01,1,7,0,2,5,2,1,
202100020048,165 791,B01,1,7,0,2,8,20,1,
202100020048,165 792,A01,1,2,0,2,3,17,1,
202100020049,165 789,B01,2,7,0,0,4,2,1,
202100020049,165 790,A01,2,10,0,2,1,2,1,
202100020050,165 787,B01,2,7,0,2,6,0,1,
202100020050,165 788,A01,2,1,1,0,3,5,5,
202100020051,165 785,A01,3,7,0,2,1,1,1,
202100020051,165 786,B01,3,7,0,2,5,2,1,
202100020052,165 784,A01,3,7,0,1,8,1,1,
202100020053,165 782,B01,3,2,0,2,2,17,1,
202100020053,165 783,A01,3,10,0,2,3,15,1,
202100020054,165 779,A01,1,7,0,2,5,15,1,
202100020054,165 780,B01,2,33,0,2,7,1,1,
202100020054,165 781,C01,2,7,0,2,5,2,1,
202100020055,165 778,A01,1,7,0,1,1,15,1,
202100020056,165 776,B01,2,7,0,2,0,0,1,
202100020056,165 777,A01,2,7,0,2,1,1,1,
202100020057,165 774,A01,0,10,0,2,1,19,1,
202100020057,165 775,B01,0,10,0,2,1,1,1,
202100020058,165 770,A01,1,33,14,2,8,17,1,
202100020058,165 771,B01,1,30,15,2,2,1,1,
202100020059,165 769,A01,1,30,0,0,0,26,1,
202100020060,165 767,A01,2,33,0,2,1,16,1,
202100020060,165 768,B01,1,7,0,2,8,1,2,
202100020061,165 765,Z01,1,7,1,2,0,0,0,
202100020061,165 766,B01,2,33,1,2,1,1,1,
202100020062,165 763,B01,2,1,0,2,6,2,0,
202100020062,165 764,A01,2,7,0,2,2,17,1,
202100020063,165 761,B01,2,7,0,2,3,15,1,
202100020063,165 762,A01,2,30,0,2,1,17,1,
202100020064,165 760,A01,2,10,0,1,2,16,1,
202100020065,165 758,A01,1,7,0,2,3,15,0,
202100020065,165 759,B01,1,31,0,2,3,1,0,
202100020066,165 757,A01,2,7,2,0,1,14,1,
202100020067,165 755,B01,3,33,9,2,1,1,1,
202100020067,165 756,A01,3,7,9,2,6,1,1,
202100020068,165 754,A01,1,7,1,1,0,15,1,
202100020069,165 752,B01,2,33,0,2,2,1,1,
202100020069,165 753,A01,2,7,0,2,8,9,1,
202100020070,165 751,A01,2,7,0,1,3,1,1,
202100020071,165 749,B01,1,1,0,2,1,1,0,
202100020071,165 750,A01,1,7,0,2,2,15,1,
202100020072,165 748,A01,3,34,0,1,1,11,1,
202100020073,165 746,B01,0,31,0,2,8,15,1,
202100020073,165 747,A01,0,7,0,2,3,15,1,
202100020074,165 744,B01,1,7,0,2,3,26,1,
202100020074,165 745,A01,1,10,0,2,2,16,1,
202100020075,165 742,A01,2,7,0,2,1,15,1,
202100020075,165 743,B01,1,33,0,2,1,1,1,
202100020076,165 739,A01,3,50,0,0,0,26,3,
202100020077,165 738,A01,1,7,0,1,1,1,1,
202100020078,165 736,B01,1,7,0,2,5,1,1,
202100020078,165 737,A01,1,7,0,2,1,1,1,
202100020079,165 733,C01,1,37,0,2,6,23,1,1.0
202100020079,165 734,B01,1,7,0,2,4,23,1,
202100020079,165 735,A01,1,7,0,2,1,1,1,
202100020080,165 730,A01,3,17,0,2,1,2,1,
202100020080,165 731,C01,3,7,0,2,4,23,1,
202100020080,165 732,B01,3,7,0,2,4,23,1,
202100020081,165 729,A01,1,7,0,1,3,15,1,
202100020082,165 726,A01,0,7,3,0,1,1,1,
202100020083,165 724,A01,3,7,0,2,2,1,1,
202100020083,165 725,B01,3,1,0,2,1,19,5,
202100020084,165 722,A01,1,7,0,2,1,15,1,
202100020084,165 723,B01,2,7,0,2,1,1,1,
202100020085,165 720,A01,3,7,0,2,3,15,1,
202100020085,165 721,B01,3,2,0,2,1,17,0,
202100020086,165 718,B01,1,17,0,2,1,1,1,
202100020086,165 719,A01,1,7,0,2,1,0,1,
202100020087,165 717,A01,1,10,0,1,6,25,0,
202100020088,165 715,A01,3,7,0,2,1,1,1,
202100020088,165 716,B01,3,7,0,0,5,13,1,
202100020089,165 714,A01,0,7,9,0,2,1,1,
202100020090,165 713,A01,1,33,0,1,8,1,1,
202100020091,165 712,A01,3,7,0,1,2,1,1,
202100020092,165 710,A01,3,7,0,2,7,15,1,
202100020092,165 711,B01,3,50,0,0,1,0,3,
202100020093,165 709,A01,1,7,0,1,4,26,1,
202100020094,165 708,A01,2,7,2,0,7,14,1,
202100020095,165 706,A01,2,31,0,2,3,12,1,
202100020095,165 707,B01,2,7,0,2,5,2,1,
202100020096,165 703,A01,3,32,0,2,2,13,1,
202100020096,165 704,B01,1,7,0,2,6,2,2,
202100020096,165 705,C01,3,32,0,2,1,3,1,
202100020097,165 701,Z01,0,7,0,2,2,12,0,
202100020097,165 702,A01,3,31,0,2,5,3,1,
202100020098,165 699,A01,2,30,0,2,4,23,3,
202100020098,165 700,B01,2,10,0,2,1,1,1,
202100020099,165 697,A01,2,32,0,2,1,2,1,
202100020099,165 698,B01,2,7,0,2,6,2,2,
202100020100,165 695,A01,1,7,0,2,1,1,1,
202100020100,165 696,B01,2,1,0,2,1,13,5,
202100020101,165 694,Z01,1,7,0,1,0,1,0,
202100020102,165 692,A01,3,13,0,2,0,14,1,
202100020102,165 693,B01,3,30,0,2,0,1,3,
202100020103,165 690,A01,0,33,0,2,1,16,1,
202100020103,165 691,B01,3,80,0,2,2,1,3,
202100020104,165 689,A01,0,1,0,1,2,5,5,
202100020105,165 687,A01,2,1,0,2,3,1,5,
202100020105,165 688,B01,2,7,0,2,0,1,2,
202100020106,165 685,Z01,2,10,0,2,2,16,1,
202100020106,165 686,A01,2,50,0,2,8,1,3,
202100020107,165 683,B01,1,7,0,0,5,9,1,
202100020107,165 684,A01,1,33,0,2,3,9,1,
202100020108,165 681,Z01,1,30,0,2,0,1,0,
202100020108,165 682,A01,1,1,0,2,8,1,5,
202100020109,165 680,Z01,2,30,0,1,0,1,0,
202100020110,165 678,B01,2,80,0,2,1,1,3,
202100020110,165 679,A01,2,7,0,2,3,22,1,
202100020111,165 676,Z01,2,7,0,2,4,10,0,
202100020111,165 677,A01,1,50,0,2,1,1,3,
202100020112,165 674,A01,2,31,0,2,1,18,3,
202100020112,165 675,B01,2,10,0,2,2,16,3,
202100020113,165 673,A01,2,80,12,0,7,14,3,
202100020114,165 671,B01,1,7,0,2,2,16,1,
202100020114,165 672,A01,1,30,0,2,1,18,1,
202100020115,165 670,A01,1,7,0,1,1,1,1,
202100020116,165 669,A01,2,32,1,0,2,21,1,
202100020117,165 665,A01,1,7,0,0,8,22,1,
202100020117,165 666,B01,1,1,1,0,3,17,5,
202100020118,165 664,A01,3,10,0,1,0,0,1,
202100020119,165 662,B01,1,1,0,2,1,1,5,
202100020119,165 663,A01,1,7,0,2,3,1,1,
202100020120,165 661,A01,3,7,0,1,1,1,1,
202100020121,165 660,A01,3,2,0,0,0,1,1,
202100020122,165 658,B01,1,7,0,2,4,2,1,
202100020122,165 659,A01,1,7,0,2,1,1,1,
202100020123,165 656,B01,3,50,0,2,1,19,3,
202100020123,165 657,A01,2,7,0,2,3,1,1,
202100020124,165 654,B01,1,7,0,2,1,1,1,
202100020124,165 655,A01,3,1,0,2,8,19,5,
202100020125,165 652,A01,1,10,0,9,5,1,1,
202100020125,165 653,B01,1,7,0,2,1,1,3,
202100020126,165 650,B01,2,30,0,2,1,3,0,
202100020126,165 651,A01,1,7,0,2,3,23,0,
202100020127,165 648,A01,2,7,1,0,1,17,0,
202100020127,165 649,B01,1,2,0,2,1,0,0,
202100020128,165 646,A01,0,33,0,2,1,1,1,
202100020128,165 647,B01,0,33,0,2,4,2,1,
202100020129,165 644,B01,1,10,0,2,4,0,0,
202100020129,165 645,A01,1,7,0,2,1,2,1,
202100020130,165 642,B01,1,7,0,2,2,15,1,
202100020130,165 643,A01,1,32,0,2,1,18,1,
202100020131,165 640,A01,3,33,0,2,0,17,1,
202100020131,165 641,B01,3,7,0,2,1,9,1,
202100020132,165 638,A01,1,7,0,2,1,16,1,
202100020132,165 639,B01,3,1,0,2,8,19,5,
202100020133,165 637,A01,1,7,1,0,7,1,0,
202100020134,165 635,A01,1,1,0,2,7,19,5,
202100020134,165 636,B01,1,2,0,2,1,1,1,
202100020135,165 633,A01,1,33,0,2,1,26,1,
202100020135,165 634,B01,1,32,0,2,4,0,1,
202100020136,165 632,A01,1,7,0,1,8,15,1,
202100020137,165 631,A01,2,7,0,1,2,1,1,
202100020138,165 629,A01,3,7,0,2,3,15,1,
202100020138,165 630,B01,2,7,0,2,1,1,1,
202100020139,165 627,B01,2,7,0,2,1,1,1,
202100020139,165 628,A01,2,7,0,2,1,11,1,
202100020140,165 626,A01,1,7,8,0,3,1,1,
202100020141,165 625,A01,1,10,2,0,1,0,1,
202100020142,165 623,A01,2,7,0,2,3,13,1,
202100020142,165 624,B01,1,7,0,2,1,1,1,
202100020143,165 622,A01,2,7,0,0,9,9,1,
202100020144,165 621,A01,1,7,0,0,1,1,1,
202100020145,165 619,B01,1,7,0,2,1,1,1,
202100020145,165 620,A01,2,7,0,2,3,15,1,
202100020146,165 618,A01,1,7,13,0,1,1,1,
202100020147,165 617,A01,3,33,0,0,9,1,1,
202100020148,165 615,B01,2,7,0,2,3,1,1,
202100020148,165 616,A01,1,7,0,2,3,13,1,
202100020149,165 614,A01,1,7,0,1,1,1,1,
202100020150,165 612,B01,0,7,0,0,1,1,1,
202100020150,165 613,A01,0,7,0,0,3,15,1,
202100020151,165 611,A01,2,33,8,0,0,1,1,
202100020152,165 609,B01,2,7,0,2,1,1,1,
202100020152,165 610,A01,1,7,0,2,8,19,1,
202100020153,165 608,A01,1,7,0,1,7,1,1,
202100020154,165 607,A01,3,7,0,1,1,1,1,
202100020155,165 605,A01,2,33,0,2,1,13,1,
202100020155,165 606,B01,2,7,0,2,8,15,1,
202100020156,165 604,A01,1,7,0,1,8,1,1,
202100020157,165 602,B01,1,33,0,2,3,1,1,
202100020157,165 603,A01,1,7,0,2,1,1,1,
202100020158,165 601,A01,3,7,2,0,8,1,1,
202100020159,165 599,A01,2,7,0,2,3,13,1,
202100020159,165 600,B01,1,17,0,2,3,1,1,
202100020160,165 598,A01,2,2,7,0,1,0,1,
202100020161,165 597,A01,2,43,0,0,0,1,1,
202100020162,165 595,A01,3,7,0,2,3,15,1,
202100020162,165 596,B01,1,33,0,2,1,1,1,
202100020163,165 594,A01,2,7,0,1,1,16,3,
202100020164,165 592,A01,2,33,0,0,4,0,1,
202100020164,165 593,B01,2,7,0,2,4,0,1,
202100020165,165 589,C01,2,38,0,2,1,1,1,2.0
202100020165,165 590,B01,2,15,0,2,6,1,0,
202100020165,165 591,A01,1,17,3,2,6,26,1,
202100020166,165 587,B01,1,30,0,2,2,21,1,
202100020166,165 588,A01,3,38,0,2,3,16,1,1.0
202100020167,165 586,A01,1,15,0,0,2,14,1,
202100020168,165 585,A01,1,7,3,0,2,1,1,
202100020169,165 583,B01,2,10,3,2,4,2,1,
202100020169,165 584,A01,2,7,0,2,1,2,1,
202100020170,165 580,C01,1,15,0,2,7,2,1,
202100020170,165 581,B01,1,7,3,2,6,24,1,
202100020170,165 582,A01,1,7,1,2,2,18,1,
202100020171,165 579,A01,1,17,16,0,7,1,1,
202100020172,165 578,A01,1,33,3,0,1,1,1,
202100020173,165 576,A01,2,7,0,2,3,1,1,
202100020173,165 577,B01,1,30,0,2,1,5,1,
202100020174,165 574,B01,1,7,0,2,3,15,1,
202100020174,165 575,A01,1,7,8,2,6,1,1,
202100020175,165 572,B01,1,2,0,2,8,19,1,
202100020175,165 573,A01,1,7,0,2,8,1,1,
202100020176,165 571,A01,2,7,8,1,1,15,1,
202100020177,165 569,B01,3,7,0,0,5,2,1,
202100020177,165 570,A01,3,31,0,2,1,2,1,
202100020178,165 567,B01,2,80,0,2,7,1,3,
202100020178,165 568,A01,0,7,0,9,2,16,1,
202100020179,165 565,A01,3,7,0,2,3,9,1,
202100020179,165 566,B01,3,1,0,2,7,2,5,
202100020180,165 563,A01,3,7,0,2,3,1,1,
202100020180,165 564,B01,3,31,15,2,3,1,1,
202100020181,165 562,A01,2,15,3,0,7,1,1,
202100020182,165 560,A01,2,7,0,9,4,4,1,
202100020182,165 561,B01,1,1,0,2,8,25,0,
202100020183,165 559,A01,2,7,2,0,1,14,1,
202100020184,165 558,A01,3,31,12,0,2,1,1,
202100020185,165 557,A01,3,32,0,0,2,1,1,
202100020186,165 555,A01,1,7,0,2,1,9,1,
202100020186,165 556,B01,2,50,0,2,7,1,3,
202100020187,165 554,A01,1,33,8,0,8,0,1,
202100020188,165 553,A01,1,7,0,1,2,2,1,
202100020189,165 552,A01,2,33,13,0,1,1,1,
202100020190,165 550,A01,1,7,0,2,3,1,1,
202100020190,165 551,B01,2,7,0,2,3,1,1,
202100020191,165 548,B01,2,1,0,2,1,1,5,
202100020191,165 549,A01,2,3,0,2,4,26,1,
202100020192,165 546,B01,2,7,0,2,3,13,1,
202100020192,165 547,A01,2,10,0,2,5,14,1,
202100020193,165 544,A01,2,7,0,2,8,11,1,
202100020193,165 545,B01,2,33,0,2,8,3,1,
202100020194,165 542,B01,2,7,0,2,4,2,1,
202100020194,165 543,A01,2,7,0,2,1,2,1,
202100020195,165 540,A01,2,33,0,2,1,3,1,
202100020195,165 541,B01,2,7,0,2,4,2,1,
202100020196,165 539,A01,2,33,0,0,0,0,1,
202100020197,165 535,B01,1,17,0,2,4,2,1,
202100020197,165 536,D01,1,7,0,2,4,2,1,
202100020197,165 537,C01,1,7,0,2,4,2,1,
202100020197,165 538,A01,1,17,0,2,1,2,1,
202100020198,165 533,A01,2,7,0,2,8,11,1,
202100020198,165 534,B01,2,32,0,2,7,1,1,
202100020199,165 530,A01,1,7,0,2,1,2,1,
202100020199,165 531,B01,1,7,0,2,4,2,1,
202100020199,165 532,C01,1,10,0,2,4,2,1,
202100020200,165 528,A01,2,7,0,2,3,11,1,
202100020200,165 529,B01,2,33,0,2,7,3,1,
202100020201,165 525,A01,1,7,0,2,1,17,1,
202100020201,165 526,B01,1,17,0,0,0,0,1,
202100020201,165 527,C01,1,7,0,2,8,1,1,
202100020202,165 523,B01,2,33,0,2,3,3,0,
202100020202,165 524,A01,2,7,0,2,5,12,1,
202100020203,165 521,B01,2,33,0,2,7,1,1,
202100020203,165 522,A01,2,7,0,2,8,11,1,
202100020204,165 519,Z01,1,7,0,0,0,0,0,
202100020204,165 520,B01,1,2,0,2,4,1,1,
202100020205,165 517,A01,2,7,0,2,8,11,1,
202100020205,165 518,B01,2,34,0,2,1,3,1,
202100020206,165 513,C01,2,7,0,2,4,2,1,
202100020206,165 514,B01,2,7,0,2,4,2,1,
202100020206,165 515,A01,2,7,0,2,1,2,1,
202100020206,165 516,D01,2,33,0,2,4,2,1,
202100020207,165 510,C01,2,7,0,2,1,2,1,
202100020207,165 511,B01,2,7,0,2,7,2,1,
202100020207,165 512,A01,2,7,0,2,1,1,1,
202100020208,165 508,Z01,2,7,0,2,1,2,1,
202100020208,165 509,A01,2,7,0,2,4,2,1,
202100020209,165 507,A01,3,40,0,1,1,1,3,
202100020210,165 506,A01,3,33,0,1,1,26,1,
202100020211,165 505,A01,1,7,0,1,7,1,1,
202100020212,165 504,A01,2,7,1,0,3,13,1,
202100020213,165 503,A01,2,7,0,1,1,1,1,
202100020214,165 502,Z01,1,34,0,1,1,1,0,
202100020215,165 501,A01,1,7,0,1,2,16,1,
202100020216,165 500,A01,1,7,0,1,1,26,1,
202100020217,165 498,B01,1,7,0,2,1,0,1,
202100020217,165 499,A01,2,7,0,2,1,0,1,
202100020218,165 496,A01,2,10,0,2,8,13,1,
202100020218,165 497,B01,2,33,0,2,2,17,1,
202100020219,165 492,A01,1,7,0,2,7,15,1,
202100020219,165 493,B01,1,33,0,2,7,1,1,
202100020220,165 491,A01,3,7,1,1,3,1,1,
202100020221,165 490,A01,3,7,0,1,8,0,1,
202100020222,165 489,A01,2,7,0,1,1,26,1,
202100020223,165 487,A01,1,10,0,2,3,10,1,
202100020223,165 488,B01,1,33,0,2,2,0,1,
202100020224,165 485,A01,1,30,0,2,8,9,1,
202100020224,165 486,B01,1,33,0,2,7,15,1,
202100020225,165 483,A01,3,30,0,2,1,5,1,
202100020225,165 484,B01,3,7,0,2,2,1,1,
202100020226,165 481,A01,2,7,0,2,2,1,1,
202100020226,165 482,B01,2,7,0,2,3,1,1,
202100020227,165 479,A01,2,60,0,2,1,16,5,
202100020227,165 480,B01,1,7,0,9,1,15,1,
202100020228,165 477,A01,2,7,0,2,2,19,1,
202100020228,165 478,B01,1,99,0,2,8,1,3,
202100020229,165 475,A01,2,7,0,1,2,1,1,
202100020229,165 476,B01,2,1,0,2,0,19,5,
202100020230,165 473,B01,1,33,0,2,1,17,0,
202100020230,165 474,A01,1,10,0,2,6,9,1,
202100020231,165 471,B01,2,10,0,2,3,0,1,
202100020231,165 472,A01,2,7,4,2,1,11,1,
202100020232,165 470,A01,1,10,0,1,2,1,1,
202100020233,165 469,A01,2,7,0,1,2,1,1,
202100020234,165 467,B01,1,33,0,2,2,16,1,
202100020234,165 468,A01,1,7,0,2,8,15,1,
202100020235,165 466,A01,2,7,0,1,2,1,1,
202100020236,165 465,A01,2,7,0,1,3,1,1,
202100020237,165 464,A01,2,7,15,0,1,16,1,
202100020238,165 463,A01,1,7,8,0,1,14,1,
202100020239,165 461,B01,1,2,0,2,2,1,1,
202100020239,165 462,A01,1,7,0,2,3,13,1,
202100020240,165 459,B01,1,17,0,2,0,1,1,
202100020240,165 460,A01,1,7,0,2,1,9,1,
202100020241,165 457,A01,1,2,0,2,1,1,1,
202100020241,165 458,B01,2,10,0,2,2,15,1,
202100020242,165 456,A01,0,7,0,1,0,1,0,
202100020243,165 454,B01,0,33,0,2,1,1,1,
202100020243,165 455,A01,0,7,0,2,8,10,1,
202100020244,165 453,A01,0,1,0,1,1,1,5,
202100020245,165 451,A01,0,7,0,2,1,16,1,
202100020245,165 452,B01,0,33,0,2,1,15,1,
202100020246,165 449,A01,3,30,0,2,1,19,1,
202100020246,165 450,B01,3,7,0,2,2,21,1,
202100020247,165 448,A01,1,7,0,1,1,15,1,
202100020248,165 446,B01,3,1,0,2,4,0,0,
202100020248,165 447,A01,3,15,0,2,2,14,1,
202100020249,165 442,B01,1,1,0,2,8,11,5,
202100020249,165 443,A01,1,10,0,9,7,1,1,
202100020250,165 439,C01,0,1,0,2,1,1,5,
202100020250,165 440,B01,0,1,0,2,1,1,5,
202100020250,165 441,A01,0,7,0,9,3,16,1,
202100020251,165 437,A01,3,7,0,2,1,1,1,
202100020251,165 438,B01,3,10,0,2,1,1,1,
202100020252,165 435,A01,3,10,0,4,1,1,1,
202100020252,165 436,B01,3,40,0,2,1,1,3,
202100020253,165 433,B01,0,7,0,2,4,23,1,
202100020253,165 434,A01,0,7,0,2,1,2,1,
202100020254,165 431,A01,1,7,0,2,3,1,1,
202100020254,165 432,B01,2,7,0,2,3,15,1,
202100020255,165 429,A01,2,7,3,0,6,15,1,
202100020255,165 430,B01,2,2,0,2,1,26,1,
202100020256,165 427,B01,1,7,0,2,3,1,0,
202100020256,165 428,A01,3,7,0,2,1,9,1,
202100020257,165 426,A01,2,7,0,1,2,16,1,
202100020258,165 424,A01,1,7,0,2,8,13,1,
202100020258,165 425,B01,1,50,0,2,2,1,3,
202100020259,165 422,A01,1,7,0,2,1,2,1,
202100020259,165 423,B01,1,31,0,2,4,2,1,
202100020260,165 420,A01,3,7,0,9,3,26,1,
202100020260,165 421,B01,3,50,0,2,1,19,3,
202100020261,165 418,A01,1,7,0,2,3,15,3,
202100020261,165 419,B01,1,10,0,2,2,1,1,
202100020262,165 416,A01,-1,7,0,2,6,1,1,
202100020262,165 417,B01,2,7,0,2,1,1,1,
202100020263,165 415,A01,2,7,0,1,1,1,1,
202100020264,165 413,B01,3,10,0,2,1,1,3,
202100020264,165 414,A01,3,7,0,2,7,15,1,
202100020265,165 411,B01,1,7,0,2,6,1,1,
202100020265,165 412,A01,1,33,0,2,1,21,1,
202100020266,165 409,B01,0,30,0,2,7,16,1,
202100020266,165 410,A01,0,30,0,2,1,19,1,
202100020267,165 407,A01,2,7,0,2,1,1,0,
202100020267,165 408,B01,0,1,0,2,4,19,5,
202100020268,165 406,A01,1,30,0,1,7,26,1,
202100020269,165 404,A01,2,7,0,2,8,1,1,
202100020269,165 405,B01,0,7,0,2,1,9,1,
202100020270,165 402,B01,2,7,0,2,3,16,1,
202100020270,165 403,A01,1,7,0,2,7,15,1,
202100020271,165 400,A01,1,7,0,2,2,9,1,
202100020271,165 401,B01,1,7,0,2,1,1,1,
202100020272,165 398,B01,1,1,1,0,1,2,5,
202100020272,165 399,A01,1,10,0,2,8,24,1,
202100020273,165 397,A01,2,7,0,1,1,19,1,
202100020274,165 396,A01,1,7,0,2,1,1,1,
202100020275,165 395,A01,1,30,0,0,0,1,1,
202100020276,165 393,A01,2,7,0,2,8,9,1,
202100020276,165 394,B01,1,7,0,2,2,1,1,
202100020277,165 391,A01,1,33,0,2,1,1,1,
202100020277,165 392,B01,1,37,0,9,7,1,1,3.0
202100020278,165 389,A01,1,7,0,2,1,2,1,
202100020278,165 390,B01,1,7,0,2,4,2,1,
202100020279,165 387,A01,0,1,0,2,7,19,5,
202100020279,165 388,B01,0,7,0,2,3,2,1,
202100020280,165 385,B01,0,7,0,2,3,1,1,
202100020280,165 386,A01,0,7,0,2,2,19,1,
202100020281,165 383,A01,1,7,0,2,3,9,1,
202100020281,165 384,B01,1,1,0,2,7,1,5,
202100020282,165 381,A01,1,7,0,2,2,15,1,
202100020282,165 382,B01,1,7,0,2,1,1,1,
202100020283,165 379,A01,1,7,0,2,2,16,1,
202100020283,165 380,B01,1,2,0,2,1,26,1,
202100020284,165 378,A01,2,7,0,1,2,1,1,
202100020285,165 376,A01,3,7,0,2,1,16,1,
202100020285,165 377,B01,3,1,0,2,8,1,5,
202100020286,165 374,B01,3,7,0,2,2,1,1,
202100020286,165 375,A01,3,7,0,2,1,9,1,
202100020287,165 372,B01,3,33,0,2,4,9,1,
202100020287,165 373,A01,3,10,0,2,1,9,1,
202100020288,165 369,A01,2,7,0,2,1,1,3,
202100020288,165 370,B01,2,7,0,2,4,23,1,
202100020288,165 371,C01,2,7,0,2,4,23,1,
202100020289,165 368,A01,1,7,0,1,1,16,1,
202100020290,165 366,B01,1,33,0,2,1,1,1,
202100020290,165 367,A01,2,7,0,2,7,15,1,
202100020291,165 364,B01,2,1,0,2,0,1,5,
202100020291,165 365,A01,2,10,0,2,0,16,1,
202100020292,165 363,Z01,1,0,0,1,1,9,1,
202100020293,165 361,A01,1,2,0,2,1,1,3,
202100020293,165 362,B01,1,2,0,2,4,23,1,
202100020294,165 360,A01,1,13,0,1,1,16,1,
202100020295,165 359,A01,3,7,0,1,1,13,1,
202100020296,165 358,A01,1,7,0,1,3,1,1,
202100020297,165 356,A01,3,30,0,2,1,1,1,
202100020297,165 357,B01,3,7,0,2,2,15,1,
202100020298,165 354,B01,1,7,0,2,1,1,1,
202100020298,165 355,A01,1,7,0,0,4,1,1,
202100020299,165 352,A01,1,10,0,2,4,2,1,
202100020299,165 353,B01,1,7,0,2,1,2,1,
202100020300,165 349,A01,1,7,0,2,4,1,1,
202100020300,165 350,B01,1,7,0,2,1,1,1,
202100020300,165 351,C01,1,7,0,2,1,1,1,
202100020301,165 348,A01,0,10,0,2,1,1,1,
202100020302,165 347,A01,3,1,9,0,1,1,5,
202100020303,165 345,B01,3,7,0,2,1,1,1,
202100020303,165 346,A01,3,7,0,2,4,4,1,
202100020304,165 344,A01,2,7,8,1,3,15,1,
202100020305,165 341,C01,1,10,0,2,1,1,1,
202100020305,165 342,B01,1,7,0,2,4,1,1,
202100020305,165 343,A01,1,7,0,2,4,1,1,
202100020306,165 340,A01,1,33,3,0,1,13,1,
202100020307,165 338,B01,2,50,0,2,0,1,3,
202100020307,165 339,Z01,2,7,0,2,0,9,0,
202100020308,165 336,B01,3,1,0,2,1,2,5,
202100020308,165 337,A01,3,7,0,2,2,15,1,
202100020309,165 334,B01,3,32,0,2,1,21,1,
202100020309,165 335,A01,3,7,0,2,1,5,1,
202100020310,165 333,A01,1,7,1,0,2,1,1,
202100020311,165 331,B01,3,7,0,2,4,1,1,
202100020311,165 332,Z01,3,10,0,2,1,1,0,
202100020312,165 330,A01,1,7,0,1,3,1,1,
202100020313,165 328,B01,1,14,0,2,1,2,0,
202100020313,165 329,A01,1,7,0,2,4,23,6,
202100020314,165 327,A01,3,10,0,1,1,1,1,
202100020315,165 325,B01,1,37,0,2,8,1,1,1.0
202100020315,165 326,A01,2,32,0,2,1,1,1,
202100020316,165 323,A01,3,30,0,2,1,1,1,
202100020316,165 324,B01,-1,7,-1,-1,-1,-1,-1,
202100020317,165 321,A01,1,7,0,2,1,1,0,
202100020317,165 322,B01,1,7,0,2,8,1,1,
202100020318,165 319,A01,1,2,0,2,1,1,1,
202100020318,165 320,B01,2,10,0,2,3,1,1,
202100020319,165 317,A01,1,10,0,2,2,26,1,
202100020319,165 318,B01,1,7,0,2,5,2,1,
202100020320,165 315,B01,2,1,0,2,2,2,5,
202100020320,165 316,A01,1,7,0,2,1,15,1,
202100020321,165 313,A01,2,50,0,2,1,25,3,
202100020321,165 314,B01,3,7,0,2,0,0,1,
202100020322,165 311,A01,1,30,0,2,2,1,1,
202100020322,165 312,B01,1,7,0,2,5,23,1,
202100020323,165 309,B01,3,50,0,2,8,19,3,
202100020323,165 310,A01,3,7,0,2,1,1,1,
202100020324,165 307,B01,2,10,0,2,5,16,3,
202100020324,165 308,A01,2,30,0,2,1,18,3,
202100020325,165 305,A01,3,7,0,2,3,1,1,
202100020325,165 306,B01,3,7,0,2,1,1,1,
202100020326,165 303,B01,2,50,0,2,8,1,3,