Num_Acc,id_vehicule,num_veh,senc,catv,obs,obsm,choc,manv,motor,occutc
202100020326,165 304,A01,1,7,0,2,5,1,2,
202100020327,165 301,A01,1,7,0,2,2,12,2,
202100020327,165 302,B01,1,1,0,2,3,1,5,
202100020328,165 299,A01,1,1,0,2,7,1,5,
202100020328,165 300,B01,1,7,0,2,3,1,1,
202100020329,165 297,A01,2,7,0,2,2,16,2,
202100020329,165 298,B01,1,50,0,2,1,1,3,
202100020330,165 296,A01,2,1,0,1,1,25,5,
202100020331,165 294,B01,2,7,0,2,2,1,1,
202100020331,165 295,A01,1,1,0,2,2,19,5,
202100020332,165 292,A01,1,7,0,2,3,1,1,
202100020332,165 293,B01,1,30,0,2,1,1,1,
202100020333,165 290,B01,1,7,0,2,5,23,1,
202100020333,165 291,A01,1,30,0,2,1,1,1,
202100020334,165 288,A01,2,33,0,2,7,17,1,
202100020334,165 289,B01,2,10,0,2,3,15,1,
202100020335,165 287,Z01,2,10,0,1,1,16,6,
202100020336,165 286,A01,2,10,0,1,2,1,6,
202100020337,165 283,A01,2,7,0,9,1,2,1,
202100020337,165 284,B01,2,7,0,9,4,1,1,
202100020337,165 285,C01,2,7,0,9,4,1,1,
202100020338,165 281,A01,2,10,0,2,3,22,1,
202100020338,165 282,B01,2,50,1,0,1,1,3,
202100020339,165 279,A01,2,30,0,2,3,2,1,
202100020339,165 280,B01,2,7,0,2,2,2,1,
202100020340,165 277,A01,2,7,0,9,3,9,1,
202100020340,165 278,B01,2,1,0,0,0,1,5,
202100020341,165 275,A01,2,7,0,2,1,19,1,
202100020341,165 276,B01,1,7,0,2,1,0,1,
202100020342,165 273,B01,2,34,0,2,1,17,1,
202100020342,165 274,A01,2,1,0,2,8,19,5,
202100020343,165 271,B01,2,2,0,2,1,0,1,
202100020343,165 272,A01,2,7,0,2,1,0,1,
202100020344,165 268,A01,2,7,0,2,1,1,1,
202100020344,165 269,B01,2,7,0,2,4,1,1,
202100020344,165 270,C01,2,7,0,2,4,1,1,
202100020345,165 266,A01,1,7,0,2,6,2,1,
202100020345,165 267,B01,1,31,0,2,1,2,1,
202100020346,165 264,B01,1,10,0,2,2,1,1,
202100020346,165 265,A01,2,7,0,2,2,1,1,
202100020347,165 262,B01,2,1,1,0,1,26,0,
202100020347,165 263,A01,2,10,1,0,4,22,0,
202100020348,165 260,B01,3,30,0,2,2,1,1,
202100020348,165 261,A01,3,7,0,2,5,9,1,
202100020349,165 258,A01,3,7,0,2,2,15,1,
202100020349,165 259,B01,0,7,0,2,3,1,1,
202100020350,165 256,A01,3,7,0,2,1,1,1,
202100020350,165 257,B01,3,7,0,2,2,1,1,
202100020351,165 255,A01,2,30,14,0,1,2,1,
202100020352,165 254,A01,0,7,0,1,1,16,1,
202100020353,165 252,B01,2,7,0,2,1,13,1,
202100020353,165 253,A01,1,7,0,2,1,13,1,
202100020354,165 250,B01,1,7,0,2,2,1,1,
202100020354,165 251,A01,1,1,0,2,2,1,5,
202100020355,165 249,A01,1,1,12,0,0,21,5,
202100020356,165 248,A01,2,33,0,1,1,1,1,
202100020357,165 246,B01,1,7,0,2,8,1,1,
202100020357,165 247,A01,1,7,0,2,1,15,1,
202100020358,165 245,A01,3,7,0,1,0,15,0,
202100020359,165 243,A01,3,1,0,2,0,0,0,
202100020359,165 244,B01,1,32,0,2,0,0,1,
202100020360,165 242,A01,3,7,0,1,3,20,1,
202100020361,165 241,A01,2,7,0,1,2,1,2,
202100020362,165 239,B01,1,1,9,2,2,2,5,
202100020362,165 240,A01,1,7,15,2,0,16,0,
202100020363,165 238,A01,1,2,0,0,2,1,1,
202100020364,165 237,A01,1,33,0,0,8,1,1,
202100020365,165 235,B01,3,10,0,2,3,15,1,
202100020365,165 236,A01,3,33,0,2,1,17,1,
202100020366,165 233,A01,2,7,0,2,1,2,1,
202100020366,165 234,B01,2,7,0,0,4,2,1,
202100020367,165 231,B01,2,31,0,2,1,18,3,
202100020367,165 232,A01,1,7,0,0,7,15,2,
202100020368,165 230,A01,2,33,0,0,0,0,1,
202100020369,165 228,B01,1,10,0,2,3,1,1,
202100020369,165 229,A01,2,33,0,2,3,1,1,
202100020370,165 226,A01,2,33,15,2,2,1,1,
202100020370,165 227,B01,1,7,0,2,2,1,1,
202100020371,165 225,A01,0,7,0,1,3,1,1,
202100020372,165 223,A01,2,10,1,0,1,1,1,
202100020372,165 224,B01,2,7,14,2,4,23,1,
202100020373,165 221,A01,1,7,0,2,3,1,1,
202100020373,165 222,B01,2,33,0,2,3,1,1,
202100020374,165 218,B01,1,7,0,0,6,1,1,
202100020374,165 219,C01,2,15,0,9,8,1,1,
202100020374,165 220,A01,1,2,0,2,1,1,1,
202100020375,165 217,A01,2,7,3,0,1,1,1,
202100020376,165 216,A01,1,2,0,0,0,1,1,
202100020377,165 215,A01,2,7,8,0,1,14,1,
202100020378,165 214,A01,2,31,0,0,6,16,1,
202100020379,165 212,B01,2,7,0,0,5,23,1,
202100020379,165 213,A01,2,3,0,2,3,2,1,
202100020380,165 211,A01,2,7,13,0,8,13,1,
202100020381,165 208,A01,1,7,1,2,1,5,1,
202100020381,165 209,B01,2,13,0,2,3,0,1,
202100020382,165 206,A01,2,7,0,2,7,19,1,
202100020382,165 207,B01,1,7,0,2,1,1,1,
202100020383,165 204,A01,1,7,0,0,4,2,1,
202100020383,165 205,B01,1,31,0,2,1,2,1,
202100020384,165 202,B01,2,80,0,2,1,1,3,
202100020384,165 203,A01,1,7,0,2,2,13,1,
202100020385,165 200,A01,1,1,0,2,4,2,5,
202100020385,165 201,B01,1,7,0,9,2,0,1,
202100020386,165 198,A01,3,10,0,2,3,9,1,
202100020386,165 199,B01,1,7,0,2,1,1,1,
202100020387,165 197,A01,1,7,0,1,2,16,1,
202100020388,165 196,A01,1,7,6,0,0,13,1,
202100020389,165 194,B01,1,1,0,2,1,1,5,
202100020389,165 195,A01,1,7,0,2,5,4,1,
202100020390,165 191,A01,0,7,0,2,4,2,1,
202100020390,165 192,B01,0,7,0,2,1,2,1,
202100020390,165 193,C01,0,7,0,2,1,2,2,
202100020391,165 189,B01,2,7,0,0,6,15,1,
202100020391,165 190,A01,2,2,0,2,1,17,1,
202100020392,165 187,A01,1,10,0,2,1,19,1,
202100020392,165 188,B01,1,7,0,2,8,1,1,
202100020393,165 185,B01,3,7,0,2,1,0,1,
202100020393,165 186,A01,3,33,0,2,1,1,1,
202100020394,165 182,A01,0,7,0,2,7,15,1,
202100020394,165 183,B01,0,7,0,2,1,1,1,
202100020394,165 184,C01,0,17,0,0,3,23,1,
202100020395,165 180,B01,2,7,0,2,6,2,1,
202100020395,165 181,A01,2,33,0,2,2,2,1,
202100020396,165 177,C01,1,99,0,0,1,1,1,
202100020396,165 178,B01,1,15,0,0,3,1,1,
202100020396,165 179,A01,2,7,0,2,1,0,1,
202100020397,165 175,B01,1,7,0,2,1,1,1,
202100020397,165 176,A01,1,7,0,2,3,1,1,
202100020398,165 173,B01,3,31,0,2,1,1,1,
202100020398,165 174,A01,3,7,0,2,2,9,1,
202100020399,165 172,A01,3,7,0,1,3,1,1,
202100020400,165 171,A01,2,7,0,1,2,16,1,
202100020401,165 170,A01,2,7,5,0,1,15,1,
202100020402,165 169,A01,2,7,13,0,9,1,1,
202100020403,165 166,C01,2,7,0,2,6,1,1,
202100020403,165 167,B01,2,7,0,2,3,1,1,
202100020403,165 168,A01,2,34,3,0,1,1,1,
202100020404,165 164,A01,1,14,0,2,3,1,1,
202100020404,165 165,B01,3,7,0,2,8,15,1,
202100020405,165 163,A01,2,7,4,0,3,0,1,
202100020406,165 162,A01,2,38,0,1,2,23,1,0.0
202100020407,165 159,A01,2,7,0,2,3,0,1,
202100020407,165 160,B01,1,7,0,2,3,0,1,
202100020407,165 161,C01,1,15,0,2,3,0,1,
202100020408,165 158,A01,1,7,6,0,1,13,1,
202100020409,165 157,A01,1,7,15,0,1,1,1,
202100020410,165 155,A01,2,7,0,2,3,1,1,
202100020410,165 156,B01,1,33,0,2,1,1,1,
202100020411,165 154,A01,3,10,0,1,0,1,1,
202100020412,165 153,A01,2,1,0,0,0,1,5,
202100020413,165 151,B01,2,31,0,2,1,1,1,
202100020413,165 152,A01,1,7,0,2,3,15,1,
202100020414,165 149,A01,2,7,0,0,5,15,6,
202100020414,165 150,B01,2,32,0,2,1,2,1,
202100020415,165 148,A01,2,33,0,0,0,17,1,
202100020416,165 147,A01,1,7,6,9,7,14,1,
202100020417,165 145,A01,2,7,0,2,1,1,1,
202100020417,165 146,B01,1,7,0,0,1,1,1,
202100020418,165 144,A01,3,21,13,0,2,1,1,
202100020419,165 143,A01,2,7,0,1,3,1,1,
202100020420,165 141,B01,1,7,0,2,3,9,1,
202100020420,165 142,A01,1,33,0,2,1,9,1,
202100020421,165 139,B01,2,7,0,2,3,15,1,
202100020421,165 140,A01,2,7,0,2,2,13,1,
202100020422,165 136,A01,1,7,0,2,8,17,1,
202100020422,165 137,B01,2,7,0,2,8,1,1,
202100020422,165 138,C01,2,7,0,2,2,1,1,
202100020423,165 135,A01,1,2,0,0,0,0,1,
202100020424,165 134,A01,3,7,0,1,3,1,1,
202100020425,165 132,A01,1,2,0,2,1,1,1,
202100020425,165 133,B01,1,10,0,2,5,19,1,
202100020426,165 130,A01,3,10,0,2,3,13,1,
202100020426,165 131,B01,3,7,0,2,3,1,1,
202100020427,165 129,A01,1,2,7,0,1,1,1,
202100020428,165 125,D01,1,7,0,2,4,2,1,
202100020428,165 126,C01,1,7,0,2,4,2,1,
202100020428,165 127,B01,1,7,0,2,4,2,1,
202100020428,165 128,A01,1,7,0,2,1,1,1,
202100020429,165 123,A01,1,43,0,2,8,13,1,
202100020429,165 124,B01,1,7,0,2,2,2,1,
202100020430,165 121,A01,2,15,0,2,2,12,1,
202100020430,165 122,B01,2,7,0,2,6,1,1,
202100020431,165 118,C01,2,7,0,0,6,23,1,
202100020431,165 119,B01,2,7,0,0,0,23,1,
202100020431,165 120,A01,2,7,0,2,1,9,1,
202100020432,165 116,B01,1,7,0,2,4,2,1,
202100020432,165 117,A01,1,7,0,2,1,2,1,
202100020433,165 115,A01,2,7,0,0,1,1,1,
202100020434,165 113,A01,2,33,0,2,8,3,1,
202100020434,165 114,B01,2,10,0,2,5,14,1,
202100020435,165 111,A01,2,7,0,2,1,2,1,
202100020435,165 112,B01,2,7,0,2,4,2,1,
202100020436,165 109,B01,2,7,0,2,4,2,1,
202100020436,165 110,A01,2,7,0,2,1,1,1,
202100020437,165 107,A01,2,10,0,2,1,2,1,
202100020437,165 108,B01,2,7,0,2,4,2,1,
202100020438,165 106,A01,1,7,3,0,3,2,1,
202100020439,165 103,A01,3,7,3,2,0,9,1,
202100020439,165 104,B01,3,7,0,2,1,9,1,
202100020439,165 105,C01,3,7,0,2,1,9,1,
202100020440,165 101,B01,2,15,0,2,2,1,1,
202100020440,165 102,A01,2,7,0,2,8,9,1,
202100020441,165 094,A01,1,7,0,2,4,1,1,
202100020441,165 095,B01,1,7,0,2,4,2,1,
202100020441,165 096,C01,1,7,0,2,4,1,1,
202100020441,165 097,D01,1,7,0,2,4,2,1,
202100020441,165 098,E01,1,7,0,2,4,2,1,
202100020441,165 099,F01,1,7,0,2,4,1,1,
202100020441,165 100,G01,1,10,0,2,1,2,1,
202100020442,165 092,A01,1,7,0,2,4,1,1,
202100020442,165 093,B01,1,7,0,2,1,1,1,
202100020443,165 090,Z01,2,7,0,2,6,12,0,
202100020443,165 091,A01,2,43,0,2,1,1,1,
202100020444,165 088,A01,1,7,0,2,1,17,1,
202100020444,165 089,B01,1,2,0,2,8,15,1,
202100020445,165 087,A01,1,7,0,1,4,20,1,
202100020446,165 085,A01,1,14,0,2,1,2,1,
202100020446,165 086,B01,1,14,0,2,4,23,1,
202100020447,165 083,B01,2,7,0,2,3,1,1,
202100020447,165 084,A01,1,7,0,2,8,15,1,
202100020448,165 082,A01,1,33,6,0,9,1,1,
202100020449,165 081,A01,3,30,15,0,1,15,1,
202100020450,165 079,A01,1,34,0,2,3,15,1,
202100020450,165 080,B01,1,7,8,2,3,15,1,
202100020451,165 077,A01,1,30,0,2,1,1,3,
202100020451,165 078,B01,1,7,0,2,4,23,1,
202100020452,165 075,A01,2,10,0,2,2,1,1,
202100020452,165 076,B01,3,7,0,2,8,1,2,
202100020453,165 073,B01,3,7,0,2,0,0,1,
202100020453,165 074,A01,3,7,1,0,0,20,1,
202100020454,165 072,A01,2,7,0,1,1,1,1,
202100020455,165 071,Z01,2,7,0,1,8,1,1,
202100020456,165 069,A01,1,50,0,2,1,25,3,
202100020456,165 070,B01,1,7,0,2,7,9,1,
202100020457,165 067,B01,2,7,0,2,2,16,1,
202100020457,165 068,A01,1,7,0,2,1,1,1,
202100020458,165 066,A01,1,7,0,1,2,1,1,
202100020459,165 065,A01,0,7,8,0,3,14,1,
202100020460,165 063,A01,3,7,0,2,2,15,1,
202100020460,165 064,B01,3,30,0,2,1,8,1,
202100020461,165 061,A01,2,30,0,2,1,19,1,
202100020461,165 062,B01,2,7,0,2,6,1,1,
202100020462,165 059,A01,1,7,0,2,3,15,1,
202100020462,165 060,B01,1,7,0,2,1,1,1,
202100020463,165 057,B01,3,7,0,2,1,1,1,
202100020463,165 058,A01,3,7,9,2,1,15,1,
202100020464,165 056,A01,3,7,1,0,1,15,1,
202100020465,165 054,B01,2,99,0,2,8,16,0,
202100020465,165 055,A01,1,7,0,2,8,13,1,
202100020466,165 051,B01,3,2,0,0,4,23,1,
202100020466,165 052,C01,0,1,0,0,0,23,0,
202100020466,165 053,A01,0,7,0,2,1,26,0,
202100020467,165 049,B01,3,99,0,2,3,15,1,
202100020467,165 050,A01,1,7,0,2,1,1,1,
202100020468,165 047,A01,0,7,1,2,3,13,1,
202100020468,165 048,B01,0,33,0,2,2,17,1,
202100020469,165 045,A01,1,99,0,2,0,16,1,
202100020469,165 046,B01,1,99,0,2,0,0,1,
202100020470,165 043,A01,3,1,0,2,8,15,5,
202100020470,165 044,Z01,2,7,0,2,8,9,0,
202100020471,165 042,A01,0,7,0,1,1,9,1,
202100020472,165 041,A01,2,7,0,1,3,1,1,
202100020473,165 040,A01,3,7,0,1,3,1,2,
202100020474,165 038,B01,1,33,0,2,8,1,1,
202100020474,165 039,A01,1,7,0,2,2,14,1,
202100020475,165 037,A01,1,1,0,0,1,1,5,
202100020476,165 035,A01,3,10,0,9,1,1,1,
202100020476,165 036,B01,3,60,0,2,7,19,5,
202100020477,165 032,C01,1,7,0,2,4,1,1,
202100020477,165 033,B01,1,7,0,2,4,1,1,
202100020477,165 034,A01,1,10,0,2,1,1,1,
202100020478,165 030,B01,2,7,0,2,3,21,2,
202100020478,165 031,A01,1,7,0,2,1,13,1,
202100020479,165 029,A01,3,7,0,1,1,1,1,
202100020480,165 028,A01,1,1,12,0,0,17,5,
202100020481,165 026,B01,1,33,0,2,4,2,1,
202100020481,165 027,A01,1,7,0,2,3,2,1,
202100020482,165 025,A01,1,10,0,1,2,16,1,
202100020483,165 023,B01,1,31,0,2,5,11,0,
202100020483,165 024,A01,3,7,0,2,2,2,1,
202100020484,165 021,A01,1,30,0,2,7,16,1,
202100020484,165 022,B01,1,10,0,2,2,15,1,
202100020485,165 019,B01,2,7,0,2,4,2,0,
202100020485,165 020,A01,2,7,0,2,1,2,1,
202100020486,165 018,A01,1,7,0,1,2,2,1,
202100020487,165 016,B01,3,7,0,2,4,26,1,
202100020487,165 017,A01,3,7,0,2,1,26,1,
202100020488,165 015,A01,1,7,0,1,2,1,1,
202100020489,165 013,A01,2,7,4,2,3,9,1,
202100020489,165 014,B01,2,33,0,2,7,1,1,
202100020490,165 011,B01,2,7,0,2,8,15,1,
202100020490,165 012,A01,2,34,1,0,7,2,1,
202100020491,165 009,A01,2,37,0,2,7,0,6,1.0
202100020491,165 010,B01,2,7,0,2,1,16,1,
202100020492,165 006,A01,1,7,0,2,1,2,1,
202100020492,165 007,B01,1,7,0,2,1,1,1,
202100020492,165 008,C01,1,7,0,2,4,1,1,
202100020493,165 005,A01,2,7,0,1,2,1,1,
202100020494,165 003,B01,2,7,13,2,3,1,1,
202100020494,165 004,A01,1,7,17,2,3,13,2,
202100020495,165 001,A01,2,14,0,2,2,1,1,
202100020495,165 002,B01,2,7,0,2,4,1,1,
202100020496,164 999,A01,0,30,2,0,1,15,1,
202100020497,164 997,B01,0,31,0,2,7,1,1,
202100020497,164 998,A01,0,10,0,2,1,9,1,
202100020498,164 996,A01,2,7,9,0,1,0,1,
202100020499,164 994,B01,1,7,0,2,2,1,1,
202100020499,164 995,A01,3,30,0,2,1,9,1,
202100020500,164 993,A01,3,7,0,1,1,1,1,
202100020501,164 990,C01,1,7,0,2,4,2,1,
202100020501,164 991,B01,1,7,0,2,4,2,1,
202100020501,164 992,A01,1,7,0,2,1,2,1,
202100020502,164 987,B01,3,7,0,4,7,1,1,
202100020502,164 988,C01,3,7,0,4,2,15,1,
202100020502,164 989,A01,1,40,0,2,1,1,0,
202100020503,164 985,A01,1,7,0,2,1,1,1,
202100020503,164 986,B01,2,7,0,2,1,15,1,
202100020504,164 983,Z01,1,7,0,2,1,16,1,
202100020504,164 984,B01,1,50,0,2,1,1,3,
202100020505,164 982,A01,1,7,0,1,1,1,1,
202100020506,164 981,A01,2,7,0,1,1,1,1,
202100020507,164 978,C01,1,10,0,2,6,2,1,
202100020507,164 979,A01,1,7,14,2,1,2,1,
202100020507,164 980,B01,1,7,0,2,1,2,1,
202100020508,164 975,C01,1,7,0,2,4,2,2,
202100020508,164 976,B01,1,7,0,2,4,2,1,
202100020508,164 977,A01,1,7,0,2,1,26,1,
202100020509,164 973,B01,1,7,0,2,2,16,1,
202100020509,164 974,A01,1,1,0,2,8,2,5,
202100020510,164 972,A01,3,7,1,0,3,26,2,
202100020511,164 970,B01,1,7,0,2,6,1,1,
202100020511,164 971,A01,2,7,0,2,3,13,1,
202100020512,164 968,A01,1,7,0,2,1,0,1,
202100020512,164 969,B01,1,7,0,2,9,1,1,
202100020513,164 967,A01,2,7,0,1,1,2,1,
202100020514,164 966,A01,3,7,0,1,2,1,1,
202100020515,164 964,B01,3,7,0,2,3,1,1,
202100020515,164 965,A01,3,30,0,2,1,1,1,
202100020516,164 962,B01,3,1,0,2,7,9,5,
202100020516,164 963,A01,3,7,0,2,1,9,1,
202100020517,164 960,A01,0,7,0,2,3,15,1,
202100020517,164 961,B01,0,7,0,1,1,1,1,
202100020518,164 958,B01,0,2,0,2,1,1,1,
202100020518,164 959,A01,0,7,0,2,5,15,1,
202100020519,164 957,A01,3,1,13,0,1,14,5,
202100020520,164 955,B01,1,7,0,2,1,1,1,
202100020520,164 956,A01,1,7,0,2,3,15,1,
202100020521,164 954,A01,1,7,0,1,1,26,1,
202100020522,164 953,A01,1,10,0,1,4,4,1,
202100020523,164 952,A01,1,1,0,0,0,1,5,
202100020524,164 951,A01,1,1,0,0,0,1,5,
202100020525,164 949,B01,1,10,0,2,6,23,1,
202100020525,164 950,A01,1,13,0,2,2,11,1,
202100020526,164 948,A01,2,7,0,1,3,1,1,
202100020527,164 946,B01,1,31,0,2,3,26,1,
202100020527,164 947,A01,1,99,0,2,2,16,1,
202100020528,164 944,B01,1,99,0,2,1,1,5,
202100020528,164 945,A01,2,10,0,2,5,20,1,
202100020529,164 942,A01,1,1,0,4,3,26,5,
202100020529,164 943,B01,1,39,0,2,2,2,3,
202100020530,164 940,B01,3,7,0,2,4,1,1,
202100020530,164 941,A01,3,7,0,2,1,1,1,
202100020531,164 939,A01,3,7,0,1,1,1,1,
202100020532,164 938,A01,1,30,0,5,1,1,1,
202100020533,164 936,B01,3,50,0,2,7,19,3,
202100020533,164 937,A01,3,7,0,2,1,16,1,
202100020534,164 934,B01,2,7,0,2,4,2,1,
202100020534,164 935,A01,2,7,0,2,1,2,2,
202100020535,164 932,B01,0,1,0,2,1,21,0,
202100020535,164 933,A01,0,10,0,2,4,20,0,
202100020536,164 930,A01,0,7,1,0,2,1,1,
202100020536,164 931,B01,0,10,0,2,6,1,3,
202100020537,164 928,Z01,1,7,0,2,1,1,0,
202100020537,164 929,B01,1,7,0,2,4,1,0,
202100020538,164 926,A01,2,7,0,2,2,1,1,
202100020538,164 927,B01,3,1,0,2,1,9,0,
202100020539,164 924,B01,2,2,0,2,1,18,1,
202100020539,164 925,A01,1,7,0,2,2,15,1,
202100020540,164 923,A01,1,7,0,1,2,26,1,
202100020541,164 921,A01,3,1,0,2,1,2,5,
202100020541,164 922,B01,3,37,0,2,4,2,1,1.0
202100020542,164 919,B01,2,7,0,2,1,1,1,
202100020542,164 920,A01,1,7,0,2,1,13,1,
202100020543,164 916,C01,2,7,0,2,5,1,1,
202100020543,164 917,B01,1,37,0,2,3,2,1,8.0
202100020543,164 918,A01,2,7,0,2,1,5,1,
202100020544,164 913,A01,0,7,0,2,1,9,1,
202100020544,164 914,C01,0,7,0,2,3,1,1,
202100020544,164 915,B01,0,33,0,2,7,9,1,
202100020545,164 911,A01,1,7,0,2,3,9,1,
202100020545,164 912,B01,1,80,0,2,7,15,3,
202100020546,164 908,A01,1,33,1,0,1,21,1,
202100020547,164 906,A01,2,7,0,2,1,26,1,
202100020547,164 907,B01,2,2,0,2,1,1,1,
202100020548,164 904,A01,1,50,0,2,8,13,3,
202100020548,164 905,B01,1,7,0,9,7,2,1,
202100020549,164 901,C01,1,7,0,2,1,2,1,
202100020549,164 902,B01,1,7,0,2,4,2,1,
202100020549,164 903,A01,1,7,0,2,4,2,1,
202100020550,164 899,A01,0,7,0,2,3,0,1,
202100020550,164 900,B01,0,1,0,2,4,0,6,
202100020551,164 896,C01,2,7,0,9,0,1,1,
202100020551,164 897,B01,1,10,0,2,1,1,1,
202100020551,164 898,A01,1,10,0,2,1,17,1,
202100020552,164 894,B01,1,7,0,2,4,2,2,
202100020552,164 895,A01,1,31,0,2,1,2,1,
202100020553,164 893,A01,2,7,0,1,1,1,2,
202100020554,164 891,B01,1,34,0,2,1,1,1,
202100020554,164 892,A01,1,37,0,2,7,1,1,1.0
202100020555,164 889,B01,1,7,0,2,1,1,2,
202100020555,164 890,A01,2,10,0,2,3,13,1,
202100020556,164 885,A01,2,32,0,2,2,1,1,
202100020556,164 886,B01,1,80,0,2,1,16,3,
202100020557,164 884,Z01,1,33,0,1,8,1,1,
202100020558,164 882,A01,1,43,0,2,5,23,1,
202100020558,164 883,B01,1,7,0,2,3,2,1,
202100020559,164 880,A01,1,32,0,2,3,7,1,
202100020559,164 881,B01,1,7,0,2,2,16,1,
202100020560,164 878,Z01,1,10,0,2,3,15,0,
202100020560,164 879,A01,1,60,0,2,0,25,5,
202100020561,164 876,B01,3,7,0,2,8,1,1,
202100020561,164 877,A01,3,33,0,2,1,1,1,
202100020562,164 875,A01,2,1,14,0,1,1,5,
202100020563,164 873,A01,1,7,0,2,3,1,2,
202100020563,164 874,B01,3,1,0,2,7,19,5,
202100020564,164 872,A01,1,30,12,0,0,14,3,
202100020565,164 871,A01,1,33,0,1,1,17,1,
202100020566,164 869,B01,2,1,0,0,1,21,5,
202100020566,164 870,A01,2,7,0,0,0,22,3,
202100020567,164 868,A01,1,7,0,1,1,16,1,
202100020568,164 867,A01,0,7,0,1,2,15,1,
202100020569,164 865,A01,3,7,0,2,3,10,2,
202100020569,164 866,B01,3,33,0,2,2,21,1,
202100020570,164 863,A01,2,7,0,2,1,11,1,
202100020570,164 864,B01,2,33,0,2,5,1,1,
202100020571,164 861,B01,1,32,0,2,2,17,1,
202100020571,164 862,A01,1,7,0,2,3,13,1,
202100020572,164 860,A01,1,30,0,0,0,1,1,
202100020573,164 859,Z01,1,50,0,1,7,1,3,
202100020574,164 857,B01,0,7,0,2,3,6,1,
202100020574,164 858,A01,0,34,0,2,1,1,0,
202100020575,164 855,A01,1,7,0,2,1,2,1,
202100020575,164 856,B01,1,7,0,2,4,23,1,
202100020576,164 853,A01,2,7,0,2,2,1,2,
202100020576,164 854,B01,1,33,0,2,1,1,1,
202100020577,164 851,A01,1,1,0,2,4,2,5,
202100020577,164 852,B01,1,37,1,0,4,2,1,1.0
202100020578,164 849,A01,1,7,0,2,1,2,1,
202100020578,164 850,B01,1,10,0,2,4,2,1,
202100020579,164 847,P01,3,60,0,2,0,0,5,
202100020579,164 848,A01,2,7,0,2,2,1,2,
202100020580,164 845,A01,1,43,0,2,1,13,1,
202100020580,164 846,B01,1,7,0,2,1,1,1,
202100020581,164 843,A01,2,32,0,2,1,26,1,
202100020581,164 844,B01,2,7,0,0,6,2,2,
202100020582,164 841,B01,1,2,0,2,8,1,1,
202100020582,164 842,A01,2,7,0,2,7,15,1,
202100020583,164 840,A01,1,7,0,1,3,19,1,
202100020584,164 838,B01,3,7,0,0,0,0,0,
202100020584,164 839,A01,3,30,0,2,1,26,0,
202100020585,164 836,B01,2,7,0,2,5,13,1,
202100020585,164 837,A01,1,10,0,2,1,1,1,
202100020586,164 834,A01,0,10,0,9,2,26,0,
202100020586,164 835,B01,0,50,0,0,1,15,3,
202100020587,164 832,A01,0,7,0,2,2,2,1,
202100020587,164 833,B01,0,7,0,2,3,2,1,
202100020588,164 830,A01,2,99,0,2,1,26,0,
202100020588,164 831,B01,2,99,0,9,5,0,1,
202100020589,164 828,A01,-1,7,0,2,7,16,1,
202100020589,164 829,B01,-1,32,0,2,8,1,1,
202100020590,164 826,A01,3,1,0,2,1,1,5,
202100020590,164 827,B01,3,1,0,2,1,1,5,
202100020591,164 824,A01,1,7,0,0,0,15,1,
202100020591,164 825,B01,1,7,8,0,1,1,1,
202100020592,164 822,B01,1,34,0,2,7,1,1,
202100020592,164 823,A01,1,7,0,2,1,1,1,
202100020593,164 820,B01,1,7,0,2,3,9,1,
202100020593,164 821,A01,2,31,0,2,2,17,1,
202100020594,164 818,A01,2,7,0,2,4,1,1,
202100020594,164 819,B01,2,13,0,2,1,2,1,
202100020595,164 816,A01,2,7,0,2,4,1,1,
202100020595,164 817,B01,2,7,0,2,1,2,1,
202100020596,164 815,A01,1,7,0,1,1,1,1,
202100020597,164 812,C01,2,33,0,2,3,1,1,
202100020597,164 813,B01,1,7,0,2,6,1,1,
202100020597,164 814,A01,1,33,0,2,1,1,1,
202100020598,164 810,A01,2,7,0,2,4,1,1,
202100020598,164 811,B01,2,7,0,2,1,1,1,
202100020599,164 809,A01,2,7,1,1,2,14,1,
202100020600,164 808,A01,1,7,13,0,1,1,1,
202100020601,164 806,B01,2,7,0,2,1,1,1,
202100020601,164 807,A01,1,7,0,2,1,13,1,
202100020602,164 804,B01,1,7,0,2,1,1,1,
202100020602,164 805,A01,2,7,0,2,1,3,1,
202100020603,164 801,A01,1,7,0,1,4,1,1,
202100020603,164 802,C01,2,7,0,2,3,1,1,
202100020603,164 803,B01,1,10,0,2,1,2,1,
202100020604,164 796,B01,2,33,0,2,1,21,1,
202100020604,164 797,A01,2,7,0,2,6,15,1,
202100020605,164 795,A01,1,7,0,0,9,1,1,
202100020606,164 792,A01,2,7,0,2,2,1,1,
202100020606,164 793,B01,2,1,0,2,4,1,5,
202100020606,164 794,C01,2,1,0,2,4,1,5,
202100020607,164 790,B01,1,33,0,2,1,17,1,
202100020607,164 791,A01,2,7,0,2,8,10,1,
202100020608,164 789,A01,0,33,0,0,1,1,1,
202100020609,164 788,A01,3,36,8,0,3,1,1,
202100020610,164 786,B01,1,15,0,2,6,15,1,
202100020610,164 787,A01,2,7,0,2,3,17,1,
202100020611,164 784,B01,1,1,0,2,7,0,5,
202100020611,164 785,A01,2,10,0,9,1,1,1,
202100020612,164 782,B01,3,7,0,2,3,1,1,
202100020612,164 783,A01,3,21,0,2,8,1,1,
202100020613,164 778,C01,2,7,0,0,8,23,1,
202100020613,164 779,B01,2,7,0,0,4,23,1,