Num_Acc,id_vehicule,num_veh,senc,catv,obs,obsm,choc,manv,motor,occutc
202100020613,164 780,A01,2,7,1,0,1,14,1,
202100020613,164 781,D01,2,7,0,0,8,23,2,
202100020614,164 776,B01,2,1,0,2,1,15,5,
202100020614,164 777,A01,1,7,0,2,2,1,1,
202100020615,164 775,A01,1,33,13,0,3,15,1,
202100020616,164 774,A01,2,7,2,0,3,0,1,
202100020617,164 773,A01,1,7,6,0,8,13,1,
202100020618,164 772,A01,2,2,0,0,0,1,1,
202100020619,164 771,A01,1,33,13,0,9,14,1,
202100020620,164 770,A01,1,7,0,9,8,15,1,
202100020621,164 768,A01,2,1,0,2,4,1,5,
202100020621,164 769,B01,2,7,0,2,2,1,1,
202100020622,164 766,B01,2,1,0,0,4,13,5,
202100020622,164 767,A01,2,7,0,9,1,1,1,
202100020623,164 763,C01,1,32,0,2,1,1,1,
202100020623,164 764,B01,2,7,0,2,4,15,1,
202100020623,164 765,A01,2,3,0,2,1,2,1,
202100020624,164 760,C01,1,7,2,2,1,1,1,
202100020624,164 761,A01,2,7,2,2,3,1,1,
202100020624,164 762,B01,2,7,0,2,1,17,1,
202100020625,164 757,C01,1,31,0,2,1,1,1,
202100020625,164 758,B01,1,33,0,2,1,1,1,
202100020625,164 759,A01,2,33,0,2,1,17,1,
202100020626,164 756,A01,1,33,13,0,9,6,1,
202100020627,164 755,A01,1,7,8,0,2,21,1,
202100020628,164 753,B01,0,7,0,2,3,1,1,
202100020628,164 754,A01,0,33,0,2,8,13,1,
202100020629,164 751,B01,1,10,0,9,3,1,1,
202100020629,164 752,A01,2,33,0,2,1,13,1,
202100020630,164 749,B01,2,21,0,0,4,1,1,
202100020630,164 750,A01,2,7,0,2,1,14,1,
202100020631,164 748,A01,1,7,2,0,1,0,1,
202100020632,164 746,B01,2,7,0,2,3,1,1,
202100020632,164 747,A01,1,2,0,2,1,13,1,
202100020633,164 744,A01,3,7,0,1,2,1,2,
202100020634,164 742,B01,0,7,0,2,1,26,1,
202100020634,164 743,A01,0,7,6,2,2,15,1,
202100020635,164 739,B01,2,10,0,0,8,1,1,
202100020635,164 740,A01,1,7,0,0,3,2,1,
202100020635,164 741,C01,2,7,0,0,8,1,1,
202100020636,164 738,A01,1,7,2,0,1,1,1,
202100020637,164 737,A01,3,2,0,0,9,26,1,
202100020638,164 736,A01,3,7,13,0,1,1,1,
202100020639,164 734,B01,1,7,0,2,1,1,1,
202100020639,164 735,A01,2,7,0,2,7,19,1,
202100020640,164 733,A01,1,33,0,0,7,1,1,
202100020641,164 731,A01,2,7,0,2,8,13,0,
202100020641,164 732,B01,1,33,0,2,8,0,1,
202100020642,164 730,A01,0,7,6,0,1,0,1,
202100020643,164 729,A01,1,31,12,0,1,6,1,
202100020644,164 728,A01,1,2,3,0,1,13,1,
202100020645,164 726,B01,1,7,0,0,3,1,1,
202100020645,164 727,A01,2,7,0,2,3,0,1,
202100020646,164 724,A01,1,17,0,2,3,13,1,
202100020646,164 725,B01,2,17,0,2,3,1,1,
202100020647,164 722,A01,1,7,0,2,3,15,1,
202100020647,164 723,B01,1,7,0,2,1,1,1,
202100020648,164 720,B01,1,31,0,2,1,21,1,
202100020648,164 721,A01,2,7,0,2,7,15,1,
202100020649,164 717,C01,0,15,0,2,3,23,1,
202100020649,164 718,B01,2,10,0,2,4,23,1,
202100020649,164 719,A01,2,10,0,2,1,1,1,
202100020650,164 715,A01,2,0,0,0,0,19,0,
202100020650,164 716,B01,1,1,0,0,9,1,5,
202100020651,164 713,B01,1,3,0,0,4,2,1,
202100020651,164 714,A01,1,7,0,2,1,2,1,
202100020652,164 712,A01,2,7,0,1,3,1,1,
202100020653,164 711,A01,1,33,13,0,9,1,1,
202100020654,164 710,A01,2,7,0,0,0,1,1,
202100020655,164 708,B01,3,7,0,2,8,13,1,
202100020655,164 709,A01,3,1,0,2,1,1,5,
202100020656,164 707,A01,3,33,5,0,1,1,1,
202100020657,164 705,A01,2,2,5,0,2,1,1,
202100020658,164 703,A01,2,10,0,2,3,1,1,
202100020658,164 704,B01,1,1,0,2,0,13,0,
202100020659,164 701,B01,3,7,0,2,2,2,1,
202100020659,164 702,A01,3,7,0,2,3,1,1,
202100020660,164 700,A01,2,7,0,1,1,1,1,
202100020661,164 698,A01,1,10,0,0,6,2,1,
202100020661,164 699,B01,1,2,7,2,2,2,1,
202100020662,164 697,A01,2,33,13,0,1,26,1,
202100020663,164 695,A01,1,7,0,2,5,12,1,
202100020663,164 696,B01,1,33,0,2,1,3,1,
202100020664,164 694,A01,3,7,7,0,1,9,1,
202100020665,164 692,B01,1,7,0,2,6,11,1,
202100020665,164 693,A01,1,33,0,2,1,1,1,
202100020666,164 690,B01,1,7,0,2,4,1,1,
202100020666,164 691,A01,1,10,0,2,2,1,1,
202100020667,164 688,B01,1,7,0,2,8,11,1,
202100020667,164 689,A01,1,33,0,2,7,3,6,
202100020668,164 687,A01,1,10,0,1,7,1,1,
202100020669,164 686,A01,1,7,0,1,4,1,1,
202100020670,164 684,C01,1,7,0,2,1,2,1,
202100020670,164 685,B01,1,7,0,2,6,23,1,
202100020671,164 683,A01,1,31,2,0,1,14,1,
202100020672,164 682,A01,3,50,0,0,1,0,3,
202100020673,164 681,A01,2,33,15,0,8,1,1,
202100020674,164 679,A01,2,33,0,2,1,2,1,
202100020674,164 680,B01,2,7,14,0,3,2,1,
202100020675,164 677,A01,2,33,0,2,1,2,1,
202100020675,164 678,B01,2,7,0,2,5,2,1,
202100020676,164 675,Z01,2,10,0,2,1,13,1,
202100020676,164 676,A01,1,33,0,2,1,1,1,
202100020677,164 673,A01,2,33,0,2,4,2,1,
202100020677,164 674,B01,2,1,0,2,2,2,5,
202100020678,164 672,Z01,3,10,0,1,1,5,0,
202100020679,164 670,A01,3,7,0,2,3,9,1,
202100020679,164 671,B01,1,33,0,2,1,1,1,
202100020680,164 668,B01,1,1,1,2,1,1,5,
202100020680,164 669,A01,2,7,1,2,7,24,1,
202100020681,164 667,A01,0,33,0,0,9,26,0,
202100020682,164 666,A01,1,7,1,0,9,14,1,
202100020683,164 659,B01,3,7,0,2,2,1,1,
202100020683,164 660,A01,3,1,0,2,0,1,0,
202100020684,164 658,A01,2,33,0,1,1,2,1,
202100020685,164 657,A01,2,7,0,1,2,1,1,
202100020686,164 654,B01,3,7,0,2,5,2,1,
202100020686,164 655,A01,3,7,0,2,1,2,1,
202100020686,164 656,C01,3,7,0,2,4,2,1,
202100020687,164 652,A01,3,7,0,2,1,1,1,
202100020687,164 653,B01,3,1,0,2,8,1,5,
202100020688,164 651,A01,1,30,15,0,2,26,1,
202100020689,164 649,A01,2,7,6,1,1,19,1,
202100020689,164 650,Z01,2,7,0,2,8,10,1,
202100020690,164 646,A01,2,99,0,2,1,26,3,
202100020690,164 647,B01,1,7,0,9,6,1,1,
202100020691,164 645,A01,1,3,6,0,1,26,1,
202100020692,164 642,A01,1,43,15,0,1,14,1,
202100020693,164 640,A01,2,7,0,2,1,5,1,
202100020693,164 641,B01,1,32,0,2,1,1,1,
202100020694,164 639,A01,2,33,12,0,7,1,1,
202100020695,164 636,A01,1,7,0,2,4,1,1,
202100020695,164 637,B01,1,7,0,2,4,1,1,
202100020695,164 638,C01,1,7,0,2,1,1,1,
202100020696,164 635,A01,3,7,12,0,1,26,1,
202100020697,164 634,A01,1,7,0,1,6,1,1,
202100020698,164 632,CA01,3,7,0,1,2,19,0,
202100020698,164 633,B01,3,50,0,2,1,19,0,
202100020699,164 630,B01,2,2,0,2,0,1,1,
202100020699,164 631,A01,1,7,0,9,0,13,1,
202100020700,164 627,C01,1,10,0,2,8,1,0,
202100020700,164 628,A01,2,7,0,2,3,13,2,
202100020700,164 629,B01,1,33,0,2,1,1,1,
202100020701,164 626,A01,2,7,8,0,1,19,1,
202100020702,164 624,A01,0,7,0,2,4,2,1,
202100020702,164 625,B01,0,7,0,2,1,2,1,
202100020703,164 622,B01,2,33,0,2,2,1,1,
202100020703,164 623,A01,2,35,0,2,3,10,1,
202100020704,164 620,A01,1,7,0,2,1,0,1,
202100020704,164 621,B01,3,7,0,2,3,0,1,
202100020705,164 618,A01,0,10,0,2,2,26,0,
202100020705,164 619,B01,3,7,0,2,1,0,6,
202100020706,164 617,A01,3,7,0,1,1,15,1,
202100020707,164 616,A01,1,33,6,0,1,1,1,
202100020708,164 615,A01,3,99,0,1,2,26,1,
202100020709,164 613,B01,2,1,0,2,1,15,5,
202100020709,164 614,A01,1,7,0,2,1,1,1,
202100020710,164 611,A01,1,7,0,2,0,9,1,
202100020710,164 612,B01,1,32,0,2,1,1,1,
202100020711,164 609,A01,2,30,0,2,1,2,1,
202100020711,164 610,B01,2,7,0,2,4,23,1,
202100020712,164 606,A01,1,30,0,2,8,2,1,
202100020712,164 607,Z01,1,7,0,2,0,9,0,
202100020712,164 608,B01,1,7,0,2,6,2,1,
202100020713,164 604,A01,2,30,0,2,2,17,1,
202100020713,164 605,B01,2,7,0,2,3,15,1,
202100020714,164 602,B01,1,7,0,2,2,1,1,
202100020714,164 603,A01,1,30,0,2,3,15,1,
202100020715,164 601,A01,0,7,11,0,3,14,1,
202100020716,164 599,A01,1,7,0,2,2,1,2,
202100020716,164 600,B01,1,7,0,2,0,1,1,
202100020717,164 597,A01,1,7,0,2,7,14,1,
202100020717,164 598,B01,1,7,0,2,8,24,1,
202100020718,164 595,B01,1,32,0,2,2,17,1,
202100020718,164 596,A01,1,7,0,2,3,15,1,
202100020719,164 594,A01,1,7,0,1,2,1,1,
202100020720,164 592,B01,1,30,0,2,4,1,1,
202100020720,164 593,A01,1,7,0,2,1,2,0,
202100020721,164 590,A01,1,7,0,2,7,1,1,
202100020721,164 591,B01,1,30,0,2,1,1,3,
202100020722,164 587,C01,1,1,0,2,1,7,5,
202100020722,164 588,B01,1,1,0,2,0,7,5,
202100020722,164 589,A01,1,7,0,2,1,10,1,
202100020723,164 585,B01,1,50,0,2,3,1,3,
202100020723,164 586,A01,1,7,0,2,5,22,1,
202100020724,164 583,B01,1,7,0,2,8,1,1,
202100020724,164 584,A01,2,31,0,2,1,1,1,
202100020725,164 581,B01,2,31,0,2,3,1,1,
202100020725,164 582,A01,1,7,0,2,2,15,2,
202100020726,164 579,A01,1,7,0,2,1,0,1,
202100020726,164 580,B01,3,1,0,2,8,0,5,
202100020727,164 577,A01,1,30,0,2,1,2,1,
202100020727,164 578,B01,1,7,0,2,5,2,1,
202100020728,164 575,B01,0,10,0,2,2,2,1,
202100020728,164 576,A01,0,7,1,0,2,26,1,
202100020729,164 574,A01,1,7,0,1,1,1,1,
202100020730,164 572,B01,1,7,8,2,2,1,1,
202100020730,164 573,A01,2,7,0,2,2,15,1,
202100020731,164 571,A01,3,7,13,0,3,2,1,
202100020732,164 570,A01,3,2,1,0,1,1,1,
202100020733,164 569,A01,2,33,15,0,1,6,1,
202100020734,164 568,A01,0,7,2,0,8,1,1,
202100020735,164 567,A01,1,7,8,0,0,1,1,
202100020736,164 565,B01,0,10,1,2,3,1,1,
202100020736,164 566,A01,0,10,1,2,2,1,1,
202100020737,164 564,A01,3,10,0,1,4,4,1,
202100020738,164 561,C01,1,1,0,2,8,1,5,
202100020738,164 562,B01,2,7,0,2,3,1,1,
202100020738,164 563,A01,1,10,0,2,3,17,1,
202100020739,164 560,A01,1,33,13,0,1,1,1,
202100020740,164 559,A01,2,7,0,1,1,1,1,
202100020741,164 557,B01,2,21,0,2,6,15,1,
202100020741,164 558,A01,2,33,0,2,1,17,1,
202100020742,164 555,A01,1,7,0,2,3,10,1,
202100020742,164 556,B01,1,33,0,2,2,1,1,
202100020743,164 552,B01,1,10,0,2,6,1,1,
202100020743,164 553,A01,1,7,0,2,2,1,1,
202100020743,164 554,C01,1,7,0,2,4,1,1,
202100020744,164 551,A01,2,2,7,0,3,1,1,
202100020745,164 549,B01,2,1,0,2,3,2,6,
202100020745,164 550,A01,2,7,0,9,2,21,1,
202100020746,164 548,A01,0,33,0,0,0,1,1,
202100020747,164 546,B01,2,7,0,0,6,1,1,
202100020747,164 547,A01,2,7,7,2,1,14,1,
202100020748,164 544,B01,1,7,0,2,2,13,1,
202100020748,164 545,A01,1,2,0,2,1,15,1,
202100020749,164 543,A01,1,7,2,0,2,17,1,
202100020750,164 542,A01,1,7,2,0,1,1,1,
202100020751,164 541,A01,0,7,0,1,2,2,1,
202100020752,164 539,A01,1,32,0,2,4,1,1,
202100020752,164 540,B01,1,31,0,2,1,1,1,
202100020753,164 537,A01,2,7,0,2,1,13,1,
202100020753,164 538,B01,1,10,0,2,2,21,1,
202100020754,164 536,A01,3,31,0,0,0,0,1,
202100020755,164 535,A01,2,33,13,0,8,1,1,
202100020756,164 533,B01,1,80,0,2,4,2,3,
202100020756,164 534,A01,1,7,0,2,0,2,1,
202100020757,164 531,A01,1,7,0,2,1,1,1,
202100020757,164 532,B01,1,2,0,2,4,1,1,
202100020758,164 529,B01,3,33,0,2,8,1,1,
202100020758,164 530,A01,3,10,0,2,1,16,1,
202100020759,164 528,A01,2,33,0,0,0,1,1,
202100020760,164 527,A01,2,33,0,0,7,1,1,
202100020761,164 525,A01,2,15,0,0,0,2,1,
202100020761,164 526,B01,2,1,12,0,0,2,5,
202100020762,164 524,A01,1,7,2,0,9,0,1,
202100020763,164 523,A01,2,2,12,0,0,21,1,
202100020764,164 522,A01,3,7,6,0,8,2,1,
202100020765,164 521,A01,1,2,2,0,1,1,1,
202100020766,164 520,A01,2,33,3,0,3,1,1,
202100020767,164 518,A01,2,1,0,2,1,13,5,
202100020767,164 519,B01,1,7,0,2,2,1,1,
202100020768,164 516,B01,2,2,0,2,1,1,1,
202100020768,164 517,A01,1,7,0,2,2,15,1,
202100020769,164 515,A01,1,7,9,0,1,11,1,
202100020770,164 514,A01,2,7,2,0,3,13,1,
202100020771,164 512,B01,1,33,0,2,1,1,1,
202100020771,164 513,A01,2,10,0,2,2,9,1,
202100020772,164 510,B01,1,7,0,2,2,2,1,
202100020772,164 511,A01,1,7,0,2,6,16,1,
202100020773,164 508,B01,1,33,0,2,1,1,1,
202100020773,164 509,A01,2,7,0,2,1,15,1,
202100020774,164 506,B01,1,7,0,2,2,1,1,
202100020774,164 507,A01,3,21,0,2,5,26,1,
202100020775,164 505,A01,1,10,2,0,2,1,1,
202100020776,164 504,A01,2,1,0,0,0,1,5,
202100020777,164 503,A01,2,7,2,0,1,1,1,
202100020778,164 502,A01,1,7,8,0,1,15,1,
202100020779,164 501,A01,0,36,0,0,9,1,1,
202100020780,164 500,A01,3,7,0,0,1,1,1,
202100020781,164 499,A01,1,33,13,0,1,1,1,
202100020782,164 498,A01,1,33,16,0,0,1,1,
202100020783,164 496,A01,2,7,0,2,5,12,1,
202100020783,164 497,B01,2,7,0,2,3,1,1,
202100020784,164 494,B01,2,7,0,2,2,1,1,
202100020784,164 495,A01,2,33,0,2,3,9,1,
202100020785,164 492,A01,2,7,0,2,3,2,1,
202100020785,164 493,B01,2,7,0,0,5,2,1,
202100020786,164 490,B01,2,1,0,2,1,1,5,
202100020786,164 491,A01,1,7,0,2,2,20,1,
202100020787,164 489,A01,2,2,0,0,7,0,1,
202100020788,164 487,B01,1,33,0,2,1,1,1,
202100020788,164 488,A01,2,7,8,2,3,17,1,
202100020789,164 485,B01,2,10,0,2,3,1,1,
202100020789,164 486,A01,1,7,0,2,3,13,1,
202100020790,164 484,A01,2,33,13,0,3,1,0,
202100020791,164 483,A01,2,33,2,0,1,1,1,
202100020792,164 480,C01,2,1,0,9,1,1,5,
202100020792,164 481,B01,1,1,0,2,1,1,5,
202100020792,164 482,A01,1,7,0,9,7,15,1,
202100020793,164 479,A01,1,7,14,0,1,0,1,
202100020794,164 478,A01,2,33,0,0,7,1,1,
202100020795,164 476,B01,3,80,0,0,9,1,3,
202100020795,164 477,A01,3,80,0,0,9,1,3,
202100020796,164 474,A01,3,7,0,9,3,1,1,
202100020796,164 475,B01,3,80,0,2,3,13,3,
202100020797,164 473,A01,3,7,1,0,2,1,1,
202100020798,164 472,A01,3,33,0,0,7,1,1,
202100020799,164 470,A01,2,7,0,2,7,15,1,
202100020799,164 471,B01,1,33,0,2,1,1,1,
202100020800,164 468,A01,1,7,0,2,2,2,1,
202100020800,164 469,B01,1,80,0,0,4,1,3,
202100020801,164 466,B01,1,7,0,2,3,1,1,
202100020801,164 467,A01,1,31,0,0,7,15,1,
202100020802,164 465,A01,2,7,3,0,3,21,1,
202100020803,164 463,A01,2,7,0,2,4,2,1,
202100020803,164 464,B01,2,7,0,2,1,2,1,
202100020804,164 460,C01,1,7,0,2,1,2,1,
202100020804,164 461,B01,1,7,0,2,4,2,1,
202100020804,164 462,A01,1,7,0,2,4,2,1,
202100020805,164 459,A01,2,7,4,0,2,14,1,
202100020806,164 456,C01,2,7,0,2,4,2,1,
202100020806,164 457,B01,2,7,0,2,4,2,1,
202100020806,164 458,A01,2,7,0,2,1,2,1,
202100020807,164 454,A01,1,7,0,2,2,2,1,
202100020807,164 455,B01,1,7,0,2,6,11,1,
202100020808,164 452,A01,2,7,0,2,8,11,1,
202100020808,164 453,B01,2,32,0,2,7,1,1,
202100020809,164 448,A01,2,10,0,2,1,2,1,
202100020809,164 449,B01,2,7,0,2,4,2,2,
202100020809,164 450,C01,2,7,0,2,4,2,1,
202100020809,164 451,D01,2,7,0,2,4,2,1,
202100020810,164 446,A01,1,7,0,2,2,2,1,
202100020810,164 447,B01,1,7,0,2,6,2,1,
202100020811,164 444,A01,1,7,3,2,3,14,1,
202100020811,164 445,B01,1,7,0,2,5,1,1,
202100020812,164 443,A01,2,7,4,0,1,9,1,
202100020813,164 442,A01,2,33,0,0,9,3,1,
202100020814,164 440,A01,2,7,0,2,1,2,1,
202100020814,164 441,B01,2,7,0,2,4,2,1,
202100020815,164 438,B01,2,7,4,2,4,2,1,
202100020815,164 439,A01,2,43,4,2,1,2,1,
202100020816,164 436,B01,2,7,0,2,7,12,1,
202100020816,164 437,A01,2,33,0,2,1,3,1,
202100020817,164 433,C01,2,7,0,2,6,2,1,
202100020817,164 434,B01,2,7,0,2,0,1,1,
202100020817,164 435,A01,2,7,0,2,1,1,1,
202100020818,164 431,B01,2,7,0,2,6,1,1,
202100020818,164 432,A01,2,7,4,2,1,14,1,
202100020819,164 430,A01,2,7,0,2,9,1,1,
202100020820,164 429,A01,1,7,4,0,2,1,1,
202100020821,164 427,B01,2,7,4,2,1,16,1,
202100020821,164 428,A01,2,7,4,2,5,16,1,
202100020822,164 425,Z01,1,99,0,2,6,3,1,
202100020822,164 426,A01,1,7,0,2,2,2,1,
202100020823,164 423,B01,1,7,0,2,8,11,1,
202100020823,164 424,A01,1,7,0,2,7,1,1,
202100020824,164 421,A01,2,32,8,2,7,1,1,
202100020824,164 422,B01,1,7,0,2,2,17,1,
202100020825,164 420,A01,1,7,0,0,3,26,1,
202100020826,164 419,A01,1,33,4,0,1,1,1,
202100020827,164 417,B01,1,32,0,2,1,1,1,
202100020827,164 418,A01,2,32,0,2,1,17,1,
202100020828,164 415,A01,1,7,0,9,1,14,1,
202100020828,164 416,B01,1,1,0,2,1,15,5,
202100020829,164 413,B01,2,33,0,2,1,1,1,
202100020829,164 414,A01,1,7,0,2,8,15,1,
202100020830,164 410,C01,3,50,0,2,7,19,3,
202100020830,164 411,B01,3,50,0,2,7,19,3,
202100020830,164 412,A01,1,99,0,2,1,26,6,
202100020831,164 409,A01,-1,10,0,1,3,15,1,
202100020832,164 408,A01,3,7,0,1,7,9,1,
202100020833,164 406,A01,1,7,0,2,3,9,1,
202100020833,164 407,B01,1,10,0,2,2,1,1,
202100020834,164 404,A01,1,7,0,2,1,2,1,
202100020834,164 405,B01,1,7,0,0,4,2,1,
202100020835,164 402,A01,1,3,0,2,1,13,1,
202100020835,164 403,B01,2,7,0,2,1,1,1,
202100020836,164 398,A01,0,31,0,2,1,1,1,
202100020836,164 399,B01,0,7,0,2,8,1,1,
202100020837,164 396,B01,2,2,0,2,2,2,1,
202100020837,164 397,A01,3,7,0,2,8,9,1,
202100020838,164 394,A01,1,7,0,2,3,23,1,
202100020838,164 395,B01,1,2,0,2,1,18,1,
202100020839,164 393,A01,2,32,0,0,7,21,1,
202100020840,164 391,B01,2,7,0,2,2,16,1,
202100020840,164 392,A01,2,2,0,2,8,18,1,
202100020841,164 389,B01,1,7,0,2,1,0,1,
202100020841,164 390,A01,1,7,0,2,0,5,1,
202100020842,164 388,A01,2,30,2,0,1,1,1,
202100020843,164 387,A01,1,7,0,1,1,26,1,
202100020844,164 386,A01,1,7,0,1,0,15,-1,
202100020845,164 384,B01,2,33,0,2,7,1,1,
202100020845,164 385,A01,1,7,0,2,1,1,1,
202100020846,164 383,A01,1,1,12,0,1,1,5,
202100020847,164 381,A01,1,1,0,2,3,15,5,
202100020847,164 382,B01,1,30,0,2,2,26,1,
202100020848,164 380,A01,0,7,8,0,0,1,1,
202100020849,164 379,A01,0,37,0,1,1,0,1,1.0
202100020850,164 378,A01,0,37,0,1,2,16,1,1.0
202100020851,164 376,B01,1,33,0,2,5,1,1,
202100020851,164 377,A01,1,7,0,2,2,9,1,
202100020852,164 374,A01,0,7,0,2,1,15,1,
202100020852,164 375,B01,0,7,0,2,3,1,1,
202100020853,164 373,A01,1,7,0,1,3,1,1,
202100020854,164 371,A01,3,7,0,9,3,2,1,
202100020854,164 372,B01,3,50,0,2,1,1,3,
202100020855,164 369,B01,3,7,0,2,3,1,1,
202100020855,164 370,A01,2,50,0,2,1,1,3,
202100020856,164 367,A01,2,7,0,2,1,15,1,
202100020856,164 368,B01,3,7,0,2,3,26,1,
202100020857,164 365,A01,2,32,0,2,8,1,1,
202100020857,164 366,B01,2,7,0,2,7,16,1,
202100020858,164 363,A01,2,7,0,2,1,1,1,
202100020858,164 364,B01,2,7,0,2,4,15,1,
202100020859,164 362,A01,1,7,0,1,2,9,1,
202100020860,164 360,A01,3,7,0,2,9,15,1,
202100020860,164 361,B01,3,7,0,2,1,1,1,
202100020861,164 357,A01,3,7,0,2,1,2,1,
202100020861,164 358,B01,3,7,0,2,3,2,1,
202100020861,164 359,C01,3,7,0,2,4,26,1,
202100020862,164 355,A01,0,7,0,2,2,15,1,
202100020862,164 356,B01,0,33,0,2,1,1,1,
202100020863,164 354,A01,2,7,6,0,1,0,1,
202100020864,164 353,A01,1,1,0,1,1,1,5,
202100020865,164 352,A01,3,7,0,1,7,16,1,
202100020866,164 350,B01,1,33,0,2,1,1,1,
202100020866,164 351,A01,1,7,0,2,3,15,1,
202100020867,164 347,A01,1,7,0,2,1,2,2,
202100020867,164 348,B01,1,7,0,2,6,1,1,
202100020867,164 349,C01,1,7,0,0,4,1,1,
202100020868,164 345,A01,0,7,0,2,1,1,1,
202100020868,164 346,B01,0,7,0,2,4,1,1,
202100020869,164 344,A01,0,7,5,0,0,1,-1,
202100020870,164 342,A01,1,7,0,2,1,2,2,
202100020870,164 343,B01,1,7,0,2,4,2,1,
202100020871,164 340,A01,2,7,0,2,5,4,1,
202100020871,164 341,B01,2,1,0,2,5,1,5,
202100020872,164 338,B01,2,7,0,2,4,23,1,
202100020872,164 339,A01,2,2,0,2,1,2,1,
202100020873,164 337,Z01,3,1,0,1,0,0,5,
202100020874,164 336,A01,1,43,9,0,1,26,1,
202100020875,164 335,A01,3,7,0,1,1,0,1,
202100020876,164 334,A01,1,30,0,0,1,1,1,
202100020877,164 332,A01,2,32,0,2,1,1,1,
202100020877,164 333,B01,3,1,0,0,0,0,0,
202100020878,164 330,A01,1,3,0,2,0,0,0,
202100020878,164 331,B01,0,3,0,0,0,0,0,
202100020879,164 328,A01,1,7,0,2,3,11,1,
202100020879,164 329,B01,1,7,0,2,5,1,1,
202100020880,164 326,B01,2,10,0,2,5,1,1,
202100020880,164 327,A01,2,31,0,2,3,3,1,
202100020881,164 324,A01,3,7,0,2,7,1,1,
202100020881,164 325,B01,3,7,0,2,1,1,1,
202100020882,164 322,Z01,2,7,0,2,3,10,0,
202100020882,164 323,A01,1,30,0,2,3,1,1,
202100020883,164 320,B01,1,80,0,2,1,18,3,
202100020883,164 321,A01,1,7,0,2,3,22,1,
202100020884,164 319,A01,1,1,0,0,0,1,5,
202100020885,164 317,A01,2,10,0,2,7,14,1,
202100020885,164 318,B01,2,50,0,2,3,1,3,
202100020886,164 316,A01,2,7,0,1,2,1,2,
202100020887,164 314,B01,1,33,0,2,3,18,1,
202100020887,164 315,A01,1,7,0,2,2,16,1,
202100020888,164 312,B01,1,33,0,2,8,1,1,
202100020888,164 313,A01,1,7,0,2,1,9,1,
202100020889,164 310,B01,2,14,0,2,4,23,1,
202100020889,164 311,A01,2,30,1,0,1,1,1,
202100020890,164 309,A01,3,7,0,1,2,15,1,
202100020891,164 307,B01,0,7,0,2,8,2,1,
202100020891,164 308,A01,0,7,0,2,2,2,1,
202100020892,164 304,B01,2,33,0,2,4,26,1,
202100020892,164 305,C01,2,10,0,2,4,20,1,
202100020892,164 306,A01,2,7,0,2,1,2,2,
202100020893,164 302,A01,1,34,0,2,8,1,1,
202100020893,164 303,B01,1,7,0,2,7,16,1,
202100020894,164 300,A01,1,30,0,2,1,26,1,
202100020894,164 301,B01,1,50,0,2,2,0,3,
202100020895,164 299,A01,1,7,1,0,2,14,2,
202100020896,164 298,A01,1,7,0,1,2,16,1,
202100020897,164 296,B01,2,7,0,2,4,1,1,
202100020897,164 297,A01,2,30,0,2,1,2,1,
202100020898,164 294,A01,1,31,0,2,1,1,1,
202100020898,164 295,B01,1,30,0,2,4,15,1,
202100020899,164 293,A01,2,7,0,0,0,0,1,
202100020900,164 291,B01,2,33,0,2,1,2,1,
202100020900,164 292,A01,1,7,0,2,5,2,1,
202100020901,164 290,A01,1,30,15,0,1,0,1,
202100020902,164 287,C01,2,7,1,2,1,2,1,
202100020902,164 288,B01,2,7,4,0,7,23,1,
202100020902,164 289,A01,2,7,3,2,6,1,1,
202100020903,164 285,A01,2,33,0,2,1,17,1,
202100020903,164 286,B01,2,7,0,2,3,15,1,
202100020904,164 284,A01,1,35,0,0,8,9,1,
202100020905,164 282,A01,2,7,0,2,3,13,1,
202100020905,164 283,B01,1,7,0,2,8,1,2,
202100020906,164 281,A01,2,7,13,0,1,1,1,
202100020907,164 279,A01,3,37,0,2,1,2,1,2.0
202100020907,164 280,B01,3,7,0,2,4,15,1,
202100020908,164 278,A01,1,2,0,0,9,14,1,
202100020909,164 276,B01,1,7,0,2,3,13,1,
202100020909,164 277,A01,2,7,0,2,1,1,1,
202100020910,164 275,A01,0,2,0,0,2,16,1,
202100020911,164 274,A01,1,33,15,0,1,0,1,
202100020912,164 273,A01,2,2,0,0,0,15,1,
202100020913,164 271,A01,0,7,0,2,3,0,1,
202100020913,164 272,B01,1,7,0,2,2,1,1,
202100020914,164 270,A01,3,7,15,0,1,14,1,
202100020915,164 268,A01,1,7,0,2,3,19,1,
202100020915,164 269,B01,1,31,0,2,1,1,1,
202100020916,164 266,A01,2,33,0,2,1,1,1,
202100020916,164 267,B01,2,33,0,2,4,1,1,
202100020917,164 265,A01,3,7,2,0,0,1,1,
202100020918,164 264,A01,3,7,0,1,2,16,1,
202100020919,164 263,A01,2,33,15,0,7,14,1,
202100020920,164 260,B01,1,2,0,0,4,1,1,
202100020920,164 261,A01,1,7,0,2,2,2,1,
202100020920,164 262,C01,1,2,0,0,4,1,1,
202100020921,164 259,A01,1,7,2,0,1,0,1,
202100020922,164 258,A01,2,2,0,0,0,1,1,
202100020923,164 256,A01,0,7,0,2,1,1,1,
202100020923,164 257,B01,0,1,0,2,1,1,5,
202100020924,164 254,B01,2,7,0,2,6,19,1,
202100020924,164 255,A01,1,7,0,2,1,1,1,
202100020925,164 252,A01,1,33,0,2,3,1,1,