Num_Acc,id_vehicule,num_veh,senc,catv,obs,obsm,choc,manv,motor,occutc
202100021220,163 729,B01,0,7,0,2,2,15,1,
202100021220,163 730,A01,0,33,0,2,1,1,1,
202100021221,163 727,B01,1,7,0,2,2,1,1,
202100021221,163 728,A01,1,7,0,2,6,23,1,
202100021222,163 725,B01,1,50,0,2,1,25,3,
202100021222,163 726,A01,1,7,0,9,2,15,1,
202100021223,163 724,A01,1,1,0,0,0,1,5,
202100021224,163 723,A01,1,2,0,0,0,1,1,
202100021225,163 720,A01,1,7,0,2,1,1,1,
202100021225,163 721,C01,1,7,0,2,4,23,1,
202100021225,163 722,B01,1,7,0,2,4,1,1,
202100021226,163 719,A01,2,7,1,0,2,14,1,
202100021227,163 718,A01,2,7,12,0,9,1,1,
202100021228,163 716,A01,1,7,0,2,4,23,1,
202100021228,163 717,Z01,1,7,0,0,1,2,1,
202100021229,163 714,B01,2,7,0,2,4,2,2,
202100021229,163 715,A01,1,7,0,2,1,2,1,
202100021230,163 709,A01,0,15,0,1,7,4,1,
202100021231,163 707,B01,3,33,0,2,1,1,1,
202100021231,163 708,A01,3,7,0,2,1,1,1,
202100021232,163 704,C01,1,7,0,2,0,0,0,
202100021232,163 705,B01,2,10,0,2,3,1,0,
202100021232,163 706,A01,2,7,0,2,3,17,1,
202100021233,163 702,A01,1,7,0,2,1,26,1,
202100021233,163 703,B01,1,7,0,2,4,2,1,
202100021234,163 700,A01,0,7,0,2,3,16,1,
202100021234,163 701,B01,0,7,0,2,2,1,1,
202100021235,163 699,A01,1,10,0,2,2,16,1,
202100021236,163 698,A01,3,30,16,0,8,2,1,
202100021237,163 696,A01,1,2,0,2,1,17,1,
202100021237,163 697,B01,1,7,0,2,6,1,1,
202100021238,163 695,A01,1,40,0,0,0,26,1,
202100021239,163 693,B01,1,10,0,2,1,19,1,
202100021239,163 694,A01,1,30,0,2,1,26,1,
202100021240,163 691,B01,1,1,0,2,6,2,5,
202100021240,163 692,A01,2,7,0,2,2,2,1,
202100021241,163 689,A01,3,10,0,9,1,9,1,
202100021241,163 690,B01,3,1,0,2,3,19,5,
202100021242,163 687,B01,2,1,0,2,1,1,5,
202100021242,163 688,A01,2,7,0,2,1,16,1,
202100021243,163 685,A01,1,7,8,2,7,1,1,
202100021243,163 686,B01,1,7,0,2,1,1,1,
202100021244,163 684,A01,1,7,0,1,7,1,1,
202100021245,163 683,A01,1,1,0,0,0,1,5,
202100021246,163 681,A01,2,30,0,2,3,17,1,
202100021246,163 682,B01,1,7,0,2,8,23,1,
202100021247,163 679,B01,2,7,0,2,8,1,1,
202100021247,163 680,A01,1,7,0,2,1,1,1,
202100021248,163 678,A01,1,7,12,0,2,0,1,
202100021249,163 676,B01,3,1,0,2,1,1,5,
202100021249,163 677,A01,3,7,0,9,8,1,1,
202100021250,163 675,A01,0,7,0,1,2,1,1,
202100021251,163 673,B01,0,50,0,2,0,0,3,
202100021251,163 674,A01,0,15,0,0,0,0,1,
202100021252,163 671,A01,1,2,0,2,2,14,1,
202100021252,163 672,FB01,1,7,0,2,3,1,1,
202100021253,163 669,A01,1,7,0,2,3,2,1,
202100021253,163 670,B01,1,33,0,2,4,2,1,
202100021254,163 667,B01,2,7,0,2,3,15,1,
202100021254,163 668,A01,2,7,8,2,2,17,1,
202100021255,163 665,A01,1,7,0,2,6,26,1,
202100021255,163 666,B01,1,32,0,2,1,1,1,
202100021256,163 663,Z01,1,7,0,2,1,17,1,
202100021256,163 664,A01,1,7,0,2,4,1,1,
202100021257,163 662,A01,1,7,14,0,2,15,1,
202100021258,163 660,A01,1,7,0,2,3,15,1,
202100021258,163 661,B01,1,2,0,2,1,1,1,
202100021259,163 658,A01,1,2,0,2,8,8,3,
202100021259,163 659,B01,2,37,0,2,3,1,1,1.0
202100021260,163 657,A01,1,7,0,1,7,1,1,
202100021261,163 655,B01,1,1,0,2,2,9,5,
202100021261,163 656,A01,2,7,0,2,3,9,0,
202100021262,163 652,A01,2,7,0,2,1,5,1,
202100021262,163 653,B01,1,7,0,2,1,1,1,
202100021262,163 654,C01,1,7,0,2,8,1,1,
202100021263,163 650,A01,0,33,0,2,4,23,1,
202100021263,163 651,B01,0,7,0,2,1,1,1,
202100021264,163 648,B01,1,7,0,2,2,15,1,
202100021264,163 649,A01,1,33,0,2,2,1,1,
202100021265,163 646,A01,1,7,0,2,2,13,1,
202100021265,163 647,B01,2,2,0,2,2,1,1,
202100021266,163 644,A01,3,7,0,2,3,15,2,
202100021266,163 645,B01,3,2,0,2,1,1,1,
202100021267,163 642,A01,3,7,0,2,1,0,1,
202100021267,163 643,B01,3,33,0,2,1,2,1,
202100021268,163 640,A01,2,7,0,2,1,2,1,
202100021268,163 641,B01,2,7,0,2,4,2,1,
202100021269,163 637,A01,1,7,0,1,2,1,1,
202100021270,163 636,A01,2,37,0,1,1,1,1,1.0
202100021271,163 635,A01,1,7,8,0,1,1,1,
202100021272,163 632,A01,1,33,0,2,1,17,0,
202100021272,163 633,B01,2,7,0,2,1,1,1,
202100021272,163 634,C01,0,7,0,2,8,1,1,
202100021273,163 630,A01,1,7,0,2,3,1,1,
202100021273,163 631,B01,1,32,0,0,0,0,0,
202100021274,163 627,A01,2,7,0,1,3,15,1,
202100021275,163 626,A01,1,7,14,0,2,14,1,
202100021276,163 624,B01,3,7,0,2,3,1,1,
202100021276,163 625,A01,3,7,0,2,1,9,0,
202100021277,163 622,A01,2,1,0,2,8,19,5,
202100021277,163 623,B01,2,7,0,2,1,1,1,
202100021278,163 620,B01,1,33,0,2,8,1,1,
202100021278,163 621,A01,1,7,0,2,8,16,1,
202100021279,163 619,A01,3,7,0,1,2,1,1,
202100021280,163 617,B01,1,1,0,2,1,1,5,
202100021280,163 618,A01,2,1,0,2,1,1,5,
202100021281,163 615,A01,3,13,0,9,1,26,1,
202100021281,163 616,B01,3,31,14,0,4,23,1,
202100021282,163 613,A01,1,7,0,2,1,2,1,
202100021282,163 614,B01,1,7,0,2,4,2,1,
202100021283,163 610,C01,2,7,0,2,4,2,1,
202100021283,163 611,B01,2,7,0,2,4,2,1,
202100021283,163 612,A01,2,7,0,2,1,2,1,
202100021284,163 608,B01,1,32,0,2,8,11,1,
202100021284,163 609,A01,1,7,0,2,2,5,1,
202100021285,163 607,A01,3,34,14,0,8,13,1,
202100021286,163 606,A01,1,50,0,1,3,1,3,
202100021287,163 605,A01,1,10,0,1,2,1,1,
202100021288,163 603,B01,3,37,0,2,8,16,1,1.0
202100021288,163 604,A01,3,7,0,2,2,1,1,
202100021289,163 601,A01,1,7,0,2,3,15,1,
202100021289,163 602,B01,1,33,0,2,7,1,1,
202100021290,163 599,B01,1,32,0,2,2,5,1,
202100021290,163 600,A01,1,7,0,2,8,15,2,
202100021291,163 597,A01,1,34,0,2,1,2,3,
202100021291,163 598,Z01,1,7,0,2,5,16,0,
202100021292,163 595,A01,2,7,0,2,3,22,1,
202100021292,163 596,B01,2,80,0,2,1,7,3,
202100021293,163 593,A01,1,50,0,2,7,1,3,
202100021293,163 594,Z01,1,7,0,2,1,16,0,
202100021294,163 591,B01,1,7,0,2,1,1,1,
202100021294,163 592,A01,2,30,0,2,1,17,1,
202100021295,163 589,B01,2,1,0,2,6,1,5,
202100021295,163 590,A01,1,7,0,2,3,15,1,
202100021296,163 587,B01,2,7,0,2,3,16,2,
202100021296,163 588,A01,3,50,0,2,1,7,3,
202100021297,163 585,B01,1,7,0,2,8,9,1,
202100021297,163 586,A01,1,50,0,2,8,25,3,
202100021298,163 583,B01,2,31,0,2,1,1,1,
202100021298,163 584,A01,1,1,0,2,7,15,5,
202100021299,163 581,A01,1,7,0,2,8,22,2,
202100021299,163 582,B01,1,1,0,2,1,17,5,
202100021300,163 580,A01,1,30,0,1,2,1,1,
202100021301,163 579,A01,3,80,0,0,0,1,3,
202100021302,163 577,B01,2,50,0,2,0,0,3,
202100021302,163 578,A01,2,7,0,2,7,1,1,
202100021303,163 576,A01,1,7,0,1,1,1,2,
202100021304,163 574,B01,2,60,0,2,1,1,5,
202100021304,163 575,A01,2,7,0,9,2,16,1,
202100021305,163 570,A01,2,14,0,2,2,1,1,
202100021305,163 571,B01,1,7,0,2,8,2,1,
202100021306,163 568,A01,2,10,0,2,1,19,1,
202100021306,163 569,B01,1,10,0,2,8,2,1,
202100021307,163 566,A01,0,34,0,2,1,26,1,
202100021307,163 567,B01,0,7,0,2,1,26,0,
202100021308,163 564,B01,3,7,0,2,6,1,1,
202100021308,163 565,A01,3,10,0,2,2,15,1,
202100021309,163 562,B01,1,7,0,2,4,1,1,
202100021309,163 563,A01,1,7,0,2,3,1,1,
202100021310,163 560,A01,1,50,0,0,1,26,3,
202100021310,163 561,B01,2,41,0,0,0,0,0,
202100021311,163 558,B01,1,7,0,2,1,2,1,
202100021311,163 559,A01,2,3,0,2,1,2,1,
202100021312,163 557,A01,1,10,0,1,3,26,1,
202100021313,163 556,A01,3,7,0,1,1,1,1,
202100021314,163 554,B01,1,7,0,2,2,14,1,
202100021314,163 555,A01,1,7,0,2,6,2,2,
202100021315,163 552,B01,3,50,0,2,3,0,3,
202100021315,163 553,A01,3,10,0,2,6,16,0,
202100021316,163 551,A01,2,7,1,0,1,14,1,
202100021317,163 549,B01,1,7,0,2,3,15,0,
202100021317,163 550,A01,1,32,0,2,7,1,1,
202100021318,163 547,B01,3,30,0,2,2,1,1,
202100021318,163 548,A01,3,7,0,2,3,15,0,
202100021319,163 546,A01,2,7,0,1,7,1,1,
202100021320,163 544,B01,1,1,0,2,8,1,0,
202100021320,163 545,A01,1,7,0,2,7,14,1,
202100021321,163 542,B01,2,7,0,2,4,23,1,
202100021321,163 543,A01,2,2,0,2,1,2,1,
202100021322,163 540,B01,2,10,0,2,3,1,1,
202100021322,163 541,A01,1,2,0,2,1,17,1,
202100021323,163 538,A01,3,33,0,2,1,1,1,
202100021323,163 539,B01,0,7,0,2,8,19,1,
202100021324,163 536,A01,1,7,0,2,7,1,1,
202100021324,163 537,B01,1,33,0,2,1,1,1,
202100021325,163 534,B01,2,15,0,0,3,2,1,
202100021325,163 535,A01,1,7,0,0,3,5,1,
202100021326,163 532,A01,3,31,12,0,0,1,1,
202100021327,163 531,A01,1,7,13,0,2,1,1,
202100021328,163 530,A01,2,7,0,1,1,1,1,
202100021329,163 528,B01,2,33,0,2,1,17,1,
202100021329,163 529,A01,2,7,0,2,3,15,1,
202100021330,163 526,A01,0,7,0,2,1,19,1,
202100021330,163 527,B01,2,10,0,2,2,1,1,
202100021331,163 524,A01,2,1,0,2,1,19,5,
202100021331,163 525,B01,2,7,0,9,2,1,1,
202100021332,163 522,B01,1,7,0,2,3,1,1,
202100021332,163 523,A01,1,7,0,0,2,15,1,
202100021333,163 520,A01,2,7,3,2,1,17,1,
202100021333,163 521,B01,2,7,0,0,4,1,1,
202100021334,163 518,A01,2,15,0,2,7,15,1,
202100021334,163 519,B01,2,33,0,2,1,1,1,
202100021335,163 517,A01,1,33,17,0,8,1,1,
202100021336,163 515,A01,1,7,0,2,7,17,1,
202100021336,163 516,B01,1,33,0,2,3,1,1,
202100021337,163 513,A01,1,7,0,2,3,19,1,
202100021337,163 514,B01,2,7,0,0,1,1,1,
202100021338,163 511,A01,2,7,0,0,8,11,1,
202100021338,163 512,B01,2,10,2,2,2,13,1,
202100021339,163 509,A01,1,7,0,2,6,19,1,
202100021339,163 510,B01,2,7,0,2,3,1,1,
202100021340,163 507,B01,2,7,0,2,3,2,1,
202100021340,163 508,A01,2,1,0,2,8,2,5,
202100021341,163 505,B01,2,2,0,2,1,1,1,
202100021341,163 506,A01,1,7,0,2,5,6,1,
202100021342,163 503,A01,3,50,0,2,6,1,3,
202100021342,163 504,B01,3,7,0,2,2,1,1,
202100021343,163 502,A01,2,7,13,0,0,1,1,
202100021344,163 501,A01,2,33,16,0,0,1,1,
202100021345,163 499,A01,1,7,0,2,3,2,1,
202100021345,163 500,B01,1,7,0,2,5,15,1,
202100021346,163 497,B01,3,7,0,2,3,15,1,
202100021346,163 498,A01,3,1,0,2,1,1,5,
202100021347,163 495,A01,2,2,0,0,6,9,1,
202100021347,163 496,B01,2,7,0,0,2,1,1,
202100021348,163 493,B01,1,33,0,2,1,17,1,
202100021348,163 494,A01,1,7,0,2,6,10,1,
202100021349,163 492,A01,2,7,7,0,1,0,1,
202100021350,163 490,B01,2,10,0,9,2,1,1,
202100021350,163 491,A01,2,1,0,0,4,1,5,
202100021351,163 488,B01,3,7,0,0,4,23,1,
202100021351,163 489,A01,3,2,0,2,1,2,1,
202100021352,163 487,A01,1,33,0,0,0,1,1,
202100021353,163 485,A01,1,7,2,0,1,14,1,
202100021354,163 483,A01,1,7,0,2,3,1,1,
202100021354,163 484,B01,3,21,0,2,2,1,1,
202100021355,163 482,A01,2,7,0,6,7,21,1,
202100021356,163 480,B01,1,99,0,0,4,2,6,
202100021356,163 481,A01,1,7,0,5,1,2,1,
202100021357,163 479,A01,1,10,0,1,5,2,0,
202100021358,163 476,A01,3,7,0,2,1,9,1,
202100021359,163 474,B01,3,7,0,2,1,15,1,
202100021359,163 475,A01,2,7,0,2,1,1,1,
202100021360,163 471,C01,3,7,0,2,4,23,1,
202100021360,163 472,B01,3,7,0,2,4,23,1,
202100021360,163 473,A01,3,7,14,0,1,1,1,
202100021361,163 469,A01,2,33,0,2,1,1,1,
202100021361,163 470,B01,1,7,0,2,2,1,1,
202100021362,163 467,B01,2,7,3,2,3,1,1,
202100021362,163 468,A01,1,7,3,2,1,13,1,
202100021363,163 466,A01,2,7,6,0,1,14,1,
202100021364,163 464,B01,3,1,0,2,0,1,5,
202100021364,163 465,A01,3,7,0,2,3,9,1,
202100021365,163 462,B01,1,2,0,2,1,1,1,
202100021365,163 463,A01,2,10,0,2,3,15,1,
202100021366,163 460,A01,1,7,0,0,2,2,1,
202100021366,163 461,B01,1,1,0,2,3,1,5,
202100021367,163 458,A01,1,7,0,2,2,15,1,
202100021367,163 459,B01,2,33,0,2,1,1,1,
202100021368,163 456,B01,2,7,0,2,3,1,1,
202100021368,163 457,A01,1,33,0,2,1,13,1,
202100021369,163 451,A01,2,10,0,2,3,1,1,
202100021369,163 452,B01,1,7,0,2,3,13,1,
202100021370,163 449,A01,1,2,0,2,3,23,1,
202100021370,163 450,B01,1,7,0,2,3,15,0,
202100021371,163 448,A01,2,7,4,0,0,1,1,
202100021372,163 447,A01,1,7,11,0,9,1,1,
202100021373,163 444,C01,1,7,0,2,3,1,1,
202100021373,163 445,B01,2,7,0,2,1,1,1,
202100021373,163 446,A01,0,2,0,2,8,9,1,
202100021374,163 442,B01,1,2,0,2,1,2,3,
202100021374,163 443,A01,1,7,0,9,6,2,1,
202100021375,163 440,A01,0,32,0,2,1,2,1,
202100021375,163 441,B01,0,7,0,0,6,15,1,
202100021376,163 436,A01,3,7,0,0,4,23,1,
202100021376,163 437,B01,3,7,0,2,4,23,1,
202100021376,163 438,C01,3,7,0,2,4,23,1,
202100021376,163 439,D01,3,7,0,2,1,1,1,
202100021377,163 434,B01,3,10,0,0,0,25,1,
202100021377,163 435,A01,3,33,7,0,0,21,1,
202100021378,163 431,A01,1,7,0,9,2,2,1,
202100021378,163 432,B01,1,1,0,2,4,2,5,
202100021378,163 433,C01,1,1,0,0,0,2,5,
202100021379,163 430,A01,1,7,0,1,2,1,1,
202100021380,163 428,A01,2,30,0,2,8,10,1,
202100021380,163 429,B01,2,15,0,2,1,1,1,
202100021381,163 427,A01,2,7,1,0,2,14,1,
202100021382,163 426,A01,2,7,13,0,2,1,1,
202100021383,163 424,B01,3,2,0,2,7,5,1,
202100021383,163 425,A01,3,7,0,2,1,15,1,
202100021384,163 422,A01,1,33,0,2,1,1,1,
202100021384,163 423,B01,2,33,0,2,2,0,1,
202100021385,163 420,B01,1,7,0,2,2,1,1,
202100021385,163 421,A01,1,7,7,2,7,19,1,
202100021386,163 418,B01,2,1,0,0,3,1,5,
202100021386,163 419,A01,1,7,0,9,3,1,1,
202100021387,163 416,A01,0,7,0,2,3,1,1,
202100021387,163 417,B01,0,33,0,2,1,1,1,
202100021388,163 414,B01,0,7,0,0,5,2,1,
202100021388,163 415,A01,0,10,0,2,3,2,1,
202100021389,163 412,A01,3,7,0,2,2,15,1,
202100021389,163 413,B01,3,33,0,2,1,1,1,
202100021390,163 410,B01,1,7,0,2,4,1,1,
202100021390,163 411,A01,1,7,0,2,1,2,1,
202100021391,163 409,A01,1,7,0,1,1,1,1,
202100021392,163 408,A01,2,33,0,0,8,26,1,
202100021393,163 407,A01,2,7,0,0,9,1,1,
202100021394,163 405,A01,2,7,3,0,1,2,1,
202100021394,163 406,B01,2,15,0,2,7,2,0,
202100021395,163 404,A01,2,7,4,0,6,1,1,
202100021396,163 402,A01,2,32,0,2,2,3,1,
202100021396,163 403,B01,2,7,0,2,8,11,1,
202100021397,163 400,A01,1,33,0,2,1,1,1,
202100021397,163 401,B01,1,7,0,2,4,2,1,
202100021398,163 398,A01,1,33,0,2,1,3,1,
202100021398,163 399,B01,1,7,0,2,6,1,1,
202100021399,163 397,A01,1,33,4,0,1,26,1,
202100021400,163 395,A01,2,33,0,2,1,3,1,
202100021400,163 396,B01,2,7,0,2,7,14,1,
202100021401,163 393,A01,1,7,0,2,1,1,1,
202100021401,163 394,B01,1,7,0,2,4,2,1,
202100021402,163 392,A01,1,10,14,0,1,2,1,
202100021403,163 389,A01,1,7,0,2,4,0,1,
202100021403,163 390,B01,1,7,0,2,4,0,1,
202100021403,163 391,C01,1,10,0,2,1,0,1,
202100021404,163 387,B01,1,7,0,2,5,2,1,
202100021404,163 388,A01,1,33,0,2,3,3,1,
202100021405,163 385,B01,1,33,0,2,1,26,1,
202100021405,163 386,A01,1,21,0,0,6,26,1,
202100021406,163 384,A01,0,10,1,1,1,16,3,
202100021407,163 383,A01,2,7,0,1,2,1,1,
202100021408,163 382,A01,1,32,0,1,1,1,1,
202100021409,163 381,A01,1,7,0,1,1,1,1,
202100021410,163 380,A01,0,7,14,1,1,1,1,
202100021411,163 379,A01,1,13,0,1,4,26,1,
202100021412,163 377,B01,1,7,0,2,8,0,1,
202100021412,163 378,A01,1,7,0,2,7,1,1,
202100021413,163 375,A01,1,10,1,2,7,1,1,
202100021413,163 376,B01,1,1,0,2,1,9,0,
202100021414,163 373,A01,1,7,0,2,2,9,1,
202100021414,163 374,B01,2,7,0,2,3,1,1,
202100021415,163 372,A01,1,7,0,1,4,20,2,
202100021416,163 371,A01,1,50,0,1,1,1,3,
202100021417,163 369,A01,1,34,0,2,7,9,1,
202100021417,163 370,B01,1,7,0,2,3,1,1,
202100021418,163 368,A01,3,7,8,0,2,1,1,
202100021419,163 367,A01,2,7,0,1,3,16,1,
202100021420,163 365,B01,3,7,1,0,4,2,0,
202100021420,163 366,A01,3,32,0,2,1,26,1,
202100021421,163 363,B01,1,50,0,2,1,1,3,
202100021421,163 364,A01,1,7,0,2,7,16,1,
202100021422,163 361,B01,1,7,0,2,8,15,1,
202100021422,163 362,A01,1,80,0,2,1,1,3,
202100021423,163 360,A01,1,7,4,0,1,0,1,
202100021424,163 358,B01,1,10,0,2,1,2,0,
202100021424,163 359,A01,1,10,0,2,4,2,0,
202100021425,163 356,A01,1,7,0,2,1,13,1,
202100021425,163 357,B01,2,7,0,2,1,1,1,
202100021426,163 353,B01,2,10,0,2,4,23,1,
202100021426,163 354,C01,2,7,0,2,4,23,1,
202100021426,163 355,A01,2,7,0,2,1,1,1,
202100021427,163 351,B01,1,33,0,2,1,1,1,
202100021427,163 352,A01,1,7,0,2,3,15,1,
202100021428,163 349,B01,3,33,0,2,2,1,1,
202100021428,163 350,A01,3,7,0,2,1,26,1,
202100021429,163 347,A01,1,7,0,2,5,0,1,
202100021429,163 348,B01,2,2,0,2,1,1,1,
202100021430,163 346,A01,1,7,0,1,1,15,1,
202100021431,163 336,B01,3,10,0,2,4,2,1,
202100021431,163 337,A01,3,1,0,2,1,2,5,
202100021432,163 335,A01,3,7,15,0,1,1,1,
202100021433,163 333,A01,1,7,0,2,1,16,0,
202100021433,163 334,V01,1,1,0,2,8,1,5,
202100021434,163 332,A01,3,7,0,1,1,1,1,
202100021435,163 331,Z01,1,1,0,1,1,25,5,
202100021436,163 329,Z01,2,7,0,2,1,1,1,
202100021436,163 330,A01,1,50,0,2,8,19,3,
202100021437,163 325,B01,2,7,0,2,4,15,2,
202100021437,163 326,A01,2,7,0,2,1,1,1,
202100021437,163 327,D01,1,7,0,2,1,1,1,
202100021437,163 328,C01,1,7,0,2,1,1,1,
202100021438,163 323,B01,1,80,0,2,8,1,3,
202100021438,163 324,A01,1,7,0,2,2,1,1,
202100021439,163 321,B01,1,33,0,2,8,1,1,
202100021439,163 322,A01,2,7,0,2,3,15,1,
202100021440,163 319,A01,3,33,0,2,1,9,1,
202100021440,163 320,B01,3,1,0,2,8,1,5,
202100021441,163 318,A01,1,30,0,1,1,17,1,
202100021442,163 317,A01,1,30,1,0,1,2,1,
202100021443,163 316,BA01,2,1,0,1,1,26,5,
202100021444,163 314,A01,3,7,0,9,1,1,1,
202100021444,163 315,B01,3,1,0,2,8,0,5,
202100021445,163 312,A01,1,7,1,2,3,9,1,
202100021445,163 313,B01,2,2,0,2,2,0,1,
202100021446,163 311,A01,1,3,0,1,1,1,3,
202100021447,163 309,B01,1,1,0,2,4,15,5,
202100021447,163 310,A01,1,7,0,2,1,17,1,
202100021448,163 306,C01,2,7,0,2,4,1,1,
202100021448,163 307,B01,2,7,0,2,4,2,1,
202100021448,163 308,A01,2,7,0,2,1,2,1,
202100021449,163 305,A01,2,7,0,6,1,1,1,
202100021450,163 303,B01,1,34,0,2,7,1,1,
202100021450,163 304,A01,2,7,0,2,1,9,1,
202100021451,163 302,A01,0,7,0,1,2,1,1,
202100021452,163 300,A01,2,7,0,2,1,1,1,
202100021452,163 301,B01,2,3,0,2,4,1,1,
202100021453,163 298,B01,2,50,0,2,3,10,3,
202100021453,163 299,A01,2,7,0,2,2,1,1,
202100021454,163 296,B01,0,1,0,0,0,0,5,
202100021454,163 297,A01,0,7,0,2,8,26,1,
202100021455,163 294,A01,1,7,0,2,7,15,1,
202100021455,163 295,B01,2,33,0,2,1,1,1,
202100021456,163 292,B01,3,7,0,2,1,1,1,
202100021456,163 293,A01,3,7,6,2,7,1,1,
202100021457,163 290,B01,3,1,0,2,0,2,5,
202100021457,163 291,A01,3,7,0,2,0,0,1,
202100021458,163 287,A01,2,7,0,2,1,18,1,
202100021458,163 288,B01,2,7,0,2,4,1,1,
202100021458,163 289,C01,2,7,0,2,4,1,1,
202100021459,163 285,A01,3,7,0,2,1,1,1,
202100021459,163 286,B01,0,1,0,2,8,1,6,
202100021460,163 283,B01,0,32,0,0,0,0,1,
202100021460,163 284,A01,1,7,0,2,1,15,1,
202100021461,163 281,B01,0,80,0,2,0,0,3,
202100021461,163 282,A01,0,7,0,2,0,9,1,
202100021462,163 277,B01,2,30,0,2,7,1,1,
202100021462,163 278,A01,1,7,0,2,7,20,1,
202100021463,163 275,B01,3,7,0,2,3,9,1,
202100021463,163 276,A01,3,1,0,2,0,0,5,
202100021464,163 274,A01,1,7,0,1,2,1,1,
202100021465,163 273,A01,2,43,0,1,2,1,1,
202100021466,163 271,A01,1,33,0,2,1,1,1,
202100021466,163 272,B01,2,7,0,0,7,15,1,
202100021467,163 270,A01,1,7,0,1,1,1,1,
202100021468,163 268,A01,0,14,0,2,1,11,1,
202100021468,163 269,B01,0,37,0,2,6,20,1,3.0
202100021469,163 266,A01,1,7,0,2,3,0,1,
202100021469,163 267,B01,1,2,0,2,1,0,1,
202100021470,163 264,B01,3,37,0,2,2,1,1,1.0
202100021470,163 265,A01,3,7,0,2,9,9,1,
202100021471,163 262,A01,1,7,0,2,0,9,1,
202100021471,163 263,B01,1,1,0,2,0,1,5,
202100021472,163 260,B01,1,7,0,2,2,1,1,
202100021472,163 261,A01,2,7,0,2,8,10,1,
202100021473,163 258,B01,1,1,0,2,8,1,5,
202100021473,163 259,A01,1,7,0,2,2,15,1,
202100021474,163 256,A01,1,7,1,0,0,4,1,
202100021474,163 257,B01,0,7,1,0,7,24,1,
202100021475,163 254,B01,1,33,0,2,2,1,1,
202100021475,163 255,A01,2,10,0,2,3,15,1,
202100021476,163 252,A01,1,10,0,2,2,10,3,
202100021476,163 253,B01,2,33,0,2,8,1,1,
202100021477,163 250,B01,1,10,0,2,5,15,3,
202100021477,163 251,A01,2,1,0,2,1,1,5,
202100021478,163 248,A01,2,30,0,2,1,1,1,
202100021478,163 249,Z01,1,7,0,2,7,15,0,
202100021479,163 246,A01,2,1,0,2,8,17,5,
202100021479,163 247,B01,1,80,0,2,8,1,3,
202100021480,163 245,A01,1,10,0,1,3,1,0,
202100021481,163 244,A01,1,1,0,0,1,1,5,
202100021482,163 242,A01,1,7,0,2,8,22,1,
202100021482,163 243,B01,1,50,0,2,2,1,3,
202100021483,163 240,A01,1,30,0,2,3,15,1,
202100021483,163 241,B01,1,34,0,2,1,2,1,
202100021484,163 238,A01,2,30,0,2,3,19,3,
202100021484,163 239,B01,1,33,1,2,3,1,1,
202100021485,163 236,A01,1,7,0,2,2,1,1,
202100021485,163 237,B01,1,30,0,2,1,1,1,
202100021486,163 234,B01,2,80,0,2,2,1,3,
202100021486,163 235,A01,2,7,0,2,3,9,1,
202100021487,163 232,A01,1,30,0,2,1,1,1,
202100021487,163 233,B01,1,14,0,2,3,16,6,
202100021488,163 230,B01,2,50,0,2,3,1,3,
202100021488,163 231,A01,1,7,0,2,2,15,1,
202100021489,163 227,C01,1,7,0,0,0,0,2,
202100021489,163 228,B01,1,7,0,2,1,26,1,
202100021489,163 229,A01,2,7,0,2,2,15,2,
202100021490,163 225,B01,2,31,0,2,1,1,1,
202100021490,163 226,A01,1,7,0,2,7,13,1,
202100021491,163 222,A01,2,10,1,0,1,1,1,
202100021491,163 223,B01,2,7,1,0,4,23,1,
202100021491,163 224,C01,2,7,1,0,4,23,1,
202100021492,163 220,A01,2,1,0,2,7,15,5,
202100021492,163 221,B01,1,7,0,2,2,1,1,
202100021493,163 217,A01,0,7,0,2,1,26,1,
202100021493,163 218,B01,0,7,0,2,4,2,1,
202100021493,163 219,C01,0,10,0,2,1,2,1,
202100021494,163 215,B01,3,32,0,2,4,1,1,
202100021494,163 216,A01,3,3,0,2,1,13,1,
202100021495,163 213,A01,2,7,0,2,3,23,0,
202100021495,163 214,B01,2,1,1,2,1,2,0,
202100021496,163 211,A01,3,10,0,2,7,6,0,
202100021496,163 212,B01,1,43,0,2,1,0,0,
202100021497,163 209,A01,1,7,0,2,2,16,1,
202100021497,163 210,B01,1,32,12,2,8,18,1,
202100021498,163 207,A01,0,33,0,2,0,15,1,
202100021498,163 208,B01,0,34,0,2,0,1,1,
202100021499,163 205,A01,3,7,0,2,6,26,1,
202100021499,163 206,B01,3,2,0,2,1,26,1,
202100021500,163 203,B01,1,13,0,2,3,1,1,
202100021500,163 204,A01,1,7,0,2,2,17,1,
202100021501,163 202,A01,1,33,1,0,2,14,1,
202100021502,163 201,A01,0,1,0,1,1,9,5,
202100021503,163 200,A01,1,80,0,1,0,1,3,
202100021504,163 199,A01,1,80,1,0,7,26,3,
202100021505,163 198,A01,2,32,1,0,1,13,1,
202100021506,163 197,A01,2,33,0,0,2,2,1,
202100021507,163 195,B01,1,1,0,2,4,1,5,
202100021507,163 196,A01,1,7,0,2,2,17,1,
202100021508,163 194,A01,1,2,9,0,1,26,1,
202100021509,163 193,A01,1,7,2,0,1,1,1,
202100021510,163 191,B01,0,7,0,2,1,1,1,
202100021510,163 192,A01,0,33,0,2,1,5,1,
202100021511,163 190,A01,1,7,2,0,1,0,1,
202100021512,163 187,C01,2,7,0,2,2,1,1,