Num_Acc,id_vehicule,num_veh,senc,catv,obs,obsm,choc,manv,motor,occutc
202100021800,162 653,C01,2,30,0,2,4,1,1,
202100021800,162 654,B01,1,7,0,2,2,15,1,
202100021800,162 655,A01,2,7,0,2,3,1,1,
202100021801,162 651,B01,2,1,0,2,1,1,5,
202100021801,162 652,A01,2,7,0,2,8,22,1,
202100021802,162 649,A01,0,10,0,2,1,1,1,
202100021802,162 650,B01,0,7,0,2,4,1,1,
202100021803,162 648,A01,0,7,0,1,3,15,2,
202100021804,162 646,B01,1,50,0,2,8,1,3,
202100021804,162 647,A01,2,7,0,2,8,16,1,
202100021805,162 644,B01,3,34,0,2,7,17,1,
202100021805,162 645,A01,3,7,0,2,0,1,1,
202100021806,162 643,A01,2,7,1,0,3,14,1,
202100021807,162 641,Z01,1,50,0,2,1,13,3,
202100021807,162 642,A01,2,50,0,2,1,1,3,
202100021808,162 639,B01,1,7,0,2,5,1,1,
202100021808,162 640,A01,1,7,0,2,3,13,1,
202100021809,162 637,A01,1,7,0,2,8,5,1,
202100021809,162 638,B01,1,7,0,2,1,1,1,
202100021810,162 635,B01,2,7,0,2,3,1,1,
202100021810,162 636,A01,1,50,0,2,2,1,3,
202100021811,162 634,Z01,1,37,0,1,7,1,0,1.0
202100021812,162 633,A01,1,7,1,1,2,17,1,
202100021813,162 631,B01,0,32,0,2,7,26,1,
202100021813,162 632,A01,0,7,14,2,7,5,1,
202100021814,162 630,A01,3,1,8,0,1,1,0,
202100021815,162 628,B01,1,7,0,2,6,15,1,
202100021815,162 629,A01,1,32,0,2,1,13,1,
202100021816,162 627,A01,2,33,1,0,1,1,1,
202100021817,162 626,A01,1,7,12,0,1,16,1,
202100021818,162 624,A01,0,7,0,2,1,9,1,
202100021818,162 625,B01,0,7,0,2,3,19,1,
202100021819,162 623,A01,1,7,9,0,9,0,1,
202100021820,162 621,B01,1,7,0,0,8,15,1,
202100021820,162 622,A01,1,50,0,2,1,1,3,
202100021821,162 619,A01,2,7,1,0,2,9,1,
202100021821,162 620,B01,1,31,0,2,7,1,1,
202100021822,162 617,B01,1,33,1,0,7,2,1,
202100021822,162 618,A01,1,7,16,0,3,26,1,
202100021823,162 616,Y01,1,1,0,0,1,1,5,
202100021824,162 614,B01,2,7,0,2,5,15,1,
202100021824,162 615,A01,1,34,0,2,1,1,1,
202100021825,162 613,A01,3,30,0,0,8,26,1,
202100021826,162 612,A01,1,7,0,1,1,1,1,
202100021827,162 610,B01,1,7,0,2,1,0,1,
202100021827,162 611,A01,1,7,0,2,1,1,1,
202100021828,162 608,Z01,2,7,9,2,0,11,1,
202100021828,162 609,B01,1,2,0,2,0,21,1,
202100021829,162 607,A01,2,80,0,0,3,0,3,
202100021830,162 605,B01,2,7,0,2,2,17,1,
202100021830,162 606,A01,2,7,16,2,6,1,1,
202100021831,162 604,A01,3,7,13,0,1,1,1,
202100021832,162 603,A01,1,7,4,0,1,0,1,
202100021833,162 601,B01,2,7,0,2,7,17,1,
202100021833,162 602,A01,2,7,0,2,8,13,1,
202100021834,162 599,A01,1,2,0,2,1,18,1,
202100021834,162 600,B01,1,7,0,2,2,16,1,
202100021835,162 597,B01,2,2,0,2,1,1,1,
202100021835,162 598,A01,2,7,0,0,3,15,1,
202100021836,162 595,A01,2,7,0,2,8,15,1,
202100021836,162 596,B01,1,30,0,2,8,0,1,
202100021837,162 593,B01,0,33,0,2,1,1,1,
202100021837,162 594,A01,0,7,0,2,2,19,2,
202100021838,162 591,B01,2,7,3,2,1,2,1,
202100021838,162 592,A01,2,7,3,0,4,12,1,
202100021839,162 590,A01,1,2,0,6,2,2,1,
202100021840,162 589,A01,2,7,13,0,2,0,1,
202100021841,162 587,B01,0,7,0,2,2,19,1,
202100021841,162 588,A01,2,33,0,2,1,1,1,
202100021842,162 586,A01,1,7,8,0,6,1,1,
202100021843,162 584,A01,2,10,0,2,2,15,1,
202100021843,162 585,B01,1,99,0,0,8,1,5,
202100021844,162 583,A01,1,7,13,0,2,14,1,
202100021845,162 581,A01,1,7,0,2,1,13,1,
202100021845,162 582,B01,2,7,0,2,1,1,1,
202100021846,162 579,A01,1,33,0,2,2,17,1,
202100021846,162 580,B01,1,7,0,0,3,15,1,
202100021847,162 578,A01,3,33,0,0,2,1,1,
202100021848,162 576,B01,3,7,0,2,3,1,1,
202100021848,162 577,A01,3,33,0,2,3,1,1,
202100021849,162 574,B01,0,7,0,2,1,1,1,
202100021849,162 575,A01,0,7,0,2,7,15,1,
202100021850,162 573,A01,2,7,2,0,8,13,1,
202100021851,162 571,B01,1,33,0,2,6,15,1,
202100021851,162 572,A01,1,7,0,2,2,2,1,
202100021852,162 570,A01,2,33,13,0,0,1,1,
202100021853,162 568,B01,1,33,0,2,1,1,1,
202100021853,162 569,A01,2,7,0,2,1,15,1,
202100021854,162 567,A01,2,7,13,0,1,13,1,
202100021855,162 566,A01,1,7,13,0,1,1,1,
202100021856,162 565,A01,3,10,0,1,5,0,0,
202100021857,162 564,A01,1,33,9,0,9,2,1,
202100021858,162 562,A01,1,10,0,0,6,2,1,
202100021858,162 563,B01,1,33,0,0,1,2,1,
202100021859,162 560,B01,1,7,0,2,1,1,1,
202100021859,162 561,A01,2,7,0,2,7,13,1,
202100021860,162 559,A01,2,33,0,0,0,1,1,
202100021861,162 557,A01,2,7,3,2,3,5,2,
202100021861,162 558,B01,1,15,0,2,3,21,1,
202100021862,162 556,A01,3,7,0,1,4,20,1,
202100021863,162 554,A01,3,36,0,2,3,1,1,
202100021863,162 555,B01,3,21,0,2,1,1,1,
202100021864,162 552,B01,2,10,0,0,4,11,1,
202100021864,162 553,A01,2,33,0,2,1,2,1,
202100021865,162 551,A01,1,7,15,0,1,0,1,
202100021866,162 549,B01,1,7,0,2,2,17,1,
202100021866,162 550,A01,1,1,0,2,1,15,5,
202100021867,162 546,A01,3,7,0,2,8,9,1,
202100021867,162 547,B01,2,33,0,2,1,1,1,
202100021868,162 544,A01,2,7,0,2,3,26,1,
202100021868,162 545,B01,2,7,0,2,6,1,1,
202100021869,162 542,A01,0,7,0,2,1,19,1,
202100021869,162 543,B01,2,7,0,2,8,1,1,
202100021870,162 540,A01,2,7,0,2,3,9,1,
202100021870,162 541,B01,2,33,0,2,5,1,1,
202100021871,162 539,A01,1,7,6,0,1,1,2,
202100021872,162 538,A01,2,7,0,0,1,1,1,
202100021873,162 533,B01,2,7,0,0,6,15,1,
202100021873,162 534,C01,1,7,0,0,2,1,1,
202100021873,162 535,A01,2,33,0,2,1,13,1,
202100021874,162 531,A01,1,7,0,2,3,13,1,
202100021874,162 532,B01,2,7,0,2,3,1,1,
202100021875,162 530,A01,2,7,13,0,2,2,1,
202100021876,162 528,B01,1,1,0,0,3,2,5,
202100021876,162 529,A01,1,31,0,9,2,17,1,
202100021877,162 526,A01,3,7,0,0,1,15,1,
202100021877,162 527,B01,3,33,0,2,1,1,1,
202100021878,162 524,A01,3,7,0,2,3,1,1,
202100021878,162 525,B01,3,30,0,2,1,1,1,
202100021879,162 523,A01,2,7,13,0,1,1,1,
202100021880,162 522,A01,2,7,0,1,2,1,1,
202100021881,162 521,A01,1,7,0,1,2,1,1,
202100021882,162 519,B01,1,32,0,2,1,26,1,
202100021882,162 520,A01,1,7,0,2,7,15,2,
202100021883,162 518,A01,2,2,12,0,8,11,1,
202100021884,162 517,A01,2,7,13,0,1,19,1,
202100021885,162 516,A01,2,33,0,5,1,1,1,
202100021886,162 513,B01,1,7,0,2,7,15,1,
202100021886,162 514,A01,2,7,0,2,1,10,2,
202100021887,162 510,B01,1,7,0,2,1,0,1,
202100021887,162 511,A01,1,33,0,2,7,2,1,
202100021888,162 508,B01,1,7,0,2,3,1,1,
202100021888,162 509,A01,2,7,0,2,3,0,1,
202100021889,162 506,A01,2,80,0,2,1,13,3,
202100021889,162 507,B01,1,99,0,9,6,1,3,
202100021890,162 505,A01,1,31,12,0,7,1,1,
202100021891,162 503,B01,1,7,0,2,8,1,1,
202100021891,162 504,A01,2,7,3,2,0,14,1,
202100021892,162 500,A01,1,7,0,2,4,2,1,
202100021892,162 501,B01,1,7,0,2,4,2,1,
202100021892,162 502,C01,1,7,0,2,1,2,1,
202100021893,162 497,A01,2,7,0,-1,4,0,1,
202100021893,162 498,C01,2,7,0,2,4,0,1,
202100021893,162 499,B01,2,10,0,2,4,0,1,
202100021894,162 496,A01,1,7,2,0,9,14,1,
202100021895,162 494,Z01,2,15,0,2,0,0,0,
202100021895,162 495,A01,2,33,0,2,7,1,1,
202100021896,162 492,A01,2,15,0,2,1,2,1,
202100021896,162 493,B01,2,15,0,2,4,2,1,
202100021897,162 489,C01,2,7,0,2,4,2,1,
202100021897,162 490,B01,2,7,0,2,4,2,1,
202100021897,162 491,A01,2,7,0,2,1,2,1,
202100021898,162 486,A01,2,7,0,2,1,5,1,
202100021898,162 487,B01,1,7,0,2,2,1,1,
202100021898,162 488,C01,1,7,0,2,0,1,1,
202100021899,162 485,A01,2,7,0,1,1,1,1,
202100021900,162 483,B01,2,33,0,2,1,21,1,
202100021900,162 484,A01,2,7,0,2,6,1,1,
202100021901,162 481,B01,2,7,0,2,4,0,0,
202100021901,162 482,A01,2,7,0,2,2,2,1,
202100021902,162 478,A01,2,7,0,2,1,1,1,
202100021902,162 479,B01,2,43,0,2,4,3,1,
202100021902,162 480,C01,2,7,0,2,3,1,1,
202100021903,162 476,A01,2,33,0,2,1,3,1,
202100021903,162 477,B01,2,7,0,2,4,2,1,
202100021904,162 474,B01,2,34,0,2,1,2,1,
202100021904,162 475,A01,2,7,0,2,4,2,1,
202100021905,162 472,B01,1,7,0,2,4,2,2,
202100021905,162 473,A01,1,7,0,2,1,2,1,
202100021906,162 471,A01,1,7,13,0,9,0,1,
202100021907,162 469,A01,1,7,0,2,2,12,1,
202100021907,162 470,B01,2,7,0,2,8,1,1,
202100021908,162 468,A01,2,7,16,2,1,3,1,
202100021909,162 466,B01,2,1,0,2,0,1,5,
202100021909,162 467,A01,2,15,0,2,7,17,1,
202100021910,162 465,A01,1,31,1,0,1,26,0,
202100021911,162 463,B01,3,34,1,2,7,1,1,
202100021911,162 464,A01,3,7,1,2,2,15,1,
202100021912,162 461,B01,1,7,0,2,2,1,1,
202100021912,162 462,A01,2,30,0,2,1,5,1,
202100021913,162 459,A01,1,7,0,2,2,12,1,
202100021913,162 460,B01,1,7,0,2,9,1,1,
202100021914,162 458,A01,3,7,0,1,1,1,1,
202100021915,162 456,B01,2,30,0,2,1,3,1,
202100021915,162 457,A01,2,7,0,2,6,1,1,
202100021916,162 455,A01,3,7,6,0,1,26,1,
202100021917,162 454,A01,2,7,0,1,1,26,1,
202100021918,162 447,B01,2,7,0,2,1,1,1,
202100021918,162 448,A01,3,7,0,2,3,15,1,
202100021919,162 445,B01,2,2,0,2,8,2,1,
202100021919,162 446,A01,2,10,0,2,3,5,1,
202100021920,162 443,B01,3,50,0,2,1,1,3,
202100021920,162 444,A01,3,37,0,2,3,15,1,1.0
202100021921,162 441,A01,1,10,0,2,1,17,1,
202100021921,162 442,B01,1,1,0,2,4,1,5,
202100021922,162 440,A01,2,1,0,0,0,1,5,
202100021923,162 438,A01,2,7,0,2,1,11,1,
202100021923,162 439,B01,1,1,0,2,1,15,5,
202100021924,162 436,A01,1,7,0,2,3,15,2,
202100021924,162 437,B01,2,7,0,2,3,19,1,
202100021925,162 434,B01,3,1,0,2,1,0,5,
202100021925,162 435,A01,3,7,0,2,1,15,1,
202100021926,162 432,A01,2,30,0,9,1,1,1,
202100021926,162 433,B01,1,1,0,2,1,14,5,
202100021927,162 430,B01,3,32,0,2,1,1,1,
202100021927,162 431,A01,3,7,0,2,8,15,1,
202100021928,162 427,A01,3,7,0,2,1,2,1,
202100021928,162 428,B01,3,7,0,2,1,2,1,
202100021928,162 429,C01,3,7,0,2,5,1,1,
202100021929,162 426,A01,3,7,0,1,2,16,1,
202100021930,162 424,A01,2,2,0,0,8,1,1,
202100021931,162 423,A01,1,7,1,0,1,2,1,
202100021932,162 422,A01,2,7,0,1,1,26,0,
202100021933,162 421,A01,1,7,13,0,2,1,1,
202100021934,162 420,A01,3,7,2,0,1,1,1,
202100021935,162 416,B01,1,1,0,2,1,1,5,
202100021935,162 417,A01,1,7,0,2,8,1,1,
202100021936,162 415,A01,1,7,13,0,0,0,1,
202100021937,162 413,A01,1,7,0,2,3,13,1,
202100021937,162 414,B01,2,7,0,2,6,1,1,
202100021938,162 412,A01,0,7,0,1,4,20,1,
202100021939,162 410,A01,1,31,0,2,8,9,6,
202100021939,162 411,B01,1,7,0,2,7,0,6,
202100021940,162 408,A01,1,7,0,2,1,13,1,
202100021940,162 409,B01,2,7,0,2,1,1,1,
202100021941,162 406,B01,2,2,0,2,7,0,1,
202100021941,162 407,A01,2,7,0,2,8,9,1,
202100021942,162 404,B01,2,7,0,2,2,1,1,
202100021942,162 405,A01,2,7,0,2,8,10,1,
202100021943,162 402,A01,3,7,0,2,1,15,1,
202100021943,162 403,B01,3,31,0,2,0,0,1,
202100021944,162 400,B01,3,7,0,0,3,0,1,
202100021944,162 401,A01,3,7,0,0,3,11,1,
202100021945,162 397,C01,1,7,0,2,4,2,2,
202100021945,162 398,B01,1,7,0,2,4,2,1,
202100021945,162 399,A01,1,7,4,2,1,13,6,
202100021946,162 395,A01,2,7,0,2,6,10,1,
202100021946,162 396,B01,2,33,0,2,1,1,1,
202100021947,162 394,A01,1,30,11,0,6,13,1,
202100021948,162 393,A01,2,32,1,1,1,5,1,
202100021949,162 391,B01,2,43,0,2,7,1,1,
202100021949,162 392,A01,2,30,0,2,2,1,1,
202100021950,162 389,A01,1,30,0,2,1,13,3,
202100021950,162 390,B01,2,7,0,2,1,1,1,
202100021951,162 388,A01,2,32,0,1,1,1,1,
202100021952,162 387,A01,2,50,0,1,1,1,3,
202100021953,162 386,A01,2,7,0,1,5,20,1,
202100021954,162 384,A01,2,30,0,2,4,11,3,
202100021954,162 385,Z01,2,7,0,2,2,1,0,
202100021955,162 383,A01,1,50,14,0,3,11,3,
202100021956,162 382,A01,1,30,8,0,1,9,1,
202100021957,162 380,A01,1,7,0,2,1,2,1,
202100021957,162 381,B01,1,7,0,2,4,1,1,
202100021958,162 378,B01,1,7,15,2,3,16,1,
202100021958,162 379,A01,1,7,0,2,2,2,1,
202100021959,162 376,B01,1,32,0,2,4,1,1,
202100021959,162 377,A01,1,7,0,2,1,13,1,
202100021960,162 375,A01,3,10,0,1,4,26,1,
202100021961,162 373,A01,1,7,0,2,2,15,1,
202100021961,162 374,B01,1,2,0,2,3,1,1,
202100021962,162 371,B01,3,7,4,0,4,11,1,
202100021962,162 372,A01,0,7,4,2,1,13,1,
202100021963,162 370,A01,1,7,1,0,3,13,2,
202100021964,162 368,A01,2,1,0,2,3,13,5,
202100021964,162 369,B01,1,7,0,2,3,1,2,
202100021965,162 366,B01,1,7,0,2,3,1,1,
202100021965,162 367,A01,2,7,0,2,3,13,1,
202100021966,162 365,A01,2,7,2,0,9,14,1,
202100021967,162 363,A01,1,33,0,2,8,1,1,
202100021967,162 364,B01,1,10,0,2,4,17,1,
202100021968,162 362,A01,3,7,13,0,9,14,1,
202100021969,162 360,B01,1,10,0,2,1,1,1,
202100021969,162 361,A01,2,7,0,2,3,5,1,
202100021970,162 358,B01,2,1,0,2,1,1,5,
202100021970,162 359,A01,2,7,0,9,8,15,1,
202100021971,162 356,A01,2,2,0,2,3,15,1,
202100021971,162 357,B01,2,7,0,2,2,17,1,
202100021972,162 353,C01,1,7,0,9,1,1,1,
202100021972,162 354,B01,2,7,0,2,3,2,1,
202100021972,162 355,A01,2,7,0,2,7,19,1,
202100021973,162 351,B01,2,7,0,2,3,1,1,
202100021973,162 352,A01,1,33,0,2,3,14,1,
202100021974,162 349,A01,2,7,0,2,2,15,1,
202100021974,162 350,B01,1,2,0,2,1,1,1,
202100021975,162 348,A01,2,7,2,0,1,1,1,
202100021976,162 347,A01,1,10,2,0,1,6,1,
202100021977,162 346,A01,1,7,13,0,2,0,1,
202100021978,162 345,A01,1,33,12,0,3,15,1,
202100021979,162 344,A01,1,36,0,0,0,1,1,
202100021980,162 343,A01,0,1,0,0,0,1,5,
202100021981,162 341,A01,0,2,0,2,1,5,1,
202100021981,162 342,B01,0,7,0,2,3,1,1,
202100021982,162 338,B01,1,33,0,2,1,17,1,
202100021982,162 339,C01,1,33,0,2,1,17,1,
202100021982,162 340,A01,1,7,0,2,3,19,2,
202100021983,162 336,A01,1,7,0,2,2,1,1,
202100021983,162 337,B01,1,30,0,0,4,2,1,
202100021984,162 334,C01,2,99,0,2,8,1,1,
202100021984,162 335,A01,1,7,0,2,8,13,1,
202100021985,162 333,A01,2,33,13,0,0,1,1,
202100021986,162 331,A01,1,3,0,9,1,9,1,
202100021986,162 332,B01,1,80,0,2,7,1,3,
202100021987,162 330,A01,3,7,16,0,0,14,1,
202100021988,162 329,A01,2,7,0,1,1,0,1,
202100021989,162 328,A01,1,31,13,0,0,21,1,
202100021990,162 327,A01,1,3,13,0,9,0,1,
202100021991,162 326,A01,1,7,13,0,3,16,1,
202100021992,162 325,A01,3,2,2,0,0,1,1,
202100021993,162 322,A01,2,7,16,0,1,1,1,
202100021994,162 320,A01,1,33,0,2,1,17,1,
202100021994,162 321,B01,2,33,0,2,1,1,1,
202100021995,162 318,B01,2,15,0,2,2,1,1,
202100021995,162 319,A01,1,7,0,2,2,13,1,
202100021996,162 317,A01,2,33,0,0,2,1,1,
202100021997,162 316,A01,1,1,0,0,0,0,5,
202100021998,162 314,A01,3,7,0,9,2,11,1,
202100021998,162 315,B01,0,80,0,2,7,19,3,
202100021999,162 312,A01,1,7,0,2,1,1,1,
202100021999,162 313,B01,1,10,0,0,4,26,1,
202100022000,162 310,A01,0,7,0,2,3,15,1,
202100022000,162 311,B01,0,15,0,2,3,1,1,
202100022001,162 308,A01,1,7,0,2,7,15,1,
202100022001,162 309,B01,2,33,0,2,1,1,1,
202100022002,162 306,B01,2,1,0,0,4,1,5,
202100022002,162 307,A01,2,0,0,9,2,0,0,
202100022003,162 304,B01,3,2,0,2,1,0,1,
202100022003,162 305,A01,3,7,0,2,3,0,1,
202100022004,162 303,A01,1,2,0,0,0,0,1,
202100022005,162 301,B01,1,33,0,2,1,1,1,
202100022005,162 302,A01,2,7,0,0,5,15,1,
202100022006,162 299,B01,1,7,0,2,3,1,1,
202100022006,162 300,A01,2,7,0,2,3,17,1,
202100022007,162 296,A01,1,7,0,2,8,19,1,
202100022007,162 297,C01,2,10,0,2,3,1,1,
202100022007,162 298,B01,1,7,0,2,1,1,1,
202100022008,162 295,A01,2,15,7,0,7,14,1,
202100022009,162 294,A01,1,7,4,0,3,13,1,
202100022010,162 293,A01,2,33,6,0,1,13,1,
202100022011,162 291,B01,3,1,0,2,1,1,5,
202100022011,162 292,A01,3,7,0,2,1,15,1,
202100022012,162 288,A01,1,7,0,2,4,11,1,
202100022012,162 289,B01,1,7,0,2,2,14,1,
202100022012,162 290,C01,1,7,0,2,6,11,1,
202100022013,162 283,A01,1,7,0,2,4,23,1,
202100022013,162 284,B01,1,7,0,2,1,0,1,
202100022013,162 285,C01,1,7,0,2,1,0,1,
202100022013,162 286,D01,1,7,0,2,1,0,1,
202100022013,162 287,E01,1,7,1,2,1,0,1,
202100022014,162 281,A01,2,33,0,2,1,17,1,
202100022014,162 282,B01,1,7,0,2,6,15,1,
202100022015,162 279,A01,2,7,0,9,2,13,1,
202100022015,162 280,B01,1,1,0,2,1,14,5,
202100022016,162 278,A01,1,33,4,0,2,1,1,
202100022017,162 276,B01,2,33,0,2,1,21,1,
202100022017,162 277,A01,1,10,0,0,5,15,1,
202100022018,162 274,B01,1,7,0,0,4,1,1,
202100022018,162 275,A01,1,7,0,2,1,1,1,
202100022019,162 272,B01,1,2,0,2,4,1,1,
202100022019,162 273,A01,2,7,0,2,4,11,1,
202100022020,162 270,B01,3,2,0,2,8,10,3,
202100022020,162 271,A01,3,2,0,2,1,1,1,
202100022021,162 269,A01,2,7,0,0,1,0,1,
202100022022,162 267,A01,1,31,0,2,1,17,1,
202100022022,162 268,B01,2,7,0,2,3,1,1,
202100022023,162 263,C01,2,7,0,2,3,1,1,
202100022023,162 264,D01,2,7,0,2,0,1,1,
202100022023,162 265,A01,1,7,0,2,6,11,1,
202100022023,162 266,B01,1,33,0,2,2,17,1,
202100022024,162 261,A01,1,7,0,2,1,1,1,
202100022024,162 262,B01,1,7,6,2,2,15,1,
202100022025,162 259,B01,1,1,0,2,4,1,5,
202100022025,162 260,A01,1,7,0,2,1,2,3,
202100022026,162 258,A01,2,7,13,0,2,1,1,
202100022027,162 257,A01,1,33,0,0,0,21,1,
202100022028,162 256,A01,1,33,7,0,2,17,1,
202100022029,162 254,B01,1,7,0,2,3,21,1,
202100022029,162 255,A01,2,7,0,2,3,13,1,
202100022030,162 252,B01,1,7,0,2,1,2,1,
202100022030,162 253,A01,1,7,0,0,4,2,1,
202100022031,162 250,A01,2,7,0,2,1,2,1,
202100022031,162 251,B01,2,7,0,0,4,2,1,
202100022032,162 249,A01,1,7,3,0,2,0,1,
202100022033,162 247,A01,2,7,0,2,8,11,1,
202100022033,162 248,B01,2,33,0,2,7,3,1,
202100022034,162 245,A01,1,10,4,2,3,1,1,
202100022034,162 246,B01,1,7,0,2,8,0,1,
202100022035,162 243,A01,1,7,0,2,4,1,1,
202100022035,162 244,B01,1,7,0,2,1,1,1,
202100022036,162 240,B01,2,7,0,2,8,1,1,
202100022036,162 241,C01,2,7,0,2,4,1,1,
202100022036,162 242,A01,2,7,0,2,1,1,1,
202100022037,162 238,A01,2,7,4,2,1,2,1,
202100022037,162 239,B01,2,7,4,2,4,2,2,
202100022038,162 236,A01,2,7,3,2,1,2,1,
202100022038,162 237,B01,2,7,3,2,6,11,1,
202100022039,162 234,A01,1,7,0,2,1,2,1,
202100022039,162 235,B01,1,7,0,2,4,2,1,
202100022040,162 232,A01,2,7,0,2,1,2,1,
202100022040,162 233,B01,2,7,0,2,4,2,1,
202100022041,162 231,A01,1,7,3,0,3,13,1,
202100022042,162 230,B01,2,7,0,1,1,1,1,
202100022043,162 228,B01,2,7,0,2,4,0,1,
202100022043,162 229,A01,2,7,0,2,2,14,1,
202100022044,162 226,A01,1,7,0,2,2,13,1,
202100022044,162 227,B01,2,7,0,2,6,1,1,
202100022045,162 224,A01,1,7,6,2,3,14,1,
202100022045,162 225,B01,1,7,6,2,6,1,1,
202100022046,162 221,B01,2,7,0,2,2,1,1,
202100022046,162 222,C01,2,7,0,2,1,1,1,
202100022046,162 223,A01,2,7,4,2,6,11,1,
202100022047,162 219,A01,2,7,0,2,1,9,1,
202100022047,162 220,B01,2,7,0,2,7,1,1,
202100022048,162 218,A01,1,7,0,1,3,10,1,
202100022049,162 217,A01,2,7,0,1,1,1,1,
202100022050,162 215,B01,1,32,0,2,0,0,1,
202100022050,162 216,A01,2,10,0,2,5,15,1,
202100022051,162 213,B01,3,30,0,2,1,26,1,
202100022051,162 214,A01,2,7,0,2,3,9,1,
202100022052,162 212,A01,1,7,13,0,0,1,1,
202100022053,162 210,B01,3,7,0,9,8,2,1,
202100022053,162 211,A01,3,1,0,2,0,0,5,
202100022054,162 208,B01,3,30,0,2,1,1,1,
202100022054,162 209,A01,3,30,0,2,1,13,1,
202100022055,162 206,A01,3,7,0,2,1,0,1,
202100022055,162 207,B01,2,7,0,2,2,0,1,
202100022056,162 204,A01,1,10,0,2,1,21,1,
202100022056,162 205,B01,1,7,0,2,4,26,1,
202100022057,162 201,C01,1,14,0,2,6,1,1,
202100022057,162 202,B01,1,10,0,2,3,1,1,
202100022057,162 203,A01,1,7,0,2,1,14,1,
202100022058,162 199,B01,2,2,0,2,1,1,1,
202100022058,162 200,A01,1,7,0,2,1,15,1,
202100022059,162 197,A01,1,7,0,2,2,15,1,
202100022059,162 198,VB01,2,32,0,2,7,0,1,
202100022060,162 195,B01,2,33,0,2,3,1,1,
202100022060,162 196,A01,2,7,0,2,1,15,1,
202100022061,162 193,B01,1,7,1,0,0,0,1,
202100022061,162 194,A01,1,7,1,0,3,0,1,
202100022062,162 191,B01,3,43,0,2,5,2,1,
202100022062,162 192,A01,3,7,0,2,3,4,1,
202100022063,162 189,A01,3,7,1,2,3,15,1,
202100022063,162 190,B01,3,2,0,2,1,1,1,
202100022064,162 188,A01,2,7,0,1,3,1,1,
202100022065,162 187,A01,1,33,0,0,7,1,1,
202100022066,162 185,A01,2,7,0,2,1,5,1,
202100022066,162 186,B01,2,7,0,2,1,1,1,
202100022067,162 183,B01,2,7,0,2,1,26,2,
202100022067,162 184,A01,2,2,0,2,1,16,1,
202100022068,162 181,A01,3,7,0,2,3,13,1,
202100022068,162 182,B01,3,7,0,2,3,1,1,
202100022069,162 179,B01,3,33,0,2,0,1,1,
202100022069,162 180,A01,3,7,0,9,1,15,1,
202100022070,162 177,B01,1,7,0,2,3,15,1,
202100022070,162 178,A01,2,30,0,2,2,17,1,
202100022071,162 175,A01,3,7,0,9,3,1,1,
202100022071,162 176,B01,3,1,0,2,2,19,0,
202100022072,162 174,A01,3,7,0,1,3,1,1,
202100022073,162 172,A01,2,7,0,2,2,1,1,
202100022073,162 173,B01,1,7,0,2,3,26,1,
202100022074,162 171,A01,1,7,0,1,1,1,1,
202100022075,162 169,B01,3,7,0,2,4,2,1,
202100022075,162 170,A01,3,7,0,2,1,2,1,
202100022076,162 165,A01,1,7,0,2,1,2,1,
202100022076,162 166,B01,1,7,0,2,1,2,1,
202100022076,162 167,C01,1,7,0,2,4,2,1,
202100022076,162 168,D01,1,7,0,2,4,0,1,
202100022077,162 163,B01,1,1,0,2,7,1,0,
202100022077,162 164,A01,3,7,0,2,3,9,1,
202100022078,162 161,B01,3,7,0,2,4,23,1,
202100022078,162 162,A01,3,7,0,2,1,1,1,
202100022079,162 159,B01,1,7,0,2,4,1,1,
202100022079,162 160,A01,1,7,0,2,2,17,1,
202100022080,162 157,A01,2,7,0,2,2,1,1,
202100022080,162 158,B01,1,32,0,2,1,1,1,
202100022081,162 154,A01,1,7,0,2,3,13,1,
202100022081,162 155,B01,1,99,0,2,8,19,3,
202100022081,162 156,C01,1,7,0,0,0,0,1,
202100022082,162 152,A01,3,7,0,2,1,1,1,
202100022082,162 153,B01,3,32,0,2,2,1,1,
202100022083,162 150,A01,1,31,0,2,1,1,1,
202100022083,162 151,B01,2,7,0,2,3,1,1,
202100022084,162 148,A01,1,7,0,2,1,1,1,
202100022084,162 149,B01,1,7,0,2,4,20,1,
202100022085,162 147,A01,1,7,0,1,1,15,1,
202100022086,162 146,A01,0,99,0,2,8,26,0,
202100022087,162 144,B01,1,1,1,2,1,1,5,
202100022087,162 145,A01,2,7,0,2,8,20,1,
202100022088,162 143,A01,1,7,8,0,9,21,1,
202100022089,162 141,A01,1,10,0,2,7,15,1,
202100022089,162 142,B01,3,2,0,2,1,12,1,
202100022090,162 140,A01,2,33,9,0,2,14,1,
202100022091,162 138,B01,3,7,0,2,3,1,1,
202100022091,162 139,A01,3,7,0,2,3,1,1,
202100022092,162 134,D01,3,7,0,0,4,0,1,
202100022092,162 135,C01,0,7,0,2,4,0,1,
202100022092,162 136,B01,1,7,0,2,4,0,1,
202100022092,162 137,A01,1,10,0,2,1,0,1,
202100022093,162 132,A01,3,7,0,2,3,16,1,
202100022093,162 133,B01,0,1,0,0,0,0,0,
202100022094,162 130,A01,2,30,0,2,1,17,1,
202100022094,162 131,B01,2,7,0,2,3,1,1,
202100022095,162 129,A01,0,7,0,1,2,0,3,
202100022096,162 127,A01,1,34,0,0,1,5,1,
202100022096,162 128,B01,1,7,0,0,7,1,1,
202100022097,162 126,A01,1,7,8,0,1,13,1,