Num_Acc,id_vehicule,num_veh,senc,catv,obs,obsm,choc,manv,motor,occutc
202100022098,162 125,A01,3,7,0,1,3,1,1,
202100022099,162 122,A01,2,7,0,2,1,1,1,
202100022099,162 123,B01,2,7,0,2,4,23,1,
202100022099,162 124,C01,2,7,0,2,4,23,1,
202100022100,162 120,B01,1,10,0,2,1,1,1,
202100022100,162 121,A01,1,7,14,0,4,2,1,
202100022101,162 118,B01,3,33,0,2,1,1,1,
202100022101,162 119,A01,3,7,0,9,3,15,1,
202100022102,162 116,A01,1,7,0,2,3,9,1,
202100022102,162 117,B01,1,32,0,2,1,17,1,
202100022103,162 115,A01,2,32,3,0,1,14,1,
202100022104,162 113,B01,1,7,0,2,6,12,1,
202100022104,162 114,A01,1,33,0,2,1,3,1,
202100022105,162 111,B01,1,7,0,2,5,12,1,
202100022105,162 112,A01,1,33,0,2,1,3,1,
202100022106,162 109,B01,0,1,0,2,0,1,5,
202100022106,162 110,A01,1,7,0,2,1,16,1,
202100022107,162 108,A01,3,30,1,0,1,1,1,
202100022108,162 107,Z01,2,7,2,0,1,13,1,
202100022109,162 106,A01,1,33,0,1,1,1,1,
202100022110,162 104,B01,1,30,0,2,2,17,1,
202100022110,162 105,A01,1,7,0,2,3,15,1,
202100022111,162 103,A01,2,30,0,1,1,1,1,
202100022112,162 101,Z01,1,7,0,2,0,14,0,
202100022112,162 102,A01,1,30,0,2,3,1,1,
202100022113,162 100,A01,2,50,0,1,1,1,3,
202100022114,162 098,A01,1,7,0,2,3,15,2,
202100022114,162 099,B01,2,32,0,2,8,1,1,
202100022115,162 097,A01,1,7,1,0,2,14,1,
202100022116,162 095,A01,1,7,0,2,2,15,1,
202100022116,162 096,B01,2,30,0,2,3,16,1,
202100022117,162 094,A01,1,50,0,0,0,1,3,
202100022118,162 092,Z01,1,7,0,2,8,22,0,
202100022118,162 093,A01,1,50,0,2,1,1,3,
202100022119,162 091,A01,2,30,0,0,7,0,1,
202100022120,162 089,A01,3,7,0,2,1,1,1,
202100022120,162 090,B01,3,7,0,2,4,23,2,
202100022121,162 088,A01,2,7,1,0,3,1,1,
202100022122,162 086,B01,1,7,0,2,1,9,1,
202100022122,162 087,A01,1,7,0,0,4,9,1,
202100022123,162 085,A01,1,10,0,1,8,1,1,
202100022124,162 084,A01,1,30,0,1,0,0,0,
202100022125,162 082,B01,2,99,0,2,1,26,0,
202100022125,162 083,A01,2,30,0,2,4,23,0,
202100022126,162 081,A01,1,7,0,1,5,20,0,
202100022127,162 079,A01,1,2,0,2,3,18,1,
202100022127,162 080,B01,1,7,0,2,7,1,1,
202100022128,162 078,A01,2,1,0,0,6,1,6,
202100022129,162 076,B01,1,34,0,2,0,1,1,
202100022129,162 077,A01,1,7,0,2,0,1,0,
202100022130,162 074,A01,1,7,0,0,0,1,1,
202100022130,162 075,B01,2,30,0,0,0,1,3,
202100022131,162 072,B01,1,7,0,2,2,16,1,
202100022131,162 073,A01,2,1,0,2,1,5,5,
202100022132,162 071,A01,3,31,8,0,1,13,1,
202100022133,162 069,A01,2,7,0,2,3,15,1,
202100022133,162 070,B01,2,33,0,2,1,1,1,
202100022134,162 068,A01,1,7,2,0,2,1,1,
202100022135,162 067,A01,1,7,2,0,2,13,1,
202100022136,162 066,A01,2,7,3,0,2,14,1,
202100022137,162 065,A01,1,33,13,0,2,1,1,
202100022138,162 064,A01,1,7,2,0,9,1,1,
202100022139,162 063,A01,2,43,7,0,1,0,1,
202100022140,162 062,A01,1,21,0,1,5,14,1,
202100022141,162 060,A01,3,7,14,2,1,16,1,
202100022141,162 061,B01,3,7,0,0,8,23,1,
202100022142,162 058,A01,2,7,0,2,2,12,1,
202100022142,162 059,B01,2,17,0,0,6,1,6,
202100022143,162 056,B01,2,33,0,0,1,1,1,
202100022143,162 057,A01,1,7,0,0,2,19,1,
202100022144,162 054,A01,1,7,0,2,6,19,1,
202100022144,162 055,B01,1,2,0,2,1,1,1,
202100022145,162 052,B01,1,32,0,2,1,1,1,
202100022145,162 053,A01,2,7,0,2,3,13,1,
202100022146,162 050,A01,1,7,0,2,6,19,1,
202100022146,162 051,B01,2,7,0,2,3,15,1,
202100022147,162 049,A01,3,2,0,0,8,1,1,
202100022148,162 048,A01,3,7,13,0,3,1,1,
202100022149,162 046,A01,3,7,0,0,3,1,1,
202100022149,162 047,B01,3,7,0,0,2,1,1,
202100022150,162 045,A01,2,10,16,0,9,1,1,
202100022151,162 044,A01,3,99,13,0,9,10,1,
202100022152,162 043,A01,1,7,0,5,0,1,1,
202100022153,162 042,A01,1,2,0,0,1,0,1,
202100022154,162 041,A01,3,2,0,0,8,1,1,
202100022155,162 040,A01,0,7,2,0,1,14,1,
202100022156,162 038,A01,1,7,0,2,2,13,0,
202100022156,162 039,B01,1,1,0,2,8,1,5,
202100022157,162 037,A01,3,7,13,0,2,1,1,
202100022158,162 035,B01,1,7,0,0,4,15,1,
202100022158,162 036,A01,1,7,0,2,1,17,1,
202100022159,162 033,A01,1,7,0,2,8,9,1,
202100022159,162 034,B01,2,7,0,2,2,1,1,
202100022160,162 032,A01,3,7,0,1,2,1,1,
202100022161,162 030,B01,2,7,0,2,2,1,1,
202100022161,162 031,A01,1,33,0,6,1,0,1,
202100022162,162 028,B01,1,7,0,2,3,15,1,
202100022162,162 029,A01,3,7,0,2,1,1,1,
202100022163,162 027,A01,3,7,0,1,1,1,1,
202100022164,162 026,A01,2,36,6,0,1,0,1,
202100022165,162 024,A01,3,7,0,9,2,1,1,
202100022165,162 025,B01,3,1,0,2,1,15,5,
202100022166,162 023,A01,2,7,0,0,3,1,1,
202100022167,162 022,A01,3,7,15,0,7,1,1,
202100022168,162 020,B01,2,7,0,2,1,1,1,
202100022168,162 021,A01,1,7,0,2,7,1,1,
202100022169,162 019,A01,3,2,0,0,0,1,1,
202100022170,162 017,A01,3,33,0,2,1,17,1,
202100022170,162 018,B01,3,7,0,2,8,19,1,
202100022171,162 015,B01,1,31,0,0,8,15,1,
202100022171,162 016,A01,1,7,0,2,2,17,1,
202100022172,162 013,B01,2,33,15,2,1,1,1,
202100022172,162 014,A01,2,7,0,2,3,10,1,
202100022173,162 011,A01,3,32,0,2,1,17,1,
202100022173,162 012,B01,3,7,0,2,3,15,1,
202100022174,162 009,B01,0,7,0,2,1,1,1,
202100022174,162 010,A01,0,7,0,2,1,1,1,
202100022175,162 007,A01,1,2,0,2,1,17,1,
202100022175,162 008,B01,1,7,0,0,8,15,1,
202100022176,162 005,B01,2,33,0,2,1,1,1,
202100022176,162 006,A01,3,10,0,2,5,19,1,
202100022177,162 004,A01,1,7,0,0,1,13,1,
202100022178,162 001,A01,2,7,7,0,7,14,1,
202100022179,161 996,A01,1,10,16,0,9,13,1,
202100022180,161 995,A01,1,7,0,1,1,1,1,
202100022181,161 994,A01,1,2,6,0,0,0,1,
202100022182,161 990,D01,1,33,0,2,1,21,1,
202100022182,161 991,C01,1,7,0,2,3,21,1,
202100022182,161 992,B01,1,7,0,2,1,21,1,
202100022182,161 993,A01,2,7,0,2,1,13,1,
202100022183,161 989,A01,1,7,6,0,1,21,1,
202100022184,161 988,A01,1,7,0,1,2,1,1,
202100022185,161 987,A01,0,33,0,0,0,1,0,
202100022186,161 986,A01,3,33,6,0,9,0,1,
202100022187,161 985,A01,1,33,3,0,3,2,1,
202100022188,161 983,B01,2,7,0,0,4,1,1,
202100022188,161 984,A01,2,33,0,2,1,2,1,
202100022189,161 982,A01,1,7,6,0,3,1,1,
202100022190,161 980,A01,1,33,0,2,1,5,1,
202100022190,161 981,B01,2,7,0,2,2,1,1,
202100022191,161 978,B01,1,1,0,2,3,19,5,
202100022191,161 979,A01,2,7,0,9,1,15,1,
202100022192,161 977,A01,1,7,2,0,7,14,1,
202100022193,161 976,A01,1,7,2,0,0,1,1,
202100022194,161 974,A01,3,2,0,2,1,1,1,
202100022194,161 975,B01,3,2,0,0,1,17,1,
202100022195,161 972,A01,3,7,0,0,1,1,1,
202100022195,161 973,B01,3,1,7,0,8,1,6,
202100022196,161 971,A01,0,7,13,0,1,1,1,
202100022197,161 968,B01,0,1,0,0,3,1,0,
202100022197,161 969,A01,0,7,0,9,5,17,1,
202100022198,161 967,A01,2,7,16,0,3,21,1,
202100022199,161 966,A01,3,7,0,1,8,1,1,
202100022200,161 965,A01,1,7,6,0,8,1,1,
202100022201,161 963,B01,1,7,0,2,1,2,1,
202100022201,161 964,A01,1,7,0,2,4,1,1,
202100022202,161 961,A01,1,7,0,2,2,1,1,
202100022202,161 962,B01,1,17,0,2,6,1,1,
202100022203,161 959,B01,2,7,3,2,7,1,1,
202100022203,161 960,A01,2,10,3,2,1,17,1,
202100022204,161 958,A01,1,7,13,0,1,0,1,
202100022205,161 953,B01,2,7,0,2,4,1,1,
202100022205,161 954,C01,2,7,0,2,4,1,1,
202100022205,161 955,D01,2,7,0,2,7,1,1,
202100022205,161 956,E01,2,7,0,2,6,1,1,
202100022205,161 957,A01,2,7,0,2,1,1,1,
202100022206,161 952,A01,2,33,4,0,0,1,1,
202100022207,161 950,A01,1,10,0,2,1,1,1,
202100022207,161 951,B01,1,10,0,2,4,2,1,
202100022208,161 948,B01,2,7,0,2,4,26,1,
202100022208,161 949,A01,2,7,0,2,4,2,1,
202100022209,161 947,A01,2,7,0,1,1,26,2,
202100022210,161 946,A01,0,7,0,1,4,26,1,
202100022211,161 945,A01,1,7,0,1,2,1,1,
202100022212,161 942,C01,2,7,14,2,4,23,1,
202100022212,161 943,A01,2,7,0,2,5,1,1,
202100022212,161 944,B01,2,7,0,2,1,1,1,
202100022213,161 940,A01,2,7,0,2,8,15,2,
202100022213,161 941,B01,2,37,0,2,2,1,1,2.0
202100022214,161 939,A01,3,32,0,2,3,1,1,
202100022215,161 938,A01,2,10,13,0,7,1,1,
202100022216,161 936,B01,3,7,0,2,1,1,1,
202100022216,161 937,A01,3,7,0,2,1,13,1,
202100022217,161 932,B01,2,1,0,2,7,15,5,
202100022217,161 933,A01,1,7,0,2,3,1,1,
202100022218,161 930,A01,1,7,12,2,8,1,1,
202100022218,161 931,B01,2,3,0,2,3,13,1,
202100022219,161 928,B01,3,7,0,2,3,15,1,
202100022219,161 929,A01,3,43,0,2,1,1,1,
202100022220,161 926,A01,2,7,6,1,1,21,1,
202100022220,161 927,B01,1,7,0,2,1,10,1,
202100022221,161 924,A01,1,7,0,2,0,0,2,
202100022221,161 925,Z01,2,16,0,2,0,0,1,
202100022222,161 923,A01,2,36,6,0,1,26,1,
202100022223,161 921,A01,2,7,0,2,5,15,1,
202100022223,161 922,B01,2,33,0,2,1,1,1,
202100022224,161 919,B01,2,7,0,2,6,2,1,
202100022224,161 920,A01,2,33,0,2,1,2,1,
202100022225,161 917,B01,2,7,0,2,4,2,1,
202100022225,161 918,A01,2,7,0,2,1,2,1,
202100022226,161 915,B01,2,33,0,2,1,1,1,
202100022226,161 916,A01,1,7,0,2,1,15,1,
202100022227,161 914,A01,3,7,15,0,1,1,1,
202100022228,161 913,A01,3,2,8,0,0,10,1,
202100022229,161 911,B01,2,2,0,2,1,0,1,
202100022229,161 912,A01,2,7,0,2,8,0,0,
202100022230,161 909,B01,2,7,2,2,0,1,1,
202100022230,161 910,A01,3,7,0,2,1,26,1,
202100022231,161 907,A01,3,37,0,4,2,1,1,2.0
202100022231,161 908,B01,0,40,0,2,8,1,0,
202100022232,161 905,B01,1,7,0,2,1,1,1,
202100022232,161 906,A01,1,7,0,2,1,15,1,
202100022233,161 903,A01,1,7,0,2,3,15,3,
202100022233,161 904,B01,2,1,0,2,0,1,5,
202100022234,161 901,A01,1,7,0,2,3,9,1,
202100022234,161 902,B01,1,33,0,2,7,1,1,
202100022235,161 899,B01,2,2,0,2,8,2,1,
202100022235,161 900,A01,2,7,0,2,1,2,1,
202100022236,161 894,A01,1,13,0,2,1,2,1,
202100022236,161 895,B01,1,7,0,2,4,1,1,
202100022236,161 896,C01,1,7,0,2,4,1,1,
202100022236,161 897,D01,1,7,0,2,4,1,1,
202100022236,161 898,E01,1,10,0,2,4,1,1,
202100022237,161 892,B01,1,7,0,2,4,2,1,
202100022237,161 893,A01,1,7,0,2,1,2,1,
202100022238,161 891,A01,2,30,0,0,1,1,1,
202100022239,161 890,A01,1,33,14,0,1,13,1,
202100022240,161 888,B01,1,31,0,2,1,0,1,
202100022240,161 889,A01,1,7,0,2,5,0,0,
202100022241,161 886,B01,2,7,0,2,1,1,1,
202100022241,161 887,A01,1,7,1,2,1,19,1,
202100022242,161 884,Z01,3,7,0,2,0,16,0,
202100022242,161 885,A01,3,1,0,2,6,2,5,
202100022243,161 882,A01,3,7,14,0,1,26,1,
202100022243,161 883,B01,3,7,0,2,1,23,1,
202100022244,161 881,A01,2,99,12,0,0,2,3,
202100022245,161 880,A01,3,7,0,1,2,15,1,
202100022246,161 879,A01,2,7,15,0,1,26,1,
202100022247,161 877,A01,1,7,0,2,7,15,1,
202100022247,161 878,B01,2,33,0,2,1,1,1,
202100022248,161 875,A01,3,7,0,2,3,1,1,
202100022248,161 876,B01,1,7,0,2,5,1,1,
202100022249,161 872,B01,1,7,0,2,2,1,1,
202100022249,161 873,C01,1,7,0,2,5,1,1,
202100022249,161 874,A01,1,7,0,2,3,1,1,
202100022250,161 870,A01,3,7,0,4,7,17,1,
202100022250,161 871,B01,3,40,0,2,8,1,1,
202100022251,161 868,A01,1,7,0,9,2,16,1,
202100022251,161 869,B01,1,1,0,2,8,1,5,
202100022252,161 866,B01,1,33,0,2,1,1,1,
202100022252,161 867,A01,1,7,0,2,6,20,1,
202100022253,161 864,A01,2,1,0,2,7,19,5,
202100022253,161 865,B01,2,7,0,2,1,16,2,
202100022254,161 862,A01,0,7,0,2,2,1,1,
202100022254,161 863,B01,0,7,0,2,6,1,1,
202100022255,161 860,A01,3,7,0,2,5,17,1,
202100022255,161 861,B01,3,1,0,2,1,1,5,
202100022256,161 858,B01,1,2,0,2,8,26,3,
202100022256,161 859,A01,1,7,0,2,2,15,1,
202100022257,161 856,B01,1,33,0,2,1,26,1,
202100022257,161 857,A01,1,7,0,2,3,26,1,
202100022258,161 854,B01,1,7,0,2,4,26,1,
202100022258,161 855,A01,1,7,0,2,1,26,1,
202100022259,161 852,B01,1,7,0,2,1,1,1,
202100022259,161 853,A01,1,7,0,2,2,15,1,
202100022260,161 850,A01,3,7,0,2,1,2,1,
202100022260,161 851,B01,3,7,0,2,0,23,1,
202100022261,161 848,B01,1,7,0,2,3,1,1,
202100022261,161 849,A01,2,7,0,2,1,1,1,
202100022262,161 847,A01,2,7,0,1,2,15,1,
202100022263,161 845,A01,2,1,0,2,2,1,0,
202100022263,161 846,B01,2,7,0,2,1,1,1,
202100022264,161 843,A01,1,7,0,2,1,2,1,
202100022264,161 844,B01,1,7,0,2,4,1,1,
202100022265,161 841,B01,1,7,0,2,6,15,1,
202100022265,161 842,A01,2,7,0,2,2,8,1,
202100022266,161 838,B01,1,7,0,2,6,23,1,
202100022266,161 839,A01,1,7,0,2,1,1,1,
202100022266,161 840,C01,1,7,7,2,1,23,1,
202100022267,161 836,A01,2,7,0,2,1,15,1,
202100022267,161 837,B01,1,2,0,2,1,9,3,
202100022268,161 834,A01,3,7,0,2,3,15,1,
202100022268,161 835,B01,3,33,0,2,8,1,1,
202100022269,161 832,A01,3,33,0,2,2,1,1,
202100022269,161 833,B01,3,7,0,2,3,11,1,
202100022270,161 830,A01,0,7,0,2,1,1,1,
202100022270,161 831,B01,0,1,0,2,8,1,5,
202100022271,161 828,B01,1,7,0,0,4,23,1,
202100022271,161 829,A01,1,7,0,2,2,1,1,
202100022272,161 826,A01,1,7,0,2,2,1,1,
202100022272,161 827,B01,3,7,0,2,3,1,1,
202100022273,161 824,B01,1,33,0,2,3,0,1,
202100022273,161 825,A01,2,7,0,2,1,1,1,
202100022274,161 821,C01,2,7,0,2,8,0,1,
202100022274,161 822,B01,2,7,0,2,1,0,1,
202100022274,161 823,A01,1,7,0,2,1,13,1,
202100022275,161 820,A01,3,7,0,1,8,1,1,
202100022276,161 817,A01,1,10,0,2,1,17,1,
202100022276,161 818,B01,2,10,0,2,3,1,1,
202100022276,161 819,C01,1,7,0,2,1,2,1,
202100022277,161 815,A01,3,10,0,2,1,15,1,
202100022277,161 816,B01,1,31,0,2,1,16,1,
202100022278,161 812,A01,1,7,0,2,3,26,1,
202100022278,161 813,B01,2,10,0,2,3,15,1,
202100022278,161 814,C01,1,7,0,2,3,11,1,
202100022279,161 810,B01,1,32,0,2,1,1,1,
202100022279,161 811,A01,1,7,0,2,6,10,1,
202100022280,161 808,B01,2,7,0,1,3,1,1,
202100022280,161 809,A01,1,7,0,1,1,1,1,
202100022281,161 806,B01,2,7,0,2,1,1,1,
202100022281,161 807,A01,2,7,0,2,1,13,1,
202100022282,161 804,B01,3,7,0,2,0,0,1,
202100022282,161 805,A01,3,33,0,2,0,0,1,
202100022283,161 802,A01,0,10,0,2,3,1,1,
202100022283,161 803,B01,0,7,0,2,3,5,1,
202100022284,161 800,B01,0,7,0,2,3,0,1,
202100022284,161 801,A01,0,32,0,2,0,0,1,
202100022285,161 798,B01,3,41,0,2,8,1,3,
202100022285,161 799,A01,3,7,0,2,7,17,0,
202100022286,161 796,A01,1,7,0,2,8,15,1,
202100022286,161 797,B01,1,33,0,2,1,1,1,
202100022287,161 795,A01,2,1,0,0,1,1,5,
202100022288,161 794,A01,3,33,0,1,1,1,1,
202100022289,161 792,B01,3,32,0,2,1,2,1,
202100022289,161 793,A01,3,7,14,2,8,9,1,
202100022290,161 790,B01,3,7,0,2,4,1,1,
202100022290,161 791,A01,3,7,0,2,1,1,1,
202100022291,161 788,A01,2,30,0,2,1,2,1,
202100022291,161 789,B01,2,7,0,2,5,23,1,
202100022292,161 786,A01,2,10,0,2,2,12,1,
202100022292,161 787,B01,2,7,3,2,6,7,2,
202100022293,161 784,A01,1,7,0,2,3,16,1,
202100022293,161 785,C01,0,50,0,2,8,1,3,
202100022294,161 782,A01,1,7,0,2,3,20,1,
202100022294,161 783,Z01,1,30,0,0,1,1,1,
202100022295,161 781,A01,2,7,0,1,1,1,2,
202100022296,161 780,A01,2,10,0,1,6,20,1,
202100022297,161 777,A01,0,30,0,2,3,2,1,
202100022297,161 778,Y01,0,10,0,0,5,23,1,
202100022298,161 775,B01,2,33,0,2,1,1,1,
202100022298,161 776,A01,2,7,0,2,3,10,1,
202100022299,161 773,B01,1,1,0,2,1,1,5,
202100022299,161 774,A01,1,7,0,2,7,22,1,
202100022300,161 772,A01,1,7,0,1,1,1,1,
202100022301,161 771,A01,1,10,0,1,8,1,1,
202100022302,161 770,A01,1,50,8,0,1,25,3,
202100022303,161 768,A01,1,1,0,9,8,1,5,
202100022303,161 769,Z01,2,1,0,2,8,5,5,
202100022304,161 766,B01,2,14,0,2,1,2,1,
202100022304,161 767,A01,2,7,0,2,4,23,2,
202100022305,161 764,B01,2,34,0,2,3,1,1,
202100022305,161 765,A01,1,7,0,2,2,10,2,
202100022306,161 762,B01,1,7,0,2,3,1,1,
202100022306,161 763,A01,3,1,0,2,1,15,0,
202100022307,161 761,A01,1,50,0,0,0,25,3,
202100022308,161 759,B01,2,33,0,2,4,1,1,
202100022308,161 760,A01,2,7,0,2,1,1,1,
202100022309,161 758,A01,1,7,0,1,8,1,1,
202100022310,161 756,B01,0,7,0,2,8,15,1,
202100022310,161 757,A01,1,99,0,2,1,1,1,
202100022311,161 754,A01,1,7,0,2,2,1,1,
202100022311,161 755,B01,1,30,0,2,8,15,1,
202100022312,161 752,A01,1,7,0,2,1,15,1,
202100022312,161 753,B01,2,33,0,2,1,1,1,
202100022313,161 751,A01,1,20,0,0,0,19,1,
202100022314,161 749,B01,1,37,0,2,3,1,1,4.0
202100022314,161 750,A01,2,7,0,2,1,13,2,
202100022315,161 747,B01,1,1,0,2,8,15,5,
202100022315,161 748,A01,1,34,0,2,1,26,1,
202100022316,161 745,A01,3,33,0,2,1,3,1,
202100022316,161 746,B01,3,7,0,2,4,1,1,
202100022317,161 743,A01,2,7,0,2,1,1,1,
202100022317,161 744,B01,1,1,0,2,8,19,5,
202100022318,161 742,A01,1,7,8,0,1,13,1,
202100022319,161 740,A01,0,7,0,2,8,22,1,
202100022319,161 741,B01,0,2,1,0,0,1,1,
202100022320,161 738,B01,1,33,0,2,7,1,1,
202100022320,161 739,A01,2,7,0,2,5,15,1,
202100022321,161 736,A01,1,7,0,2,1,17,1,
202100022321,161 737,B01,1,1,0,2,8,13,5,
202100022322,161 735,A01,1,7,13,0,3,16,1,
202100022323,161 733,B01,3,1,0,0,2,26,5,
202100022323,161 734,A01,2,7,0,0,3,9,1,
202100022324,161 731,A01,2,7,0,2,1,2,1,
202100022324,161 732,B01,2,33,0,2,3,10,1,
202100022325,161 729,B01,2,33,8,2,3,1,1,
202100022325,161 730,A01,1,7,0,2,3,15,1,
202100022326,161 727,A01,1,7,5,9,2,26,1,
202100022327,161 726,A01,2,7,13,0,7,13,1,
202100022328,161 725,A01,1,33,13,0,0,15,1,
202100022329,161 724,A01,0,7,0,0,1,13,1,
202100022330,161 722,B01,2,1,0,2,8,1,5,
202100022330,161 723,A01,2,7,0,2,7,2,3,
202100022331,161 719,C01,1,7,0,2,8,1,1,
202100022331,161 720,B01,1,7,5,2,3,0,1,
202100022331,161 721,A01,2,7,0,2,3,0,1,
202100022332,161 718,A01,1,10,0,1,2,1,1,
202100022333,161 717,A01,2,7,13,0,3,1,1,
202100022334,161 715,A01,2,7,0,9,1,9,2,
202100022334,161 716,B01,2,1,0,0,7,2,5,
202100022335,161 714,A01,2,7,2,0,2,1,1,
202100022336,161 713,A01,2,7,2,0,9,14,1,
202100022337,161 711,B01,1,7,0,2,3,13,1,
202100022337,161 712,A01,2,7,0,2,1,2,1,
202100022338,161 710,A01,2,2,8,0,1,1,1,
202100022339,161 709,A01,1,33,2,0,0,1,1,
202100022340,161 708,A01,1,7,0,1,3,1,1,
202100022341,161 707,A01,1,7,0,0,0,1,1,
202100022342,161 705,A01,1,7,0,2,1,1,1,
202100022342,161 706,B01,1,7,0,2,1,0,1,
202100022343,161 704,A01,2,7,6,0,0,0,1,
202100022344,161 703,A01,2,33,12,0,1,1,1,
202100022345,161 702,A01,2,7,3,0,8,26,1,
202100022346,161 701,A01,3,34,0,0,0,1,1,
202100022347,161 699,B01,2,7,0,2,3,1,1,
202100022347,161 700,A01,1,7,0,2,3,1,1,
202100022348,161 698,A01,1,7,14,0,3,1,1,
202100022349,161 696,A01,2,10,0,2,1,19,1,
202100022349,161 697,B01,2,33,0,0,7,1,1,
202100022350,161 694,A01,2,7,0,2,1,17,1,
202100022350,161 695,B01,1,1,0,2,1,1,5,
202100022351,161 693,A01,0,7,0,0,1,1,1,
202100022352,161 692,A01,2,33,13,0,1,1,1,
202100022353,161 691,A01,2,32,7,0,1,2,1,
202100022354,161 690,A01,3,7,0,0,0,1,0,
202100022355,161 688,A01,1,7,0,2,1,1,1,
202100022355,161 689,B01,2,7,0,2,1,13,1,
202100022356,161 683,A01,1,17,0,2,2,17,1,
202100022356,161 684,B01,1,17,0,2,6,1,1,
202100022356,161 685,C01,2,7,0,2,8,1,1,
202100022356,161 686,D01,1,7,0,2,2,1,1,
202100022356,161 687,E01,2,7,0,0,0,1,1,
202100022357,161 682,A01,1,7,13,0,1,1,1,
202100022358,161 681,A01,0,7,0,1,1,1,0,
202100022359,161 680,A01,3,7,15,0,1,0,1,
202100022360,161 679,A01,1,33,0,0,7,1,1,
202100022361,161 678,A01,1,21,0,0,0,1,1,
202100022362,161 676,A01,3,7,0,2,1,15,1,
202100022362,161 677,B01,1,33,10,2,7,21,1,
202100022363,161 674,B01,3,2,0,2,1,13,1,
202100022363,161 675,A01,3,7,0,0,5,1,1,
202100022364,161 671,B01,2,7,0,2,2,1,2,
202100022364,161 672,C01,2,7,0,2,8,1,1,
202100022364,161 673,A01,1,7,0,2,1,13,1,
202100022365,161 670,A01,1,7,2,0,7,0,1,
202100022366,161 668,B01,2,33,0,0,8,1,1,
202100022366,161 669,A01,2,7,0,2,5,14,1,
202100022367,161 667,A01,1,33,4,0,3,1,1,
202100022368,161 665,B01,1,38,0,2,3,1,1,3.0
202100022368,161 666,A01,2,7,0,2,3,13,1,
202100022369,161 664,A01,1,7,8,0,1,13,1,
202100022370,161 663,A01,2,33,0,1,1,1,1,
202100022371,161 660,C01,2,1,0,0,4,2,5,
202100022371,161 661,A01,2,10,0,0,2,1,1,
202100022371,161 662,B01,2,1,0,0,4,2,5,
202100022372,161 658,B01,1,32,0,2,1,18,1,
202100022372,161 659,A01,1,7,0,2,2,16,1,
202100022373,161 656,B01,1,7,0,2,1,0,0,
202100022373,161 657,A01,1,2,0,2,0,0,0,
202100022374,161 654,A01,1,7,0,0,4,23,1,
202100022374,161 655,B01,1,7,14,2,1,1,1,
202100022375,161 653,A01,1,33,0,0,7,1,1,
202100022376,161 651,B01,2,7,0,2,1,2,1,
202100022376,161 652,A01,0,7,0,2,8,2,1,
202100022377,161 650,A01,2,33,16,0,0,1,1,
202100022378,161 649,A01,3,33,13,0,1,0,1,
202100022379,161 647,B01,1,7,0,2,1,1,1,
202100022379,161 648,A01,2,2,0,2,1,17,1,
202100022380,161 645,B01,2,33,0,2,1,1,1,
202100022380,161 646,A01,3,7,0,2,8,19,1,
202100022381,161 643,B01,1,7,0,0,2,1,1,
202100022381,161 644,A01,1,2,0,2,1,19,1,
202100022382,161 641,A01,1,32,0,2,1,2,1,
202100022382,161 642,B01,1,7,0,0,4,2,1,
202100022383,161 639,B01,2,33,0,2,1,1,1,
202100022383,161 640,A01,1,7,0,2,2,15,1,
202100022384,161 637,B01,1,7,0,0,3,1,1,
202100022384,161 638,A01,2,7,0,0,1,11,1,
202100022385,161 636,A01,2,7,0,0,0,26,1,
202100022386,161 635,A01,1,7,13,0,9,1,1,
202100022387,161 634,A01,1,7,3,0,7,1,1,
202100022388,161 633,A01,1,7,0,1,2,16,1,
202100022389,161 631,B01,1,7,0,2,4,0,1,
202100022389,161 632,A01,1,7,0,2,1,2,1,
202100022390,161 630,A01,3,7,14,0,9,26,1,
202100022391,161 628,A01,2,7,0,2,1,2,1,
202100022391,161 629,B01,2,7,0,2,4,2,1,
202100022392,161 626,A01,2,7,0,2,1,26,1,
202100022392,161 627,B01,2,7,0,2,4,26,1,
202100022393,161 625,A01,2,33,3,0,0,1,1,
202100022394,161 622,A01,1,13,0,2,1,1,1,
202100022394,161 623,B01,1,7,0,2,7,1,1,
202100022394,161 624,C01,1,14,0,2,4,1,1,
202100022395,161 619,C01,1,7,0,2,7,1,1,
202100022395,161 620,B01,1,7,0,2,1,3,1,
202100022395,161 621,A01,1,31,0,2,1,3,1,
202100022396,161 617,A01,1,10,0,2,1,1,1,
202100022396,161 618,B01,1,10,0,2,4,1,1,
202100022397,161 613,B01,2,7,0,2,3,15,1,
202100022397,161 614,A01,2,1,0,2,2,17,5,
202100022398,161 611,A01,1,7,0,2,3,1,1,
202100022398,161 612,B01,1,30,0,2,1,17,1,
202100022399,161 609,B01,1,7,0,2,3,0,1,
202100022399,161 610,A01,2,30,0,2,-1,19,0,
202100022400,161 607,A01,2,7,0,2,3,15,1,
202100022400,161 608,B01,2,33,0,2,1,1,1,
202100022401,161 605,A01,1,10,0,2,2,16,1,
202100022401,161 606,B01,1,33,0,2,3,1,1,
202100022402,161 601,B01,1,7,1,2,4,0,1,
202100022402,161 602,A01,1,7,1,2,1,14,1,
202100022403,161 599,A01,2,7,0,2,3,11,1,
202100022403,161 600,B01,2,7,0,2,5,23,1,
202100022404,161 597,A01,3,7,0,2,3,15,1,
202100022404,161 598,B01,3,33,0,2,9,1,1,