Num_Acc,id_vehicule,num_veh,senc,catv,obs,obsm,choc,manv,motor,occutc
202100022992,160 532,A01,2,43,6,0,3,0,1,
202100022993,160 529,B01,2,7,4,2,5,17,1,
202100022993,160 530,A01,2,10,0,2,1,3,1,
202100022994,160 528,A01,1,7,0,0,1,12,1,
202100022995,160 526,B01,1,2,0,2,2,12,1,
202100022995,160 527,A01,1,99,0,2,6,1,1,
202100022996,160 524,A01,2,7,0,2,5,12,1,
202100022996,160 525,B01,2,7,0,2,3,1,1,
202100022997,160 523,A01,1,7,3,2,1,1,2,
202100022998,160 520,C01,1,7,1,0,1,1,1,
202100022998,160 521,B01,1,33,0,2,4,1,1,
202100022998,160 522,A01,1,7,0,2,1,1,1,
202100022999,160 517,A01,1,7,0,2,1,9,1,
202100022999,160 518,B01,1,7,0,2,7,1,1,
202100023000,160 515,B01,2,1,0,2,0,1,5,
202100023000,160 516,A01,2,7,0,2,7,22,1,
202100023001,160 513,A01,3,50,0,2,1,9,3,
202100023001,160 514,B01,3,7,0,2,3,9,1,
202100023002,160 511,B01,2,33,0,2,1,1,1,
202100023002,160 512,A01,1,13,0,2,6,9,1,
202100023003,160 509,A01,1,7,0,2,8,19,1,
202100023003,160 510,B01,1,7,0,2,1,1,1,
202100023004,160 507,A01,2,7,0,2,5,15,1,
202100023004,160 508,B01,1,80,0,2,0,1,5,
202100023005,160 505,A01,1,7,0,2,1,21,1,
202100023005,160 506,B01,2,7,0,2,1,13,1,
202100023006,160 503,A01,1,7,0,2,4,20,1,
202100023006,160 504,B01,1,1,0,2,1,21,5,
202100023007,160 501,A01,2,30,0,2,1,21,1,
202100023007,160 502,B01,2,7,0,2,6,0,1,
202100023008,160 499,C01,2,7,0,2,-1,2,-1,
202100023008,160 500,A01,2,30,15,2,8,16,1,
202100023009,160 498,A01,1,10,0,1,1,1,1,
202100023010,160 496,B01,2,10,0,2,8,1,1,
202100023010,160 497,A01,1,7,0,2,1,15,1,
202100023011,160 494,A01,1,7,0,0,0,12,1,
202100023011,160 495,B01,1,33,0,2,7,18,1,
202100023012,160 492,B01,2,7,0,2,6,1,1,
202100023012,160 493,A01,2,7,4,2,2,17,1,
202100023013,160 490,A01,2,31,14,0,1,3,1,
202100023013,160 491,B01,2,7,0,2,6,23,1,
202100023014,160 489,A01,2,7,0,1,2,1,1,
202100023015,160 488,A01,0,37,0,1,8,15,1,1.0
202100023016,160 487,A01,1,7,0,0,1,0,1,
202100023017,160 486,A01,1,7,0,0,2,1,1,
202100023018,160 484,A01,1,7,0,2,1,1,1,
202100023018,160 485,B01,2,7,0,2,0,0,1,
202100023019,160 482,B01,2,10,0,2,7,15,1,
202100023019,160 483,A01,1,80,0,0,1,1,3,
202100023020,160 480,B01,2,30,0,2,1,1,1,
202100023020,160 481,A01,1,7,0,2,3,15,1,
202100023021,160 479,A01,1,30,12,0,1,26,1,
202100023022,160 477,A01,2,7,0,2,7,20,2,
202100023022,160 478,B01,2,2,0,2,1,18,3,
202100023023,160 475,B01,1,7,0,2,1,1,1,
202100023023,160 476,A01,2,7,0,2,3,1,1,
202100023024,160 473,B01,2,7,0,2,6,0,1,
202100023024,160 474,A01,2,7,0,2,2,0,1,
202100023025,160 472,A01,2,7,0,1,1,9,1,
202100023026,160 470,A01,1,7,0,2,1,9,1,
202100023026,160 471,B01,1,7,0,2,7,9,1,
202100023027,160 467,C01,1,7,0,2,4,2,1,
202100023027,160 468,A01,2,7,0,2,1,2,1,
202100023027,160 469,B01,1,7,0,2,4,2,1,
202100023028,160 465,A01,1,7,0,2,8,9,1,
202100023028,160 466,B01,2,33,0,2,1,1,1,
202100023029,160 463,B01,1,1,0,2,1,1,5,
202100023029,160 464,A01,1,7,0,2,3,15,1,
202100023030,160 461,A01,1,2,0,2,0,1,1,
202100023030,160 462,B01,2,7,0,2,0,15,1,
202100023031,160 459,B01,1,7,0,2,1,1,6,
202100023031,160 460,Z01,1,7,0,2,1,17,0,
202100023032,160 457,A01,1,7,1,0,1,26,1,
202100023032,160 458,B01,2,7,0,0,4,23,1,
202100023033,160 455,B01,2,1,0,2,1,13,5,
202100023033,160 456,A01,1,7,0,9,1,1,1,
202100023034,160 453,A01,0,7,0,2,1,9,1,
202100023034,160 454,B01,0,7,0,2,2,1,1,
202100023035,160 452,A01,0,7,14,0,1,1,1,
202100023036,160 451,A01,0,7,0,1,3,15,1,
202100023037,160 449,B01,0,50,0,2,1,19,3,
202100023037,160 450,A01,1,7,0,2,2,1,1,
202100023038,160 444,A01,0,33,12,0,1,16,1,
202100023039,160 440,A01,1,30,0,2,1,9,1,
202100023039,160 441,B01,1,7,0,2,7,15,1,
202100023040,160 438,B01,0,50,0,2,1,1,3,
202100023040,160 439,A01,0,10,0,2,8,1,0,
202100023041,160 436,A01,2,7,0,1,3,1,1,
202100023042,160 434,B01,3,1,0,2,1,2,5,
202100023042,160 435,A01,1,10,0,0,8,1,1,
202100023043,160 431,B01,1,7,0,2,4,1,1,
202100023043,160 432,C01,1,7,0,2,4,1,1,
202100023043,160 433,A01,1,10,0,2,1,1,1,
202100023044,160 430,A01,1,30,14,0,1,13,1,
202100023045,160 428,A01,1,7,0,2,5,15,1,
202100023045,160 429,B01,2,50,0,2,1,8,3,
202100023046,160 426,Z01,1,7,0,2,1,1,0,
202100023046,160 427,A01,1,50,0,2,1,19,3,
202100023047,160 424,B01,1,7,0,2,5,2,1,
202100023047,160 425,A01,1,7,0,2,2,2,1,
202100023048,160 422,A01,2,7,0,2,3,15,0,
202100023048,160 423,B01,2,2,0,2,1,2,0,
202100023049,160 420,B01,2,7,0,2,5,15,1,
202100023049,160 421,A01,1,1,0,2,1,1,5,
202100023050,160 418,A01,1,7,0,2,1,2,1,
202100023050,160 419,B01,1,7,0,2,4,23,1,
202100023051,160 416,B01,1,7,0,0,7,1,1,
202100023051,160 417,A01,2,7,0,0,1,19,1,
202100023052,160 414,A01,2,7,0,2,0,21,1,
202100023052,160 415,B01,1,1,0,2,4,0,5,
202100023053,160 412,A01,2,33,0,2,9,1,1,
202100023053,160 413,B01,1,7,0,2,8,1,1,
202100023054,160 410,A01,0,50,0,2,2,1,2,
202100023054,160 411,B01,0,7,0,2,2,1,1,
202100023055,160 408,A01,3,7,0,2,1,1,1,
202100023055,160 409,B01,3,7,0,2,8,9,1,
202100023056,160 407,A01,1,30,0,0,7,1,1,
202100023057,160 406,A01,1,1,12,0,2,14,5,
202100023058,160 404,A01,1,1,0,2,1,13,5,
202100023058,160 405,B01,2,7,0,2,6,1,1,
202100023059,160 401,C01,1,7,0,2,4,0,1,
202100023059,160 402,A01,1,7,0,2,1,2,1,
202100023059,160 403,B01,1,7,0,2,4,2,1,
202100023060,160 399,B01,1,50,0,2,3,1,3,
202100023060,160 400,A01,1,30,0,2,1,12,1,
202100023061,160 398,A01,0,7,0,1,3,1,1,
202100023062,160 397,A01,1,10,0,1,8,1,1,
202100023063,160 394,C01,1,7,0,2,8,0,1,
202100023063,160 395,B01,3,7,0,2,7,1,1,
202100023063,160 396,A01,1,7,0,2,1,1,1,
202100023064,160 393,A01,2,7,1,0,2,1,1,
202100023065,160 391,A01,1,7,0,2,1,1,1,
202100023065,160 392,B01,3,7,0,2,6,15,1,
202100023066,160 389,A01,1,7,0,2,2,15,1,
202100023066,160 390,B01,2,33,0,2,1,1,1,
202100023067,160 387,A01,1,7,6,2,2,1,1,
202100023067,160 388,B01,1,7,6,2,1,1,1,
202100023068,160 386,A01,1,7,0,1,3,1,1,
202100023069,160 385,A01,1,33,13,0,0,1,1,
202100023070,160 381,A01,2,7,14,0,1,1,0,
202100023071,160 379,B01,0,7,0,2,8,1,1,
202100023071,160 380,A01,0,80,0,2,0,5,3,
202100023072,160 378,A01,1,99,0,1,3,15,0,
202100023073,160 377,A01,3,7,14,0,1,9,1,
202100023074,160 375,B01,3,10,0,2,5,0,1,
202100023074,160 376,A01,3,31,0,2,2,18,1,
202100023075,160 372,A01,1,2,16,0,8,1,1,
202100023076,160 370,B01,1,7,0,0,8,10,-1,
202100023076,160 371,A01,1,33,0,2,1,26,1,
202100023077,160 367,A01,0,10,12,2,1,2,1,
202100023077,160 368,B01,3,7,0,2,4,2,1,
202100023077,160 369,C01,1,7,0,2,1,23,1,
202100023078,160 364,C01,2,7,0,2,3,23,3,
202100023078,160 365,B01,1,7,0,2,1,1,1,
202100023078,160 366,A01,2,7,0,2,9,13,1,
202100023079,160 362,A01,3,1,0,2,8,19,0,
202100023079,160 363,B01,3,7,0,2,1,0,1,
202100023080,160 360,A01,0,7,0,2,1,1,1,
202100023080,160 361,B01,0,7,0,2,4,1,1,
202100023081,160 359,A01,0,7,0,1,1,26,0,
202100023082,160 357,A01,0,30,0,2,0,19,0,
202100023082,160 358,B01,0,31,0,2,0,1,1,
202100023083,160 353,A01,0,7,0,2,1,0,1,
202100023083,160 354,B01,0,7,0,2,1,0,3,
202100023084,160 351,A01,0,30,0,2,0,9,1,
202100023084,160 352,B01,1,7,0,2,2,1,1,
202100023085,160 349,B01,1,14,0,2,1,1,1,
202100023085,160 350,A01,1,7,0,2,8,0,1,
202100023086,160 346,B01,1,7,0,2,1,2,1,
202100023086,160 347,A01,1,10,0,2,1,2,3,
202100023086,160 348,C01,0,7,0,2,4,2,1,
202100023087,160 344,A01,1,33,0,2,2,1,1,
202100023087,160 345,B01,1,7,0,2,8,15,1,
202100023088,160 343,B01,0,32,1,0,2,1,1,
202100023089,160 341,B01,1,7,0,2,4,1,1,
202100023089,160 342,A01,1,7,0,2,1,2,1,
202100023090,160 340,A01,0,33,0,0,7,1,1,
202100023091,160 338,B01,2,30,0,2,8,1,1,
202100023091,160 339,A01,1,99,0,2,1,5,5,
202100023092,160 337,B01,0,1,0,0,0,0,0,
202100023093,160 335,A01,2,7,0,2,2,2,0,
202100023093,160 336,B01,2,31,0,2,4,23,1,
202100023094,160 334,A01,2,33,0,0,9,26,1,
202100023095,160 332,B01,2,7,0,2,5,1,1,
202100023095,160 333,A01,2,7,0,2,1,1,1,
202100023096,160 331,A01,3,7,16,0,9,1,1,
202100023097,160 329,A01,2,33,0,2,1,17,1,
202100023097,160 330,B01,2,7,0,0,3,15,1,
202100023098,160 328,A01,1,7,12,0,1,16,1,
202100023099,160 326,A01,2,10,16,0,6,15,1,
202100023099,160 327,B01,2,32,0,2,1,2,1,
202100023100,160 324,B01,2,7,0,2,6,1,1,
202100023100,160 325,A01,1,33,0,2,1,1,1,
202100023101,160 320,B01,3,10,0,2,3,15,1,
202100023101,160 321,A01,3,7,0,2,1,17,1,
202100023102,160 318,B01,2,7,0,2,1,1,1,
202100023102,160 319,A01,1,7,0,2,1,21,3,
202100023103,160 316,A01,0,7,0,1,0,1,1,
202100023104,160 313,A01,2,33,0,2,2,2,1,
202100023104,160 314,B01,2,7,0,2,6,2,1,
202100023105,160 312,A01,3,7,6,1,1,1,0,
202100023106,160 311,A01,3,50,0,0,9,1,3,
202100023107,160 309,A01,1,7,0,2,1,3,1,
202100023107,160 310,B01,1,1,0,2,4,1,5,
202100023108,160 307,B01,0,7,0,2,7,1,1,
202100023108,160 308,A01,0,7,0,2,1,1,1,
202100023109,160 304,C01,2,7,0,2,3,1,1,
202100023109,160 305,B01,1,7,0,2,3,1,2,
202100023109,160 306,A01,2,33,0,2,1,17,1,
202100023110,160 302,B01,1,7,0,2,1,19,1,
202100023110,160 303,A01,1,7,0,2,6,19,1,
202100023111,160 300,A01,2,7,0,2,1,15,1,
202100023111,160 301,B01,2,33,0,2,1,1,1,
202100023112,160 298,A01,1,21,0,2,5,1,6,
202100023112,160 299,B01,1,21,0,2,3,1,1,
202100023113,160 296,A01,2,7,0,2,3,15,1,
202100023113,160 297,B01,2,33,0,2,2,1,1,
202100023114,160 294,B01,1,33,0,2,1,26,1,
202100023114,160 295,A01,1,7,0,2,4,15,1,
202100023115,160 293,A01,3,30,6,0,0,0,0,
202100023116,160 292,A01,2,7,12,1,2,1,1,
202100023117,160 290,B01,1,7,0,2,3,1,1,
202100023117,160 291,A01,1,30,0,2,7,16,1,
202100023118,160 289,A01,1,7,9,0,1,1,1,
202100023119,160 288,B01,1,7,0,1,1,1,1,
202100023120,160 287,A01,2,30,12,0,1,15,1,
202100023121,160 285,A01,1,7,0,2,2,15,1,
202100023121,160 286,B01,2,1,0,2,1,0,5,
202100023122,160 283,B01,0,7,0,2,3,1,1,
202100023122,160 284,A01,0,7,0,2,2,14,1,
202100023123,160 282,A01,1,30,0,0,8,1,1,
202100023124,160 280,A01,2,10,0,2,1,2,1,
202100023124,160 281,B01,2,7,0,2,4,23,1,
202100023125,160 278,A01,1,33,0,2,1,24,1,
202100023125,160 279,B01,1,7,0,9,4,1,1,
202100023126,160 277,A01,1,7,0,1,3,1,1,
202100023127,160 275,B01,1,7,0,2,7,1,1,
202100023127,160 276,A01,2,7,0,2,1,19,1,
202100023128,160 273,B01,1,14,1,0,5,23,1,
202100023128,160 274,A01,3,30,1,0,1,2,1,
202100023129,160 271,A01,3,30,0,2,2,5,1,
202100023129,160 272,B01,3,7,0,2,3,1,1,
202100023130,160 270,Z01,3,7,0,1,1,1,0,
202100023131,160 268,A01,1,7,0,2,0,1,1,
202100023131,160 269,B01,2,30,0,2,2,15,1,
202100023132,160 267,A01,1,30,0,0,8,15,3,
202100023133,160 266,A01,1,43,0,1,7,17,1,
202100023134,160 264,B01,1,7,0,2,3,9,1,
202100023134,160 265,A01,1,30,0,2,7,17,1,
202100023135,160 262,A01,2,33,0,2,3,1,1,
202100023135,160 263,B01,2,7,0,2,0,1,2,
202100023136,160 261,A01,1,50,0,0,0,1,3,
202100023137,160 259,A01,1,50,0,2,1,19,3,
202100023137,160 260,B01,1,7,0,2,2,1,1,
202100023138,160 257,A01,1,7,0,2,5,22,2,
202100023138,160 258,B01,1,50,0,2,5,18,3,
202100023139,160 255,A01,1,7,0,2,5,9,0,
202100023139,160 256,B01,1,2,0,2,5,0,1,
202100023140,160 253,B01,2,7,0,2,0,0,1,
202100023140,160 254,A01,2,7,0,2,1,2,1,
202100023141,160 251,A01,1,7,0,2,1,15,1,
202100023141,160 252,B01,2,7,0,2,8,1,1,
202100023142,160 249,B01,1,50,0,2,1,1,3,
202100023142,160 250,A01,2,7,0,2,5,15,1,
202100023143,160 247,B01,1,33,0,2,1,1,1,
202100023143,160 248,A01,1,7,0,2,4,1,1,
202100023144,160 245,B01,2,7,0,2,2,0,1,
202100023144,160 246,A01,1,7,0,2,1,0,1,
202100023145,160 244,A01,1,1,0,1,1,1,5,
202100023146,160 243,A01,2,7,8,0,2,14,1,
202100023147,160 242,A01,3,7,0,2,1,1,1,
202100023148,160 241,A01,3,7,0,1,2,16,1,
202100023149,160 239,B01,1,2,0,2,4,15,1,
202100023149,160 240,A01,1,7,0,2,1,2,1,
202100023150,160 238,A01,2,10,0,1,1,1,1,
202100023151,160 236,B01,3,10,0,2,2,26,0,
202100023151,160 237,A01,0,50,0,2,3,25,3,
202100023152,160 235,A01,1,7,11,0,1,1,1,
202100023153,160 233,A01,2,7,6,2,2,19,1,
202100023153,160 234,B01,2,7,0,2,3,21,1,
202100023154,160 231,A01,2,33,0,2,1,13,1,
202100023154,160 232,B01,1,7,0,2,1,1,1,
202100023155,160 229,B01,3,7,0,0,2,0,1,
202100023155,160 230,A01,0,7,0,0,2,1,1,
202100023156,160 228,A01,2,34,4,0,1,1,1,
202100023157,160 226,A01,2,7,0,2,1,2,1,
202100023157,160 227,B01,2,7,0,0,4,2,1,
202100023158,160 223,A01,2,7,0,2,7,15,1,
202100023158,160 224,B01,1,2,0,2,1,1,1,
202100023159,160 222,A01,1,1,14,0,0,1,5,
202100023160,160 217,D01,2,1,0,2,1,1,5,
202100023160,160 218,C01,2,1,0,2,1,1,5,
202100023160,160 219,E01,2,1,0,2,1,1,5,
202100023160,160 220,B01,2,1,0,2,1,1,5,
202100023160,160 221,A01,1,7,0,2,8,13,0,
202100023161,160 216,A01,1,1,0,0,1,0,5,
202100023162,160 214,A01,2,1,0,2,1,15,5,
202100023162,160 215,B01,1,7,0,2,3,1,1,
202100023163,160 213,A01,3,2,0,0,0,1,1,
202100023164,160 211,A01,1,7,0,2,8,10,1,
202100023164,160 212,B01,1,33,0,2,1,17,1,
202100023165,160 209,A01,1,7,0,2,3,15,1,
202100023165,160 210,B01,2,7,0,2,3,1,1,
202100023166,160 207,A01,1,2,0,2,1,16,1,
202100023166,160 208,B01,2,7,0,2,3,1,1,
202100023167,160 206,A01,1,7,6,0,3,16,1,
202100023168,160 205,A01,1,7,0,0,1,1,1,
202100023169,160 204,A01,2,7,0,0,0,1,1,
202100023170,160 202,B01,2,7,0,2,2,21,1,
202100023170,160 203,A01,1,7,0,2,2,17,1,
202100023171,160 199,B01,2,7,12,2,7,1,2,
202100023171,160 200,A01,0,7,0,2,1,26,1,
202100023172,160 198,A01,3,7,8,0,2,1,1,
202100023173,160 196,A01,3,7,0,2,8,19,1,
202100023173,160 197,B01,1,31,0,2,1,1,1,
202100023174,160 194,A01,1,7,0,2,2,2,1,
202100023174,160 195,B01,1,7,0,2,6,2,1,
202100023175,160 191,A01,1,7,0,2,1,5,1,
202100023175,160 192,B01,2,7,0,2,1,1,1,
202100023175,160 193,C01,2,7,0,2,8,1,1,
202100023176,160 189,A01,2,7,0,9,2,26,1,
202100023176,160 190,B01,2,1,0,2,3,15,5,
202100023177,160 188,A01,2,33,8,0,0,1,1,
202100023178,160 186,A01,1,7,0,2,7,16,1,
202100023178,160 187,B01,1,32,0,2,3,21,1,
202100023179,160 185,A01,1,33,14,0,0,1,1,
202100023180,160 183,B01,2,34,0,2,1,1,1,
202100023180,160 184,A01,1,7,0,2,8,15,1,
202100023181,160 181,B01,2,7,0,2,3,13,2,
202100023181,160 182,A01,1,7,0,2,3,1,1,
202100023182,160 180,A01,2,7,13,0,1,1,1,
202100023183,160 178,B01,2,7,0,2,2,5,1,
202100023183,160 179,A01,1,7,0,2,2,5,1,
202100023184,160 176,B01,1,33,0,2,1,1,1,
202100023184,160 177,A01,3,7,0,2,3,15,1,
202100023185,160 175,A01,2,7,17,0,2,14,1,
202100023186,160 173,A01,1,33,0,2,1,1,1,
202100023186,160 174,B01,2,7,0,2,2,1,1,
202100023187,160 171,B01,0,2,0,2,1,1,1,
202100023187,160 172,A01,0,7,0,2,2,15,1,
202100023188,160 169,B01,1,7,13,2,3,21,1,
202100023188,160 170,A01,2,7,0,2,1,13,1,
202100023189,160 167,A01,1,33,0,2,1,17,1,
202100023189,160 168,B01,1,7,0,2,6,15,1,
202100023190,160 166,A01,3,7,8,0,8,1,1,
202100023191,160 163,A01,1,31,0,2,1,17,1,
202100023191,160 164,B01,1,7,0,2,1,1,1,
202100023192,160 162,A01,2,7,2,0,0,0,1,
202100023193,160 161,A01,3,7,2,0,2,1,1,
202100023194,160 160,A01,2,7,4,0,2,1,1,
202100023195,160 158,B01,2,7,0,2,3,15,1,
202100023195,160 159,A01,2,33,0,2,1,17,1,
202100023196,160 157,A01,1,7,2,0,1,0,1,
202100023197,160 155,B01,1,7,0,2,3,1,1,
202100023197,160 156,A01,2,20,0,2,1,13,1,
202100023198,160 153,B01,3,10,0,2,2,2,1,
202100023198,160 154,A01,3,2,0,2,7,17,1,
202100023199,160 151,A01,1,33,0,2,2,17,1,
202100023199,160 152,B01,1,7,0,2,3,15,1,
202100023200,160 150,A01,1,7,0,1,2,17,1,
202100023201,160 148,A01,1,7,0,2,3,15,1,
202100023201,160 149,B01,2,33,0,2,1,1,1,
202100023202,160 147,A01,3,36,0,0,0,26,1,
202100023203,160 145,B01,2,7,0,2,3,1,1,
202100023203,160 146,A01,1,31,0,2,1,5,1,
202100023204,160 144,A01,0,7,0,1,6,4,1,
202100023205,160 141,B01,2,32,0,2,7,1,1,
202100023205,160 142,A01,0,7,0,2,1,19,1,
202100023206,160 140,A01,1,7,1,0,1,1,1,
202100023207,160 139,A01,2,33,0,0,1,1,1,
202100023208,160 137,B01,1,7,0,2,8,15,1,
202100023208,160 138,A01,1,2,0,2,1,17,1,
202100023209,160 135,B01,3,2,0,2,7,21,1,
202100023209,160 136,A01,3,10,0,2,2,21,1,
202100023210,160 133,B01,2,31,0,2,1,13,1,
202100023210,160 134,A01,1,7,0,2,1,1,1,
202100023211,160 131,B01,2,7,13,2,3,1,1,
202100023211,160 132,A01,3,7,13,2,2,19,1,
202100023212,160 129,B01,2,15,0,2,3,1,1,
202100023212,160 130,A01,1,7,0,2,2,0,1,
202100023213,160 128,A01,1,7,3,0,2,1,1,
202100023214,160 126,B01,1,7,0,2,3,11,1,
202100023214,160 127,A01,1,33,0,2,1,1,1,
202100023215,160 123,A01,3,2,0,0,0,1,3,
202100023216,160 122,A01,2,7,6,0,1,1,1,
202100023217,160 119,C01,2,7,0,2,3,1,1,
202100023217,160 120,B01,2,7,0,2,3,1,1,
202100023217,160 121,A01,1,7,0,2,3,1,1,
202100023218,160 117,A01,1,33,0,2,1,1,1,
202100023218,160 118,B01,2,7,0,2,3,9,1,
202100023219,160 115,A01,1,7,0,2,2,13,1,
202100023219,160 116,B01,2,7,0,2,3,1,1,
202100023220,160 113,B01,1,7,0,2,2,1,1,
202100023220,160 114,A01,2,33,10,2,1,13,1,
202100023221,160 111,B01,2,7,0,2,1,1,1,
202100023221,160 112,A01,1,7,0,2,1,13,1,
202100023222,160 109,A01,2,30,0,2,3,13,1,
202100023222,160 110,B01,1,7,0,2,8,1,1,
202100023223,160 106,C01,1,7,0,2,6,1,1,
202100023223,160 107,B01,1,7,0,2,8,1,1,
202100023223,160 108,A01,2,7,0,2,3,13,1,
202100023224,160 105,A01,3,31,12,0,0,25,1,
202100023225,160 103,A01,2,7,0,2,3,13,1,
202100023225,160 104,B01,1,7,0,2,3,1,1,
202100023226,160 102,A01,1,33,13,0,1,1,1,
202100023227,160 100,C01,2,7,0,2,1,1,1,
202100023227,160 101,A01,2,7,0,2,3,10,1,
202100023228,160 097,B01,1,7,0,0,4,2,1,
202100023228,160 098,A01,1,7,0,2,1,2,0,
202100023229,160 096,A01,3,32,12,0,1,1,1,
202100023230,160 094,B01,2,34,0,2,1,0,1,
202100023230,160 095,A01,2,7,0,2,3,11,1,
202100023231,160 089,A01,1,15,0,0,1,2,-1,
202100023231,160 090,B01,-1,7,-1,-1,-1,-1,-1,
202100023231,160 091,C01,-1,7,-1,-1,-1,-1,-1,
202100023232,160 088,A01,1,10,0,0,7,2,1,
202100023233,160 087,A01,1,33,16,0,7,1,1,
202100023234,160 085,B01,1,7,0,2,4,1,1,
202100023234,160 086,A01,1,17,0,2,0,12,1,
202100023235,160 083,B01,2,10,0,2,3,1,1,
202100023235,160 084,A01,2,7,4,0,2,12,1,
202100023236,160 082,A01,1,7,14,0,1,1,1,
202100023237,160 081,A01,2,7,0,5,1,1,1,
202100023238,160 078,C01,2,7,0,9,1,1,1,
202100023238,160 079,B01,2,33,0,9,1,1,1,
202100023238,160 080,A01,2,15,0,9,6,1,1,
202100023239,160 077,A01,0,7,0,1,2,16,1,
202100023240,160 076,A01,2,7,0,1,1,1,1,
202100023241,160 075,A01,1,1,0,1,1,1,5,
202100023242,160 073,A01,1,1,0,2,7,1,5,
202100023242,160 074,B01,1,7,0,2,8,15,1,
202100023243,160 071,B01,1,33,0,2,6,1,1,
202100023243,160 072,A01,2,7,0,2,1,19,1,
202100023244,160 069,B01,1,7,0,2,2,15,1,
202100023244,160 070,A01,2,32,0,2,1,21,1,
202100023245,160 067,B01,2,33,0,2,7,2,1,
202100023245,160 068,A01,2,10,0,2,1,16,1,
202100023246,160 065,A01,1,7,0,2,0,16,1,
202100023246,160 066,B01,1,50,0,2,0,16,3,
202100023247,160 063,A01,1,7,0,9,1,19,1,
202100023247,160 064,B01,1,2,0,2,8,1,0,
202100023248,160 060,C01,1,7,0,2,2,2,1,
202100023248,160 061,B01,2,7,0,0,4,2,1,
202100023248,160 062,A01,1,34,0,2,1,2,1,
202100023249,160 058,A01,2,7,0,2,1,15,1,
202100023249,160 059,B01,1,2,0,2,1,1,0,
202100023250,160 055,A01,1,7,0,2,1,26,1,
202100023250,160 056,C01,1,7,0,2,4,26,1,
202100023250,160 057,B01,1,7,0,2,4,26,1,
202100023251,160 053,B01,1,1,0,2,8,19,5,
202100023251,160 054,A01,1,7,0,2,0,1,0,
202100023252,160 051,B01,2,7,0,2,8,1,1,
202100023252,160 052,A01,1,7,0,2,2,15,1,
202100023253,160 049,A01,1,80,0,2,8,1,3,
202100023253,160 050,B01,3,7,0,2,1,1,1,
202100023254,160 047,B01,1,33,0,2,1,1,1,
202100023254,160 048,A01,1,7,0,2,8,1,1,
202100023255,160 045,B01,3,7,0,2,6,15,1,
202100023255,160 046,A01,3,31,0,2,9,1,1,
202100023256,160 044,A01,3,7,0,1,7,1,1,
202100023257,160 043,A01,2,10,0,1,4,4,6,
202100023258,160 042,A01,0,7,0,1,0,1,1,
202100023259,160 041,A01,2,7,0,1,1,1,1,
202100023260,160 039,B01,3,2,0,2,0,0,0,
202100023260,160 040,A01,3,7,0,2,0,0,0,
202100023261,160 037,B01,1,80,0,2,8,13,3,
202100023261,160 038,A01,0,7,0,9,7,17,1,
202100023262,160 035,A01,1,30,0,2,1,26,1,
202100023262,160 036,B01,1,7,0,2,6,2,1,
202100023263,160 033,B01,1,1,0,2,4,1,0,
202100023263,160 034,A01,1,10,0,2,3,1,3,
202100023264,160 031,B01,2,50,0,2,1,1,3,
202100023264,160 032,A01,1,7,0,2,7,1,1,
202100023265,160 030,A01,1,34,8,0,2,17,1,
202100023266,160 028,A01,1,7,0,2,3,13,1,
202100023266,160 029,B01,2,7,0,2,3,1,1,
202100023267,160 026,A01,1,3,0,2,1,15,1,
202100023267,160 027,B01,2,43,0,2,3,1,1,
202100023268,160 025,A01,1,7,0,1,5,17,1,
202100023269,160 023,B01,2,7,0,2,3,2,1,
202100023269,160 024,A01,2,33,0,2,2,17,1,
202100023270,160 022,A01,1,1,0,0,7,1,5,
202100023271,160 020,A01,1,7,0,2,1,15,1,
202100023271,160 021,B01,1,80,0,2,1,19,3,
202100023272,160 018,B01,3,7,0,2,0,0,1,
202100023272,160 019,A01,3,3,0,2,2,0,6,
202100023273,160 016,B01,2,7,0,2,2,1,1,
202100023273,160 017,A01,1,7,0,2,7,15,1,
202100023274,160 014,B01,1,30,0,2,4,1,1,
202100023274,160 015,A01,1,7,0,9,1,1,1,
202100023275,160 012,B01,3,7,0,2,2,1,1,
202100023275,160 013,A01,3,10,0,2,2,13,1,
202100023276,160 010,A01,1,7,0,9,3,1,1,
202100023276,160 011,B01,1,1,0,2,4,15,0,
202100023277,160 008,B01,1,1,0,2,2,2,5,
202100023277,160 009,A01,1,14,0,2,3,26,1,
202100023278,160 007,A01,1,7,0,0,3,13,1,
202100023279,160 005,B01,3,1,0,2,1,15,5,
202100023279,160 006,A01,0,7,0,2,3,15,1,
202100023280,160 004,A01,0,7,0,1,1,26,1,
202100023281,160 002,B01,1,30,0,2,4,13,1,
202100023281,160 003,A01,1,7,0,2,1,17,1,
202100023282,160 001,A01,1,33,12,0,1,17,1,
202100023283,159 999,A01,2,7,0,2,2,15,1,
202100023283,160 000,B01,1,1,0,2,3,2,0,
202100023284,159 998,A01,1,50,0,0,1,1,3,
202100023285,159 996,A01,1,7,0,2,6,10,1,
202100023285,159 997,B01,1,32,0,2,1,1,1,
202100023286,159 994,B01,3,33,0,2,4,1,1,
202100023286,159 995,Z01,3,7,0,2,1,1,1,
202100023287,159 992,A01,1,7,0,2,2,1,1,
202100023287,159 993,B01,2,30,0,2,1,15,1,
202100023288,159 990,B01,1,80,0,2,8,1,3,
202100023288,159 991,A01,1,7,0,2,7,17,1,