Num_Acc,id_vehicule,num_veh,senc,catv,obs,obsm,choc,manv,motor,occutc
202100023289,159 988,A01,0,80,0,2,1,1,3,
202100023289,159 989,B01,3,7,0,2,8,1,1,
202100023290,159 986,A01,1,7,0,2,1,1,1,
202100023290,159 987,B01,1,10,0,2,4,1,1,
202100023291,159 982,TA01,3,7,0,2,1,1,1,
202100023291,159 983,B01,3,7,0,2,7,1,0,
202100023292,159 980,B01,3,2,0,2,1,1,1,
202100023292,159 981,SA01,3,7,0,2,1,9,1,
202100023293,159 978,B01,3,31,0,2,3,0,1,
202100023293,159 979,A01,3,7,0,2,3,15,1,
202100023294,159 977,A01,3,30,0,0,2,15,1,
202100023295,159 976,A01,1,2,12,0,0,9,1,
202100023296,159 975,A01,3,7,0,1,1,1,1,
202100023297,159 973,A01,3,7,0,2,2,2,1,
202100023297,159 974,B01,3,1,0,2,4,13,5,
202100023298,159 971,B01,3,34,0,2,2,17,1,
202100023298,159 972,A01,3,1,0,2,4,15,5,
202100023299,159 969,A01,1,2,0,2,1,2,1,
202100023299,159 970,B01,2,7,0,2,1,11,1,
202100023300,159 968,A01,0,7,15,0,1,19,1,
202100023301,159 966,A01,0,7,0,2,3,15,1,
202100023301,159 967,B01,0,33,1,2,1,1,1,
202100023302,159 964,A01,3,7,0,2,3,1,1,
202100023302,159 965,Z01,3,7,0,2,3,17,1,
202100023303,159 962,Z01,3,7,0,2,2,1,1,
202100023303,159 963,A01,3,7,0,2,3,1,6,
202100023304,159 960,A01,1,1,0,2,7,26,5,
202100023304,159 961,B01,2,7,0,2,3,15,1,
202100023305,159 958,A01,3,7,0,2,2,15,1,
202100023305,159 959,B01,0,30,0,2,1,1,1,
202100023306,159 956,A01,1,7,0,2,3,1,1,
202100023306,159 957,B01,2,7,0,2,3,1,1,
202100023307,159 954,A01,1,2,0,2,1,19,1,
202100023307,159 955,B01,1,7,0,2,1,1,1,
202100023308,159 952,B01,1,31,0,2,1,3,0,
202100023308,159 953,A01,2,7,0,2,2,10,1,
202100023309,159 950,B01,3,99,0,2,1,1,0,
202100023309,159 951,A01,3,1,0,2,1,16,5,
202100023310,159 949,A01,3,50,0,1,1,1,3,
202100023311,159 947,A01,1,7,0,2,1,1,1,
202100023311,159 948,Z01,1,30,0,2,7,1,0,
202100023312,159 945,B01,1,80,0,2,0,1,3,
202100023312,159 946,A01,1,7,0,2,3,15,1,
202100023313,159 942,A01,1,7,0,2,1,2,1,
202100023313,159 943,C01,1,7,0,2,4,23,1,
202100023313,159 944,B01,1,7,0,2,4,23,1,
202100023314,159 940,A01,2,7,0,2,7,14,1,
202100023314,159 941,B01,2,7,0,2,8,24,1,
202100023315,159 939,A01,2,30,12,0,1,14,1,
202100023316,159 937,B01,1,30,0,2,6,13,1,
202100023316,159 938,A01,1,7,0,2,2,1,2,
202100023317,159 935,B01,2,1,0,2,3,15,5,
202100023317,159 936,A01,2,30,0,2,1,2,1,
202100023318,159 934,A01,1,10,12,1,7,14,1,
202100023319,159 932,A01,2,7,0,2,1,15,1,
202100023319,159 933,B01,1,7,0,2,3,1,1,
202100023320,159 930,A01,1,31,0,2,1,1,1,
202100023320,159 931,B01,1,7,0,2,8,10,1,
202100023321,159 929,A01,1,7,12,0,2,0,1,
202100023322,159 927,A01,1,7,0,2,1,2,1,
202100023322,159 928,B01,1,7,0,2,6,23,1,
202100023323,159 925,B01,1,7,0,2,2,1,1,
202100023323,159 926,A01,1,30,0,2,1,1,1,
202100023324,159 923,A01,1,37,0,0,0,0,0,1.0
202100023324,159 924,B01,2,1,0,2,1,1,0,
202100023325,159 919,D01,0,7,0,2,4,23,1,
202100023325,159 920,A01,0,7,0,2,1,1,1,
202100023325,159 921,B01,0,7,0,2,1,23,1,
202100023325,159 922,C01,0,7,0,2,1,23,1,
202100023326,159 918,A01,2,7,0,1,7,1,1,
202100023327,159 916,A01,1,7,0,2,3,17,1,
202100023327,159 917,B01,3,7,0,2,3,1,1,
202100023328,159 914,B01,3,1,0,2,8,0,5,
202100023328,159 915,A01,0,34,0,2,2,0,5,
202100023329,159 912,B01,2,7,0,2,2,1,1,
202100023329,159 913,A01,1,2,9,2,1,10,1,
202100023330,159 907,A01,1,7,0,2,3,13,1,
202100023330,159 908,B01,2,14,0,2,3,1,1,
202100023331,159 905,A01,1,7,0,0,4,0,1,
202100023331,159 906,B01,1,7,1,0,1,0,1,
202100023332,159 904,A01,2,7,2,0,0,1,1,
202100023333,159 902,A01,3,7,0,2,2,20,1,
202100023333,159 903,B01,3,50,0,2,8,1,3,
202100023334,159 901,A01,0,7,0,1,3,1,1,
202100023335,159 900,A01,2,7,2,0,1,1,1,
202100023336,159 898,B01,2,7,0,0,5,1,1,
202100023336,159 899,A01,2,7,8,2,1,14,1,
202100023337,159 896,B01,3,7,0,2,3,1,1,
202100023337,159 897,A01,3,7,0,2,2,13,1,
202100023338,159 895,A01,1,7,1,0,1,1,1,
202100023339,159 893,B01,2,7,0,2,1,1,1,
202100023339,159 894,A01,2,7,0,2,1,13,1,
202100023340,159 890,C01,1,7,0,2,3,19,1,
202100023340,159 891,A01,2,7,0,2,2,19,1,
202100023340,159 892,B01,2,7,0,2,3,1,1,
202100023341,159 888,B01,1,7,0,2,1,1,1,
202100023341,159 889,A01,2,7,0,2,1,1,1,
202100023342,159 887,A01,2,7,0,0,3,21,1,
202100023343,159 886,A01,1,31,0,0,0,0,1,
202100023344,159 885,A01,1,7,13,0,0,1,1,
202100023345,159 884,A01,0,33,0,0,0,0,0,
202100023346,159 882,A01,2,33,0,2,1,1,1,
202100023346,159 883,B01,1,7,0,0,1,1,1,
202100023347,159 881,A01,2,31,0,0,0,1,1,
202100023348,159 879,B01,0,1,0,0,7,1,5,
202100023348,159 880,A01,0,7,0,0,1,1,1,
202100023349,159 876,B01,2,2,0,2,1,1,1,
202100023349,159 877,A01,2,7,0,2,2,15,1,
202100023349,159 878,C01,1,1,0,2,1,1,5,
202100023350,159 875,A01,1,7,0,0,9,1,1,
202100023351,159 873,A01,2,7,0,2,3,13,1,
202100023351,159 874,B01,1,33,0,2,1,1,1,
202100023352,159 872,A01,1,7,2,0,3,0,1,
202100023353,159 870,A01,0,7,0,2,1,5,1,
202100023353,159 871,B01,0,7,0,2,1,1,1,
202100023354,159 868,B01,2,7,0,0,5,23,1,
202100023354,159 869,A01,2,33,0,2,1,2,1,
202100023355,159 867,A01,1,7,2,0,7,1,1,
202100023356,159 866,A01,2,2,0,0,0,0,1,
202100023357,159 864,B01,2,33,0,2,1,1,1,
202100023357,159 865,A01,3,7,0,2,7,15,1,
202100023358,159 863,A01,1,31,12,0,1,1,1,
202100023359,159 862,A01,0,10,2,0,3,1,1,
202100023360,159 860,B01,3,7,0,2,3,1,1,
202100023360,159 861,A01,3,7,0,2,3,16,1,
202100023361,159 858,B01,1,1,0,0,4,2,5,
202100023361,159 859,A01,1,7,0,9,2,2,1,
202100023362,159 857,A01,3,33,0,0,1,1,1,
202100023363,159 856,A01,2,7,0,1,2,1,1,
202100023364,159 854,A01,1,7,0,9,1,1,1,
202100023364,159 855,B01,2,1,0,2,8,5,5,
202100023365,159 853,A01,1,7,2,0,1,1,1,
202100023366,159 851,A01,2,7,0,0,4,2,1,
202100023366,159 852,B01,2,7,0,0,1,2,1,
202100023367,159 849,A01,3,31,0,0,8,1,1,
202100023367,159 850,B01,3,7,0,0,-1,1,-1,
202100023368,159 848,A01,2,7,0,1,3,1,1,
202100023369,159 846,B01,3,2,0,2,1,1,1,
202100023369,159 847,A01,3,7,0,2,1,1,1,
202100023370,159 845,A01,3,31,6,0,1,0,1,
202100023371,159 844,A01,3,7,2,0,1,1,1,
202100023372,159 842,B01,2,7,0,2,1,1,1,
202100023372,159 843,A01,2,7,0,2,1,9,1,
202100023373,159 840,A01,1,10,0,2,3,15,1,
202100023373,159 841,B01,2,32,0,2,1,1,1,
202100023374,159 839,A01,1,33,3,0,7,1,1,
202100023375,159 837,A01,2,7,0,2,1,1,1,
202100023375,159 838,B01,2,7,0,0,4,21,1,
202100023376,159 835,B01,1,7,0,2,1,1,1,
202100023376,159 836,A01,2,7,0,2,8,19,1,
202100023377,159 833,A01,1,33,0,2,3,1,1,
202100023377,159 834,B01,2,10,0,2,2,19,1,
202100023378,159 832,A01,2,33,0,0,0,1,1,
202100023379,159 828,D01,3,1,0,2,1,2,5,
202100023379,159 829,C01,3,1,0,2,1,2,5,
202100023379,159 830,B01,3,1,0,2,1,2,5,
202100023379,159 831,A01,3,1,0,0,4,15,5,
202100023380,159 826,B01,1,33,0,2,1,1,1,
202100023380,159 827,A01,3,7,0,2,8,15,1,
202100023381,159 824,B01,2,7,0,2,1,1,1,
202100023381,159 825,A01,1,7,0,2,8,19,1,
202100023382,159 822,B01,1,10,0,2,1,13,1,
202100023382,159 823,A01,2,7,0,2,1,1,1,
202100023383,159 821,A01,1,33,12,0,8,0,1,
202100023384,159 820,A01,2,7,16,0,0,1,1,
202100023385,159 818,B01,2,7,0,2,3,1,1,
202100023385,159 819,A01,1,7,0,2,2,15,1,
202100023386,159 816,A01,2,1,0,2,1,5,5,
202100023386,159 817,B01,1,7,0,2,3,21,1,
202100023387,159 814,B01,2,7,0,2,4,2,1,
202100023387,159 815,A01,2,7,0,2,1,2,1,
202100023388,159 812,B01,2,7,0,2,4,1,1,
202100023388,159 813,A01,2,7,0,2,1,1,1,
202100023389,159 810,A01,2,34,0,2,8,11,1,
202100023389,159 811,B01,2,33,0,2,8,3,1,
202100023390,159 809,A01,1,7,3,0,1,13,1,
202100023391,159 807,B01,1,7,0,2,1,1,1,
202100023391,159 808,A01,1,10,0,2,4,2,1,
202100023392,159 804,Z01,1,7,0,2,8,11,0,
202100023392,159 805,B01,1,99,0,2,6,1,1,
202100023392,159 806,A01,1,33,0,2,7,3,1,
202100023393,159 802,B01,1,33,0,2,4,1,1,
202100023393,159 803,A01,1,7,0,2,2,12,1,
202100023394,159 801,A01,2,7,4,0,1,26,1,
202100023395,159 798,C01,1,10,0,2,4,1,1,
202100023395,159 799,A01,1,33,0,2,2,3,1,
202100023395,159 800,B01,1,7,0,2,5,12,1,
202100023396,159 797,A01,2,33,0,9,8,1,1,
202100023397,159 796,A01,1,7,0,1,1,1,1,
202100023398,159 794,B01,2,30,1,0,0,0,1,
202100023398,159 795,A01,2,15,0,2,5,24,1,
202100023399,159 792,A01,1,17,0,2,4,4,1,
202100023399,159 793,B01,1,7,0,2,1,2,1,
202100023400,159 789,A01,2,30,1,0,2,2,1,
202100023400,159 790,B01,2,32,1,0,2,2,0,
202100023400,159 791,C01,1,7,1,2,2,20,1,
202100023401,159 787,Z01,1,7,0,2,2,1,1,
202100023401,159 788,B01,2,2,0,0,0,0,6,
202100023402,159 785,Z01,0,10,0,2,2,0,0,
202100023402,159 786,B01,3,2,0,2,8,26,1,
202100023403,159 783,B01,3,2,0,2,1,1,1,
202100023403,159 784,A01,1,7,0,2,2,12,1,
202100023404,159 781,B01,2,7,0,2,5,1,6,
202100023404,159 782,A01,2,30,0,2,1,1,1,
202100023405,159 779,A01,2,7,0,2,3,15,1,
202100023405,159 780,B01,1,7,6,2,1,1,1,
202100023406,159 778,A01,2,7,0,1,2,1,1,
202100023407,159 776,A01,3,10,0,2,2,15,1,
202100023407,159 777,B01,3,10,0,2,1,1,1,
202100023408,159 775,A01,2,33,0,0,0,15,1,
202100023409,159 773,B01,0,7,0,2,2,1,1,
202100023409,159 774,A01,0,7,0,2,0,9,0,
202100023410,159 772,A01,2,7,0,1,7,16,1,
202100023411,159 771,A01,1,7,0,1,1,20,1,
202100023412,159 770,A01,0,34,0,0,0,0,1,
202100023413,159 769,A01,1,7,0,1,5,1,1,
202100023414,159 768,A01,1,7,8,0,2,14,1,
202100023415,159 766,B01,1,7,0,2,8,1,1,
202100023415,159 767,A01,2,1,0,2,1,19,5,
202100023416,159 764,B01,3,2,0,2,1,1,1,
202100023416,159 765,A01,3,7,0,2,3,15,1,
202100023417,159 762,B01,2,2,0,2,3,2,1,
202100023417,159 763,A01,2,7,0,2,2,16,1,
202100023418,159 761,A01,1,7,0,1,2,1,1,
202100023419,159 760,A01,1,2,0,0,1,26,1,
202100023420,159 758,B01,0,50,0,2,1,19,3,
202100023420,159 759,A01,2,7,0,2,2,1,1,
202100023421,159 756,B01,2,7,0,2,1,1,1,
202100023421,159 757,A01,1,7,0,2,1,1,0,
202100023422,159 754,B01,2,7,0,2,8,1,1,
202100023422,159 755,A01,1,7,0,2,8,13,1,
202100023423,159 752,B01,1,7,0,9,4,23,1,
202100023423,159 753,A01,1,2,0,2,1,26,1,
202100023424,159 750,B01,1,33,0,2,2,1,1,
202100023424,159 751,A01,3,7,0,2,3,15,1,
202100023425,159 748,B01,2,2,0,2,1,1,1,
202100023425,159 749,A01,1,7,0,2,2,15,1,
202100023426,159 747,Z01,2,10,0,1,1,2,1,
202100023427,159 746,A01,3,7,12,0,1,13,1,
202100023428,159 744,B01,1,7,0,2,2,16,1,
202100023428,159 745,A01,2,1,0,2,1,5,5,
202100023429,159 742,B01,1,50,0,2,1,1,3,
202100023429,159 743,A01,1,7,0,2,6,15,1,
202100023430,159 741,A01,2,7,4,0,0,2,1,
202100023431,159 739,A01,2,7,0,2,2,15,1,
202100023431,159 740,B01,1,32,0,2,1,1,1,
202100023432,159 737,A01,2,33,0,2,1,2,1,
202100023432,159 738,B01,2,7,0,2,4,2,1,
202100023433,159 735,B01,2,10,0,2,4,16,1,
202100023433,159 736,A01,2,34,0,2,1,1,1,
202100023434,159 733,A01,1,7,0,2,3,9,1,
202100023434,159 734,B01,3,1,0,2,7,1,5,
202100023435,159 732,A01,1,7,0,0,9,1,1,
202100023436,159 731,A01,0,7,0,1,1,9,1,
202100023437,159 727,B01,1,32,0,2,5,15,1,
202100023437,159 728,A01,1,7,0,2,3,9,1,
202100023438,159 726,A01,1,7,8,0,2,1,1,
202100023439,159 724,B01,2,1,0,2,7,15,5,
202100023439,159 725,A01,2,7,0,2,7,16,2,
202100023440,159 722,A01,1,30,0,2,1,1,1,
202100023440,159 723,B01,2,7,0,2,2,1,1,
202100023441,159 720,B01,2,7,0,2,4,23,1,
202100023441,159 721,A01,2,7,1,0,1,2,1,
202100023442,159 718,B01,0,7,0,2,0,0,0,
202100023442,159 719,A01,0,7,0,2,0,17,1,
202100023443,159 717,A01,3,10,0,1,3,15,1,
202100023444,159 715,A01,0,7,0,2,2,1,1,
202100023444,159 716,B01,3,33,0,2,1,1,1,
202100023445,159 714,A01,3,7,0,1,1,1,1,
202100023446,159 713,A01,2,32,0,1,1,1,1,
202100023447,159 711,Z01,2,7,0,2,0,0,0,
202100023447,159 712,B01,1,2,0,2,1,0,0,
202100023448,159 710,A01,1,3,0,1,1,1,0,
202100023449,159 708,A01,2,7,0,2,1,2,1,
202100023449,159 709,B01,1,7,0,2,4,2,1,
202100023450,159 707,A01,1,10,0,1,8,15,1,
202100023451,159 705,A01,1,14,0,2,2,16,1,
202100023451,159 706,B01,1,80,0,2,8,1,3,
202100023452,159 703,A01,1,1,0,2,0,15,5,
202100023452,159 704,B01,1,30,0,2,1,1,3,
202100023453,159 702,A01,2,37,0,1,2,1,1,3.0
202100023454,159 700,B01,1,7,0,2,2,23,1,
202100023454,159 701,A01,1,30,0,2,3,13,1,
202100023455,159 698,B01,2,32,1,2,9,1,1,
202100023455,159 699,A01,1,7,0,2,0,10,1,
202100023456,159 696,A01,2,7,0,2,2,16,2,
202100023456,159 697,B01,2,33,0,2,3,18,1,
202100023457,159 695,A01,2,33,0,0,1,1,1,
202100023458,159 694,A01,1,7,0,1,3,1,1,
202100023459,159 691,Z01,1,30,0,2,1,7,0,
202100023459,159 692,A01,1,30,0,2,4,7,1,
202100023459,159 693,B01,1,32,0,2,4,7,1,
202100023460,159 689,B01,2,1,0,2,0,13,5,
202100023460,159 690,A01,1,1,0,2,1,1,5,
202100023461,159 688,A01,0,32,14,0,1,1,1,
202100023462,159 686,B01,2,33,0,2,1,1,1,
202100023462,159 687,A01,2,7,0,2,6,15,1,
202100023463,159 684,B01,2,7,0,2,7,1,1,
202100023463,159 685,A01,1,2,0,2,1,2,1,
202100023464,159 682,A01,3,7,9,0,0,0,1,
202100023464,159 683,Z01,3,10,9,2,1,26,1,
202100023465,159 680,A01,3,7,0,2,3,1,1,
202100023465,159 681,B01,3,30,0,2,1,7,1,
202100023466,159 678,B01,-1,7,0,2,2,0,1,
202100023466,159 679,A01,-1,7,0,2,4,0,1,
202100023467,159 676,B01,0,7,0,2,3,1,1,
202100023467,159 677,A01,0,2,0,2,2,2,1,
202100023468,159 674,A01,2,13,0,0,0,9,0,
202100023468,159 675,B01,2,31,0,1,0,17,0,
202100023469,159 672,A01,3,7,0,2,2,15,1,
202100023469,159 673,B01,3,33,0,2,7,0,1,
202100023470,159 670,B01,2,10,0,2,7,1,1,
202100023470,159 671,A01,1,30,0,2,1,1,1,
202100023471,159 669,A01,2,30,0,0,7,21,1,
202100023472,159 668,A01,1,14,0,1,8,16,1,
202100023473,159 667,A01,2,7,0,1,2,1,3,
202100023474,159 666,A01,1,33,0,0,3,1,1,
202100023475,159 664,A01,1,1,0,2,1,1,5,
202100023475,159 665,B01,2,10,0,2,2,1,1,
202100023476,159 663,A01,2,33,0,1,3,1,1,
202100023477,159 660,C01,2,33,0,0,4,2,1,
202100023477,159 661,B01,2,33,0,0,4,2,1,
202100023477,159 662,A01,2,7,0,2,1,2,1,
202100023478,159 658,B01,2,13,0,2,1,1,1,
202100023478,159 659,A01,1,7,0,2,1,1,1,
202100023479,159 656,A01,0,31,0,0,5,1,1,
202100023479,159 657,B01,0,10,0,2,2,15,2,
202100023480,159 655,A01,2,33,13,0,1,13,1,
202100023481,159 654,A01,2,1,0,0,0,2,6,
202100023482,159 652,B01,1,7,13,2,3,1,1,
202100023482,159 653,A01,2,33,0,2,1,13,1,
202100023483,159 651,A01,1,7,13,0,2,2,1,
202100023484,159 650,A01,2,7,0,1,1,1,1,
202100023485,159 648,B01,1,7,0,2,3,9,1,
202100023485,159 649,A01,2,7,13,2,2,1,1,
202100023486,159 647,A01,1,10,0,1,1,1,1,
202100023487,159 645,B01,1,10,0,2,3,1,1,
202100023487,159 646,A01,2,33,0,2,1,17,1,
202100023488,159 643,A01,1,33,0,2,1,1,1,
202100023488,159 644,B01,2,7,0,2,5,15,1,
202100023489,159 642,A01,2,7,0,1,3,1,1,
202100023490,159 641,A01,2,33,0,1,1,17,1,
202100023491,159 640,A01,1,7,16,0,2,13,1,
202100023492,159 638,B01,1,13,0,2,8,1,1,
202100023492,159 639,A01,1,36,0,2,2,17,1,
202100023493,159 636,A01,3,1,0,2,8,15,5,
202100023493,159 637,B01,1,7,0,2,1,1,1,
202100023494,159 634,B01,1,7,0,2,3,13,1,
202100023494,159 635,A01,2,7,0,2,3,1,1,
202100023495,159 632,A01,2,30,0,2,7,1,1,
202100023495,159 633,B01,2,7,0,2,1,15,1,
202100023496,159 631,A01,1,33,3,0,1,13,1,
202100023497,159 630,A01,1,2,0,0,0,1,1,
202100023498,159 628,B01,1,7,0,2,4,2,1,
202100023498,159 629,A01,1,30,0,2,1,2,1,
202100023499,159 627,A01,1,33,3,0,8,0,1,
202100023500,159 625,A01,2,7,0,2,2,1,1,
202100023500,159 626,B01,1,1,0,2,7,15,5,
202100023501,159 624,A01,2,7,13,0,9,1,1,
202100023502,159 623,A01,2,33,13,0,0,1,1,
202100023503,159 620,C01,2,7,0,2,1,2,1,
202100023503,159 621,B01,2,7,3,2,1,1,1,
202100023503,159 622,A01,1,33,0,6,1,21,1,
202100023504,159 618,B01,1,33,0,2,1,2,1,
202100023504,159 619,A01,1,7,0,0,5,15,1,
202100023505,159 617,A01,0,7,8,0,1,15,1,
202100023506,159 615,B01,0,33,0,0,2,0,1,
202100023506,159 616,A01,0,33,0,0,6,0,1,
202100023507,159 613,B01,1,7,0,2,2,1,1,
202100023507,159 614,A01,1,7,0,2,1,1,1,
202100023508,159 612,A01,3,43,13,0,1,1,1,
202100023509,159 611,A01,2,33,0,6,1,1,1,
202100023510,159 610,A01,1,7,3,0,1,14,1,
202100023511,159 609,A01,1,7,6,0,1,1,1,
202100023512,159 607,B01,3,31,0,0,1,1,1,
202100023512,159 608,A01,3,7,0,0,7,10,1,
202100023513,159 606,A01,1,33,0,0,8,21,1,
202100023514,159 604,A01,2,10,0,2,2,2,1,
202100023514,159 605,B01,2,1,0,2,6,2,5,
202100023515,159 603,A01,1,7,13,0,3,1,1,
202100023516,159 601,B01,1,1,0,2,1,0,5,
202100023516,159 602,A01,1,10,0,2,2,17,1,
202100023517,159 599,A01,1,33,0,2,1,17,1,
202100023517,159 600,B01,1,7,0,0,3,15,1,
202100023518,159 597,B01,2,7,0,2,1,1,1,
202100023518,159 598,A01,1,7,0,2,1,15,1,
202100023519,159 595,A01,1,7,0,2,8,1,1,
202100023519,159 596,B01,3,1,0,2,2,19,5,
202100023520,159 593,B01,1,7,0,0,5,15,1,
202100023520,159 594,A01,1,7,0,2,3,2,1,
202100023521,159 591,B01,2,31,0,2,1,0,1,
202100023521,159 592,A01,1,7,0,2,3,15,1,
202100023522,159 590,A01,0,99,6,0,1,13,1,
202100023523,159 588,A01,1,7,3,2,8,1,1,
202100023523,159 589,B01,1,15,0,0,6,1,1,
202100023524,159 586,B01,3,30,0,2,1,13,1,
202100023524,159 587,A01,3,7,0,2,2,5,1,
202100023525,159 585,A01,3,10,16,0,9,14,1,
202100023526,159 584,A01,3,10,0,1,2,0,1,
202100023527,159 583,A01,3,7,6,0,3,1,1,
202100023528,159 582,B01,1,99,0,1,0,0,0,
202100023529,159 580,A01,3,7,0,2,3,26,1,
202100023529,159 581,B01,3,33,0,2,1,19,1,
202100023530,159 579,A01,2,33,0,2,0,0,1,
202100023531,159 577,A01,3,7,0,1,1,1,1,
202100023532,159 576,A01,1,7,2,0,2,6,1,
202100023533,159 574,B01,1,15,0,2,1,1,1,
202100023533,159 575,A01,1,7,0,2,7,19,1,
202100023534,159 572,B01,2,43,0,2,2,1,1,
202100023534,159 573,A01,2,7,0,2,3,16,1,
202100023535,159 570,A01,2,7,0,2,3,5,1,
202100023535,159 571,B01,1,33,0,2,1,1,1,
202100023536,159 569,A01,2,33,3,0,0,17,1,
202100023537,159 566,A01,1,7,0,2,1,13,1,
202100023537,159 567,B01,2,7,0,2,3,1,1,
202100023537,159 568,C01,2,33,0,2,1,1,1,
202100023538,159 564,A01,0,7,0,2,1,17,1,
202100023538,159 565,B01,0,7,0,2,1,1,1,
202100023539,159 562,B01,2,33,0,2,1,21,1,
202100023539,159 563,A01,0,7,0,2,3,19,1,
202100023540,159 560,A01,2,10,16,2,1,1,1,
202100023540,159 561,B01,1,7,0,2,1,1,1,
202100023541,159 559,A01,3,10,0,1,2,1,1,
202100023542,159 558,A01,3,7,5,0,3,0,1,
202100023543,159 557,A01,2,7,12,0,3,1,1,
202100023544,159 555,A01,1,7,0,2,1,13,1,
202100023544,159 556,B01,2,7,0,2,1,1,1,
202100023545,159 553,B01,3,2,0,2,2,1,1,
202100023545,159 554,A01,3,7,0,2,3,19,1,
202100023546,159 551,B01,3,7,0,2,3,13,1,
202100023546,159 552,A01,3,7,0,2,3,1,1,
202100023547,159 549,A01,2,7,0,0,8,15,2,
202100023547,159 550,B01,2,7,0,2,2,17,1,
202100023548,159 547,B01,2,15,0,0,6,15,1,
202100023548,159 548,A01,2,33,0,2,1,17,1,
202100023549,159 546,A01,1,7,4,0,2,0,1,
202100023550,159 544,A01,1,7,0,2,6,9,1,
202100023550,159 545,B01,1,7,0,2,2,1,1,
202100023551,159 543,A01,1,33,16,0,0,1,1,
202100023552,159 542,A01,2,33,12,0,0,0,1,
202100023553,159 540,A01,1,7,0,2,1,2,1,
202100023553,159 541,B01,1,7,0,2,4,2,1,
202100023554,159 538,A01,1,7,0,2,4,12,1,
202100023554,159 539,B01,1,14,0,2,1,2,1,
202100023555,159 536,B01,1,7,0,2,4,1,1,
202100023555,159 537,A01,1,7,0,2,1,1,1,
202100023556,159 534,B01,1,17,0,2,2,2,1,
202100023556,159 535,A01,1,7,0,2,4,1,1,
202100023557,159 531,A01,1,33,0,2,1,1,1,
202100023557,159 532,B01,1,7,0,2,3,23,1,
202100023558,159 529,B01,1,50,0,2,1,15,3,
202100023558,159 530,A01,2,7,0,2,3,9,1,
202100023559,159 527,B01,1,43,0,0,4,0,1,
202100023559,159 528,A01,1,7,0,0,3,26,1,
202100023560,159 526,A01,2,14,0,1,8,1,1,
202100023561,159 524,B01,1,7,0,2,4,23,1,
202100023561,159 525,A01,1,2,0,2,1,0,1,
202100023562,159 522,B01,2,7,0,2,8,2,1,
202100023562,159 523,A01,2,33,0,2,8,2,1,
202100023563,159 520,B01,2,7,0,2,6,15,1,
202100023563,159 521,A01,2,7,0,2,1,17,1,
202100023564,159 518,B01,3,1,0,2,5,15,5,
202100023564,159 519,A01,3,7,0,2,3,1,1,
202100023565,159 516,A01,2,7,0,2,1,1,1,
202100023565,159 517,B01,2,7,0,2,4,23,1,
202100023566,159 514,B01,1,7,0,2,3,15,1,
202100023566,159 515,A01,1,7,0,2,2,17,1,
202100023567,159 512,B01,3,2,0,2,8,1,1,
202100023567,159 513,A01,3,1,0,2,7,15,5,
202100023568,159 511,A01,3,30,0,0,7,26,1,
202100023569,159 510,A01,1,31,0,2,4,23,1,
202100023570,159 504,F01,0,7,0,2,8,1,1,
202100023570,159 505,E01,1,10,0,2,0,1,1,
202100023570,159 506,D01,1,7,0,2,0,1,1,
202100023570,159 507,C01,1,7,0,2,7,1,1,
202100023570,159 508,B01,1,7,0,2,1,1,1,
202100023570,159 509,A01,2,7,0,2,3,5,1,
202100023571,159 503,A01,1,7,15,0,2,26,1,
202100023572,159 502,A01,0,7,1,0,9,0,1,
202100023573,159 501,A01,1,30,5,0,1,0,1,
202100023574,159 500,A01,3,99,1,0,1,26,1,
202100023575,159 497,B01,1,7,0,2,4,1,1,
202100023575,159 498,C01,1,3,0,2,4,1,1,
202100023575,159 499,A01,1,7,0,2,1,1,1,
202100023576,159 496,A01,3,30,0,0,8,1,1,
202100023577,159 494,B01,1,33,0,2,1,1,1,
202100023577,159 495,A01,2,7,0,2,6,15,1,
202100023578,159 492,A01,2,7,0,2,2,2,1,
202100023578,159 493,B01,2,7,0,2,6,2,2,
202100023579,159 490,A01,3,7,0,2,7,1,1,
202100023579,159 491,B01,3,7,0,2,1,1,1,
202100023580,159 488,A01,1,7,0,2,1,2,1,
202100023580,159 489,B01,1,7,0,2,4,2,1,
202100023581,159 486,B01,3,33,0,2,8,1,1,
202100023581,159 487,A01,3,7,0,2,3,26,1,
202100023582,159 485,A01,0,34,1,0,1,2,1,
202100023583,159 483,B01,1,7,0,2,6,6,1,
202100023583,159 484,A01,1,33,0,2,1,1,1,
202100023584,159 481,B01,2,7,1,2,3,9,1,
202100023584,159 482,A01,2,33,0,2,1,3,1,
202100023585,159 479,A01,1,3,0,2,1,1,1,
202100023585,159 480,B01,2,7,0,2,7,15,3,
202100023586,159 477,B01,1,7,0,2,3,1,1,
202100023586,159 478,A01,3,1,0,2,1,19,5,
202100023587,159 475,A01,1,7,0,2,1,16,1,
202100023587,159 476,B01,2,14,0,2,2,1,1,
202100023588,159 474,A01,3,99,0,0,7,15,5,
202100023589,159 473,A01,2,10,13,0,0,0,0,
202100023590,159 472,A01,2,7,9,0,8,13,1,
202100023591,159 470,A01,3,7,0,2,3,26,1,
202100023591,159 471,B01,2,1,0,2,1,1,0,
202100023592,159 468,A01,1,7,0,2,2,1,1,
202100023592,159 469,B01,1,33,0,2,5,10,1,
202100023593,159 466,B01,2,7,0,2,1,1,1,
202100023593,159 467,A01,1,7,0,2,1,15,1,