Num_Acc,id_vehicule,num_veh,senc,catv,obs,obsm,choc,manv,motor,occutc
202100023891,158 929,B01,0,10,0,2,3,1,1,
202100023892,158 926,B01,3,50,0,2,3,19,3,
202100023892,158 927,A01,1,10,0,9,1,1,1,
202100023893,158 925,Z01,2,7,0,1,8,1,0,
202100023894,158 923,B01,3,7,0,2,8,26,1,
202100023894,158 924,A01,3,7,0,2,1,0,1,
202100023895,158 921,B01,0,7,0,2,3,1,1,
202100023895,158 922,A01,3,7,0,2,3,13,1,
202100023896,158 919,B01,2,7,0,2,1,1,1,
202100023896,158 920,A01,1,7,0,2,1,5,1,
202100023897,158 918,A01,3,30,0,0,0,26,0,
202100023898,158 917,A01,1,7,13,0,2,14,1,
202100023899,158 915,B01,3,7,0,2,5,20,0,
202100023899,158 916,A01,1,7,1,0,8,24,1,
202100023900,158 913,Z01,2,7,0,2,1,1,1,
202100023900,158 914,B01,2,33,0,2,7,16,1,
202100023901,158 911,B01,1,80,0,2,4,19,3,
202100023901,158 912,A01,1,7,0,2,3,9,1,
202100023902,158 910,A01,3,7,0,1,4,4,3,
202100023903,158 908,B01,1,7,0,2,2,2,1,
202100023903,158 909,A01,1,7,0,2,1,16,1,
202100023904,158 906,B01,3,7,0,2,1,1,0,
202100023904,158 907,A01,3,7,0,2,3,26,1,
202100023905,158 904,B01,1,33,0,2,0,17,1,
202100023905,158 905,A01,1,7,0,2,1,15,1,
202100023906,158 902,B01,1,7,0,2,3,1,1,
202100023906,158 903,A01,2,7,0,2,3,13,1,
202100023907,158 900,A01,1,7,0,2,1,2,1,
202100023907,158 901,B01,1,7,0,2,4,2,1,
202100023908,158 898,A01,2,7,0,2,3,13,1,
202100023908,158 899,B01,2,33,0,2,5,3,1,
202100023909,158 896,A01,1,7,0,2,6,1,1,
202100023909,158 897,B01,1,7,0,2,3,1,1,
202100023910,158 895,A01,1,7,1,0,1,13,1,
202100023911,158 893,B01,1,33,0,2,3,1,1,
202100023911,158 894,A01,2,50,0,2,3,13,3,
202100023912,158 891,B01,2,30,0,2,3,1,1,
202100023912,158 892,A01,2,10,0,2,7,16,1,
202100023913,158 889,B01,1,30,0,2,3,18,1,
202100023913,158 890,A01,1,7,0,2,1,16,1,
202100023914,158 888,A01,1,7,8,0,2,1,1,
202100023915,158 886,A01,1,7,0,2,5,26,6,
202100023915,158 887,B01,1,2,0,2,1,1,1,
202100023916,158 884,B01,2,41,0,2,7,25,3,
202100023916,158 885,A01,1,7,0,2,1,20,3,
202100023917,158 882,A01,2,30,0,2,1,16,1,
202100023917,158 883,B01,2,7,0,2,5,1,1,
202100023918,158 880,B01,3,7,0,2,2,9,1,
202100023918,158 881,A01,3,7,0,2,7,1,1,
202100023919,158 878,Z01,2,7,0,2,1,1,0,
202100023919,158 879,A01,1,99,0,2,1,5,6,
202100023920,158 877,A01,1,7,0,1,2,19,1,
202100023921,158 876,A01,3,1,0,1,1,1,5,
202100023922,158 874,B01,3,7,0,2,0,23,1,
202100023922,158 875,A01,3,30,0,2,1,23,1,
202100023923,158 872,A01,1,7,0,2,2,16,1,
202100023923,158 873,SB01,1,30,0,2,1,0,1,
202100023924,158 870,B01,0,30,0,2,1,17,1,
202100023924,158 871,A01,0,7,0,2,3,15,1,
202100023925,158 866,A01,2,7,0,2,7,21,1,
202100023925,158 867,B01,2,2,0,2,4,1,1,
202100023926,158 864,B01,1,7,0,2,4,23,1,
202100023926,158 865,A01,1,7,0,2,1,2,1,
202100023927,158 863,A01,1,50,0,1,1,1,3,
202100023928,158 861,B01,1,7,0,2,3,0,1,
202100023928,158 862,A01,2,7,0,2,3,13,1,
202100023929,158 859,A01,1,7,0,0,4,2,1,
202100023929,158 860,B01,1,33,0,2,1,2,1,
202100023930,158 857,A01,1,15,0,2,3,1,1,
202100023930,158 858,B01,2,7,0,0,3,0,1,
202100023931,158 855,B01,3,14,0,2,3,1,1,
202100023931,158 856,A01,3,7,4,2,2,1,1,
202100023932,158 853,A01,1,7,0,2,3,26,1,
202100023932,158 854,B01,2,7,0,2,6,1,0,
202100023933,158 852,A01,1,7,13,0,1,2,1,
202100023934,158 850,A01,1,33,0,2,1,13,1,
202100023934,158 851,B01,2,14,0,2,3,1,1,
202100023935,158 848,B01,2,2,8,0,1,1,1,
202100023935,158 849,A01,3,7,0,0,0,15,1,
202100023936,158 847,A01,1,7,2,0,0,1,1,
202100023937,158 846,A01,1,7,6,0,1,1,1,
202100023938,158 843,A01,2,7,0,2,1,13,1,
202100023938,158 844,B01,1,7,0,2,3,1,1,
202100023938,158 845,C01,1,7,0,2,8,1,1,
202100023939,158 842,A01,2,43,13,0,2,1,1,
202100023940,158 839,A01,2,10,0,2,3,13,1,
202100023940,158 840,C01,1,15,0,2,1,1,1,
202100023940,158 841,B01,1,10,0,2,3,1,1,
202100023941,158 838,A01,2,10,13,0,1,1,1,
202100023942,158 836,B01,2,7,0,2,2,1,1,
202100023942,158 837,A01,3,7,6,2,7,19,1,
202100023943,158 835,A01,1,33,0,0,1,9,1,
202100023944,158 833,B01,0,7,0,9,6,1,1,
202100023944,158 834,A01,0,1,0,2,3,13,5,
202100023945,158 832,A01,1,7,0,0,9,1,1,
202100023946,158 830,B01,3,7,0,2,1,1,1,
202100023946,158 831,A01,3,7,0,2,1,5,1,
202100023947,158 828,B01,3,1,0,2,7,17,5,
202100023947,158 829,A01,3,1,0,2,8,13,5,
202100023948,158 826,B01,1,7,0,2,1,1,1,
202100023948,158 827,A01,2,7,0,2,2,17,1,
202100023949,158 824,A01,2,1,12,0,0,1,5,
202100023949,158 825,B01,2,38,0,0,0,17,0,1.0
202100023950,158 822,C01,2,10,0,9,4,1,1,
202100023950,158 823,A01,1,1,6,2,1,0,5,
202100023951,158 820,A01,0,2,0,2,1,5,1,
202100023951,158 821,B01,0,7,0,2,3,1,1,
202100023952,158 818,A01,2,7,0,2,3,10,1,
202100023952,158 819,B01,2,33,0,2,1,1,1,
202100023953,158 816,B01,3,7,0,2,3,19,2,
202100023953,158 817,A01,2,7,0,2,1,1,1,
202100023954,158 815,A01,2,32,10,0,3,17,1,
202100023955,158 814,A01,2,7,0,0,2,1,1,
202100023956,158 813,A01,2,7,6,0,2,1,1,
202100023957,158 811,B01,3,80,0,2,8,1,3,
202100023957,158 812,A01,3,7,0,2,7,17,0,
202100023958,158 809,B01,2,7,0,2,8,15,1,
202100023958,158 810,A01,2,7,0,2,1,1,1,
202100023959,158 807,B01,1,2,0,2,8,24,1,
202100023959,158 808,A01,1,10,1,0,1,1,1,
202100023960,158 806,A01,1,7,0,0,0,14,1,
202100023961,158 805,A01,1,10,3,0,2,0,1,
202100023962,158 804,A01,3,7,14,9,0,1,1,
202100023963,158 799,C01,2,7,3,0,2,1,1,
202100023963,158 800,B01,2,7,3,2,6,1,1,
202100023963,158 801,A01,2,7,3,2,2,17,1,
202100023964,158 798,A01,2,7,0,1,3,0,1,
202100023965,158 797,A01,2,7,0,0,0,1,1,
202100023966,158 796,A01,3,7,0,1,3,15,1,
202100023967,158 795,A01,0,7,0,1,2,21,1,
202100023968,158 793,A01,1,7,0,2,3,13,1,
202100023968,158 794,B01,2,33,0,2,1,21,1,
202100023969,158 792,A01,2,7,0,1,7,1,1,
202100023970,158 791,A01,3,7,6,0,2,1,1,
202100023971,158 790,A01,2,34,0,0,0,0,1,
202100023972,158 788,B01,2,33,13,2,9,0,1,
202100023972,158 789,A01,1,13,0,9,6,17,1,
202100023973,158 786,B01,1,7,0,2,8,2,1,
202100023973,158 787,A01,1,1,0,2,7,1,5,
202100023974,158 783,C01,1,7,0,2,1,1,1,
202100023974,158 784,B01,2,7,0,2,4,23,1,
202100023974,158 785,A01,2,7,0,0,4,23,1,
202100023975,158 782,A01,2,7,2,0,1,14,1,
202100023976,158 779,B01,1,7,0,0,4,1,1,
202100023976,158 780,A01,1,7,0,2,1,9,1,
202100023977,158 777,A01,2,10,0,2,1,2,1,
202100023977,158 778,B01,2,30,0,2,4,2,1,
202100023978,158 774,C01,2,7,0,2,4,1,1,
202100023978,158 775,B01,2,7,0,2,4,2,1,
202100023978,158 776,A01,2,10,0,2,1,1,1,
202100023979,158 772,B01,1,7,0,2,4,1,1,
202100023979,158 773,A01,1,7,0,2,1,1,1,
202100023980,158 769,C01,2,7,0,2,4,1,1,
202100023980,158 770,B01,2,7,0,2,4,1,1,
202100023980,158 771,A01,2,7,0,2,1,11,1,
202100023981,158 768,A01,1,33,0,0,0,1,1,
202100023982,158 767,A01,2,7,3,2,1,1,1,
202100023983,158 766,A01,0,7,0,1,1,2,1,
202100023984,158 764,B01,1,7,0,2,3,1,1,
202100023984,158 765,A01,1,30,0,2,1,17,1,
202100023985,158 762,Z01,1,7,0,9,0,0,0,
202100023985,158 763,A01,1,2,0,2,4,1,1,
202100023986,158 760,B01,3,2,0,2,3,1,1,
202100023986,158 761,A01,3,10,0,2,3,1,1,
202100023987,158 759,A01,2,7,0,1,1,15,1,
202100023988,158 758,A01,2,7,0,0,2,14,1,
202100023989,158 757,A01,1,31,0,0,3,2,1,
202100023990,158 756,A01,1,7,3,0,1,13,1,
202100023991,158 755,A01,3,30,0,0,0,1,3,
202100023992,158 753,B01,1,33,12,2,3,1,1,
202100023992,158 754,A01,1,7,0,2,5,13,1,
202100023993,158 751,B01,3,7,0,2,3,15,1,
202100023993,158 752,A01,3,7,0,2,2,12,1,
202100023994,158 749,B01,2,10,0,2,6,1,1,
202100023994,158 750,A01,2,30,0,2,1,12,1,
202100023995,158 748,A01,1,37,0,1,3,1,1,1.0
202100023996,158 746,B01,1,32,0,2,1,1,1,
202100023996,158 747,A01,3,7,0,2,2,15,1,
202100023997,158 744,A01,1,7,0,2,2,15,1,
202100023997,158 745,B01,2,2,0,2,1,1,1,
202100023998,158 742,A01,1,7,0,2,1,1,1,
202100023998,158 743,B01,1,1,0,2,4,13,5,
202100023999,158 741,A01,1,33,0,1,1,21,1,
202100024000,158 739,B01,2,1,0,2,1,16,5,
202100024000,158 740,A01,1,7,0,2,2,15,1,
202100024001,158 738,A01,3,7,0,1,2,19,1,
202100024002,158 736,A01,2,10,0,2,8,26,1,
202100024002,158 737,B01,1,33,0,2,8,0,1,
202100024003,158 734,C01,3,7,0,2,3,9,1,
202100024003,158 735,B01,3,1,0,2,1,26,5,
202100024004,158 732,B01,1,7,0,2,2,1,1,
202100024004,158 733,A01,1,3,0,2,3,16,1,
202100024005,158 731,A01,2,7,0,1,1,1,1,
202100024006,158 729,B01,1,7,0,2,3,1,0,
202100024006,158 730,A01,1,80,0,2,1,19,3,
202100024007,158 728,A01,1,7,2,0,1,0,1,
202100024008,158 727,A01,2,3,15,0,1,15,1,
202100024009,158 725,B01,2,7,1,2,2,9,1,
202100024009,158 726,A01,1,2,0,2,7,1,1,
202100024010,158 724,A01,1,7,0,1,7,1,1,
202100024011,158 723,A01,3,30,0,0,1,16,1,
202100024012,158 721,A01,2,7,0,2,1,1,1,
202100024012,158 722,B01,2,7,0,2,5,23,1,
202100024013,158 719,A01,0,30,0,2,1,1,1,
202100024013,158 720,B01,0,7,0,2,4,23,1,
202100024014,158 718,A01,3,7,8,0,2,1,1,
202100024015,158 717,A01,1,7,0,1,1,1,1,
202100024016,158 716,A01,1,7,15,0,1,1,1,
202100024017,158 715,A01,1,7,2,0,3,14,1,
202100024018,158 714,A01,3,32,0,0,0,19,1,
202100024019,158 712,B01,3,7,0,2,8,1,2,
202100024019,158 713,A01,3,7,0,2,1,15,1,
202100024020,158 711,A01,1,43,9,0,1,26,1,
202100024021,158 709,A01,1,7,0,9,7,1,1,
202100024021,158 710,B01,1,1,0,2,6,1,5,
202100024022,158 706,A01,1,7,0,2,5,14,1,
202100024022,158 707,B01,1,7,0,2,4,2,1,
202100024022,158 708,C01,1,7,0,2,1,2,1,
202100024023,158 705,A01,1,7,11,0,3,13,1,
202100024024,158 703,A01,2,7,0,2,3,15,1,
202100024024,158 704,B01,1,1,0,2,1,1,5,
202100024025,158 701,A01,2,7,0,2,2,15,1,
202100024025,158 702,B01,1,1,0,2,1,5,5,
202100024026,158 700,A01,1,7,0,1,2,15,1,
202100024027,158 699,A01,1,7,0,1,2,16,1,
202100024028,158 697,A01,1,7,6,2,5,1,1,
202100024028,158 698,B01,1,7,0,2,1,1,2,
202100024029,158 695,A01,1,7,0,2,1,1,1,
202100024029,158 696,B01,1,7,0,2,5,1,1,
202100024030,158 692,A01,1,7,0,2,3,2,1,
202100024030,158 693,B01,1,7,0,2,4,2,1,
202100024030,158 694,C01,1,7,0,2,4,23,1,
202100024031,158 690,A01,2,7,0,2,5,15,0,
202100024031,158 691,B01,1,30,0,2,1,1,0,
202100024032,158 688,A01,2,1,0,2,1,1,5,
202100024032,158 689,B01,1,7,0,2,7,1,1,
202100024033,158 687,A01,1,7,0,1,0,1,1,
202100024034,158 683,A01,2,7,0,2,1,15,1,
202100024034,158 684,B01,2,1,0,2,8,19,5,
202100024035,158 682,B01,1,1,1,0,1,1,5,
202100024036,158 680,B01,2,7,0,2,2,15,1,
202100024036,158 681,A01,1,32,0,2,1,1,0,
202100024037,158 678,B01,1,50,0,2,7,5,3,
202100024037,158 679,A01,1,7,0,2,1,1,1,
202100024038,158 677,A01,0,43,8,0,1,0,1,
202100024039,158 676,A01,2,1,0,0,0,1,0,
202100024040,158 674,A01,2,32,0,9,1,1,1,
202100024040,158 675,B01,2,7,0,0,0,1,1,
202100024041,158 672,B01,1,1,0,0,8,1,5,
202100024041,158 673,A01,2,7,0,9,1,15,1,
202100024042,158 670,A01,1,7,0,2,3,0,1,
202100024042,158 671,B01,1,1,0,2,1,0,5,
202100024043,158 668,B01,1,7,0,2,1,1,1,
202100024043,158 669,A01,2,2,0,2,1,5,1,
202100024044,158 666,A01,2,7,0,2,2,1,1,
202100024044,158 667,B01,2,1,0,2,4,1,5,
202100024045,158 664,A01,2,31,0,0,2,17,1,
202100024045,158 665,B01,2,21,0,2,8,15,1,
202100024046,158 663,A01,1,7,8,0,1,1,1,
202100024047,158 661,A01,2,10,0,9,4,26,1,
202100024047,158 662,B01,2,2,0,2,1,23,1,
202100024048,158 659,B01,3,7,0,2,6,15,1,
202100024048,158 660,A01,1,33,0,2,1,1,1,
202100024049,158 658,A01,1,7,17,0,3,13,1,
202100024050,158 656,B01,2,7,0,2,3,13,1,
202100024050,158 657,A01,1,10,0,2,3,13,1,
202100024051,158 655,A01,0,33,0,6,1,1,1,
202100024052,158 653,B01,1,7,0,0,2,1,1,
202100024052,158 654,A01,2,10,0,0,3,13,1,
202100024053,158 652,A01,2,7,16,0,0,13,1,
202100024054,158 651,A01,2,1,0,5,2,1,5,
202100024055,158 650,A01,3,31,0,2,1,1,1,
202100024056,158 648,A01,2,10,0,2,2,15,1,
202100024056,158 649,B01,1,7,7,2,3,1,1,
202100024057,158 647,A01,1,21,13,0,0,1,1,
202100024058,158 645,B01,2,7,0,0,6,1,1,
202100024058,158 646,A01,2,7,3,2,2,14,1,
202100024059,158 644,A01,2,15,0,0,9,1,1,
202100024060,158 642,A01,1,7,0,2,1,1,1,
202100024060,158 643,B01,2,7,0,2,8,19,1,
202100024061,158 641,A01,1,50,0,0,0,1,3,
202100024062,158 639,B01,1,33,0,2,8,1,1,
202100024062,158 640,A01,1,7,0,2,2,19,1,
202100024063,158 637,B01,2,7,0,2,6,15,1,
202100024063,158 638,A01,2,7,0,2,1,17,1,
202100024064,158 635,A01,2,33,2,0,3,1,1,
202100024065,158 634,A01,3,2,0,0,0,21,1,
202100024066,158 632,A01,3,7,0,2,6,10,1,
202100024066,158 633,B01,3,33,0,2,1,1,1,
202100024067,158 631,A01,3,7,2,0,1,1,1,
202100024068,158 630,A01,1,7,0,0,9,1,1,
202100024069,158 629,A01,2,36,6,0,2,1,1,
202100024070,158 628,A01,3,2,14,0,1,1,1,
202100024071,158 627,A01,1,33,13,0,1,13,1,
202100024072,158 626,A01,2,7,0,0,9,0,1,
202100024073,158 625,A01,1,33,13,0,0,1,1,
202100024074,158 624,A01,1,10,4,0,1,16,6,
202100024075,158 621,A01,1,7,0,2,4,23,1,
202100024075,158 622,B01,1,15,0,2,1,2,1,
202100024075,158 623,C01,1,10,0,2,1,26,1,
202100024076,158 620,A01,1,7,4,0,3,0,1,
202100024077,158 618,B01,1,2,0,2,3,18,1,
202100024077,158 619,A01,1,7,0,2,2,16,1,
202100024078,158 617,A01,2,7,0,0,8,1,1,
202100024079,158 615,B01,1,31,0,2,8,13,1,
202100024079,158 616,A01,1,7,0,9,2,11,1,
202100024080,158 613,A01,2,2,0,2,3,19,1,
202100024080,158 614,B01,1,7,0,2,2,1,1,
202100024081,158 612,A01,3,7,0,1,2,2,1,
202100024082,158 611,A01,1,7,4,0,2,0,1,
202100024083,158 609,A01,1,7,0,2,3,1,1,
202100024083,158 610,B01,2,7,0,2,6,1,1,
202100024084,158 607,B01,1,7,0,0,6,15,1,
202100024084,158 608,A01,1,32,6,2,2,17,1,
202100024085,158 606,A01,1,33,0,0,0,1,1,
202100024086,158 605,A01,1,33,0,0,3,15,1,
202100024087,158 604,A01,3,7,0,1,2,20,1,
202100024088,158 602,A01,2,7,0,2,2,1,1,
202100024088,158 603,B01,3,1,0,2,0,26,5,
202100024089,158 600,B01,2,7,0,2,2,1,1,
202100024089,158 601,A01,1,2,0,2,1,1,1,
202100024090,158 598,A01,1,1,0,2,1,2,5,
202100024090,158 599,B01,1,7,0,2,4,1,1,
202100024091,158 597,A01,1,33,8,0,1,1,1,
202100024092,158 595,C01,0,33,0,2,3,0,1,
202100024092,158 596,A01,1,7,0,2,1,1,1,
202100024093,158 594,A01,2,7,0,0,1,1,1,
202100024094,158 592,B01,2,33,0,2,1,1,1,
202100024094,158 593,A01,2,7,0,2,3,15,1,
202100024095,158 590,A01,3,7,0,2,1,5,1,
202100024095,158 591,B01,3,7,0,2,1,2,1,
202100024096,158 589,A01,2,7,0,1,1,0,1,
202100024097,158 587,A01,1,7,0,2,6,1,1,
202100024097,158 588,B01,1,33,0,2,5,17,1,
202100024098,158 586,A01,1,7,4,0,0,1,-1,
202100024099,158 584,B01,1,7,0,2,6,23,1,
202100024099,158 585,A01,1,7,0,1,2,14,1,
202100024100,158 582,B01,2,7,0,2,4,12,1,
202100024100,158 583,A01,2,15,0,2,2,1,1,
202100024101,158 579,A01,1,7,0,2,4,23,1,
202100024101,158 580,B01,1,7,0,2,4,23,2,
202100024101,158 581,C01,2,10,0,2,1,2,1,
202100024102,158 576,C01,2,33,0,2,1,2,1,
202100024102,158 577,B01,2,7,0,2,3,2,1,
202100024102,158 578,A01,2,7,4,2,1,2,1,
202100024103,158 572,D01,1,7,0,2,4,1,2,
202100024103,158 573,C01,1,7,0,2,4,1,1,
202100024103,158 574,B01,1,7,0,2,4,1,1,
202100024103,158 575,A01,1,7,0,2,1,1,1,
202100024104,158 571,A01,2,7,0,0,9,26,1,
202100024105,158 570,A01,1,33,3,0,7,3,1,
202100024106,158 568,A01,1,33,4,2,1,1,1,
202100024106,158 569,B01,1,7,0,2,6,0,1,
202100024107,158 567,A01,1,10,0,1,3,1,1,
202100024108,158 566,A01,1,7,0,1,3,15,1,
202100024109,158 564,B01,3,7,0,2,5,0,1,
202100024109,158 565,A01,3,7,12,2,3,17,1,
202100024110,158 563,A01,2,7,0,0,3,1,1,
202100024111,158 561,A01,0,99,0,2,1,1,0,
202100024111,158 562,B01,0,7,0,0,4,23,0,
202100024112,158 559,B01,2,7,8,2,1,1,1,
202100024112,158 560,A01,1,7,8,2,5,1,1,
202100024113,158 557,B01,1,2,0,2,0,3,1,
202100024113,158 558,A01,1,7,0,2,0,9,1,
202100024114,158 556,A01,1,7,0,1,1,1,1,
202100024115,158 555,A01,2,99,0,0,0,26,3,
202100024116,158 553,A01,1,7,3,2,1,1,1,
202100024116,158 554,B01,1,7,0,2,4,2,1,
202100024117,158 552,A01,2,7,0,0,0,0,1,
202100024118,158 550,B01,2,7,9,2,1,1,1,
202100024118,158 551,A01,2,7,9,2,3,19,1,
202100024119,158 548,B01,1,7,0,9,3,1,1,
202100024119,158 549,A01,2,7,0,9,2,15,1,
202100024120,158 547,A01,3,30,11,0,3,13,1,
202100024121,158 545,A01,0,7,0,2,1,15,1,
202100024121,158 546,B01,0,2,0,2,3,1,1,
202100024122,158 543,B01,0,7,0,2,3,1,1,
202100024122,158 544,A01,0,7,0,2,8,1,1,
202100024123,158 541,A01,1,10,0,2,2,10,1,
202100024123,158 542,B01,2,2,0,2,1,1,1,
202100024124,158 538,B01,0,7,0,2,0,0,1,
202100024124,158 539,A01,0,7,0,2,0,0,1,
202100024124,158 540,C01,0,7,0,2,0,0,1,
202100024125,158 536,B01,2,7,0,2,1,1,0,
202100024125,158 537,A01,2,7,0,2,8,10,0,
202100024126,158 534,A01,2,33,0,2,1,21,1,
202100024126,158 535,B01,2,7,0,2,3,15,1,
202100024127,158 532,A01,3,80,0,2,4,19,3,
202100024127,158 533,B01,3,7,0,2,0,19,1,
202100024128,158 530,B01,1,7,0,2,6,1,1,
202100024128,158 531,A01,1,33,0,2,7,21,1,
202100024129,158 528,A01,0,7,0,2,1,26,1,
202100024129,158 529,B01,0,1,0,0,0,0,2,
202100024130,158 526,A01,2,7,0,2,1,2,1,
202100024130,158 527,B01,1,7,4,2,4,1,1,
202100024131,158 525,A01,2,7,14,0,9,21,1,
202100024132,158 523,A01,1,7,0,2,1,1,1,
202100024132,158 524,B01,1,7,0,2,4,1,1,
202100024133,158 521,A01,2,7,0,2,3,13,1,
202100024133,158 522,B01,1,7,0,0,0,0,1,
202100024134,158 519,B01,2,33,0,2,1,1,1,
202100024134,158 520,A01,1,7,0,2,1,15,2,
202100024135,158 518,A01,1,7,2,0,5,2,1,
202100024136,158 516,B01,3,7,0,2,0,0,1,
202100024136,158 517,A01,3,7,0,2,1,26,1,
202100024137,158 514,A01,1,10,1,0,2,1,1,
202100024137,158 515,B01,1,7,0,2,4,23,1,
202100024138,158 513,A01,1,7,14,0,3,1,1,
202100024139,158 511,B01,1,7,0,2,4,23,1,
202100024139,158 512,Z01,1,7,14,0,1,1,1,
202100024140,158 509,A01,1,7,0,2,8,15,1,
202100024140,158 510,B01,1,30,0,2,1,17,1,
202100024141,158 507,A01,2,7,0,2,3,13,1,
202100024141,158 508,B01,1,7,0,2,3,1,1,
202100024142,158 505,A01,1,7,0,2,1,9,1,
202100024142,158 506,B01,2,7,0,2,1,1,1,
202100024143,158 503,A01,2,50,0,2,1,1,3,
202100024143,158 504,B01,2,7,0,2,3,1,1,
202100024144,158 502,A01,2,31,6,0,1,2,1,
202100024145,158 499,A01,1,10,0,2,1,2,1,
202100024145,158 500,B01,1,7,0,2,4,23,1,
202100024145,158 501,C01,1,7,0,2,4,23,1,
202100024146,158 497,A01,2,50,0,2,1,1,3,
202100024146,158 498,B01,1,7,0,2,7,1,1,
202100024147,158 496,Z01,2,7,0,1,3,13,1,
202100024148,158 495,A01,1,7,0,1,2,1,1,
202100024149,158 493,A01,2,7,0,2,4,2,1,
202100024149,158 494,B01,2,30,0,2,6,2,1,
202100024150,158 491,A01,2,1,0,2,2,1,5,
202100024150,158 492,Z01,1,7,0,2,3,1,0,
202100024151,158 489,A01,2,7,0,2,3,1,1,
202100024151,158 490,B01,1,33,0,2,2,1,1,
202100024152,158 487,B01,1,37,0,2,3,9,0,8.0
202100024152,158 488,A01,1,10,0,2,2,1,1,
202100024153,158 485,A01,2,7,0,2,3,15,1,
202100024153,158 486,B01,1,7,0,2,3,15,1,
202100024154,158 484,A01,1,1,0,0,1,16,5,
202100024155,158 482,B01,1,30,0,0,2,17,1,
202100024155,158 483,A01,1,7,0,2,3,15,1,
202100024156,158 481,A01,3,33,0,0,0,13,1,
202100024157,158 480,A01,1,7,0,0,1,14,1,
202100024158,158 479,A01,1,2,12,0,0,1,1,
202100024159,158 478,A01,2,33,8,0,8,21,1,
202100024160,158 476,B01,2,33,6,0,2,13,1,
202100024160,158 477,A01,2,7,0,0,3,15,1,
202100024161,158 474,A01,1,7,0,2,3,15,0,
202100024161,158 475,B01,2,7,0,2,2,1,1,
202100024162,158 472,A01,2,33,0,2,1,13,1,
202100024162,158 473,B01,1,7,0,2,3,1,1,
202100024163,158 471,A01,1,7,15,0,1,13,1,
202100024164,158 469,A01,1,7,0,2,3,0,1,
202100024164,158 470,B01,1,7,0,2,3,15,1,
202100024165,158 465,B01,1,7,0,2,3,1,1,
202100024165,158 466,A01,3,7,0,2,3,9,1,
202100024166,158 462,C01,2,7,0,0,9,1,1,
202100024166,158 463,B01,2,17,0,0,8,1,1,
202100024166,158 464,A01,1,7,0,2,1,13,1,
202100024167,158 461,A01,0,2,6,0,1,1,1,
202100024168,158 460,A01,2,2,6,0,1,13,1,
202100024169,158 459,A01,2,7,2,0,1,14,1,
202100024170,158 458,A01,2,7,17,0,2,1,1,
202100024171,158 456,B01,2,7,0,2,3,1,1,
202100024171,158 457,A01,1,7,0,2,3,13,1,
202100024172,158 455,A01,2,7,6,0,3,1,1,
202100024173,158 453,A01,0,7,0,0,0,1,1,
202100024173,158 454,B01,0,7,0,0,0,1,1,
202100024174,158 451,B01,1,7,0,2,3,1,2,
202100024174,158 452,A01,2,7,0,2,3,5,1,
202100024175,158 450,A01,1,30,0,0,0,0,1,
202100024176,158 449,A01,2,33,0,0,7,1,0,
202100024177,158 447,B01,3,1,0,2,1,1,5,
202100024177,158 448,A01,3,7,0,2,3,15,1,
202100024178,158 445,B01,1,36,0,2,2,19,1,
202100024178,158 446,A01,1,7,0,2,3,1,1,
202100024179,158 444,A01,1,2,5,0,7,1,1,
202100024180,158 443,A01,2,33,0,6,1,0,1,
202100024181,158 442,A01,2,7,2,0,1,15,1,
202100024182,158 440,B01,3,7,0,2,3,1,1,
202100024182,158 441,A01,3,7,0,2,2,1,1,
202100024183,158 439,A01,1,7,0,1,4,4,1,
202100024184,158 437,B01,1,7,0,0,8,15,1,
202100024184,158 438,A01,1,33,0,2,0,1,1,
202100024185,158 436,A01,3,7,0,1,1,2,1,
202100024186,158 433,A01,2,7,1,2,3,13,1,
202100024186,158 434,B01,1,7,0,2,3,21,1,
202100024187,158 432,A01,3,7,1,0,2,1,1,
202100024188,158 431,A01,3,7,8,0,8,1,1,
202100024189,158 430,A01,2,10,6,0,2,1,1,
202100024190,158 428,B01,2,7,0,2,3,1,1,
202100024190,158 429,A01,2,33,0,2,1,1,1,
202100024191,158 427,A01,1,33,2,0,7,1,1,
202100024192,158 426,A01,2,33,0,6,1,1,1,
202100024193,158 424,B01,0,33,0,2,1,1,1,
202100024193,158 425,A01,3,7,0,2,8,9,1,
202100024194,158 423,A01,2,7,4,0,1,9,1,
202100024195,158 422,A01,1,7,4,0,8,2,1,
202100024196,158 421,A01,2,33,0,5,1,1,1,
202100024197,158 419,A01,1,7,0,2,1,12,1,
202100024197,158 420,B01,1,7,3,0,6,1,1,
202100024198,158 418,A01,1,7,0,9,1,2,1,
202100024199,158 416,A01,0,10,0,2,1,5,1,
202100024199,158 417,B01,0,7,0,2,1,1,1,
202100024200,158 415,A01,2,7,8,0,1,14,1,
202100024201,158 413,B01,0,1,7,2,8,19,5,
202100024201,158 414,A01,0,7,0,9,2,1,1,
202100024202,158 412,A01,3,31,14,0,1,2,1,
202100024203,158 411,A01,3,7,15,0,9,1,1,
202100024204,158 409,A01,1,7,0,2,0,17,1,
202100024204,158 410,B01,1,7,2,0,6,1,1,
202100024205,158 408,A01,2,7,2,0,1,1,1,
202100024206,158 406,A01,1,34,0,2,1,2,1,
202100024206,158 407,B01,1,7,0,2,4,15,2,
202100024207,158 404,B01,1,7,0,2,3,1,1,
202100024207,158 405,A01,1,33,0,2,2,9,1,
202100024208,158 403,A01,2,7,13,0,1,1,1,