Num_Acc,id_vehicule,num_veh,senc,catv,obs,obsm,choc,manv,motor,occutc
202100024503,157 861,B01,1,10,0,2,4,2,1,
202100024504,157 859,A01,3,7,1,0,2,14,1,
202100024505,157 857,B01,2,30,0,2,1,0,1,
202100024505,157 858,A01,1,7,0,2,2,0,1,
202100024506,157 855,B01,0,7,0,2,2,1,1,
202100024506,157 856,A01,0,1,0,2,1,5,5,
202100024507,157 853,A01,1,33,0,2,1,7,1,
202100024507,157 854,B01,1,10,0,2,4,15,1,
202100024508,157 851,B01,1,33,0,2,7,1,1,
202100024508,157 852,A01,2,7,0,2,2,15,1,
202100024509,157 850,A01,2,2,0,-1,0,21,1,
202100024510,157 848,B01,1,7,0,2,7,1,1,
202100024510,157 849,Z01,2,7,0,2,1,17,1,
202100024511,157 846,B01,1,33,0,2,3,1,0,
202100024511,157 847,A01,2,21,0,2,1,19,0,
202100024512,157 844,A01,1,7,0,2,8,17,1,
202100024512,157 845,B01,1,32,0,2,0,0,1,
202100024513,157 842,A01,1,7,0,2,2,15,1,
202100024513,157 843,B01,1,7,0,2,3,1,1,
202100024514,157 840,B01,1,2,0,2,1,1,1,
202100024514,157 841,A01,1,7,0,2,1,15,1,
202100024515,157 839,Z01,1,0,0,1,2,26,0,
202100024516,157 837,A01,1,10,0,2,1,13,1,
202100024516,157 838,B01,2,7,0,2,1,1,1,
202100024517,157 835,A01,2,7,0,2,4,1,1,
202100024517,157 836,B01,2,7,0,2,1,2,1,
202100024518,157 833,B01,1,7,0,2,1,1,1,
202100024518,157 834,A01,1,7,0,2,8,10,1,
202100024519,157 831,B01,1,50,0,2,4,2,3,
202100024519,157 832,A01,1,7,0,9,3,2,1,
202100024520,157 830,A01,0,33,0,0,0,1,1,
202100024521,157 828,B01,3,7,0,2,5,16,1,
202100024521,157 829,A01,3,30,0,2,1,1,6,
202100024522,157 826,A01,1,7,0,2,7,15,1,
202100024522,157 827,B01,2,10,0,2,1,1,1,
202100024523,157 823,A01,3,33,0,2,1,1,1,
202100024523,157 824,B01,3,3,0,2,5,16,1,
202100024524,157 821,B01,3,40,0,2,3,1,3,
202100024524,157 822,A01,3,7,0,4,2,1,1,
202100024525,157 820,A01,-1,7,0,1,4,20,1,
202100024526,157 819,A01,2,7,0,1,1,1,1,
202100024527,157 817,A01,2,7,14,0,1,19,1,
202100024528,157 816,A01,1,7,0,1,2,1,1,
202100024529,157 815,A01,2,33,0,0,1,1,1,
202100024530,157 813,A01,1,7,0,2,3,26,1,
202100024530,157 814,B01,2,50,0,2,1,21,3,
202100024531,157 812,A01,1,32,7,0,1,1,1,
202100024532,157 810,B01,2,33,0,2,1,1,1,
202100024532,157 811,A01,1,7,0,2,1,15,1,
202100024533,157 808,B01,3,7,0,2,7,1,1,
202100024533,157 809,A01,3,7,0,2,1,26,1,
202100024534,157 806,A01,2,7,0,2,1,2,1,
202100024534,157 807,B01,2,33,0,2,4,2,1,
202100024535,157 804,B01,2,99,0,2,7,1,5,
202100024535,157 805,A01,1,7,0,2,1,15,1,
202100024536,157 802,B01,1,33,0,2,1,1,1,
202100024536,157 803,A01,1,7,0,2,3,15,1,
202100024537,157 801,A01,1,33,14,0,1,26,1,
202100024538,157 800,A01,2,32,14,0,1,1,1,
202100024539,157 798,B01,2,2,0,2,7,21,1,
202100024539,157 799,A01,1,10,0,2,1,13,1,
202100024540,157 796,B01,1,33,0,2,1,1,1,
202100024540,157 797,A01,2,7,0,2,2,15,1,
202100024541,157 794,B01,1,7,0,0,6,15,1,
202100024541,157 795,A01,1,32,0,2,1,3,1,
202100024542,157 792,A01,1,37,0,1,1,20,1,1.0
202100024543,157 790,B01,2,10,0,2,5,2,1,
202100024543,157 791,A01,2,7,0,2,1,2,1,
202100024544,157 789,A01,1,2,0,0,7,1,1,
202100024545,157 787,A01,2,60,0,2,3,19,5,
202100024545,157 788,B01,2,7,0,2,3,1,1,
202100024546,157 785,B01,2,7,0,2,5,12,1,
202100024546,157 786,A01,2,31,0,2,3,3,1,
202100024547,157 783,A01,2,14,0,2,1,1,1,
202100024547,157 784,B01,2,7,0,2,8,1,1,
202100024548,157 781,B01,2,7,0,2,8,1,1,
202100024548,157 782,A01,2,43,0,2,2,3,1,
202100024549,157 779,B01,2,10,0,2,5,2,1,
202100024549,157 780,A01,2,33,0,2,3,2,1,
202100024550,157 777,A01,1,32,0,2,2,2,1,
202100024550,157 778,B01,1,7,0,2,6,2,1,
202100024551,157 775,Z01,1,7,0,2,3,11,0,
202100024551,157 776,A01,1,7,0,2,2,1,1,
202100024552,157 773,B01,3,1,0,2,1,2,5,
202100024552,157 774,A01,3,1,0,2,4,2,5,
202100024553,157 771,A01,1,50,0,2,1,13,3,
202100024553,157 772,B01,1,1,0,2,1,1,5,
202100024554,157 769,A01,1,33,0,2,1,2,1,
202100024554,157 770,B01,1,33,0,2,4,23,1,
202100024555,157 767,A01,3,50,0,2,7,19,3,
202100024555,157 768,Z01,1,7,0,2,4,4,0,
202100024556,157 765,A01,1,7,0,2,2,12,1,
202100024556,157 766,B01,2,7,0,2,6,1,1,
202100024557,157 764,A01,1,13,0,1,7,2,0,
202100024558,157 762,B01,2,7,0,2,3,23,1,
202100024558,157 763,A01,2,30,0,2,1,1,1,
202100024559,157 760,B01,1,7,0,2,3,1,1,
202100024559,157 761,Z01,1,7,9,2,5,6,1,
202100024560,157 759,A01,3,33,0,0,0,2,1,
202100024561,157 757,B01,0,1,0,2,1,19,0,
202100024561,157 758,A01,3,10,0,9,0,0,1,
202100024562,157 755,B01,1,3,0,2,1,0,1,
202100024562,157 756,A01,1,10,0,2,4,10,1,
202100024563,157 753,A01,1,33,0,2,1,1,0,
202100024563,157 754,B01,1,10,0,2,3,15,0,
202100024564,157 751,B01,1,30,0,2,4,0,0,
202100024564,157 752,A01,1,7,0,2,1,0,0,
202100024565,157 750,A01,1,7,0,1,2,1,1,
202100024566,157 748,A01,2,10,0,0,2,0,1,
202100024566,157 749,B01,2,7,0,0,1,1,1,
202100024567,157 747,A01,3,7,0,1,4,26,1,
202100024568,157 745,A01,3,7,1,0,3,23,1,
202100024568,157 746,B01,3,1,1,2,2,0,0,
202100024569,157 744,A01,1,30,0,1,1,0,1,
202100024570,157 742,A01,2,7,0,2,0,15,1,
202100024570,157 743,B01,1,2,0,2,1,1,1,
202100024571,157 740,B01,1,1,0,2,8,15,5,
202100024571,157 741,A01,1,10,0,2,1,16,1,
202100024572,157 738,B01,3,7,0,2,1,1,1,
202100024572,157 739,A01,3,7,0,2,1,10,1,
202100024573,157 736,A01,1,7,0,2,2,1,1,
202100024573,157 737,Z01,1,7,0,2,1,0,0,
202100024574,157 733,A01,1,10,0,2,4,23,1,
202100024574,157 734,B01,1,7,0,2,4,23,1,
202100024574,157 735,C01,1,7,0,2,1,2,1,
202100024575,157 730,C01,1,7,0,2,1,2,1,
202100024575,157 731,B01,1,7,0,2,4,2,1,
202100024575,157 732,A01,1,7,0,2,4,1,1,
202100024576,157 728,B01,1,15,0,2,3,1,1,
202100024576,157 729,A01,1,7,0,2,0,11,1,
202100024577,157 727,A01,1,7,4,0,9,2,1,
202100024578,157 725,B01,2,33,0,2,7,3,1,
202100024578,157 726,A01,2,7,0,2,3,11,1,
202100024579,157 723,B01,2,7,0,0,0,0,1,
202100024579,157 724,A01,2,7,0,0,0,26,1,
202100024580,157 721,B01,2,10,0,2,5,1,1,
202100024580,157 722,A01,1,31,0,2,1,2,1,
202100024581,157 720,A01,1,7,0,9,1,21,1,
202100024582,157 718,B01,1,7,0,2,2,12,1,
202100024582,157 719,A01,1,33,0,2,8,1,1,
202100024583,157 716,B01,2,7,0,2,1,16,1,
202100024583,157 717,A01,1,7,0,2,9,13,1,
202100024584,157 715,A01,1,7,3,0,1,2,1,
202100024585,157 713,B01,2,7,0,2,4,2,1,
202100024585,157 714,A01,2,2,0,2,1,2,1,
202100024586,157 711,Z01,2,32,0,2,1,5,0,
202100024586,157 712,A01,1,2,0,2,1,1,1,
202100024587,157 709,B01,1,34,0,2,1,1,1,
202100024587,157 710,C01,1,1,0,2,1,9,-1,
202100024588,157 707,A01,1,7,0,2,1,1,1,
202100024588,157 708,B01,1,31,0,2,4,1,1,
202100024589,157 705,A01,1,7,0,2,1,1,1,
202100024589,157 706,B01,1,30,0,2,7,19,1,
202100024590,157 703,B01,3,7,0,2,0,1,1,
202100024590,157 704,A01,1,7,0,2,1,1,1,
202100024591,157 702,A01,2,60,0,0,1,1,5,
202100024592,157 701,A01,1,80,0,0,8,1,3,
202100024593,157 699,A01,1,7,0,2,1,9,1,
202100024593,157 700,B01,1,10,0,2,2,9,1,
202100024594,157 697,A01,3,7,0,1,1,16,1,
202100024595,157 693,A01,3,50,0,2,1,0,3,
202100024595,157 694,B01,3,7,0,2,0,0,1,
202100024596,157 691,A01,2,7,0,2,4,26,1,
202100024596,157 692,Z01,2,15,0,2,1,26,0,
202100024597,157 688,A01,2,31,0,2,2,15,1,
202100024597,157 689,B01,2,7,0,2,1,2,1,
202100024597,157 690,C01,2,7,0,2,3,23,1,
202100024598,157 687,A01,1,7,1,0,2,14,1,
202100024599,157 686,A01,1,1,0,1,1,17,5,
202100024600,157 684,A01,3,10,0,2,1,15,1,
202100024600,157 685,B01,3,50,0,2,1,1,3,
202100024601,157 682,B01,0,7,0,2,1,1,1,
202100024601,157 683,A01,1,7,0,2,8,1,1,
202100024602,157 680,B01,1,1,0,2,7,1,5,
202100024602,157 681,A01,1,7,0,9,3,15,1,
202100024603,157 678,A01,3,50,0,2,1,26,3,
202100024603,157 679,B01,3,7,0,2,2,9,1,
202100024604,157 676,B01,2,7,12,2,8,1,1,
202100024604,157 677,A01,2,7,0,2,2,9,1,
202100024605,157 675,A01,3,33,3,0,0,16,1,
202100024606,157 673,A01,0,7,0,2,1,10,1,
202100024606,157 674,B01,0,7,0,2,1,21,1,
202100024607,157 671,B01,1,7,0,2,2,1,1,
202100024607,157 672,A01,2,7,0,2,2,26,1,
202100024608,157 669,A01,2,7,0,2,3,15,1,
202100024608,157 670,B01,1,1,0,2,7,0,0,
202100024609,157 668,A01,0,32,0,1,1,17,1,
202100024610,157 667,A01,1,7,0,1,4,20,1,
202100024611,157 666,A01,1,7,1,0,2,1,1,
202100024612,157 665,A01,3,7,0,1,2,1,1,
202100024613,157 663,B01,2,7,0,2,8,15,1,
202100024613,157 664,A01,1,7,0,2,1,19,1,
202100024614,157 660,A01,2,7,0,1,3,1,1,
202100024615,157 659,A01,1,7,0,2,0,17,1,
202100024616,157 658,A01,3,7,8,0,1,16,1,
202100024617,157 656,B01,3,10,0,2,4,1,0,
202100024617,157 657,A01,3,10,0,2,1,2,1,
202100024618,157 655,A01,3,2,12,0,1,18,1,
202100024619,157 652,B01,2,50,0,2,8,2,3,
202100024619,157 653,Z01,2,7,0,2,1,17,0,
202100024620,157 650,B01,2,7,0,2,6,15,1,
202100024620,157 651,A01,2,32,0,2,2,1,1,
202100024621,157 648,A01,3,7,0,2,3,15,1,
202100024621,157 649,B01,3,31,0,2,1,1,1,
202100024622,157 646,B01,1,7,0,2,3,1,1,
202100024622,157 647,A01,2,7,0,2,2,15,1,
202100024623,157 645,A01,1,1,0,0,0,13,5,
202100024624,157 644,A01,2,7,0,1,1,1,1,
202100024625,157 642,A01,1,7,0,2,1,9,1,
202100024625,157 643,B01,1,7,0,2,4,23,1,
202100024626,157 639,A01,2,2,0,2,3,18,1,
202100024626,157 640,B01,2,7,0,2,2,23,1,
202100024627,157 637,A01,2,30,0,2,1,15,1,
202100024627,157 638,B01,1,7,0,2,1,1,1,
202100024628,157 635,A01,2,7,0,2,5,15,1,
202100024628,157 636,B01,1,1,0,2,1,1,5,
202100024629,157 633,A01,1,7,0,2,0,16,1,
202100024629,157 634,B01,3,50,0,2,0,1,3,
202100024630,157 631,B01,1,1,0,2,8,13,5,
202100024630,157 632,A01,1,37,0,2,2,17,3,1.0
202100024631,157 630,A01,1,7,0,1,0,1,1,
202100024632,157 628,B01,2,7,8,2,6,1,1,
202100024632,157 629,A01,2,7,12,2,3,13,1,
202100024633,157 626,A01,2,7,0,2,1,1,2,
202100024633,157 627,B01,1,34,0,2,1,1,1,
202100024634,157 625,A01,1,7,0,1,0,1,1,
202100024635,157 624,A01,1,7,0,1,1,15,1,
202100024636,157 623,A01,1,7,10,0,2,21,1,
202100024637,157 621,A01,2,34,0,2,8,1,1,
202100024637,157 622,B01,1,7,0,2,1,1,1,
202100024638,157 620,A01,3,7,2,0,1,14,1,
202100024639,157 619,A01,3,7,8,0,1,26,1,
202100024640,157 617,B01,3,7,0,2,3,1,1,
202100024640,157 618,A01,3,30,0,2,5,17,1,
202100024641,157 616,A01,2,7,0,1,2,1,1,
202100024642,157 614,B01,2,37,0,2,1,1,1,1.0
202100024642,157 615,A01,2,7,0,2,7,1,1,
202100024643,157 612,A01,0,50,0,2,1,26,3,
202100024643,157 613,B01,0,60,0,2,0,0,5,
202100024644,157 610,A01,2,30,0,2,1,9,1,
202100024644,157 611,B01,2,7,0,2,3,15,1,
202100024645,157 608,B01,1,31,0,2,2,17,1,
202100024645,157 609,A01,1,7,0,2,3,15,1,
202100024646,157 604,C01,2,7,0,2,8,1,1,
202100024646,157 605,A01,2,10,0,2,1,17,1,
202100024646,157 606,D01,1,10,0,2,8,1,1,
202100024646,157 607,B01,1,10,0,2,1,1,1,
202100024647,157 602,A01,1,14,0,2,2,16,0,
202100024647,157 603,B01,1,1,0,2,1,1,0,
202100024648,157 599,B01,1,33,0,2,1,1,1,
202100024648,157 600,A01,1,7,0,2,4,2,2,
202100024649,157 597,A01,1,2,0,2,1,19,1,
202100024649,157 598,B01,1,14,0,2,3,1,1,
202100024650,157 595,A01,2,7,0,2,7,15,1,
202100024650,157 596,B01,1,33,0,2,1,1,1,
202100024651,157 593,B01,0,33,0,0,2,17,1,
202100024651,157 594,A01,3,7,0,2,6,13,1,
202100024652,157 591,A01,1,33,1,0,1,25,1,
202100024652,157 592,B01,2,7,0,0,5,24,1,
202100024653,157 589,A01,1,33,3,2,1,1,1,
202100024653,157 590,B01,2,10,0,9,1,1,1,
202100024654,157 588,A01,1,7,8,0,3,14,1,
202100024655,157 586,B01,2,2,0,2,1,2,1,
202100024655,157 587,A01,2,7,0,2,4,1,1,
202100024656,157 583,C01,2,7,3,2,3,1,1,
202100024656,157 584,B01,2,7,0,2,3,1,1,
202100024656,157 585,A01,2,7,3,0,1,1,1,
202100024657,157 580,C01,1,17,0,2,3,1,1,
202100024657,157 581,B01,1,7,0,2,3,3,1,
202100024657,157 582,A01,2,7,0,2,3,1,1,
202100024658,157 578,A01,1,7,0,0,6,23,1,
202100024658,157 579,B01,1,1,1,0,1,1,5,
202100024659,157 577,A01,2,7,12,0,2,0,1,
202100024660,157 575,A01,2,2,0,2,7,17,1,
202100024660,157 576,B01,2,20,0,2,3,10,1,
202100024661,157 573,A01,2,33,0,2,2,2,1,
202100024661,157 574,B01,2,7,0,2,6,2,1,
202100024662,157 569,B01,2,30,0,2,7,1,1,
202100024662,157 570,A01,1,7,0,2,1,19,1,
202100024663,157 567,A01,1,36,12,0,3,1,1,
202100024664,157 565,A01,1,7,0,2,7,15,1,
202100024664,157 566,B01,2,7,0,2,3,1,1,
202100024665,157 563,A01,1,7,0,0,1,1,1,
202100024665,157 564,B01,2,7,0,0,8,15,1,
202100024666,157 561,B01,2,1,0,2,1,0,5,
202100024666,157 562,A01,1,7,0,9,1,16,1,
202100024667,157 558,A01,3,7,0,1,4,4,1,
202100024668,157 556,A01,1,1,0,2,4,1,5,
202100024668,157 557,B01,1,7,0,9,1,2,0,
202100024669,157 554,B01,0,7,0,2,3,1,1,
202100024669,157 555,A01,0,7,0,2,3,1,1,
202100024670,157 552,A01,2,7,0,2,3,15,1,
202100024670,157 553,B01,1,7,0,2,1,1,1,
202100024671,157 550,A01,1,33,0,2,1,13,1,
202100024671,157 551,B01,1,7,0,2,8,10,3,
202100024672,157 549,A01,1,7,6,0,7,0,1,
202100024673,157 547,A01,1,10,0,2,2,15,1,
202100024673,157 548,B01,3,7,0,2,3,1,1,
202100024674,157 540,E01,1,10,0,2,4,2,1,
202100024674,157 541,C01,1,7,0,2,4,2,1,
202100024674,157 542,A01,1,13,0,2,1,2,1,
202100024674,157 543,G01,1,7,0,2,4,2,1,
202100024674,157 544,F01,1,7,0,2,4,2,1,
202100024674,157 545,D01,1,7,0,2,4,2,1,
202100024674,157 546,B01,1,7,0,2,4,2,1,
202100024675,157 538,A01,2,7,3,0,1,2,1,
202100024675,157 539,B01,2,7,14,1,1,2,1,
202100024676,157 536,B01,3,7,0,2,2,1,1,
202100024676,157 537,A01,3,7,0,0,8,19,1,
202100024677,157 535,A01,0,7,0,0,9,1,1,
202100024678,157 534,A01,0,7,8,0,7,13,1,
202100024679,157 533,A01,2,7,0,0,9,1,1,
202100024680,157 530,B01,1,17,0,2,2,1,1,
202100024680,157 531,A01,2,7,0,2,2,13,1,
202100024681,157 528,A01,3,2,0,2,2,17,1,
202100024681,157 529,B01,3,2,0,2,3,1,1,
202100024682,157 527,A01,1,7,13,0,0,14,1,
202100024683,157 525,B01,2,2,0,2,2,17,1,
202100024683,157 526,A01,2,10,0,2,6,15,1,
202100024684,157 523,B01,2,7,0,0,5,1,1,
202100024684,157 524,A01,2,2,0,0,1,1,1,
202100024685,157 520,A01,1,1,12,0,4,2,5,
202100024685,157 521,B01,1,1,12,0,4,2,5,
202100024685,157 522,C01,1,7,0,2,2,17,1,
202100024686,157 518,A01,2,7,3,2,0,0,1,
202100024686,157 519,B01,2,7,0,2,1,0,1,
202100024687,157 516,A01,2,7,0,2,3,13,1,
202100024687,157 517,B01,1,33,12,2,1,1,1,
202100024688,157 514,B01,2,7,0,2,1,1,1,
202100024688,157 515,A01,1,7,0,2,1,13,1,
202100024689,157 513,A01,2,33,13,0,8,1,1,
202100024690,157 512,A01,1,3,2,0,1,1,1,
202100024691,157 510,A01,1,2,0,9,0,2,1,
202100024691,157 511,B01,1,2,0,9,0,1,1,
202100024692,157 509,A01,1,33,1,0,1,0,1,
202100024693,157 507,A01,2,7,6,2,8,15,1,
202100024693,157 508,B01,2,33,0,2,1,17,1,
202100024694,157 505,B01,3,1,0,2,1,1,5,
202100024694,157 506,A01,1,7,0,2,2,1,1,
202100024695,157 503,B01,0,13,0,2,0,0,0,
202100024695,157 504,A01,0,7,4,2,0,2,1,
202100024696,157 501,Z01,1,7,0,0,0,0,0,
202100024696,157 502,A01,1,7,0,2,4,26,1,
202100024697,157 500,A01,2,7,3,0,2,1,1,
202100024698,157 496,A01,2,7,0,2,1,2,1,
202100024698,157 497,B01,2,10,0,2,4,2,1,
202100024698,157 498,C01,2,7,0,2,4,2,1,
202100024698,157 499,D01,2,10,0,2,2,2,1,
202100024699,157 493,A01,2,7,0,0,0,26,1,
202100024699,157 494,B01,1,7,0,0,0,0,1,
202100024699,157 495,C01,1,7,0,0,0,0,1,
202100024700,157 491,A01,1,7,0,2,1,1,1,
202100024700,157 492,B01,1,7,0,2,4,2,1,
202100024701,157 489,A01,1,7,0,2,1,2,1,
202100024701,157 490,B01,1,13,0,0,6,1,1,
202100024702,157 488,A01,2,33,0,2,0,17,1,
202100024703,157 487,A01,3,7,0,1,1,16,-1,
202100024704,157 486,A01,3,32,0,1,1,21,1,
202100024705,157 485,A01,3,7,0,1,5,4,1,
202100024706,157 483,A01,0,7,0,1,1,1,0,
202100024707,157 481,A01,1,31,0,2,5,11,1,
202100024707,157 482,B01,1,7,8,2,8,15,1,
202100024708,157 478,A01,2,7,1,2,8,10,1,
202100024708,157 479,B01,2,7,0,2,2,17,1,
202100024708,157 480,C01,2,7,0,2,4,23,1,
202100024709,157 477,A01,1,7,0,0,1,26,1,
202100024710,157 475,A01,3,33,0,2,1,17,1,
202100024710,157 476,B01,3,7,0,2,3,15,1,
202100024711,157 473,B01,0,1,0,2,1,15,5,
202100024711,157 474,Z01,3,7,0,2,1,15,1,
202100024712,157 472,A01,3,30,0,0,3,26,1,
202100024713,157 470,A01,2,32,0,2,1,19,1,
202100024713,157 471,B01,1,7,0,2,3,1,1,
202100024714,157 469,A01,2,7,0,1,2,1,1,
202100024715,157 468,A01,2,7,0,1,1,1,1,
202100024716,157 466,B01,3,7,0,2,3,9,1,
202100024716,157 467,A01,3,7,0,2,3,15,1,
202100024717,157 464,A01,3,7,0,2,6,11,1,
202100024717,157 465,B01,3,7,0,2,2,1,1,
202100024718,157 463,A01,1,7,4,0,3,5,1,
202100024719,157 461,B01,1,7,0,2,1,23,1,
202100024719,157 462,A01,3,7,0,2,1,26,1,
202100024720,157 459,B01,1,7,0,2,4,2,1,
202100024720,157 460,A01,1,43,0,2,1,2,1,
202100024721,157 458,Z01,2,7,0,1,1,1,1,
202100024722,157 456,B01,1,7,0,2,1,1,1,
202100024722,157 457,A01,1,7,0,2,1,15,1,
202100024723,157 454,B01,1,7,0,2,3,15,0,
202100024723,157 455,A01,2,33,0,2,1,3,1,
202100024724,157 450,A01,3,7,0,2,2,16,1,
202100024724,157 451,B01,1,50,0,2,1,1,3,
202100024725,157 448,A01,1,7,0,2,3,10,1,
202100024725,157 449,B01,2,30,0,2,1,1,3,
202100024726,157 446,B01,2,7,0,2,3,1,1,
202100024726,157 447,A01,1,50,0,2,2,19,3,
202100024727,157 443,C01,1,30,0,2,4,1,1,
202100024727,157 444,B01,1,33,0,2,4,1,1,
202100024727,157 445,A01,1,7,0,2,1,1,1,
202100024728,157 442,A01,1,7,0,1,3,15,1,
202100024729,157 440,B01,1,1,0,2,7,26,6,
202100024729,157 441,A01,2,7,0,2,1,9,1,
202100024730,157 438,A01,2,30,0,2,1,17,1,
202100024730,157 439,B01,1,7,0,2,1,15,1,
202100024731,157 437,A01,1,33,16,0,7,1,1,
202100024732,157 436,A01,3,7,0,1,4,4,1,
202100024733,157 434,B01,1,7,0,2,1,1,1,
202100024733,157 435,A01,2,7,0,2,3,16,1,
202100024734,157 432,A01,1,10,0,2,3,9,0,
202100024734,157 433,B01,1,7,0,2,2,1,1,
202100024735,157 430,Z01,2,7,0,9,7,2,0,
202100024735,157 431,B01,2,50,0,2,8,2,3,
202100024736,157 429,A01,3,3,0,0,8,15,3,
202100024737,157 428,A01,1,7,1,0,1,26,1,
202100024738,157 427,A01,1,36,8,0,7,26,1,
202100024739,157 425,B01,2,7,0,2,0,0,1,
202100024739,157 426,A01,2,33,0,2,1,2,1,
202100024740,157 423,A01,1,1,0,2,2,26,5,
202100024740,157 424,B01,1,7,0,2,3,26,1,
202100024741,157 421,B01,1,60,0,2,8,26,5,
202100024741,157 422,A01,1,7,0,9,2,26,1,
202100024742,157 419,A01,1,32,0,2,4,2,1,
202100024742,157 420,B01,1,10,0,9,4,2,1,
202100024743,157 418,A01,2,15,0,1,2,1,1,
202100024744,157 417,A01,1,7,13,0,8,21,1,
202100024745,157 415,B01,2,37,0,9,2,1,0,1.0
202100024745,157 416,A01,1,30,0,2,2,15,0,
202100024746,157 414,A01,3,1,0,1,1,5,5,
202100024747,157 413,A01,2,33,4,0,1,14,1,
202100024748,157 411,B01,1,33,0,2,1,1,1,
202100024748,157 412,A01,2,7,0,2,5,9,1,
202100024749,157 409,B01,2,7,0,2,7,1,1,
202100024749,157 410,A01,1,7,0,2,1,19,1,
202100024750,157 407,B01,1,32,0,2,9,1,1,
202100024750,157 408,A01,2,7,0,2,5,15,1,
202100024751,157 405,A01,3,7,14,0,1,1,1,
202100024751,157 406,B01,0,7,0,2,4,23,0,
202100024752,157 404,A01,0,1,12,0,0,12,5,
202100024753,157 403,A01,2,7,4,0,9,1,1,
202100024754,157 401,A01,1,7,0,2,6,10,1,
202100024754,157 402,B01,1,33,0,2,1,2,1,
202100024755,157 399,B01,2,7,0,2,1,1,1,
202100024755,157 400,A01,1,7,0,2,1,5,1,
202100024756,157 397,B01,3,10,0,2,0,1,0,
202100024756,157 398,A01,3,7,0,2,1,1,1,
202100024757,157 395,B01,1,10,8,2,1,1,1,
202100024757,157 396,A01,1,7,8,2,1,1,1,
202100024758,157 394,A01,2,7,2,0,3,0,1,
202100024759,157 392,A01,3,1,0,2,0,26,5,
202100024759,157 393,B01,3,0,0,2,3,13,0,
202100024760,157 391,A01,2,7,0,0,2,14,1,
202100024761,157 389,A01,1,7,0,2,1,15,1,
202100024761,157 390,B01,2,34,0,2,1,1,1,
202100024762,157 387,A01,2,32,0,2,3,13,1,
202100024762,157 388,B01,2,33,0,2,2,1,1,
202100024763,157 386,Z01,1,7,0,1,4,20,1,
202100024764,157 385,Z01,1,7,0,1,2,1,0,
202100024765,157 383,A01,2,2,0,2,4,2,1,
202100024765,157 384,Z01,2,7,0,2,1,2,0,
202100024766,157 381,A01,2,7,0,2,3,15,1,
202100024766,157 382,B01,2,30,0,2,2,1,1,
202100024767,157 380,A01,1,7,1,0,3,13,1,
202100024768,157 379,A01,2,7,0,1,2,1,1,
202100024769,157 377,A01,2,34,0,2,7,2,1,
202100024769,157 378,B01,2,37,0,2,6,23,2,1.0
202100024770,157 375,A01,1,7,0,2,2,2,1,
202100024770,157 376,B01,1,33,0,2,4,23,1,
202100024771,157 373,B01,1,7,0,2,2,1,1,
202100024771,157 374,A01,1,7,0,2,2,10,1,
202100024772,157 371,A01,1,1,0,2,7,14,5,
202100024772,157 372,B01,2,50,0,2,7,1,3,
202100024773,157 369,B01,2,60,0,2,7,0,5,
202100024773,157 370,A01,2,7,0,0,1,26,2,
202100024774,157 367,B01,1,7,0,2,3,9,1,
202100024774,157 368,A01,1,50,0,2,1,2,3,
202100024775,157 365,A01,1,7,0,2,7,16,1,
202100024775,157 366,B01,1,30,0,2,8,2,1,
202100024776,157 364,A01,1,7,0,1,2,1,1,
202100024777,157 361,B01,3,33,1,2,1,2,0,
202100024777,157 362,A01,3,7,1,0,3,20,1,
202100024778,157 360,A01,3,7,0,1,2,1,1,
202100024779,157 358,A01,3,7,0,2,1,1,1,
202100024779,157 359,B01,3,7,0,2,7,15,1,
202100024780,157 356,B01,3,10,0,0,4,4,1,
202100024780,157 357,A01,3,33,0,2,1,2,1,
202100024781,157 355,A01,1,30,0,1,2,25,1,
202100024782,157 353,A01,1,2,0,2,1,1,1,
202100024782,157 354,B01,2,7,0,2,5,1,1,
202100024783,157 351,A01,1,37,0,2,1,1,1,3.0
202100024783,157 352,B01,2,50,0,2,8,19,3,
202100024784,157 347,A01,1,7,0,2,3,1,1,
202100024784,157 348,B01,2,7,0,2,3,13,1,
202100024785,157 346,A01,1,7,6,0,1,14,1,
202100024786,157 345,A01,1,7,16,0,9,1,1,
202100024787,157 343,A01,1,7,0,2,3,19,1,
202100024787,157 344,B01,1,7,0,2,1,1,1,
202100024788,157 340,A01,1,7,0,2,8,1,2,
202100024788,157 341,C01,2,7,0,2,1,1,1,
202100024788,157 342,B01,1,10,0,2,1,1,1,
202100024789,157 338,B01,1,7,15,0,1,21,2,
202100024789,157 339,A01,1,10,0,0,0,26,1,
202100024790,157 337,A01,1,7,2,0,1,0,1,
202100024791,157 336,A01,2,7,2,0,1,13,1,
202100024792,157 335,A01,1,7,5,0,3,13,1,
202100024793,157 334,A01,3,32,8,0,0,17,1,
202100024794,157 332,A01,1,7,0,2,3,15,1,
202100024794,157 333,B01,2,1,0,2,8,1,5,
202100024795,157 331,A01,1,33,0,0,8,1,1,
202100024796,157 330,A01,1,43,2,0,1,0,1,
202100024797,157 328,A01,2,7,0,2,2,19,1,
202100024797,157 329,B01,1,2,0,2,1,1,1,
202100024798,157 327,A01,3,2,0,0,7,1,1,
202100024799,157 326,A01,1,7,2,0,6,0,1,
202100024800,157 325,A01,3,15,1,1,3,23,1,
202100024801,157 321,B01,2,10,0,2,8,1,1,