Num_Acc,id_vehicule,num_veh,senc,catv,obs,obsm,choc,manv,motor,occutc
202100024801,157 322,A01,1,31,0,2,1,13,1,
202100024802,157 320,A01,2,2,12,0,2,21,1,
202100024803,157 319,A01,1,10,13,0,2,1,1,
202100024804,157 317,B01,2,1,0,2,8,2,5,
202100024804,157 318,A01,2,21,0,2,5,2,1,
202100024805,157 316,A01,1,7,12,1,2,14,1,
202100024806,157 315,A01,3,36,0,0,3,13,1,
202100024807,157 313,A01,2,21,0,2,3,15,1,
202100024807,157 314,B01,2,32,0,2,1,17,1,
202100024808,157 312,A01,1,7,13,0,3,1,1,
202100024809,157 309,A01,2,33,13,0,7,1,1,
202100024810,157 307,B01,2,17,0,2,8,1,1,
202100024810,157 308,A01,0,33,0,2,1,1,1,
202100024811,157 305,A01,1,7,0,2,3,15,1,
202100024811,157 306,B01,1,1,13,2,1,17,5,
202100024812,157 304,A01,3,10,13,0,8,13,1,
202100024813,157 303,A01,1,30,0,2,1,0,1,
202100024814,157 301,A01,1,7,0,2,1,1,1,
202100024814,157 302,B01,1,2,0,2,7,9,1,
202100024815,157 299,B01,2,7,0,2,2,15,1,
202100024815,157 300,A01,2,2,0,2,1,3,1,
202100024816,157 298,A01,2,7,2,0,8,1,1,
202100024817,157 296,A01,3,7,0,2,1,2,1,
202100024817,157 297,B01,3,10,0,0,4,15,1,
202100024818,157 295,A01,2,1,0,0,1,1,5,
202100024819,157 293,A01,1,7,0,2,2,11,1,
202100024819,157 294,B01,1,21,0,2,2,12,1,
202100024820,157 291,B01,2,7,0,2,8,1,1,
202100024820,157 292,A01,1,33,12,2,9,1,1,
202100024821,157 290,A01,3,33,10,0,1,26,1,
202100024822,157 288,B01,1,1,0,2,1,1,5,
202100024822,157 289,A01,1,7,0,0,7,16,1,
202100024823,157 284,A01,0,7,0,2,1,17,1,
202100024823,157 285,D01,3,7,0,2,3,1,1,
202100024823,157 286,C01,3,10,0,2,1,2,1,
202100024823,157 287,B01,3,7,3,2,1,1,1,
202100024824,157 283,A01,3,7,2,0,1,21,1,
202100024825,157 282,A01,1,7,0,1,3,1,1,
202100024826,157 281,A01,1,80,0,0,0,11,3,
202100024827,157 279,B01,3,2,0,2,7,9,1,
202100024827,157 280,A01,1,14,0,2,1,1,1,
202100024828,157 274,Z01,1,10,0,2,1,2,1,
202100024828,157 275,A01,1,7,0,2,4,2,1,
202100024829,157 271,Z01,2,7,0,0,0,0,0,
202100024829,157 272,B01,2,7,3,2,4,2,1,
202100024829,157 273,A01,2,7,3,2,4,2,1,
202100024830,157 269,A01,1,7,0,2,2,17,1,
202100024830,157 270,B01,2,7,0,2,6,1,1,
202100024831,157 267,B01,1,10,0,2,6,2,1,
202100024831,157 268,A01,1,10,0,2,3,2,1,
202100024832,157 265,B01,1,43,0,2,3,1,1,
202100024832,157 266,A01,1,7,0,2,2,12,1,
202100024833,157 263,A01,1,7,0,2,1,2,1,
202100024833,157 264,B01,1,7,0,2,4,2,1,
202100024834,157 262,A01,2,7,0,2,9,2,1,
202100024835,157 261,A01,2,10,0,0,1,1,1,
202100024836,157 260,A01,1,10,4,0,1,1,1,
202100024837,157 258,A01,2,7,0,2,1,2,1,
202100024837,157 259,B01,2,10,0,2,4,2,1,
202100024838,157 257,A01,1,7,4,0,1,1,1,
202100024839,157 256,A01,2,7,4,0,1,21,1,
202100024840,157 255,A01,2,43,3,0,1,2,1,
202100024841,157 254,A01,2,7,4,0,6,1,1,
202100024842,157 252,A01,1,10,4,0,5,2,1,
202100024842,157 253,Z01,1,7,4,2,3,1,1,
202100024843,157 250,A01,2,7,0,2,4,1,1,
202100024843,157 251,B01,2,43,0,2,1,12,1,
202100024844,157 247,A01,1,7,0,2,1,26,1,
202100024844,157 248,B01,1,7,0,2,2,1,1,
202100024844,157 249,C01,1,7,14,0,5,1,1,
202100024845,157 246,A01,1,30,0,1,1,3,1,
202100024846,157 245,A01,1,1,0,1,1,1,5,
202100024847,157 244,A01,3,3,0,0,1,0,1,
202100024848,157 242,A01,1,7,0,2,3,20,1,
202100024848,157 243,AB01,2,30,0,2,1,21,1,
202100024849,157 240,B01,3,1,0,2,8,0,0,
202100024849,157 241,A01,3,7,0,9,1,1,1,
202100024850,157 238,B01,3,33,0,2,0,15,1,
202100024850,157 239,A01,3,7,0,2,8,15,6,
202100024851,157 237,A01,1,7,0,1,2,1,1,
202100024852,157 235,A01,1,7,0,2,1,13,1,
202100024852,157 236,B01,2,7,0,2,3,1,1,
202100024853,157 233,A01,1,7,0,2,6,15,1,
202100024853,157 234,B01,1,33,0,2,1,17,1,
202100024854,157 231,A01,1,7,0,2,1,1,1,
202100024854,157 232,B01,1,10,0,2,7,1,1,
202100024855,157 228,C01,3,7,0,2,4,23,1,
202100024855,157 229,B01,3,7,0,2,4,23,1,
202100024855,157 230,A01,3,10,0,2,1,2,1,
202100024856,157 227,A01,1,7,8,0,1,1,1,
202100024857,157 225,B01,0,31,0,2,1,1,1,
202100024857,157 226,A01,0,7,0,2,1,13,1,
202100024858,157 224,A01,3,7,0,1,8,19,1,
202100024859,157 222,B01,1,33,0,2,1,20,1,
202100024859,157 223,A01,2,14,0,2,4,4,1,
202100024860,157 220,B01,3,31,0,2,9,1,1,
202100024860,157 221,A01,3,7,0,2,3,5,1,
202100024861,157 218,A01,0,7,0,2,0,1,0,
202100024861,157 219,B01,0,7,0,2,1,1,1,
202100024862,157 216,A01,2,7,0,2,5,13,1,
202100024862,157 217,B01,2,7,0,2,3,1,1,
202100024863,157 214,B01,3,7,0,2,4,15,1,
202100024863,157 215,A01,3,7,0,2,1,2,1,
202100024864,157 213,A01,1,7,2,0,0,14,1,
202100024865,157 211,B01,1,30,0,2,2,14,1,
202100024865,157 212,A01,1,7,0,2,8,23,1,
202100024866,157 210,A01,1,7,0,1,2,1,1,
202100024867,157 209,Z01,1,7,0,1,1,1,1,
202100024868,157 207,A01,1,7,0,2,1,2,1,
202100024868,157 208,B01,1,7,0,2,4,2,1,
202100024869,157 206,A01,2,30,0,2,5,1,1,
202100024870,157 205,A01,2,33,0,0,3,0,1,
202100024871,157 203,A01,3,7,0,2,1,9,1,
202100024871,157 204,B01,3,31,0,2,4,9,1,
202100024872,157 201,A01,2,3,6,2,5,15,1,
202100024872,157 202,B01,1,3,0,2,3,1,1,
202100024873,157 199,B01,3,7,0,2,1,0,1,
202100024873,157 200,A01,1,7,0,0,0,0,1,
202100024874,157 198,A01,1,7,1,0,1,14,1,
202100024875,157 197,A01,1,7,8,0,1,1,1,
202100024876,157 195,A01,1,7,0,2,7,17,1,
202100024876,157 196,B01,1,1,0,2,8,1,0,
202100024877,157 193,A01,1,7,0,2,1,2,1,
202100024877,157 194,B01,1,7,0,2,4,2,1,
202100024878,157 191,A01,1,7,0,0,2,17,1,
202100024878,157 192,B01,1,7,0,2,6,1,1,
202100024879,157 189,A01,1,7,0,2,3,26,2,
202100024879,157 190,B01,2,1,0,2,8,25,5,
202100024880,157 187,A01,0,33,0,2,1,15,1,
202100024880,157 188,B01,1,7,0,2,7,1,1,
202100024881,157 185,A01,1,7,0,2,1,0,1,
202100024881,157 186,B01,1,7,0,2,6,0,0,
202100024882,157 183,A01,-1,1,0,2,7,19,5,
202100024882,157 184,B01,1,7,0,2,3,16,1,
202100024883,157 179,A01,1,13,0,2,1,1,1,
202100024883,157 180,C01,1,7,0,2,1,1,1,
202100024883,157 181,B01,1,7,0,2,1,1,0,
202100024883,157 182,D01,1,7,0,2,4,1,1,
202100024884,157 177,B01,1,33,0,2,1,0,1,
202100024884,157 178,A01,3,7,0,2,3,15,1,
202100024885,157 175,A01,1,21,0,2,7,26,1,
202100024885,157 176,B01,2,33,0,2,1,1,1,
202100024886,157 174,A01,1,7,0,0,9,26,1,
202100024887,157 171,A01,1,7,0,2,4,2,1,
202100024887,157 172,B01,1,7,0,2,4,2,1,
202100024887,157 173,C01,1,10,0,2,1,2,1,
202100024888,157 169,A01,2,7,0,2,0,13,1,
202100024888,157 170,B01,0,7,0,2,8,1,1,
202100024889,157 167,A01,3,7,0,2,0,0,0,
202100024889,157 168,B01,3,1,0,2,0,0,0,
202100024890,157 166,A01,3,7,0,1,1,16,1,
202100024891,157 165,A01,3,30,0,0,0,26,1,
202100024892,157 164,A01,1,10,0,1,2,1,1,
202100024893,157 163,A01,2,1,0,1,1,1,5,
202100024894,157 162,A01,2,7,0,1,4,20,2,
202100024895,157 160,A01,1,10,0,2,1,1,1,
202100024895,157 161,B01,1,7,0,2,4,23,1,
202100024896,157 156,A01,2,33,0,2,6,1,1,
202100024896,157 157,B01,2,14,0,2,6,1,1,
202100024896,157 158,C01,2,7,0,2,0,1,1,
202100024896,157 159,Z01,2,7,0,2,2,1,1,
202100024897,157 154,A01,1,7,0,2,1,15,1,
202100024897,157 155,B01,1,1,0,2,0,19,5,
202100024898,157 153,A01,3,1,0,1,1,1,5,
202100024899,157 152,A01,1,1,0,0,0,1,5,
202100024900,157 151,A01,2,50,0,1,1,21,3,
202100024901,157 149,A01,1,1,0,2,1,1,5,
202100024901,157 150,B01,0,50,0,2,1,11,3,
202100024902,157 148,A01,1,7,15,2,2,26,1,
202100024903,157 146,B01,3,7,0,2,4,4,1,
202100024903,157 147,A01,3,7,0,2,1,2,1,
202100024904,157 145,Z01,3,0,0,1,4,26,0,
202100024905,157 142,C01,3,14,0,2,2,1,1,
202100024905,157 143,B01,3,7,0,2,5,1,1,
202100024905,157 144,Z01,1,7,0,2,3,1,1,
202100024906,157 140,B01,3,7,0,2,8,19,1,
202100024906,157 141,A01,3,7,0,2,1,19,1,
202100024907,157 138,B01,2,43,0,2,2,1,1,
202100024907,157 139,A01,2,7,0,2,3,26,1,
202100024908,157 136,B01,1,32,0,0,0,0,1,
202100024908,157 137,A01,1,7,1,2,3,17,1,
202100024909,157 134,B01,1,32,0,2,8,18,1,
202100024909,157 135,A01,1,7,0,2,7,12,1,
202100024910,157 133,B01,1,32,14,2,8,26,1,
202100024911,157 132,A01,1,7,0,1,1,17,1,
202100024912,157 130,A01,1,7,0,2,1,9,1,
202100024912,157 131,B01,1,7,0,2,4,26,1,
202100024913,157 128,A01,3,10,0,2,3,24,1,
202100024913,157 129,B01,3,99,1,2,1,0,0,
202100024914,157 126,A01,1,7,0,2,2,16,1,
202100024914,157 127,B01,1,50,0,2,1,1,3,
202100024915,157 124,B01,1,7,0,2,8,15,1,
202100024915,157 125,A01,1,7,0,2,1,1,1,
202100024916,157 123,A01,2,7,0,1,1,1,1,
202100024917,157 121,A01,2,32,0,2,3,16,1,
202100024917,157 122,B01,2,34,0,2,1,1,1,
202100024918,157 119,B01,1,7,0,2,3,15,1,
202100024918,157 120,A01,1,33,0,0,1,17,1,
202100024919,157 117,A01,1,7,0,2,7,19,1,
202100024919,157 118,B01,2,33,0,2,1,1,1,
202100024920,157 116,A01,1,7,13,0,2,1,1,
202100024921,157 115,A01,1,10,0,0,1,0,1,
202100024922,157 113,A01,3,10,12,2,1,1,1,
202100024922,157 114,B01,2,30,0,2,4,15,1,
202100024923,157 112,A01,3,7,0,1,3,1,1,
202100024924,157 110,A01,2,1,0,0,0,1,5,
202100024924,157 111,B01,2,1,0,0,0,1,5,
202100024925,157 108,B01,0,7,0,0,3,1,1,
202100024925,157 109,A01,0,7,9,0,3,1,1,
202100024926,157 107,A01,1,33,0,6,1,0,1,
202100024927,157 105,B01,2,7,0,2,8,15,1,
202100024927,157 106,A01,2,33,0,2,1,17,1,
202100024928,157 102,C01,2,7,0,2,5,21,1,
202100024928,157 103,B01,1,7,0,2,6,21,1,
202100024928,157 104,A01,2,7,0,2,3,13,1,
202100024929,157 100,B01,1,7,0,2,1,1,1,
202100024929,157 101,A01,2,7,0,2,8,9,1,
202100024930,157 099,A01,1,7,6,0,9,1,1,
202100024931,157 096,A01,1,7,0,2,7,1,1,
202100024931,157 097,B01,3,1,0,2,1,15,5,
202100024932,157 095,A01,2,7,17,0,1,14,1,
202100024933,157 094,A01,2,31,0,0,0,0,1,
202100024934,157 092,A01,2,7,0,2,3,13,1,
202100024934,157 093,B01,1,7,0,0,3,23,1,
202100024935,157 090,A01,1,7,0,2,7,19,1,
202100024935,157 091,B01,2,7,0,0,8,0,0,
202100024936,157 088,B01,2,2,13,2,7,1,1,
202100024936,157 089,A01,1,7,0,2,2,15,1,
202100024937,157 086,B01,0,7,0,2,1,1,1,
202100024937,157 087,A01,0,33,0,2,1,13,1,
202100024938,157 085,A01,1,2,13,0,9,1,1,
202100024939,157 083,B01,1,7,0,0,2,1,1,
202100024939,157 084,A01,3,1,0,2,1,16,5,
202100024940,157 082,A01,1,1,0,0,0,1,5,
202100024941,157 081,A01,0,80,0,0,0,0,3,
202100024942,157 079,B01,3,1,0,2,1,15,5,
202100024942,157 080,A01,3,7,0,9,5,16,1,
202100024943,157 076,A01,2,33,0,2,1,17,1,
202100024943,157 077,B01,1,7,0,2,2,1,1,
202100024943,157 078,C01,2,0,0,0,0,0,0,
202100024944,157 074,B01,1,2,0,2,1,17,1,
202100024944,157 075,A01,1,7,0,2,6,15,1,
202100024945,157 072,A01,1,33,0,2,1,17,1,
202100024945,157 073,B01,1,7,0,2,8,15,1,
202100024946,157 070,B01,1,7,0,2,6,13,1,
202100024946,157 071,A01,2,7,0,2,3,1,1,
202100024947,157 068,A01,1,7,0,2,1,14,1,
202100024947,157 069,B01,3,7,0,2,8,23,1,
202100024948,157 066,B01,1,7,0,0,4,2,1,
202100024948,157 067,A01,1,33,0,2,1,2,1,
202100024949,157 065,A01,1,7,0,1,2,1,1,
202100024950,157 064,A01,2,34,13,0,1,2,1,
202100024951,157 063,A01,2,7,13,0,1,0,1,
202100024952,157 062,A01,1,7,13,0,9,14,1,
202100024953,157 061,A01,2,1,0,0,0,16,5,
202100024954,157 059,A01,1,10,0,2,1,2,1,
202100024954,157 060,B01,1,20,0,0,4,2,1,
202100024955,157 058,A01,0,36,0,0,0,1,1,
202100024956,157 054,A01,2,7,0,2,1,1,1,
202100024956,157 055,B01,2,7,0,2,6,23,1,
202100024956,157 056,C01,2,7,0,0,5,23,1,
202100024956,157 057,D01,1,7,0,2,9,1,1,
202100024957,157 052,A01,1,7,0,0,2,15,1,
202100024957,157 053,B01,2,1,0,2,1,1,5,
202100024958,157 050,B01,2,33,13,0,1,1,1,
202100024958,157 051,A01,2,33,13,0,1,1,1,
202100024959,157 048,A01,3,10,0,2,3,13,1,
202100024959,157 049,B01,3,7,0,2,3,1,1,
202100024960,157 046,B01,2,2,0,2,1,1,1,
202100024960,157 047,A01,1,7,0,2,3,1,1,
202100024961,157 044,B01,2,7,0,0,4,15,1,
202100024961,157 045,A01,1,33,0,2,1,1,1,
202100024962,157 042,B01,2,10,0,2,3,1,1,
202100024962,157 043,A01,1,7,0,2,3,1,1,
202100024963,157 040,A01,1,15,0,9,6,1,1,
202100024963,157 041,B01,1,1,0,2,0,25,5,
202100024964,157 038,A01,2,7,0,2,3,1,1,
202100024964,157 039,B01,2,34,0,2,1,1,1,
202100024965,157 036,B01,2,1,0,0,4,1,5,
202100024965,157 037,A01,1,7,0,2,1,1,1,
202100024966,157 035,A01,0,7,10,0,1,9,1,
202100024967,157 033,B01,2,7,0,2,3,1,1,
202100024967,157 034,A01,1,7,0,2,1,13,1,
202100024968,157 031,B01,2,33,0,0,4,1,1,
202100024968,157 032,A01,2,7,0,2,1,2,1,
202100024969,157 029,B01,1,7,0,2,3,15,1,
202100024969,157 030,A01,1,33,0,2,5,17,1,
202100024970,157 027,B01,2,15,0,0,4,2,1,
202100024970,157 028,A01,2,7,0,2,1,2,1,
202100024971,157 026,A01,2,7,0,1,8,1,1,
202100024972,157 025,A01,3,2,0,0,0,1,1,
202100024973,157 023,A01,1,7,0,2,4,0,1,
202100024973,157 024,B01,1,7,0,2,1,0,1,
202100024974,157 021,A01,1,14,0,2,2,2,1,
202100024974,157 022,B01,1,7,0,2,6,1,2,
202100024975,157 018,C01,2,7,0,2,4,2,1,
202100024975,157 019,A01,2,7,0,2,1,1,1,
202100024975,157 020,B01,2,7,3,2,9,2,1,
202100024976,157 015,A01,2,7,0,2,1,2,1,
202100024976,157 016,B01,2,7,0,2,4,2,1,
202100024976,157 017,C01,2,7,0,2,4,2,1,
202100024977,157 013,B01,1,33,0,2,8,3,1,
202100024977,157 014,A01,1,7,0,2,7,11,1,
202100024978,157 012,A01,2,43,0,0,0,1,1,
202100024979,157 011,Z01,2,0,0,1,0,19,0,
202100024980,157 008,C01,1,7,0,2,7,2,0,
202100024980,157 009,B01,1,7,0,2,7,0,1,
202100024980,157 010,A01,1,7,0,2,4,2,1,
202100024981,157 007,A01,1,33,16,0,9,1,1,
202100024982,157 004,B01,2,33,0,2,1,1,1,
202100024982,157 005,C01,2,10,0,2,1,1,1,
202100024982,157 006,A01,2,7,0,0,6,1,1,
202100024983,157 001,B01,1,7,0,2,4,1,1,
202100024983,157 002,A01,1,10,0,2,1,1,1,
202100024983,157 003,C01,1,7,0,2,4,1,1,
202100024984,157 000,A01,1,7,3,0,1,9,1,
202100024985,156 998,A01,3,2,0,2,1,1,1,
202100024985,156 999,B01,2,7,0,2,8,1,1,
202100024986,156 997,A01,3,37,0,1,2,16,1,1.0
202100024987,156 996,A01,0,2,13,0,7,1,1,
202100024988,156 994,B01,3,7,0,2,4,23,1,
202100024988,156 995,A01,3,7,0,2,1,1,1,
202100024989,156 992,A01,2,7,8,2,8,7,1,
202100024989,156 993,B01,2,7,0,2,1,1,1,
202100024990,156 991,A01,2,7,1,1,3,1,1,
202100024991,156 984,A01,1,7,1,0,1,14,1,
202100024992,156 982,B01,1,7,0,2,3,9,1,
202100024992,156 983,A01,1,10,0,2,3,9,1,
202100024993,156 980,A01,1,7,0,2,3,1,1,
202100024993,156 981,B01,1,32,0,2,0,1,1,
202100024994,156 978,A01,1,7,0,2,1,19,1,
202100024994,156 979,B01,1,37,0,2,2,19,6,1.0
202100024995,156 976,B01,2,7,0,2,1,1,1,
202100024995,156 977,A01,2,7,11,2,8,21,1,
202100024996,156 974,A01,1,34,2,2,1,21,1,
202100024996,156 975,B01,1,7,0,2,5,1,1,
202100024997,156 972,B01,2,7,0,2,4,2,1,
202100024997,156 973,A01,2,2,0,2,1,2,1,
202100024998,156 970,B01,3,32,0,2,8,2,1,
202100024998,156 971,A01,3,10,0,2,1,1,1,
202100024999,156 967,A01,2,7,0,2,1,17,0,
202100024999,156 968,B01,2,7,0,2,9,17,1,
202100024999,156 969,C01,2,7,0,2,8,1,1,
202100025000,156 965,A01,1,7,0,2,6,9,1,
202100025000,156 966,B01,1,7,0,2,1,1,1,
202100025001,156 964,A01,3,7,0,1,1,1,1,
202100025002,156 962,B01,3,34,0,2,1,0,1,
202100025002,156 963,A01,0,7,0,2,1,15,1,
202100025003,156 961,Z01,3,99,1,0,1,0,1,
202100025004,156 959,B01,1,37,0,2,1,1,1,3.0
202100025004,156 960,A01,2,7,0,2,1,15,1,
202100025005,156 957,A01,2,7,0,2,1,13,1,
202100025005,156 958,B01,1,1,0,2,1,1,0,
202100025006,156 953,B01,2,7,0,2,1,2,2,
202100025006,156 954,C01,2,10,0,2,1,2,1,
202100025006,156 955,D01,2,7,0,2,4,2,1,
202100025006,156 956,A01,2,7,0,2,1,2,1,
202100025007,156 952,A01,2,20,0,2,1,26,1,
202100025008,156 949,A01,1,10,0,2,2,17,1,
202100025008,156 950,B01,1,7,3,2,6,2,1,
202100025008,156 951,C01,1,7,4,2,2,2,1,
202100025009,156 947,B01,3,33,0,2,1,13,1,
202100025009,156 948,A01,3,34,0,2,3,13,1,
202100025010,156 945,B01,3,43,0,2,1,1,1,
202100025010,156 946,Z01,3,7,0,2,2,15,0,
202100025011,156 943,B01,1,7,0,2,6,20,1,
202100025011,156 944,Z01,1,13,0,2,2,2,1,
202100025012,156 941,B01,0,33,0,2,8,1,1,
202100025012,156 942,A01,3,7,0,2,3,15,1,
202100025013,156 940,A01,2,1,0,1,1,17,5,
202100025014,156 939,A01,2,7,4,0,3,13,1,
202100025015,156 937,A01,1,7,0,2,2,16,3,
202100025015,156 938,B01,1,1,0,2,1,7,5,
202100025016,156 936,Z01,1,7,0,1,4,4,0,
202100025017,156 934,B01,2,1,0,2,0,1,5,
202100025017,156 935,A01,2,50,0,2,2,5,3,
202100025018,156 933,A01,1,7,1,1,1,20,1,
202100025019,156 931,A01,1,31,0,2,8,1,1,
202100025019,156 932,B01,1,7,0,2,0,9,1,
202100025020,156 929,B01,1,7,0,2,2,23,1,
202100025020,156 930,A01,1,30,0,2,8,14,1,
202100025021,156 927,A01,2,7,0,2,1,15,1,
202100025021,156 928,B01,1,32,0,2,3,1,1,
202100025022,156 926,A01,1,2,6,0,2,16,3,
202100025023,156 925,A01,3,14,0,1,4,4,1,
202100025024,156 924,A01,1,7,0,1,5,26,1,
202100025025,156 922,A01,2,7,0,1,1,1,1,
202100025025,156 923,B01,1,7,0,2,3,23,1,
202100025026,156 918,A01,3,1,0,2,1,19,5,
202100025026,156 919,B01,1,17,0,2,7,1,1,
202100025027,156 916,A01,2,7,0,2,1,2,1,
202100025027,156 917,B01,2,7,0,2,4,2,1,
202100025028,156 915,A01,3,7,17,0,2,14,1,
202100025029,156 914,A01,1,15,14,0,3,13,6,
202100025030,156 913,A01,2,7,13,0,1,1,1,
202100025031,156 911,A01,1,10,0,2,3,19,1,
202100025031,156 912,B01,2,7,0,2,2,1,1,
202100025032,156 909,A01,1,10,0,2,4,23,1,
202100025032,156 910,B01,1,7,1,0,1,1,1,
202100025033,156 907,A01,2,31,0,0,2,1,1,
202100025033,156 908,B01,2,14,0,2,6,1,1,
202100025034,156 906,A01,2,7,0,1,2,1,1,
202100025035,156 905,A01,2,7,4,9,2,1,1,
202100025036,156 903,B01,1,7,0,2,3,1,1,
202100025036,156 904,A01,3,60,0,2,1,19,5,
202100025037,156 901,B01,1,1,0,2,1,1,5,
202100025037,156 902,A01,2,7,0,2,3,1,1,
202100025038,156 899,B01,1,30,0,2,7,1,1,
202100025038,156 900,A01,3,7,0,2,4,4,1,
202100025039,156 897,A01,1,33,0,2,1,1,1,
202100025039,156 898,B01,1,33,0,0,4,16,1,
202100025040,156 896,A01,1,7,2,0,1,14,1,
202100025041,156 894,A01,2,10,0,2,1,15,1,
202100025041,156 895,B01,1,7,8,2,3,9,1,
202100025042,156 892,A01,1,31,0,2,1,13,1,
202100025042,156 893,B01,2,33,0,2,1,1,1,
202100025043,156 891,A01,1,33,0,0,1,1,1,
202100025044,156 890,A01,1,31,3,0,1,1,1,
202100025045,156 888,A01,1,7,0,2,3,13,1,
202100025045,156 889,B01,2,7,0,2,2,1,2,
202100025046,156 886,B01,2,1,0,2,1,1,5,
202100025046,156 887,A01,1,10,0,0,7,1,1,
202100025047,156 884,A01,2,31,0,2,1,13,1,
202100025047,156 885,B01,1,7,0,2,3,1,1,
202100025048,156 883,A01,3,3,2,0,2,1,1,
202100025049,156 881,A01,1,7,0,0,7,15,1,
202100025049,156 882,B01,2,33,0,2,2,1,1,
202100025050,156 880,A01,1,33,3,0,0,1,1,
202100025051,156 879,A01,3,7,2,0,1,0,1,
202100025052,156 877,A01,1,33,0,2,1,16,1,
202100025052,156 878,B01,1,7,0,2,3,1,1,
202100025053,156 876,A01,3,7,2,0,1,13,1,
202100025054,156 875,A01,1,1,0,5,2,0,5,
202100025055,156 872,C01,1,1,0,2,0,1,0,
202100025055,156 873,B01,1,1,0,2,8,1,0,
202100025055,156 874,A01,1,21,0,2,5,17,1,
202100025056,156 870,A01,2,3,0,2,2,1,1,
202100025056,156 871,B01,1,7,0,2,2,1,1,
202100025057,156 869,A01,1,36,2,0,1,13,1,
202100025058,156 868,A01,2,7,0,1,1,1,1,
202100025059,156 862,A01,3,7,0,2,3,19,1,
202100025059,156 863,B01,3,1,0,0,3,1,5,
202100025060,156 860,B01,2,7,0,2,1,2,1,
202100025060,156 861,A01,2,7,3,0,4,1,1,
202100025061,156 858,B01,1,7,0,2,3,13,1,
202100025061,156 859,A01,2,2,0,2,0,13,1,
202100025062,156 856,A01,2,7,0,0,2,17,1,
202100025062,156 857,B01,2,10,0,0,6,1,1,
202100025063,156 854,B01,3,7,0,2,3,13,0,
202100025063,156 855,A01,3,7,0,2,3,1,1,
202100025064,156 852,B01,1,15,0,2,5,2,1,
202100025064,156 853,A01,1,7,0,2,1,2,1,
202100025065,156 850,B01,1,7,0,2,1,1,1,
202100025065,156 851,A01,2,7,0,2,1,1,1,
202100025066,156 849,A01,1,7,0,1,1,12,1,
202100025067,156 848,A01,1,7,17,0,2,14,1,
202100025068,156 846,B01,2,7,0,0,3,1,1,
202100025068,156 847,A01,1,7,0,0,3,13,1,
202100025069,156 844,A01,1,7,6,0,1,21,1,
202100025069,156 845,B01,2,7,0,0,0,13,1,
202100025070,156 842,B01,0,2,0,2,8,9,1,
202100025070,156 843,A01,2,7,0,2,1,1,1,
202100025071,156 840,B01,2,7,0,2,7,15,1,
202100025071,156 841,A01,1,31,0,2,1,2,1,
202100025072,156 839,A01,1,7,13,0,1,0,1,
202100025073,156 837,B01,1,7,0,2,6,1,1,
202100025073,156 838,A01,2,7,0,2,3,13,2,
202100025074,156 835,B01,1,33,0,2,1,21,1,
202100025074,156 836,A01,2,33,0,2,1,17,1,
202100025075,156 833,A01,1,33,0,2,1,13,1,
202100025075,156 834,B01,2,7,0,2,1,1,1,
202100025076,156 832,A01,0,31,0,0,8,15,1,
202100025077,156 829,B01,1,7,0,2,4,2,1,
202100025077,156 830,C01,1,7,0,0,4,2,1,
202100025077,156 831,A01,1,7,0,2,1,2,1,
202100025078,156 828,A01,2,7,0,0,0,13,1,
202100025079,156 826,B01,1,33,0,2,1,1,1,
202100025079,156 827,A01,1,7,0,2,3,19,1,
202100025080,156 825,A01,1,2,4,0,1,1,1,
202100025081,156 823,A01,0,7,0,2,6,10,0,
202100025081,156 824,B01,0,31,0,2,1,2,1,
202100025082,156 821,B01,0,7,0,2,7,1,1,
202100025082,156 822,A01,0,2,0,2,1,16,1,
202100025083,156 819,A01,3,1,0,2,5,1,5,
202100025083,156 820,B01,0,7,0,9,7,1,1,
202100025084,156 818,A01,2,33,0,0,7,0,1,
202100025085,156 817,A01,1,7,4,0,2,2,1,
202100025086,156 816,A01,1,7,4,0,7,15,1,
202100025087,156 814,B01,1,7,0,2,1,2,1,
202100025087,156 815,A01,1,7,0,2,4,1,1,
202100025088,156 812,B01,1,7,0,2,9,1,1,
202100025088,156 813,A01,1,7,0,2,9,1,1,
202100025089,156 810,B01,2,7,0,0,6,1,1,
202100025089,156 811,A01,2,10,0,2,2,1,1,
202100025090,156 808,B01,2,10,0,2,4,1,1,
202100025090,156 809,A01,2,7,0,2,1,2,1,
202100025091,156 805,C01,2,7,0,2,2,1,1,
202100025091,156 806,B01,2,15,0,2,2,0,1,
202100025091,156 807,A01,2,7,0,2,6,0,1,
202100025092,156 802,A01,2,7,0,2,1,1,1,
202100025092,156 803,B01,2,7,0,2,4,2,1,
202100025092,156 804,C01,2,7,0,2,6,2,1,
202100025093,156 800,B01,2,7,0,2,8,1,1,
202100025093,156 801,A01,2,7,0,2,1,1,1,
202100025094,156 799,A01,1,7,3,6,3,21,1,
202100025095,156 798,A01,2,7,4,0,1,14,1,
202100025096,156 796,B01,1,7,0,2,1,2,1,
202100025096,156 797,A01,1,7,0,2,4,23,1,
202100025097,156 794,B01,1,7,3,2,4,2,1,
202100025097,156 795,A01,1,10,3,2,1,2,1,
202100025098,156 792,B01,1,7,0,2,1,2,1,
202100025098,156 793,A01,1,7,0,2,4,23,1,
202100025099,156 789,C01,1,7,0,2,4,23,1,
202100025099,156 790,B01,1,7,0,2,4,23,1,
202100025099,156 791,A01,1,7,0,2,1,2,1,