Num_Acc,id_vehicule,num_veh,senc,catv,obs,obsm,choc,manv,motor,occutc
202100025100,156 787,A01,2,30,0,2,1,17,1,
202100025100,156 788,B01,1,30,0,2,1,17,1,
202100025101,156 786,A01,2,34,12,0,1,1,1,
202100025102,156 784,A01,3,31,0,2,2,1,1,
202100025102,156 785,B01,3,7,0,2,7,1,1,
202100025103,156 783,A01,3,7,0,1,0,16,1,
202100025104,156 781,YA01,1,7,0,2,4,23,1,
202100025104,156 782,B01,1,30,0,2,1,2,1,
202100025105,156 779,B01,1,7,0,2,4,23,1,
202100025105,156 780,A01,1,7,0,2,1,2,1,
202100025106,156 777,A01,1,7,0,2,2,1,1,
202100025106,156 778,B01,1,7,0,2,8,10,1,
202100025107,156 774,C01,2,7,1,9,2,24,1,
202100025107,156 775,B01,1,7,1,2,4,24,1,
202100025107,156 776,A01,1,7,15,2,3,13,1,
202100025108,156 773,A01,2,7,1,0,1,14,1,
202100025109,156 769,C01,1,7,0,2,6,2,1,
202100025109,156 770,B01,1,7,0,2,8,10,2,
202100025109,156 771,A01,1,7,0,2,1,17,1,
202100025110,156 768,A01,2,2,0,0,0,26,1,
202100025111,156 766,B01,1,7,0,1,1,1,1,
202100025112,156 765,A01,1,7,0,0,1,14,1,
202100025113,156 764,A01,2,32,0,0,8,5,1,
202100025114,156 763,A01,3,34,0,0,8,1,1,
202100025115,156 761,B01,2,7,0,2,3,1,1,
202100025115,156 762,A01,1,7,0,2,3,1,1,
202100025116,156 759,B01,1,7,0,2,6,1,1,
202100025116,156 760,A01,2,7,0,2,1,1,1,
202100025117,156 757,B01,2,7,0,2,4,2,1,
202100025117,156 758,A01,2,30,0,2,1,2,1,
202100025118,156 755,B01,2,7,0,2,1,24,1,
202100025118,156 756,A01,2,7,1,0,1,1,1,
202100025119,156 753,A01,1,3,0,2,1,26,1,
202100025119,156 754,B01,1,30,0,2,7,0,1,
202100025120,156 752,A01,1,2,0,0,7,13,3,
202100025121,156 750,A01,2,7,0,2,1,17,1,
202100025121,156 751,B01,2,7,6,2,1,15,1,
202100025122,156 749,A01,3,99,6,0,1,16,1,
202100025123,156 747,B01,1,2,0,2,2,1,1,
202100025123,156 748,A01,1,7,0,2,2,9,1,
202100025124,156 746,A01,1,50,12,0,1,0,3,
202100025125,156 744,B01,3,7,0,2,4,24,1,
202100025125,156 745,A01,3,7,1,0,1,1,1,
202100025126,156 743,A01,3,1,1,0,1,16,5,
202100025127,156 741,A01,3,7,0,2,6,2,2,
202100025127,156 742,B01,3,7,0,2,2,2,1,
202100025128,156 739,B01,3,7,15,2,5,0,1,
202100025128,156 740,A01,2,7,0,0,1,0,1,
202100025129,156 738,A01,1,33,0,0,8,1,1,
202100025130,156 736,A01,1,7,0,2,2,7,1,
202100025130,156 737,B01,1,7,0,2,7,16,1,
202100025131,156 734,B01,1,7,0,2,4,1,1,
202100025131,156 735,A01,1,7,0,2,1,1,1,
202100025132,156 733,A01,0,7,0,1,0,26,0,
202100025133,156 732,A01,0,7,8,0,9,13,1,
202100025134,156 730,A01,1,37,0,2,1,26,1,3.0
202100025134,156 731,B01,1,7,0,2,4,2,1,
202100025135,156 728,B01,1,33,0,2,3,2,1,
202100025135,156 729,A01,2,7,0,2,3,15,0,
202100025136,156 726,B01,2,33,0,2,8,1,1,
202100025136,156 727,A01,1,7,0,2,1,15,1,
202100025137,156 724,B01,2,31,0,2,1,17,1,
202100025137,156 725,A01,2,7,0,2,6,15,1,
202100025138,156 722,A01,3,33,0,2,8,15,1,
202100025138,156 723,B01,2,7,0,2,1,1,1,
202100025139,156 720,B01,2,2,0,2,1,0,1,
202100025139,156 721,A01,3,7,0,2,1,0,1,
202100025140,156 718,A01,2,33,0,2,1,11,1,
202100025140,156 719,B01,2,10,0,2,5,1,1,
202100025141,156 716,B01,2,1,0,2,7,1,5,
202100025141,156 717,A01,0,30,0,2,1,1,1,
202100025142,156 714,A01,2,7,0,2,8,15,0,
202100025142,156 715,B01,2,30,0,2,2,17,3,
202100025143,156 713,A01,1,1,0,1,1,1,5,
202100025144,156 712,A01,2,10,0,1,1,1,1,
202100025145,156 710,A01,0,7,0,2,2,1,1,
202100025145,156 711,Z01,0,7,0,2,3,1,1,
202100025146,156 708,B01,1,30,0,2,1,1,1,
202100025146,156 709,A01,1,7,0,2,7,15,1,
202100025147,156 706,B01,1,34,0,2,1,1,1,
202100025147,156 707,A01,3,50,0,2,2,19,3,
202100025148,156 704,B01,3,7,0,2,4,23,1,
202100025148,156 705,A01,3,33,0,2,1,1,1,
202100025149,156 702,A01,3,7,0,2,1,1,1,
202100025149,156 703,B01,3,7,0,2,4,23,1,
202100025150,156 700,A01,2,30,12,2,3,21,3,
202100025150,156 701,Z01,2,7,0,2,2,14,1,
202100025151,156 698,A01,2,10,0,2,1,9,1,
202100025151,156 699,B01,2,33,0,2,5,1,1,
202100025152,156 696,A01,1,7,0,2,1,1,2,
202100025152,156 697,B01,1,7,0,2,3,1,1,
202100025153,156 694,B01,1,10,0,1,1,23,1,
202100025153,156 695,A01,1,7,0,2,1,1,1,
202100025154,156 692,B01,3,1,0,2,3,1,0,
202100025154,156 693,A01,3,1,0,2,5,14,0,
202100025155,156 690,A01,1,7,0,2,3,9,1,
202100025155,156 691,B01,2,34,0,2,1,9,1,
202100025156,156 688,A01,3,32,1,2,1,1,1,
202100025156,156 689,B01,3,7,1,2,8,15,1,
202100025157,156 686,A01,0,7,4,2,2,18,1,
202100025157,156 687,B01,0,7,0,2,5,0,1,
202100025158,156 684,B01,1,30,0,2,1,17,1,
202100025158,156 685,A01,1,7,0,2,1,15,1,
202100025159,156 683,A01,1,10,2,0,1,13,1,
202100025160,156 681,A01,1,7,0,0,8,1,1,
202100025160,156 682,B01,3,7,0,2,1,19,1,
202100025161,156 679,A01,3,7,0,2,1,19,1,
202100025161,156 680,B01,1,10,0,2,3,1,1,
202100025162,156 677,B01,0,7,0,1,1,2,1,
202100025162,156 678,A01,0,7,0,1,8,23,1,
202100025163,156 676,A01,3,7,0,1,1,1,1,
202100025164,156 675,A01,2,7,13,0,2,14,1,
202100025165,156 673,A01,1,7,0,0,5,13,1,
202100025165,156 674,B01,2,31,0,0,1,1,1,
202100025166,156 671,A01,1,33,0,2,8,1,1,
202100025166,156 672,B01,2,1,0,2,8,1,5,
202100025167,156 669,A01,1,7,0,2,3,15,1,
202100025167,156 670,B01,2,33,0,2,1,17,1,
202100025168,156 668,A01,2,7,13,0,9,17,1,
202100025169,156 665,A01,1,7,0,2,1,2,1,
202100025169,156 666,C01,1,7,0,0,4,23,1,
202100025169,156 667,B01,1,7,0,2,4,23,1,
202100025170,156 664,A01,1,37,15,0,1,14,1,1.0
202100025171,156 663,A01,3,31,13,0,2,1,1,
202100025172,156 661,B01,2,7,0,2,8,1,1,
202100025172,156 662,A01,1,33,0,2,8,13,1,
202100025173,156 660,A01,2,2,8,0,2,0,1,
202100025174,156 659,A01,3,7,0,0,3,1,1,
202100025175,156 657,A01,3,99,0,2,8,19,1,
202100025175,156 658,B01,1,7,0,2,1,1,1,
202100025176,156 656,A01,1,33,13,0,1,1,1,
202100025177,156 655,A01,1,2,14,0,9,14,1,
202100025178,156 653,A01,2,7,0,2,3,15,1,
202100025178,156 654,B01,1,7,0,2,2,1,1,
202100025179,156 651,B01,1,7,0,2,3,1,1,
202100025179,156 652,A01,2,7,0,2,2,13,1,
202100025180,156 649,B01,1,7,0,2,2,1,1,
202100025180,156 650,A01,2,7,0,2,7,19,1,
202100025181,156 648,A01,1,31,0,0,0,1,1,
202100025182,156 647,A01,1,7,0,1,2,21,1,
202100025183,156 646,A01,1,7,3,0,3,0,1,
202100025184,156 645,A01,2,2,8,0,1,1,1,
202100025185,156 643,B01,1,1,0,2,1,1,5,
202100025185,156 644,A01,2,7,0,2,2,1,1,
202100025186,156 642,A01,2,33,0,0,7,13,1,
202100025187,156 640,A01,1,7,0,2,2,17,1,
202100025187,156 641,B01,1,7,0,2,6,2,1,
202100025188,156 637,A01,3,7,0,2,3,1,1,
202100025188,156 638,C01,3,1,0,0,0,1,5,
202100025188,156 639,B01,3,1,0,2,1,17,5,
202100025189,156 635,B01,2,2,0,2,1,5,1,
202100025189,156 636,A01,1,7,0,2,3,1,1,
202100025190,156 634,A01,1,7,2,0,2,1,1,
202100025191,156 633,A01,2,33,13,0,0,0,1,
202100025192,156 632,A01,2,7,0,0,0,1,1,
202100025193,156 630,B01,3,7,0,2,3,1,1,
202100025193,156 631,A01,1,33,0,2,8,1,1,
202100025194,156 628,B01,1,7,0,2,8,19,1,
202100025194,156 629,A01,2,7,0,2,1,1,1,
202100025195,156 627,A01,1,2,0,0,0,1,1,
202100025196,156 625,A01,2,7,0,9,2,9,1,
202100025196,156 626,B01,2,1,0,2,1,1,5,
202100025197,156 623,B01,0,1,0,2,4,1,5,
202100025197,156 624,A01,0,7,0,9,1,1,1,
202100025198,156 621,A01,1,7,13,2,2,13,1,
202100025198,156 622,B01,2,7,0,2,2,1,1,
202100025199,156 620,A01,2,7,13,0,1,14,1,
202100025200,156 619,A01,1,33,13,0,1,13,1,
202100025201,156 617,B01,2,7,0,2,3,15,1,
202100025201,156 618,A01,2,2,0,2,7,1,1,
202100025202,156 616,A01,1,7,0,0,1,14,1,
202100025203,156 614,B01,3,7,0,2,3,1,1,
202100025203,156 615,A01,3,7,0,2,3,13,1,
202100025204,156 611,C01,2,7,0,2,1,2,1,
202100025204,156 612,B01,2,7,0,9,2,2,1,
202100025204,156 613,A01,2,1,0,2,4,2,5,
202100025205,156 610,A01,3,33,16,0,0,1,1,
202100025206,156 607,C01,1,7,0,2,1,1,1,
202100025206,156 608,B01,2,7,0,2,1,1,1,
202100025206,156 609,A01,1,2,0,2,8,16,1,
202100025207,156 605,A01,3,2,13,0,7,1,1,
202100025207,156 606,B01,3,7,0,0,1,1,1,
202100025208,156 604,A01,1,10,13,0,3,0,1,
202100025209,156 603,A01,2,7,3,0,9,14,1,
202100025210,156 602,A01,1,33,12,0,0,1,1,
202100025211,156 600,B01,2,7,0,2,1,1,1,
202100025211,156 601,A01,1,2,0,2,1,13,1,
202100025212,156 596,A01,2,7,3,0,9,0,1,
202100025212,156 597,B01,2,7,14,0,1,0,1,
202100025212,156 598,C01,2,7,14,0,1,0,1,
202100025212,156 599,D01,2,7,14,0,9,0,1,
202100025213,156 594,B01,1,7,0,2,6,2,1,
202100025213,156 595,A01,1,7,0,2,2,2,1,
202100025214,156 593,A01,2,7,4,0,3,1,1,
202100025215,156 592,A01,1,7,2,0,1,1,1,
202100025216,156 591,A01,2,7,6,0,3,1,1,
202100025217,156 588,A01,1,32,15,0,2,1,1,
202100025218,156 586,B01,0,1,0,2,1,1,5,
202100025218,156 587,A01,0,7,0,2,5,15,1,
202100025219,156 584,B01,0,60,0,2,4,23,5,
202100025219,156 585,A01,0,7,0,2,4,4,1,
202100025220,156 582,A01,2,1,12,2,4,1,5,
202100025220,156 583,B01,2,7,0,2,2,0,1,
202100025221,156 581,A01,3,7,2,0,1,0,0,
202100025222,156 579,A01,1,7,0,0,5,15,1,
202100025222,156 580,B01,1,7,13,2,1,17,1,
202100025223,156 577,A01,3,10,0,2,3,15,1,
202100025223,156 578,B01,3,31,0,2,1,1,1,
202100025224,156 573,A01,1,7,0,2,3,11,1,
202100025224,156 574,Z01,1,7,3,2,7,17,1,
202100025225,156 572,A01,2,7,3,0,9,1,1,
202100025226,156 569,A01,2,33,0,2,7,1,1,
202100025226,156 570,B01,2,7,0,2,7,1,1,
202100025226,156 571,Z01,2,7,0,2,0,11,0,
202100025227,156 567,B01,2,7,0,2,3,2,1,
202100025227,156 568,A01,2,7,0,2,6,1,1,
202100025228,156 566,A01,2,33,3,0,1,13,1,
202100025229,156 564,B01,1,7,0,2,1,2,1,
202100025229,156 565,A01,1,7,14,2,4,1,1,
202100025230,156 563,A01,1,7,4,0,9,13,1,
202100025231,156 560,A01,2,7,0,2,1,11,1,
202100025231,156 561,B01,2,7,0,2,4,23,1,
202100025231,156 562,C01,2,7,0,2,4,23,1,
202100025232,156 556,B01,2,17,0,2,4,2,1,
202100025232,156 557,A01,2,7,0,2,1,1,1,
202100025233,156 555,A01,1,7,0,0,9,1,1,
202100025234,156 553,B01,2,7,0,2,8,1,1,
202100025234,156 554,A01,2,7,0,2,8,13,1,
202100025235,156 551,A01,1,7,0,2,1,2,1,
202100025235,156 552,B01,1,7,0,2,4,2,2,
202100025236,156 547,A01,1,0,0,2,0,0,0,
202100025236,156 548,B01,1,33,0,2,0,0,1,
202100025236,156 549,C01,1,10,0,2,0,26,1,
202100025236,156 550,D01,1,7,0,2,0,26,1,
202100025237,156 545,B01,1,10,0,2,4,0,1,
202100025237,156 546,A01,1,7,0,2,0,9,1,
202100025238,156 543,A01,1,7,0,2,1,26,1,
202100025238,156 544,B01,1,10,0,2,4,2,1,
202100025239,156 542,A01,1,10,4,0,2,14,1,
202100025240,156 540,Z01,1,7,0,2,4,0,1,
202100025240,156 541,A01,1,33,0,2,1,1,1,
202100025241,156 537,A01,1,7,0,2,6,9,1,
202100025241,156 538,B01,1,15,0,2,2,1,1,
202100025241,156 539,C01,1,7,0,2,1,1,1,
202100025242,156 535,B01,2,7,0,2,9,1,1,
202100025242,156 536,A01,2,7,0,2,8,1,1,
202100025243,156 532,A01,1,7,0,2,1,11,1,
202100025243,156 533,B01,1,7,0,2,8,1,1,
202100025243,156 534,C01,1,7,0,2,4,1,1,
202100025244,156 530,B01,3,10,0,2,1,1,1,
202100025244,156 531,A01,3,10,0,2,2,15,1,
202100025245,156 528,A01,3,7,6,0,1,15,1,
202100025246,156 527,A01,2,2,12,0,1,1,1,
202100025247,156 525,B01,1,7,0,2,6,2,1,
202100025247,156 526,A01,1,30,0,2,1,0,1,
202100025248,156 524,A01,1,31,4,0,0,0,0,
202100025249,156 523,A01,3,7,0,1,3,26,1,
202100025250,156 521,B01,2,7,0,2,1,1,1,
202100025250,156 522,A01,2,1,0,2,1,19,5,
202100025251,156 519,A01,1,7,0,2,3,26,1,
202100025251,156 520,B01,1,33,0,2,1,0,1,
202100025252,156 518,A01,1,7,0,1,7,1,1,
202100025253,156 517,A01,1,7,0,1,2,9,1,
202100025254,156 515,A01,1,10,5,2,5,13,1,
202100025254,156 516,B01,1,14,3,2,1,1,1,
202100025255,156 513,A01,1,7,0,2,6,9,1,
202100025255,156 514,B01,2,2,0,2,1,1,1,
202100025256,156 511,Z01,3,7,0,2,1,26,0,
202100025256,156 512,B01,3,1,0,2,8,1,5,
202100025257,156 507,D01,1,7,0,2,6,24,1,
202100025257,156 508,C01,2,10,0,2,1,23,1,
202100025257,156 509,B01,2,10,0,2,3,23,1,
202100025257,156 510,A01,1,7,0,2,1,5,1,
202100025258,156 506,A01,2,10,2,0,3,13,1,
202100025259,156 504,A01,1,7,0,2,1,12,1,
202100025259,156 505,B01,1,7,0,2,4,12,3,
202100025260,156 502,B01,3,1,0,2,1,1,5,
202100025260,156 503,A01,3,10,0,2,6,16,1,
202100025261,156 501,B01,2,7,1,0,2,2,0,
202100025262,156 499,B01,0,33,0,2,2,0,1,
202100025262,156 500,A01,0,10,0,2,1,0,1,
202100025263,156 497,A01,0,33,0,2,1,2,1,
202100025263,156 498,B01,0,7,0,2,4,23,1,
202100025264,156 495,A01,2,7,0,2,6,16,1,
202100025264,156 496,B01,2,7,0,2,1,1,1,
202100025265,156 493,A01,1,7,0,2,4,15,0,
202100025265,156 494,B01,1,2,0,2,9,1,0,
202100025266,156 492,A01,1,33,12,0,1,1,1,
202100025267,156 489,B01,1,7,0,2,4,2,1,
202100025267,156 490,C01,1,7,0,2,4,2,1,
202100025267,156 491,A01,1,7,0,2,1,2,1,
202100025268,156 487,B01,2,33,0,2,7,1,1,
202100025268,156 488,A01,3,7,0,2,3,9,1,
202100025269,156 485,B01,3,1,0,2,0,1,5,
202100025269,156 486,A01,1,7,0,2,1,1,1,
202100025270,156 484,A01,3,40,0,1,3,1,3,
202100025271,156 482,A01,1,7,0,2,1,1,1,
202100025271,156 483,B01,1,10,0,2,2,1,1,
202100025272,156 481,A01,1,33,0,0,7,1,1,
202100025273,156 478,A01,3,7,0,2,3,9,1,
202100025273,156 479,B01,1,7,0,2,2,1,1,
202100025273,156 480,C01,1,7,0,2,1,1,1,
202100025274,156 476,A01,1,30,0,2,1,2,1,
202100025274,156 477,B01,1,7,0,2,4,2,0,
202100025275,156 474,B01,2,10,0,2,6,1,1,
202100025275,156 475,A01,2,10,0,2,2,1,1,
202100025276,156 472,B01,3,10,0,2,2,15,1,
202100025276,156 473,A01,3,33,0,2,0,1,0,
202100025277,156 471,A01,0,33,0,9,7,21,1,
202100025278,156 470,A01,2,7,6,0,1,1,1,
202100025279,156 468,B01,1,7,0,9,8,1,1,
202100025279,156 469,A01,1,50,0,2,1,1,3,
202100025280,156 467,A01,1,7,0,1,2,1,1,
202100025281,156 465,A01,2,10,0,2,3,13,1,
202100025281,156 466,B01,2,7,0,2,3,1,1,
202100025282,156 464,A01,1,1,0,0,1,26,5,
202100025283,156 463,A01,1,30,0,0,0,26,1,
202100025284,156 462,A01,1,7,4,0,1,26,1,
202100025285,156 461,A01,1,7,16,0,1,26,1,
202100025286,156 460,A01,1,7,8,0,1,26,1,
202100025287,156 458,B01,0,7,0,2,1,2,1,
202100025287,156 459,A01,0,7,0,2,4,2,1,
202100025288,156 457,A01,0,10,0,1,1,26,3,
202100025289,156 456,A01,2,30,0,0,2,1,1,
202100025290,156 454,A01,1,10,0,2,1,1,1,
202100025290,156 455,B01,1,7,0,2,4,1,1,
202100025291,156 450,A01,1,7,0,2,1,26,1,
202100025291,156 451,B01,3,7,0,2,3,26,1,
202100025292,156 449,A01,3,7,6,0,8,7,1,
202100025293,156 447,B01,1,7,0,2,4,2,1,
202100025293,156 448,A01,1,7,0,2,1,2,1,
202100025294,156 446,A01,3,30,0,0,8,1,1,
202100025295,156 445,A01,2,33,0,0,0,13,1,
202100025296,156 443,B01,2,7,0,2,4,23,1,
202100025296,156 444,A01,2,33,14,0,1,2,1,
202100025297,156 442,A01,1,7,0,1,2,15,1,
202100025298,156 440,A01,1,33,0,2,0,0,1,
202100025298,156 441,Z01,2,31,0,2,0,0,0,
202100025299,156 437,B01,1,1,0,2,8,1,5,
202100025299,156 438,C01,1,1,0,2,8,1,5,
202100025299,156 439,A01,1,7,0,2,7,17,1,
202100025300,156 435,B01,3,1,0,2,1,26,5,
202100025300,156 436,Z01,0,30,0,2,1,26,1,
202100025301,156 433,A01,1,7,0,2,1,1,1,
202100025301,156 434,B01,1,7,0,2,2,1,1,
202100025302,156 431,A01,1,7,0,2,7,15,1,
202100025302,156 432,B01,2,33,0,2,1,1,1,
202100025303,156 430,A01,0,7,0,1,1,1,1,
202100025304,156 428,A01,2,7,0,2,1,9,1,
202100025304,156 429,B01,1,7,0,2,7,1,1,
202100025305,156 426,B01,2,33,0,2,2,16,1,
202100025305,156 427,A01,2,33,0,2,3,7,1,
202100025306,156 424,A01,0,7,3,2,1,1,1,
202100025306,156 425,B01,0,7,-1,-1,-1,1,-1,
202100025307,156 422,B01,1,7,0,0,6,1,1,
202100025307,156 423,A01,1,1,0,2,1,19,5,
202100025308,156 419,B01,1,7,0,2,4,1,1,
202100025308,156 420,C01,1,7,0,2,1,1,2,
202100025308,156 421,A01,1,7,0,2,4,16,1,
202100025309,156 417,Z01,1,7,0,2,1,16,1,
202100025309,156 418,A01,1,30,0,2,4,16,1,
202100025310,156 416,A01,1,32,0,1,5,1,1,
202100025311,156 414,B01,3,7,0,2,3,1,1,
202100025311,156 415,A01,3,7,0,2,1,15,1,
202100025312,156 412,B01,1,7,0,2,7,15,1,
202100025312,156 413,A01,1,7,0,2,1,1,1,
202100025313,156 410,B01,1,33,0,2,1,1,1,
202100025313,156 411,A01,2,7,0,2,6,6,1,
202100025314,156 409,A01,3,7,0,1,1,26,1,
202100025315,156 407,B01,1,34,0,2,1,1,1,
202100025315,156 408,A01,1,7,0,2,6,26,1,
202100025316,156 405,B01,3,7,0,2,4,1,1,
202100025316,156 406,A01,3,7,0,2,1,2,1,
202100025317,156 403,B01,1,7,0,2,3,1,1,
202100025317,156 404,A01,2,7,5,2,2,14,1,
202100025318,156 401,A01,2,7,0,2,7,13,1,
202100025318,156 402,B01,1,15,0,2,3,1,1,
202100025319,156 399,A01,1,1,0,2,1,1,5,
202100025319,156 400,B01,2,33,0,9,1,1,1,
202100025320,156 398,A01,3,10,0,1,2,1,1,
202100025321,156 396,A01,2,7,0,2,8,16,1,
202100025321,156 397,Y01,3,1,0,2,1,19,5,
202100025322,156 394,B01,2,10,0,2,6,15,1,
202100025322,156 395,A01,2,31,0,2,2,1,1,
202100025323,156 392,B01,1,7,0,2,1,1,1,
202100025323,156 393,A01,1,13,0,2,7,12,1,
202100025324,156 390,B01,2,7,0,2,4,2,1,
202100025324,156 391,A01,2,7,0,2,1,2,1,
202100025325,156 387,A01,2,7,0,2,1,2,1,
202100025325,156 388,B01,2,7,0,2,4,2,1,
202100025325,156 389,Z01,2,7,0,2,4,2,0,
202100025326,156 385,A01,1,10,0,2,8,11,1,
202100025326,156 386,B01,1,33,0,2,7,1,1,
202100025327,156 383,A01,1,80,0,2,0,1,3,
202100025327,156 384,B01,1,7,0,2,6,22,1,
202100025328,156 381,A01,2,10,0,2,3,18,1,
202100025328,156 382,B01,2,30,0,2,8,1,1,
202100025329,156 379,A01,3,30,0,2,3,17,1,
202100025329,156 380,B01,3,7,0,2,2,15,1,
202100025330,156 377,B01,2,7,0,2,3,1,1,
202100025330,156 378,A01,1,30,0,2,1,5,1,
202100025331,156 375,B01,2,1,0,2,1,1,5,
202100025331,156 376,A01,2,7,0,2,6,1,1,
202100025332,156 373,B01,2,7,0,2,4,2,1,
202100025332,156 374,A01,2,7,0,2,1,2,1,
202100025333,156 370,A01,1,7,0,2,3,13,1,
202100025333,156 371,B01,2,7,0,2,8,2,1,
202100025333,156 372,C01,2,7,0,2,3,2,1,
202100025334,156 369,A01,2,7,4,0,1,13,1,
202100025335,156 367,A01,2,7,0,2,2,16,2,
202100025335,156 368,B01,2,1,0,2,1,1,5,
202100025336,156 365,A01,3,7,0,2,2,15,2,
202100025336,156 366,B01,3,33,0,2,8,1,1,
202100025337,156 364,A01,0,7,9,0,1,14,1,
202100025338,156 363,A01,2,1,0,1,1,21,5,
202100025339,156 361,Z01,2,10,0,2,0,0,1,
202100025339,156 362,B01,2,33,0,2,7,1,1,
202100025340,156 360,Z01,1,37,12,0,0,26,0,2.0
202100025341,156 358,B01,3,7,0,2,6,23,1,
202100025341,156 359,A01,3,10,0,2,2,12,1,
202100025342,156 357,A01,2,7,0,1,5,1,1,
202100025343,156 355,B01,1,7,0,2,3,1,1,
202100025343,156 356,A01,2,10,0,2,1,19,1,
202100025344,156 353,A01,1,33,0,0,7,1,1,
202100025344,156 354,B01,1,10,0,0,1,9,0,
202100025345,156 351,A01,2,7,0,2,1,1,1,
202100025345,156 352,B01,2,30,0,2,7,1,1,
202100025346,156 349,B01,2,7,0,2,1,1,1,
202100025346,156 350,A01,2,50,0,2,8,15,3,
202100025347,156 348,A01,1,7,3,1,1,5,1,
202100025348,156 347,A01,2,16,13,0,7,1,1,
202100025349,156 345,B01,1,2,0,2,8,1,1,
202100025349,156 346,A01,1,7,0,2,2,19,1,
202100025350,156 343,A01,0,33,0,2,1,1,1,
202100025350,156 344,B01,0,7,0,0,3,20,1,
202100025351,156 341,B01,2,7,0,2,2,1,1,
202100025351,156 342,A01,1,7,0,2,1,13,1,
202100025352,156 339,B01,2,7,0,2,2,1,0,
202100025352,156 340,A01,2,7,0,2,7,11,1,
202100025353,156 338,A01,1,10,3,0,9,1,1,
202100025354,156 337,A01,2,33,13,0,1,0,1,
202100025355,156 336,A01,3,36,2,0,1,1,1,
202100025356,156 334,A01,3,7,0,2,2,16,1,
202100025356,156 335,B01,3,7,0,2,3,1,1,
202100025357,156 333,A01,3,7,13,0,1,0,1,
202100025358,156 332,A01,1,33,13,0,9,1,1,
202100025359,156 331,A01,1,7,7,0,9,0,1,
202100025360,156 328,C01,1,7,0,2,3,2,1,
202100025360,156 329,B01,1,7,0,2,3,1,1,
202100025360,156 330,A01,2,7,0,2,3,13,1,
202100025361,156 326,B01,1,1,0,2,4,1,5,
202100025361,156 327,A01,1,1,0,2,1,2,5,
202100025362,156 325,A01,0,36,2,0,0,2,1,
202100025363,156 323,B01,3,2,1,2,6,24,1,
202100025363,156 324,A01,3,2,1,2,3,20,1,
202100025364,156 321,A01,1,7,0,2,3,13,1,
202100025364,156 322,B01,2,33,0,2,8,1,0,
202100025365,156 320,A01,1,10,8,0,1,1,1,
202100025366,156 319,A01,2,33,13,0,0,1,1,
202100025367,156 318,A01,2,7,0,6,9,21,1,
202100025368,156 316,B01,1,21,0,0,3,15,1,
202100025368,156 317,A01,1,43,0,2,7,17,1,
202100025369,156 315,A01,3,7,0,1,3,1,1,
202100025370,156 313,B01,1,10,0,2,3,1,1,
202100025370,156 314,A01,2,10,8,0,6,15,1,
202100025371,156 308,A01,3,7,0,2,3,9,1,
202100025371,156 309,B01,1,7,0,2,1,1,1,
202100025372,156 307,A01,2,7,2,0,8,1,1,
202100025373,156 304,A01,2,10,0,2,1,13,1,
202100025373,156 305,B01,1,7,0,2,1,15,1,
202100025373,156 306,C01,1,7,0,2,1,1,1,
202100025374,156 302,B01,1,10,0,2,2,1,1,
202100025374,156 303,A01,2,7,0,2,8,19,1,
202100025375,156 301,A01,1,7,2,0,1,13,0,
202100025376,156 296,B01,2,15,0,2,6,1,1,
202100025376,156 297,C01,2,7,14,0,1,1,1,
202100025376,156 298,D01,2,10,0,2,8,1,1,
202100025376,156 299,A01,2,7,0,2,2,2,1,
202100025377,156 295,A01,2,7,6,0,1,0,1,
202100025378,156 294,A01,2,3,13,0,1,1,1,
202100025379,156 290,D01,2,7,0,2,1,2,1,
202100025379,156 291,C01,2,15,0,2,1,2,1,
202100025379,156 292,B01,2,7,0,2,1,1,1,
202100025379,156 293,A01,2,15,0,0,4,1,1,
202100025380,156 288,A01,1,7,0,2,8,15,1,
202100025380,156 289,B01,1,33,0,2,7,15,1,
202100025381,156 287,A01,1,33,0,0,0,13,1,
202100025382,156 286,A01,2,7,13,0,1,1,1,
202100025383,156 285,A01,1,14,0,0,0,0,0,
202100025384,156 283,A01,3,7,0,0,1,5,1,
202100025384,156 284,B01,3,33,0,0,1,1,1,
202100025385,156 281,A01,1,17,0,2,3,2,1,
202100025385,156 282,B01,1,7,0,0,5,2,1,
202100025386,156 279,B01,2,7,0,2,3,1,1,
202100025386,156 280,A01,1,7,0,2,3,1,1,
202100025387,156 277,B01,3,21,0,2,6,1,1,
202100025387,156 278,A01,3,33,0,2,1,1,1,
202100025388,156 276,A01,2,33,13,0,1,2,1,
202100025389,156 274,A01,2,31,0,2,1,1,1,
202100025389,156 275,B01,1,10,0,2,5,15,1,
202100025390,156 273,A01,2,33,7,0,1,1,1,
202100025391,156 271,A01,3,7,0,2,3,9,1,
202100025391,156 272,B01,3,1,0,2,0,1,5,
202100025392,156 269,B01,3,7,0,2,1,1,1,
202100025392,156 270,A01,1,7,7,2,7,1,1,
202100025393,156 267,A01,2,7,13,0,4,2,1,
202100025393,156 268,B01,2,7,9,2,1,2,1,
202100025394,156 266,A01,2,33,6,0,1,1,1,
202100025395,156 264,A01,2,7,0,2,4,2,1,
202100025395,156 265,B01,2,7,0,2,1,2,2,
202100025396,156 258,A01,2,7,0,2,1,1,1,
202100025396,156 259,B01,1,7,0,2,5,5,1,
202100025397,156 256,B01,2,31,0,2,6,1,1,
202100025397,156 257,A01,2,7,0,2,2,17,1,