Num_Acc,id_vehicule,num_veh,senc,catv,obs,obsm,choc,manv,motor,occutc
202100025398,156 255,A01,2,10,0,0,0,20,0,
202100025399,156 254,A01,3,33,4,0,1,1,1,
202100025400,156 251,A01,1,7,3,9,0,0,1,
202100025400,156 252,B01,1,15,0,2,1,2,1,
202100025400,156 253,C01,1,7,0,2,8,2,1,
202100025401,156 249,B01,2,7,0,2,6,4,1,
202100025401,156 250,A01,2,10,0,2,2,1,1,
202100025402,156 248,A01,2,7,13,9,1,9,1,
202100025403,156 246,A01,2,7,0,2,5,2,1,
202100025403,156 247,B01,2,33,0,2,1,2,1,
202100025404,156 245,A01,3,33,3,0,2,26,1,
202100025405,156 244,A01,1,7,0,0,3,1,1,
202100025406,156 243,A01,3,1,0,0,0,26,6,
202100025407,156 241,A01,1,30,0,1,1,26,1,
202100025408,156 240,A01,1,7,0,1,1,1,1,
202100025409,156 238,A01,3,7,0,9,0,0,1,
202100025409,156 239,B01,3,1,0,2,8,1,5,
202100025410,156 236,A01,2,7,0,2,2,16,1,
202100025410,156 237,B01,2,33,0,2,4,23,1,
202100025411,156 235,A01,1,10,0,1,2,1,1,
202100025412,156 234,A01,3,7,0,1,2,1,3,
202100025413,156 232,B01,1,7,0,2,3,1,1,
202100025413,156 233,A01,2,30,0,2,3,17,1,
202100025414,156 230,A01,1,10,0,2,2,9,1,
202100025414,156 231,B01,1,2,0,2,6,9,1,
202100025415,156 228,A01,0,7,0,2,3,15,1,
202100025415,156 229,B01,1,2,0,2,3,26,1,
202100025416,156 226,B01,3,10,0,2,5,19,1,
202100025416,156 227,A01,3,7,0,2,1,26,1,
202100025417,156 225,A01,1,0,0,1,0,0,0,
202100025418,156 223,A01,1,7,0,2,8,15,1,
202100025418,156 224,B01,1,32,0,2,1,1,1,
202100025419,156 222,A01,1,7,0,1,2,16,1,
202100025420,156 220,A01,3,30,0,2,3,26,1,
202100025420,156 221,B01,1,34,0,2,1,1,1,
202100025421,156 218,B01,2,2,0,2,1,1,1,
202100025421,156 219,A01,1,7,0,2,3,15,1,
202100025422,156 217,A01,3,7,0,1,3,1,1,
202100025423,156 216,A01,1,7,13,0,9,13,1,
202100025424,156 215,A01,1,7,8,0,1,13,1,
202100025425,156 213,A01,2,32,0,0,1,13,1,
202100025426,156 211,A01,3,7,0,2,3,19,1,
202100025426,156 212,B01,0,60,0,2,1,0,5,
202100025427,156 210,A01,2,7,0,1,3,26,1,
202100025428,156 208,B01,1,17,0,2,5,1,1,
202100025428,156 209,A01,3,7,0,2,3,26,1,
202100025429,156 206,A01,-1,7,0,0,1,19,1,
202100025430,156 205,A01,3,7,0,1,1,19,1,
202100025431,156 204,A01,0,2,0,0,0,1,1,
202100025432,156 203,A01,2,7,8,0,1,14,1,
202100025433,156 201,A01,1,7,0,2,7,12,1,
202100025433,156 202,B01,1,7,0,2,8,16,1,
202100025434,156 199,B01,1,7,0,2,4,1,1,
202100025434,156 200,A01,1,7,0,2,1,1,1,
202100025435,156 197,B01,1,7,0,2,4,1,1,
202100025435,156 198,A01,1,7,0,2,1,1,1,
202100025436,156 196,B01,2,1,0,1,0,26,5,
202100025437,156 194,A01,3,10,0,2,3,15,1,
202100025437,156 195,B01,1,31,0,2,1,1,1,
202100025438,156 191,C01,2,7,0,2,1,1,1,
202100025438,156 192,B01,1,10,0,2,6,2,0,
202100025438,156 193,A01,1,33,0,2,7,17,1,
202100025439,156 190,A01,1,7,0,1,1,26,1,
202100025440,156 189,A01,2,7,0,1,6,21,1,
202100025441,156 187,A01,0,7,0,2,3,15,1,
202100025441,156 188,B01,0,2,0,2,0,17,1,
202100025442,156 186,A01,2,7,6,0,1,15,1,
202100025443,156 184,B01,1,7,0,2,1,1,1,
202100025443,156 185,A01,2,7,0,2,1,13,1,
202100025444,156 182,A01,1,1,0,2,1,1,5,
202100025444,156 183,B01,2,1,0,2,1,13,5,
202100025445,156 181,A01,2,7,0,1,1,12,1,
202100025446,156 180,A01,2,7,0,1,3,1,1,
202100025447,156 178,B01,2,30,0,2,1,1,1,
202100025447,156 179,A01,2,7,0,2,5,1,1,
202100025448,156 177,A01,0,7,0,1,1,0,2,
202100025449,156 175,A01,0,31,0,2,3,18,1,
202100025449,156 176,B01,0,7,1,2,3,26,1,
202100025450,156 174,A01,1,32,0,0,7,1,1,
202100025451,156 172,A01,1,7,0,2,1,2,1,
202100025451,156 173,B01,1,31,0,0,4,1,1,
202100025452,156 170,B01,1,7,0,2,8,9,1,
202100025452,156 171,A01,1,2,0,2,2,18,1,
202100025453,156 168,B01,1,7,0,2,4,23,1,
202100025453,156 169,A01,1,7,0,2,1,1,1,
202100025454,156 166,A01,1,10,0,2,1,26,1,
202100025454,156 167,B01,1,7,0,9,4,0,1,
202100025455,156 164,B01,1,7,0,2,1,16,1,
202100025455,156 165,A01,1,7,0,2,2,1,1,
202100025456,156 163,A01,3,33,7,0,1,1,1,
202100025457,156 161,A01,1,7,0,2,1,1,1,
202100025457,156 162,B01,1,7,0,2,1,1,1,
202100025458,156 159,A01,1,7,0,2,4,23,1,
202100025458,156 160,B01,1,2,0,2,1,2,1,
202100025459,156 157,B01,1,7,0,2,2,2,1,
202100025459,156 158,A01,1,33,0,2,3,2,1,
202100025460,156 156,A01,2,7,0,1,1,1,1,
202100025461,156 154,B01,1,7,0,0,4,2,1,
202100025461,156 155,A01,1,7,0,2,1,2,1,
202100025462,156 152,A01,1,32,0,2,5,15,1,
202100025462,156 153,B01,1,10,0,2,1,16,1,
202100025463,156 149,A01,1,7,0,2,1,2,1,
202100025463,156 150,B01,3,7,0,2,4,2,1,
202100025463,156 151,C01,1,7,0,0,4,2,1,
202100025464,156 147,B01,3,7,0,2,3,15,1,
202100025464,156 148,A01,3,33,0,2,1,17,1,
202100025465,156 146,A01,3,7,13,0,1,5,1,
202100025466,156 144,B01,1,50,0,2,1,1,3,
202100025466,156 145,Z01,2,7,0,9,1,1,1,
202100025467,156 143,Z01,0,7,0,1,1,1,1,
202100025468,156 142,A01,3,7,0,1,1,1,1,
202100025469,156 140,A01,0,7,0,2,3,15,0,
202100025469,156 141,B01,0,50,0,2,1,0,3,
202100025470,156 139,A01,1,33,0,0,8,1,1,
202100025471,156 137,A01,1,7,6,2,2,13,1,
202100025471,156 138,B01,2,10,0,2,2,1,1,
202100025472,156 135,B01,3,1,0,2,8,5,5,
202100025472,156 136,A01,3,7,0,2,0,1,1,
202100025473,156 134,A01,1,3,1,0,2,14,1,
202100025474,156 132,A01,1,10,0,2,7,1,1,
202100025474,156 133,B01,1,2,0,2,1,19,1,
202100025475,156 130,A01,3,7,0,2,2,14,1,
202100025475,156 131,B01,3,1,0,2,4,1,0,
202100025476,156 128,A01,2,7,0,1,4,2,1,
202100025476,156 129,B01,2,7,0,2,1,2,1,
202100025477,156 126,Z01,1,10,0,2,5,17,1,
202100025477,156 127,A01,1,30,0,2,8,3,1,
202100025478,156 124,B01,1,34,0,2,1,1,1,
202100025478,156 125,A01,2,10,0,2,2,1,1,
202100025479,156 122,A01,2,10,0,2,5,12,1,
202100025479,156 123,B01,2,2,0,2,1,1,1,
202100025480,156 120,A01,1,10,0,2,5,1,1,
202100025480,156 121,B01,1,33,0,2,5,23,1,
202100025481,156 119,Z01,2,50,0,1,1,1,3,
202100025482,156 117,A01,1,7,0,2,5,14,1,
202100025482,156 118,B01,1,30,0,2,6,1,1,
202100025483,156 115,A01,2,37,0,2,2,7,1,3.0
202100025483,156 116,Z01,2,10,0,2,3,15,1,
202100025484,156 113,B01,1,1,0,2,8,1,5,
202100025484,156 114,A01,3,10,0,2,8,22,1,
202100025485,156 112,A01,1,30,0,0,0,21,1,
202100025486,156 109,A01,2,7,0,2,1,1,1,
202100025486,156 110,B01,2,7,0,2,4,23,1,
202100025486,156 111,C01,2,31,0,2,4,23,1,
202100025487,156 107,A01,1,7,0,2,2,15,1,
202100025487,156 108,B01,2,32,0,2,1,1,1,
202100025488,156 105,B01,2,7,0,2,1,1,1,
202100025488,156 106,A01,2,10,0,2,2,15,1,
202100025489,156 103,B01,2,32,0,2,8,1,1,
202100025489,156 104,A01,2,7,0,2,2,16,1,
202100025490,156 101,B01,1,10,0,2,4,23,1,
202100025490,156 102,A01,1,7,0,2,1,2,1,
202100025491,156 099,B01,1,50,0,2,8,15,3,
202100025491,156 100,A01,2,37,0,2,3,1,1,2.0
202100025492,156 098,A01,1,7,0,1,3,1,1,
202100025493,156 096,B01,2,10,0,2,2,16,1,
202100025493,156 097,A01,2,34,0,2,3,1,1,
202100025494,156 094,B01,1,7,0,2,2,1,1,
202100025494,156 095,A01,1,7,0,2,3,17,1,
202100025495,156 092,B01,2,30,14,2,2,17,1,
202100025495,156 093,A01,1,7,14,2,8,10,1,
202100025496,156 090,B01,3,10,0,2,1,1,1,
202100025496,156 091,A01,3,7,0,2,8,10,1,
202100025497,156 088,B01,0,7,0,2,3,15,1,
202100025497,156 089,A01,0,33,0,2,1,2,1,
202100025498,156 086,A01,1,7,0,2,5,15,1,
202100025498,156 087,B01,2,43,0,2,3,1,1,
202100025499,156 084,A01,2,10,0,2,1,1,1,
202100025499,156 085,B01,2,7,0,2,3,1,2,
202100025500,156 082,B01,1,50,0,2,6,2,3,
202100025500,156 083,A01,1,7,0,9,2,2,2,
202100025501,156 081,A01,0,14,0,1,7,16,1,
202100025502,156 080,A01,2,7,1,0,2,14,0,
202100025503,156 079,Z01,1,7,0,1,2,1,1,
202100025504,156 078,A01,1,7,6,0,7,26,1,
202100025505,156 076,B01,3,7,13,0,8,1,1,
202100025505,156 077,A01,3,10,13,2,1,19,1,
202100025506,156 075,A01,0,1,0,0,0,1,6,
202100025507,156 073,A01,0,7,0,2,1,19,1,
202100025507,156 074,B01,0,2,0,2,3,1,1,
202100025508,156 072,A01,0,33,0,0,7,2,1,
202100025509,156 070,A01,1,7,0,2,7,1,1,
202100025509,156 071,B01,1,17,0,2,6,1,1,
202100025510,156 069,A01,1,7,2,0,2,14,1,
202100025511,156 068,A01,1,7,15,9,2,1,1,
202100025512,156 067,A01,2,7,10,0,2,2,1,
202100025513,156 065,B01,1,7,0,2,1,1,1,
202100025513,156 066,A01,1,7,0,0,4,1,1,
202100025514,156 063,A01,3,7,1,0,2,17,1,
202100025514,156 064,B01,3,10,0,0,6,23,1,
202100025515,156 061,B01,1,7,0,2,1,13,1,
202100025515,156 062,A01,2,17,0,2,3,1,1,
202100025516,156 060,A01,2,2,0,1,1,17,1,
202100025517,156 058,B01,3,7,0,2,2,1,1,
202100025517,156 059,A01,3,7,0,2,3,9,1,
202100025518,156 057,A01,1,7,2,0,1,1,1,
202100025519,156 055,A01,1,33,0,2,1,1,1,
202100025519,156 056,B01,1,7,0,2,2,19,1,
202100025520,156 053,A01,1,2,0,2,3,1,1,
202100025520,156 054,B01,2,21,0,2,3,1,1,
202100025521,156 051,A01,1,7,0,2,0,17,1,
202100025521,156 052,B01,1,33,0,0,9,17,1,
202100025522,156 048,C01,2,7,0,2,8,2,1,
202100025522,156 049,B01,1,7,0,2,8,1,1,
202100025522,156 050,A01,2,7,0,2,7,15,1,
202100025523,156 047,A01,1,7,15,0,9,1,1,
202100025524,156 045,A01,1,7,0,2,2,1,1,
202100025524,156 046,B01,2,10,3,2,3,1,1,
202100025525,156 043,B01,2,16,0,2,8,15,1,
202100025525,156 044,A01,2,10,0,2,1,17,1,
202100025526,156 041,B01,1,7,0,2,0,1,1,
202100025526,156 042,A01,1,7,0,2,3,13,1,
202100025527,156 039,B01,1,7,0,2,3,24,1,
202100025527,156 040,A01,1,33,1,0,1,1,1,
202100025528,156 037,B01,3,7,0,9,1,1,1,
202100025528,156 038,A01,3,80,0,2,2,1,3,
202100025529,156 036,A01,1,32,0,0,7,16,1,
202100025530,156 035,A01,1,33,0,0,1,0,1,
202100025531,156 034,A01,2,7,13,0,1,21,1,
202100025532,156 033,A01,2,1,0,0,0,1,5,
202100025533,156 032,A01,1,33,15,0,2,1,1,
202100025534,156 031,A01,2,7,13,0,1,1,1,
202100025535,156 030,A01,2,14,6,0,1,21,1,
202100025536,156 028,A01,1,7,0,0,7,13,1,
202100025536,156 029,B01,2,7,0,2,2,1,1,
202100025537,156 026,B01,1,7,7,2,1,1,1,
202100025537,156 027,A01,1,10,0,2,7,9,1,
202100025538,156 024,B01,2,2,0,2,1,1,1,
202100025538,156 025,A01,2,7,0,2,8,9,1,
202100025539,156 022,B01,0,1,8,0,4,19,5,
202100025539,156 023,A01,1,7,0,9,2,0,1,
202100025540,156 020,A01,1,10,0,2,1,2,1,
202100025540,156 021,B01,1,7,3,0,4,2,1,
202100025541,156 019,A01,2,33,3,0,7,1,1,
202100025542,156 017,A01,2,7,0,2,2,12,1,
202100025542,156 018,B01,2,7,0,2,6,1,1,
202100025543,156 016,A01,1,17,2,0,1,1,1,
202100025544,156 014,A01,1,7,0,2,3,13,1,
202100025544,156 015,B01,2,14,0,2,3,14,1,
202100025545,156 012,B01,3,7,0,2,1,1,1,
202100025545,156 013,A01,3,7,0,2,1,13,1,
202100025546,156 009,A01,2,10,0,9,2,15,0,
202100025546,156 010,B01,1,1,0,2,1,0,5,
202100025546,156 011,C01,1,1,0,2,1,1,5,
202100025547,156 008,A01,1,33,0,0,0,0,1,
202100025548,156 007,A01,1,32,0,0,8,1,1,
202100025549,156 005,A01,1,7,0,2,3,15,1,
202100025549,156 006,B01,2,33,0,2,8,1,1,
202100025550,156 004,A01,1,7,0,1,2,17,1,
202100025551,156 003,A01,2,1,0,0,0,17,5,
202100025552,156 000,A01,2,7,9,0,1,21,1,
202100025553,155 999,A01,2,7,6,0,3,14,1,
202100025554,155 997,A01,2,33,0,2,1,1,1,
202100025554,155 998,B01,3,7,0,2,1,15,1,
202100025555,155 995,B01,2,7,0,2,2,15,1,
202100025555,155 996,A01,1,33,0,2,1,16,1,
202100025556,155 993,B01,1,33,0,0,7,17,1,
202100025556,155 994,A01,1,7,0,0,3,15,1,
202100025557,155 992,A01,0,2,0,0,0,0,1,
202100025558,155 989,B01,2,1,0,0,1,19,5,
202100025558,155 990,A01,1,7,0,0,8,1,1,
202100025559,155 987,B01,2,33,0,2,0,21,1,
202100025559,155 988,A01,2,7,0,2,5,1,1,
202100025560,155 986,A01,2,7,4,0,3,14,1,
202100025561,155 984,A01,2,7,0,2,4,1,1,
202100025561,155 985,B01,2,7,0,2,1,2,1,
202100025562,155 982,A01,1,7,0,2,4,21,2,
202100025562,155 983,B01,1,7,0,2,4,1,1,
202100025563,155 979,B01,1,17,0,2,9,2,1,
202100025563,155 980,C01,1,7,0,2,5,2,1,
202100025563,155 981,A01,1,7,0,2,6,13,1,
202100025564,155 977,B01,2,33,0,2,3,3,1,
202100025564,155 978,A01,2,7,0,2,5,12,1,
202100025565,155 975,A01,1,7,0,2,4,2,1,
202100025565,155 976,B01,1,33,0,2,1,2,1,
202100025566,155 972,C01,1,14,0,2,4,2,1,
202100025566,155 973,A01,1,14,0,2,3,2,1,
202100025566,155 974,B01,1,7,0,2,2,2,1,
202100025567,155 970,A01,1,7,0,2,0,0,0,
202100025567,155 971,B01,1,7,0,2,0,0,0,
202100025568,155 969,A01,1,7,0,2,9,1,1,
202100025569,155 968,A01,3,7,0,1,3,1,1,
202100025570,155 966,A01,1,1,0,2,4,1,5,
202100025570,155 967,Z01,1,7,0,2,1,2,1,
202100025571,155 965,A01,1,7,0,1,2,1,1,
202100025572,155 964,A01,1,7,0,1,2,14,1,
202100025573,155 962,A01,2,7,0,2,3,13,1,
202100025573,155 963,B01,1,7,8,2,3,1,1,
202100025574,155 960,B01,3,2,0,2,8,3,1,
202100025574,155 961,A01,3,7,0,2,6,1,1,
202100025575,155 958,A01,2,7,0,2,8,9,1,
202100025575,155 959,B01,1,7,0,2,3,1,1,
202100025576,155 957,A01,1,7,0,1,1,19,1,
202100025577,155 955,B01,1,7,0,2,8,1,1,
202100025577,155 956,A01,1,14,0,2,2,14,1,
202100025578,155 953,B01,1,7,0,2,8,1,1,
202100025578,155 954,A01,1,15,0,2,5,12,1,
202100025579,155 952,A01,0,7,0,1,2,1,1,
202100025580,155 951,A01,2,7,0,1,1,15,1,
202100025581,155 950,A01,3,7,3,0,1,26,1,
202100025582,155 949,A01,2,7,8,0,1,1,1,
202100025583,155 947,B01,2,7,0,2,7,1,1,
202100025583,155 948,A01,1,30,0,2,8,13,1,
202100025584,155 946,A01,3,34,6,0,1,0,1,
202100025585,155 944,A01,1,7,0,2,8,9,1,
202100025585,155 945,B01,1,33,0,2,1,3,1,
202100025586,155 943,A01,1,32,0,1,1,9,1,
202100025587,155 942,A01,2,7,0,2,8,2,1,
202100025588,155 941,A01,1,7,4,0,1,1,1,
202100025589,155 939,B01,2,7,0,2,1,1,1,
202100025589,155 940,A01,2,33,0,2,8,16,1,
202100025590,155 938,A01,2,1,0,0,7,1,5,
202100025591,155 935,C01,2,7,0,2,1,23,1,
202100025591,155 936,A01,2,7,0,2,2,15,1,
202100025591,155 937,B01,1,7,0,2,1,1,1,
202100025592,155 933,B01,0,7,0,2,3,1,1,
202100025592,155 934,A01,0,7,0,2,3,1,1,
202100025593,155 932,A01,2,7,2,0,1,14,1,
202100025594,155 931,A01,1,7,0,1,1,9,0,
202100025595,155 930,A01,1,43,3,0,2,14,1,
202100025596,155 929,A01,1,7,9,0,0,14,1,
202100025597,155 927,B01,2,1,0,2,3,1,5,
202100025597,155 928,A01,1,7,0,2,1,15,2,
202100025598,155 926,A01,1,7,0,1,2,1,1,
202100025599,155 924,B01,2,30,0,2,1,1,1,
202100025599,155 925,A01,1,7,0,2,2,15,1,
202100025600,155 923,A01,2,10,8,0,1,1,1,
202100025601,155 922,A01,1,33,16,0,0,15,1,
202100025602,155 920,A01,3,7,0,2,2,19,1,
202100025602,155 921,B01,3,30,0,2,1,18,1,
202100025603,155 918,B01,3,2,0,2,3,1,1,
202100025603,155 919,A01,3,7,0,2,7,16,1,
202100025604,155 917,A01,0,7,8,0,1,1,0,
202100025605,155 916,A01,2,3,1,0,1,13,1,
202100025606,155 914,A01,3,7,0,2,1,15,1,
202100025606,155 915,B01,3,1,0,2,8,19,0,
202100025607,155 913,A01,1,30,12,0,8,13,1,
202100025608,155 912,A01,3,7,12,0,1,15,1,
202100025609,155 910,A01,1,32,0,2,5,18,1,
202100025609,155 911,B01,1,7,0,2,5,1,1,
202100025610,155 908,Z01,2,7,0,2,0,15,1,
202100025610,155 909,B01,1,30,0,2,0,1,1,
202100025611,155 906,A01,3,2,0,2,3,1,1,
202100025611,155 907,B01,3,7,0,2,2,16,1,
202100025612,155 904,A01,2,7,0,0,0,26,1,
202100025612,155 905,B01,2,2,14,0,0,1,1,
202100025613,155 902,A01,3,7,1,0,1,1,1,
202100025613,155 903,B01,3,7,0,2,6,24,2,
202100025614,155 898,A01,2,7,0,2,3,22,1,
202100025614,155 899,B01,2,1,1,0,7,1,5,
202100025615,155 897,A01,3,7,0,0,9,26,1,
202100025616,155 895,B01,3,15,0,2,4,2,1,
202100025616,155 896,A01,3,10,0,2,1,2,1,
202100025617,155 893,B01,1,2,0,2,1,0,1,
202100025617,155 894,A01,1,7,0,2,4,16,1,
202100025618,155 891,A01,2,30,0,2,1,1,1,
202100025618,155 892,B01,2,7,0,2,6,0,1,
202100025619,155 889,B01,1,7,0,2,2,19,1,
202100025619,155 890,A01,1,7,0,2,1,1,1,
202100025620,155 887,B01,1,7,0,2,8,15,1,
202100025620,155 888,A01,2,10,0,2,1,1,1,
202100025621,155 886,A01,3,7,0,1,2,11,0,
202100025622,155 885,A01,3,7,0,1,8,1,1,
202100025623,155 883,B01,2,2,0,2,8,1,1,
202100025623,155 884,A01,2,7,0,2,7,16,1,
202100025624,155 882,A01,1,7,15,0,1,21,1,
202100025625,155 880,A01,3,10,0,2,8,1,1,
202100025625,155 881,B01,3,33,0,2,7,15,1,
202100025626,155 878,A01,1,32,0,2,7,12,1,
202100025626,155 879,B01,1,33,0,2,8,3,1,
202100025627,155 877,A01,1,33,0,0,7,14,1,
202100025628,155 875,B01,1,10,0,2,6,23,1,
202100025628,155 876,A01,1,7,1,2,2,1,1,
202100025629,155 873,B01,1,7,0,2,2,1,2,
202100025629,155 874,A01,1,30,0,2,6,3,1,
202100025630,155 872,A01,1,7,0,1,2,1,1,
202100025631,155 870,A01,1,10,0,2,1,2,1,
202100025631,155 871,B01,1,10,0,9,4,1,1,
202100025632,155 868,A01,1,30,0,2,1,17,1,
202100025632,155 869,B01,1,7,0,2,6,15,1,
202100025633,155 867,Z01,2,7,0,1,1,1,0,
202100025634,155 865,B01,1,34,0,2,0,0,1,
202100025634,155 866,A01,1,7,0,2,7,19,1,
202100025635,155 863,B01,2,33,0,2,1,1,1,
202100025635,155 864,A01,0,7,0,2,6,19,1,
202100025636,155 861,B01,2,7,0,9,6,23,1,
202100025636,155 862,A01,2,33,0,2,1,7,1,
202100025637,155 859,A01,2,7,0,2,6,15,1,
202100025637,155 860,B01,2,31,0,2,1,1,1,
202100025638,155 857,B01,2,40,0,2,1,1,3,
202100025638,155 858,A01,2,7,0,4,7,15,1,
202100025639,155 855,A01,2,7,0,2,0,0,1,
202100025639,155 856,B01,2,2,0,2,1,1,1,
202100025640,155 853,A01,0,7,0,1,1,11,1,
202100025641,155 851,A01,1,7,0,2,7,15,1,
202100025641,155 852,B01,2,33,0,2,1,2,1,
202100025642,155 849,A01,1,30,0,2,1,1,0,
202100025642,155 850,B01,1,30,0,2,1,1,0,
202100025643,155 847,B01,1,7,0,2,3,1,1,
202100025643,155 848,A01,2,7,0,2,1,15,1,
202100025644,155 845,A01,1,3,0,2,1,9,1,
202100025644,155 846,B01,1,50,0,2,2,2,3,
202100025645,155 843,B01,1,2,1,2,4,1,1,
202100025645,155 844,A01,1,7,0,2,1,1,1,
202100025646,155 841,A01,2,10,0,2,2,15,1,
202100025646,155 842,B01,1,32,0,2,1,1,1,
202100025647,155 840,A01,2,2,6,0,1,0,1,
202100025648,155 838,B01,1,10,0,2,3,1,1,
202100025648,155 839,A01,2,7,0,2,3,1,1,
202100025649,155 835,B01,1,7,0,2,3,1,1,
202100025649,155 836,A01,2,7,0,2,1,1,1,
202100025649,155 837,C01,1,7,0,2,1,1,1,
202100025650,155 833,B01,1,7,0,2,1,13,1,
202100025650,155 834,A01,2,7,0,2,1,1,1,
202100025651,155 831,A01,1,7,0,2,3,13,1,
202100025651,155 832,B01,2,33,0,2,1,1,1,
202100025652,155 829,A01,1,7,0,2,3,10,1,
202100025652,155 830,B01,1,33,0,2,1,17,1,
202100025653,155 828,A01,2,7,4,0,0,0,1,
202100025654,155 825,A01,2,10,0,2,1,2,1,
202100025654,155 826,B01,2,7,0,2,4,2,1,
202100025654,155 827,C01,2,7,0,0,4,2,1,
202100025655,155 823,B01,1,7,0,2,3,1,1,
202100025655,155 824,A01,1,7,0,2,1,15,2,
202100025656,155 819,D01,1,7,0,0,0,16,1,
202100025656,155 820,C01,1,7,0,2,6,2,1,
202100025656,155 821,B01,2,7,0,2,3,5,1,
202100025656,155 822,A01,1,33,0,2,1,2,1,
202100025657,155 817,A01,1,7,0,2,3,15,0,
202100025657,155 818,B01,1,30,0,2,1,1,1,
202100025658,155 816,A01,2,1,0,0,0,1,5,
202100025659,155 814,A01,1,1,0,2,0,1,5,
202100025659,155 815,B01,1,7,0,2,0,18,1,
202100025660,155 812,B01,1,7,0,2,8,16,1,
202100025660,155 813,A01,2,7,0,2,3,13,1,
202100025661,155 810,B01,0,7,0,2,1,15,1,
202100025661,155 811,A01,2,7,0,2,1,1,1,
202100025662,155 809,A01,2,7,2,0,2,1,1,
202100025663,155 807,B01,1,7,0,2,1,1,1,
202100025663,155 808,A01,1,7,0,2,3,19,1,
202100025664,155 804,A01,1,33,15,0,8,13,1,
202100025665,155 803,A01,3,33,3,0,3,1,1,
202100025666,155 801,B01,2,1,0,2,7,1,5,
202100025666,155 802,A01,1,10,0,2,8,15,0,
202100025667,155 799,A01,1,15,0,2,3,15,1,
202100025667,155 800,B01,2,7,0,2,2,1,1,
202100025668,155 798,A01,1,7,2,0,2,1,1,
202100025669,155 796,A01,1,7,0,2,1,17,1,
202100025669,155 797,B01,1,7,0,0,6,15,1,
202100025670,155 794,B01,2,7,0,2,1,1,1,
202100025670,155 795,A01,1,7,0,2,1,13,1,
202100025671,155 792,B01,2,7,0,0,7,15,1,
202100025671,155 793,A01,1,7,0,2,1,1,1,
202100025672,155 791,A01,1,10,2,0,3,16,1,
202100025673,155 788,B01,0,0,0,0,2,2,0,
202100025673,155 789,A01,0,2,0,2,4,2,1,
202100025674,155 787,A01,3,33,0,0,7,1,1,
202100025675,155 786,A01,1,7,0,1,2,1,1,
202100025676,155 785,A01,2,7,0,1,2,2,1,
202100025677,155 784,A01,2,7,10,0,1,1,1,
202100025678,155 783,A01,3,33,15,0,1,17,1,
202100025679,155 782,A01,2,43,4,0,3,13,1,
202100025680,155 781,A01,2,10,3,0,7,1,1,
202100025681,155 779,A01,2,7,0,2,5,0,0,
202100025681,155 780,B01,2,7,0,2,1,0,1,
202100025682,155 778,A01,1,10,2,0,1,1,1,
202100025683,155 776,B01,1,10,0,0,0,15,1,
202100025683,155 777,A01,2,1,0,0,0,1,5,
202100025684,155 774,B01,1,7,0,2,1,1,1,
202100025684,155 775,A01,1,7,3,2,7,13,1,
202100025685,155 773,A01,1,10,2,0,2,1,1,
202100025686,155 771,B01,1,17,0,0,4,23,1,
202100025686,155 772,A01,1,17,0,0,1,2,1,
202100025687,155 769,A01,1,7,0,4,3,15,1,
202100025687,155 770,B01,1,39,0,2,2,1,1,
202100025688,155 768,A01,1,7,2,0,1,1,1,
202100025689,155 766,B01,2,33,12,2,0,9,1,
202100025689,155 767,A01,1,7,0,2,3,9,1,
202100025690,155 764,B01,1,2,0,2,2,1,1,
202100025690,155 765,A01,3,7,0,2,3,9,1,
202100025691,155 763,A01,2,7,13,0,1,6,1,
202100025692,155 761,B01,1,7,0,2,3,1,1,
202100025692,155 762,A01,1,7,0,2,1,1,1,
202100025693,155 760,A01,3,2,9,0,3,14,1,
202100025694,155 759,A01,2,7,13,0,1,1,1,
202100025695,155 756,C01,2,7,0,2,6,1,1,
202100025695,155 757,B01,2,34,0,2,4,3,1,
202100025695,155 758,A01,2,7,0,2,1,14,0,
202100025696,155 754,A01,1,7,0,2,1,3,1,
202100025696,155 755,B01,1,7,0,0,4,1,1,
202100025697,155 751,B01,1,7,0,2,4,2,1,
202100025697,155 752,C01,1,17,0,2,4,2,1,
202100025697,155 753,A01,1,7,0,2,1,1,1,
202100025698,155 749,B01,1,10,0,2,8,1,1,
202100025698,155 750,A01,1,14,0,2,7,12,1,
202100025699,155 748,A01,1,7,3,0,3,1,1,
202100025700,155 747,A01,2,33,0,0,7,16,1,
202100025701,155 746,A01,3,7,3,0,2,26,1,
202100025702,155 744,B01,1,15,0,2,4,1,1,
202100025702,155 745,A01,1,7,0,2,1,1,1,
202100025703,155 741,B01,2,7,0,2,3,1,1,
202100025703,155 742,A01,1,10,0,2,3,16,1,
202100025704,155 739,A01,1,37,0,2,3,1,1,3.0
202100025704,155 740,B01,3,7,0,2,1,0,3,
202100025705,155 737,B01,3,10,0,2,7,17,1,
202100025705,155 738,A01,3,33,0,2,6,17,1,
202100025706,155 736,A01,0,2,0,1,1,1,1,
202100025707,155 733,A01,2,7,0,2,7,15,1,
202100025707,155 734,B01,1,7,0,2,1,1,1,
202100025708,155 731,A01,3,7,0,2,3,15,1,
202100025708,155 732,B01,3,31,0,2,8,1,1,
202100025709,155 729,B01,3,7,0,2,1,1,1,
202100025709,155 730,A01,3,7,0,2,4,10,1,
202100025710,155 727,A01,1,7,0,2,4,2,1,