Num_Acc,id_vehicule,num_veh,senc,catv,obs,obsm,choc,manv,motor,occutc
202100025710,155 728,B01,1,7,0,2,1,1,1,
202100025711,155 726,A01,3,30,0,0,7,26,1,
202100025712,155 724,B01,3,2,0,2,1,2,1,
202100025712,155 725,A01,3,7,0,2,4,2,1,
202100025713,155 722,A01,2,7,0,2,6,15,1,
202100025713,155 723,B01,1,10,0,2,6,15,1,
202100025714,155 720,B01,1,7,0,2,4,2,1,
202100025714,155 721,A01,1,7,0,2,1,2,1,
202100025715,155 719,Z01,2,31,0,1,1,1,1,
202100025716,155 717,A01,1,31,1,0,1,2,1,
202100025716,155 718,B01,1,7,1,0,4,23,1,
202100025717,155 716,A01,1,7,0,0,1,1,1,
202100025718,155 714,B01,2,33,0,2,1,17,1,
202100025718,155 715,A01,1,7,0,2,1,15,1,
202100025719,155 713,A01,1,7,0,1,3,16,1,
202100025720,155 712,A01,0,7,1,0,2,1,1,
202100025721,155 710,B01,2,33,0,2,1,1,1,
202100025721,155 711,A01,3,7,0,2,6,19,1,
202100025722,155 707,B01,3,7,0,2,1,0,1,
202100025722,155 708,A01,3,7,0,2,1,13,1,
202100025723,155 705,A01,1,10,0,2,7,15,1,
202100025723,155 706,B01,2,1,0,2,1,1,5,
202100025724,155 703,A01,1,7,0,1,3,1,1,
202100025724,155 704,B01,2,7,0,1,3,1,1,
202100025725,155 702,A01,1,40,0,1,2,1,3,
202100025726,155 699,B01,1,7,0,2,4,1,1,
202100025726,155 700,C01,1,10,0,2,5,1,1,
202100025726,155 701,A01,1,7,0,2,1,1,1,
202100025727,155 697,B01,2,10,0,2,2,1,1,
202100025727,155 698,A01,1,7,0,2,3,9,3,
202100025728,155 694,B01,1,7,0,2,1,1,1,
202100025728,155 695,A01,2,7,0,2,1,13,1,
202100025728,155 696,C01,1,10,0,2,1,1,1,
202100025729,155 692,B01,1,7,0,2,1,1,1,
202100025729,155 693,A01,1,10,0,2,1,11,1,
202100025730,155 690,A01,1,7,0,2,4,1,1,
202100025730,155 691,B01,1,7,0,2,1,2,1,
202100025731,155 689,A01,1,33,3,0,2,14,1,
202100025732,155 687,A01,1,7,0,2,8,9,1,
202100025732,155 688,B01,2,33,0,2,1,1,1,
202100025733,155 686,A01,3,7,0,1,1,1,1,
202100025734,155 684,A01,3,7,8,2,8,15,1,
202100025734,155 685,B01,3,7,14,2,0,0,1,
202100025735,155 682,A01,0,7,0,2,1,2,1,
202100025735,155 683,B01,1,7,0,2,2,15,1,
202100025736,155 680,A01,1,7,0,2,1,26,1,
202100025736,155 681,B01,1,7,0,2,4,26,1,
202100025737,155 679,A01,0,7,15,0,1,14,1,
202100025738,155 677,T01,2,7,0,2,0,0,1,
202100025738,155 678,A01,2,7,4,2,7,1,1,
202100025739,155 675,A01,1,7,13,0,2,16,1,
202100025739,155 676,B01,1,33,0,2,1,21,1,
202100025740,155 674,A01,0,7,0,1,1,15,1,
202100025741,155 672,B01,1,7,0,2,2,1,1,
202100025741,155 673,A01,2,7,0,2,3,19,1,
202100025742,155 670,A01,1,7,0,2,1,2,1,
202100025742,155 671,B01,1,7,0,2,4,2,1,
202100025743,155 668,B01,0,80,0,2,1,1,3,
202100025743,155 669,A01,0,7,0,2,0,9,1,
202100025744,155 666,A01,2,7,0,2,2,9,1,
202100025744,155 667,B01,1,33,0,2,1,17,1,
202100025745,155 664,A01,1,7,0,2,3,1,1,
202100025745,155 665,B01,2,34,0,2,1,16,1,
202100025746,155 662,B01,1,10,0,2,5,0,1,
202100025746,155 663,A01,1,15,0,2,3,0,1,
202100025747,155 660,A01,1,7,0,2,1,1,1,
202100025747,155 661,B01,1,7,1,2,7,1,1,
202100025748,155 659,A01,2,33,14,0,1,7,1,
202100025749,155 658,Z01,1,7,0,1,2,14,0,
202100025750,155 656,A01,1,7,0,2,2,17,1,
202100025750,155 657,B01,2,7,0,2,2,1,1,
202100025751,155 653,C01,1,7,0,2,8,1,1,
202100025751,155 654,B01,2,34,0,2,1,1,1,
202100025751,155 655,A01,1,7,0,2,5,15,1,
202100025752,155 652,A01,3,7,0,1,1,1,1,
202100025753,155 651,A01,3,7,0,1,1,1,2,
202100025754,155 648,C01,3,7,0,2,3,1,1,
202100025754,155 649,B01,3,7,0,2,1,1,1,
202100025754,155 650,A01,3,33,0,2,1,17,1,
202100025755,155 647,A01,3,40,0,1,3,1,0,
202100025756,155 645,B01,1,31,0,2,3,0,1,
202100025756,155 646,A01,2,7,0,2,3,15,1,
202100025757,155 643,A01,1,7,0,2,0,9,1,
202100025757,155 644,B01,1,7,0,2,6,1,1,
202100025758,155 641,B01,0,7,0,2,1,15,1,
202100025758,155 642,A01,2,2,0,2,2,1,1,
202100025759,155 640,A01,1,7,2,0,2,1,1,
202100025760,155 639,A01,3,99,15,0,0,0,1,
202100025761,155 637,A01,1,33,0,2,1,2,1,
202100025761,155 638,B01,1,7,0,2,5,2,1,
202100025762,155 636,A01,0,7,0,1,1,15,1,
202100025763,155 635,A01,3,32,0,0,2,9,1,
202100025764,155 633,A01,0,1,0,2,1,1,5,
202100025764,155 634,B01,0,7,0,2,2,16,1,
202100025765,155 631,B01,2,7,0,2,4,23,1,
202100025765,155 632,A01,2,1,0,2,1,2,5,
202100025766,155 629,B01,1,7,0,2,6,2,1,
202100025766,155 630,A01,1,17,0,2,2,12,1,
202100025767,155 627,B01,2,30,0,2,1,1,1,
202100025767,155 628,A01,1,7,0,2,2,15,1,
202100025768,155 626,A01,3,7,0,1,7,1,2,
202100025769,155 624,A01,1,7,0,2,1,15,1,
202100025769,155 625,B01,1,2,0,2,2,1,1,
202100025770,155 622,A01,2,10,0,2,3,22,1,
202100025770,155 623,B01,2,1,0,2,1,1,5,
202100025771,155 621,A01,2,7,1,0,1,13,1,
202100025772,155 620,A01,2,50,15,0,1,14,3,
202100025773,155 618,B01,3,7,0,2,3,22,1,
202100025773,155 619,A01,3,1,0,2,2,1,5,
202100025774,155 617,A01,1,7,0,1,2,1,1,
202100025775,155 615,A01,1,7,0,2,7,2,1,
202100025775,155 616,B01,1,33,0,2,8,2,1,
202100025776,155 614,A01,2,3,0,0,9,16,1,
202100025777,155 612,B01,2,1,1,0,7,1,0,
202100025777,155 613,A01,2,7,0,9,3,22,0,
202100025778,155 611,A01,1,7,9,0,1,2,0,
202100025779,155 609,A01,2,7,0,2,3,1,2,
202100025779,155 610,B01,2,7,0,2,7,16,1,
202100025780,155 607,B01,1,7,0,2,1,1,1,
202100025780,155 608,A01,1,7,0,2,4,1,3,
202100025781,155 606,A01,3,7,0,1,3,1,1,
202100025782,155 604,A01,3,7,12,2,3,16,1,
202100025782,155 605,B01,3,7,8,9,1,9,1,
202100025783,155 603,A01,2,7,0,1,2,1,1,
202100025784,155 602,A01,1,7,1,2,2,21,1,
202100025785,155 600,B01,1,33,0,2,1,1,1,
202100025785,155 601,A01,1,7,0,2,2,10,1,
202100025786,155 598,B01,1,7,0,9,6,26,1,
202100025786,155 599,A01,1,2,0,2,4,26,1,
202100025787,155 597,A01,3,99,1,0,2,26,1,
202100025788,155 596,A01,1,10,0,1,7,1,1,
202100025789,155 594,B01,1,33,0,2,3,1,1,
202100025789,155 595,A01,1,7,0,2,2,16,1,
202100025790,155 592,A01,2,7,0,2,6,11,1,
202100025790,155 593,B01,1,32,0,2,1,1,1,
202100025791,155 589,A01,3,7,0,1,1,1,1,
202100025792,155 588,A01,2,7,10,0,1,1,1,
202100025793,155 587,A01,0,7,0,1,1,16,1,
202100025794,155 585,A01,3,10,0,2,3,9,1,
202100025794,155 586,B01,0,33,0,2,7,0,1,
202100025795,155 583,B01,2,13,0,0,6,1,1,
202100025795,155 584,A01,2,7,0,2,2,14,1,
202100025796,155 582,A01,2,7,13,0,1,1,1,
202100025797,155 580,A01,0,7,0,2,6,13,1,
202100025797,155 581,B01,0,33,0,2,2,17,1,
202100025798,155 578,A01,2,7,0,2,1,1,1,
202100025798,155 579,B01,1,7,0,2,1,15,1,
202100025799,155 574,A01,2,33,0,2,1,17,1,
202100025799,155 575,B01,2,7,0,2,3,15,1,
202100025800,155 572,A01,2,7,0,2,1,13,1,
202100025800,155 573,B01,1,15,0,2,1,1,1,
202100025801,155 571,A01,1,7,2,0,2,1,1,
202100025802,155 569,A01,1,7,0,2,2,1,1,
202100025802,155 570,B01,1,33,0,0,4,2,1,
202100025803,155 567,B01,0,7,0,2,3,15,1,
202100025803,155 568,A01,0,31,0,2,1,17,1,
202100025804,155 566,A01,2,2,0,0,0,17,1,
202100025805,155 564,B01,1,7,0,2,1,1,1,
202100025805,155 565,A01,3,7,0,2,8,15,1,
202100025806,155 563,A01,2,2,8,0,2,14,1,
202100025807,155 561,B01,0,30,0,2,8,9,1,
202100025807,155 562,A01,2,7,0,2,1,1,1,
202100025808,155 559,B01,2,7,0,2,6,1,1,
202100025808,155 560,A01,1,7,8,2,3,1,1,
202100025809,155 557,A01,1,10,0,9,2,1,1,
202100025809,155 558,B01,2,1,0,2,3,15,0,
202100025810,155 555,A01,2,7,0,2,7,13,1,
202100025810,155 556,B01,1,7,0,2,1,26,1,
202100025811,155 554,A01,1,33,8,0,1,2,1,
202100025812,155 553,A01,1,32,12,0,2,0,1,
202100025813,155 552,A01,1,7,15,0,3,1,1,
202100025814,155 550,B01,2,3,0,2,4,2,1,
202100025814,155 551,A01,2,7,0,2,1,2,1,
202100025815,155 548,B01,2,33,0,2,1,1,1,
202100025815,155 549,A01,1,7,0,2,7,15,1,
202100025816,155 546,A01,2,10,0,2,4,4,1,
202100025816,155 547,B01,2,33,0,2,1,23,1,
202100025817,155 544,A01,1,2,0,2,1,2,1,
202100025817,155 545,B01,1,10,0,0,6,1,1,
202100025818,155 542,B01,2,15,0,2,3,1,1,
202100025818,155 543,A01,1,15,0,2,3,13,1,
202100025819,155 539,C01,2,7,0,2,1,2,1,
202100025819,155 540,B01,2,7,0,2,1,2,1,
202100025819,155 541,A01,2,7,0,2,4,1,1,
202100025820,155 537,B01,1,7,0,0,5,2,1,
202100025820,155 538,A01,1,33,0,2,1,2,1,
202100025821,155 534,A01,1,7,0,2,1,1,1,
202100025821,155 535,B01,2,17,3,2,1,6,1,
202100025821,155 536,C01,1,7,16,0,0,1,1,
202100025822,155 533,A01,1,7,3,0,1,0,1,
202100025823,155 531,B01,2,50,0,2,1,0,3,
202100025823,155 532,A01,2,7,0,9,6,0,1,
202100025824,155 530,A01,2,7,3,0,3,0,1,
202100025825,155 528,A01,1,31,0,2,1,0,1,
202100025825,155 529,B01,2,7,0,2,1,15,1,
202100025826,155 526,B01,1,7,0,2,1,1,1,
202100025826,155 527,A01,2,7,0,2,1,13,1,
202100025827,155 525,A01,1,7,4,0,1,1,1,
202100025828,155 524,A01,3,7,2,0,1,1,1,
202100025829,155 523,A01,0,7,15,0,3,1,1,
202100025830,155 522,A01,1,33,0,0,0,1,1,
202100025831,155 520,A01,1,7,0,2,7,13,1,
202100025831,155 521,B01,2,10,0,2,8,1,1,
202100025832,155 518,B01,2,10,0,2,3,1,0,
202100025832,155 519,A01,1,7,0,2,8,15,1,
202100025833,155 516,A01,2,7,0,2,2,15,1,
202100025833,155 517,B01,1,2,0,2,8,1,1,
202100025834,155 514,B01,1,7,0,0,6,24,1,
202100025834,155 515,A01,1,2,1,0,1,1,1,
202100025835,155 512,A01,1,7,0,2,4,9,1,
202100025835,155 513,B01,1,80,0,2,2,19,3,
202100025836,155 507,A01,2,14,0,2,1,1,1,
202100025836,155 508,E01,1,14,0,2,1,1,1,
202100025836,155 509,D01,2,7,0,2,4,23,1,
202100025836,155 510,C01,2,7,0,2,4,23,1,
202100025836,155 511,B01,2,7,0,2,4,15,1,
202100025837,155 506,A01,1,7,2,0,3,1,1,
202100025838,155 504,B01,1,7,0,2,1,2,1,
202100025838,155 505,A01,2,7,0,2,1,13,1,
202100025839,155 500,A01,2,7,0,2,4,2,1,
202100025839,155 501,B01,2,10,0,2,1,2,1,
202100025840,155 497,C01,0,7,0,2,1,2,1,
202100025840,155 498,B01,2,7,0,2,4,2,1,
202100025840,155 499,A01,2,7,0,2,4,2,1,
202100025841,155 495,A01,2,7,0,2,6,1,1,
202100025841,155 496,B01,0,10,0,2,2,11,1,
202100025842,155 494,A01,2,7,2,0,1,14,1,
202100025843,155 492,B01,1,7,0,2,8,1,1,
202100025843,155 493,A01,1,7,0,2,2,14,1,
202100025844,155 490,B01,2,7,0,2,8,1,1,
202100025844,155 491,A01,2,17,0,2,2,12,1,
202100025845,155 488,Z01,2,7,0,2,1,2,0,
202100025845,155 489,B01,2,7,0,2,5,2,1,
202100025846,155 486,B01,1,15,0,2,1,2,1,
202100025846,155 487,A01,1,7,0,2,6,2,1,
202100025847,155 484,B01,1,17,0,2,2,0,1,
202100025847,155 485,A01,1,7,0,2,3,0,1,
202100025848,155 483,A01,1,15,0,0,0,26,1,
202100025849,155 481,B01,2,43,0,2,1,0,1,
202100025849,155 482,Z01,2,7,0,2,0,0,0,
202100025850,155 479,B01,2,7,14,0,2,1,1,
202100025850,155 480,A01,2,7,0,0,1,26,1,
202100025851,155 478,A01,1,7,4,0,1,1,1,
202100025852,155 477,A01,2,10,4,0,7,1,1,
202100025853,155 475,A01,2,7,0,2,2,2,1,
202100025853,155 476,B01,2,7,0,2,6,2,1,
202100025854,155 469,D01,1,10,0,2,4,2,3,
202100025854,155 470,E01,1,7,0,2,4,2,1,
202100025854,155 471,F01,1,7,0,2,4,2,1,
202100025854,155 472,A01,1,38,0,2,1,2,1,1.0
202100025854,155 473,B01,1,7,0,2,4,2,2,
202100025854,155 474,C01,1,7,0,2,4,2,1,
202100025855,155 468,A01,1,7,0,1,2,1,1,
202100025856,155 467,A01,3,36,0,0,0,0,1,
202100025857,155 465,B01,2,33,0,0,4,23,1,
202100025857,155 466,A01,2,7,0,2,1,1,1,
202100025858,155 464,A01,2,7,0,0,9,16,1,
202100025859,155 463,A01,2,7,0,1,3,0,1,
202100025860,155 460,C01,2,7,0,2,3,1,1,
202100025860,155 461,B01,2,7,0,2,2,1,1,
202100025860,155 462,A01,1,7,0,2,9,19,1,
202100025861,155 458,A01,1,7,0,2,2,1,1,
202100025861,155 459,B01,3,1,0,2,0,26,5,
202100025862,155 456,A01,2,2,0,2,7,5,1,
202100025862,155 457,B01,1,7,0,2,2,1,1,
202100025863,155 455,A01,3,7,13,0,1,0,0,
202100025864,155 454,A01,2,7,13,0,1,1,1,
202100025865,155 453,A01,1,39,0,1,3,1,0,
202100025866,155 451,A01,3,1,0,2,1,19,5,
202100025866,155 452,B01,3,7,0,9,8,1,1,
202100025867,155 450,A01,1,10,0,1,5,26,0,
202100025868,155 447,B01,1,30,0,2,1,15,1,
202100025868,155 448,A01,2,7,0,2,3,15,1,
202100025869,155 446,A01,1,7,0,1,2,1,1,
202100025870,155 444,A01,3,50,0,2,1,15,3,
202100025870,155 445,B01,2,7,0,2,8,1,1,
202100025871,155 442,A01,2,7,0,2,3,15,1,
202100025871,155 443,B01,1,33,0,2,8,1,1,
202100025872,155 440,B01,2,33,0,2,4,23,1,
202100025872,155 441,A01,2,7,0,2,1,2,1,
202100025873,155 438,A01,2,7,0,2,1,2,0,
202100025873,155 439,B01,2,7,0,2,5,23,1,
202100025874,155 436,A01,2,7,0,2,3,9,1,
202100025874,155 437,B01,2,13,0,2,7,16,1,
202100025875,155 434,A01,1,7,0,2,7,15,2,
202100025875,155 435,B01,2,1,0,2,1,1,5,
202100025876,155 433,A01,1,7,0,1,2,16,1,
202100025877,155 431,A01,2,7,0,2,1,1,1,
202100025877,155 432,B01,1,7,0,2,6,15,1,
202100025878,155 429,B01,0,33,0,0,0,0,1,
202100025878,155 430,A01,0,3,0,0,0,0,1,
202100025879,155 427,A01,1,43,0,2,1,17,1,
202100025879,155 428,B01,1,37,0,0,8,15,1,1.0
202100025880,155 424,C01,3,7,14,0,1,1,1,
202100025880,155 425,B01,3,7,0,2,1,23,1,
202100025880,155 426,A01,3,7,0,2,4,23,1,
202100025881,155 422,A01,3,7,0,2,2,15,0,
202100025881,155 423,B01,0,7,0,2,3,2,1,
202100025882,155 421,A01,2,38,1,0,1,1,0,2.0
202100025883,155 419,A01,3,7,0,2,1,1,2,
202100025883,155 420,B01,-1,1,0,2,8,19,5,
202100025884,155 417,B01,1,37,0,2,1,1,1,1.0
202100025884,155 418,A01,1,7,0,2,7,1,0,
202100025885,155 416,A01,1,7,0,1,1,9,1,
202100025886,155 414,B01,2,7,0,2,1,1,1,
202100025886,155 415,A01,1,7,1,2,2,13,1,
202100025887,155 412,A01,2,7,0,2,8,22,1,
202100025887,155 413,B01,2,50,1,0,1,1,3,
202100025888,155 411,A01,1,7,8,0,1,13,1,
202100025889,155 410,A01,3,31,13,0,1,1,1,
202100025890,155 409,A01,2,2,0,0,7,1,1,
202100025891,155 408,A01,2,2,6,0,2,2,1,
202100025892,155 405,C01,1,7,0,2,1,1,1,
202100025892,155 406,B01,2,7,0,2,4,2,1,
202100025892,155 407,A01,1,10,0,0,4,2,1,
202100025893,155 404,A01,3,7,0,0,1,21,1,
202100025894,155 403,A01,0,7,0,1,2,1,1,
202100025895,155 401,B01,2,7,6,2,3,5,1,
202100025895,155 402,A01,1,7,6,2,3,5,1,
202100025896,155 400,A01,3,7,0,1,4,4,1,
202100025897,155 398,B01,2,21,0,0,6,2,1,
202100025897,155 399,A01,2,7,0,2,1,2,1,
202100025898,155 396,A01,2,2,13,0,7,0,1,
202100025899,155 395,A01,3,10,13,0,1,26,3,
202100025900,155 394,A01,2,7,0,1,1,1,1,
202100025901,155 392,B01,2,7,0,0,7,15,1,
202100025901,155 393,A01,1,7,0,2,1,1,1,
202100025902,155 390,B01,1,80,0,2,8,15,5,
202100025902,155 391,A01,1,7,0,2,2,2,1,
202100025903,155 389,A01,3,7,2,0,1,21,1,
202100025904,155 387,B01,1,2,8,2,1,5,1,
202100025904,155 388,A01,2,7,0,0,2,15,1,
202100025905,155 386,A01,1,7,13,0,2,1,1,
202100025906,155 384,B01,2,7,0,2,2,1,1,
202100025906,155 385,A01,2,2,0,0,4,1,1,
202100025907,155 381,C01,1,2,0,2,1,1,1,
202100025907,155 382,B01,1,2,0,2,1,1,1,
202100025907,155 383,A01,2,7,0,2,1,5,1,
202100025908,155 377,A01,1,7,0,2,8,1,1,
202100025908,155 378,B01,1,33,0,2,8,17,1,
202100025909,155 375,A01,3,7,0,2,1,1,1,
202100025909,155 376,B01,0,36,0,2,8,9,1,
202100025910,155 374,A01,1,7,13,0,1,0,1,
202100025911,155 372,A01,1,7,13,2,2,15,1,
202100025911,155 373,B01,2,7,0,2,1,1,1,
202100025912,155 370,A01,2,7,0,2,1,17,1,
202100025912,155 371,B01,1,7,0,2,8,15,1,
202100025913,155 367,C01,2,7,0,2,1,1,1,
202100025913,155 368,B01,1,15,0,2,3,1,1,
202100025913,155 369,A01,2,7,0,2,3,13,1,
202100025914,155 365,A01,1,10,0,2,1,1,1,
202100025914,155 366,B01,1,1,0,0,5,0,5,
202100025915,155 364,A01,1,33,13,0,9,17,1,
202100025916,155 361,B01,2,10,0,2,4,1,1,
202100025916,155 362,A01,1,7,0,2,3,1,1,
202100025916,155 363,D01,2,7,0,2,8,1,1,
202100025917,155 359,B01,1,10,0,2,1,1,1,
202100025917,155 360,A01,2,7,0,2,1,1,1,
202100025918,155 356,A01,1,33,0,0,0,1,1,
202100025919,155 354,A01,1,7,13,0,2,1,1,
202100025920,155 352,B01,1,7,0,2,1,1,3,
202100025920,155 353,A01,2,33,0,2,7,1,1,
202100025921,155 351,A01,1,7,0,1,0,2,0,
202100025922,155 349,A01,1,37,0,0,4,23,1,1.0
202100025922,155 350,B01,1,33,1,0,1,12,1,
202100025923,155 346,A01,1,7,4,0,3,1,1,
202100025923,155 347,B01,1,7,4,2,7,1,1,
202100025923,155 348,C01,1,7,0,2,2,1,1,
202100025924,155 345,A01,3,7,6,0,9,0,1,
202100025925,155 342,C01,1,7,0,2,2,2,1,
202100025925,155 343,A01,1,7,0,0,4,23,1,
202100025925,155 344,B01,1,7,0,0,9,23,0,
202100025926,155 341,A01,2,33,3,0,1,0,1,
202100025927,155 339,A01,2,7,3,0,4,1,1,
202100025927,155 340,B01,2,10,0,2,1,2,1,
202100025928,155 337,B01,2,37,0,0,3,1,1,7.0
202100025928,155 338,A01,1,7,0,2,2,15,1,
202100025929,155 335,B01,2,7,4,9,6,1,1,
202100025929,155 336,A01,2,7,1,9,2,1,1,
202100025930,155 332,A01,2,7,0,2,2,17,1,
202100025930,155 333,B01,3,7,0,2,3,15,1,
202100025931,155 330,A01,3,7,0,2,7,9,1,
202100025931,155 331,B01,2,7,0,2,1,1,1,
202100025932,155 329,A01,2,7,2,0,1,1,1,
202100025933,155 328,A01,0,7,1,1,2,1,1,
202100025934,155 327,A01,1,7,13,0,2,1,1,
202100025935,155 325,B01,1,7,0,2,4,13,1,
202100025935,155 326,A01,1,2,0,2,1,1,1,
202100025936,155 323,B01,0,2,0,0,4,23,1,
202100025936,155 324,A01,0,2,0,2,1,1,1,
202100025937,155 321,B01,2,7,0,2,2,15,1,
202100025937,155 322,A01,1,32,0,2,1,17,1,
202100025938,155 319,A01,2,33,0,2,2,1,1,
202100025938,155 320,B01,2,33,0,2,4,10,1,
202100025939,155 318,A01,3,7,0,1,2,1,1,
202100025940,155 317,A01,3,1,12,0,0,1,5,
202100025941,155 316,A01,0,7,0,1,5,4,1,
202100025942,155 314,B01,2,1,0,2,8,9,5,
202100025942,155 315,A01,1,7,0,2,1,9,1,
202100025943,155 312,A01,1,7,0,2,5,15,1,
202100025943,155 313,B01,1,33,0,2,1,1,1,
202100025944,155 310,A01,2,7,0,2,4,19,1,
202100025944,155 311,B01,1,17,0,2,1,14,1,
202100025945,155 308,B01,2,21,0,0,5,15,1,
202100025945,155 309,A01,2,7,0,2,3,17,1,
202100025946,155 304,B01,0,7,0,2,0,0,1,
202100025946,155 305,A01,2,10,0,2,4,26,1,
202100025947,155 301,A01,2,7,0,2,4,0,1,
202100025947,155 302,C01,2,10,0,2,1,0,1,
202100025947,155 303,B01,2,7,0,2,4,0,3,
202100025948,155 299,A01,1,7,0,2,4,2,1,
202100025948,155 300,Z01,1,7,0,2,1,2,0,
202100025949,155 297,A01,1,7,0,2,1,2,1,
202100025949,155 298,B01,1,10,0,2,4,1,1,
202100025950,155 296,A01,0,31,0,0,0,26,1,
202100025951,155 294,A01,2,7,0,2,7,14,1,
202100025951,155 295,B01,2,33,0,2,8,26,1,
202100025952,155 292,B01,2,15,0,2,6,1,1,
202100025952,155 293,A01,2,7,0,2,2,0,1,
202100025953,155 291,A01,2,7,0,0,9,1,1,
202100025954,155 290,A01,3,10,3,0,8,1,1,
202100025955,155 288,Z01,2,7,0,2,0,0,0,
202100025955,155 289,A01,2,7,0,0,0,23,1,
202100025956,155 285,A01,2,7,0,2,1,1,1,
202100025956,155 286,B01,2,7,0,2,4,1,1,
202100025956,155 287,C01,2,7,0,2,4,1,1,
202100025957,155 282,C01,2,7,0,2,4,1,1,
202100025957,155 283,A01,2,43,0,2,1,3,1,
202100025957,155 284,B01,2,7,0,2,8,11,1,
202100025958,155 281,A01,0,33,0,0,9,26,1,
202100025959,155 279,A01,3,33,0,2,1,17,1,
202100025959,155 280,B01,3,1,0,2,0,0,5,
202100025960,155 277,A01,2,10,0,2,1,1,1,
202100025960,155 278,B01,2,7,0,2,4,23,1,
202100025961,155 275,B01,2,7,0,2,4,1,1,
202100025961,155 276,A01,1,30,0,2,1,21,1,
202100025962,155 274,A01,1,30,3,0,1,9,1,
202100025963,155 271,C01,2,7,0,2,4,1,1,
202100025963,155 272,B01,2,7,0,2,4,1,1,
202100025963,155 273,A01,2,7,0,2,1,1,1,
202100025964,155 269,B01,3,2,0,2,8,1,1,
202100025964,155 270,A01,3,7,0,2,3,1,1,
202100025965,155 267,B01,1,33,0,2,7,16,1,
202100025965,155 268,A01,2,7,0,2,3,15,1,
202100025966,155 265,A01,3,7,0,2,3,1,1,
202100025966,155 266,B01,3,33,0,2,8,1,1,
202100025967,155 264,A01,3,7,0,0,1,26,1,
202100025968,155 263,Z01,3,7,0,1,3,25,0,
202100025969,155 260,A01,2,33,0,1,0,1,1,
202100025970,155 258,A01,2,7,0,2,1,5,1,
202100025970,155 259,B01,2,33,0,2,1,1,1,
202100025971,155 257,A01,0,1,0,0,0,0,5,
202100025972,155 254,C01,1,7,0,2,4,23,1,
202100025972,155 255,B01,1,7,0,2,4,23,1,
202100025972,155 256,A01,1,7,0,2,1,1,1,
202100025973,155 253,KA01,-1,7,13,0,1,9,1,
202100025974,155 251,A01,2,7,0,2,3,17,1,
202100025974,155 252,B01,1,7,0,2,3,1,1,
202100025975,155 249,Z01,2,7,0,2,0,0,0,
202100025975,155 250,A01,2,7,6,2,3,1,1,
202100025976,155 248,A01,2,7,8,0,1,13,1,
202100025977,155 246,A01,3,7,0,9,2,15,1,
202100025977,155 247,B01,3,1,0,2,0,0,5,
202100025978,155 244,B01,1,33,0,2,1,1,1,
202100025978,155 245,A01,1,7,0,2,7,19,1,
202100025979,155 243,A01,2,7,1,0,6,26,1,
202100025980,155 241,A01,2,7,0,2,1,1,1,
202100025980,155 242,B01,1,7,0,2,1,15,1,
202100025981,155 239,B01,1,7,0,2,4,1,1,
202100025981,155 240,A01,1,7,0,2,2,17,1,
202100025982,155 237,B01,2,1,0,2,1,1,0,
202100025982,155 238,A01,1,7,0,2,1,15,1,
202100025983,155 236,A01,1,33,6,0,1,14,1,
202100025984,155 232,D01,3,7,0,2,4,23,1,
202100025984,155 233,C01,3,7,0,2,4,2,1,
202100025984,155 234,B01,3,7,0,2,4,2,1,
202100025984,155 235,A01,3,7,0,2,1,2,1,
202100025985,155 231,A01,0,7,8,0,1,1,1,
202100025986,155 229,Z01,3,7,0,2,0,5,1,
202100025986,155 230,B01,1,7,0,2,5,1,1,
202100025987,155 227,A01,0,7,0,2,3,15,0,
202100025987,155 228,B01,1,32,0,2,3,1,1,
202100025988,155 225,B01,1,33,0,2,8,1,1,
202100025988,155 226,A01,1,7,0,2,2,16,1,
202100025989,155 223,B01,1,7,0,9,2,16,1,
202100025989,155 224,A01,2,1,0,2,1,19,5,
202100025990,155 221,B01,1,7,0,2,1,2,1,
202100025990,155 222,A01,1,2,0,2,4,26,1,
202100025991,155 220,A01,2,2,0,0,0,26,1,
202100025992,155 218,B01,3,33,0,2,7,1,1,
202100025992,155 219,A01,3,7,0,2,3,9,1,
202100025993,155 217,A01,1,7,8,0,3,15,1,
202100025994,155 216,A01,2,30,0,1,1,26,1,
202100025995,155 214,B01,1,7,0,2,4,2,1,
202100025995,155 215,A01,1,7,0,2,1,2,1,
202100025996,155 213,A01,0,7,15,0,1,25,0,
202100025997,155 210,B01,1,7,0,2,1,1,1,
202100025997,155 211,C01,1,2,0,0,8,16,1,
202100025997,155 212,A01,2,7,0,2,2,15,1,
202100025998,155 208,A01,1,7,0,2,2,13,1,
202100025998,155 209,B01,1,30,0,2,8,0,1,
202100025999,155 206,B01,1,30,0,2,3,1,1,
202100025999,155 207,A01,1,7,0,2,2,16,1,
202100026000,155 205,Z01,2,30,0,1,1,1,1,
202100026001,155 204,A01,3,7,6,0,1,1,1,
202100026002,155 202,A01,3,7,0,2,3,15,1,
202100026002,155 203,B01,3,34,0,2,1,1,1,
202100026003,155 200,A01,1,7,0,9,5,16,1,
202100026003,155 201,B01,1,1,0,2,1,1,5,
202100026004,155 198,A01,1,7,0,2,2,9,1,
202100026004,155 199,B01,1,7,0,2,3,1,1,
202100026005,155 195,B01,2,32,0,2,3,3,1,
202100026005,155 196,C01,2,7,0,2,4,1,1,
202100026005,155 197,A01,2,7,0,2,7,14,1,
202100026006,155 193,B01,1,7,0,2,5,23,1,