Num_Acc,id_vehicule,num_veh,senc,catv,obs,obsm,choc,manv,motor,occutc
202100026615,154 133,C01,2,10,0,2,4,23,1,
202100026616,154 129,A01,3,7,0,2,3,13,1,
202100026616,154 130,B01,3,7,12,2,1,1,1,
202100026617,154 128,A01,3,7,0,1,5,20,1,
202100026618,154 126,A01,1,7,0,2,1,2,1,
202100026618,154 127,B01,1,7,0,2,4,2,1,
202100026619,154 124,A01,1,10,0,2,3,9,1,
202100026619,154 125,B01,1,33,0,2,7,3,1,
202100026620,154 123,A01,1,7,4,0,1,17,1,
202100026621,154 121,B01,0,7,0,2,3,1,1,
202100026621,154 122,A01,0,30,0,2,1,1,1,
202100026622,154 119,Z01,2,7,0,2,5,16,1,
202100026622,154 120,B01,1,2,0,2,3,1,1,
202100026623,154 118,A01,3,7,0,1,1,14,1,
202100026624,154 117,A01,1,7,0,1,2,1,1,
202100026625,154 115,A01,2,33,0,2,3,15,1,
202100026625,154 116,B01,2,7,0,2,5,12,1,
202100026626,154 114,A01,0,37,14,0,8,1,1,2.0
202100026627,154 113,A01,2,7,0,1,2,17,1,
202100026628,154 111,B01,0,1,0,2,2,1,5,
202100026628,154 112,A01,0,7,0,2,1,11,1,
202100026629,154 109,B01,2,7,0,2,6,11,1,
202100026629,154 110,A01,2,7,0,2,2,1,1,
202100026630,154 108,A01,1,7,0,1,1,1,1,
202100026631,154 106,A01,1,2,0,9,1,1,1,
202100026631,154 107,B01,3,1,0,2,0,19,5,
202100026632,154 103,C01,2,7,0,2,1,2,1,
202100026632,154 104,B01,2,7,0,2,4,2,1,
202100026632,154 105,A01,2,7,0,2,4,23,1,
202100026633,154 102,A01,1,30,0,0,0,26,1,
202100026634,154 100,B01,1,7,0,2,7,1,1,
202100026634,154 101,A01,0,10,0,2,1,9,2,
202100026635,154 097,C01,3,7,0,2,4,0,1,
202100026635,154 098,B01,3,7,0,2,1,1,1,
202100026635,154 099,A01,3,7,0,2,3,0,1,
202100026636,154 095,A01,1,7,0,2,3,11,1,
202100026636,154 096,B01,2,10,0,2,7,1,0,
202100026637,154 093,A01,1,7,0,2,1,1,1,
202100026637,154 094,B01,1,7,0,2,4,1,1,
202100026638,154 091,B01,1,7,0,2,7,1,1,
202100026638,154 092,Z01,1,7,0,2,1,1,1,
202100026639,154 088,C01,1,7,0,2,4,0,1,
202100026639,154 089,B01,1,7,0,2,4,0,1,
202100026639,154 090,A01,1,7,0,2,1,0,1,
202100026640,154 086,A01,1,10,0,2,1,19,1,
202100026640,154 087,B01,1,7,0,2,7,19,1,
202100026641,154 085,A01,3,7,12,0,1,19,1,
202100026642,154 083,B01,2,33,0,2,1,1,1,
202100026642,154 084,A01,2,7,0,2,7,9,1,
202100026643,154 082,A01,1,7,1,0,1,17,1,
202100026644,154 080,A01,1,7,0,2,1,9,1,
202100026644,154 081,B01,1,3,0,2,5,1,1,
202100026645,154 079,A01,1,33,16,0,7,1,1,
202100026646,154 078,A01,2,7,16,0,2,1,1,
202100026647,154 076,A01,2,7,0,2,2,17,1,
202100026647,154 077,B01,2,7,0,2,0,0,1,
202100026648,154 074,B01,1,7,0,2,3,26,1,
202100026648,154 075,A01,1,1,0,2,2,26,5,
202100026649,154 072,A01,3,1,0,2,4,19,5,
202100026649,154 073,B01,2,7,0,2,2,9,1,
202100026650,154 069,C01,1,7,0,2,2,26,1,
202100026650,154 070,B01,1,7,0,2,2,26,1,
202100026650,154 071,A01,1,7,0,2,3,9,1,
202100026651,154 067,B01,1,7,0,2,4,2,1,
202100026651,154 068,A01,1,7,0,2,1,26,1,
202100026652,154 066,A01,1,50,0,0,0,26,3,
202100026653,154 064,A01,3,7,0,2,0,5,1,
202100026653,154 065,B01,3,7,0,2,2,23,1,
202100026654,154 062,B01,3,7,0,2,5,23,2,
202100026654,154 063,A01,3,7,8,2,1,1,1,
202100026655,154 060,B01,3,7,0,2,4,23,1,
202100026655,154 061,A01,1,7,0,2,1,2,1,
202100026656,154 058,B01,0,1,0,2,1,1,5,
202100026656,154 059,A01,0,7,0,2,1,1,1,
202100026657,154 057,A01,3,7,0,1,3,1,1,
202100026658,154 056,A01,3,7,6,0,1,1,1,
202100026659,154 055,A01,2,7,2,0,0,1,1,
202100026660,154 054,A01,1,7,12,0,1,26,1,
202100026661,154 052,B01,2,7,0,2,3,19,1,
202100026661,154 053,A01,1,31,0,2,1,1,1,
202100026662,154 050,B01,3,7,0,2,6,15,1,
202100026662,154 051,A01,3,7,0,2,3,1,1,
202100026663,154 048,B01,0,7,0,2,8,2,1,
202100026663,154 049,A01,0,7,0,2,1,15,1,
202100026664,154 046,B01,1,33,0,2,1,2,-1,
202100026664,154 047,A01,1,2,0,2,4,1,1,
202100026665,154 045,A01,1,7,9,0,1,1,1,
202100026666,154 044,A01,2,30,0,1,1,0,1,
202100026667,154 042,B01,3,7,0,2,4,2,1,
202100026667,154 043,A01,3,7,0,2,1,2,1,
202100026668,154 040,A01,1,7,0,2,4,1,1,
202100026668,154 041,B01,1,10,0,2,1,1,0,
202100026669,154 038,B01,1,7,0,2,4,23,1,
202100026669,154 039,A01,1,7,0,2,1,1,1,
202100026670,154 036,A01,3,7,1,2,1,26,1,
202100026670,154 037,B01,3,33,1,2,8,2,1,
202100026671,154 034,A01,2,31,0,2,1,1,1,
202100026671,154 035,B01,2,7,0,2,4,1,1,
202100026672,154 030,B01,1,80,0,2,4,1,3,
202100026672,154 031,A01,1,7,0,2,1,19,1,
202100026673,154 029,A01,3,37,0,1,2,20,3,1.0
202100026674,154 028,A01,3,7,0,1,2,1,1,
202100026675,154 024,A01,2,14,0,2,1,2,1,
202100026675,154 025,B01,2,10,0,2,4,2,1,
202100026675,154 026,C01,2,7,0,2,4,2,1,
202100026675,154 027,D01,2,10,0,2,4,2,1,
202100026676,154 022,B01,1,7,0,2,8,1,1,
202100026676,154 023,A01,1,7,0,2,7,12,2,
202100026677,154 021,A01,2,33,0,1,1,1,3,
202100026678,154 019,B01,2,7,0,2,3,9,1,
202100026678,154 020,A01,2,2,0,2,2,1,1,
202100026679,154 018,A01,2,50,0,0,0,16,3,
202100026680,154 016,A01,2,10,0,2,3,13,1,
202100026680,154 017,B01,1,32,0,2,1,16,1,
202100026681,154 015,A01,1,7,0,1,1,15,1,
202100026682,154 013,A01,1,31,0,2,2,9,1,
202100026682,154 014,B01,2,7,0,2,3,1,1,
202100026683,154 012,A01,2,50,0,1,1,1,3,
202100026684,154 010,A01,2,10,0,2,7,15,2,
202100026684,154 011,B01,1,1,0,2,1,1,5,
202100026685,154 008,A01,1,10,0,2,3,22,1,
202100026685,154 009,B01,1,1,0,2,1,1,5,
202100026686,154 007,A01,2,1,0,1,1,1,5,
202100026687,154 006,A01,1,7,0,1,3,15,1,
202100026688,154 005,A01,1,32,4,0,2,16,1,
202100026689,154 004,A01,2,31,0,2,8,21,1,
202100026690,154 002,A01,3,7,0,2,2,9,1,
202100026690,154 003,B01,3,1,0,2,1,1,5,
202100026691,154 001,A01,3,32,0,0,3,13,1,
202100026692,154 000,A01,2,17,6,0,1,2,1,
202100026693,153 998,A01,2,10,0,2,1,26,1,
202100026693,153 999,B01,2,50,0,2,8,25,3,
202100026694,153 996,B01,1,1,0,2,2,1,0,
202100026694,153 997,A01,1,32,0,2,2,1,1,
202100026695,153 995,A01,1,33,12,0,0,2,1,
202100026696,153 993,B01,2,7,0,2,1,1,1,
202100026696,153 994,A01,1,33,0,2,1,1,1,
202100026697,153 991,A01,0,7,0,2,1,10,1,
202100026697,153 992,B01,0,7,0,2,3,2,1,
202100026698,153 989,A01,2,7,0,2,2,16,1,
202100026698,153 990,B01,2,43,0,2,3,1,1,
202100026699,153 985,B01,1,1,1,0,8,1,0,
202100026699,153 986,A01,1,15,0,2,0,22,1,
202100026700,153 983,A01,1,7,0,2,1,15,1,
202100026700,153 984,B01,2,32,0,2,8,1,1,
202100026701,153 981,B01,2,7,0,2,3,1,1,
202100026701,153 982,A01,1,7,0,2,1,5,1,
202100026702,153 979,A01,1,7,0,0,3,20,1,
202100026702,153 980,B01,1,36,0,2,7,17,1,
202100026703,153 978,A01,1,33,13,0,1,1,1,
202100026704,153 977,A01,2,33,13,0,1,1,1,
202100026705,153 976,A01,1,10,15,0,3,1,1,
202100026706,153 974,A01,2,10,0,0,0,1,0,
202100026706,153 975,B01,1,33,0,9,1,1,1,
202100026707,153 973,A01,1,7,13,0,1,1,2,
202100026708,153 972,A01,2,7,7,0,2,0,1,
202100026709,153 971,A01,2,33,0,6,0,2,1,
202100026710,153 969,B01,1,2,0,2,1,1,1,
202100026710,153 970,A01,2,7,0,2,3,15,0,
202100026711,153 967,B01,1,33,0,2,8,1,1,
202100026711,153 968,A01,1,33,0,2,7,2,1,
202100026712,153 965,B01,3,7,0,2,3,16,1,
202100026712,153 966,A01,1,7,0,2,2,1,1,
202100026713,153 964,A01,1,33,13,0,1,21,1,
202100026714,153 963,A01,1,7,13,9,2,0,1,
202100026715,153 962,A01,2,33,13,0,8,1,1,
202100026716,153 961,A01,1,7,0,1,8,17,1,
202100026717,153 960,A01,1,33,13,0,0,2,1,
202100026718,153 958,A01,1,7,0,2,3,15,1,
202100026718,153 959,B01,2,33,0,2,1,1,1,
202100026719,153 956,A01,3,2,0,2,8,19,1,
202100026719,153 957,B01,1,7,0,2,1,1,1,
202100026720,153 955,A01,1,7,17,0,1,13,1,
202100026721,153 953,A01,1,7,0,2,1,13,1,
202100026721,153 954,B01,2,10,0,2,1,1,1,
202100026722,153 951,A01,1,7,0,0,1,2,1,
202100026722,153 952,B01,1,33,0,0,4,2,1,
202100026723,153 949,A01,2,7,0,2,2,21,1,
202100026723,153 950,B01,2,1,0,2,8,19,5,
202100026724,153 948,A01,2,80,0,0,0,1,3,
202100026725,153 946,A01,1,7,0,2,2,19,1,
202100026725,153 947,B01,1,43,0,2,1,1,1,
202100026726,153 944,B01,2,7,0,2,1,1,1,
202100026726,153 945,A01,1,7,0,2,1,13,1,
202100026727,153 943,A01,1,7,3,0,3,13,1,
202100026728,153 942,A01,2,7,6,0,2,21,1,
202100026729,153 941,A01,1,33,13,0,0,1,1,
202100026730,153 940,A01,3,7,2,0,1,13,1,
202100026731,153 938,B01,1,7,0,0,8,15,1,
202100026731,153 939,A01,1,33,0,2,1,17,1,
202100026732,153 937,A01,2,7,7,0,1,1,1,
202100026733,153 935,A01,1,7,0,2,8,19,1,
202100026733,153 936,B01,2,33,0,2,1,1,1,
202100026734,153 933,B01,1,7,0,2,7,17,1,
202100026734,153 934,A01,2,33,0,2,9,1,1,
202100026735,153 931,A01,1,7,0,2,2,17,1,
202100026735,153 932,B01,1,32,0,2,3,15,1,
202100026736,153 930,A01,2,33,16,0,7,1,1,
202100026737,153 927,A01,1,7,0,2,1,17,1,
202100026737,153 928,B01,1,21,0,2,6,1,1,
202100026738,153 925,A01,2,7,3,2,3,2,1,
202100026738,153 926,B01,2,7,3,0,6,2,1,
202100026739,153 924,A01,1,7,4,0,3,1,1,
202100026740,153 922,B01,1,33,0,2,1,1,1,
202100026740,153 923,A01,1,7,14,2,3,9,1,
202100026741,153 920,A01,1,7,4,0,6,1,1,
202100026741,153 921,B01,1,14,0,2,2,12,1,
202100026742,153 919,A01,2,2,13,0,1,1,1,
202100026743,153 917,B01,1,17,0,2,2,1,1,
202100026743,153 918,A01,2,10,0,2,2,5,1,
202100026744,153 916,A01,1,14,1,0,2,2,1,
202100026745,153 915,A01,1,10,0,0,1,1,1,
202100026746,153 913,A01,1,2,0,2,1,1,1,
202100026746,153 914,B01,2,7,0,2,7,15,1,
202100026747,153 912,A01,1,7,13,0,7,1,1,
202100026748,153 910,B01,1,30,0,2,1,1,1,
202100026748,153 911,A01,2,7,0,2,7,15,1,
202100026749,153 909,A01,1,7,2,0,7,17,1,
202100026750,153 907,B01,2,7,0,0,3,15,1,
202100026750,153 908,A01,1,7,0,2,1,1,1,
202100026751,153 905,B01,2,1,0,2,1,1,5,
202100026751,153 906,A01,2,7,0,2,3,9,1,
202100026752,153 903,A01,1,7,0,2,8,13,1,
202100026752,153 904,B01,1,33,0,2,7,17,1,
202100026753,153 901,B01,1,1,0,2,1,1,5,
202100026753,153 902,A01,2,1,0,2,2,0,5,
202100026754,153 900,A01,1,7,0,1,1,2,1,
202100026755,153 897,C01,1,17,0,2,1,1,1,
202100026755,153 898,B01,1,7,0,2,8,1,1,
202100026755,153 899,A01,2,7,0,2,1,13,1,
202100026756,153 895,A01,1,7,0,0,3,26,1,
202100026756,153 896,B01,2,2,0,0,1,1,1,
202100026757,153 894,A01,2,7,13,0,2,1,1,
202100026758,153 892,B01,1,31,0,2,7,1,1,
202100026758,153 893,A01,1,7,3,2,8,11,1,
202100026759,153 890,B01,2,14,0,2,1,26,1,
202100026759,153 891,A01,2,7,0,2,3,26,1,
202100026760,153 888,A01,1,15,0,2,2,12,1,
202100026760,153 889,B01,1,7,0,0,6,1,1,
202100026761,153 886,A01,2,7,0,2,4,2,1,
202100026761,153 887,B01,2,7,0,2,1,2,1,
202100026762,153 884,A01,1,10,0,2,1,2,1,
202100026762,153 885,B01,1,7,0,2,4,2,1,
202100026763,153 882,A01,2,7,0,2,1,2,1,
202100026763,153 883,B01,2,7,0,2,4,2,2,
202100026764,153 879,C01,2,10,0,2,4,2,1,
202100026764,153 880,B01,2,7,0,2,4,2,1,
202100026764,153 881,A01,2,7,0,2,1,2,1,
202100026765,153 878,A01,1,43,15,0,8,1,1,
202100026766,153 877,A01,1,7,4,0,1,14,1,
202100026767,153 875,A01,2,7,0,2,1,1,1,
202100026767,153 876,B01,2,7,1,1,5,15,1,
202100026768,153 874,A01,2,10,0,1,1,1,1,
202100026769,153 873,A01,2,40,0,1,1,1,0,
202100026770,153 869,B01,2,7,0,2,1,13,1,
202100026770,153 870,A01,1,7,0,2,1,1,1,
202100026771,153 868,A01,1,10,13,0,1,16,1,
202100026772,153 866,B01,3,7,0,0,0,0,1,
202100026772,153 867,A01,3,30,0,2,0,1,1,
202100026773,153 864,A01,1,7,0,2,2,15,1,
202100026773,153 865,B01,2,7,0,2,1,1,1,
202100026774,153 863,A01,2,7,5,0,3,1,1,
202100026775,153 862,A01,0,7,0,2,2,16,1,
202100026776,153 860,A01,1,7,0,2,1,19,1,
202100026776,153 861,B01,2,1,0,2,6,1,5,
202100026777,153 857,C01,2,7,0,2,4,23,1,
202100026777,153 858,A01,2,7,0,2,1,1,1,
202100026777,153 859,B01,2,7,0,2,4,23,1,
202100026778,153 855,A01,2,30,0,2,1,1,1,
202100026778,153 856,B01,1,7,0,2,5,15,1,
202100026779,153 854,A01,2,7,1,0,1,1,1,
202100026780,153 852,A01,2,41,0,2,1,2,3,
202100026780,153 853,B01,2,7,0,2,4,2,1,
202100026781,153 850,B01,2,7,0,2,3,1,1,
202100026781,153 851,A01,1,7,0,2,3,13,1,
202100026782,153 849,A01,2,7,1,0,4,4,1,
202100026783,153 848,A01,1,7,1,0,1,14,1,
202100026784,153 845,B01,3,7,0,2,4,1,1,
202100026784,153 846,A01,3,31,0,2,1,18,1,
202100026785,153 844,A01,3,7,0,1,1,1,1,
202100026786,153 843,A01,1,15,0,1,2,1,1,
202100026787,153 841,A01,0,7,0,2,3,15,1,
202100026787,153 842,B01,0,60,0,2,2,0,5,
202100026788,153 839,A01,1,7,0,2,1,26,1,
202100026788,153 840,Y01,2,1,0,2,5,26,5,
202100026789,153 835,B01,0,7,0,2,3,1,1,
202100026789,153 836,A01,0,7,1,2,1,17,1,
202100026790,153 834,A01,1,7,1,0,3,1,1,
202100026791,153 832,A01,2,7,0,2,3,15,1,
202100026791,153 833,C01,2,33,0,2,8,16,1,
202100026792,153 831,A01,1,7,8,0,1,1,1,
202100026793,153 830,A01,1,7,8,0,2,26,1,
202100026794,153 828,B01,1,7,0,2,4,2,1,
202100026794,153 829,A01,1,1,0,0,1,2,5,
202100026795,153 826,A01,2,32,0,9,1,10,0,
202100026795,153 827,B01,1,1,0,2,3,1,5,
202100026796,153 825,A01,1,7,9,0,1,9,1,
202100026797,153 823,A01,1,30,0,2,1,5,1,
202100026797,153 824,B01,1,7,0,2,1,2,1,
202100026798,153 822,Z01,1,10,0,1,0,15,1,
202100026799,153 821,A01,1,1,0,1,2,1,5,
202100026800,153 819,A01,1,7,0,2,2,1,1,
202100026800,153 820,B01,2,50,0,2,1,5,3,
202100026801,153 818,A01,3,30,8,0,1,0,0,
202100026802,153 817,A01,3,30,5,0,4,0,1,
202100026803,153 815,B01,1,7,0,2,5,9,1,
202100026803,153 816,A01,1,31,0,2,3,9,1,
202100026804,153 813,A01,2,2,0,2,1,17,1,
202100026804,153 814,B01,2,2,0,2,4,1,1,
202100026805,153 811,B01,1,17,0,2,4,23,1,
202100026805,153 812,A01,1,7,0,2,1,2,1,
202100026806,153 809,B01,1,34,0,2,1,1,1,
202100026806,153 810,A01,2,7,0,2,8,15,1,
202100026807,153 807,B01,1,7,0,2,2,17,1,
202100026807,153 808,A01,1,7,0,2,3,15,1,
202100026808,153 803,B01,0,7,0,2,4,1,1,
202100026808,153 804,D01,0,7,0,2,4,1,1,
202100026808,153 805,A01,0,7,0,2,1,1,0,
202100026808,153 806,C01,0,7,0,2,4,1,1,
202100026809,153 801,A01,2,7,0,2,1,13,1,
202100026809,153 802,B01,1,7,0,2,1,1,1,
202100026810,153 799,B01,2,99,0,2,0,1,0,
202100026810,153 800,A01,2,99,0,2,0,9,0,
202100026811,153 797,A01,3,7,0,2,3,9,1,
202100026811,153 798,B01,3,60,0,2,1,1,5,
202100026812,153 796,A01,2,7,0,1,3,1,1,
202100026813,153 794,B01,1,33,0,2,1,2,1,
202100026813,153 795,A01,1,7,0,2,8,15,1,
202100026814,153 792,B01,2,7,0,0,8,1,1,
202100026814,153 793,A01,2,2,0,2,1,1,1,
202100026815,153 790,A01,0,7,0,2,3,9,1,
202100026815,153 791,B01,2,1,0,2,7,1,5,
202100026816,153 788,B01,1,7,0,2,3,1,1,
202100026816,153 789,A01,2,3,0,2,1,1,1,
202100026817,153 785,A01,3,7,8,2,3,16,1,
202100026817,153 786,B01,3,7,12,2,8,1,1,
202100026817,153 787,C01,3,7,12,2,8,23,1,
202100026818,153 783,B01,2,80,0,2,7,1,3,
202100026818,153 784,A01,2,7,0,2,3,15,1,
202100026819,153 782,A01,3,31,0,0,7,1,1,
202100026820,153 780,A01,1,17,0,2,4,26,1,
202100026820,153 781,B01,1,1,0,2,1,2,5,
202100026821,153 779,A01,1,7,14,0,1,16,1,
202100026822,153 777,B01,3,7,0,2,1,1,1,
202100026822,153 778,A01,3,7,0,2,5,15,1,
202100026823,153 775,B01,3,7,0,2,3,15,1,
202100026823,153 776,A01,3,30,0,2,1,1,1,
202100026824,153 773,A01,3,7,-1,2,3,17,1,
202100026824,153 774,B01,3,7,0,2,4,1,1,
202100026825,153 771,A01,2,10,0,2,7,1,1,
202100026825,153 772,B01,1,32,0,2,1,1,1,
202100026826,153 768,C01,1,43,14,0,8,0,1,
202100026826,153 769,B01,1,31,0,2,1,0,1,
202100026826,153 770,Z01,1,7,0,2,0,16,1,
202100026827,153 765,B01,0,7,0,2,0,1,1,
202100026827,153 766,C01,0,7,0,2,1,1,1,
202100026827,153 767,A01,0,7,0,2,3,1,1,
202100026828,153 763,A01,2,7,0,2,0,26,0,
202100026828,153 764,B01,2,2,0,2,0,0,1,
202100026829,153 762,A01,1,37,0,1,2,1,1,1.0
202100026830,153 760,A01,0,7,0,2,1,0,1,
202100026830,153 761,B01,0,7,0,2,1,1,1,
202100026831,153 758,B01,1,7,0,2,4,1,1,
202100026831,153 759,A01,1,7,0,2,1,1,1,
202100026832,153 754,A01,1,7,6,0,8,13,1,
202100026833,153 753,A01,2,7,0,1,1,15,1,
202100026834,153 752,A01,0,50,0,0,0,0,3,
202100026835,153 750,B01,1,7,0,2,2,14,1,
202100026835,153 751,A01,1,1,0,2,8,18,5,
202100026836,153 748,B01,2,7,0,2,1,1,1,
202100026836,153 749,A01,2,7,0,2,8,1,1,
202100026837,153 747,A01,1,14,3,0,7,13,1,
202100026838,153 746,A01,2,33,0,0,4,1,1,
202100026839,153 744,B01,2,1,0,0,0,0,0,
202100026839,153 745,A01,1,2,0,0,1,13,1,
202100026840,153 743,A01,1,7,9,0,1,26,1,
202100026841,153 741,B01,3,7,0,2,5,1,1,
202100026841,153 742,A01,3,32,0,2,1,1,1,
202100026842,153 739,A01,1,7,0,2,2,1,1,
202100026842,153 740,B01,1,2,0,2,5,1,1,
202100026843,153 737,B01,1,7,0,2,1,1,1,
202100026843,153 738,A01,2,7,0,2,1,15,1,
202100026844,153 736,A01,1,7,7,1,1,17,1,
202100026845,153 734,A01,2,7,0,2,3,7,1,
202100026845,153 735,B01,3,60,0,2,7,19,5,
202100026846,153 732,B01,1,7,0,2,3,1,1,
202100026846,153 733,A01,1,34,0,1,2,21,1,
202100026847,153 730,A01,2,2,0,2,1,17,3,
202100026847,153 731,B01,2,7,0,2,5,23,1,
202100026848,153 728,B01,1,7,0,2,6,1,1,
202100026848,153 729,A01,1,50,0,2,1,19,3,
202100026849,153 727,A01,1,50,0,0,0,21,3,
202100026850,153 725,A01,2,10,0,2,2,9,1,
202100026850,153 726,B01,1,32,0,2,1,1,1,
202100026851,153 723,B01,2,30,0,2,7,17,1,
202100026851,153 724,A01,2,38,0,2,3,15,1,1.0
202100026852,153 722,A01,2,7,7,0,3,13,1,
202100026853,153 721,A01,1,7,0,1,3,9,1,
202100026854,153 719,Z01,1,7,0,9,7,10,2,
202100026854,153 720,A01,1,80,0,2,8,1,3,
202100026855,153 718,A01,2,80,0,0,1,1,3,
202100026856,153 715,C01,1,7,0,2,0,9,1,
202100026856,153 716,A01,1,32,0,2,1,18,1,
202100026856,153 717,B01,1,7,0,2,4,23,1,
202100026857,153 713,B01,2,7,0,2,6,15,1,
202100026857,153 714,A01,2,32,0,2,1,1,1,
202100026858,153 712,A01,1,1,0,0,1,1,5,
202100026859,153 711,A01,2,50,0,0,2,1,3,
202100026860,153 709,A01,1,30,0,2,1,2,1,
202100026860,153 710,B01,1,7,0,2,5,2,1,
202100026861,153 707,Y01,2,1,0,2,1,1,5,
202100026861,153 708,A01,2,7,0,2,1,19,1,
202100026862,153 706,A01,1,7,1,0,1,21,1,
202100026863,153 703,B01,2,7,0,2,4,23,1,
202100026863,153 704,A01,2,7,0,2,1,2,1,
202100026863,153 705,C01,2,7,0,2,4,23,1,
202100026864,153 701,B01,3,7,0,2,4,23,0,
202100026864,153 702,A01,3,7,0,2,1,26,0,
202100026865,153 699,A01,0,7,12,2,2,21,1,
202100026865,153 700,B01,0,7,0,0,0,0,1,
202100026866,153 697,A01,2,7,12,0,1,1,0,
202100026866,153 698,B01,1,7,0,2,3,15,0,
202100026867,153 695,B01,2,7,0,2,1,0,1,
202100026867,153 696,A01,2,7,0,0,4,23,1,
202100026868,153 693,A01,1,50,1,0,1,2,3,
202100026868,153 694,B01,1,7,1,2,8,22,1,
202100026869,153 692,A01,1,7,0,1,1,0,1,
202100026870,153 690,A01,1,7,0,2,2,16,1,
202100026870,153 691,B01,1,50,0,2,1,1,3,
202100026871,153 688,B01,1,33,0,2,1,1,1,
202100026871,153 689,A01,2,7,0,2,5,15,1,
202100026872,153 686,B01,3,7,0,2,1,1,1,
202100026872,153 687,A01,0,7,0,2,7,1,1,
202100026873,153 684,B01,1,10,0,2,1,2,0,
202100026873,153 685,A01,1,7,7,2,4,1,1,
202100026874,153 681,A01,1,10,0,2,1,2,1,
202100026874,153 682,B01,1,10,0,2,4,2,1,
202100026874,153 683,C01,1,10,0,2,4,2,1,
202100026875,153 679,A01,0,14,0,2,6,1,1,
202100026875,153 680,B01,1,1,0,2,1,26,5,
202100026876,153 677,B01,2,15,0,0,3,1,1,
202100026876,153 678,A01,1,7,0,2,3,0,1,
202100026877,153 675,B01,2,7,0,2,1,16,1,
202100026877,153 676,A01,1,7,0,2,1,15,1,
202100026878,153 673,A01,2,33,0,2,1,1,1,
202100026878,153 674,B01,1,7,0,0,7,17,1,
202100026879,153 671,B01,2,32,0,2,1,2,1,
202100026879,153 672,A01,1,7,0,2,3,15,1,
202100026880,153 669,B01,2,7,15,2,1,1,1,
202100026880,153 670,A01,1,7,0,2,2,1,1,
202100026881,153 666,A01,3,7,0,2,1,19,2,
202100026881,153 667,B01,2,10,0,2,2,1,1,
202100026881,153 668,C01,1,33,0,2,1,5,1,
202100026882,153 665,A01,1,7,2,0,8,1,1,
202100026883,153 664,A01,1,7,3,0,3,14,1,
202100026884,153 662,A01,2,7,0,2,6,26,1,
202100026884,153 663,B01,1,32,0,2,1,1,1,
202100026885,153 659,A01,1,10,0,2,1,1,1,
202100026885,153 660,B01,2,7,0,2,1,13,1,
202100026886,153 658,A01,2,2,10,0,1,1,1,
202100026887,153 656,A01,2,7,0,2,5,15,1,
202100026887,153 657,B01,1,33,0,2,1,1,1,
202100026888,153 645,H01,2,7,0,2,2,1,1,
202100026888,153 646,G01,2,7,0,2,1,1,1,
202100026888,153 647,F01,2,7,0,2,1,1,1,
202100026888,153 648,E01,2,10,0,2,4,1,1,
202100026888,153 649,D01,2,7,0,2,4,23,1,
202100026888,153 650,C01,1,7,0,2,1,1,1,
202100026888,153 651,B01,1,7,0,2,9,1,1,
202100026888,153 652,A01,1,7,0,2,4,23,1,
202100026889,153 641,A01,1,7,0,2,1,1,1,
202100026889,153 642,B01,1,7,0,2,4,1,1,
202100026890,153 640,A01,3,10,0,1,4,26,1,
202100026891,153 638,A01,3,2,0,2,8,19,1,
202100026891,153 639,B01,3,7,0,2,8,1,1,
202100026892,153 637,A01,1,7,13,0,2,2,1,
202100026893,153 635,A01,3,10,0,2,2,0,1,
202100026893,153 636,B01,0,7,0,2,3,2,1,
202100026894,153 633,B01,2,33,0,2,1,1,1,
202100026894,153 634,A01,1,7,0,2,1,15,1,
202100026895,153 632,A01,2,7,8,0,2,1,1,
202100026896,153 630,B01,1,7,0,2,6,17,1,
202100026896,153 631,A01,1,33,0,2,1,17,1,
202100026897,153 629,A01,2,7,13,0,2,1,1,
202100026898,153 628,A01,1,33,13,0,1,1,1,
202100026899,153 627,A01,1,7,2,0,2,1,1,
202100026900,153 626,A01,2,7,13,0,1,1,1,
202100026901,153 624,B01,2,7,0,2,3,1,1,
202100026901,153 625,A01,1,7,5,2,3,13,1,
202100026902,153 623,A01,0,3,6,0,1,20,1,
202100026903,153 622,A01,3,1,2,0,1,1,5,
202100026904,153 619,A01,2,33,0,2,1,13,1,
202100026904,153 620,B01,1,7,0,2,3,1,1,
202100026904,153 621,C01,1,10,0,2,8,1,1,
202100026905,153 618,A01,1,33,0,0,0,1,1,
202100026906,153 616,B01,1,17,0,2,1,1,1,
202100026906,153 617,A01,2,7,0,2,1,5,1,
202100026907,153 614,B01,1,7,0,9,3,1,1,
202100026907,153 615,A01,1,17,0,0,0,1,6,
202100026908,153 612,B01,1,7,0,2,3,1,3,
202100026908,153 613,A01,2,33,0,2,1,13,1,
202100026909,153 610,A01,1,7,13,2,1,17,1,
202100026909,153 611,B01,2,2,0,2,1,1,1,
202100026910,153 609,A01,2,15,3,0,3,2,1,
202100026911,153 608,A01,1,7,12,0,1,1,1,
202100026912,153 607,A01,3,30,0,0,0,20,1,
202100026913,153 606,A01,2,7,2,0,2,15,1,
202100026914,153 605,A01,1,32,0,0,9,1,3,
202100026915,153 604,A01,1,2,0,1,1,17,1,
202100026916,153 603,A01,3,7,0,1,3,1,1,
202100026917,153 601,A01,3,7,0,9,4,4,1,
202100026917,153 602,B01,3,1,0,2,0,0,5,
202100026918,153 599,B01,1,31,0,2,1,1,1,
202100026918,153 600,A01,2,7,0,2,1,15,1,