Num_Acc,id_vehicule,num_veh,senc,catv,obs,obsm,choc,manv,motor,occutc
202100026919,153 597,B01,1,7,0,2,1,0,1,
202100026919,153 598,A01,1,7,0,0,4,23,1,
202100026920,153 595,A01,1,33,0,2,1,1,1,
202100026920,153 596,B01,2,7,0,2,6,10,1,
202100026921,153 594,A01,2,7,13,0,0,1,6,
202100026922,153 591,B01,2,7,0,2,0,13,0,
202100026922,153 592,C01,1,7,0,2,6,0,1,
202100026922,153 593,A01,1,2,0,2,8,21,1,
202100026923,153 589,A01,3,7,0,2,1,19,1,
202100026923,153 590,B01,3,7,0,2,8,1,1,
202100026924,153 587,B01,1,7,0,2,3,9,1,
202100026924,153 588,A01,2,30,0,2,5,1,1,
202100026925,153 585,B01,1,7,0,2,1,1,1,
202100026925,153 586,A01,1,7,0,0,4,1,1,
202100026926,153 584,A01,1,7,0,2,8,2,1,
202100026927,153 582,B01,1,32,0,2,1,2,1,
202100026927,153 583,A01,1,7,0,2,6,26,1,
202100026928,153 580,A01,1,7,0,2,4,1,1,
202100026928,153 581,B01,1,7,6,2,1,14,1,
202100026929,153 577,B01,1,7,14,2,8,21,1,
202100026929,153 578,A01,1,37,16,0,5,0,1,1.0
202100026929,153 579,C01,1,15,0,2,8,0,1,
202100026930,153 575,B01,1,7,0,2,3,2,1,
202100026930,153 576,A01,1,7,4,2,3,1,1,
202100026931,153 573,A01,1,10,0,2,1,2,0,
202100026931,153 574,B01,1,7,0,2,4,2,1,
202100026932,153 570,B01,2,10,0,2,4,2,1,
202100026932,153 571,C01,2,7,0,2,4,2,1,
202100026932,153 572,A01,2,7,0,2,1,2,1,
202100026933,153 568,A01,2,7,0,2,1,1,1,
202100026933,153 569,B01,2,7,0,2,4,1,1,
202100026934,153 567,A01,2,31,0,0,8,0,1,
202100026935,153 566,A01,2,10,1,1,2,21,1,
202100026936,153 565,A01,2,7,4,0,1,1,1,
202100026937,153 564,A01,1,7,4,0,1,1,1,
202100026938,153 561,C01,1,7,7,2,3,18,1,
202100026938,153 562,B01,1,7,0,2,4,1,1,
202100026938,153 563,A01,1,7,4,2,5,1,1,
202100026939,153 560,A01,0,7,13,0,4,1,1,
202100026940,153 558,A01,3,7,0,2,3,9,1,
202100026940,153 559,B01,3,7,0,2,1,1,1,
202100026941,153 556,A01,2,1,0,2,1,1,5,
202100026941,153 557,B01,2,10,0,2,4,23,1,
202100026942,153 554,B01,1,7,0,2,1,2,1,
202100026942,153 555,A01,1,10,0,0,4,23,1,
202100026943,153 552,B01,3,7,0,2,3,0,1,
202100026943,153 553,A01,3,7,0,0,1,1,1,
202100026944,153 551,A01,2,7,0,0,9,1,1,
202100026945,153 549,A01,3,10,0,2,1,2,1,
202100026945,153 550,B01,3,30,0,2,4,23,1,
202100026946,153 547,B01,1,7,0,0,5,23,1,
202100026946,153 548,A01,1,30,0,2,5,1,3,
202100026947,153 543,B01,1,1,0,2,8,15,5,
202100026947,153 544,A01,1,31,0,2,7,17,1,
202100026948,153 541,Z01,0,1,0,2,1,5,5,
202100026948,153 542,A01,0,1,0,2,1,15,5,
202100026949,153 539,B01,1,10,0,2,2,15,1,
202100026949,153 540,A01,2,30,0,2,1,1,1,
202100026950,153 538,A01,1,10,0,1,2,1,3,
202100026951,153 536,B01,3,7,0,2,4,2,1,
202100026951,153 537,A01,3,7,0,2,1,2,1,
202100026952,153 534,A01,1,30,0,2,1,2,3,
202100026952,153 535,B01,1,7,0,2,4,23,3,
202100026953,153 532,B01,1,80,0,2,1,1,3,
202100026953,153 533,A01,2,50,0,2,1,5,3,
202100026954,153 530,A01,1,7,0,2,8,15,1,
202100026954,153 531,B01,2,32,0,2,2,1,1,
202100026955,153 528,A01,2,34,0,2,6,13,1,
202100026955,153 529,B01,2,7,0,2,2,1,1,
202100026956,153 526,B01,1,10,8,0,4,24,1,
202100026956,153 527,A01,2,10,1,0,1,14,1,
202100026957,153 525,A01,3,7,4,0,2,1,1,
202100026958,153 523,A01,3,10,0,2,5,15,0,
202100026958,153 524,B01,3,10,0,2,2,1,0,
202100026959,153 521,A01,2,7,0,2,4,26,1,
202100026959,153 522,B01,2,7,0,2,1,0,1,
202100026960,153 519,A01,0,32,0,2,1,1,1,
202100026960,153 520,B01,1,7,0,2,1,1,1,
202100026961,153 517,A01,0,7,0,2,3,16,0,
202100026961,153 518,B01,0,34,0,2,1,1,1,
202100026962,153 515,A01,1,30,0,2,1,19,3,
202100026962,153 516,B01,1,13,0,2,8,16,1,
202100026963,153 513,A01,1,7,0,2,1,1,1,
202100026963,153 514,B01,1,7,0,2,1,11,1,
202100026964,153 512,A01,2,7,2,0,1,21,1,
202100026965,153 510,A01,1,0,0,2,7,1,3,
202100026965,153 511,B01,1,7,0,2,1,1,1,
202100026966,153 508,B01,0,7,0,2,8,1,1,
202100026966,153 509,A01,0,7,0,2,1,1,0,
202100026967,153 506,A01,1,7,0,1,1,26,1,
202100026968,153 505,A01,1,34,0,0,3,1,1,
202100026969,153 504,A01,1,30,1,0,7,19,1,
202100026970,153 503,A01,1,7,1,0,3,1,1,
202100026971,153 502,A01,2,7,13,0,9,1,1,
202100026972,153 500,B01,1,33,0,2,3,1,1,
202100026972,153 501,A01,1,7,0,2,3,13,1,
202100026973,153 497,A01,1,7,0,2,1,13,1,
202100026973,153 498,B01,1,15,0,2,3,1,0,
202100026973,153 499,C01,2,10,0,2,8,2,0,
202100026974,153 495,A01,2,33,8,0,1,0,0,
202100026975,153 493,A01,2,33,0,2,1,5,1,
202100026975,153 494,B01,1,7,0,2,1,1,1,
202100026976,153 492,A01,3,1,0,0,0,1,5,
202100026977,153 491,A01,3,7,15,0,1,0,1,
202100026978,153 489,A01,1,2,0,2,3,10,1,
202100026978,153 490,B01,1,7,0,2,7,17,1,
202100026979,153 488,A01,1,7,16,0,1,1,1,
202100026980,153 486,A01,2,7,0,2,7,19,1,
202100026980,153 487,B01,2,7,0,2,1,1,1,
202100026981,153 485,A01,2,7,1,0,1,1,1,
202100026982,153 484,A01,3,7,6,0,1,0,2,
202100026983,153 482,A01,3,2,0,2,1,1,1,
202100026983,153 483,B01,0,7,0,2,3,1,1,
202100026984,153 478,A01,1,33,0,2,1,2,1,
202100026984,153 479,B01,1,7,0,0,5,1,1,
202100026985,153 476,B01,1,80,0,2,6,1,3,
202100026985,153 477,A01,2,7,0,2,0,1,1,
202100026986,153 475,A01,1,7,17,0,1,1,1,
202100026987,153 473,B01,1,7,6,1,4,16,1,
202100026987,153 474,A01,1,7,0,2,1,1,1,
202100026988,153 471,A01,2,7,0,2,1,5,1,
202100026988,153 472,B01,1,15,0,2,3,1,1,
202100026989,153 470,A01,2,7,0,0,9,1,1,
202100026990,153 468,B01,3,7,0,2,1,26,1,
202100026990,153 469,A01,3,7,0,0,1,26,1,
202100026991,153 466,B01,3,7,0,2,1,1,1,
202100026991,153 467,A01,3,2,0,2,1,13,1,
202100026992,153 464,B01,1,7,0,2,5,1,1,
202100026992,153 465,A01,1,2,0,2,1,1,1,
202100026993,153 462,B01,1,7,0,2,1,1,1,
202100026993,153 463,A01,2,7,0,2,1,13,1,
202100026994,153 460,A01,2,7,0,2,2,15,1,
202100026994,153 461,B01,1,33,0,2,1,1,1,
202100026995,153 459,A01,1,7,8,0,1,1,1,
202100026996,153 458,A01,3,7,16,0,9,21,1,
202100026997,153 457,A01,2,7,8,0,0,21,1,
202100026998,153 456,A01,3,7,6,0,1,13,1,
202100026999,153 454,B01,1,39,0,4,1,1,1,
202100026999,153 455,A01,3,21,0,4,6,26,1,
202100027000,153 452,B01,2,7,4,2,3,1,1,
202100027000,153 453,A01,1,7,0,2,3,1,2,
202100027001,153 451,A01,2,21,13,0,2,14,1,
202100027002,153 450,A01,2,7,8,0,1,13,1,
202100027003,153 449,A01,2,7,0,1,5,1,1,
202100027004,153 448,A01,0,1,16,0,1,1,5,
202100027005,153 447,A01,1,2,9,0,0,1,1,
202100027006,153 445,B01,2,15,0,2,2,1,1,
202100027006,153 446,A01,1,7,0,2,1,13,1,
202100027007,153 443,B01,3,7,0,2,2,1,1,
202100027007,153 444,A01,3,33,0,2,2,13,1,
202100027008,153 441,B01,1,33,0,2,1,17,1,
202100027008,153 442,A01,1,7,0,2,6,13,1,
202100027009,153 439,A01,1,10,0,2,1,5,1,
202100027009,153 440,B01,2,7,0,2,1,2,1,
202100027010,153 437,B01,3,80,0,2,8,19,5,
202100027010,153 438,A01,1,7,0,2,1,1,1,
202100027011,153 435,A01,2,10,0,2,1,2,1,
202100027011,153 436,B01,2,7,0,0,4,2,1,
202100027012,153 433,A01,2,7,0,2,2,15,1,
202100027012,153 434,B01,1,2,0,2,1,1,1,
202100027013,153 431,A01,2,7,0,2,1,15,1,
202100027013,153 432,B01,1,7,0,2,1,1,1,
202100027014,153 429,A01,2,7,0,9,1,1,1,
202100027014,153 430,B01,2,1,0,2,4,1,5,
202100027015,153 426,A01,0,0,0,1,0,0,0,
202100027016,153 425,A01,1,7,2,0,7,0,1,
202100027017,153 423,B01,1,7,0,2,3,15,1,
202100027017,153 424,A01,2,2,16,2,1,0,1,
202100027018,153 420,B01,1,7,6,2,3,1,1,
202100027018,153 421,C01,1,7,6,2,8,1,1,
202100027018,153 422,A01,2,7,0,2,1,1,1,
202100027019,153 418,B01,2,7,0,0,4,23,1,
202100027019,153 419,A01,2,7,0,2,1,2,1,
202100027020,153 416,B01,0,32,0,2,7,1,1,
202100027020,153 417,A01,0,7,0,2,1,19,1,
202100027021,153 414,A01,2,21,0,0,4,2,0,
202100027021,153 415,B01,2,10,0,2,1,2,1,
202100027022,153 413,A01,1,7,0,1,3,9,1,
202100027023,153 412,A01,1,1,0,0,0,1,5,
202100027024,153 410,B01,3,33,0,2,1,13,1,
202100027024,153 411,A01,3,7,0,2,3,1,1,
202100027025,153 408,A01,3,7,8,2,6,21,1,
202100027025,153 409,B01,3,7,0,2,1,19,1,
202100027026,153 406,B01,3,7,0,2,8,26,1,
202100027026,153 407,A01,3,2,0,2,1,1,1,
202100027027,153 405,A01,1,31,14,0,1,2,1,
202100027028,153 403,B01,2,33,0,2,1,1,1,
202100027028,153 404,A01,2,21,0,0,8,9,1,
202100027029,153 401,B01,1,13,0,2,5,17,1,
202100027029,153 402,A01,1,2,3,2,8,0,1,
202100027030,153 399,A01,2,7,0,2,3,15,1,
202100027030,153 400,B01,1,7,0,2,1,1,3,
202100027031,153 398,A01,3,7,0,1,0,1,1,
202100027032,153 396,A01,2,17,0,2,1,1,1,
202100027032,153 397,B01,1,7,0,2,7,13,1,
202100027033,153 394,B01,2,7,0,2,2,19,1,
202100027033,153 395,A01,2,14,0,2,3,1,1,
202100027034,153 392,B01,1,10,0,2,4,2,1,
202100027034,153 393,A01,1,33,0,2,1,2,1,
202100027035,153 391,A01,2,7,3,0,9,2,1,
202100027036,153 389,B01,1,7,0,2,2,1,1,
202100027036,153 390,A01,1,17,0,2,3,26,1,
202100027037,153 386,B01,2,10,0,2,6,16,1,
202100027037,153 387,C01,2,7,0,2,3,0,1,
202100027037,153 388,A01,2,33,0,2,1,21,1,
202100027038,153 385,A01,2,32,0,0,0,3,1,
202100027039,153 383,B01,1,7,0,0,1,1,1,
202100027039,153 384,A01,1,16,0,2,4,1,1,
202100027040,153 381,A01,1,7,0,0,0,0,1,
202100027040,153 382,B01,1,7,14,2,1,25,1,
202100027041,153 379,B01,2,7,14,2,1,26,1,
202100027041,153 380,A01,2,7,0,9,1,26,1,
202100027042,153 378,A01,1,7,4,0,1,21,1,
202100027043,153 377,A01,-1,38,12,1,2,26,2,1.0
202100027044,153 375,B01,1,1,0,2,8,15,5,
202100027044,153 376,A01,2,7,0,9,5,16,1,
202100027045,153 374,A01,2,32,0,0,7,26,0,
202100027046,153 372,B01,3,33,0,2,7,15,1,
202100027046,153 373,A01,2,7,0,2,6,1,1,
202100027047,153 370,B01,1,7,0,2,5,1,1,
202100027047,153 371,A01,1,7,0,2,3,2,1,
202100027048,153 369,A01,1,32,0,1,1,1,1,
202100027049,153 366,C01,0,7,0,2,4,1,1,
202100027049,153 367,B01,2,7,0,2,4,1,1,
202100027049,153 368,A01,2,7,0,2,1,1,1,
202100027050,153 365,A01,3,7,6,0,1,19,1,
202100027051,153 363,B01,1,7,0,2,1,0,1,
202100027051,153 364,A01,1,7,0,2,7,1,1,
202100027052,153 362,B01,1,33,0,0,7,16,1,
202100027053,153 360,A01,1,7,0,2,6,2,1,
202100027053,153 361,B01,1,37,0,2,1,1,1,1.0
202100027054,153 358,B01,1,7,0,2,1,1,1,
202100027054,153 359,A01,1,7,0,2,4,1,1,
202100027055,153 355,A01,2,7,0,2,1,17,1,
202100027055,153 356,B01,1,7,0,2,6,1,1,
202100027055,153 357,C01,2,37,0,2,3,1,2,1.0
202100027056,153 354,A01,2,31,15,0,1,1,1,
202100027057,153 352,B01,2,50,0,2,8,1,3,
202100027057,153 353,A01,2,7,0,2,7,17,1,
202100027058,153 351,A01,3,7,0,1,0,26,1,
202100027059,153 350,A01,1,7,0,0,2,21,1,
202100027060,153 348,A01,1,7,0,2,8,22,1,
202100027060,153 349,B01,1,1,1,0,1,1,5,
202100027061,153 345,A01,2,1,0,2,1,1,5,
202100027061,153 346,B01,3,7,0,2,1,9,1,
202100027062,153 344,A01,2,33,0,0,8,1,1,
202100027063,153 342,B01,1,7,0,2,1,1,1,
202100027063,153 343,A01,2,7,0,2,7,1,1,
202100027064,153 340,B01,2,7,0,2,4,23,1,
202100027064,153 341,A01,2,30,0,2,1,2,1,
202100027065,153 339,A01,1,10,0,0,0,2,1,
202100027066,153 338,A01,2,1,12,0,0,1,5,
202100027067,153 337,A01,1,7,5,0,2,1,1,
202100027068,153 335,A01,2,7,0,2,3,9,1,
202100027068,153 336,B01,0,1,0,2,4,1,5,
202100027069,153 333,B01,1,2,0,2,1,23,1,
202100027069,153 334,A01,1,7,0,2,4,4,1,
202100027070,153 332,A01,2,7,4,0,1,21,1,
202100027071,153 331,A01,0,7,0,1,1,1,0,
202100027072,153 329,A01,1,30,0,2,1,17,1,
202100027072,153 330,B01,1,7,0,2,8,15,1,
202100027073,153 328,A01,1,7,14,0,1,1,1,
202100027074,153 326,B01,1,33,0,2,4,1,0,
202100027074,153 327,A01,1,33,0,2,8,1,1,
202100027075,153 324,B01,1,31,0,2,1,1,1,
202100027075,153 325,A01,2,7,0,2,3,15,1,
202100027076,153 323,A01,1,7,0,1,1,1,1,
202100027077,153 321,A01,1,2,0,2,1,3,1,
202100027077,153 322,B01,1,7,0,2,3,0,1,
202100027078,153 319,B01,1,7,0,2,2,1,1,
202100027078,153 320,A01,3,7,0,2,5,20,1,
202100027079,153 317,B01,1,31,0,2,2,1,1,
202100027079,153 318,A01,3,7,0,2,3,19,1,
202100027080,153 315,B01,3,7,0,2,1,1,1,
202100027080,153 316,A01,3,33,0,2,1,13,1,
202100027081,153 312,B01,1,7,0,2,4,2,1,
202100027081,153 313,C01,1,7,0,2,3,2,1,
202100027081,153 314,A01,1,7,0,2,2,2,1,
202100027082,153 310,B01,1,7,0,2,6,2,1,
202100027082,153 311,A01,1,33,0,2,1,2,1,
202100027083,153 308,B01,1,10,0,2,8,1,0,
202100027083,153 309,A01,1,31,0,2,7,3,1,
202100027084,153 306,A01,2,33,0,2,2,3,1,
202100027084,153 307,B01,2,10,0,2,6,1,1,
202100027085,153 304,A01,1,30,0,2,8,15,1,
202100027085,153 305,B01,1,7,0,2,7,1,1,
202100027086,153 302,B01,2,30,0,0,1,1,1,
202100027086,153 303,A01,1,7,0,0,3,10,0,
202100027087,153 301,A01,2,7,0,1,2,15,1,
202100027088,153 299,B01,2,30,0,2,2,17,1,
202100027088,153 300,A01,2,7,0,2,3,15,1,
202100027089,153 296,C01,3,32,0,2,4,23,1,
202100027089,153 297,B01,3,33,0,2,4,23,1,
202100027089,153 298,A01,3,7,0,2,1,2,1,
202100027090,153 294,B01,1,1,0,2,0,9,5,
202100027090,153 295,A01,2,7,0,2,0,15,1,
202100027091,153 292,B01,2,1,0,2,1,1,5,
202100027091,153 293,A01,1,10,0,2,3,15,1,
202100027092,153 289,B01,1,7,0,2,4,23,1,
202100027092,153 290,A01,1,7,0,2,4,23,1,
202100027092,153 291,Z01,1,7,1,0,1,2,0,
202100027093,153 287,B01,0,7,0,2,1,1,0,
202100027093,153 288,A01,0,7,0,2,4,23,0,
202100027094,153 285,A01,2,7,0,2,2,14,1,
202100027094,153 286,B01,2,50,0,2,3,18,3,
202100027095,153 283,A01,1,33,0,2,1,5,1,
202100027095,153 284,B01,1,7,0,2,6,15,2,
202100027096,153 281,A01,1,7,0,2,1,2,1,
202100027096,153 282,B01,1,7,0,2,4,23,2,
202100027097,153 277,B01,2,17,1,0,2,14,1,
202100027097,153 278,A01,2,7,3,0,6,23,1,
202100027098,153 276,A01,2,7,6,0,1,0,1,
202100027099,153 273,C01,2,7,0,2,9,1,1,
202100027099,153 274,B01,1,7,0,2,1,1,1,
202100027099,153 275,A01,1,7,0,2,3,19,1,
202100027100,153 272,A01,2,10,0,1,2,1,1,
202100027101,153 270,A01,1,7,3,2,1,0,1,
202100027101,153 271,B01,1,17,0,0,6,1,1,
202100027102,153 266,A01,3,7,0,0,3,1,1,
202100027102,153 267,B01,3,7,0,0,3,1,1,
202100027103,153 265,A01,0,2,0,0,0,0,1,
202100027104,153 263,A01,1,17,0,0,6,1,1,
202100027104,153 264,B01,1,10,0,2,2,12,1,
202100027105,153 261,B01,1,7,0,0,8,1,1,
202100027105,153 262,A01,3,7,0,2,1,1,1,
202100027106,153 260,A01,1,7,4,0,1,14,1,
202100027107,153 259,A01,1,7,0,0,2,12,1,
202100027108,153 258,A01,1,7,1,1,3,14,1,
202100027109,153 256,A01,1,7,0,2,5,19,1,
202100027109,153 257,B01,2,7,0,2,1,1,1,
202100027110,153 255,A01,2,7,6,0,2,1,1,
202100027111,153 253,A01,2,7,4,2,1,17,1,
202100027111,153 254,B01,2,7,0,2,6,1,1,
202100027112,153 251,B01,0,7,0,2,3,0,1,
202100027112,153 252,A01,3,7,0,2,3,0,1,
202100027113,153 250,A01,0,7,0,1,2,9,1,
202100027114,153 248,A01,1,7,0,2,1,15,1,
202100027114,153 249,B01,1,33,0,2,8,1,1,
202100027115,153 246,B01,2,2,0,2,7,0,1,
202100027115,153 247,A01,1,7,0,2,3,1,1,
202100027116,153 245,A01,1,31,0,0,7,16,1,
202100027117,153 243,B01,3,7,0,2,1,1,1,
202100027117,153 244,A01,3,7,0,2,1,5,1,
202100027118,153 241,B01,1,7,0,2,3,1,1,
202100027118,153 242,A01,2,7,0,2,3,1,1,
202100027119,153 240,A01,2,7,2,0,9,1,1,
202100027120,153 239,A01,1,1,0,0,1,1,5,
202100027121,153 238,A01,3,36,0,0,0,1,1,
202100027122,153 235,A01,3,7,0,2,3,19,1,
202100027122,153 236,C01,1,10,15,0,1,1,1,
202100027122,153 237,B01,1,7,0,2,2,1,1,
202100027123,153 233,A01,0,7,0,0,3,15,1,
202100027123,153 234,B01,0,33,0,2,1,1,1,
202100027124,153 231,B01,2,1,0,0,1,1,5,
202100027124,153 232,A01,2,7,0,9,0,9,1,
202100027125,153 229,B01,1,7,0,2,2,15,1,
202100027125,153 230,A01,2,2,0,2,1,1,1,
202100027126,153 217,A01,0,14,0,2,1,1,1,
202100027126,153 218,L01,0,7,0,0,0,23,1,
202100027126,153 219,C01,0,7,0,0,4,23,1,
202100027126,153 220,K01,0,10,0,0,4,23,1,
202100027126,153 221,B01,0,7,0,2,4,23,1,
202100027126,153 222,J01,0,7,0,0,4,23,1,
202100027126,153 223,I01,0,7,0,0,0,23,1,
202100027126,153 224,F01,0,7,0,0,4,23,1,
202100027126,153 225,H01,0,7,0,0,0,23,1,
202100027126,153 226,G01,0,7,0,0,4,23,1,
202100027126,153 227,E01,0,10,0,0,4,23,1,
202100027126,153 228,D01,0,7,0,0,4,23,3,
202100027127,153 216,B01,2,7,13,0,7,1,1,
202100027128,153 214,A01,2,7,0,2,1,1,1,
202100027128,153 215,B01,1,7,0,2,3,1,1,
202100027129,153 212,B01,1,7,0,2,1,1,1,
202100027129,153 213,A01,2,13,0,2,1,13,1,
202100027130,153 211,A01,2,33,0,0,8,16,1,
202100027131,153 210,A01,1,33,8,0,1,1,1,
202100027132,153 209,A01,3,7,0,1,3,1,1,
202100027133,153 208,A01,0,7,4,0,1,1,1,
202100027134,153 206,B01,2,15,0,2,3,1,1,
202100027134,153 207,A01,1,7,0,2,7,19,1,
202100027135,153 205,A01,3,7,15,0,1,2,1,
202100027136,153 204,A01,1,7,13,0,1,13,1,
202100027137,153 202,A01,0,7,0,2,2,2,1,
202100027137,153 203,B01,0,1,0,2,4,2,5,
202100027138,153 201,A01,0,7,0,1,3,16,1,
202100027139,153 199,A01,1,7,0,0,5,26,1,
202100027139,153 200,B01,1,43,0,2,1,1,1,
202100027140,153 197,B01,0,7,0,2,1,1,1,
202100027140,153 198,A01,0,3,0,2,1,1,1,
202100027141,153 196,A01,2,7,0,0,9,1,1,
202100027142,153 195,A01,2,7,0,1,3,1,1,
202100027143,153 194,A01,2,33,0,0,7,1,1,
202100027144,153 193,A01,2,10,4,0,3,9,1,
202100027145,153 191,B01,2,33,0,2,4,2,1,
202100027145,153 192,A01,2,33,0,2,1,2,1,
202100027146,153 188,A01,1,7,14,0,3,1,0,
202100027147,153 186,B01,1,7,0,2,3,1,1,
202100027147,153 187,A01,2,31,0,2,1,0,1,
202100027148,153 185,A01,3,10,0,1,2,1,1,
202100027149,153 184,A01,2,20,2,0,9,1,1,
202100027150,153 183,A01,1,33,0,0,0,1,1,
202100027151,153 182,A01,2,2,0,0,1,1,1,
202100027152,153 180,A01,1,7,15,2,1,13,1,
202100027152,153 181,B01,2,7,0,2,1,1,1,
202100027153,153 179,A01,1,7,13,0,1,1,1,
202100027154,153 178,A01,1,7,2,0,1,1,1,
202100027155,153 177,A01,2,7,0,1,3,21,1,
202100027156,153 175,B01,1,33,0,2,2,2,1,
202100027156,153 176,A01,1,7,0,0,4,2,1,
202100027157,153 173,A01,1,30,0,2,8,19,1,
202100027157,153 174,B01,1,10,0,2,1,21,1,
202100027158,153 172,A01,1,7,2,0,1,1,1,
202100027159,153 171,A01,2,7,2,0,1,1,1,
202100027160,153 170,A01,1,7,0,1,6,1,1,
202100027161,153 168,A01,3,7,0,0,6,19,2,
202100027161,153 169,B01,2,7,0,2,1,1,1,
202100027162,153 167,A01,3,33,0,6,1,1,6,
202100027163,153 164,C01,2,7,0,0,4,1,1,
202100027163,153 165,B01,2,7,0,2,4,1,1,
202100027163,153 166,A01,2,7,0,2,1,1,1,
202100027164,153 162,B01,2,7,0,0,4,1,1,
202100027164,153 163,A01,2,33,0,2,1,17,1,
202100027165,153 160,B01,1,10,0,2,3,1,1,
202100027165,153 161,A01,2,7,0,2,3,13,1,
202100027166,153 159,A01,1,7,3,0,3,2,1,
202100027167,153 157,B01,3,33,0,2,2,3,1,
202100027167,153 158,A01,3,7,0,2,8,2,1,
202100027168,153 151,C01,2,7,0,2,4,0,1,
202100027168,153 152,B01,2,7,0,2,1,0,1,
202100027168,153 153,A01,2,7,0,2,4,0,1,
202100027168,153 154,F01,2,7,0,2,7,0,1,
202100027168,153 155,E01,2,7,0,2,4,0,3,
202100027168,153 156,D01,2,7,0,2,4,0,1,
202100027169,153 148,C01,1,7,0,2,1,2,1,
202100027169,153 149,B01,1,7,0,2,1,2,1,
202100027169,153 150,A01,1,7,0,2,4,23,1,
202100027170,153 147,A01,2,7,3,0,1,16,1,
202100027171,153 145,A01,2,10,0,2,1,2,1,
202100027171,153 146,B01,2,7,0,2,4,2,1,
202100027172,153 143,A01,2,7,0,2,2,2,1,
202100027172,153 144,B01,2,7,0,2,6,2,1,
202100027173,153 142,A01,2,7,6,0,1,2,1,
202100027174,153 140,B01,1,10,0,2,5,2,1,
202100027174,153 141,A01,1,10,0,2,8,13,1,
202100027175,153 137,B01,1,7,0,2,4,2,1,
202100027175,153 138,C01,1,7,4,2,4,2,1,
202100027175,153 139,A01,1,7,4,2,1,1,2,
202100027176,153 136,A01,2,7,3,0,1,13,1,
202100027177,153 134,A01,1,7,4,2,1,1,1,
202100027177,153 135,B01,1,7,4,2,4,1,1,
202100027178,153 133,A01,2,43,0,2,7,1,1,
202100027179,153 132,A01,2,7,4,0,2,14,1,
202100027180,153 131,A01,1,7,3,0,1,2,1,
202100027181,153 129,A01,1,34,0,2,3,3,1,
202100027181,153 130,B01,1,7,0,2,2,1,1,
202100027182,153 128,A01,2,15,13,0,7,14,1,
202100027183,153 127,A01,0,7,0,1,4,24,1,
202100027184,153 126,A01,1,7,0,1,1,15,1,
202100027185,153 125,A01,2,50,0,1,1,1,3,
202100027186,153 123,A01,2,7,0,0,1,16,1,
202100027186,153 124,B01,1,33,0,2,1,1,1,
202100027187,153 121,B01,1,34,0,2,1,1,1,
202100027187,153 122,A01,1,7,0,9,3,19,1,
202100027188,153 119,A01,1,7,0,2,4,2,1,
202100027188,153 120,B01,1,2,0,2,1,2,1,
202100027189,153 117,B01,1,7,0,2,4,2,1,
202100027189,153 118,A01,1,7,0,2,1,2,1,
202100027190,153 115,A01,3,7,0,2,2,19,1,
202100027190,153 116,B01,3,7,0,2,1,2,1,
202100027191,153 113,B01,0,7,0,2,1,1,1,
202100027191,153 114,A01,0,7,0,2,7,9,1,
202100027192,153 111,A01,1,7,0,2,7,1,1,
202100027192,153 112,B01,3,7,0,2,1,9,1,
202100027193,153 109,A01,0,7,1,0,2,1,2,
202100027193,153 110,B01,3,7,0,2,2,24,1,
202100027194,153 108,A01,3,7,9,0,1,26,0,
202100027195,153 107,A01,3,33,15,0,1,13,1,
202100027196,153 106,A01,3,7,0,1,2,1,1,
202100027197,153 104,B01,3,7,8,0,6,15,1,
202100027197,153 105,A01,3,34,0,2,0,17,0,
202100027198,153 101,B01,3,1,0,2,0,0,0,
202100027198,153 102,A01,3,1,0,2,1,26,5,
202100027199,153 100,A01,3,31,8,0,1,26,1,
202100027200,153 098,A01,1,7,1,2,2,21,6,
202100027200,153 099,B01,1,7,0,2,7,2,1,
202100027201,153 097,A01,1,7,6,0,1,26,1,
202100027202,153 092,B01,1,7,0,2,7,26,1,
202100027202,153 093,A01,1,30,0,2,7,11,1,
202100027203,153 090,A01,2,7,0,2,3,19,1,
202100027203,153 091,B01,1,33,0,2,1,21,1,
202100027204,153 087,A01,3,7,0,2,8,1,1,
202100027204,153 088,B01,0,7,0,2,6,1,1,
202100027204,153 089,C01,3,2,0,2,8,1,1,
202100027205,153 085,B01,2,7,0,2,1,1,1,
202100027205,153 086,A01,1,7,0,2,2,15,1,
202100027206,153 083,A01,2,7,0,2,5,15,1,
202100027206,153 084,B01,1,1,0,2,1,1,5,
202100027207,153 082,A01,2,30,0,0,2,1,1,
202100027208,153 081,A01,2,7,2,0,4,11,1,
202100027209,153 079,B01,3,31,0,2,6,16,1,
202100027209,153 080,A01,3,7,0,2,2,16,1,
202100027210,153 078,A01,2,7,9,0,1,1,1,
202100027211,153 076,A01,1,7,0,2,1,1,1,
202100027211,153 077,B01,1,7,0,2,2,15,1,
202100027212,153 074,B01,3,1,0,9,1,1,5,
202100027212,153 075,A01,3,37,0,9,2,1,1,1.0
202100027213,153 073,A01,1,7,13,0,1,19,1,
202100027214,153 070,A01,0,30,0,0,0,0,1,
202100027215,153 068,B01,2,1,0,2,1,1,5,
202100027215,153 069,A01,2,7,0,2,3,9,1,
202100027216,153 067,A01,3,7,0,1,4,20,2,
202100027217,153 065,A01,1,30,0,2,1,1,1,
202100027217,153 066,B01,1,7,0,2,3,1,2,
202100027218,153 064,A01,1,3,0,0,1,2,1,
202100027219,153 063,A01,1,10,0,1,1,15,0,