Num_Acc,id_vehicule,num_veh,senc,catv,obs,obsm,choc,manv,motor,occutc
202100027220,153 061,B01,2,7,0,2,6,15,1,
202100027220,153 062,A01,2,7,0,2,2,17,1,
202100027221,153 060,A01,3,7,6,0,1,15,1,
202100027222,153 058,A01,1,7,0,2,2,15,1,
202100027222,153 059,B01,1,32,0,2,1,1,1,
202100027223,153 057,A01,1,30,8,0,3,14,1,
202100027224,153 056,A01,1,33,12,0,1,14,1,
202100027225,153 055,A01,2,10,14,0,3,15,1,
202100027226,153 053,B01,2,32,0,2,1,1,1,
202100027226,153 054,A01,2,7,0,2,8,15,2,
202100027227,153 051,B01,1,50,0,2,5,1,3,
202100027227,153 052,A01,2,7,0,2,7,5,1,
202100027228,153 049,A01,0,7,0,2,5,1,1,
202100027228,153 050,B01,0,32,0,2,1,1,1,
202100027229,153 047,A01,1,50,0,2,1,2,3,
202100027229,153 048,B01,1,7,0,2,4,2,1,
202100027230,153 046,A01,1,7,1,0,3,1,1,
202100027231,153 044,A01,3,7,0,2,1,1,1,
202100027231,153 045,B01,3,7,0,2,2,1,1,
202100027232,153 042,B01,0,7,0,2,7,24,1,
202100027232,153 043,A01,0,7,0,2,4,20,1,
202100027233,153 040,A01,2,7,0,2,1,1,1,
202100027233,153 041,B01,2,33,0,0,4,16,0,
202100027234,153 038,B01,0,7,0,2,0,1,1,
202100027234,153 039,A01,0,60,0,2,4,21,5,
202100027235,153 036,A01,3,7,0,2,3,5,1,
202100027235,153 037,B01,3,7,2,2,8,0,0,
202100027236,153 034,B01,1,7,0,2,2,1,1,
202100027236,153 035,A01,1,7,2,2,3,16,1,
202100027237,153 033,A01,1,37,9,0,2,14,2,1.0
202100027238,153 029,B01,1,13,0,2,1,26,0,
202100027238,153 030,A01,1,99,0,2,3,21,1,
202100027239,153 028,A01,2,7,12,0,2,14,1,
202100027240,153 026,A01,1,10,0,2,7,10,1,
202100027240,153 027,B01,2,33,0,2,1,1,1,
202100027241,153 025,A01,1,60,2,0,1,14,5,
202100027242,153 023,B01,1,7,0,2,2,1,1,
202100027242,153 024,A01,1,10,0,2,1,1,1,
202100027243,153 022,A01,1,33,0,1,3,9,1,
202100027244,153 020,B01,2,1,0,2,3,6,5,
202100027244,153 021,A01,1,7,0,9,2,1,1,
202100027245,153 018,B01,1,7,4,0,3,1,1,
202100027245,153 019,A01,1,10,3,2,2,1,1,
202100027246,153 015,B01,1,7,0,2,4,2,1,
202100027246,153 016,A01,1,7,0,0,4,2,1,
202100027246,153 017,C01,1,7,0,2,1,2,1,
202100027247,153 013,A01,0,7,0,2,3,9,1,
202100027247,153 014,B01,0,7,0,2,1,1,1,
202100027248,153 012,A01,2,2,15,0,7,1,1,
202100027249,153 011,A01,1,1,8,0,0,1,5,
202100027250,153 009,A01,3,7,0,2,6,19,1,
202100027250,153 010,B01,1,7,0,2,3,1,1,
202100027251,153 008,A01,1,7,15,0,1,1,1,
202100027252,153 006,B01,0,7,0,1,0,0,1,
202100027252,153 007,A01,0,30,0,0,0,0,3,
202100027253,153 005,A01,1,33,0,0,0,1,1,
202100027254,153 004,A01,0,33,0,0,1,1,1,
202100027255,153 001,A01,2,7,0,0,6,2,1,
202100027255,153 002,B01,1,7,0,2,1,1,3,
202100027255,153 003,C01,2,7,0,2,1,17,1,
202100027256,153 000,A01,3,7,6,0,1,13,1,
202100027257,152 997,B01,1,7,0,2,4,1,1,
202100027257,152 998,C01,2,7,0,2,1,1,1,
202100027257,152 999,A01,1,7,0,2,1,17,1,
202100027258,152 995,B01,2,10,2,2,1,1,1,
202100027258,152 996,A01,1,7,0,2,2,9,1,
202100027259,152 994,A01,1,3,8,0,2,0,1,
202100027260,152 993,A01,2,7,0,0,2,14,1,
202100027261,152 992,A01,1,33,15,0,4,1,1,
202100027262,152 991,A01,3,7,16,0,2,0,1,
202100027263,152 990,A01,3,7,16,0,0,0,1,
202100027264,152 988,A01,3,33,0,2,3,13,1,
202100027264,152 989,B01,3,21,0,2,8,1,1,
202100027265,152 987,A01,1,15,0,9,1,1,1,
202100027266,152 986,A01,1,32,16,0,5,10,1,
202100027267,152 984,B01,2,7,0,2,1,1,1,
202100027267,152 985,A01,1,7,0,2,1,13,1,
202100027268,152 983,A01,2,7,5,0,1,1,1,
202100027269,152 981,B01,3,33,0,1,0,1,1,
202100027269,152 982,A01,3,7,0,2,3,13,1,
202100027270,152 979,B01,1,30,0,2,1,2,1,
202100027270,152 980,A01,1,7,0,0,4,15,1,
202100027271,152 977,A01,1,31,0,2,7,13,1,
202100027271,152 978,B01,2,10,0,2,3,1,1,
202100027272,152 976,A01,2,33,14,0,0,1,1,
202100027273,152 973,A01,1,33,0,2,2,17,1,
202100027273,152 974,C01,1,33,5,9,7,26,1,
202100027273,152 975,B01,1,7,0,2,6,1,1,
202100027274,152 971,B01,0,7,0,2,3,1,0,
202100027274,152 972,A01,0,7,0,2,3,1,1,
202100027275,152 970,A01,0,31,2,0,0,0,1,
202100027276,152 969,A01,3,36,6,0,1,1,1,
202100027277,152 968,A01,1,31,8,0,1,17,1,
202100027278,152 967,A01,2,7,8,0,8,14,1,
202100027279,152 966,A01,2,7,8,0,1,21,1,
202100027280,152 964,B01,2,7,3,2,3,1,1,
202100027280,152 965,A01,2,7,0,2,3,13,1,
202100027281,152 963,A01,3,33,0,0,0,2,1,
202100027282,152 962,A01,2,7,13,0,7,14,1,
202100027283,152 961,A01,3,33,2,0,0,0,1,
202100027284,152 958,B01,1,7,0,2,1,17,1,
202100027284,152 959,A01,1,7,2,2,1,17,1,
202100027284,152 960,C01,1,7,0,2,1,1,1,
202100027285,152 957,A01,3,35,6,0,2,0,1,
202100027286,152 955,A01,2,7,0,0,8,15,1,
202100027286,152 956,B01,2,33,0,0,2,17,1,
202100027287,152 954,A01,1,7,3,0,1,1,1,
202100027288,152 953,A01,2,14,0,0,7,1,1,
202100027289,152 950,A01,1,33,0,0,8,1,1,
202100027290,152 948,A01,2,7,0,2,3,1,1,
202100027290,152 949,B01,1,7,0,2,1,1,1,
202100027291,152 946,B01,1,7,0,2,1,9,1,
202100027291,152 947,A01,1,31,0,0,4,23,1,
202100027292,152 945,A01,2,7,8,0,3,13,1,
202100027293,152 943,A01,1,7,0,2,1,1,1,
202100027293,152 944,B01,0,7,0,2,8,16,1,
202100027294,152 940,A01,2,7,0,2,3,13,1,
202100027294,152 941,B01,1,7,0,2,3,1,1,
202100027295,152 939,A01,1,7,8,0,3,0,1,
202100027296,152 937,B01,2,7,0,2,2,26,1,
202100027296,152 938,A01,1,2,0,0,8,9,1,
202100027297,152 936,A01,1,7,6,0,2,0,1,
202100027298,152 935,A01,1,7,13,0,3,1,1,
202100027299,152 932,B01,2,7,1,0,2,2,1,
202100027299,152 933,A01,2,7,0,0,4,23,1,
202100027300,152 931,A01,2,7,13,0,2,1,1,
202100027301,152 930,A01,2,7,6,0,2,14,1,
202100027302,152 928,A01,3,1,0,2,1,1,5,
202100027302,152 929,B01,3,7,0,9,3,1,1,
202100027303,152 927,A01,1,33,12,0,1,14,1,
202100027304,152 925,B01,1,15,0,2,1,1,1,
202100027304,152 926,A01,2,7,0,2,1,13,2,
202100027305,152 920,A01,2,7,0,2,4,2,1,
202100027305,152 921,B01,2,7,0,2,1,2,1,
202100027305,152 922,C01,2,7,0,2,1,2,1,
202100027305,152 923,D01,2,7,0,2,1,2,1,
202100027306,152 919,A01,2,33,0,0,7,1,1,
202100027307,152 916,Z01,1,7,0,2,0,18,0,
202100027307,152 917,B01,1,7,0,2,5,1,2,
202100027307,152 918,A01,1,7,0,2,7,1,1,
202100027308,152 914,B01,2,7,0,2,5,1,1,
202100027308,152 915,A01,2,32,0,2,1,9,1,
202100027309,152 911,A01,2,7,0,2,6,1,1,
202100027309,152 912,B01,2,15,0,2,2,12,1,
202100027309,152 913,C01,2,7,0,2,5,1,1,
202100027310,152 910,A01,1,33,3,0,4,0,1,
202100027311,152 907,C01,2,7,1,0,2,12,1,
202100027311,152 908,B01,2,10,0,2,4,23,1,
202100027311,152 909,A01,2,10,1,0,1,26,1,
202100027312,152 905,B01,1,7,0,2,4,2,1,
202100027312,152 906,A01,1,7,0,2,1,1,1,
202100027313,152 903,B01,1,7,0,2,4,2,1,
202100027313,152 904,A01,1,7,0,2,1,1,1,
202100027314,152 901,B01,1,37,0,2,6,23,1,1.0
202100027314,152 902,A01,1,7,0,2,2,1,1,
202100027315,152 898,C01,1,7,0,2,7,1,1,
202100027315,152 899,B01,1,7,0,2,8,0,1,
202100027315,152 900,A01,1,16,0,2,1,11,1,
202100027316,152 897,A01,1,7,0,1,2,17,1,
202100027317,152 895,A01,1,7,0,2,2,15,1,
202100027317,152 896,B01,2,33,0,2,3,1,1,
202100027318,152 892,C01,1,7,0,2,4,1,0,
202100027318,152 893,B01,1,7,0,2,9,1,1,
202100027318,152 894,A01,1,10,0,2,1,1,1,
202100027319,152 890,B01,1,7,0,2,1,9,1,
202100027319,152 891,A01,1,30,0,2,7,1,1,
202100027320,152 888,B01,2,37,0,2,3,1,1,1.0
202100027320,152 889,A01,1,7,0,2,3,1,1,
202100027321,152 886,B01,0,7,0,2,1,1,2,
202100027321,152 887,A01,0,50,0,2,1,19,3,
202100027322,152 884,B01,2,7,0,2,1,1,1,
202100027322,152 885,A01,1,7,0,2,5,1,1,
202100027323,152 882,A01,0,7,0,2,8,19,0,
202100027323,152 883,B01,2,10,0,2,1,1,1,
202100027324,152 881,A01,2,7,15,0,2,14,1,
202100027325,152 879,B01,3,7,0,2,3,1,1,
202100027325,152 880,A01,3,2,0,2,1,0,1,
202100027326,152 877,A01,1,32,0,2,7,17,1,
202100027326,152 878,B01,1,7,0,0,8,0,1,
202100027327,152 874,A01,1,7,0,2,1,13,1,
202100027327,152 875,B01,2,7,0,2,3,1,1,
202100027327,152 876,C01,2,7,0,2,7,1,1,
202100027328,152 872,B01,2,10,0,2,3,1,1,
202100027328,152 873,A01,1,32,0,2,7,1,1,
202100027329,152 871,A01,2,7,6,0,1,14,1,
202100027330,152 869,A01,3,3,0,2,7,17,0,
202100027330,152 870,B01,3,1,0,2,8,2,5,
202100027331,152 867,A01,2,7,0,2,3,9,1,
202100027331,152 868,B01,3,2,0,2,1,15,1,
202100027332,152 865,A01,1,7,0,2,1,13,1,
202100027332,152 866,B01,1,7,0,2,1,1,2,
202100027333,152 864,A01,0,7,0,1,4,4,1,
202100027334,152 863,A01,2,7,8,0,1,21,1,
202100027335,152 862,A01,1,10,0,1,3,1,1,
202100027336,152 859,C01,1,10,0,2,1,0,1,
202100027336,152 860,B01,1,7,0,2,2,0,2,
202100027336,152 861,A01,1,7,0,2,4,1,1,
202100027337,152 857,B01,2,7,0,2,5,2,1,
202100027337,152 858,A01,2,34,0,2,1,2,1,
202100027338,152 855,A01,1,7,0,2,8,26,1,
202100027338,152 856,B01,1,34,0,2,7,16,1,
202100027339,152 853,B01,2,10,0,2,2,1,1,
202100027339,152 854,A01,1,7,0,2,2,13,1,
202100027340,152 851,A01,2,7,0,0,3,23,1,
202100027340,152 852,B01,1,30,0,2,3,0,6,
202100027341,152 849,B01,1,7,0,2,1,1,1,
202100027341,152 850,A01,2,14,3,2,1,13,1,
202100027342,152 847,B01,2,31,1,2,8,2,1,
202100027342,152 848,A01,3,7,0,2,2,15,0,
202100027343,152 846,A01,2,32,0,0,7,1,1,
202100027344,152 845,A01,1,7,1,0,1,1,1,
202100027345,152 843,B01,0,7,0,2,2,2,1,
202100027345,152 844,A01,0,30,0,2,1,2,0,
202100027346,152 841,A01,0,30,0,2,1,1,1,
202100027346,152 842,B01,0,7,0,2,4,0,1,
202100027347,152 839,B01,2,32,0,2,1,1,1,
202100027347,152 840,A01,1,10,0,2,3,15,1,
202100027348,152 837,B01,2,7,0,2,6,1,1,
202100027348,152 838,A01,1,7,0,2,1,1,1,
202100027349,152 835,A01,1,33,0,2,1,1,1,
202100027349,152 836,B01,1,7,0,2,8,9,1,
202100027350,152 834,A01,0,99,15,0,1,16,1,
202100027351,152 832,A01,2,7,0,2,7,1,1,
202100027351,152 833,B01,2,50,0,2,1,9,3,
202100027352,152 831,A01,1,33,16,0,0,0,1,
202100027353,152 829,B01,1,7,0,2,6,26,1,
202100027353,152 830,A01,1,7,0,2,1,26,1,
202100027354,152 827,B01,1,7,0,9,8,19,1,
202100027354,152 828,A01,1,1,0,2,7,19,5,
202100027355,152 825,B01,1,7,0,2,4,26,1,
202100027355,152 826,A01,1,30,0,2,2,26,1,
202100027356,152 821,A01,1,7,0,2,1,2,1,
202100027356,152 822,B01,1,7,0,2,4,2,1,
202100027357,152 819,A01,1,7,0,2,1,9,1,
202100027357,152 820,B01,1,1,0,2,5,26,5,
202100027358,152 817,B01,3,7,0,2,7,1,1,
202100027358,152 818,A01,2,2,0,2,1,1,1,
202100027359,152 815,B01,0,30,0,2,1,2,1,
202100027359,152 816,A01,0,2,0,2,4,2,1,
202100027360,152 813,B01,1,10,0,0,5,23,1,
202100027360,152 814,A01,2,2,0,2,1,1,1,
202100027361,152 812,A01,2,7,0,1,2,1,1,
202100027362,152 811,A01,1,10,3,0,1,17,1,
202100027363,152 809,A01,3,7,0,2,3,26,1,
202100027363,152 810,B01,3,50,0,2,1,1,3,
202100027364,152 804,B01,1,7,0,2,3,1,1,
202100027364,152 805,A01,2,7,0,2,1,15,1,
202100027365,152 802,B01,3,2,12,2,6,1,1,
202100027365,152 803,A01,3,7,0,2,1,1,1,
202100027366,152 800,A01,1,7,0,2,0,2,1,
202100027366,152 801,B01,1,1,0,2,4,15,5,
202100027367,152 798,B01,3,1,0,2,4,26,6,
202100027367,152 799,A01,3,7,0,2,1,1,1,
202100027368,152 796,B01,1,7,0,0,8,23,1,
202100027368,152 797,A01,1,30,1,0,2,21,1,
202100027369,152 794,B01,2,7,0,2,3,1,1,
202100027369,152 795,A01,1,7,0,2,2,15,1,
202100027370,152 791,A01,1,7,0,2,1,2,1,
202100027370,152 792,B01,1,7,0,2,4,23,1,
202100027370,152 793,C01,1,7,0,2,4,23,1,
202100027371,152 790,A01,3,7,0,1,1,15,1,
202100027372,152 788,A01,3,7,0,2,2,15,1,
202100027372,152 789,B01,3,33,0,2,1,1,1,
202100027373,152 787,A01,1,32,0,1,0,26,1,
202100027374,152 784,C01,0,7,0,2,4,16,1,
202100027374,152 785,Z01,0,7,0,0,0,0,0,
202100027374,152 786,B01,0,7,0,2,6,16,1,
202100027375,152 783,A01,1,7,1,0,3,1,1,
202100027376,152 782,A01,1,7,0,1,2,26,1,
202100027377,152 780,A01,1,7,0,2,3,1,1,
202100027377,152 781,B01,2,10,0,2,3,0,1,
202100027378,152 778,A01,2,7,0,2,2,9,1,
202100027378,152 779,B01,2,33,0,2,0,17,1,
202100027379,152 776,A01,1,33,0,2,1,3,3,
202100027379,152 777,B01,1,7,0,2,5,2,1,
202100027380,152 774,A01,1,13,0,2,7,12,1,
202100027380,152 775,B01,1,7,0,2,8,1,1,
202100027381,152 772,B01,3,1,0,2,1,1,5,
202100027381,152 773,A01,3,1,0,2,1,9,5,
202100027382,152 770,B01,1,1,0,2,3,1,5,
202100027382,152 771,A01,2,7,0,2,3,15,1,
202100027383,152 769,A01,2,80,0,1,3,1,3,
202100027384,152 768,A01,1,43,0,1,2,1,1,
202100027385,152 765,C01,1,7,0,2,6,23,1,
202100027385,152 766,B01,1,33,0,2,1,23,1,
202100027385,152 767,A01,1,7,0,2,3,2,1,
202100027386,152 763,B01,2,7,0,2,2,15,3,
202100027386,152 764,A01,1,30,0,2,1,7,1,
202100027387,152 761,B01,3,7,0,2,1,15,1,
202100027387,152 762,A01,3,1,0,2,7,1,5,
202100027388,152 759,A01,1,7,0,2,3,15,1,
202100027388,152 760,B01,1,31,0,2,7,17,1,
202100027389,152 757,A01,1,1,0,9,4,17,5,
202100027389,152 758,Z01,0,1,0,0,0,13,5,
202100027390,152 754,A01,2,50,0,2,0,1,3,
202100027390,152 755,Z01,2,7,0,2,0,1,0,
202100027391,152 752,A01,1,30,0,2,1,0,1,
202100027391,152 753,B01,1,14,0,0,6,16,1,
202100027392,152 750,A01,1,10,0,2,2,1,1,
202100027392,152 751,B01,2,31,0,2,8,1,1,
202100027393,152 748,B01,3,32,0,2,3,1,1,
202100027393,152 749,A01,1,7,0,2,2,1,1,
202100027394,152 746,Z01,1,7,0,2,7,1,2,
202100027394,152 747,B01,1,7,0,2,1,1,1,
202100027395,152 744,B01,2,7,0,2,7,1,1,
202100027395,152 745,A01,2,2,0,2,1,1,1,
202100027396,152 742,A01,1,7,0,2,1,19,1,
202100027396,152 743,B01,1,7,0,2,8,1,1,
202100027397,152 740,A01,1,7,0,2,1,1,1,
202100027397,152 741,B01,2,7,0,2,7,15,1,
202100027398,152 738,B01,1,1,0,2,3,19,5,
202100027398,152 739,A01,1,33,0,2,1,9,1,
202100027399,152 736,B01,2,34,0,2,1,16,1,
202100027399,152 737,A01,1,7,0,2,7,15,1,
202100027400,152 735,A01,3,7,12,0,1,1,1,
202100027401,152 733,A01,0,7,0,2,3,11,1,
202100027401,152 734,B01,0,7,0,2,3,1,1,
202100027402,152 731,A01,3,7,0,2,1,2,2,
202100027402,152 732,B01,3,7,4,2,4,1,1,
202100027403,152 729,Z01,1,7,0,2,1,26,0,
202100027403,152 730,A01,2,33,9,2,1,1,1,
202100027404,152 728,A01,1,7,0,1,1,15,1,
202100027405,152 726,A01,3,7,0,2,2,15,1,
202100027405,152 727,B01,3,33,0,2,1,1,1,
202100027406,152 724,A01,2,10,0,2,1,5,1,
202100027406,152 725,B01,1,7,0,2,1,26,1,
202100027407,152 723,A01,1,10,1,0,3,1,1,
202100027408,152 721,A01,2,10,0,2,8,22,1,
202100027408,152 722,B01,2,1,1,0,1,1,0,
202100027409,152 720,A01,1,33,0,0,7,2,1,
202100027410,152 719,A01,3,21,6,0,9,2,1,
202100027411,152 718,A01,3,7,16,0,0,26,1,
202100027412,152 716,A01,0,7,0,0,5,12,0,
202100027412,152 717,B01,0,33,0,0,3,1,1,
202100027413,152 712,A01,2,33,0,0,4,23,1,
202100027413,152 713,B01,2,7,3,2,2,17,1,
202100027413,152 714,C01,2,7,0,0,6,23,1,
202100027414,152 710,A01,1,2,0,2,0,15,1,
202100027414,152 711,B01,1,7,0,2,0,16,1,
202100027415,152 708,A01,1,10,0,2,1,9,0,
202100027415,152 709,B01,1,7,0,2,2,1,1,
202100027416,152 706,B01,2,1,0,2,1,1,5,
202100027416,152 707,A01,1,7,0,2,3,1,1,
202100027417,152 705,A01,2,7,8,0,3,1,1,
202100027418,152 704,A01,2,7,2,0,1,1,1,
202100027419,152 703,A01,3,7,0,1,6,4,1,
202100027420,152 702,A01,1,7,2,0,3,14,1,
202100027421,152 701,A01,3,7,1,1,3,1,1,
202100027422,152 700,A01,1,10,14,0,8,2,1,
202100027423,152 698,A01,3,7,0,2,1,13,1,
202100027423,152 699,B01,3,2,0,2,1,1,1,
202100027424,152 696,B01,1,7,0,2,1,23,1,
202100027424,152 697,A01,2,7,0,2,8,1,1,
202100027425,152 695,A01,2,7,0,1,3,1,1,
202100027426,152 694,A01,2,7,13,0,1,0,1,
202100027427,152 693,A01,2,33,0,0,3,9,1,
202100027428,152 692,A01,2,10,0,0,1,14,0,
202100027429,152 690,B01,1,33,0,2,1,1,1,
202100027429,152 691,A01,1,7,0,0,5,1,1,
202100027430,152 688,B01,3,7,0,2,3,1,1,
202100027430,152 689,A01,3,7,0,2,3,19,1,
202100027431,152 686,B01,1,1,0,2,1,1,5,
202100027431,152 687,A01,2,7,0,2,3,15,1,
202100027432,152 685,A01,1,7,2,0,1,1,1,
202100027433,152 684,A01,1,7,6,0,2,1,1,
202100027434,152 683,A01,2,7,2,0,1,1,1,
202100027435,152 682,A01,1,33,0,0,0,0,1,
202100027436,152 680,A01,2,7,0,0,7,15,1,
202100027436,152 681,B01,1,33,0,2,1,1,1,
202100027437,152 679,A01,1,7,13,0,2,16,0,
202100027438,152 678,A01,1,7,2,0,1,15,2,
202100027439,152 676,A01,2,1,0,2,1,13,5,
202100027439,152 677,B01,1,7,0,9,1,1,1,
202100027440,152 674,B01,1,33,0,2,1,1,1,
202100027440,152 675,A01,2,7,0,2,6,19,1,
202100027441,152 673,A01,2,7,2,0,1,1,1,
202100027442,152 672,A01,1,7,0,0,9,0,1,
202100027443,152 671,A01,1,7,8,0,3,1,1,
202100027444,152 670,A01,1,7,0,1,0,1,1,
202100027445,152 668,A01,1,7,0,2,3,1,1,
202100027445,152 669,B01,2,7,0,2,3,1,1,
202100027446,152 667,A01,2,1,0,0,1,1,5,
202100027447,152 665,B01,2,7,0,2,1,1,1,
202100027447,152 666,A01,1,7,6,2,7,15,1,
202100027448,152 663,B01,2,2,0,2,0,2,1,
202100027448,152 664,A01,2,2,0,2,0,2,1,
202100027449,152 661,A01,3,7,0,2,1,1,1,
202100027449,152 662,B01,3,7,0,2,5,19,1,
202100027450,152 660,A01,2,7,6,0,9,1,1,
202100027451,152 658,B01,2,7,0,2,1,15,1,
202100027451,152 659,A01,1,7,0,2,3,9,1,
202100027452,152 656,B01,2,7,0,2,1,1,1,
202100027452,152 657,A01,1,10,0,2,1,13,1,
202100027453,152 655,A01,2,7,2,0,1,1,1,
202100027454,152 653,A01,1,33,0,2,2,17,1,
202100027454,152 654,B01,1,10,0,2,3,15,1,
202100027455,152 651,A01,1,7,0,2,3,1,1,
202100027455,152 652,B01,1,7,0,2,3,9,1,
202100027456,152 649,A01,1,7,0,2,1,1,1,
202100027456,152 650,B01,1,7,0,0,4,1,1,
202100027457,152 648,A01,1,7,0,1,1,1,1,
202100027458,152 647,A01,3,10,16,0,9,26,1,
202100027459,152 646,A01,3,7,10,0,2,1,1,
202100027460,152 644,A01,1,7,0,2,3,1,1,
202100027460,152 645,B01,2,7,0,2,1,14,1,
202100027461,152 642,B01,1,7,0,0,0,13,1,
202100027461,152 643,A01,2,33,16,0,0,14,1,
202100027462,152 640,B01,2,33,13,0,7,1,1,
202100027462,152 641,A01,2,33,13,0,7,1,1,
202100027463,152 638,A01,1,7,0,2,3,1,1,
202100027463,152 639,B01,1,2,0,2,1,17,1,
202100027464,152 637,A01,1,7,0,1,3,1,1,
202100027465,152 635,A01,2,2,0,2,1,17,1,
202100027465,152 636,B01,1,7,0,2,3,1,1,
202100027466,152 633,B01,2,33,0,2,1,17,1,
202100027466,152 634,A01,0,7,0,2,3,15,1,
202100027467,152 631,A01,1,7,4,0,9,1,1,
202100027468,152 630,A01,1,33,0,0,1,1,1,
202100027469,152 628,B01,2,7,0,2,6,1,1,
202100027469,152 629,A01,1,7,0,2,3,1,1,
202100027470,152 626,A01,3,33,0,2,1,19,1,
202100027470,152 627,B01,1,7,0,2,8,26,1,
202100027471,152 625,A01,1,7,6,0,3,1,6,
202100027472,152 623,B01,2,2,0,2,8,13,1,
202100027472,152 624,A01,2,7,0,2,7,1,1,
202100027473,152 621,B01,1,7,0,2,3,15,1,
202100027473,152 622,A01,1,33,0,2,1,17,1,
202100027474,152 619,A01,2,33,0,2,2,17,1,
202100027474,152 620,B01,2,7,0,2,8,15,1,
202100027475,152 616,C01,1,7,0,9,8,1,1,
202100027475,152 617,B01,2,7,0,2,3,1,1,
202100027475,152 618,A01,1,7,0,2,3,17,1,
202100027476,152 614,B01,2,2,0,2,1,13,1,
202100027476,152 615,A01,1,7,0,2,3,1,1,
202100027477,152 610,A01,1,7,0,2,4,23,1,
202100027477,152 611,B01,1,31,0,2,1,2,1,
202100027478,152 608,B01,2,7,0,2,4,1,1,
202100027478,152 609,A01,2,33,0,2,1,2,1,
202100027479,152 607,A01,1,7,2,0,9,26,1,
202100027480,152 606,A01,2,32,16,0,4,26,1,
202100027481,152 603,B01,1,7,0,2,4,2,1,
202100027481,152 604,C01,1,7,0,2,4,2,1,
202100027481,152 605,A01,1,7,0,2,1,2,1,
202100027482,152 600,A01,3,33,0,2,4,2,1,
202100027482,152 601,B01,3,7,0,2,1,2,1,
202100027482,152 602,C01,3,7,0,2,4,2,1,
202100027483,152 599,A01,1,7,0,9,1,12,1,
202100027484,152 597,A01,1,7,0,2,1,2,1,
202100027484,152 598,B01,1,7,0,2,4,2,1,
202100027485,152 595,A01,1,34,0,2,3,3,1,
202100027485,152 596,B01,1,7,0,2,2,1,1,
202100027486,152 594,A01,1,7,4,0,1,2,1,
202100027487,152 593,A01,1,33,0,0,4,1,1,
202100027488,152 591,Z01,1,10,0,2,2,14,0,
202100027488,152 592,A01,1,1,0,2,2,1,5,
202100027489,152 589,B01,2,7,0,0,4,2,1,
202100027489,152 590,A01,2,7,0,2,1,2,1,
202100027490,152 588,A01,3,7,0,1,1,1,1,
202100027491,152 586,B01,3,7,0,2,0,15,1,
202100027491,152 587,A01,3,2,0,2,0,1,0,
202100027492,152 584,B01,3,31,0,2,7,1,1,
202100027492,152 585,A01,3,7,0,2,3,15,1,
202100027493,152 583,A01,3,33,0,0,0,0,1,
202100027494,152 581,A01,2,34,0,2,1,5,1,
202100027494,152 582,B01,1,7,0,2,2,1,1,
202100027495,152 580,A01,3,50,0,1,1,25,3,
202100027496,152 579,A01,2,1,0,1,1,5,5,
202100027497,152 576,A01,3,7,0,2,1,1,1,
202100027497,152 577,B01,3,7,0,2,4,1,1,
202100027497,152 578,C01,3,7,0,2,4,1,1,
202100027498,152 574,B01,1,7,0,2,3,1,1,
202100027498,152 575,A01,1,7,0,2,2,1,1,
202100027499,152 573,A01,1,7,0,1,2,1,1,
202100027500,152 571,B01,1,7,0,2,6,15,1,
202100027500,152 572,A01,2,33,0,2,1,1,1,
202100027501,152 569,B01,1,7,0,2,3,21,1,
202100027501,152 570,A01,1,7,0,2,2,13,1,
202100027502,152 567,B01,2,31,0,2,1,7,1,
202100027502,152 568,A01,2,7,0,2,2,16,1,
202100027503,152 565,B01,2,1,0,2,1,21,5,
202100027503,152 566,A01,1,7,0,2,2,15,1,
202100027504,152 563,A01,2,30,0,2,1,5,1,
202100027504,152 564,B01,1,7,0,2,3,1,1,
202100027505,152 560,A01,2,7,0,2,8,13,1,
202100027505,152 561,B01,2,10,0,2,8,1,1,
202100027505,152 562,C01,2,7,0,2,1,1,1,
202100027506,152 559,A01,2,1,0,0,7,1,5,
202100027507,152 558,A01,2,33,0,0,7,1,1,
202100027508,152 556,A01,0,50,0,2,7,15,3,
202100027508,152 557,B01,0,7,0,2,1,1,1,
202100027509,152 554,A01,3,7,0,2,1,1,1,
202100027509,152 555,B01,3,99,0,2,9,1,3,
202100027510,152 552,A01,1,7,15,2,8,16,1,
202100027510,152 553,B01,3,7,0,2,1,1,1,
202100027511,152 550,A01,2,7,0,2,4,2,1,
202100027511,152 551,B01,2,31,0,2,1,2,1,
202100027512,152 548,B01,2,2,0,2,4,14,0,
202100027512,152 549,A01,2,7,0,2,1,2,0,
202100027513,152 546,B01,3,33,0,2,1,1,1,
202100027513,152 547,A01,3,7,0,2,1,15,1,
202100027514,152 545,A01,0,7,0,1,1,1,1,
202100027515,152 543,A01,1,7,0,2,5,16,0,
202100027515,152 544,B01,1,50,0,2,1,1,3,
202100027516,152 542,A01,1,7,0,1,1,26,1,
202100027517,152 539,C01,1,7,0,2,4,15,1,
202100027517,152 540,B01,1,7,0,2,1,1,1,
202100027517,152 541,A01,1,7,0,2,1,1,1,
202100027518,152 537,B01,2,33,0,2,8,16,1,
202100027518,152 538,A01,1,7,0,2,1,15,1,
202100027519,152 535,A01,1,1,0,2,2,19,5,
202100027519,152 536,Z01,2,80,0,2,1,1,3,
202100027520,152 533,Z01,2,7,0,2,0,0,1,
202100027520,152 534,A01,1,7,0,2,1,1,1,
202100027521,152 531,A01,1,31,0,2,1,15,1,
202100027521,152 532,B01,1,7,0,2,3,9,2,