Num_Acc,id_vehicule,num_veh,senc,catv,obs,obsm,choc,manv,motor,occutc
202100027522,152 529,B01,1,43,0,2,1,1,1,
202100027522,152 530,A01,1,7,0,2,6,10,1,
202100027523,152 528,A01,2,30,6,0,1,14,1,
202100027524,152 527,A01,2,30,0,0,8,9,3,
202100027525,152 526,A01,1,7,0,1,3,16,1,
202100027526,152 525,A01,2,2,0,1,1,26,1,
202100027527,152 524,A01,2,38,0,1,3,15,1,1.0
202100027528,152 523,A01,2,30,14,0,1,1,1,
202100027529,152 521,B01,0,7,0,2,1,26,1,
202100027529,152 522,A01,0,2,0,2,1,26,0,
202100027530,152 519,A01,1,7,0,2,2,15,1,
202100027530,152 520,B01,2,7,0,2,1,1,1,
202100027531,152 517,A01,0,7,0,2,1,9,1,
202100027531,152 518,B01,0,2,0,2,1,2,1,
202100027532,152 514,B01,1,7,1,2,1,0,1,
202100027532,152 515,C01,1,7,1,2,0,0,1,
202100027532,152 516,A01,1,7,0,2,1,9,1,
202100027533,152 513,A01,1,10,0,1,1,0,1,
202100027534,152 511,A01,1,7,0,2,3,18,1,
202100027534,152 512,Y01,1,1,0,2,7,21,5,
202100027535,152 509,B01,0,32,0,0,0,0,1,
202100027535,152 510,A01,0,7,0,2,2,9,1,
202100027536,152 507,B01,0,7,0,2,3,1,1,
202100027536,152 508,A01,0,7,0,2,7,15,1,
202100027537,152 505,A01,1,7,0,2,3,15,1,
202100027537,152 506,B01,2,30,0,2,1,2,1,
202100027538,152 503,A01,0,99,0,2,1,1,0,
202100027538,152 504,B01,0,33,0,2,2,1,1,
202100027539,152 502,A01,2,7,1,0,2,14,1,
202100027540,152 500,B01,0,80,1,0,0,0,3,
202100027540,152 501,A01,0,7,0,2,3,24,1,
202100027541,152 498,B01,0,7,0,2,1,2,1,
202100027541,152 499,A01,3,7,0,2,2,2,1,
202100027542,152 497,A01,2,7,1,0,1,1,1,
202100027543,152 496,A01,3,7,8,0,0,2,1,
202100027544,152 494,A01,1,7,0,2,1,1,1,
202100027544,152 495,B01,3,2,0,2,1,1,1,
202100027545,152 493,A01,2,1,0,0,0,1,5,
202100027546,152 491,A01,3,7,0,2,1,20,2,
202100027546,152 492,B01,2,1,0,2,7,1,5,
202100027547,152 488,C01,2,17,0,2,3,1,1,
202100027547,152 489,B01,2,7,0,2,4,1,1,
202100027547,152 490,A01,2,7,0,2,1,2,1,
202100027548,152 486,B01,2,7,0,2,4,1,0,
202100027548,152 487,A01,2,7,0,2,1,1,0,
202100027549,152 484,B01,2,7,0,2,1,15,1,
202100027549,152 485,A01,2,7,0,2,1,14,1,
202100027550,152 477,A01,2,7,0,1,3,1,1,
202100027551,152 475,A01,1,7,2,0,3,2,1,
202100027551,152 476,B01,1,7,0,2,5,12,0,
202100027552,152 474,A01,2,50,0,1,1,1,3,
202100027553,152 472,B01,2,2,0,2,1,1,1,
202100027553,152 473,A01,1,7,0,2,7,15,1,
202100027554,152 471,A01,1,7,0,1,1,1,1,
202100027555,152 469,A01,3,7,0,2,1,1,1,
202100027555,152 470,B01,3,1,0,2,0,0,5,
202100027556,152 467,B01,2,7,0,2,6,15,1,
202100027556,152 468,A01,2,7,0,2,2,1,1,
202100027557,152 465,B01,2,2,0,2,7,17,1,
202100027557,152 466,A01,2,7,0,2,3,15,1,
202100027558,152 464,A01,2,7,0,1,2,1,1,
202100027559,152 462,B01,2,10,0,2,6,1,1,
202100027559,152 463,A01,2,33,0,2,2,3,1,
202100027560,152 459,A01,2,7,0,2,2,12,1,
202100027560,152 460,B01,2,7,4,2,6,1,1,
202100027560,152 461,C01,2,10,0,2,1,1,1,
202100027561,152 458,A01,1,32,11,0,1,13,1,
202100027562,152 456,A01,2,30,0,2,2,17,1,
202100027562,152 457,B01,2,10,0,2,3,15,1,
202100027563,152 455,A01,2,7,0,1,3,1,1,
202100027564,152 453,B01,2,50,0,2,1,17,3,
202100027564,152 454,A01,2,7,0,2,3,15,1,
202100027565,152 451,A01,2,1,0,2,7,17,5,
202100027565,152 452,B01,2,1,0,2,8,13,5,
202100027566,152 449,A01,1,7,0,2,0,22,1,
202100027566,152 450,B01,1,1,0,2,0,1,5,
202100027567,152 447,A01,1,1,0,2,7,1,5,
202100027567,152 448,B01,1,7,0,2,3,15,1,
202100027568,152 445,A01,1,7,0,2,6,23,1,
202100027568,152 446,B01,1,30,0,2,4,1,1,
202100027569,152 444,A01,1,32,0,1,3,1,1,
202100027570,152 442,A01,1,7,0,2,4,23,1,
202100027570,152 443,B01,3,10,0,2,1,2,1,
202100027571,152 440,B01,1,1,0,2,3,1,5,
202100027571,152 441,A01,1,10,0,0,2,16,1,
202100027572,152 438,A01,3,50,0,2,3,19,3,
202100027572,152 439,Z01,1,7,0,2,3,1,0,
202100027573,152 436,A01,1,7,0,2,7,1,1,
202100027573,152 437,B01,2,1,0,2,7,19,5,
202100027574,152 434,B01,2,1,0,2,1,1,5,
202100027574,152 435,A01,2,10,0,2,6,22,1,
202100027575,152 433,A01,2,1,0,0,2,26,5,
202100027576,152 432,A01,2,50,1,0,1,1,3,
202100027577,152 430,B01,1,7,0,2,3,15,1,
202100027577,152 431,A01,1,34,0,2,1,17,1,
202100027578,152 428,A01,2,31,0,2,1,1,1,
202100027578,152 429,B01,2,7,0,2,5,23,1,
202100027579,152 427,A01,2,34,0,0,8,26,1,
202100027580,152 426,A01,2,30,12,0,7,1,1,
202100027581,152 424,A01,1,7,0,2,1,1,1,
202100027581,152 425,B01,1,7,0,2,4,23,1,
202100027582,152 422,B01,2,30,0,2,1,2,1,
202100027582,152 423,A01,1,7,1,2,3,13,1,
202100027583,152 421,A01,2,7,0,1,2,1,1,
202100027584,152 419,B01,1,33,0,2,3,18,1,
202100027584,152 420,A01,1,10,0,2,2,20,1,
202100027585,152 417,B01,3,34,0,2,1,0,1,
202100027585,152 418,A01,3,37,0,2,3,9,1,1.0
202100027586,152 416,A01,1,10,12,1,-1,14,1,
202100027587,152 414,A01,0,1,0,2,1,1,0,
202100027587,152 415,B01,0,7,0,2,2,1,1,
202100027588,152 412,B01,0,10,0,2,3,15,0,
202100027588,152 413,A01,0,33,0,2,1,1,1,
202100027589,152 410,B01,2,34,0,2,1,0,1,
202100027589,152 411,A01,2,30,0,2,2,5,1,
202100027590,152 408,A01,0,30,0,2,4,0,1,
202100027590,152 409,B01,0,7,0,2,3,2,1,
202100027591,152 406,B01,0,99,0,2,6,0,0,
202100027591,152 407,A01,2,32,0,2,1,0,0,
202100027592,152 404,B01,1,1,0,2,8,1,5,
202100027592,152 405,A01,1,7,0,2,3,15,1,
202100027593,152 402,B01,2,7,0,2,1,1,1,
202100027593,152 403,A01,1,7,0,2,7,15,1,
202100027594,152 401,A01,2,33,0,1,1,1,1,
202100027595,152 399,B01,2,30,0,2,1,1,1,
202100027595,152 400,A01,1,7,0,2,7,26,1,
202100027596,152 397,B01,1,38,0,2,3,1,1,1.0
202100027596,152 398,A01,2,32,0,2,1,17,1,
202100027597,152 394,C01,1,33,0,2,1,17,1,
202100027597,152 395,B01,1,33,0,2,1,17,1,
202100027597,152 396,A01,1,17,0,0,3,15,1,
202100027598,152 392,B01,2,1,0,2,4,15,5,
202100027598,152 393,A01,2,15,0,2,3,2,1,
202100027599,152 390,B01,1,33,0,2,1,1,1,
202100027599,152 391,A01,1,7,0,2,5,9,1,
202100027600,152 387,C01,1,15,0,2,8,1,1,
202100027600,152 388,B01,1,15,0,2,3,1,1,
202100027600,152 389,A01,2,7,0,2,3,13,1,
202100027601,152 385,B01,1,17,0,2,6,1,1,
202100027601,152 386,A01,1,7,0,2,2,1,1,
202100027602,152 383,A01,1,1,0,2,1,1,5,
202100027602,152 384,B01,3,21,0,2,3,15,1,
202100027603,152 382,A01,1,2,12,0,0,1,1,
202100027604,152 381,A01,1,33,3,0,8,1,1,
202100027605,152 379,B01,2,15,0,0,1,2,1,
202100027605,152 380,A01,3,33,0,2,8,9,1,
202100027606,152 377,B01,3,99,0,9,4,0,5,
202100027606,152 378,A01,3,99,0,9,1,0,5,
202100027607,152 376,A01,2,7,0,0,0,2,1,
202100027608,152 375,A01,1,21,2,0,1,1,1,
202100027609,152 374,A01,1,2,6,0,2,0,1,
202100027610,152 373,A01,1,2,15,0,0,1,1,
202100027611,152 372,A01,1,7,2,0,3,1,1,
202100027612,152 371,A01,1,33,0,0,0,2,1,
202100027613,152 369,B01,1,7,0,2,1,1,1,
202100027613,152 370,A01,2,7,0,0,1,5,1,
202100027614,152 367,B01,1,7,0,2,1,1,1,
202100027614,152 368,A01,2,7,0,2,2,15,1,
202100027615,152 364,A01,2,7,1,0,1,1,1,
202100027615,152 365,C01,2,7,0,2,4,1,1,
202100027615,152 366,D01,2,7,0,0,7,1,1,
202100027616,152 360,A01,2,17,2,2,1,13,1,
202100027616,152 361,C01,1,7,3,2,8,1,1,
202100027616,152 362,B01,1,10,13,2,1,1,1,
202100027617,152 358,B01,2,10,0,2,2,13,1,
202100027617,152 359,A01,1,33,0,2,1,1,1,
202100027618,152 357,A01,1,7,3,0,3,1,2,
202100027619,152 355,B01,1,33,0,9,1,1,1,
202100027619,152 356,A01,2,21,0,2,6,1,1,
202100027620,152 353,B01,3,1,0,2,1,13,5,
202100027620,152 354,A01,3,10,0,9,3,1,1,
202100027621,152 351,A01,1,15,0,2,2,17,1,
202100027621,152 352,B01,1,2,0,2,6,15,1,
202100027622,152 348,C01,1,7,0,2,1,1,1,
202100027622,152 349,B01,1,7,0,2,6,1,1,
202100027622,152 350,A01,2,7,0,2,1,17,1,
202100027623,152 347,A01,2,36,0,0,0,0,1,
202100027624,152 346,A01,1,33,0,0,7,1,1,
202100027625,152 344,B01,3,7,0,2,3,1,1,
202100027625,152 345,A01,3,30,0,2,1,1,1,
202100027626,152 342,A01,1,7,0,2,3,9,1,
202100027626,152 343,B01,1,7,0,2,1,1,1,
202100027627,152 339,A01,2,1,0,0,0,1,5,
202100027628,152 337,A01,2,7,0,2,1,17,1,
202100027628,152 338,B01,2,10,13,2,8,15,1,
202100027629,152 335,A01,2,7,0,2,1,17,1,
202100027629,152 336,B01,2,2,0,0,4,15,1,
202100027630,152 334,A01,3,7,0,1,4,4,1,
202100027631,152 332,A01,2,7,13,0,1,13,1,
202100027632,152 329,A01,2,7,0,2,8,13,1,
202100027632,152 330,B01,1,38,0,2,8,21,1,1.0
202100027632,152 331,C01,1,7,0,2,3,21,1,
202100027633,152 325,B01,1,33,0,2,1,21,1,
202100027633,152 326,A01,2,7,0,2,5,15,1,
202100027634,152 324,A01,2,7,8,0,0,1,1,
202100027635,152 323,A01,1,2,0,0,0,1,1,
202100027636,152 321,A01,2,21,0,2,5,11,1,
202100027636,152 322,B01,1,31,0,2,3,16,1,
202100027637,152 319,B01,1,7,0,2,7,19,1,
202100027637,152 320,A01,2,7,0,2,1,1,1,
202100027638,152 317,B01,2,33,0,2,2,17,1,
202100027638,152 318,A01,2,13,0,2,3,10,0,
202100027639,152 315,B01,0,33,0,2,1,1,1,
202100027639,152 316,A01,1,7,0,2,7,19,1,
202100027640,152 312,C01,1,7,0,2,2,1,1,
202100027640,152 313,B01,1,7,0,2,8,1,1,
202100027640,152 314,A01,2,7,0,2,3,5,1,
202100027641,152 310,A01,1,33,0,0,2,3,1,
202100027641,152 311,B01,1,7,0,0,3,15,1,
202100027642,152 308,B01,2,32,0,2,1,1,1,
202100027642,152 309,A01,1,10,0,2,3,15,0,
202100027643,152 306,A01,1,2,0,2,8,13,1,
202100027643,152 307,B01,1,7,0,2,2,1,1,
202100027644,152 304,B01,2,33,0,2,1,1,1,
202100027644,152 305,A01,1,7,0,2,2,15,1,
202100027645,152 303,A01,1,33,0,0,0,2,1,
202100027646,152 302,A01,2,7,15,0,1,1,1,
202100027647,152 300,B01,3,33,0,2,1,1,0,
202100027647,152 301,A01,3,7,0,2,3,16,1,
202100027648,152 298,B01,2,10,0,2,2,1,1,
202100027648,152 299,A01,1,33,0,2,1,13,1,
202100027649,152 296,B01,1,7,0,2,2,1,1,
202100027649,152 297,A01,2,2,0,2,7,15,1,
202100027650,152 295,A01,2,33,0,6,1,1,1,
202100027651,152 293,B01,1,7,0,2,3,0,1,
202100027651,152 294,A01,1,1,0,2,1,17,5,
202100027652,152 291,B01,3,2,0,0,1,1,1,
202100027652,152 292,A01,3,7,0,0,4,1,1,
202100027653,152 290,A01,1,7,13,0,1,13,1,
202100027654,152 289,A01,3,7,0,1,2,1,1,
202100027655,152 287,A01,2,10,0,9,2,9,1,
202100027655,152 288,B01,2,1,0,0,5,26,5,
202100027656,152 286,A01,3,2,15,0,1,1,1,
202100027657,152 285,A01,3,7,0,1,0,0,1,
202100027658,152 283,B01,2,7,0,2,7,14,1,
202100027658,152 284,A01,2,1,0,2,8,1,5,
202100027659,152 280,A01,1,7,0,2,1,9,1,
202100027659,152 281,B01,1,7,0,2,4,1,1,
202100027659,152 282,C01,1,7,0,2,4,1,1,
202100027660,152 278,B01,1,7,0,2,1,2,1,
202100027660,152 279,A01,1,7,0,2,4,2,1,
202100027661,152 276,A01,2,7,0,2,4,1,1,
202100027661,152 277,Z01,2,7,0,2,1,2,1,
202100027662,152 274,B01,2,10,0,2,7,1,1,
202100027662,152 275,A01,2,33,0,2,1,13,1,
202100027663,152 273,A01,1,7,4,0,0,12,1,
202100027664,152 271,B01,1,13,0,2,6,1,1,
202100027664,152 272,A01,1,7,0,2,7,17,1,
202100027665,152 269,B01,1,33,0,2,1,1,1,
202100027665,152 270,A01,1,10,0,2,4,12,1,
202100027666,152 267,B01,2,7,0,2,3,2,1,
202100027666,152 268,A01,2,7,0,2,1,2,1,
202100027667,152 265,B01,1,7,0,2,4,2,1,
202100027667,152 266,A01,1,7,0,2,1,2,1,
202100027668,152 263,B01,1,7,0,2,4,16,1,
202100027668,152 264,A01,1,7,0,2,1,2,1,
202100027669,152 261,B01,2,14,0,2,2,1,1,
202100027669,152 262,A01,2,7,0,2,3,9,1,
202100027670,152 259,B01,2,13,0,2,5,1,1,
202100027670,152 260,A01,2,33,0,2,8,11,1,
202100027671,152 257,B01,2,7,0,2,4,1,1,
202100027671,152 258,A01,2,7,0,2,1,1,1,
202100027672,152 255,A01,1,33,0,2,1,1,1,
202100027672,152 256,B01,1,7,0,2,5,2,1,
202100027673,152 253,B01,2,7,0,2,4,11,1,
202100027673,152 254,A01,2,31,0,2,1,3,1,
202100027674,152 250,A01,1,13,0,2,3,11,1,
202100027674,152 251,C01,1,10,0,2,1,2,1,
202100027674,152 252,B01,1,7,6,2,2,1,1,
202100027675,152 245,D01,2,10,0,2,4,1,1,
202100027675,152 246,C01,2,7,0,2,4,1,1,
202100027675,152 247,B01,2,7,0,2,4,1,1,
202100027675,152 248,A01,2,7,0,2,4,1,1,
202100027675,152 249,E01,2,7,0,2,1,1,1,
202100027676,152 242,A01,1,14,0,2,1,2,1,
202100027676,152 243,B01,1,7,0,2,4,2,1,
202100027676,152 244,Z01,1,15,0,2,4,2,0,
202100027677,152 240,B01,1,15,0,2,2,1,0,
202100027677,152 241,A01,1,7,0,2,6,11,1,
202100027678,152 239,A01,3,7,0,1,1,15,2,
202100027679,152 238,A01,1,37,0,1,0,15,1,1.0
202100027680,152 236,B01,3,7,0,2,1,1,1,
202100027680,152 237,A01,0,7,0,2,2,14,1,
202100027681,152 235,A01,1,33,0,1,1,9,1,
202100027682,152 233,A01,2,30,0,2,6,21,1,
202100027682,152 234,B01,1,7,0,2,3,1,1,
202100027683,152 231,B01,1,7,0,2,4,0,1,
202100027683,152 232,A01,1,7,0,2,1,1,1,
202100027684,152 229,A01,0,7,0,2,1,15,1,
202100027684,152 230,B01,1,32,0,2,7,17,1,
202100027685,152 228,A01,2,10,0,1,7,20,1,
202100027686,152 227,B01,3,7,0,1,0,0,3,
202100027687,152 225,B01,0,50,0,2,0,2,3,
202100027687,152 226,A01,2,7,0,2,3,2,1,
202100027688,152 224,A01,0,7,0,1,1,1,1,
202100027689,152 222,A01,1,30,0,2,7,1,1,
202100027689,152 223,B01,2,7,0,2,2,1,1,
202100027690,152 220,A01,2,7,0,2,2,15,1,
202100027690,152 221,B01,1,7,0,2,1,1,1,
202100027691,152 219,A01,2,7,0,1,1,1,1,
202100027692,152 216,A01,1,32,1,0,1,26,1,
202100027692,152 217,B01,1,31,1,2,4,2,1,
202100027692,152 218,C01,1,7,0,2,4,23,1,
202100027693,152 214,A01,2,7,0,2,1,15,1,
202100027693,152 215,B01,1,7,0,2,3,2,1,
202100027694,152 212,A01,1,31,0,2,1,16,1,
202100027694,152 213,B01,0,7,0,2,5,16,1,
202100027695,152 210,A01,0,7,0,2,1,17,1,
202100027695,152 211,B01,0,7,0,2,1,1,1,
202100027696,152 208,B01,2,32,0,2,1,1,1,
202100027696,152 209,A01,2,7,0,2,2,10,1,
202100027697,152 206,A01,1,7,0,2,8,1,1,
202100027697,152 207,B01,1,37,0,2,1,2,1,1.0
202100027698,152 205,A01,2,7,0,1,1,1,1,
202100027699,152 204,A01,1,7,0,1,0,1,1,
202100027700,152 202,A01,0,7,0,2,3,10,1,
202100027700,152 203,B01,0,2,0,2,1,1,1,
202100027701,152 200,B01,1,7,0,2,5,1,1,
202100027701,152 201,A01,1,33,0,2,1,9,1,
202100027702,152 198,A01,3,7,0,2,1,9,1,
202100027702,152 199,B01,1,33,0,2,1,0,1,
202100027703,152 196,Z01,0,7,0,2,1,1,0,
202100027703,152 197,B01,0,7,0,2,3,1,0,
202100027704,152 194,B01,2,17,0,2,2,1,1,
202100027704,152 195,A01,2,7,0,2,6,9,1,
202100027705,152 193,A01,1,7,3,2,1,14,1,
202100027706,152 192,A01,2,7,0,1,1,26,1,
202100027707,152 190,A01,3,7,0,2,1,15,1,
202100027707,152 191,B01,3,33,0,2,1,0,1,
202100027708,152 187,C01,2,10,0,0,4,2,1,
202100027708,152 188,B01,2,7,0,2,6,2,1,
202100027708,152 189,A01,2,10,0,2,2,2,1,
202100027709,152 185,A01,2,30,0,2,1,21,1,
202100027709,152 186,B01,1,7,0,2,0,15,1,
202100027710,152 183,B01,1,10,0,2,1,5,1,
202100027710,152 184,A01,2,7,0,2,1,1,1,
202100027711,152 178,A01,1,7,8,0,2,14,1,
202100027712,152 177,A01,0,7,4,0,3,1,1,
202100027713,152 176,A01,2,37,0,1,2,26,1,1.0
202100027714,152 175,A01,2,7,2,0,1,14,1,
202100027715,152 174,A01,1,7,0,1,1,2,1,
202100027716,152 172,A01,1,7,0,2,1,1,1,
202100027716,152 173,B01,2,7,0,2,3,1,1,
202100027717,152 170,B01,2,33,0,2,1,1,1,
202100027717,152 171,A01,1,10,0,2,2,15,1,
202100027718,152 168,A01,1,7,0,2,2,16,1,
202100027718,152 169,B01,1,7,0,2,3,16,1,
202100027719,152 166,A01,1,7,0,1,2,1,1,
202100027719,152 167,B01,1,7,0,1,6,1,1,
202100027720,152 165,A01,2,7,0,1,1,16,0,
202100027721,152 162,C01,1,7,0,2,4,2,1,
202100027721,152 163,B01,1,7,0,2,4,2,1,
202100027721,152 164,A01,1,7,0,2,1,2,1,
202100027722,152 161,A01,0,32,0,0,0,21,0,
202100027723,152 159,B01,2,7,0,2,4,1,1,
202100027723,152 160,A01,2,7,0,2,1,1,1,
202100027724,152 158,A01,3,7,1,0,0,0,1,
202100027725,152 156,A01,1,31,0,0,0,0,1,
202100027725,152 157,B01,1,1,0,2,3,19,5,
202100027726,152 154,B01,0,7,0,2,2,1,1,
202100027726,152 155,A01,0,80,0,2,7,19,3,
202100027727,152 152,A01,1,7,0,2,2,9,1,
202100027727,152 153,B01,1,1,0,2,1,1,5,
202100027728,152 150,A01,0,1,0,2,1,16,5,
202100027728,152 151,B01,0,7,0,9,3,15,1,
202100027729,152 149,Z01,1,30,0,1,1,1,1,
202100027730,152 146,Z01,1,30,0,1,7,14,1,
202100027731,152 145,A01,1,7,0,1,1,1,1,
202100027732,152 143,A01,1,30,0,2,1,26,1,
202100027732,152 144,B01,1,7,0,2,8,1,1,
202100027733,152 141,B01,1,2,0,2,3,1,1,
202100027733,152 142,A01,1,7,0,2,2,12,1,
202100027734,152 140,A01,3,7,8,0,1,1,1,
202100027735,152 138,A01,0,1,0,2,4,16,5,
202100027735,152 139,B01,3,7,0,2,3,9,1,
202100027736,152 136,B01,0,7,0,2,3,2,1,
202100027736,152 137,A01,0,30,0,2,1,13,1,
202100027737,152 134,A01,3,7,0,2,3,9,1,
202100027737,152 135,B01,3,1,0,2,1,1,5,
202100027738,152 132,A01,3,7,0,2,3,17,1,
202100027738,152 133,B01,3,80,0,2,5,19,3,
202100027739,152 130,B01,2,7,0,2,4,2,1,
202100027739,152 131,A01,2,7,0,2,1,2,1,
202100027740,152 128,B01,2,7,0,2,6,2,1,
202100027740,152 129,A01,2,7,0,2,1,1,1,
202100027741,152 125,A01,2,1,8,0,1,1,5,
202100027742,152 123,B01,3,33,0,2,7,1,1,
202100027742,152 124,A01,3,7,0,2,8,15,1,
202100027743,152 121,A01,1,7,0,2,7,1,1,
202100027743,152 122,B01,2,1,0,2,3,1,5,
202100027744,152 119,A01,3,7,0,2,1,9,1,
202100027744,152 120,B01,2,7,0,2,7,1,1,
202100027745,152 116,B01,2,7,0,2,5,15,1,
202100027745,152 117,A01,2,7,0,2,3,2,1,
202100027746,152 115,A01,1,7,13,0,1,26,1,
202100027747,152 111,C01,2,7,0,2,1,0,1,
202100027747,152 112,B01,2,7,0,2,1,0,1,
202100027747,152 113,D01,2,7,0,2,4,0,0,
202100027747,152 114,A01,2,7,0,2,0,26,1,
202100027748,152 109,A01,1,30,8,0,3,1,1,
202100027749,152 107,A01,1,33,0,2,6,23,1,
202100027749,152 108,Z01,1,30,14,0,1,0,0,
202100027750,152 105,B01,0,7,0,2,3,2,1,
202100027750,152 106,A01,0,31,0,2,1,0,1,
202100027751,152 103,B01,2,7,0,2,4,1,0,
202100027751,152 104,A01,2,7,0,2,1,1,0,
202100027752,152 101,A01,2,7,0,2,3,15,1,
202100027752,152 102,B01,2,2,0,2,1,1,1,
202100027753,152 099,A01,1,31,0,2,1,13,1,
202100027753,152 100,B01,2,7,0,2,3,1,1,
202100027754,152 098,A01,1,7,9,0,1,16,1,
202100027755,152 096,B01,2,7,0,2,4,2,1,
202100027755,152 097,A01,2,7,0,2,1,2,1,
202100027756,152 094,A01,1,33,0,2,2,9,1,
202100027756,152 095,B01,1,7,0,2,6,1,1,
202100027757,152 092,Z01,2,7,0,2,3,11,0,
202100027757,152 093,A01,2,43,0,2,5,21,1,
202100027758,152 091,A01,1,1,4,0,1,13,5,
202100027759,152 089,B01,1,32,0,2,3,1,1,
202100027759,152 090,A01,2,7,0,2,2,16,1,
202100027760,152 087,A01,1,7,0,2,1,1,1,
202100027760,152 088,B01,2,7,0,2,3,1,1,
202100027761,152 085,B01,2,80,0,2,8,1,3,
202100027761,152 086,A01,1,10,0,2,1,15,1,
202100027762,152 084,A01,1,1,0,0,0,21,5,
202100027763,152 082,B01,2,32,0,2,5,1,1,
202100027763,152 083,A01,2,7,0,2,3,11,1,
202100027764,152 081,Z01,2,30,0,1,1,1,0,
202100027765,152 079,B01,2,1,0,2,0,7,5,
202100027765,152 080,A01,2,7,0,2,2,13,2,
202100027766,152 077,A01,3,1,0,2,8,1,5,
202100027766,152 078,B01,1,43,0,2,2,1,1,
202100027767,152 075,A01,1,7,0,2,1,1,2,
202100027767,152 076,B01,1,7,0,2,3,1,3,
202100027768,152 074,A01,3,10,2,0,1,14,1,
202100027769,152 073,A01,2,32,0,0,3,21,1,
202100027770,152 072,A01,3,30,14,0,7,16,3,
202100027771,152 071,A01,2,1,0,0,0,1,5,
202100027772,152 070,A01,3,7,0,1,1,1,1,
202100027773,152 068,A01,2,33,0,2,2,21,1,
202100027773,152 069,B01,2,1,0,2,1,0,5,
202100027774,152 067,A01,1,7,1,0,8,1,1,
202100027775,152 065,A01,1,7,0,2,0,10,1,
202100027775,152 066,B01,2,2,0,2,1,1,1,
202100027776,152 064,Z01,1,7,0,1,1,26,1,
202100027777,152 062,B01,3,33,10,2,1,1,1,
202100027777,152 063,A01,3,10,10,2,2,12,1,
202100027778,152 061,A01,3,7,9,0,1,1,0,
202100027779,152 059,B01,3,33,0,2,1,1,1,
202100027779,152 060,A01,3,7,0,2,6,11,1,
202100027780,152 058,A01,1,37,0,1,3,19,1,1.0
202100027781,152 056,A01,1,7,0,2,1,2,1,
202100027781,152 057,B01,1,7,0,2,4,2,1,
202100027782,152 054,B01,3,7,0,2,6,1,1,
202100027782,152 055,A01,3,7,0,2,1,19,1,
202100027783,152 053,A01,1,7,0,1,3,1,1,
202100027784,152 052,A01,1,43,9,2,8,15,1,
202100027785,152 050,B01,1,2,1,0,3,14,1,
202100027785,152 051,A01,0,7,0,2,3,24,1,
202100027786,152 048,B01,2,1,0,2,3,1,0,
202100027786,152 049,A01,2,30,0,2,1,19,1,
202100027787,152 046,A01,1,7,0,2,6,9,1,
202100027787,152 047,B01,1,33,0,2,1,1,1,
202100027788,152 044,A01,1,7,0,2,4,20,0,
202100027788,152 045,B01,1,2,0,2,1,1,0,
202100027789,152 042,A01,2,14,0,2,7,16,1,
202100027789,152 043,B01,2,1,0,2,1,1,5,
202100027790,152 040,B01,1,10,0,2,2,16,1,
202100027790,152 041,A01,1,80,0,2,1,1,3,
202100027791,152 037,A01,2,7,0,2,3,19,1,
202100027791,152 038,B01,2,33,0,2,1,1,1,
202100027792,152 035,B01,1,7,0,2,3,25,0,
202100027792,152 036,A01,1,33,0,2,1,2,1,
202100027793,152 034,A01,2,7,6,0,0,14,1,
202100027794,152 031,B01,1,33,3,2,3,0,1,
202100027794,152 032,A01,1,7,0,2,7,12,1,
202100027795,152 030,A01,0,7,3,0,7,1,1,
202100027796,152 029,A01,2,33,12,0,1,1,1,
202100027797,152 027,A01,3,7,0,2,1,1,1,
202100027797,152 028,B01,3,21,0,2,3,1,1,
202100027798,152 025,A01,1,7,4,0,7,1,1,
202100027798,152 026,B01,1,7,3,2,2,18,1,
202100027799,152 024,A01,2,33,13,0,2,2,1,
202100027800,152 020,B01,1,7,0,2,3,15,1,
202100027800,152 021,A01,1,33,0,2,2,17,1,
202100027801,152 018,A01,2,7,0,0,4,2,1,
202100027801,152 019,B01,2,7,0,0,1,2,1,
202100027802,152 017,A01,2,33,0,6,1,1,1,
202100027803,152 016,A01,3,1,0,0,0,1,5,
202100027804,152 014,B01,2,7,0,2,8,15,1,
202100027804,152 015,A01,2,33,0,2,7,17,1,
202100027805,152 013,A01,2,7,2,0,9,0,1,
202100027806,152 012,A01,2,10,13,0,2,14,1,
202100027807,152 010,B01,2,33,0,2,1,17,1,
202100027807,152 011,A01,1,7,0,2,3,19,1,
202100027808,152 008,B01,1,33,0,2,1,0,1,
202100027808,152 009,A01,2,7,0,2,3,0,2,
202100027809,152 006,B01,2,7,0,2,1,1,1,
202100027809,152 007,A01,2,33,7,2,7,1,1,
202100027810,152 003,B01,2,7,0,2,6,9,1,
202100027810,152 004,A01,2,33,0,2,1,1,1,
202100027811,152 001,A01,2,33,0,2,1,1,1,
202100027811,152 002,B01,1,7,0,0,5,19,1,
202100027812,151 999,B01,1,1,0,2,9,1,0,
202100027812,152 000,A01,2,7,0,2,2,15,1,
202100027813,151 998,A01,1,34,13,0,1,1,1,
202100027814,151 997,A01,1,1,0,6,6,1,0,
202100027815,151 996,A01,3,7,13,0,3,13,1,
202100027816,151 992,A01,1,7,0,2,3,1,1,
202100027816,151 993,C01,1,7,0,2,4,1,1,
202100027816,151 994,B01,2,7,0,2,3,15,1,
202100027816,151 995,D01,1,21,0,2,1,1,1,
202100027817,151 990,B01,1,17,3,2,3,1,1,
202100027817,151 991,A01,2,7,3,2,7,14,1,