Num_Acc,id_vehicule,num_veh,senc,catv,obs,obsm,choc,manv,motor,occutc
202100027818,151 989,A01,3,80,0,0,0,1,3,
202100027819,151 988,A01,2,1,14,0,0,1,5,
202100027820,151 986,B01,1,7,0,2,4,1,1,
202100027820,151 987,A01,1,10,0,2,1,1,1,
202100027821,151 985,A01,3,1,0,0,0,1,5,
202100027822,151 984,A01,3,2,2,0,0,0,1,
202100027823,151 982,B01,2,7,0,2,1,1,1,
202100027823,151 983,A01,1,7,0,2,1,0,1,
202100027824,151 980,B01,1,7,0,2,3,1,1,
202100027824,151 981,A01,2,33,0,2,8,1,1,
202100027825,151 977,A01,1,2,0,2,1,2,1,
202100027825,151 978,B01,1,7,0,0,6,2,1,
202100027825,151 979,C01,2,7,0,0,3,1,1,
202100027826,151 976,A01,2,33,3,0,3,1,1,
202100027827,151 975,A01,0,2,13,0,1,1,1,
202100027828,151 973,A01,3,15,0,9,0,17,0,
202100027828,151 974,B01,3,1,0,0,0,0,5,
202100027829,151 971,A01,2,7,1,0,3,15,1,
202100027829,151 972,B01,0,7,0,0,5,24,1,
202100027830,151 969,A01,2,7,0,2,1,15,1,
202100027830,151 970,B01,1,7,0,2,1,1,1,
202100027831,151 967,B01,1,33,0,2,1,1,1,
202100027831,151 968,A01,2,7,0,2,1,15,1,
202100027832,151 966,A01,1,7,2,0,1,13,1,
202100027833,151 965,A01,1,7,2,0,1,1,1,
202100027834,151 963,A01,2,32,0,2,1,2,1,
202100027834,151 964,B01,2,7,0,0,4,1,1,
202100027835,151 962,A01,1,7,0,0,9,1,1,
202100027836,151 960,B01,3,13,0,2,6,16,1,
202100027836,151 961,A01,1,7,0,2,3,1,1,
202100027837,151 958,B01,2,10,0,2,2,15,1,
202100027837,151 959,A01,1,7,0,2,1,15,1,
202100027838,151 954,B01,2,7,0,0,4,23,1,
202100027838,151 955,A01,2,32,0,2,1,23,1,
202100027839,151 953,A01,2,17,0,0,2,1,1,
202100027840,151 951,A01,2,7,2,0,1,1,1,
202100027841,151 950,A01,1,0,0,1,1,1,0,
202100027842,151 949,A01,1,2,0,0,0,1,1,
202100027843,151 947,B01,1,7,0,2,3,15,1,
202100027843,151 948,A01,2,32,0,2,0,17,1,
202100027844,151 945,A01,3,7,0,0,4,1,0,
202100027844,151 946,B01,3,2,0,2,1,1,1,
202100027845,151 943,A01,1,32,0,2,8,5,1,
202100027845,151 944,B01,2,7,0,2,3,1,1,
202100027846,151 942,A01,3,7,0,1,1,2,1,
202100027847,151 940,A01,2,7,0,2,1,2,1,
202100027847,151 941,B01,2,7,0,2,4,2,1,
202100027848,151 938,A01,2,10,0,2,3,15,1,
202100027848,151 939,B01,2,33,1,2,5,17,1,
202100027849,151 936,B01,2,33,0,2,7,1,1,
202100027849,151 937,A01,2,7,0,2,1,26,1,
202100027850,151 935,A01,1,7,13,0,1,17,1,
202100027851,151 933,B01,2,7,0,2,3,0,1,
202100027851,151 934,A01,1,33,0,2,1,1,1,
202100027852,151 932,A01,2,10,0,1,2,1,1,
202100027853,151 931,A01,1,7,0,1,2,16,1,
202100027854,151 929,A01,2,33,1,0,1,1,1,
202100027855,151 928,A01,2,33,4,0,7,1,1,
202100027856,151 927,A01,1,7,2,0,7,14,1,
202100027857,151 925,A01,1,7,0,2,1,15,1,
202100027857,151 926,B01,1,31,0,2,1,1,1,
202100027858,151 923,B01,1,33,0,2,1,2,1,
202100027858,151 924,A01,1,7,0,2,4,1,3,
202100027859,151 921,B01,2,7,0,2,1,2,1,
202100027859,151 922,A01,2,7,0,2,4,1,1,
202100027860,151 918,B01,2,7,0,2,4,1,1,
202100027860,151 919,A01,2,7,0,2,4,1,1,
202100027860,151 920,C01,2,7,0,2,1,12,1,
202100027861,151 914,D01,2,10,0,2,1,2,1,
202100027861,151 915,C01,2,10,0,2,4,0,1,
202100027861,151 916,B01,2,7,0,2,4,1,1,
202100027861,151 917,A01,2,7,0,2,7,1,1,
202100027862,151 912,B01,1,7,0,2,4,1,1,
202100027862,151 913,A01,1,7,0,2,1,2,1,
202100027863,151 910,A01,1,7,0,2,1,1,1,
202100027863,151 911,B01,1,17,0,2,4,2,1,
202100027864,151 906,D01,2,7,0,2,1,2,1,
202100027864,151 907,C01,2,7,0,2,1,2,1,
202100027864,151 908,B01,2,17,0,2,2,2,1,
202100027864,151 909,A01,2,7,0,2,4,4,1,
202100027865,151 904,B01,1,99,0,2,4,2,1,
202100027865,151 905,A01,1,7,0,2,1,1,1,
202100027866,151 903,A01,1,31,0,2,1,2,1,
202100027867,151 901,B01,2,7,0,2,8,13,1,
202100027867,151 902,A01,2,33,0,2,2,3,1,
202100027868,151 899,A01,2,7,4,2,1,14,1,
202100027868,151 900,B01,2,15,0,2,4,2,1,
202100027869,151 898,A01,3,7,0,1,3,1,1,
202100027870,151 896,B01,2,0,13,2,0,5,0,
202100027870,151 897,A01,1,7,4,2,8,1,1,
202100027871,151 894,B01,2,10,0,2,2,15,1,
202100027871,151 895,A01,1,31,0,2,2,1,1,
202100027872,151 892,B01,3,7,1,0,5,0,1,
202100027872,151 893,A01,3,33,1,0,1,2,1,
202100027873,151 890,B01,3,7,0,2,4,1,1,
202100027873,151 891,A01,3,7,0,2,1,1,1,
202100027874,151 889,A01,1,7,0,1,3,15,1,
202100027875,151 887,A01,2,7,0,9,1,15,1,
202100027875,151 888,B01,1,1,0,2,3,21,5,
202100027876,151 885,B01,1,7,0,2,3,1,1,
202100027876,151 886,A01,3,10,0,2,1,1,1,
202100027877,151 884,A01,3,7,14,0,1,1,0,
202100027878,151 882,B01,0,7,0,2,2,19,1,
202100027878,151 883,A01,0,7,0,2,7,19,1,
202100027879,151 879,C01,1,7,0,2,4,1,1,
202100027879,151 880,B01,1,7,0,2,8,2,1,
202100027879,151 881,A01,1,7,0,2,2,12,1,
202100027880,151 877,A01,1,10,6,0,1,15,1,
202100027880,151 878,B01,2,1,0,2,7,0,0,
202100027881,151 876,A01,1,32,1,1,1,7,1,
202100027882,151 874,A01,1,7,0,2,8,15,1,
202100027882,151 875,B01,2,7,0,0,0,0,1,
202100027883,151 872,A01,1,7,0,2,2,1,1,
202100027883,151 873,B01,1,1,0,2,7,1,5,
202100027884,151 870,B01,2,7,0,0,6,23,1,
202100027884,151 871,A01,2,7,1,0,2,1,1,
202100027885,151 868,B01,2,7,0,1,4,1,1,
202100027885,151 869,A01,2,7,0,2,1,1,1,
202100027886,151 865,A01,1,10,0,2,1,9,1,
202100027886,151 866,C01,1,10,0,2,4,2,1,
202100027886,151 867,B01,1,10,0,2,4,1,1,
202100027887,151 862,A01,2,7,0,2,1,1,1,
202100027887,151 863,B01,2,7,0,2,4,12,1,
202100027887,151 864,C01,1,7,0,0,0,0,1,
202100027888,151 861,A01,0,1,0,1,1,25,5,
202100027889,151 860,A01,0,2,0,0,1,1,1,
202100027890,151 858,B01,2,7,0,2,7,1,1,
202100027890,151 859,A01,2,7,0,2,1,1,1,
202100027891,151 856,A01,0,7,0,2,5,15,1,
202100027891,151 857,B01,0,2,0,2,1,1,1,
202100027892,151 854,B01,0,7,0,9,1,1,1,
202100027892,151 855,A01,0,50,0,2,1,19,3,
202100027893,151 853,A01,0,31,0,0,1,15,1,
202100027894,151 852,A01,0,31,0,1,1,1,1,
202100027895,151 849,C01,0,7,0,2,1,1,1,
202100027895,151 850,B01,3,33,0,2,1,17,1,
202100027895,151 851,A01,0,7,0,2,1,13,1,
202100027896,151 846,A01,2,7,8,0,2,14,1,
202100027897,151 845,A01,0,36,0,0,7,10,1,
202100027898,151 843,B01,0,33,0,2,1,1,1,
202100027898,151 844,A01,0,33,0,2,8,10,1,
202100027899,151 841,A01,2,31,0,2,1,2,1,
202100027899,151 842,B01,2,7,0,2,4,2,1,
202100027900,151 839,B01,1,7,0,2,4,2,1,
202100027900,151 840,A01,1,7,0,2,2,2,1,
202100027901,151 837,B01,3,1,0,2,8,1,0,
202100027901,151 838,A01,2,7,0,2,2,16,2,
202100027902,151 832,A01,2,7,0,2,7,16,1,
202100027902,151 833,B01,2,7,0,2,8,16,1,
202100027902,151 834,C01,1,7,0,2,8,1,1,
202100027902,151 835,D01,1,7,0,2,3,1,1,
202100027902,151 836,E01,1,7,0,2,6,1,1,
202100027903,151 831,A01,3,7,0,2,2,15,1,
202100027904,151 829,B01,1,7,0,2,3,1,1,
202100027904,151 830,A01,2,7,0,2,3,15,1,
202100027905,151 827,B01,2,1,0,2,8,1,0,
202100027905,151 828,A01,2,33,0,2,5,16,1,
202100027906,151 826,A01,1,30,12,0,3,11,1,
202100027907,151 825,A01,2,2,12,0,7,1,1,
202100027908,151 823,A01,1,7,0,2,2,15,1,
202100027908,151 824,B01,2,2,0,2,1,8,1,
202100027909,151 821,B01,2,33,0,2,3,16,1,
202100027909,151 822,A01,2,33,0,2,1,1,1,
202100027910,151 820,A01,2,7,9,0,1,19,1,
202100027911,151 819,A01,1,7,0,1,1,1,1,
202100027912,151 817,B01,1,2,0,2,0,0,1,
202100027912,151 818,A01,1,7,0,2,7,16,1,
202100027913,151 815,A01,1,7,0,1,7,1,1,
202100027914,151 813,B01,1,7,0,2,4,2,3,
202100027914,151 814,A01,1,7,0,2,2,2,1,
202100027915,151 811,A01,3,1,0,9,3,9,5,
202100027915,151 812,B01,3,80,0,2,1,1,3,
202100027916,151 809,A01,1,7,0,2,1,19,1,
202100027916,151 810,B01,1,1,0,2,3,19,5,
202100027917,151 808,A01,1,30,0,0,1,26,1,
202100027918,151 805,A01,1,7,0,2,3,15,1,
202100027918,151 806,B01,2,7,0,0,5,1,1,
202100027918,151 807,C01,2,7,16,2,3,1,1,
202100027919,151 803,A01,0,1,0,2,1,17,5,
202100027919,151 804,B01,0,1,0,0,0,1,5,
202100027920,151 801,A01,1,7,0,2,3,15,1,
202100027920,151 802,B01,1,33,0,2,5,1,1,
202100027921,151 800,A01,2,7,15,0,8,26,1,
202100027922,151 799,A01,3,30,14,0,0,15,1,
202100027923,151 797,A01,3,7,0,2,2,16,1,
202100027923,151 798,B01,3,1,0,2,0,0,5,
202100027924,151 793,B01,2,7,0,2,8,1,1,
202100027924,151 794,A01,1,7,0,2,8,13,1,
202100027925,151 791,B01,3,7,0,2,4,2,1,
202100027925,151 792,A01,3,7,0,2,1,2,1,
202100027926,151 789,A01,2,7,0,2,3,15,1,
202100027926,151 790,B01,1,1,0,2,1,1,5,
202100027927,151 788,A01,1,1,0,0,0,1,5,
202100027928,151 786,A01,0,7,0,2,2,1,1,
202100027928,151 787,B01,0,7,0,2,1,0,1,
202100027929,151 785,A01,1,1,0,0,0,1,0,
202100027930,151 784,A01,0,1,0,0,0,1,0,
202100027931,151 782,B01,0,7,0,2,3,1,1,
202100027931,151 783,A01,0,7,0,2,2,1,1,
202100027932,151 780,A01,2,7,0,2,8,13,1,
202100027932,151 781,B01,1,10,0,2,3,1,1,
202100027933,151 776,A01,1,7,0,2,2,9,1,
202100027933,151 777,B01,2,1,0,2,7,1,5,
202100027934,151 774,B01,2,7,0,2,3,16,1,
202100027934,151 775,A01,1,7,0,2,3,1,1,
202100027935,151 772,B01,1,33,0,2,1,1,1,
202100027935,151 773,A01,1,7,0,2,2,15,1,
202100027936,151 770,A01,2,31,0,2,1,1,1,
202100027936,151 771,B01,1,7,0,2,1,15,1,
202100027937,151 768,B01,1,50,0,2,1,5,3,
202100027937,151 769,A01,1,7,0,2,1,1,1,
202100027938,151 766,A01,2,7,0,2,1,1,1,
202100027938,151 767,B01,3,7,0,2,1,15,1,
202100027939,151 764,B01,1,7,0,2,8,15,1,
202100027939,151 765,A01,1,30,0,2,1,3,1,
202100027940,151 762,A01,2,50,0,2,1,2,3,
202100027940,151 763,B01,2,37,0,9,4,23,1,1.0
202100027941,151 760,Z01,3,7,0,2,1,1,1,
202100027941,151 761,A01,3,7,0,2,1,15,1,
202100027942,151 758,A01,1,7,0,2,1,26,1,
202100027942,151 759,B01,2,33,0,2,8,0,1,
202100027943,151 755,A01,0,2,0,2,8,10,1,
202100027943,151 756,C01,0,33,0,2,1,1,1,
202100027943,151 757,B01,0,7,0,2,1,2,1,
202100027944,151 753,B01,1,7,0,2,1,15,1,
202100027944,151 754,A01,1,32,0,2,1,26,1,
202100027945,151 751,B01,1,7,0,2,2,1,1,
202100027945,151 752,A01,2,31,0,2,2,1,1,
202100027946,151 749,B01,1,7,0,2,1,10,1,
202100027946,151 750,A01,1,7,0,2,4,19,1,
202100027947,151 748,A01,2,7,0,1,2,3,1,
202100027948,151 744,A01,1,7,0,2,3,2,1,
202100027948,151 745,B01,1,7,0,2,5,2,1,
202100027949,151 742,B01,3,41,0,2,7,2,3,
202100027949,151 743,A01,3,7,0,2,3,9,1,
202100027950,151 739,A01,1,7,0,2,2,0,1,
202100027950,151 740,Z01,1,7,0,2,1,2,1,
202100027950,151 741,B01,1,7,0,2,4,2,1,
202100027951,151 737,A01,2,33,0,2,1,2,1,
202100027951,151 738,B01,2,7,0,2,5,2,1,
202100027952,151 735,B01,1,50,0,2,4,23,3,
202100027952,151 736,A01,1,1,0,2,1,2,5,
202100027953,151 734,A01,1,7,0,0,1,15,1,
202100027954,151 732,B01,1,30,0,2,3,9,1,
202100027954,151 733,A01,1,7,0,2,5,1,1,
202100027955,151 731,A01,1,10,0,1,2,1,3,
202100027956,151 729,A01,1,1,0,2,2,13,5,
202100027956,151 730,B01,1,37,0,2,8,17,2,1.0
202100027957,151 727,B01,1,7,0,2,8,22,1,
202100027957,151 728,A01,1,7,0,2,2,1,1,
202100027958,151 725,A01,2,30,0,2,1,2,1,
202100027958,151 726,B01,2,7,0,2,4,16,1,
202100027959,151 724,A01,3,7,4,0,1,14,1,
202100027960,151 723,A01,1,7,0,1,1,15,1,
202100027961,151 721,A01,3,7,0,2,3,15,1,
202100027961,151 722,B01,1,33,0,2,1,17,1,
202100027962,151 720,A01,2,7,1,0,1,13,1,
202100027963,151 718,B01,2,10,0,2,6,23,1,
202100027963,151 719,A01,2,31,0,2,2,2,1,
202100027964,151 716,A01,2,7,0,2,1,2,1,
202100027964,151 717,B01,2,10,0,2,4,2,1,
202100027965,151 715,A01,2,10,0,1,3,1,1,
202100027966,151 712,X01,1,7,0,2,4,2,0,
202100027966,151 713,Z01,1,7,0,2,1,2,0,
202100027966,151 714,A01,1,1,0,2,4,2,5,
202100027967,151 711,A01,2,30,0,1,1,7,3,
202100027968,151 709,A01,1,10,0,2,3,10,1,
202100027968,151 710,B01,1,33,0,2,1,1,1,
202100027969,151 708,A01,1,1,0,0,1,5,5,
202100027970,151 707,A01,3,43,0,1,2,1,1,
202100027971,151 705,B01,1,7,0,2,1,2,2,
202100027971,151 706,A01,3,1,0,2,4,2,5,
202100027972,151 704,A01,1,1,0,1,1,1,5,
202100027973,151 702,B01,1,7,0,2,3,1,1,
202100027973,151 703,A01,1,7,0,2,7,1,1,
202100027974,151 700,A01,1,7,0,2,1,1,1,
202100027974,151 701,B01,1,7,0,2,4,1,1,
202100027975,151 699,A01,2,7,0,1,1,16,1,
202100027976,151 697,B01,1,7,0,2,1,1,1,
202100027976,151 698,A01,1,30,0,2,1,19,1,
202100027977,151 695,A01,2,7,0,2,3,1,3,
202100027977,151 696,B01,2,10,0,0,2,1,1,
202100027978,151 694,A01,1,30,1,1,1,25,1,
202100027979,151 692,A01,2,33,0,9,7,26,1,
202100027979,151 693,B01,1,50,0,2,1,26,3,
202100027980,151 691,A01,3,7,0,2,2,14,1,
202100027981,151 689,A01,1,7,0,2,5,2,1,
202100027981,151 690,B01,1,1,0,2,3,1,5,
202100027982,151 687,A01,2,60,13,9,1,14,5,
202100027982,151 688,B01,2,60,13,9,1,12,5,
202100027983,151 686,A01,1,7,0,2,1,21,1,
202100027984,151 684,A01,0,7,0,2,1,1,1,
202100027984,151 685,B01,0,32,0,2,0,0,1,
202100027985,151 682,B01,0,99,0,2,1,24,1,
202100027985,151 683,A01,0,7,1,0,2,2,1,
202100027986,151 680,A01,3,7,0,2,3,26,1,
202100027986,151 681,B01,3,30,0,2,4,23,1,
202100027987,151 679,A01,2,7,0,1,6,4,1,
202100027988,151 678,A01,2,7,2,0,1,1,1,
202100027989,151 675,C01,1,7,0,2,1,2,0,
202100027989,151 676,B01,1,7,3,2,4,2,1,
202100027989,151 677,A01,1,7,0,0,4,2,1,
202100027990,151 673,B01,1,32,0,2,3,13,1,
202100027990,151 674,A01,2,7,0,2,3,13,1,
202100027991,151 672,A01,0,7,1,0,1,14,1,
202100027992,151 671,A01,0,7,0,0,0,0,1,
202100027993,151 670,A01,1,31,12,0,0,1,1,
202100027994,151 668,B01,2,7,0,2,1,1,1,
202100027994,151 669,A01,1,7,0,2,1,13,1,
202100027995,151 666,A01,2,7,0,2,8,1,1,
202100027995,151 667,B01,1,7,0,2,1,1,1,
202100027996,151 664,A01,1,33,0,2,1,17,1,
202100027996,151 665,B01,1,7,0,0,4,15,1,
202100027997,151 663,A01,1,7,13,0,9,13,1,
202100027998,151 661,B01,3,7,0,0,3,15,1,
202100027998,151 662,A01,2,7,1,2,1,1,1,
202100027999,151 660,A01,2,1,0,0,0,1,5,
202100028000,151 658,A01,1,7,0,2,8,1,1,
202100028000,151 659,B01,1,7,0,2,3,15,1,
202100028001,151 653,A01,3,31,0,9,1,1,1,
202100028001,151 654,B01,3,1,0,2,1,1,5,
202100028001,151 655,C01,3,1,0,2,1,1,5,
202100028001,151 656,D01,3,1,0,2,1,1,5,
202100028001,151 657,E01,3,1,0,2,1,1,5,
202100028002,151 651,A01,0,33,0,2,1,1,1,
202100028002,151 652,B01,0,7,0,2,6,9,1,
202100028003,151 649,A01,3,10,0,2,1,1,1,
202100028003,151 650,B01,3,1,0,2,1,1,0,
202100028004,151 647,A01,0,33,12,0,1,1,1,
202100028005,151 646,A01,3,7,2,0,3,1,1,
202100028006,151 644,B01,2,7,0,2,6,1,2,
202100028006,151 645,A01,1,2,0,2,1,1,1,
202100028007,151 643,A01,2,33,13,0,1,1,1,
202100028008,151 642,A01,1,7,4,0,2,2,1,
202100028009,151 640,A01,3,21,0,0,6,9,1,
202100028009,151 641,B01,3,7,0,2,1,1,1,
202100028010,151 639,A01,1,2,11,0,0,1,1,
202100028011,151 638,A01,1,7,16,0,1,1,1,
202100028012,151 636,B01,3,2,0,2,8,1,1,
202100028012,151 637,A01,0,7,0,2,7,19,1,
202100028013,151 635,A01,3,7,1,1,1,13,1,
202100028014,151 634,A01,1,32,0,0,8,1,1,
202100028015,151 632,A01,0,7,0,9,3,1,1,
202100028015,151 633,B01,0,1,0,2,1,1,5,
202100028016,151 630,B01,2,33,0,0,3,13,1,
202100028016,151 631,A01,3,7,0,2,2,15,1,
202100028017,151 629,A01,2,31,3,0,1,1,1,
202100028018,151 628,A01,1,2,12,0,1,1,1,
202100028019,151 626,B01,2,7,14,2,2,9,1,
202100028019,151 627,A01,2,7,0,0,2,1,1,
202100028020,151 625,A01,1,33,0,0,8,0,1,
202100028021,151 624,A01,1,7,2,0,2,13,1,
202100028022,151 622,A01,2,33,0,2,1,1,1,
202100028022,151 623,B01,2,7,0,2,8,1,2,
202100028023,151 620,B01,1,7,0,2,1,1,1,
202100028023,151 621,A01,1,7,0,2,3,19,1,
202100028024,151 619,A01,2,10,2,0,1,1,1,
202100028025,151 618,A01,0,7,2,0,0,0,1,
202100028026,151 616,B01,0,7,3,0,3,5,1,
202100028026,151 617,A01,0,7,0,0,3,1,1,
202100028027,151 615,A01,1,7,4,0,1,1,1,
202100028028,151 613,B01,0,7,0,2,1,1,1,
202100028028,151 614,A01,0,7,0,2,3,15,1,
202100028029,151 612,A01,1,7,13,0,9,13,1,
202100028030,151 610,A01,1,7,0,2,1,20,1,
202100028030,151 611,B01,1,33,0,2,7,21,1,
202100028031,151 609,A01,2,2,0,0,7,1,1,
202100028032,151 607,B01,3,7,0,2,1,1,1,
202100028032,151 608,A01,3,33,0,2,1,0,1,
202100028033,151 606,A01,3,2,13,0,1,1,1,
202100028034,151 604,A01,0,7,0,2,1,17,1,
202100028034,151 605,B01,0,7,0,2,4,15,0,
202100028035,151 601,A01,3,7,1,2,1,2,1,
202100028035,151 602,B01,3,7,0,2,4,2,1,
202100028035,151 603,C01,3,7,1,2,4,26,1,
202100028036,151 600,A01,1,33,0,6,1,1,1,
202100028037,151 598,B01,2,7,0,2,8,15,1,
202100028037,151 599,A01,2,2,0,2,2,17,1,
202100028038,151 597,A01,1,7,13,0,8,13,1,
202100028039,151 595,A01,1,33,1,0,7,1,1,
202100028039,151 596,B01,2,-1,0,0,8,0,0,
202100028040,151 593,B01,2,31,0,2,8,1,1,
202100028040,151 594,A01,2,7,0,2,2,17,1,
202100028041,151 590,A01,3,7,0,2,2,2,1,
202100028041,151 591,B01,3,7,0,2,1,1,1,
202100028042,151 588,B01,1,34,0,2,1,2,1,
202100028042,151 589,A01,1,7,0,2,2,15,1,
202100028043,151 585,A01,3,13,0,2,1,13,1,
202100028043,151 586,B01,3,7,0,2,1,26,1,
202100028043,151 587,C01,3,7,0,2,1,1,1,
202100028044,151 584,A01,0,7,0,0,3,0,1,
202100028045,151 582,A01,2,7,16,0,9,1,1,
202100028046,151 579,C01,2,7,0,2,9,21,1,
202100028046,151 580,B01,2,7,0,2,2,26,1,
202100028046,151 581,A01,1,7,0,2,2,26,1,
202100028047,151 577,B01,1,10,0,2,6,2,1,
202100028047,151 578,A01,1,33,0,2,1,2,1,
202100028048,151 576,A01,1,7,0,0,1,0,1,
202100028049,151 574,B01,0,2,0,2,7,19,1,
202100028049,151 575,A01,0,13,0,2,1,1,0,
202100028050,151 572,A01,1,10,2,2,3,1,1,
202100028050,151 573,B01,2,33,0,2,3,1,1,
202100028051,151 571,A01,0,7,0,1,2,5,0,
202100028052,151 570,A01,2,7,13,0,9,1,1,
202100028053,151 568,B01,2,33,0,2,8,17,1,
202100028053,151 569,A01,2,7,0,2,8,13,1,
202100028054,151 566,B01,2,33,0,2,1,17,1,
202100028054,151 567,A01,1,10,0,2,1,1,1,
202100028055,151 564,B01,1,1,0,2,3,1,5,
202100028055,151 565,A01,2,33,0,2,2,17,1,
202100028056,151 563,A01,1,50,14,0,1,14,3,
202100028057,151 561,A01,1,7,0,2,1,17,1,
202100028057,151 562,B01,2,7,0,2,1,21,1,
202100028058,151 560,A01,2,7,0,1,3,1,1,
202100028059,151 558,B01,2,33,0,2,1,17,1,
202100028059,151 559,A01,2,7,0,2,8,15,1,
202100028060,151 556,A01,1,1,0,2,2,5,5,
202100028060,151 557,B01,1,7,0,2,2,1,1,
202100028061,151 554,B01,1,33,0,2,1,1,1,
202100028061,151 555,A01,2,13,0,2,1,1,1,
202100028062,151 553,A01,2,7,2,0,1,1,1,
202100028063,151 551,A01,2,7,0,9,3,13,1,
202100028063,151 552,B01,1,1,0,2,1,1,5,
202100028064,151 549,A01,0,7,0,9,3,16,1,
202100028064,151 550,B01,2,1,0,2,8,15,5,
202100028065,151 546,A01,1,7,0,2,4,1,2,
202100028065,151 547,B01,1,7,0,2,1,1,1,
202100028065,151 548,C01,1,7,0,2,1,1,1,
202100028066,151 544,B01,1,10,0,2,0,0,1,
202100028066,151 545,A01,1,10,0,2,6,2,1,
202100028067,151 542,A01,2,13,0,2,1,1,1,
202100028067,151 543,B01,2,7,0,2,4,1,1,
202100028068,151 540,A01,1,7,0,0,4,1,1,
202100028068,151 541,B01,1,7,1,0,1,1,1,
202100028069,151 538,A01,1,7,0,2,4,0,1,
202100028069,151 539,Z01,1,7,0,2,1,0,1,
202100028070,151 536,B01,1,10,0,2,3,2,1,
202100028070,151 537,A01,1,7,0,2,5,1,1,
202100028071,151 534,A01,1,7,0,2,4,2,1,
202100028071,151 535,Z01,1,7,0,2,1,2,0,
202100028072,151 532,B01,1,7,0,2,4,24,1,
202100028072,151 533,A01,1,17,1,0,2,1,1,
202100028073,151 531,A01,1,7,3,0,1,13,1,
202100028074,151 529,A01,2,7,0,2,1,1,1,
202100028074,151 530,B01,2,7,0,2,4,2,1,
202100028075,151 525,A01,1,15,0,2,2,1,1,
202100028075,151 526,B01,1,7,0,2,4,2,1,
202100028075,151 527,C01,1,7,0,2,4,2,1,
202100028075,151 528,D01,1,10,0,2,4,2,1,
202100028076,151 523,A01,1,7,0,2,5,14,1,
202100028076,151 524,B01,1,33,0,2,1,3,1,
202100028077,151 521,A01,1,7,0,2,7,14,1,
202100028077,151 522,B01,1,15,0,2,3,1,1,
202100028078,151 520,A01,2,7,3,0,0,21,1,
202100028079,151 518,A01,1,7,0,2,1,2,1,
202100028079,151 519,B01,1,7,0,2,4,2,1,
202100028080,151 516,B01,2,10,0,2,4,2,1,
202100028080,151 517,A01,2,32,0,2,1,2,1,
202100028081,151 513,A01,1,7,0,2,4,2,1,
202100028081,151 514,B01,1,7,0,2,4,2,1,
202100028081,151 515,Z01,1,7,0,2,1,2,1,
202100028082,151 511,A01,1,7,0,2,1,12,1,
202100028082,151 512,B01,1,7,0,2,4,1,2,
202100028083,151 510,A01,1,7,5,0,3,13,1,
202100028084,151 508,B01,2,14,0,2,4,1,0,
202100028084,151 509,A01,2,33,0,2,1,3,0,
202100028085,151 505,B01,2,33,4,2,1,3,1,
202100028085,151 506,C01,2,7,4,2,4,1,1,
202100028085,151 507,A01,2,7,4,2,8,11,1,
202100028086,151 503,A01,1,7,0,2,1,2,1,
202100028086,151 504,B01,1,10,0,2,5,11,1,
202100028087,151 502,A01,1,7,3,0,3,1,1,
202100028088,151 499,B01,1,7,0,2,0,2,1,
202100028088,151 500,C01,1,7,0,2,0,2,1,
202100028088,151 501,A01,1,99,0,2,3,11,1,
202100028089,151 497,A01,2,7,0,1,1,1,1,
202100028090,151 495,A01,2,30,0,2,2,17,1,
202100028090,151 496,B01,1,1,0,2,3,13,5,
202100028091,151 494,A01,1,33,0,1,7,14,1,
202100028092,151 492,A01,2,7,0,2,1,15,1,
202100028092,151 493,B01,1,1,0,2,8,1,5,
202100028093,151 490,A01,1,33,0,2,1,1,1,
202100028093,151 491,B01,1,13,0,2,2,16,0,
202100028094,151 489,B01,1,1,1,0,1,1,5,
202100028095,151 487,A01,3,7,0,2,7,15,1,
202100028095,151 488,B01,3,33,0,2,1,1,1,
202100028096,151 482,A01,3,7,0,2,1,1,1,
202100028096,151 483,B01,0,7,0,2,1,1,1,
202100028096,151 484,C01,3,33,0,2,1,17,1,
202100028097,151 480,A01,1,7,0,2,1,13,1,
202100028097,151 481,B01,2,2,0,2,1,0,1,
202100028098,151 478,A01,3,7,0,2,3,15,1,
202100028098,151 479,B01,3,60,0,2,1,1,5,
202100028099,151 476,A01,2,7,0,2,7,1,2,
202100028099,151 477,B01,2,7,0,2,8,11,1,
202100028100,151 474,A01,3,7,0,2,2,9,1,
202100028100,151 475,B01,3,33,0,2,3,9,1,
202100028101,151 473,A01,2,33,0,0,9,0,1,
202100028102,151 472,A01,1,7,4,0,8,14,1,
202100028103,151 470,A01,1,7,0,2,4,1,1,
202100028103,151 471,B01,1,7,0,2,4,23,1,
202100028104,151 469,A01,1,7,0,1,2,1,1,
202100028105,151 467,B01,2,37,0,2,3,2,1,4.0
202100028105,151 468,A01,2,10,0,2,2,9,1,
202100028106,151 465,A01,3,7,0,0,8,16,1,
202100028106,151 466,B01,1,14,0,2,1,1,1,
202100028107,151 464,A01,1,17,12,0,7,11,1,
202100028108,151 463,A01,1,7,0,1,1,1,1,
202100028109,151 461,B01,2,7,0,2,3,15,1,
202100028109,151 462,A01,2,30,0,2,1,1,1,
202100028110,151 457,A01,1,7,1,2,2,26,1,
202100028110,151 458,C01,1,10,0,2,8,1,1,
202100028111,151 455,B01,1,7,0,2,6,19,1,
202100028111,151 456,A01,3,7,0,2,1,19,2,
202100028112,151 453,B01,0,1,0,2,8,1,5,