Num_Acc,id_vehicule,num_veh,senc,catv,obs,obsm,choc,manv,motor,occutc
202100028112,151 454,A01,0,7,0,2,8,15,1,
202100028113,151 451,B01,1,7,0,2,4,1,1,
202100028113,151 452,A01,1,7,0,2,1,1,1,
202100028114,151 449,A01,3,7,0,2,2,15,1,
202100028114,151 450,B01,3,33,0,2,8,1,1,
202100028115,151 447,B01,2,33,0,2,1,1,1,
202100028115,151 448,A01,1,1,0,2,1,15,5,
202100028116,151 445,A01,2,7,0,2,1,15,1,
202100028116,151 446,B01,1,33,0,2,1,1,1,
202100028117,151 444,A01,1,34,1,0,1,15,1,
202100028118,151 442,B01,3,2,0,2,0,15,1,
202100028118,151 443,A01,3,33,0,2,0,17,1,
202100028119,151 441,A01,1,7,0,1,1,1,1,
202100028120,151 439,B01,3,1,0,2,4,2,0,
202100028120,151 440,A01,3,10,0,2,0,2,0,
202100028121,151 438,A01,2,7,6,0,1,1,1,
202100028122,151 437,A01,1,1,16,0,0,1,5,
202100028123,151 436,A01,1,30,16,0,0,26,1,
202100028124,151 433,A01,1,7,0,2,1,2,1,
202100028124,151 434,B01,1,7,0,2,4,2,1,
202100028124,151 435,C01,1,7,0,2,4,2,1,
202100028125,151 431,B01,2,7,0,2,3,1,1,
202100028125,151 432,A01,1,7,0,2,1,13,1,
202100028126,151 429,B01,2,50,0,2,8,2,3,
202100028126,151 430,A01,2,7,0,2,2,14,1,
202100028127,151 427,A01,2,10,0,2,1,2,1,
202100028127,151 428,B01,2,7,0,2,4,2,1,
202100028128,151 425,A01,2,7,0,9,1,9,1,
202100028128,151 426,B01,1,2,0,2,7,15,1,
202100028129,151 424,A01,2,7,0,1,7,1,1,
202100028130,151 423,A01,1,7,9,1,1,1,1,
202100028131,151 421,A01,2,1,0,2,1,16,5,
202100028131,151 422,B01,1,7,0,2,3,15,1,
202100028132,151 419,B01,3,2,0,2,1,1,3,
202100028132,151 420,A01,3,7,0,2,5,5,1,
202100028133,151 417,B01,1,50,0,2,4,1,3,
202100028133,151 418,A01,1,7,0,2,2,26,1,
202100028134,151 416,A01,2,40,0,1,1,1,3,
202100028135,151 414,B01,3,7,0,2,7,2,1,
202100028135,151 415,A01,3,7,0,2,8,2,2,
202100028136,151 412,B01,3,33,0,2,1,1,1,
202100028136,151 413,A01,0,7,0,2,1,15,1,
202100028137,151 410,A01,1,7,0,2,1,1,1,
202100028137,151 411,B01,1,7,0,2,4,1,-1,
202100028138,151 408,B01,1,7,0,2,1,1,1,
202100028138,151 409,A01,2,7,0,2,3,15,1,
202100028139,151 406,A01,1,33,0,2,1,21,1,
202100028139,151 407,B01,1,14,0,0,0,0,1,
202100028140,151 404,A01,1,7,11,2,1,1,1,
202100028140,151 405,B01,3,7,0,2,1,19,1,
202100028141,151 403,A01,3,30,0,0,1,0,1,
202100028142,151 401,A01,1,7,0,2,1,1,1,
202100028142,151 402,B01,1,33,0,2,6,15,1,
202100028143,151 399,B01,3,43,0,2,1,1,1,
202100028143,151 400,A01,3,7,0,2,3,19,1,
202100028144,151 397,A01,2,33,0,2,1,21,1,
202100028144,151 398,B01,1,7,0,2,6,11,1,
202100028145,151 395,B01,1,99,0,2,1,1,3,
202100028145,151 396,A01,1,7,0,1,2,1,1,
202100028146,151 392,B01,1,7,0,2,4,23,1,
202100028146,151 393,C01,1,7,0,2,4,23,1,
202100028146,151 394,A01,1,7,0,2,1,2,1,
202100028147,151 390,A01,3,30,0,1,4,23,1,
202100028147,151 391,Z01,3,7,0,2,1,2,0,
202100028148,151 388,A01,1,7,0,2,1,1,1,
202100028148,151 389,B01,1,7,0,2,4,1,1,
202100028149,151 387,A01,0,7,0,1,1,1,1,
202100028150,151 385,A01,1,14,0,2,3,15,1,
202100028150,151 386,B01,2,33,0,2,1,1,1,
202100028151,151 383,A01,3,7,0,2,3,15,1,
202100028151,151 384,B01,3,33,0,2,1,1,1,
202100028152,151 381,A01,3,7,0,2,1,1,1,
202100028152,151 382,B01,3,7,0,2,4,1,1,
202100028153,151 379,B01,1,7,0,2,1,2,0,
202100028153,151 380,A01,1,7,0,2,4,15,1,
202100028154,151 377,B01,3,7,0,2,1,1,1,
202100028154,151 378,A01,0,7,0,2,3,1,1,
202100028155,151 374,C01,2,7,0,2,4,23,1,
202100028155,151 375,B01,2,7,0,2,4,23,1,
202100028155,151 376,A01,2,7,0,2,1,1,1,
202100028156,151 372,A01,1,7,0,9,2,19,1,
202100028156,151 373,B01,3,60,0,2,1,19,5,
202100028157,151 371,A01,1,7,0,1,3,15,1,
202100028158,151 369,A01,1,31,0,2,3,3,1,
202100028158,151 370,B01,1,7,0,2,5,1,1,
202100028159,151 365,C01,2,31,0,2,1,2,1,
202100028159,151 366,D01,2,7,0,2,5,23,1,
202100028159,151 367,B01,2,7,0,2,4,23,1,
202100028159,151 368,A01,2,33,0,2,1,2,1,
202100028160,151 363,A01,1,1,0,2,1,17,5,
202100028160,151 364,B01,1,1,0,2,6,15,5,
202100028161,151 361,A01,3,7,0,2,2,16,1,
202100028161,151 362,B01,3,1,0,2,1,16,5,
202100028162,151 360,Z01,2,2,0,1,2,1,0,
202100028163,151 358,A01,1,7,0,2,0,16,1,
202100028163,151 359,B01,1,50,0,2,0,5,3,
202100028164,151 356,A01,2,7,0,2,3,9,1,
202100028164,151 357,B01,2,2,0,2,1,17,1,
202100028165,151 354,B01,1,7,0,2,1,9,1,
202100028165,151 355,A01,2,80,0,2,1,5,3,
202100028166,151 352,B01,1,7,0,2,1,1,1,
202100028166,151 353,A01,2,7,0,2,2,15,1,
202100028167,151 350,B01,1,1,0,2,8,19,5,
202100028167,151 351,A01,1,7,0,2,1,16,1,
202100028168,151 348,A01,2,7,0,2,4,2,1,
202100028168,151 349,Z01,1,7,0,2,1,2,1,
202100028169,151 346,A01,2,30,0,2,1,2,1,
202100028169,151 347,B01,2,7,0,2,4,2,1,
202100028170,151 344,A01,3,33,0,2,1,1,1,
202100028170,151 345,B01,2,33,0,2,8,1,1,
202100028171,151 342,A01,1,7,1,2,8,1,1,
202100028171,151 343,B01,1,7,6,2,1,1,1,
202100028172,151 340,A01,2,2,0,2,5,26,1,
202100028172,151 341,B01,2,7,0,2,5,19,1,
202100028173,151 338,A01,2,7,0,2,4,23,1,
202100028173,151 339,Y01,2,1,0,2,1,17,0,
202100028174,151 336,Y01,2,60,0,2,1,19,5,
202100028174,151 337,B01,1,7,0,2,5,1,2,
202100028175,151 334,A01,3,7,0,2,6,15,1,
202100028175,151 335,B01,3,1,0,2,1,2,5,
202100028176,151 332,B01,2,20,0,2,3,16,1,
202100028176,151 333,A01,1,7,0,2,2,2,1,
202100028177,151 330,A01,1,30,0,2,1,7,1,
202100028177,151 331,B01,0,60,0,2,0,19,5,
202100028178,151 328,A01,1,7,9,2,2,13,1,
202100028178,151 329,B01,2,32,12,2,3,5,1,
202100028179,151 326,A01,1,37,0,2,3,19,1,4.0
202100028179,151 327,B01,1,7,0,2,5,16,1,
202100028180,151 324,A01,1,10,0,2,4,4,1,
202100028180,151 325,B01,1,7,0,2,1,23,1,
202100028181,151 323,A01,3,10,0,1,4,24,1,
202100028182,151 321,B01,1,32,0,2,3,18,1,
202100028182,151 322,A01,1,7,0,2,2,1,1,
202100028183,151 319,B01,3,7,0,2,1,1,1,
202100028183,151 320,A01,3,7,0,0,4,2,1,
202100028184,151 318,A01,1,7,9,0,3,1,1,
202100028185,151 316,B01,2,60,0,2,1,19,5,
202100028185,151 317,A01,2,7,0,2,2,23,1,
202100028186,151 314,B01,1,30,0,2,1,1,1,
202100028186,151 315,A01,1,7,0,2,3,26,1,
202100028187,151 312,A01,1,7,0,2,2,15,0,
202100028187,151 313,B01,1,34,0,2,1,0,1,
202100028188,151 310,A01,3,7,0,2,3,13,2,
202100028188,151 311,B01,1,2,0,2,1,0,3,
202100028189,151 308,A01,2,31,0,2,6,1,1,
202100028189,151 309,B01,3,7,0,2,2,9,1,
202100028190,151 306,B01,1,7,0,2,4,15,1,
202100028190,151 307,A01,1,30,0,2,1,1,1,
202100028191,151 304,B01,2,1,0,0,6,2,6,
202100028191,151 305,A01,2,10,0,2,2,1,1,
202100028192,151 302,B01,2,7,0,0,5,2,1,
202100028192,151 303,A01,2,33,0,2,1,2,1,
202100028193,151 300,A01,2,33,3,2,4,1,1,
202100028193,151 301,B01,2,7,0,2,2,1,1,
202100028194,151 297,C01,1,10,0,2,6,2,1,
202100028194,151 298,B01,2,7,0,2,1,1,1,
202100028194,151 299,A01,1,2,0,2,1,17,1,
202100028195,151 295,B01,2,15,0,2,3,23,1,
202100028195,151 296,A01,1,7,0,2,1,17,1,
202100028196,151 294,A01,3,10,0,1,2,1,1,
202100028197,151 292,A01,0,7,0,0,0,14,1,
202100028198,151 291,A01,2,7,0,1,1,0,1,
202100028199,151 288,C01,2,7,0,0,4,2,1,
202100028199,151 289,A01,2,7,0,2,1,2,1,
202100028199,151 290,B01,2,7,0,2,4,2,1,
202100028200,151 285,A01,1,2,10,0,7,1,1,
202100028201,151 283,B01,2,33,0,2,8,1,1,
202100028201,151 284,A01,1,7,0,0,6,15,1,
202100028202,151 282,A01,2,33,13,0,8,1,1,
202100028203,151 280,A01,2,33,0,0,4,1,1,
202100028203,151 281,B01,2,33,0,2,1,2,1,
202100028204,151 278,B01,2,2,0,2,1,1,1,
202100028204,151 279,A01,1,7,0,0,5,15,1,
202100028205,151 277,A01,2,7,8,0,1,17,1,
202100028206,151 276,A01,3,21,16,0,3,15,1,
202100028207,151 275,A01,2,7,2,0,1,1,1,
202100028208,151 274,A01,3,7,2,0,5,1,1,
202100028209,151 272,B01,2,33,0,2,1,1,1,
202100028209,151 273,A01,1,7,0,2,3,15,1,
202100028210,151 271,A01,0,7,3,0,1,0,1,
202100028211,151 269,B01,0,33,0,2,7,1,1,
202100028211,151 270,A01,0,7,0,2,1,15,1,
202100028212,151 267,B01,2,33,0,2,1,1,1,
202100028212,151 268,A01,1,7,0,2,7,15,1,
202100028213,151 266,A01,1,31,12,0,2,1,1,
202100028214,151 261,D01,2,10,0,0,4,2,1,
202100028214,151 262,A01,2,15,0,0,4,2,1,
202100028214,151 263,B01,2,7,0,0,4,2,1,
202100028214,151 264,C01,2,14,0,0,4,2,1,
202100028214,151 265,E01,2,15,0,0,1,2,1,
202100028215,151 259,A01,1,7,0,2,2,1,1,
202100028215,151 260,B01,3,1,0,2,4,19,5,
202100028216,151 258,A01,2,7,2,0,1,1,1,
202100028217,151 256,B01,1,21,0,0,6,1,0,
202100028217,151 257,A01,1,7,0,2,2,17,1,
202100028218,151 253,A01,1,36,13,0,8,16,1,
202100028219,151 252,A01,1,36,8,0,2,1,1,
202100028220,151 250,B01,1,7,0,2,6,1,1,
202100028220,151 251,A01,1,30,0,2,2,17,1,
202100028221,151 249,A01,1,3,0,1,3,0,1,
202100028222,151 247,B01,2,21,0,2,3,1,1,
202100028222,151 248,A01,1,7,0,2,3,13,1,
202100028223,151 246,A01,2,36,6,0,2,15,1,
202100028224,151 244,B01,3,33,0,2,1,5,1,
202100028224,151 245,A01,3,7,0,2,3,9,1,
202100028225,151 242,B01,3,1,0,2,1,1,6,
202100028225,151 243,A01,3,7,0,9,3,15,1,
202100028226,151 241,A01,2,33,0,0,8,1,1,
202100028227,151 240,A01,1,33,0,0,1,1,1,
202100028228,151 238,A01,3,33,0,2,3,1,1,
202100028228,151 239,B01,1,7,0,0,7,1,1,
202100028229,151 237,A01,2,7,0,1,1,1,1,
202100028230,151 235,A01,2,7,0,2,1,17,1,
202100028230,151 236,B01,1,10,0,2,1,1,1,
202100028231,151 234,A01,2,33,0,0,3,13,1,
202100028232,151 233,A01,3,14,0,1,0,15,1,
202100028233,151 230,A01,2,7,0,2,5,17,1,
202100028233,151 231,B01,2,7,0,2,2,18,1,
202100028233,151 232,C01,2,10,3,2,2,17,1,
202100028234,151 224,F01,1,7,3,2,5,2,1,
202100028234,151 225,E01,1,10,0,2,2,17,1,
202100028234,151 226,D01,1,10,1,2,1,1,1,
202100028234,151 227,B01,1,7,0,2,8,14,1,
202100028234,151 228,A01,1,10,3,2,2,17,1,
202100028234,151 229,C01,1,17,0,2,4,23,1,
202100028235,151 222,A01,1,7,0,2,2,14,1,
202100028235,151 223,B01,1,15,0,2,6,1,1,
202100028236,151 220,A01,2,17,0,2,2,12,6,
202100028236,151 221,B01,2,7,0,2,6,1,1,
202100028237,151 218,B01,2,7,0,2,6,1,1,
202100028237,151 219,A01,2,7,0,2,2,17,1,
202100028238,151 216,A01,1,7,0,9,3,1,1,
202100028238,151 217,B01,1,1,0,2,4,1,5,
202100028239,151 215,A01,3,7,6,0,1,1,1,
202100028240,151 214,A01,2,7,0,1,1,1,1,
202100028241,151 212,B01,1,33,0,2,1,17,1,
202100028241,151 213,A01,1,7,0,0,8,15,1,
202100028242,151 211,A01,1,32,0,0,9,0,1,
202100028243,151 210,A01,2,7,6,0,7,1,1,
202100028244,151 208,A01,1,7,0,2,1,15,1,
202100028244,151 209,B01,2,34,0,2,1,1,1,
202100028245,151 206,B01,2,7,0,0,7,1,1,
202100028245,151 207,A01,1,7,0,2,2,19,1,
202100028246,151 204,B01,1,7,0,2,1,1,1,
202100028246,151 205,A01,2,33,0,2,1,17,1,
202100028247,151 203,A01,2,33,8,0,7,1,1,
202100028248,151 201,A01,1,7,0,2,3,10,1,
202100028248,151 202,B01,1,32,0,2,2,13,1,
202100028249,151 199,B01,1,7,0,2,7,1,1,
202100028249,151 200,A01,3,14,0,2,1,19,1,
202100028250,151 197,B01,1,7,0,2,3,1,1,
202100028250,151 198,A01,2,2,0,2,3,15,1,
202100028251,151 195,A01,3,10,0,2,2,12,1,
202100028251,151 196,B01,3,33,0,2,4,18,1,
202100028252,151 193,B01,2,33,0,2,2,17,1,
202100028252,151 194,A01,2,7,0,2,3,15,1,
202100028253,151 192,A01,1,33,0,6,1,1,1,
202100028254,151 190,A01,1,7,0,2,4,1,1,
202100028254,151 191,B01,1,33,0,2,1,1,1,
202100028255,151 188,B01,2,7,0,2,1,2,1,
202100028255,151 189,A01,2,7,0,2,4,1,1,
202100028256,151 185,C01,1,7,0,2,4,2,1,
202100028256,151 186,B01,1,7,0,2,4,2,1,
202100028256,151 187,A01,1,7,0,2,1,2,1,
202100028257,151 184,A01,1,33,16,9,0,21,1,
202100028258,151 182,A01,1,7,0,2,3,2,1,
202100028258,151 183,B01,1,17,0,2,5,12,1,
202100028259,151 180,B01,1,33,0,2,1,1,1,
202100028259,151 181,A01,1,7,0,2,4,11,1,
202100028260,151 178,A01,2,10,0,2,2,12,1,
202100028260,151 179,B01,2,33,0,2,3,1,1,
202100028261,151 176,A01,1,10,1,0,2,14,1,
202100028261,151 177,B01,1,10,0,2,6,26,1,
202100028262,151 174,A01,1,15,0,2,1,1,1,
202100028262,151 175,B01,1,7,0,2,4,23,1,
202100028263,151 173,A01,2,7,13,0,9,26,1,
202100028264,151 171,A01,1,7,0,0,0,9,1,
202100028264,151 172,B01,1,36,0,2,0,13,1,
202100028265,151 170,A01,1,2,0,1,2,1,1,
202100028266,151 168,A01,2,7,0,2,3,15,1,
202100028266,151 169,B01,1,1,0,0,8,1,5,
202100028267,151 167,A01,1,30,1,0,1,26,1,
202100028268,151 166,A01,1,2,0,2,4,26,1,
202100028269,151 165,A01,1,7,0,1,2,1,1,
202100028270,151 164,A01,1,7,4,0,1,1,1,
202100028271,151 163,A01,2,7,0,1,1,0,1,
202100028272,151 161,B01,1,0,0,2,8,2,0,
202100028272,151 162,A01,1,2,0,2,7,17,1,
202100028273,151 159,A01,1,30,0,2,1,1,1,
202100028273,151 160,B01,1,7,0,2,7,0,1,
202100028274,151 157,A01,1,7,0,2,7,1,1,
202100028274,151 158,Z01,1,2,0,2,0,15,1,
202100028275,151 155,B01,1,1,0,2,1,1,0,
202100028275,151 156,A01,2,7,0,2,0,16,1,
202100028276,151 153,A01,1,7,0,9,1,1,2,
202100028276,151 154,B01,2,7,0,0,0,1,1,
202100028277,151 151,A01,3,7,0,2,3,15,1,
202100028277,151 152,B01,3,32,0,2,4,17,1,
202100028278,151 149,B01,1,7,0,2,1,2,1,
202100028278,151 150,A01,2,7,0,2,1,15,1,
202100028279,151 147,B01,3,1,0,2,8,1,5,
202100028279,151 148,A01,3,7,0,2,2,26,1,
202100028280,151 145,A01,2,7,0,2,3,13,1,
202100028280,151 146,B01,1,7,0,2,6,2,1,
202100028281,151 143,A01,1,7,0,2,3,13,1,
202100028281,151 144,B01,1,32,0,2,7,1,1,
202100028282,151 141,B01,2,7,0,2,1,1,1,
202100028282,151 142,A01,0,30,0,2,1,19,1,
202100028283,151 139,A01,1,7,1,0,4,1,0,
202100028283,151 140,B01,1,7,0,2,1,2,0,
202100028284,151 134,B01,3,7,0,2,4,0,1,
202100028284,151 135,A01,3,7,0,2,1,0,0,
202100028285,151 133,A01,1,31,1,0,1,13,1,
202100028286,151 131,A01,1,7,0,2,3,1,1,
202100028286,151 132,B01,1,50,0,2,4,15,3,
202100028287,151 130,A01,3,33,14,0,0,26,0,
202100028288,151 129,A01,1,7,0,2,0,26,1,
202100028289,151 128,A01,2,7,0,1,2,25,1,
202100028290,151 126,B01,3,7,0,2,7,16,1,
202100028290,151 127,A01,3,32,0,2,3,18,1,
202100028291,151 124,A01,2,7,0,2,3,9,1,
202100028291,151 125,B01,1,1,0,2,4,1,5,
202100028292,151 122,A01,1,7,0,2,1,26,1,
202100028292,151 123,B01,1,37,0,2,7,26,1,2.0
202100028293,151 120,A01,3,7,0,2,3,15,1,
202100028293,151 121,B01,3,33,0,2,3,1,1,
202100028294,151 119,A01,1,7,1,0,3,13,1,
202100028295,151 118,A01,1,30,11,0,1,16,1,
202100028296,151 117,A01,1,7,8,0,3,13,1,
202100028297,151 115,A01,1,7,0,2,1,26,1,
202100028297,151 116,B01,1,7,0,2,4,26,1,
202100028298,151 112,C01,1,7,0,2,8,1,1,
202100028298,151 113,B01,2,7,0,2,4,1,1,
202100028298,151 114,A01,2,7,0,2,1,1,1,
202100028299,151 110,A01,3,7,0,2,0,2,1,
202100028299,151 111,B01,3,80,0,2,4,9,3,
202100028300,151 108,B01,2,7,0,2,2,1,1,
202100028300,151 109,A01,3,2,0,2,1,19,1,
202100028301,151 106,B01,3,7,0,2,1,13,1,
202100028301,151 107,A01,3,7,0,2,3,13,1,
202100028302,151 104,A01,1,7,0,2,1,13,1,
202100028302,151 105,B01,2,14,0,2,3,1,1,
202100028303,151 102,A01,2,7,0,2,3,9,1,
202100028303,151 103,B01,2,7,0,2,7,2,1,
202100028304,151 100,B01,3,7,0,2,1,0,1,
202100028304,151 101,A01,3,7,0,2,1,0,1,
202100028305,151 098,A01,1,7,0,2,1,1,1,
202100028305,151 099,Z01,1,7,0,2,4,0,1,
202100028306,151 097,Z01,1,7,0,1,1,1,0,
202100028307,151 095,B01,2,7,0,2,4,2,1,
202100028307,151 096,A01,2,43,0,2,1,2,1,
202100028308,151 093,B01,0,7,1,2,9,24,1,
202100028308,151 094,A01,0,7,0,2,7,26,1,
202100028309,151 091,A01,1,7,0,9,3,26,1,
202100028309,151 092,B01,2,1,0,2,1,26,0,
202100028310,151 090,A01,1,32,0,1,1,0,1,
202100028311,151 088,B01,3,7,1,2,8,1,1,
202100028311,151 089,A01,3,7,0,2,2,16,1,
202100028312,151 086,A01,2,7,0,2,1,5,1,
202100028312,151 087,B01,2,7,0,2,1,17,1,
202100028313,151 084,B01,1,34,0,2,1,16,1,
202100028313,151 085,A01,1,1,0,2,1,19,5,
202100028314,151 083,A01,2,30,0,2,4,1,1,
202100028315,151 081,B01,1,33,0,2,2,17,1,
202100028315,151 082,A01,1,7,0,2,3,15,1,
202100028316,151 079,B01,1,7,0,2,3,1,1,
202100028316,151 080,A01,2,30,0,2,2,1,1,
202100028317,151 078,A01,1,30,14,0,7,14,1,
202100028318,151 077,A01,1,50,0,0,0,1,3,
202100028319,151 075,A01,1,37,0,2,3,1,2,2.0
202100028319,151 076,Z01,2,7,0,2,2,15,1,
202100028320,151 074,A01,2,7,0,1,2,1,2,
202100028321,151 072,A01,1,30,0,2,2,1,1,
202100028321,151 073,B01,1,7,0,2,3,9,2,
202100028322,151 070,A01,2,1,0,2,1,5,5,
202100028322,151 071,B01,1,7,0,2,1,1,1,
202100028323,151 068,A01,1,50,0,2,1,13,3,
202100028323,151 069,B01,2,33,0,2,1,1,1,
202100028324,151 067,A01,0,50,8,0,0,25,3,
202100028325,151 065,A01,3,7,0,0,0,22,1,
202100028325,151 066,B01,3,1,0,0,0,0,5,
202100028326,151 063,B01,2,7,0,2,3,1,1,
202100028326,151 064,A01,1,7,0,2,1,1,1,
202100028327,151 061,B01,2,50,0,2,3,19,3,
202100028327,151 062,A01,1,7,0,2,2,1,1,
202100028328,151 059,B01,1,7,0,2,5,23,1,
202100028328,151 060,A01,1,7,0,2,3,2,1,
202100028329,151 058,A01,0,7,14,0,3,26,1,
202100028330,151 057,A01,2,7,0,1,1,1,1,
202100028331,151 054,C01,3,7,0,2,4,2,1,
202100028331,151 055,B01,3,7,0,2,9,2,1,
202100028331,151 056,A01,3,7,0,2,1,2,1,
202100028332,151 052,A01,1,7,0,2,0,10,1,
202100028332,151 053,B01,1,30,0,2,2,1,1,
202100028333,151 051,A01,2,7,0,1,4,20,1,
202100028334,151 049,B01,0,31,0,0,0,0,0,
202100028334,151 050,A01,0,7,0,2,3,15,1,
202100028335,151 048,A01,3,7,0,1,3,15,1,
202100028336,151 046,A01,0,2,0,2,4,1,1,
202100028336,151 047,B01,0,7,0,2,1,26,1,
202100028337,151 045,A01,2,7,13,0,7,21,1,
202100028338,151 044,A01,2,33,0,0,9,2,1,
202100028339,151 043,A01,2,7,0,1,2,1,1,
202100028340,151 041,A01,0,2,0,2,1,1,1,
202100028340,151 042,B01,0,7,0,2,3,1,1,
202100028341,151 039,A01,3,7,0,2,2,1,1,
202100028341,151 040,B01,3,7,0,2,3,1,1,
202100028342,151 037,A01,1,33,0,2,2,1,1,
202100028342,151 038,B01,2,7,0,2,3,9,1,
202100028343,151 036,A01,2,33,6,0,1,0,1,
202100028344,151 035,A01,2,7,2,0,1,1,1,
202100028345,151 034,A01,1,36,9,0,0,1,1,
202100028346,151 033,A01,2,7,8,0,7,1,1,
202100028347,151 031,B01,1,7,0,2,1,1,1,
202100028347,151 032,A01,2,10,0,2,1,17,1,
202100028348,151 029,B01,1,7,0,2,3,16,1,
202100028348,151 030,A01,2,7,0,2,8,15,1,
202100028349,151 028,A01,0,31,0,0,7,1,1,
202100028350,151 027,A01,1,7,4,0,3,1,1,
202100028351,151 025,B01,1,1,0,2,4,13,5,
202100028351,151 026,A01,1,7,0,2,2,17,1,
202100028352,151 023,A01,2,7,0,2,3,1,1,
202100028352,151 024,B01,1,7,0,2,3,1,1,
202100028353,151 021,B01,1,7,0,2,5,15,1,
202100028353,151 022,A01,1,2,0,2,1,1,1,
202100028354,151 020,A01,1,7,13,0,1,1,1,
202100028355,151 017,A01,1,7,0,2,1,2,1,
202100028355,151 018,C01,1,7,0,2,4,2,1,
202100028355,151 019,B01,1,7,0,2,4,2,1,
202100028356,151 015,A01,2,3,13,2,3,1,1,
202100028356,151 016,B01,1,7,0,2,3,1,1,
202100028357,151 014,A01,2,33,0,0,0,1,1,
202100028358,151 013,A01,1,2,8,0,1,1,1,
202100028359,151 012,A01,1,32,0,0,0,1,1,
202100028360,151 010,A01,1,7,0,0,1,19,1,
202100028360,151 011,B01,2,7,0,0,5,1,1,
202100028361,151 008,A01,2,7,2,2,3,13,1,
202100028361,151 009,B01,1,7,0,2,8,21,1,
202100028362,151 006,B01,2,7,0,0,0,2,1,
202100028362,151 007,A01,2,2,0,0,0,1,1,
202100028363,151 005,A01,0,7,13,0,0,0,1,
202100028364,151 003,B01,1,7,0,2,3,1,1,
202100028364,151 004,A01,2,7,0,2,3,13,1,
202100028365,151 002,A01,2,10,13,0,7,1,1,
202100028366,151 001,A01,2,33,13,0,8,1,1,
202100028367,150 999,A01,1,2,0,2,1,5,1,
202100028367,151 000,B01,1,10,0,2,2,1,1,
202100028368,150 998,A01,2,35,13,0,2,2,1,
202100028369,150 997,A01,1,7,6,0,3,1,1,
202100028370,150 996,A01,1,7,2,0,1,1,1,
202100028371,150 994,A01,3,7,0,2,3,13,1,
202100028371,150 995,B01,3,7,0,2,3,21,1,
202100028372,150 992,A01,3,2,0,2,0,1,1,
202100028372,150 993,B01,3,7,0,2,0,0,1,
202100028373,150 991,A01,1,1,12,0,7,13,5,
202100028374,150 989,A01,3,10,0,2,3,13,1,
202100028374,150 990,B01,3,1,0,0,6,15,5,
202100028375,150 988,A01,1,33,0,0,0,26,1,
202100028376,150 986,A01,2,7,0,0,0,1,1,
202100028377,150 985,A01,3,7,0,1,2,1,1,
202100028378,150 984,A01,2,2,16,0,0,1,1,
202100028379,150 980,B01,2,31,0,2,7,1,1,
202100028379,150 981,A01,2,7,0,2,3,9,1,
202100028380,150 979,A01,2,33,13,0,1,1,1,
202100028381,150 978,A01,3,33,0,0,0,1,1,
202100028382,150 977,A01,1,33,0,0,0,1,1,
202100028383,150 976,A01,2,7,2,0,1,1,1,
202100028384,150 975,A01,2,7,0,0,9,0,1,
202100028385,150 974,A01,1,7,2,0,1,1,1,
202100028386,150 973,A01,1,17,13,0,7,1,1,
202100028387,150 971,A01,3,21,0,2,3,1,1,
202100028387,150 972,B01,3,30,0,2,8,1,1,
202100028388,150 969,A01,2,7,0,2,2,0,1,
202100028388,150 970,B01,2,7,0,2,3,2,1,
202100028389,150 967,A01,1,1,0,0,2,19,5,
202100028389,150 968,B01,1,17,0,0,1,1,1,
202100028390,150 966,A01,2,17,0,1,3,16,1,
202100028391,150 964,A01,1,7,0,2,2,1,1,
202100028391,150 965,B01,2,7,0,0,6,1,1,
202100028392,150 962,B01,2,30,0,2,1,7,1,
202100028392,150 963,A01,1,7,0,2,5,1,1,
202100028393,150 960,B01,2,7,0,2,3,1,1,
202100028393,150 961,A01,1,14,0,2,3,13,1,
202100028394,150 958,B01,1,1,0,2,1,1,5,
202100028394,150 959,A01,2,7,0,9,3,9,1,
202100028395,150 956,B01,1,7,7,2,8,1,1,
202100028395,150 957,A01,2,7,0,2,3,17,1,
202100028396,150 955,A01,1,7,2,0,1,1,1,
202100028397,150 953,A01,1,7,0,2,1,1,1,
202100028397,150 954,B01,1,7,0,0,4,1,1,
202100028398,150 950,A01,1,7,0,2,1,2,1,
202100028398,150 951,B01,1,7,0,2,4,23,1,
202100028398,150 952,C01,1,10,0,0,4,23,1,
202100028399,150 949,A01,2,33,4,0,1,1,1,
202100028400,150 948,A01,2,33,4,0,1,1,0,
202100028401,150 947,A01,1,10,16,0,9,14,1,
202100028402,150 945,B01,2,32,0,2,6,1,1,
202100028402,150 946,A01,3,34,0,2,1,19,1,
202100028403,150 944,A01,2,7,0,1,1,26,1,
202100028404,150 943,A01,1,33,12,0,1,1,1,
202100028405,150 942,A01,2,33,0,0,0,1,1,
202100028406,150 939,A01,1,7,0,0,1,13,1,
202100028406,150 940,B01,2,7,0,0,1,1,1,
202100028406,150 941,C01,2,33,5,0,1,1,1,
202100028407,150 937,B01,3,35,0,2,1,0,1,
202100028407,150 938,A01,3,7,0,2,2,1,1,
202100028408,150 935,B01,3,2,0,2,1,5,1,
202100028408,150 936,A01,3,7,0,2,5,2,1,
202100028409,150 934,A01,1,7,3,0,2,0,1,
202100028410,150 932,B01,1,7,0,2,3,1,1,
202100028410,150 933,A01,2,7,0,2,3,13,1,
202100028411,150 930,A01,1,10,0,2,3,1,1,
202100028411,150 931,B01,2,14,0,2,8,1,1,
202100028412,150 928,B01,2,7,0,2,1,1,1,