Num_Acc,id_vehicule,num_veh,senc,catv,obs,obsm,choc,manv,motor,occutc
202100028412,150 929,A01,1,33,0,2,1,13,1,
202100028413,150 927,A01,1,33,0,0,0,1,1,
202100028414,150 926,A01,1,33,14,0,1,1,1,
202100028415,150 924,B01,1,7,0,2,1,1,1,
202100028415,150 925,A01,2,1,0,2,1,0,5,
202100028416,150 922,B01,1,7,3,2,1,1,1,
202100028416,150 923,A01,2,7,0,2,3,5,1,
202100028417,150 920,A01,1,33,0,2,4,2,1,
202100028417,150 921,B01,1,33,0,2,1,2,1,
202100028418,150 919,A01,1,14,13,0,2,1,1,
202100028419,150 916,C01,2,1,0,2,1,1,5,
202100028419,150 917,B01,2,1,0,2,1,1,5,
202100028419,150 918,A01,1,1,0,2,0,19,5,
202100028420,150 915,A01,1,33,6,0,1,13,1,
202100028421,150 913,B01,0,7,0,2,1,1,1,
202100028421,150 914,A01,0,1,0,2,0,0,0,
202100028422,150 912,A01,1,33,8,0,1,1,1,
202100028423,150 910,B01,1,7,0,2,2,1,1,
202100028423,150 911,A01,3,1,0,2,3,9,5,
202100028424,150 909,A01,0,31,12,0,7,1,1,
202100028425,150 908,A01,3,2,0,1,1,1,1,
202100028426,150 906,A01,1,7,4,0,3,17,1,
202100028427,150 904,A01,1,33,0,2,1,1,1,
202100028427,150 905,B01,1,7,0,0,7,26,1,
202100028428,150 902,A01,2,7,0,2,6,24,1,
202100028428,150 903,B01,2,33,1,0,1,12,1,
202100028429,150 900,A01,1,7,0,2,4,1,1,
202100028429,150 901,B01,1,7,0,2,1,1,1,
202100028430,150 898,B01,1,7,0,2,2,1,1,
202100028430,150 899,Z01,1,10,0,2,6,11,1,
202100028431,150 896,B01,1,7,3,2,4,1,1,
202100028431,150 897,A01,1,7,0,2,1,2,1,
202100028432,150 894,B01,2,7,0,2,4,1,1,
202100028432,150 895,A01,2,7,0,2,3,0,1,
202100028433,150 892,B01,1,7,0,2,4,1,1,
202100028433,150 893,A01,1,7,0,2,4,1,1,
202100028434,150 891,A01,2,33,0,2,7,0,1,
202100028435,150 889,B01,2,7,0,2,0,0,1,
202100028435,150 890,A01,2,10,0,2,1,1,1,
202100028436,150 886,A01,2,7,4,2,1,2,1,
202100028436,150 887,B01,2,7,4,2,4,2,1,
202100028436,150 888,C01,2,10,4,2,4,2,1,
202100028437,150 884,B01,2,7,0,2,6,2,1,
202100028437,150 885,A01,2,32,0,2,1,2,1,
202100028438,150 881,C01,1,7,0,2,4,2,1,
202100028438,150 882,B01,1,7,0,2,1,2,1,
202100028438,150 883,A01,1,7,0,2,1,2,1,
202100028439,150 879,A01,1,7,0,2,3,17,1,
202100028439,150 880,B01,1,7,0,2,5,0,1,
202100028440,150 877,A01,1,7,0,2,1,1,1,
202100028440,150 878,B01,1,31,0,2,4,1,1,
202100028441,150 875,B01,2,7,14,2,6,1,1,
202100028441,150 876,A01,2,7,0,2,2,26,1,
202100028442,150 874,A01,2,7,3,0,1,9,1,
202100028443,150 872,A01,1,7,0,2,1,1,1,
202100028443,150 873,B01,1,7,0,2,4,1,1,
202100028444,150 870,B01,2,7,0,2,8,1,1,
202100028444,150 871,A01,2,15,0,2,2,12,1,
202100028445,150 869,A01,2,7,0,1,2,1,1,
202100028446,150 868,A01,3,7,0,1,2,1,1,
202100028447,150 866,B01,1,33,0,2,3,18,1,
202100028447,150 867,A01,1,7,0,2,5,16,1,
202100028448,150 864,B01,1,7,0,2,2,15,1,
202100028448,150 865,A01,1,30,0,2,5,1,1,
202100028449,150 862,B01,2,7,0,2,1,1,1,
202100028449,150 863,A01,1,7,0,2,3,16,1,
202100028450,150 860,A01,1,7,4,2,3,14,1,
202100028450,150 861,B01,1,33,0,2,4,1,1,
202100028451,150 858,A01,1,30,0,2,1,19,1,
202100028451,150 859,B01,1,7,0,2,5,1,1,
202100028452,150 857,A01,2,7,0,1,8,1,1,
202100028453,150 855,A01,3,50,0,2,4,1,3,
202100028453,150 856,B01,2,7,0,9,1,1,0,
202100028454,150 852,B01,1,7,0,2,4,23,1,
202100028454,150 853,A01,1,7,0,2,1,2,1,
202100028454,150 854,C01,1,7,0,2,4,23,0,
202100028455,150 851,A01,2,7,16,0,9,15,1,
202100028456,150 849,B01,1,7,0,2,1,0,1,
202100028456,150 850,A01,1,7,8,2,5,26,1,
202100028457,150 848,A01,1,7,0,1,1,9,1,
202100028458,150 847,A01,3,7,0,1,2,14,1,
202100028459,150 845,A01,2,10,0,2,2,19,1,
202100028459,150 846,B01,2,1,0,2,8,1,5,
202100028460,150 843,B01,2,33,0,2,1,1,1,
202100028460,150 844,A01,2,7,0,2,3,20,1,
202100028461,150 842,A01,1,33,9,0,1,26,1,
202100028462,150 840,B01,1,7,0,2,4,2,1,
202100028462,150 841,Z01,1,7,0,2,1,2,0,
202100028463,150 839,A01,3,40,0,1,2,1,3,
202100028464,150 838,A01,1,7,0,1,2,15,1,
202100028465,150 836,B01,2,33,0,2,1,1,0,
202100028465,150 837,A01,1,7,0,2,2,0,0,
202100028466,150 834,A01,0,7,0,2,0,0,1,
202100028466,150 835,B01,1,33,0,2,1,19,1,
202100028467,150 832,A01,1,7,5,2,1,9,1,
202100028467,150 833,B01,1,1,0,2,3,26,5,
202100028468,150 830,A01,3,7,0,2,1,5,1,
202100028468,150 831,B01,3,7,0,2,1,1,1,
202100028469,150 828,B01,3,7,0,2,3,1,1,
202100028469,150 829,A01,3,80,0,2,4,1,3,
202100028470,150 825,A01,1,7,0,2,1,2,1,
202100028470,150 826,B01,1,7,0,2,4,1,1,
202100028470,150 827,C01,1,7,0,2,4,1,1,
202100028471,150 824,A01,1,7,0,1,1,1,1,
202100028472,150 822,B01,0,7,0,2,5,0,1,
202100028472,150 823,A01,0,7,0,2,1,12,1,
202100028473,150 821,A01,2,30,9,0,1,14,1,
202100028474,150 820,A01,1,7,0,1,4,4,1,
202100028475,150 818,B01,2,7,8,0,5,23,1,
202100028475,150 819,A01,2,7,0,2,3,13,1,
202100028476,150 816,A01,1,7,0,2,1,1,1,
202100028476,150 817,B01,2,7,0,2,7,1,1,
202100028477,150 811,A01,1,7,0,2,1,26,1,
202100028477,150 812,B01,1,7,0,2,1,2,1,
202100028477,150 813,C01,1,7,0,2,1,2,0,
202100028478,150 809,B01,1,7,0,2,7,1,1,
202100028478,150 810,A01,3,10,0,2,1,1,1,
202100028479,150 807,B01,2,32,0,2,1,1,1,
202100028479,150 808,A01,2,7,0,2,8,10,1,
202100028480,150 806,A01,3,7,0,2,1,1,1,
202100028481,150 804,B01,0,33,0,2,7,1,1,
202100028481,150 805,A01,0,7,0,2,0,15,1,
202100028482,150 803,A01,3,7,13,5,9,21,1,
202100028483,150 802,A01,1,7,10,0,1,19,1,
202100028484,150 800,B01,1,7,0,2,1,1,1,
202100028484,150 801,A01,1,7,0,2,9,13,1,
202100028485,150 799,A01,3,7,0,1,2,1,1,
202100028486,150 798,A01,1,7,8,0,1,1,1,
202100028487,150 796,B01,3,7,0,2,6,10,1,
202100028487,150 797,A01,3,30,0,2,1,17,1,
202100028488,150 795,A01,2,7,1,0,7,1,1,
202100028489,150 793,B01,1,33,0,2,1,1,1,
202100028489,150 794,A01,1,10,0,2,7,15,1,
202100028490,150 791,B01,1,30,0,2,1,17,1,
202100028490,150 792,A01,1,7,0,2,6,15,1,
202100028491,150 789,A01,3,33,0,2,1,13,1,
202100028491,150 790,B01,3,7,0,2,3,16,1,
202100028492,150 787,A01,2,43,0,2,3,11,1,
202100028492,150 788,B01,2,7,0,2,7,1,1,
202100028493,150 784,B01,1,7,0,2,4,2,1,
202100028493,150 785,C01,1,7,0,2,4,2,1,
202100028493,150 786,A01,1,7,0,2,1,2,1,
202100028494,150 783,A01,3,30,0,0,1,1,1,
202100028495,150 781,A01,1,7,0,2,1,1,2,
202100028495,150 782,B01,0,60,0,2,7,19,5,
202100028496,150 779,A01,1,32,0,2,4,2,1,
202100028496,150 780,Z01,3,7,0,2,1,2,0,
202100028497,150 777,A01,3,1,0,2,1,15,5,
202100028497,150 778,B01,3,7,0,2,3,1,3,
202100028498,150 773,A01,3,34,0,2,9,17,1,
202100028498,150 774,B01,3,7,0,2,6,2,1,
202100028498,150 775,C01,3,10,0,2,7,2,1,
202100028498,150 776,D01,3,7,0,2,6,2,1,
202100028499,150 771,B01,1,7,0,2,3,1,2,
202100028499,150 772,A01,1,30,0,2,2,5,1,
202100028500,150 769,A01,1,7,0,2,0,22,1,
202100028500,150 770,B01,1,80,0,2,0,1,3,
202100028501,150 767,A01,3,7,0,2,5,1,0,
202100028501,150 768,B01,3,7,0,2,1,1,1,
202100028502,150 766,A01,1,7,0,1,8,15,1,
202100028503,150 765,A01,2,32,0,1,0,0,1,
202100028504,150 763,B01,1,7,0,2,4,1,1,
202100028504,150 764,A01,1,7,0,2,1,2,1,
202100028505,150 761,Z01,2,30,0,2,0,17,1,
202100028505,150 762,A01,2,30,0,2,8,15,1,
202100028506,150 760,A01,-1,7,0,1,2,1,1,
202100028507,150 758,A01,3,10,0,2,3,1,1,
202100028507,150 759,B01,3,7,0,2,3,2,1,
202100028508,150 756,A01,1,7,0,2,1,1,1,
202100028508,150 757,B01,2,7,0,2,7,0,1,
202100028509,150 754,B01,0,2,0,2,0,2,1,
202100028509,150 755,A01,0,7,0,0,0,15,1,
202100028510,150 752,A01,1,7,0,2,2,9,1,
202100028510,150 753,B01,1,31,0,2,3,0,1,
202100028511,150 751,A01,3,80,0,0,0,0,3,
202100028512,150 749,B01,2,7,0,2,0,15,2,
202100028512,150 750,A01,1,33,0,2,3,21,1,
202100028513,150 747,A01,1,30,0,2,7,1,1,
202100028513,150 748,B01,2,7,0,2,1,1,1,
202100028514,150 745,B01,2,7,0,2,8,1,1,
202100028514,150 746,A01,1,33,0,2,1,13,1,
202100028515,150 743,B01,1,33,0,2,7,17,1,
202100028515,150 744,A01,2,7,0,2,8,1,1,
202100028516,150 740,A01,1,7,13,0,0,1,1,
202100028517,150 739,A01,1,7,7,0,1,19,1,
202100028518,150 738,A01,2,33,0,0,0,1,1,
202100028519,150 737,A01,2,33,0,0,1,1,1,
202100028520,150 736,A01,2,7,3,0,0,1,1,
202100028521,150 735,A01,2,7,13,0,1,1,1,
202100028522,150 733,A01,1,7,0,2,3,10,1,
202100028522,150 734,B01,1,33,0,0,7,21,1,
202100028523,150 732,A01,3,7,1,1,1,13,1,
202100028524,150 730,B01,1,33,0,2,0,1,1,
202100028524,150 731,A01,1,7,0,2,1,9,2,
202100028525,150 729,A01,2,32,15,0,2,1,1,
202100028526,150 727,A01,1,7,0,2,2,17,1,
202100028526,150 728,B01,1,7,0,0,3,15,1,
202100028527,150 725,B01,1,7,5,2,1,1,1,
202100028527,150 726,A01,2,7,0,2,3,13,1,
202100028528,150 723,B01,1,33,0,0,7,17,1,
202100028528,150 724,A01,1,7,0,2,3,15,1,
202100028529,150 722,A01,1,2,0,0,1,1,1,
202100028530,150 721,A01,1,2,0,0,8,1,1,
202100028531,150 720,A01,1,33,0,0,7,1,1,
202100028532,150 718,A01,1,7,0,2,2,9,1,
202100028532,150 719,B01,1,7,0,2,1,1,1,
202100028533,150 716,A01,0,33,0,2,3,26,0,
202100028533,150 717,B01,0,10,0,2,2,1,1,
202100028534,150 714,B01,3,7,0,2,3,15,1,
202100028534,150 715,A01,3,2,0,2,3,1,1,
202100028535,150 713,A01,2,7,13,0,9,14,1,
202100028536,150 711,A01,2,17,0,2,1,1,1,
202100028536,150 712,B01,1,7,0,2,1,13,1,
202100028537,150 709,B01,1,1,0,2,4,1,5,
202100028537,150 710,A01,1,7,0,2,2,1,1,
202100028538,150 708,A01,2,7,6,0,2,1,1,
202100028539,150 706,A01,2,1,0,2,1,13,5,
202100028539,150 707,B01,1,7,0,9,3,1,1,
202100028540,150 704,A01,1,7,0,2,3,1,1,
202100028540,150 705,B01,2,7,0,2,3,1,1,
202100028541,150 703,A01,1,7,2,0,9,14,1,
202100028542,150 702,A01,3,7,13,0,2,1,1,
202100028543,150 700,A01,1,7,0,2,1,13,1,
202100028543,150 701,B01,2,7,0,2,1,1,1,
202100028544,150 698,A01,1,33,1,0,3,26,1,
202100028544,150 699,B01,1,7,0,0,2,26,1,
202100028545,150 696,A01,1,43,0,2,1,6,1,
202100028545,150 697,B01,2,10,0,2,1,1,1,
202100028546,150 694,A01,2,7,0,2,1,0,1,
202100028546,150 695,B01,1,7,0,2,1,0,1,
202100028547,150 693,A01,1,7,13,6,2,21,1,
202100028548,150 689,B01,1,7,0,2,8,1,1,
202100028548,150 690,A01,2,2,0,2,8,17,1,
202100028549,150 688,A01,3,2,16,0,8,0,1,
202100028550,150 686,A01,1,33,11,0,1,17,1,
202100028550,150 687,B01,1,7,0,0,3,15,1,
202100028551,150 685,A01,2,7,6,0,3,1,1,
202100028552,150 683,A01,1,7,0,2,3,1,1,
202100028552,150 684,B01,2,10,0,2,2,15,1,
202100028553,150 682,A01,1,7,15,0,1,5,1,
202100028554,150 680,B01,3,1,0,2,8,1,5,
202100028554,150 681,A01,3,7,0,9,5,1,1,
202100028555,150 678,A01,3,7,2,0,3,2,1,
202100028556,150 675,C01,2,7,3,0,1,1,1,
202100028556,150 676,B01,2,7,0,2,1,2,1,
202100028556,150 677,A01,2,7,3,2,1,2,1,
202100028557,150 673,A01,1,7,0,9,1,1,1,
202100028557,150 674,B01,0,1,0,2,2,1,5,
202100028558,150 672,A01,2,7,4,0,1,1,1,
202100028559,150 670,B01,3,2,0,0,0,9,0,
202100028559,150 671,A01,0,7,0,0,0,1,1,
202100028560,150 668,A01,2,7,0,2,2,17,1,
202100028560,150 669,B01,2,15,0,2,8,15,1,
202100028561,150 666,B01,1,7,0,2,1,2,1,
202100028561,150 667,A01,1,7,3,0,4,2,1,
202100028562,150 664,A01,2,33,16,0,9,1,1,
202100028563,150 662,B01,2,7,0,2,7,17,0,
202100028563,150 663,A01,2,2,13,2,8,1,1,
202100028564,150 661,A01,1,7,6,0,1,1,1,
202100028565,150 659,A01,1,7,0,2,3,1,1,
202100028565,150 660,B01,2,7,0,2,8,1,1,
202100028566,150 658,A01,3,2,5,0,7,17,1,
202100028567,150 656,B01,1,7,0,0,4,2,1,
202100028567,150 657,A01,1,7,3,2,1,2,1,
202100028568,150 655,A01,1,2,13,0,0,1,1,
202100028569,150 653,A01,1,7,0,2,1,13,1,
202100028569,150 654,B01,2,7,0,2,1,21,1,
202100028570,150 651,A01,1,33,0,2,1,13,1,
202100028570,150 652,B01,2,7,0,2,3,1,1,
202100028571,150 649,A01,2,1,0,2,1,1,5,
202100028571,150 650,B01,1,7,0,2,3,1,2,
202100028572,150 646,A01,0,7,0,2,3,5,1,
202100028572,150 647,B01,0,7,0,2,3,1,1,
202100028572,150 648,C01,0,7,0,2,1,1,1,
202100028573,150 645,A01,2,7,2,0,1,1,1,
202100028574,150 643,A01,2,7,0,2,2,13,1,
202100028574,150 644,B01,1,7,0,2,2,1,1,
202100028575,150 641,A01,3,7,0,2,7,15,1,
202100028575,150 642,B01,0,2,0,2,1,1,1,
202100028576,150 639,B01,2,1,0,2,8,26,5,
202100028576,150 640,A01,1,7,0,9,1,1,1,
202100028577,150 638,A01,0,36,6,0,7,1,1,
202100028578,150 636,A01,1,7,0,2,1,15,1,
202100028578,150 637,B01,2,7,0,0,1,1,1,
202100028579,150 634,B01,1,33,0,2,1,1,1,
202100028579,150 635,A01,1,7,0,2,5,19,1,
202100028580,150 632,A01,1,7,0,2,4,23,1,
202100028580,150 633,B01,1,7,14,0,1,2,1,
202100028581,150 630,B01,1,7,0,2,2,15,1,
202100028581,150 631,A01,2,34,0,2,1,1,1,
202100028582,150 628,A01,1,7,8,2,2,2,1,
202100028582,150 629,B01,1,7,14,0,6,2,1,
202100028583,150 627,A01,0,7,6,0,1,0,1,
202100028584,150 626,A01,2,31,13,0,1,19,1,
202100028585,150 624,A01,2,7,7,0,8,19,1,
202100028585,150 625,B01,1,17,0,2,2,1,1,
202100028586,150 622,A01,1,7,0,2,8,23,1,
202100028586,150 623,B01,1,7,0,2,1,1,1,
202100028587,150 618,C01,2,7,0,2,4,2,1,
202100028587,150 619,D01,2,10,0,2,4,2,1,
202100028587,150 620,A01,2,7,0,2,1,1,1,
202100028587,150 621,B01,2,7,0,2,4,0,1,
202100028588,150 616,B01,2,7,1,0,4,23,1,
202100028588,150 617,A01,2,7,0,2,1,26,1,
202100028589,150 615,A01,1,7,4,0,3,2,1,
202100028590,150 613,B01,1,7,0,2,6,1,1,
202100028590,150 614,A01,1,33,0,2,2,1,1,
202100028591,150 611,A01,2,33,0,2,1,11,1,
202100028591,150 612,B01,2,7,0,2,4,1,1,
202100028592,150 610,A01,1,7,4,0,1,1,1,
202100028593,150 608,A01,2,7,0,2,8,13,1,
202100028593,150 609,B01,2,7,0,2,7,1,1,
202100028594,150 606,B01,2,7,0,2,7,1,1,
202100028594,150 607,A01,2,7,0,2,3,11,1,
202100028595,150 604,A01,1,7,4,0,4,21,1,
202100028595,150 605,Z01,1,7,0,0,0,0,0,
202100028596,150 601,C01,2,7,0,2,1,1,1,
202100028596,150 602,A01,2,7,0,2,1,1,1,
202100028596,150 603,B01,2,7,0,2,4,1,1,
202100028597,150 599,A01,1,7,0,2,1,1,1,
202100028597,150 600,B01,1,7,0,2,4,1,1,
202100028598,150 597,B01,2,10,0,9,3,1,1,
202100028598,150 598,A01,2,1,0,2,1,5,5,
202100028599,150 596,A01,1,7,0,1,1,1,1,
202100028600,150 594,A01,1,7,0,0,0,0,1,
202100028600,150 595,B01,1,30,0,0,0,0,1,
202100028601,150 592,A01,3,7,0,2,1,26,1,
202100028601,150 593,B01,3,30,0,2,7,1,1,
202100028602,150 590,B01,3,7,0,2,8,15,1,
202100028602,150 591,A01,3,31,0,2,1,17,1,
202100028603,150 588,A01,1,7,0,2,3,9,1,
202100028603,150 589,B01,1,2,0,2,1,1,1,
202100028604,150 586,A01,1,7,0,2,1,1,1,
202100028604,150 587,B01,3,7,0,2,7,1,1,
202100028605,150 584,B01,2,7,4,2,4,2,1,
202100028605,150 585,A01,2,7,0,2,2,2,1,
202100028606,150 582,A01,2,7,0,2,5,12,1,
202100028606,150 583,B01,2,33,0,2,1,1,1,
202100028607,150 579,A01,2,7,14,0,4,23,1,
202100028607,150 580,B01,2,7,0,2,1,2,1,
202100028607,150 581,C01,1,10,0,2,1,2,1,
202100028608,150 578,A01,2,7,0,1,1,17,1,
202100028609,150 576,B01,1,99,0,2,1,1,3,
202100028609,150 577,A01,1,7,0,2,3,16,1,
202100028610,150 575,A01,1,30,0,1,1,1,1,
202100028611,150 573,A01,3,7,0,2,3,1,1,
202100028611,150 574,B01,3,30,0,2,1,5,1,
202100028612,150 571,B01,1,7,0,2,3,15,1,
202100028612,150 572,A01,1,10,0,2,3,15,1,
202100028613,150 570,A01,2,2,0,1,1,1,1,
202100028614,150 569,A01,1,7,1,0,7,1,1,
202100028615,150 567,A01,0,10,0,2,1,1,1,
202100028615,150 568,B01,0,50,0,2,4,1,3,
202100028616,150 565,B01,0,7,0,2,1,1,1,
202100028616,150 566,A01,0,7,0,2,1,15,1,
202100028617,150 563,B01,0,7,0,2,6,15,1,
202100028617,150 564,A01,0,7,0,2,3,1,1,
202100028618,150 559,A01,1,7,0,2,2,15,1,
202100028618,150 560,B01,2,7,0,2,3,0,1,
202100028619,150 558,B01,2,50,0,2,2,2,3,
202100028620,150 556,B01,1,10,0,2,4,2,1,
202100028620,150 557,A01,2,33,0,2,1,2,0,
202100028621,150 554,B01,1,31,0,2,4,1,1,
202100028621,150 555,A01,1,7,0,2,1,1,1,
202100028622,150 553,A01,1,7,13,0,1,0,1,
202100028623,150 551,B01,1,80,0,2,1,1,3,
202100028623,150 552,A01,1,7,0,2,5,16,1,
202100028624,150 550,A01,1,33,14,0,1,14,1,
202100028625,150 548,A01,2,10,0,2,1,9,1,
202100028625,150 549,B01,2,33,0,2,5,1,1,
202100028626,150 546,A01,3,1,0,2,2,9,5,
202100028626,150 547,B01,3,7,0,2,6,9,1,
202100028627,150 544,B01,1,7,0,2,4,23,1,
202100028627,150 545,A01,1,7,0,2,1,2,1,
202100028628,150 541,C01,2,7,0,2,4,23,1,
202100028628,150 542,B01,2,7,0,2,4,23,1,
202100028628,150 543,A01,2,7,0,2,1,2,1,
202100028629,150 539,B01,1,33,0,2,6,1,1,
202100028629,150 540,A01,1,7,0,2,6,10,1,
202100028630,150 537,B01,3,7,0,2,1,1,1,
202100028630,150 538,A01,3,31,0,2,1,1,1,
202100028631,150 535,A01,1,7,0,2,1,1,1,
202100028631,150 536,B01,1,1,0,2,8,19,5,
202100028632,150 533,B01,1,7,0,2,3,16,1,
202100028632,150 534,A01,1,1,0,2,1,1,5,
202100028633,150 532,A01,1,7,1,0,2,14,1,
202100028634,150 530,B01,1,7,0,2,4,26,1,
202100028634,150 531,A01,1,7,0,2,2,26,1,
202100028635,150 528,B01,2,10,1,0,7,1,1,
202100028635,150 529,A01,2,10,0,2,8,24,1,
202100028636,150 526,A01,1,10,0,9,2,9,1,
202100028636,150 527,B01,1,1,0,2,2,9,2,
202100028637,150 524,B01,0,7,0,2,4,2,1,
202100028637,150 525,A01,0,33,0,2,1,2,1,
202100028638,150 523,A01,2,30,0,0,0,1,1,
202100028639,150 522,A01,1,7,0,0,1,9,1,
202100028640,150 520,B01,1,60,5,2,1,9,5,
202100028640,150 521,A01,1,7,12,2,3,9,1,
202100028641,150 519,A01,1,7,3,0,1,9,1,
202100028642,150 517,A01,3,7,0,2,3,15,1,
202100028642,150 518,B01,3,7,0,2,8,1,1,
202100028643,150 515,B01,2,7,1,2,2,1,1,
202100028643,150 516,FA01,1,7,6,2,1,1,1,
202100028644,150 514,A01,3,7,8,0,1,1,1,
202100028645,150 512,B01,3,60,0,2,8,19,5,
202100028645,150 513,A01,3,7,0,2,1,1,1,
202100028646,150 510,A01,2,7,0,2,1,15,0,
202100028646,150 511,B01,1,7,0,2,0,0,1,
202100028647,150 507,B01,2,7,0,2,3,1,1,
202100028647,150 508,C01,2,10,13,0,2,1,1,
202100028647,150 509,A01,1,7,0,2,3,13,1,
202100028648,150 505,B01,1,1,0,2,1,1,5,
202100028648,150 506,A01,2,1,0,2,1,1,5,
202100028649,150 503,Z01,1,7,0,2,0,0,0,
202100028649,150 504,A01,1,33,0,2,4,1,1,
202100028650,150 501,A01,0,7,0,2,1,12,1,
202100028650,150 502,B01,3,1,0,2,1,8,0,
202100028651,150 499,B01,0,7,0,2,3,1,1,
202100028651,150 500,Z01,1,7,0,2,1,0,0,
202100028652,150 498,A01,2,7,6,0,1,26,1,
202100028653,150 496,B01,0,31,0,2,1,1,1,
202100028653,150 497,A01,1,7,0,2,0,10,1,
202100028654,150 495,A01,1,1,0,1,1,25,5,
202100028655,150 494,A01,1,7,0,1,0,0,0,
202100028656,150 493,A01,3,7,1,0,4,4,1,
202100028657,150 491,B01,3,7,0,2,1,1,1,
202100028657,150 492,A01,3,7,0,2,1,5,1,
202100028658,150 490,A01,0,7,0,1,1,1,1,
202100028659,150 488,B01,3,1,0,2,5,1,5,
202100028659,150 489,A01,3,7,0,2,1,9,1,
202100028660,150 487,A01,1,7,4,0,2,1,1,
202100028661,150 486,A01,1,30,0,0,7,26,1,
202100028662,150 484,A01,2,7,0,2,1,2,1,
202100028662,150 485,B01,2,7,0,2,4,1,1,
202100028663,150 481,C01,1,7,0,2,4,2,1,
202100028663,150 482,B01,1,7,0,2,4,1,1,
202100028663,150 483,A01,1,7,0,2,1,2,1,
202100028664,150 480,A01,1,32,9,0,1,1,1,
202100028665,150 477,C01,1,7,0,0,3,0,1,
202100028665,150 478,B01,1,7,0,2,3,0,1,
202100028665,150 479,A01,1,7,0,2,3,0,1,
202100028666,150 475,A01,2,32,0,2,1,1,1,
202100028666,150 476,B01,1,30,0,2,3,9,1,
202100028667,150 473,B01,2,7,0,2,4,4,1,
202100028667,150 474,A01,2,33,0,2,1,26,1,
202100028668,150 472,A01,2,7,0,1,7,21,1,
202100028669,150 470,A01,2,7,0,2,8,13,1,
202100028669,150 471,B01,2,33,0,2,7,3,1,
202100028670,150 469,A01,3,7,8,0,3,15,1,
202100028671,150 468,A01,2,2,0,0,1,1,1,
202100028672,150 467,A01,2,30,0,0,3,13,1,
202100028673,150 466,A01,2,15,0,0,7,1,1,
202100028674,150 463,A01,1,7,0,2,8,13,1,
202100028674,150 464,B01,1,7,4,2,7,1,1,
202100028674,150 465,C01,1,15,0,2,4,1,1,
202100028675,150 462,A01,1,34,0,0,0,3,1,
202100028676,150 461,A01,3,14,0,1,5,1,1,
202100028677,150 459,B01,1,1,0,2,3,1,5,
202100028677,150 460,A01,1,7,0,2,2,15,1,
202100028678,150 458,A01,1,30,0,1,1,18,3,
202100028679,150 457,A01,2,37,0,0,0,21,1,3.0
202100028680,150 456,A01,2,50,0,1,1,1,3,
202100028681,150 454,B01,2,10,0,2,1,22,1,
202100028681,150 455,A01,1,1,0,2,1,1,5,
202100028682,150 453,A01,2,50,0,1,7,1,3,
202100028683,150 450,A01,2,7,0,2,1,1,3,
202100028683,150 451,B01,2,1,0,2,4,9,5,
202100028683,150 452,C01,1,7,0,2,1,1,1,
202100028684,150 448,B01,2,7,0,2,2,1,1,
202100028684,150 449,A01,2,7,0,2,1,1,1,
202100028685,150 446,B01,2,31,0,2,4,1,1,
202100028685,150 447,A01,2,7,0,2,7,1,1,
202100028686,150 445,A01,3,50,0,1,1,1,3,
202100028687,150 443,A01,2,7,0,2,1,13,1,
202100028687,150 444,B01,1,7,0,2,1,1,1,
202100028688,150 441,B01,1,7,0,2,5,2,2,
202100028688,150 442,A01,1,33,0,2,1,2,1,
202100028689,150 439,A01,1,30,0,2,1,2,1,
202100028689,150 440,B01,1,7,0,2,4,2,1,
202100028690,150 437,B01,3,80,0,2,7,1,3,
202100028690,150 438,A01,3,7,0,2,8,22,1,
202100028691,150 435,A01,2,1,0,2,5,2,5,
202100028691,150 436,B01,2,7,0,2,5,23,1,
202100028692,150 433,A01,1,7,0,2,6,15,1,
202100028692,150 434,Z01,1,7,0,2,2,1,1,
202100028693,150 431,A01,3,7,0,2,5,1,1,
202100028693,150 432,B01,3,7,0,2,2,1,1,
202100028694,150 429,B01,1,7,0,2,5,1,1,
202100028694,150 430,A01,2,13,0,2,1,1,1,
202100028695,150 427,B01,2,7,0,2,6,2,1,
202100028695,150 428,A01,2,7,14,0,2,2,1,
202100028696,150 425,A01,1,7,0,2,1,15,1,
202100028696,150 426,Y01,1,1,0,2,1,5,5,
202100028697,150 423,B01,3,10,0,0,8,1,1,
202100028697,150 424,A01,3,7,0,0,7,14,1,
202100028698,150 422,A01,3,50,14,0,1,25,3,
202100028699,150 420,A01,3,33,0,2,7,17,1,
202100028699,150 421,B01,3,10,0,2,8,1,1,
202100028700,150 418,B01,0,34,0,0,0,2,1,
202100028700,150 419,A01,0,7,0,0,1,2,1,
202100028701,150 416,B01,3,3,0,2,3,15,1,
202100028701,150 417,A01,2,34,0,2,1,2,1,
202100028702,150 414,B01,1,7,0,9,2,16,1,
202100028702,150 415,A01,2,50,0,2,2,25,3,
202100028703,150 412,B01,2,7,0,2,3,10,0,
202100028703,150 413,A01,1,43,0,2,3,21,1,
202100028704,150 410,B01,3,7,0,2,3,15,1,
202100028704,150 411,A01,3,30,0,2,1,17,1,
202100028705,150 408,B01,1,30,0,0,1,2,1,
202100028705,150 409,A01,1,99,0,0,8,19,0,
202100028706,150 406,B01,0,7,0,2,8,0,1,
202100028706,150 407,A01,2,7,0,2,1,9,0,
202100028707,150 404,B01,3,7,0,2,2,1,1,
202100028707,150 405,A01,1,7,0,2,8,9,1,
202100028708,150 403,A01,3,50,0,1,1,19,3,
202100028709,150 401,A01,2,33,0,2,1,17,1,