Num_Acc,id_vehicule,num_veh,senc,catv,obs,obsm,choc,manv,motor,occutc
202100028709,150 402,B01,2,7,0,2,4,23,0,
202100028710,150 399,A01,1,7,0,2,3,15,1,
202100028710,150 400,B01,2,32,0,2,1,1,1,
202100028711,150 397,A01,2,7,0,2,1,2,1,
202100028711,150 398,B01,2,30,0,2,4,1,3,
202100028712,150 396,A01,3,7,8,0,1,1,1,
202100028713,150 395,A01,1,10,0,1,2,1,1,
202100028714,150 393,A01,1,43,0,2,2,17,1,
202100028714,150 394,B01,1,7,0,2,3,1,1,
202100028715,150 392,A01,1,33,0,0,7,13,1,
202100028716,150 391,A01,1,2,1,0,1,1,1,
202100028717,150 390,A01,2,7,14,0,8,1,1,
202100028718,150 388,A01,2,32,0,2,0,9,1,
202100028718,150 389,B01,2,7,0,0,5,2,1,
202100028719,150 387,A01,1,7,0,1,3,0,1,
202100028720,150 386,A01,2,7,2,0,7,14,1,
202100028721,150 385,A01,1,7,4,0,8,0,1,
202100028722,150 383,B01,3,31,0,2,1,19,0,
202100028722,150 384,A01,3,7,0,2,1,1,1,
202100028723,150 382,A01,2,34,0,1,1,17,1,
202100028724,150 381,A01,3,7,2,0,0,1,1,
202100028725,150 380,A01,2,2,0,0,2,1,1,
202100028726,150 378,A01,2,7,0,2,1,13,1,
202100028726,150 379,B01,1,10,0,2,1,1,1,
202100028727,150 376,B01,1,2,0,2,7,1,1,
202100028727,150 377,A01,2,7,0,2,1,9,1,
202100028728,150 375,A01,1,7,6,0,3,1,1,
202100028729,150 374,A01,1,2,0,0,0,0,1,
202100028730,150 372,A01,3,7,0,2,3,15,1,
202100028730,150 373,B01,3,2,0,2,8,0,1,
202100028731,150 370,A01,1,31,0,2,3,13,1,
202100028731,150 371,B01,2,7,0,2,8,1,1,
202100028732,150 368,A01,1,7,0,2,3,1,1,
202100028732,150 369,B01,2,2,0,2,1,13,1,
202100028733,150 366,B01,1,7,0,2,7,1,1,
202100028733,150 367,A01,1,7,0,2,1,19,1,
202100028734,150 364,A01,1,7,0,2,3,1,1,
202100028734,150 365,B01,2,7,0,0,8,1,1,
202100028735,150 362,B01,1,33,0,0,4,1,1,
202100028735,150 363,A01,1,7,0,2,1,1,1,
202100028736,150 361,A01,2,2,0,1,2,1,1,
202100028737,150 359,A01,1,7,0,2,3,9,2,
202100028737,150 360,B01,1,33,0,2,7,1,1,
202100028738,150 357,B01,1,7,0,2,3,1,1,
202100028738,150 358,A01,2,7,0,2,3,13,1,
202100028739,150 355,A01,3,36,13,0,1,0,1,
202100028740,150 353,A01,1,7,0,2,2,17,1,
202100028740,150 354,B01,1,1,0,2,6,2,5,
202100028741,150 352,A01,1,7,13,0,2,14,1,
202100028742,150 350,A01,1,7,8,2,1,13,1,
202100028742,150 351,B01,2,2,0,2,1,0,1,
202100028743,150 349,A01,1,7,2,0,5,14,1,
202100028744,150 347,A01,1,33,0,2,1,17,1,
202100028744,150 348,B01,2,7,0,2,6,1,1,
202100028745,150 344,A01,3,1,0,9,9,2,5,
202100028745,150 345,B01,3,1,0,9,8,2,5,
202100028745,150 346,C01,3,1,0,9,7,2,5,
202100028746,150 342,B01,1,14,0,0,4,2,1,
202100028746,150 343,A01,1,7,0,2,1,2,1,
202100028747,150 340,B01,2,7,0,2,3,1,1,
202100028747,150 341,A01,1,7,0,2,3,5,1,
202100028748,150 339,A01,1,7,0,1,2,16,1,
202100028749,150 336,A01,1,7,4,0,3,0,1,
202100028749,150 337,C01,1,7,14,0,0,1,1,
202100028749,150 338,B01,1,7,1,0,8,1,1,
202100028750,150 334,A01,2,7,3,0,3,2,1,
202100028750,150 335,B01,2,7,0,2,2,2,1,
202100028751,150 332,B01,1,17,0,2,4,1,1,
202100028751,150 333,A01,1,7,0,2,1,1,1,
202100028752,150 330,B01,1,7,0,0,6,9,1,
202100028752,150 331,A01,1,7,14,2,2,12,1,
202100028753,150 326,D01,1,7,0,2,4,1,1,
202100028753,150 327,C01,1,15,0,2,8,1,0,
202100028753,150 328,B01,1,7,0,2,1,1,1,
202100028753,150 329,A01,1,7,0,2,1,1,1,
202100028754,150 324,A01,2,33,0,2,7,2,1,
202100028754,150 325,B01,2,7,0,0,6,2,2,
202100028755,150 323,A01,1,36,3,0,9,12,1,
202100028756,150 321,A01,2,7,0,2,1,2,1,
202100028756,150 322,B01,2,15,0,0,0,2,1,
202100028757,150 319,B01,1,17,0,0,6,2,1,
202100028757,150 320,A01,1,7,0,2,2,12,2,
202100028758,150 318,A01,2,7,13,0,5,1,1,
202100028759,150 317,A01,0,7,0,1,3,2,1,
202100028760,150 315,B01,0,33,0,2,1,2,1,
202100028760,150 316,A01,0,7,0,2,2,15,1,
202100028761,150 314,A01,1,7,2,0,3,13,1,
202100028762,150 312,B01,1,1,0,0,1,16,0,
202100028762,150 313,A01,2,7,0,0,1,0,1,
202100028763,150 310,A01,1,43,0,2,8,1,1,
202100028763,150 311,B01,2,7,0,2,3,1,1,
202100028764,150 309,A01,1,7,2,0,2,26,1,
202100028765,150 308,A01,1,33,0,0,0,1,1,
202100028766,150 307,A01,2,31,0,0,7,1,1,
202100028767,150 306,A01,3,10,0,1,4,4,1,
202100028768,150 304,A01,1,7,16,2,1,17,1,
202100028768,150 305,B01,1,7,0,0,6,1,1,
202100028769,150 303,A01,-1,10,0,0,0,1,1,
202100028770,150 299,B01,3,7,0,2,1,1,1,
202100028770,150 300,A01,1,1,0,0,8,1,5,
202100028771,150 298,A01,2,7,15,0,9,6,1,
202100028772,150 297,A01,2,33,12,0,1,1,1,
202100028773,150 295,A01,2,7,0,2,2,2,1,
202100028773,150 296,B01,2,1,0,2,6,2,5,
202100028774,150 294,A01,0,33,0,0,8,0,1,
202100028775,150 293,A01,0,2,0,0,7,1,1,
202100028776,150 291,B01,2,7,0,2,1,1,1,
202100028776,150 292,A01,2,7,0,0,4,1,1,
202100028777,150 285,A01,1,7,0,2,4,2,1,
202100028777,150 286,B01,1,7,0,2,4,2,1,
202100028777,150 287,C01,1,13,0,2,1,2,1,
202100028778,150 282,C01,1,7,0,2,1,2,1,
202100028778,150 283,B01,1,7,0,2,4,2,1,
202100028778,150 284,A01,1,7,0,2,4,9,1,
202100028779,150 279,C01,1,7,0,2,1,2,1,
202100028779,150 280,B01,1,10,0,2,1,2,1,
202100028779,150 281,A01,1,7,0,2,1,2,1,
202100028780,150 277,A01,2,7,0,2,3,17,1,
202100028780,150 278,B01,2,7,4,0,1,1,1,
202100028781,150 274,A01,2,33,16,0,7,21,1,
202100028781,150 275,C01,2,7,0,2,1,2,1,
202100028781,150 276,B01,2,10,0,0,4,23,1,
202100028782,150 271,A01,2,7,0,2,3,11,1,
202100028782,150 272,B01,2,33,0,2,2,1,1,
202100028782,150 273,C01,2,10,0,2,5,1,1,
202100028783,150 269,A01,2,7,0,2,2,12,1,
202100028783,150 270,B01,2,33,0,2,8,3,1,
202100028784,150 266,C01,1,7,0,2,1,2,1,
202100028784,150 267,B01,1,7,0,2,4,2,1,
202100028784,150 268,A01,1,7,0,2,1,2,1,
202100028785,150 264,A01,2,7,0,2,3,5,1,
202100028785,150 265,B01,2,32,0,2,1,1,1,
202100028786,150 262,A01,2,7,0,2,1,26,1,
202100028786,150 263,B01,2,7,6,2,4,1,1,
202100028787,150 260,B01,1,7,0,2,4,23,1,
202100028787,150 261,A01,1,15,1,0,1,1,1,
202100028788,150 258,A01,1,32,0,2,8,3,1,
202100028788,150 259,B01,1,7,0,2,2,1,1,
202100028789,150 256,B01,1,15,0,2,0,0,0,
202100028789,150 257,A01,1,7,0,2,4,26,1,
202100028790,150 255,A01,1,7,0,1,1,16,1,
202100028791,150 253,B01,2,7,0,2,1,21,1,
202100028791,150 254,A01,1,7,0,2,1,13,1,
202100028792,150 252,A01,3,10,0,1,2,1,1,
202100028793,150 250,B01,3,80,0,2,1,1,3,
202100028793,150 251,A01,1,7,0,2,2,1,1,
202100028794,150 248,A01,2,7,0,2,0,9,1,
202100028794,150 249,B01,2,7,0,2,1,0,1,
202100028795,150 247,A01,1,10,0,0,4,26,1,
202100028796,150 245,A01,2,10,0,2,3,2,1,
202100028796,150 246,B01,2,33,0,2,6,2,1,
202100028797,150 244,A01,1,7,0,1,1,25,1,
202100028798,150 243,A01,3,7,1,0,5,26,1,
202100028799,150 241,B01,0,2,0,2,8,1,1,
202100028799,150 242,A01,0,10,0,2,1,1,1,
202100028800,150 240,A01,1,30,0,0,0,0,1,
202100028801,150 238,A01,1,7,0,2,8,1,1,
202100028801,150 239,B01,1,10,0,2,2,1,1,
202100028802,150 237,A01,2,33,0,0,7,21,1,
202100028803,150 236,A01,0,3,1,0,1,1,1,
202100028804,150 234,B01,0,7,0,2,4,1,1,
202100028804,150 235,A01,0,7,0,2,1,9,1,
202100028805,150 232,B01,2,50,0,2,7,1,3,
202100028805,150 233,A01,2,7,0,2,1,9,1,
202100028806,150 231,A01,3,7,2,0,1,13,1,
202100028807,150 229,A01,2,7,0,2,2,15,1,
202100028807,150 230,B01,1,7,0,2,1,1,1,
202100028808,150 225,A01,1,33,1,2,1,1,1,
202100028808,150 226,C01,1,7,0,2,8,1,1,
202100028809,150 224,A01,3,7,3,0,1,19,1,
202100028810,150 223,A01,2,1,12,0,0,1,5,
202100028811,150 222,A01,2,7,13,0,2,14,1,
202100028812,150 220,A01,3,7,0,2,4,1,1,
202100028812,150 221,B01,3,0,0,2,0,0,0,
202100028813,150 218,B01,1,7,0,2,3,0,1,
202100028813,150 219,A01,1,7,0,2,1,1,1,
202100028814,150 216,B01,1,7,0,2,4,1,1,
202100028814,150 217,A01,1,10,0,2,1,1,1,
202100028815,150 213,B01,1,7,0,2,1,15,1,
202100028815,150 214,A01,2,30,0,2,1,1,1,
202100028815,150 215,C01,1,7,0,2,1,1,1,
202100028816,150 211,A01,1,1,0,2,1,18,5,
202100028816,150 212,B01,1,7,0,2,7,2,1,
202100028817,150 209,A01,2,7,0,2,2,1,1,
202100028817,150 210,B01,3,50,0,2,8,19,3,
202100028818,150 208,A01,3,30,1,0,1,16,1,
202100028819,150 206,A01,1,7,0,2,1,9,1,
202100028819,150 207,B01,1,7,0,2,4,1,1,
202100028820,150 205,A01,1,7,2,0,1,14,2,
202100028821,150 204,A01,1,7,0,1,1,1,1,
202100028822,150 202,A01,0,7,0,2,1,15,1,
202100028822,150 203,B01,0,7,0,2,3,9,1,
202100028823,150 200,A01,1,33,0,2,4,23,1,
202100028823,150 201,B01,1,99,0,2,1,2,1,
202100028824,150 198,B01,2,7,0,2,8,15,1,
202100028824,150 199,A01,2,2,0,2,7,17,1,
202100028825,150 196,A01,3,7,11,2,8,13,1,
202100028825,150 197,B01,0,7,0,2,1,0,1,
202100028826,150 195,A01,1,7,8,0,1,1,1,
202100028827,150 194,A01,2,7,0,1,3,1,1,
202100028828,150 192,A01,1,7,0,2,1,1,1,
202100028828,150 193,B01,3,7,0,2,7,1,1,
202100028829,150 191,A01,2,7,1,0,1,26,1,
202100028830,150 190,A01,1,1,0,1,1,1,5,
202100028831,150 188,A01,1,33,0,2,1,1,1,
202100028831,150 189,B01,1,10,0,2,6,15,1,
202100028832,150 187,A01,2,33,2,0,8,0,1,
202100028833,150 186,A01,2,33,11,0,0,1,1,
202100028834,150 184,A01,2,7,0,2,1,17,2,
202100028834,150 185,B01,2,7,0,2,4,1,1,
202100028835,150 182,B01,1,10,0,2,8,15,1,
202100028835,150 183,A01,1,30,0,2,7,17,1,
202100028836,150 181,A01,1,2,3,0,7,1,1,
202100028837,150 173,A01,3,7,12,0,3,0,1,
202100028838,150 171,B01,2,7,0,2,3,1,1,
202100028838,150 172,A01,1,7,0,2,3,13,1,
202100028839,150 168,B01,2,7,0,2,4,1,1,
202100028839,150 169,A01,2,7,0,2,1,1,1,
202100028839,150 170,C01,2,7,0,2,4,1,1,
202100028840,150 167,A01,3,7,0,2,2,1,1,
202100028841,150 165,Z01,1,7,0,2,1,5,1,
202100028841,150 166,B01,2,43,0,2,6,2,1,
202100028842,150 163,B01,1,33,0,2,1,1,1,
202100028842,150 164,A01,2,7,0,2,3,20,1,
202100028843,150 161,B01,3,10,0,2,0,0,1,
202100028843,150 162,A01,3,7,0,2,1,1,1,
202100028844,150 159,A01,3,10,0,2,5,4,1,
202100028844,150 160,B01,2,50,0,2,1,25,3,
202100028845,150 156,C01,2,7,0,2,3,1,0,
202100028845,150 157,B01,1,7,0,2,3,26,2,
202100028845,150 158,A01,1,2,0,2,1,18,1,
202100028846,150 155,A01,1,7,1,0,3,1,1,
202100028847,150 154,A01,1,33,0,1,7,21,1,
202100028848,150 152,A01,1,7,0,2,1,13,1,
202100028848,150 153,B01,2,7,0,2,1,1,1,
202100028849,150 150,B01,2,7,0,2,4,2,1,
202100028849,150 151,A01,2,7,0,2,1,2,1,
202100028850,150 149,A01,2,43,0,0,8,1,1,
202100028851,150 147,B01,2,1,0,2,3,19,5,
202100028851,150 148,A01,1,33,0,2,1,1,1,
202100028852,150 145,Z01,1,7,0,2,3,15,3,
202100028852,150 146,A01,2,50,0,2,1,1,3,
202100028853,150 143,B01,2,33,0,2,1,1,1,
202100028853,150 144,A01,2,7,0,2,7,15,1,
202100028854,150 141,B01,1,50,0,2,7,1,3,
202100028854,150 142,A01,1,7,0,2,8,15,2,
202100028855,150 140,A01,3,30,2,0,1,14,1,
202100028856,150 138,A01,1,7,0,2,2,16,2,
202100028856,150 139,B01,1,1,0,2,8,1,5,
202100028857,150 136,A01,2,7,1,2,7,1,2,
202100028857,150 137,Z01,1,7,0,2,1,1,0,
202100028858,150 134,B01,2,80,0,2,1,19,3,
202100028858,150 135,A01,2,33,0,2,2,1,1,
202100028859,150 133,A01,1,80,0,1,8,1,3,
202100028860,150 131,B01,2,7,0,2,3,1,1,
202100028860,150 132,A01,2,80,0,2,2,1,3,
202100028861,150 129,A01,2,1,0,2,1,5,5,
202100028861,150 130,Z01,1,30,0,2,1,1,1,
202100028862,150 128,A01,1,30,0,1,1,1,3,
202100028863,150 126,A01,0,1,0,2,2,1,5,
202100028863,150 127,B01,1,7,0,2,2,1,1,
202100028864,150 125,A01,1,50,0,0,1,1,3,
202100028865,150 124,A01,1,7,0,1,7,15,1,
202100028866,150 122,B01,1,43,0,2,1,1,1,
202100028866,150 123,A01,3,7,0,2,8,15,1,
202100028867,150 120,A01,3,34,0,9,1,1,1,
202100028867,150 121,B01,3,1,8,0,8,9,5,
202100028868,150 119,A01,2,7,3,0,1,2,1,
202100028869,150 117,B01,2,7,14,2,1,11,1,
202100028869,150 118,A01,2,7,0,2,4,23,1,
202100028870,150 116,A01,3,7,12,0,1,26,1,
202100028871,150 115,A01,2,7,0,1,0,0,1,
202100028872,150 113,B01,2,1,0,2,3,25,5,
202100028872,150 114,A01,3,7,0,2,2,26,1,
202100028873,150 111,Y01,1,60,0,0,0,0,5,
202100028873,150 112,A01,1,7,0,2,1,2,1,
202100028874,150 110,A01,1,30,0,2,1,11,1,
202100028875,150 108,B01,3,1,0,2,0,0,5,
202100028875,150 109,A01,3,50,0,2,1,26,3,
202100028876,150 106,B01,1,1,0,2,8,1,0,
202100028876,150 107,A01,2,7,0,2,7,1,0,
202100028877,150 105,A01,0,30,0,0,0,1,1,
202100028878,150 103,A01,0,7,0,2,3,1,1,
202100028878,150 104,B01,0,30,0,2,1,16,1,
202100028879,150 101,B01,3,7,0,2,7,1,1,
202100028879,150 102,A01,3,7,0,2,7,26,1,
202100028880,150 100,A01,1,33,0,1,1,19,1,
202100028881,150 098,B01,2,33,0,2,1,1,1,
202100028881,150 099,A01,2,7,0,2,6,1,1,
202100028882,150 096,B01,2,2,0,2,3,1,1,
202100028882,150 097,A01,2,7,0,2,2,26,1,
202100028883,150 093,A01,1,10,0,2,1,2,1,
202100028883,150 094,B01,2,7,0,2,4,2,1,
202100028883,150 095,C01,1,7,0,2,4,2,1,
202100028884,150 092,A01,1,30,0,0,0,1,1,
202100028885,150 090,A01,1,7,0,2,3,15,1,
202100028885,150 091,B01,1,2,9,2,1,17,1,
202100028886,150 088,B01,1,7,0,2,3,1,1,
202100028886,150 089,A01,2,7,0,2,1,13,1,
202100028887,150 087,A01,1,7,15,0,8,0,1,
202100028888,150 086,A01,2,7,6,0,1,1,1,
202100028889,150 084,A01,2,99,0,2,3,15,1,
202100028889,150 085,B01,1,2,0,2,3,1,1,
202100028890,150 082,A01,0,7,0,2,5,15,1,
202100028890,150 083,B01,0,2,0,2,1,1,1,
202100028891,150 079,B01,1,14,3,2,6,2,1,
202100028891,150 080,A01,1,10,3,2,2,2,1,
202100028892,150 078,A01,3,7,6,0,3,1,1,
202100028893,150 077,A01,1,7,0,0,2,1,1,
202100028894,150 075,A01,1,7,0,0,6,15,1,
202100028894,150 076,B01,1,33,0,0,1,17,1,
202100028895,150 073,A01,1,33,0,2,1,1,1,
202100028895,150 074,B01,2,7,0,2,1,1,1,
202100028896,150 071,B01,2,7,0,0,4,2,1,
202100028896,150 072,A01,2,7,0,2,1,2,1,
202100028897,150 069,A01,3,33,0,2,1,1,1,
202100028897,150 070,B01,3,7,0,2,8,15,1,
202100028898,150 068,A01,3,7,0,1,1,1,1,
202100028899,150 067,A01,1,7,2,0,2,1,1,
202100028900,150 066,A01,1,7,2,0,1,1,1,
202100028901,150 065,A01,2,7,15,0,1,1,1,
202100028902,150 064,A01,2,7,2,0,7,1,1,
202100028903,150 062,B01,2,7,0,2,3,1,1,
202100028903,150 063,A01,2,7,0,2,1,19,1,
202100028904,150 061,A01,0,33,13,0,0,16,1,
202100028905,150 059,B01,2,33,0,2,1,1,1,
202100028905,150 060,A01,3,7,0,0,8,19,1,
202100028906,150 058,A01,2,31,13,0,8,14,1,
202100028907,150 057,A01,1,33,0,0,0,1,1,
202100028908,150 056,A01,1,7,2,0,7,1,1,
202100028909,150 055,A01,2,7,17,0,1,17,1,
202100028910,150 053,A01,2,2,0,2,0,5,1,
202100028910,150 054,B01,1,7,0,2,3,1,1,
202100028911,150 051,A01,2,7,0,0,2,15,1,
202100028911,150 052,B01,1,7,0,2,1,1,1,
202100028912,150 049,A01,2,7,0,2,2,11,1,
202100028912,150 050,B01,2,7,0,2,6,1,1,
202100028913,150 047,B01,2,33,0,2,1,3,1,
202100028913,150 048,A01,1,7,0,2,3,15,1,
202100028914,150 045,A01,2,7,0,2,3,0,1,
202100028914,150 046,B01,1,7,0,2,3,0,1,
202100028915,150 043,B01,0,1,0,2,1,5,5,
202100028915,150 044,A01,1,7,0,9,3,1,1,
202100028916,150 041,B01,2,15,0,2,1,1,1,
202100028916,150 042,A01,1,7,0,2,1,13,1,
202100028917,150 040,A01,1,7,2,0,1,0,1,
202100028918,150 039,A01,0,32,14,0,1,1,1,
202100028919,150 037,A01,2,7,0,2,8,13,1,
202100028919,150 038,B01,1,7,0,2,1,1,1,
202100028920,150 036,A01,1,7,8,0,1,1,1,
202100028921,150 035,A01,2,7,15,0,3,0,1,
202100028922,150 034,A01,3,21,0,0,9,16,1,
202100028923,150 031,B01,0,10,16,2,1,2,1,
202100028923,150 032,A01,0,7,0,0,4,2,6,
202100028924,150 030,A01,1,10,2,0,1,1,1,
202100028925,150 028,B01,1,7,6,0,6,15,1,
202100028925,150 029,A01,1,7,0,2,1,5,1,
202100028926,150 026,B01,2,33,0,2,3,1,1,
202100028926,150 027,A01,2,7,0,2,7,12,1,
202100028927,150 025,A01,3,7,1,1,3,1,1,
202100028928,150 023,B01,1,7,0,2,8,10,1,
202100028928,150 024,A01,2,7,14,2,1,1,1,
202100028929,150 021,A01,1,1,0,2,1,13,5,
202100028929,150 022,B01,2,7,0,9,3,1,1,
202100028930,150 020,A01,2,33,13,0,9,1,1,
202100028931,150 018,A01,1,1,0,2,7,15,5,
202100028931,150 019,B01,2,7,0,2,2,1,1,
202100028932,150 016,A01,1,7,0,2,4,15,1,
202100028932,150 017,B01,2,33,0,2,1,1,1,
202100028933,150 014,B01,1,7,0,2,1,1,1,
202100028933,150 015,A01,1,7,0,2,8,15,1,
202100028934,150 012,A01,3,7,0,2,3,19,1,
202100028934,150 013,B01,0,33,6,2,2,21,1,
202100028935,150 008,B01,2,7,0,2,4,23,1,
202100028935,150 009,D01,2,7,0,2,4,23,1,
202100028935,150 010,A01,2,7,0,2,1,1,1,
202100028935,150 011,C01,2,7,0,2,6,23,1,
202100028936,150 006,B01,1,34,0,2,7,1,1,
202100028936,150 007,A01,2,7,0,2,3,9,1,
202100028937,150 004,B01,2,7,0,2,3,1,1,
202100028937,150 005,A01,1,7,0,0,8,19,1,
202100028938,150 002,A01,1,33,0,2,1,26,1,
202100028938,150 003,B01,1,7,0,2,6,15,1,
202100028939,150 000,A01,0,36,12,0,0,1,1,
202100028940,149 999,A01,1,7,9,0,1,1,1,
202100028941,149 996,Z01,1,7,0,0,0,0,0,
202100028941,149 997,B01,1,7,4,2,2,1,1,
202100028941,149 998,A01,1,7,0,2,7,1,1,
202100028942,149 995,A01,1,7,3,0,9,0,1,
202100028943,149 991,C01,1,7,0,2,4,23,1,
202100028943,149 992,D01,1,7,0,2,7,23,1,
202100028943,149 993,A01,1,7,0,2,7,1,1,
202100028943,149 994,B01,1,7,0,2,8,23,1,
202100028944,149 989,A01,2,10,0,2,1,2,1,
202100028944,149 990,B01,2,7,0,0,0,0,1,
202100028945,149 987,A01,2,7,0,2,4,1,1,
202100028945,149 988,B01,2,7,0,2,1,0,1,
202100028946,149 986,A01,2,7,0,2,1,26,1,
202100028947,149 984,A01,2,7,0,2,4,23,1,
202100028947,149 985,Z01,2,7,14,0,1,26,1,
202100028948,149 982,A01,2,34,0,2,1,2,1,
202100028948,149 983,B01,2,7,0,0,5,23,1,
202100028949,149 980,A01,1,0,3,2,1,26,0,
202100028949,149 981,B01,1,33,3,2,4,9,1,
202100028950,149 977,C01,1,7,4,2,4,2,1,
202100028950,149 978,A01,1,14,4,2,1,2,1,
202100028950,149 979,B01,1,7,4,2,4,2,1,
202100028951,149 975,A01,2,7,0,2,2,1,1,
202100028951,149 976,B01,2,7,0,2,4,1,1,
202100028952,149 973,B01,1,10,0,2,4,2,1,
202100028952,149 974,A01,1,7,0,2,1,1,2,
202100028953,149 972,A01,2,7,9,0,1,14,1,
202100028954,149 971,A01,1,31,0,0,0,1,1,
202100028955,149 970,A01,2,7,3,0,1,1,1,
202100028956,149 968,B01,2,7,0,2,6,11,1,
202100028956,149 969,A01,2,33,0,2,7,1,1,
202100028957,149 965,A01,1,7,0,2,1,26,1,
202100028957,149 966,B01,1,7,0,2,4,2,1,
202100028957,149 967,C01,1,7,0,0,4,11,1,
202100028958,149 963,A01,2,10,1,0,1,1,1,
202100028958,149 964,B01,2,7,0,2,4,23,1,
202100028959,149 960,A01,1,7,0,2,1,1,1,
202100028959,149 961,B01,2,7,0,2,8,1,1,
202100028960,149 959,A01,2,7,6,0,1,15,1,
202100028961,149 958,A01,2,0,0,0,0,1,0,
202100028962,149 957,A01,1,33,0,0,0,1,1,
202100028963,149 955,B01,3,7,0,2,3,26,1,
202100028963,149 956,A01,1,50,0,2,1,25,3,
202100028964,149 953,A01,2,31,8,2,4,15,1,
202100028964,149 954,D01,2,31,0,2,0,1,0,
202100028965,149 952,A01,0,7,2,0,7,1,1,
202100028966,149 951,A01,2,7,0,1,2,15,1,
202100028967,149 949,A01,1,7,0,2,3,9,1,
202100028967,149 950,B01,1,31,0,2,2,1,1,
202100028968,149 948,A01,1,2,12,0,2,26,1,
202100028969,149 946,A01,1,7,0,2,1,1,1,
202100028969,149 947,B01,1,7,8,0,7,1,1,
202100028970,149 945,A01,1,37,0,1,1,15,3,1.0
202100028971,149 943,B01,2,7,0,2,1,15,1,
202100028971,149 944,A01,1,7,0,2,2,1,1,
202100028972,149 942,A01,2,80,16,0,0,19,3,
202100028973,149 940,B01,1,14,0,2,4,1,1,
202100028973,149 941,A01,1,13,0,2,1,2,1,
202100028974,149 938,B01,2,1,0,0,0,0,5,
202100028974,149 939,A01,2,7,0,2,1,1,1,
202100028975,149 936,A01,3,50,0,2,1,26,3,
202100028975,149 937,B01,3,7,0,9,1,9,1,
202100028976,149 934,B01,2,7,0,2,2,2,1,
202100028976,149 935,A01,2,30,0,2,1,2,1,
202100028977,149 932,B01,0,7,0,2,0,0,1,
202100028977,149 933,A01,0,2,0,2,1,2,1,
202100028978,149 928,A01,0,7,0,2,3,13,1,
202100028978,149 929,B01,0,7,0,2,3,0,1,
202100028978,149 930,C01,0,7,0,2,3,0,0,
202100028978,149 931,D01,0,7,0,2,1,0,1,
202100028979,149 926,B01,1,7,0,2,1,1,1,
202100028979,149 927,A01,0,7,13,2,1,1,0,
202100028980,149 924,A01,1,34,14,0,1,17,1,
202100028980,149 925,B01,1,37,0,0,3,2,1,1.0
202100028981,149 922,B01,1,7,0,0,0,26,1,
202100028981,149 923,A01,3,7,15,0,2,17,3,
202100028982,149 920,A01,2,2,0,2,2,1,1,
202100028982,149 921,B01,2,2,0,2,4,1,1,
202100028983,149 918,A01,2,7,0,2,5,1,1,
202100028983,149 919,B01,3,34,0,2,1,1,1,
202100028984,149 916,A01,1,34,0,1,1,1,1,
202100028984,149 917,B01,1,37,0,2,8,23,2,1.0
202100028985,149 914,B01,2,1,0,2,1,1,5,
202100028985,149 915,A01,2,7,0,2,3,22,1,
202100028986,149 913,A01,2,7,0,1,1,12,1,
202100028987,149 911,B01,2,43,0,2,3,1,1,
202100028987,149 912,A01,3,34,0,2,1,1,1,
202100028988,149 910,A01,2,30,0,0,6,1,1,
202100028989,149 909,A01,2,7,0,1,2,7,1,
202100028990,149 907,B01,2,1,0,2,1,1,5,
202100028990,149 908,A01,1,1,0,2,1,15,5,
202100028991,149 906,A01,1,32,1,0,1,13,1,
202100028992,149 904,B01,1,10,0,0,2,19,1,
202100028992,149 905,A01,1,7,0,2,1,19,1,
202100028993,149 903,A01,0,7,0,1,1,1,1,
202100028994,149 901,B01,0,7,0,2,7,1,1,
202100028994,149 902,A01,3,7,0,2,1,1,1,
202100028995,149 899,A01,2,7,0,2,4,16,1,
202100028995,149 900,B01,2,7,0,2,1,1,1,
202100028996,149 898,A01,2,7,0,1,2,1,1,
202100028997,149 897,A01,1,7,12,0,2,0,1,
202100028998,149 896,A01,1,7,0,1,2,0,0,
202100028999,149 894,A01,1,3,0,2,2,19,1,
202100028999,149 895,B01,2,31,14,2,1,1,1,
202100029000,149 893,A01,2,30,0,0,0,1,1,
202100029001,149 892,A01,1,7,0,1,1,1,1,
202100029002,149 891,A01,2,30,0,1,0,1,1,
202100029003,149 888,A01,2,43,11,0,1,6,0,
202100029004,149 887,A01,1,33,1,0,1,1,1,
202100029005,149 886,A01,3,2,7,0,0,1,1,
202100029006,149 885,A01,2,7,14,0,3,0,1,
202100029007,149 883,A01,2,7,0,2,1,13,1,
202100029007,149 884,B01,1,7,0,2,1,1,2,
202100029008,149 880,C01,1,7,0,2,1,2,1,
202100029008,149 881,B01,1,7,0,2,4,2,1,
202100029008,149 882,A01,1,7,0,0,5,15,1,
202100029009,149 878,B01,2,0,0,2,0,0,0,
202100029009,149 879,A01,2,1,0,2,4,0,5,
202100029010,149 876,B01,1,7,0,2,3,1,1,
202100029010,149 877,A01,2,2,0,2,1,13,1,
202100029011,149 874,A01,1,33,0,2,1,18,1,
202100029011,149 875,B01,1,7,0,2,5,2,1,
202100029012,149 872,B01,2,7,0,2,3,17,1,
202100029012,149 873,A01,1,33,0,2,1,1,1,
202100029013,149 870,A01,2,2,0,2,1,2,1,
202100029013,149 871,B01,2,7,0,0,4,23,1,
202100029014,149 868,B01,2,1,0,2,1,1,5,
202100029014,149 869,A01,1,10,0,2,2,15,1,
202100029015,149 866,A01,0,33,0,0,6,1,1,
202100029016,149 864,A01,2,7,9,0,5,1,1,