Num_Acc,id_vehicule,num_veh,senc,catv,obs,obsm,choc,manv,motor,occutc
202100029646,148 795,C01,2,1,0,0,8,1,5,
202100029646,148 796,B01,2,1,0,0,8,1,5,
202100029646,148 797,A01,1,33,6,2,7,1,1,
202100029647,148 794,A01,1,7,3,0,1,1,1,
202100029648,148 792,B01,1,7,3,2,4,2,1,
202100029648,148 793,A01,1,7,0,2,1,2,1,
202100029649,148 791,A01,1,33,0,0,8,21,1,
202100029650,148 789,A01,1,7,0,0,6,1,1,
202100029650,148 790,B01,1,7,0,2,2,2,1,
202100029651,148 788,A01,2,7,12,0,1,0,1,
202100029652,148 787,A01,1,7,4,0,3,11,1,
202100029653,148 786,A01,1,2,12,0,2,1,1,
202100029654,148 785,A01,1,7,6,0,1,5,1,
202100029655,148 783,A01,1,7,0,2,7,13,1,
202100029655,148 784,B01,2,7,0,2,1,1,1,
202100029656,148 781,A01,1,7,0,9,2,17,1,
202100029656,148 782,B01,1,60,0,2,8,19,5,
202100029657,148 778,A01,2,31,0,2,1,17,1,
202100029657,148 779,B01,1,7,0,2,8,5,1,
202100029657,148 780,C01,2,7,0,2,6,2,1,
202100029658,148 777,A01,2,7,15,0,1,13,1,
202100029659,148 776,A01,1,7,2,0,8,13,1,
202100029660,148 775,A01,2,33,0,0,0,17,1,
202100029661,148 773,B01,2,7,0,2,1,1,1,
202100029661,148 774,A01,1,7,0,2,1,13,1,
202100029662,148 771,A01,2,7,0,2,3,9,1,
202100029662,148 772,B01,1,7,0,2,2,1,1,
202100029663,148 770,A01,2,33,0,0,8,2,1,
202100029664,148 769,A01,2,33,0,0,7,1,1,
202100029665,148 768,A01,1,7,0,0,0,17,1,
202100029666,148 766,A01,1,7,0,2,1,1,1,
202100029666,148 767,B01,2,7,0,0,5,1,1,
202100029667,148 764,A01,2,31,0,2,1,1,1,
202100029667,148 765,B01,1,7,0,2,3,9,1,
202100029668,148 763,A01,1,33,6,0,2,1,1,
202100029669,148 762,A01,1,7,13,0,2,1,6,
202100029670,148 761,A01,2,7,2,0,0,14,1,
202100029671,148 759,B01,1,33,0,2,6,3,1,
202100029671,148 760,A01,1,7,0,2,2,12,1,
202100029672,148 758,A01,2,1,0,1,1,1,5,
202100029673,148 756,A01,2,7,0,2,0,1,1,
202100029673,148 757,B01,1,7,0,9,1,1,1,
202100029674,148 754,A01,1,7,0,2,1,13,1,
202100029674,148 755,B01,2,32,0,2,1,1,1,
202100029675,148 752,A01,1,2,0,2,3,19,1,
202100029675,148 753,B01,2,7,0,2,2,13,1,
202100029676,148 749,A01,2,7,3,0,2,1,1,
202100029677,148 747,A01,3,7,0,2,3,1,1,
202100029677,148 748,B01,3,7,0,2,8,1,1,
202100029678,148 745,A01,2,7,0,0,1,1,1,
202100029679,148 743,B01,0,33,0,2,1,1,1,
202100029679,148 744,A01,0,7,0,2,1,5,1,
202100029680,148 742,A01,1,7,2,0,2,1,1,
202100029681,148 740,B01,2,7,0,0,0,11,1,
202100029681,148 741,A01,1,1,0,0,7,21,5,
202100029682,148 739,A01,3,36,2,0,1,13,1,
202100029683,148 738,A01,1,7,2,0,2,1,1,
202100029684,148 736,B01,1,7,3,2,2,1,1,
202100029684,148 737,A01,2,7,13,2,3,1,1,
202100029685,148 735,A01,3,31,0,0,1,1,1,
202100029686,148 734,A01,2,2,15,6,1,1,1,
202100029687,148 733,A01,1,7,2,0,7,1,1,
202100029688,148 731,B01,2,7,0,2,7,11,1,
202100029688,148 732,A01,2,14,0,2,8,13,6,
202100029689,148 730,A01,1,7,2,0,8,1,1,
202100029690,148 728,B01,1,7,3,0,4,0,1,
202100029690,148 729,A01,1,10,0,2,1,0,1,
202100029691,148 726,B01,1,1,0,2,3,2,5,
202100029691,148 727,A01,1,7,0,2,2,2,1,
202100029692,148 724,B01,2,7,0,2,2,1,1,
202100029692,148 725,A01,1,7,0,2,3,15,1,
202100029693,148 722,A01,1,7,3,2,4,0,1,
202100029693,148 723,B01,1,10,0,2,1,0,1,
202100029694,148 720,B01,1,1,0,9,0,13,5,
202100029694,148 721,A01,1,33,0,9,5,21,1,
202100029695,148 718,B01,2,7,0,2,1,1,1,
202100029695,148 719,A01,1,31,0,2,1,5,0,
202100029696,148 717,A01,1,7,13,0,1,14,1,
202100029697,148 715,B01,2,7,0,2,1,2,1,
202100029697,148 716,A01,2,7,3,0,1,2,1,
202100029698,148 714,A01,2,7,13,0,1,1,1,
202100029699,148 713,A01,2,7,0,1,2,0,1,
202100029700,148 711,B01,2,7,0,2,1,1,1,
202100029700,148 712,A01,1,43,0,2,2,19,1,
202100029701,148 710,A01,2,7,2,0,1,1,1,
202100029702,148 707,C01,1,33,0,2,8,26,1,
202100029702,148 708,B01,1,33,0,2,7,2,1,
202100029702,148 709,A01,2,7,0,2,8,5,1,
202100029703,148 704,A01,1,7,3,0,6,1,1,
202100029703,148 705,B01,1,7,0,2,1,17,1,
202100029703,148 706,C01,1,7,0,2,4,1,1,
202100029704,148 702,A01,1,7,0,2,3,15,1,
202100029704,148 703,B01,1,33,0,2,3,2,1,
202100029705,148 700,B01,2,7,0,2,3,1,1,
202100029705,148 701,A01,1,33,0,2,1,13,1,
202100029706,148 698,A01,2,50,0,2,1,1,3,
202100029706,148 699,B01,1,10,0,0,7,20,1,
202100029707,148 696,B01,1,80,0,2,4,15,3,
202100029707,148 697,A01,1,7,0,2,2,17,1,
202100029708,148 695,A01,1,7,2,0,0,17,1,
202100029709,148 693,A01,2,7,0,2,3,15,1,
202100029709,148 694,B01,1,34,0,2,2,1,1,
202100029710,148 689,B01,1,33,0,2,1,17,1,
202100029710,148 690,A01,1,7,0,2,8,15,1,
202100029711,148 687,A01,1,7,0,2,3,13,1,
202100029711,148 688,B01,2,33,0,2,1,1,1,
202100029712,148 686,A01,3,7,0,9,6,1,0,
202100029713,148 685,A01,1,7,13,0,1,5,1,
202100029714,148 683,A01,2,7,0,0,6,1,1,
202100029714,148 684,B01,2,33,0,2,2,1,1,
202100029715,148 681,A01,3,7,0,2,7,19,1,
202100029715,148 682,B01,3,7,0,2,1,1,1,
202100029716,148 677,B01,1,7,0,0,5,1,1,
202100029716,148 678,A01,1,7,0,2,3,11,1,
202100029717,148 676,A01,3,43,0,0,0,1,1,
202100029718,148 673,A01,2,33,0,2,0,1,1,
202100029718,148 674,B01,2,14,0,2,1,1,1,
202100029718,148 675,Z01,2,7,0,2,0,0,1,
202100029719,148 671,A01,1,7,0,2,4,2,1,
202100029719,148 672,B01,1,33,0,2,1,2,1,
202100029720,148 669,A01,2,7,0,2,4,2,1,
202100029720,148 670,B01,2,31,0,2,1,2,1,
202100029721,148 667,B01,0,14,0,2,8,1,1,
202100029721,148 668,A01,2,33,0,2,7,3,1,
202100029722,148 666,A01,2,7,3,0,3,1,1,
202100029723,148 664,A01,1,31,0,2,1,1,1,
202100029723,148 665,B01,1,7,0,2,4,0,1,
202100029724,148 662,A01,2,7,0,2,1,2,1,
202100029724,148 663,B01,2,14,0,2,4,2,1,
202100029725,148 660,B01,2,10,0,2,4,1,1,
202100029725,148 661,A01,2,7,0,2,1,14,1,
202100029726,148 658,A01,1,7,0,2,8,12,1,
202100029726,148 659,B01,1,33,0,2,8,0,0,
202100029727,148 656,A01,1,7,0,2,7,12,1,
202100029727,148 657,B01,1,33,0,2,0,1,1,
202100029728,148 654,A01,1,7,0,2,1,1,1,
202100029728,148 655,B01,1,7,0,2,4,1,1,
202100029729,148 650,D01,2,7,0,2,4,0,1,
202100029729,148 651,C01,2,7,0,2,4,0,1,
202100029729,148 652,B01,2,7,0,2,4,0,1,
202100029729,148 653,A01,2,7,0,2,1,2,1,
202100029730,148 648,A01,2,7,0,2,4,9,1,
202100029730,148 649,B01,2,7,0,2,4,1,1,
202100029731,148 646,A01,2,7,0,2,7,12,1,
202100029731,148 647,B01,2,31,0,2,8,1,1,
202100029732,148 645,A01,1,7,0,2,8,13,1,
202100029733,148 642,B01,2,43,0,2,1,1,1,
202100029733,148 643,A01,1,2,0,2,1,1,1,
202100029734,148 641,A01,1,34,0,1,1,1,1,
202100029735,148 640,A01,2,7,0,1,1,1,1,
202100029736,148 638,A01,3,7,0,2,2,16,1,
202100029736,148 639,B01,3,32,0,2,8,1,1,
202100029737,148 636,A01,1,33,0,9,1,3,1,
202100029737,148 637,B01,1,2,0,9,8,15,1,
202100029738,148 634,A01,3,1,0,2,7,19,0,
202100029738,148 635,B01,2,7,0,2,3,1,1,
202100029739,148 632,A01,1,7,4,2,4,2,1,
202100029739,148 633,B01,1,7,4,2,1,2,1,
202100029740,148 631,A01,1,7,0,1,4,26,1,
202100029741,148 629,A01,2,33,0,2,1,17,1,
202100029741,148 630,B01,2,7,0,2,8,15,1,
202100029742,148 627,A01,2,7,4,2,9,1,1,
202100029742,148 628,B01,2,7,0,2,2,0,1,
202100029743,148 625,A01,1,7,0,2,8,13,1,
202100029743,148 626,B01,1,14,0,2,7,1,1,
202100029744,148 623,B01,1,10,0,2,4,2,1,
202100029744,148 624,A01,1,33,0,2,1,2,1,
202100029745,148 622,A01,2,10,0,1,3,1,1,
202100029746,148 621,A01,1,31,15,0,1,1,1,
202100029747,148 619,B01,3,1,0,2,3,1,5,
202100029747,148 620,A01,1,10,0,2,2,1,1,
202100029748,148 618,A01,2,7,0,2,1,26,1,
202100029749,148 616,A01,0,7,0,2,3,15,1,
202100029749,148 617,B01,0,31,0,2,7,2,1,
202100029750,148 615,A01,2,7,0,1,1,1,1,
202100029751,148 613,A01,1,30,16,9,3,9,1,
202100029751,148 614,B01,0,1,0,2,7,1,0,
202100029752,148 611,B01,3,1,0,2,1,1,5,
202100029752,148 612,A01,3,7,0,2,5,20,3,
202100029753,148 608,A01,2,33,2,0,1,1,1,
202100029754,148 604,A01,3,31,6,0,1,0,0,
202100029755,148 602,A01,0,7,0,2,1,1,1,
202100029755,148 603,B01,0,33,0,2,1,1,1,
202100029756,148 600,B01,1,7,0,2,3,20,1,
202100029756,148 601,A01,1,7,1,0,1,14,1,
202100029757,148 598,A01,1,7,0,2,2,15,1,
202100029757,148 599,B01,2,2,0,2,8,0,1,
202100029758,148 594,B01,1,33,0,2,1,1,1,
202100029758,148 595,A01,1,7,0,2,8,15,0,
202100029759,148 593,A01,1,7,7,0,1,1,1,
202100029760,148 591,A01,1,7,0,2,1,1,1,
202100029760,148 592,B01,2,7,0,2,7,15,1,
202100029761,148 590,A01,2,7,0,1,2,1,1,
202100029762,148 588,A01,1,7,0,2,6,1,1,
202100029762,148 589,B01,1,7,0,2,0,17,1,
202100029763,148 586,A01,2,7,0,2,1,19,1,
202100029763,148 587,B01,2,10,0,2,7,1,0,
202100029764,148 585,A01,2,40,0,1,2,1,0,
202100029765,148 583,B01,2,7,0,2,4,2,1,
202100029765,148 584,A01,2,33,0,2,1,2,1,
202100029766,148 580,A01,1,7,0,2,7,12,1,
202100029766,148 581,C01,1,7,0,2,8,1,1,
202100029766,148 582,B01,1,33,0,2,8,3,1,
202100029767,148 578,B01,1,7,0,2,3,1,1,
202100029767,148 579,A01,2,7,0,2,2,19,1,
202100029768,148 577,A01,1,30,12,0,0,1,1,
202100029769,148 575,A01,1,2,0,2,1,18,1,
202100029769,148 576,B01,1,7,0,2,5,1,1,
202100029770,148 573,A01,2,7,0,2,8,19,1,
202100029770,148 574,B01,2,10,0,2,1,1,1,
202100029771,148 571,A01,1,2,0,2,1,17,1,
202100029771,148 572,B01,1,7,0,2,1,1,1,
202100029772,148 569,A01,1,30,0,2,0,0,0,
202100029772,148 570,B01,1,7,0,2,0,0,1,
202100029773,148 568,A01,3,30,0,0,0,1,1,
202100029774,148 567,A01,1,7,0,1,1,1,1,
202100029775,148 564,A01,1,7,0,2,1,1,1,
202100029775,148 565,B01,3,1,0,2,0,1,5,
202100029776,148 562,A01,1,7,0,2,1,9,1,
202100029776,148 563,B01,2,37,0,2,3,1,1,2.0
202100029777,148 561,A01,1,7,0,1,0,1,1,
202100029778,148 559,A01,1,7,0,2,6,1,1,
202100029778,148 560,B01,1,2,0,2,1,7,1,
202100029779,148 558,A01,1,37,0,1,2,26,1,1.0
202100029780,148 556,A01,1,33,0,2,1,2,1,
202100029780,148 557,B01,1,7,0,2,8,1,1,
202100029781,148 553,A01,0,7,0,1,3,15,1,
202100029782,148 551,B01,0,2,0,2,3,16,1,
202100029782,148 552,A01,0,7,0,2,2,12,0,
202100029783,148 550,A01,1,7,0,2,1,9,1,
202100029784,148 548,B01,0,30,0,2,1,26,1,
202100029784,148 549,C01,3,0,0,2,0,1,-1,
202100029785,148 547,A01,1,7,0,1,1,1,1,
202100029786,148 546,A01,3,7,0,1,1,5,1,
202100029787,148 544,B01,1,1,0,2,7,5,5,
202100029787,148 545,A01,2,14,0,2,1,15,1,
202100029788,148 543,A01,3,50,0,2,1,1,3,
202100029789,148 541,A01,1,7,0,2,1,2,1,
202100029789,148 542,B01,1,7,0,2,4,2,0,
202100029790,148 540,A01,3,10,0,1,6,4,1,
202100029791,148 538,A01,2,7,0,2,5,20,2,
202100029791,148 539,B01,2,1,0,2,3,2,5,
202100029792,148 537,A01,2,7,0,1,2,1,1,
202100029793,148 535,B01,1,33,6,2,7,25,1,
202100029793,148 536,A01,2,7,0,2,2,9,1,
202100029794,148 534,A01,3,33,6,0,0,1,1,
202100029795,148 532,B01,2,10,0,2,3,15,1,
202100029795,148 533,A01,2,30,0,2,1,17,1,
202100029796,148 530,B01,1,33,0,2,3,1,1,
202100029796,148 531,A01,1,7,0,2,2,12,0,
202100029797,148 528,B01,3,7,0,2,4,1,1,
202100029797,148 529,A01,3,7,0,2,1,1,1,
202100029798,148 527,A01,3,7,8,0,1,14,1,
202100029799,148 525,A01,1,31,0,2,4,1,1,
202100029799,148 526,B01,1,2,0,2,1,15,1,
202100029800,148 523,A01,1,7,0,2,1,19,1,
202100029800,148 524,B01,1,37,0,2,7,1,1,2.0
202100029801,148 519,A01,1,33,0,2,2,26,1,
202100029801,148 520,B01,1,7,0,2,1,15,1,
202100029802,148 517,A01,1,30,0,2,2,17,1,
202100029802,148 518,B01,1,7,0,2,3,13,1,
202100029803,148 514,B01,3,33,0,2,1,1,1,
202100029803,148 515,A01,3,7,0,2,7,15,1,
202100029803,148 516,C01,3,7,0,2,3,1,1,
202100029804,148 513,A01,3,7,13,0,1,14,1,
202100029805,148 511,A01,1,33,0,2,1,17,1,
202100029805,148 512,B01,1,7,0,2,3,15,1,
202100029806,148 510,A01,2,32,1,0,7,1,1,
202100029807,148 508,A01,3,7,0,2,2,15,1,
202100029807,148 509,B01,3,7,0,2,1,15,1,
202100029808,148 506,A01,1,7,0,2,3,1,1,
202100029808,148 507,B01,1,7,0,2,0,0,1,
202100029809,148 504,A01,1,13,0,2,3,2,1,
202100029809,148 505,B01,1,7,0,2,3,15,1,
202100029810,148 503,A01,2,7,0,1,2,2,0,
202100029811,148 501,B01,2,2,0,2,1,1,1,
202100029811,148 502,A01,1,7,0,2,3,19,1,
202100029812,148 499,B01,3,7,0,2,6,1,1,
202100029812,148 500,A01,3,10,0,2,3,15,1,
202100029813,148 498,A01,2,33,8,0,1,1,1,
202100029814,148 497,A01,3,7,0,0,1,14,1,
202100029815,148 495,B01,2,7,0,2,5,15,1,
202100029815,148 496,A01,1,32,0,2,1,1,1,
202100029816,148 493,B01,1,7,0,2,5,23,1,
202100029816,148 494,A01,1,43,0,2,1,3,1,
202100029817,148 490,A01,1,43,0,2,2,3,1,
202100029817,148 491,B01,1,7,0,2,8,23,1,
202100029817,148 492,C01,1,10,0,2,6,23,1,
202100029818,148 488,A01,1,1,0,2,1,2,5,
202100029818,148 489,B01,1,1,0,2,4,2,5,
202100029819,148 487,A01,1,7,0,1,1,1,1,
202100029820,148 485,A01,1,32,0,2,3,13,1,
202100029820,148 486,B01,1,14,0,2,2,1,1,
202100029821,148 483,A01,1,33,0,2,3,21,1,
202100029821,148 484,B01,1,7,0,2,5,16,1,
202100029822,148 481,A01,2,10,0,2,3,2,1,
202100029822,148 482,B01,2,7,0,2,5,20,1,
202100029823,148 479,A01,1,1,0,2,1,1,5,
202100029823,148 480,B01,2,7,0,2,8,1,1,
202100029824,148 478,A01,3,30,0,1,1,1,1,
202100029825,148 476,A01,2,1,0,2,1,1,5,
202100029825,148 477,B01,2,33,0,2,1,1,1,
202100029826,148 474,A01,2,7,0,2,2,15,1,
202100029826,148 475,B01,1,7,0,2,3,1,1,
202100029827,148 472,A01,1,30,0,2,1,18,1,
202100029827,148 473,B01,2,43,0,2,2,1,1,
202100029828,148 471,A01,1,33,0,1,3,1,1,
202100029829,148 470,A01,2,30,0,0,0,1,1,
202100029830,148 468,A01,3,50,0,2,3,19,3,
202100029830,148 469,B01,2,7,0,2,3,16,2,
202100029831,148 467,A01,3,14,9,1,2,1,1,
202100029832,148 465,A01,2,1,0,2,1,5,5,
202100029832,148 466,B01,0,7,0,2,1,1,2,
202100029833,148 464,A01,2,1,0,1,1,1,5,
202100029834,148 462,B01,2,1,0,2,1,1,5,
202100029834,148 463,A01,2,7,0,2,8,22,1,
202100029835,148 461,A01,3,1,14,0,2,14,5,
202100029836,148 460,A01,2,32,13,0,4,2,1,
202100029837,148 458,A01,1,7,0,2,1,15,1,
202100029837,148 459,B01,2,34,0,2,1,15,1,
202100029838,148 456,Z01,2,7,0,2,1,2,1,
202100029838,148 457,A01,2,7,0,2,2,2,1,
202100029839,148 454,B01,1,7,0,2,4,1,1,
202100029839,148 455,A01,1,30,0,2,1,2,1,
202100029840,148 453,A01,2,33,0,0,7,26,1,
202100029841,148 451,B01,2,7,0,2,3,1,1,
202100029841,148 452,A01,2,7,0,2,3,13,1,
202100029842,148 447,D01,1,7,0,2,5,23,1,
202100029842,148 448,C01,1,7,0,2,4,2,1,
202100029842,148 449,B01,1,30,0,2,0,0,1,
202100029842,148 450,A01,1,7,0,2,0,0,1,
202100029843,148 445,A01,1,7,0,2,2,19,1,
202100029843,148 446,B01,1,37,0,2,3,1,1,1.0
202100029844,148 444,B01,1,7,0,2,1,2,1,
202100029845,148 442,B01,3,30,0,2,1,19,1,
202100029845,148 443,A01,3,7,0,2,1,19,1,
202100029846,148 441,A01,3,10,0,1,2,1,1,
202100029847,148 440,A01,0,34,0,1,1,9,1,
202100029848,148 439,A01,1,99,0,1,1,19,0,
202100029849,148 438,A01,1,7,0,1,1,9,1,
202100029850,148 436,B01,2,7,0,2,2,1,1,
202100029850,148 437,A01,2,7,8,0,3,9,1,
202100029851,148 435,A01,0,10,0,1,4,20,1,
202100029852,148 433,A01,3,7,12,2,1,1,0,
202100029852,148 434,B01,3,7,5,2,4,1,0,
202100029853,148 432,A01,1,10,0,1,4,20,1,
202100029854,148 430,B01,2,80,0,2,8,1,3,
202100029854,148 431,A01,2,7,0,2,7,16,1,
202100029855,148 428,B01,1,33,0,2,1,1,1,
202100029855,148 429,A01,1,10,0,2,6,10,1,
202100029856,148 426,A01,1,1,0,2,0,0,5,
202100029856,148 427,B01,1,1,0,2,0,0,5,
202100029857,148 424,A01,2,7,0,2,2,15,1,
202100029857,148 425,B01,1,2,0,2,1,1,1,
202100029858,148 422,B01,1,32,0,2,7,1,3,
202100029858,148 423,A01,0,3,0,2,1,9,6,
202100029859,148 420,A01,2,30,0,2,4,2,1,
202100029859,148 421,Z01,2,30,0,2,0,0,0,
202100029860,148 418,B01,1,7,0,2,4,26,2,
202100029860,148 419,A01,1,7,0,2,1,26,1,
202100029861,148 416,A01,2,30,0,2,1,1,1,
202100029861,148 417,B01,2,7,0,2,6,15,1,
202100029862,148 414,B01,1,30,0,2,6,5,1,
202100029862,148 415,A01,2,7,0,2,3,15,1,
202100029863,148 412,A01,0,7,0,2,8,24,1,
202100029863,148 413,B01,0,1,1,0,0,0,0,
202100029864,148 410,A01,2,7,0,2,1,1,1,
202100029864,148 411,B01,2,33,0,0,4,2,1,
202100029865,148 408,B01,2,33,0,2,7,1,1,
202100029865,148 409,A01,2,7,0,2,3,9,1,
202100029866,148 405,A01,1,7,2,0,1,1,1,
202100029867,148 404,A01,2,33,0,0,0,0,1,
202100029868,148 402,A01,1,7,0,2,3,9,1,
202100029868,148 403,B01,2,80,0,2,7,26,3,
202100029869,148 401,A01,2,33,6,0,2,15,1,
202100029870,148 400,A01,1,7,0,1,2,1,1,
202100029871,148 398,A01,1,32,0,2,9,17,1,
202100029871,148 399,B01,1,10,0,0,3,15,1,
202100029872,148 396,B01,2,7,0,2,6,24,1,
202100029872,148 397,A01,2,7,0,2,2,14,1,
202100029873,148 395,A01,1,33,13,9,0,1,1,
202100029874,148 393,A01,1,7,0,2,3,15,1,
202100029874,148 394,B01,1,31,0,2,2,17,1,
202100029875,148 392,A01,1,33,16,0,8,1,1,
202100029876,148 390,B01,2,7,0,2,3,13,1,
202100029876,148 391,A01,1,7,2,2,3,1,1,
202100029877,148 388,A01,1,2,0,2,1,18,1,
202100029877,148 389,B01,1,7,0,2,2,16,1,
202100029878,148 387,A01,1,7,0,1,4,4,1,
202100029879,148 386,A01,3,7,0,1,2,1,1,
202100029880,148 384,B01,1,7,0,2,1,1,1,
202100029880,148 385,A01,1,7,0,2,8,19,1,
202100029881,148 383,A01,1,7,2,0,9,1,1,
202100029882,148 382,A01,2,10,2,0,1,0,1,
202100029883,148 380,B01,2,14,0,2,3,1,1,
202100029883,148 381,A01,0,7,0,2,7,19,1,
202100029884,148 379,A01,1,7,2,0,1,1,1,
202100029885,148 377,B01,3,32,0,2,7,1,1,
202100029885,148 378,A01,3,7,0,2,3,1,1,
202100029886,148 376,A01,1,34,15,0,1,1,1,
202100029887,148 374,A01,1,7,0,0,5,15,1,
202100029887,148 375,B01,2,2,0,0,1,1,1,
202100029888,148 372,B01,1,7,0,0,5,1,1,
202100029888,148 373,A01,1,2,0,2,1,9,1,
202100029889,148 371,A01,1,7,5,0,2,1,1,
202100029890,148 370,A01,2,2,0,0,3,1,1,
202100029891,148 368,A01,1,7,0,2,3,1,1,
202100029891,148 369,B01,2,7,0,2,3,13,1,
202100029892,148 367,A01,1,17,0,0,7,2,1,
202100029893,148 365,A01,1,10,0,2,2,19,0,
202100029893,148 366,B01,1,7,13,2,8,1,1,
202100029894,148 364,A01,1,7,2,0,1,1,1,
202100029895,148 363,A01,1,7,4,0,3,9,1,
202100029896,148 362,A01,1,7,3,0,3,14,1,
202100029897,148 360,A01,1,31,0,2,1,1,1,
202100029897,148 361,B01,1,7,0,2,3,9,1,
202100029898,148 359,A01,1,2,12,0,1,1,6,
202100029899,148 357,B01,1,14,6,2,3,1,1,
202100029899,148 358,A01,2,7,0,2,1,1,1,
202100029900,148 355,A01,1,10,0,0,1,2,1,
202100029900,148 356,B01,1,15,0,0,4,2,1,
202100029901,148 354,A01,1,7,7,0,3,13,1,
202100029902,148 352,B01,2,7,0,0,8,1,1,
202100029902,148 353,A01,2,34,0,2,1,2,1,
202100029903,148 351,A01,1,7,0,1,2,1,1,
202100029904,148 349,A01,1,10,0,2,3,15,1,
202100029904,148 350,B01,2,31,0,2,1,1,1,
202100029905,148 347,B01,2,7,0,2,3,1,1,
202100029905,148 348,A01,1,7,0,2,1,13,1,
202100029906,148 346,A01,1,33,7,0,1,13,1,
202100029907,148 345,A01,2,7,12,0,1,1,1,
202100029908,148 343,B01,2,80,0,2,8,15,3,
202100029908,148 344,A01,2,7,0,2,1,1,2,
202100029909,148 342,A01,1,7,2,0,7,0,1,
202100029910,148 341,A01,3,31,3,0,7,17,1,
202100029911,148 340,A01,1,33,6,0,2,1,1,
202100029912,148 338,A01,1,33,0,2,2,17,1,
202100029912,148 339,B01,1,7,0,2,2,1,1,
202100029913,148 336,B01,2,15,0,2,3,1,1,
202100029913,148 337,A01,2,7,0,2,1,13,1,
202100029914,148 334,A01,2,7,0,2,2,1,1,
202100029914,148 335,B01,2,1,0,2,4,1,5,
202100029915,148 333,A01,3,31,3,0,1,1,1,
202100029916,148 331,A01,1,7,0,2,3,13,1,
202100029916,148 332,B01,2,33,0,2,3,0,1,
202100029917,148 330,A01,2,7,13,0,2,1,1,
202100029918,148 328,A01,1,7,0,0,6,1,1,
202100029918,148 329,B01,1,7,0,2,2,17,1,
202100029919,148 327,A01,3,7,6,0,2,15,1,
202100029920,148 325,B01,1,1,0,2,2,1,5,
202100029920,148 326,A01,1,7,0,9,3,9,1,
202100029921,148 324,A01,1,7,13,0,3,1,1,
202100029922,148 319,B01,1,7,0,2,8,23,1,
202100029922,148 320,A01,1,17,1,2,1,1,1,
202100029923,148 317,A01,2,7,0,2,4,1,1,
202100029923,148 318,B01,2,7,0,2,1,1,1,
202100029924,148 313,B01,1,7,4,2,3,2,1,
202100029924,148 314,C01,1,7,4,2,4,2,1,
202100029924,148 315,D01,1,7,4,2,0,2,1,
202100029924,148 316,A01,1,7,4,2,5,2,1,
202100029925,148 311,A01,2,7,0,2,8,11,1,
202100029925,148 312,B01,2,34,0,2,7,1,1,
202100029926,148 310,A01,1,7,0,2,1,14,1,
202100029927,148 306,A01,2,15,0,2,1,2,1,
202100029927,148 307,B01,2,7,0,2,4,2,1,
202100029928,148 304,B01,2,7,0,2,1,2,1,
202100029928,148 305,A01,2,14,0,2,2,12,1,
202100029929,148 303,B01,1,14,0,1,1,2,0,
202100029930,148 301,B01,2,7,0,2,4,2,1,
202100029930,148 302,A01,2,7,0,2,1,2,1,
202100029931,148 298,B01,1,7,0,2,4,2,0,
202100029931,148 299,A01,1,7,0,2,1,2,3,
202100029931,148 300,C01,1,7,0,2,0,0,1,
202100029932,148 296,A01,2,7,0,2,7,12,1,
202100029932,148 297,B01,2,33,0,2,3,3,1,
202100029933,148 294,A01,1,7,1,0,2,21,1,
202100029933,148 295,C01,1,7,0,2,2,1,1,
202100029934,148 292,A01,2,33,0,2,1,21,1,
202100029934,148 293,B01,2,7,0,2,5,2,1,
202100029935,148 290,B01,2,31,0,2,1,2,1,
202100029935,148 291,A01,2,33,0,0,4,2,1,
202100029936,148 289,A01,1,7,0,2,2,9,1,
202100029937,148 288,A01,2,30,0,1,1,1,1,
202100029938,148 286,Z01,1,7,0,2,7,2,0,
202100029938,148 287,B01,1,30,0,2,8,2,1,
202100029939,148 284,B01,1,10,0,2,1,1,1,
202100029939,148 285,A01,2,14,1,2,7,1,1,
202100029940,148 283,A01,2,7,0,1,2,1,1,
202100029941,148 281,B01,3,7,1,2,4,24,1,
202100029941,148 282,A01,3,7,0,2,1,20,1,
202100029942,148 279,A01,1,1,0,2,8,13,5,
202100029942,148 280,B01,1,33,0,2,1,1,1,
202100029943,148 278,A01,1,99,0,1,1,0,0,
202100029944,148 276,B01,0,7,0,2,2,15,1,
202100029944,148 277,A01,0,33,0,2,1,17,1,
202100029945,148 275,A01,1,1,0,1,1,1,5,
202100029946,148 274,A01,3,7,8,0,1,1,1,
202100029947,148 272,B01,2,7,12,0,4,0,1,
202100029947,148 273,A01,2,99,0,2,1,26,6,
202100029948,148 271,A01,3,21,0,0,7,26,1,
202100029949,148 268,A01,1,7,0,0,3,13,1,
202100029949,148 269,C01,2,33,0,2,9,1,1,
202100029949,148 270,B01,2,33,0,2,1,1,1,
202100029950,148 266,B01,2,7,0,2,8,15,1,
202100029950,148 267,A01,2,34,0,2,2,2,1,
202100029951,148 265,A01,2,7,4,0,9,1,1,
202100029952,148 263,A01,2,30,0,2,7,17,1,
202100029952,148 264,B01,2,7,0,2,3,15,1,
202100029953,148 261,A01,2,7,0,2,2,15,1,
202100029953,148 262,B01,1,33,0,2,1,1,1,
202100029954,148 259,B01,1,7,0,2,1,1,1,
202100029954,148 260,A01,3,30,0,2,1,13,1,
202100029955,148 257,B01,2,7,0,2,5,23,1,
202100029955,148 258,A01,2,7,0,2,1,16,1,
202100029956,148 255,A01,1,7,0,2,1,1,1,