Num_Acc,id_vehicule,num_veh,senc,catv,obs,obsm,choc,manv,motor,occutc
202100029956,148 256,B01,1,7,0,2,8,1,1,
202100029957,148 253,B01,2,7,0,2,6,15,0,
202100029957,148 254,A01,2,30,0,2,1,2,1,
202100029958,148 248,A01,3,7,0,2,3,9,1,
202100029958,148 249,B01,3,1,0,2,1,1,5,
202100029959,148 245,A01,1,7,0,2,1,1,1,
202100029959,148 246,C01,1,7,0,2,4,1,1,
202100029959,148 247,B01,1,7,0,2,4,1,1,
202100029960,148 244,A01,1,7,0,1,1,1,1,
202100029961,148 242,A01,1,10,0,2,1,2,1,
202100029961,148 243,B01,1,7,0,2,4,2,1,
202100029962,148 240,B01,1,33,0,2,2,1,1,
202100029962,148 241,A01,1,7,0,2,6,11,1,
202100029963,148 239,A01,1,7,1,0,2,1,1,
202100029964,148 237,A01,0,13,0,2,0,0,0,
202100029964,148 238,B01,3,7,0,2,1,0,1,
202100029965,148 234,A01,1,7,0,2,1,12,1,
202100029965,148 235,B01,1,7,0,2,4,23,1,
202100029965,148 236,C01,1,10,0,2,5,23,1,
202100029966,148 233,A01,1,1,0,1,1,0,5,
202100029967,148 232,A01,1,7,0,1,1,1,1,
202100029968,148 230,A01,2,7,0,2,3,15,1,
202100029968,148 231,B01,1,1,0,2,8,1,5,
202100029969,148 229,A01,1,7,9,0,3,26,1,
202100029970,148 227,B01,1,1,0,2,7,1,5,
202100029970,148 228,A01,0,7,0,2,1,26,0,
202100029971,148 225,B01,2,7,0,2,8,23,1,
202100029971,148 226,A01,2,7,0,2,2,2,1,
202100029972,148 223,B01,1,1,0,2,8,9,6,
202100029972,148 224,A01,1,33,0,9,1,1,1,
202100029973,148 221,A01,2,7,8,2,1,1,1,
202100029973,148 222,B01,2,7,0,2,2,1,2,
202100029974,148 219,B01,3,7,0,2,3,1,1,
202100029974,148 220,C01,1,7,0,2,1,1,-1,
202100029975,148 217,B01,0,50,0,9,3,5,3,
202100029975,148 218,A01,3,7,0,9,3,15,1,
202100029976,148 214,A01,2,7,0,2,1,0,1,
202100029976,148 215,B01,1,7,0,2,1,0,1,
202100029977,148 212,B01,2,7,0,2,1,1,1,
202100029977,148 213,A01,1,7,0,2,1,13,1,
202100029978,148 210,A01,1,50,0,2,8,1,3,
202100029978,148 211,B01,1,7,0,9,8,1,1,
202100029979,148 207,A01,3,30,0,0,1,14,3,
202100029980,148 206,A01,1,7,0,1,1,1,1,
202100029981,148 205,A01,3,7,2,0,9,1,1,
202100029982,148 203,A01,3,34,0,2,1,1,1,
202100029982,148 204,B01,3,33,0,2,1,1,1,
202100029983,148 201,A01,2,30,0,2,1,1,1,
202100029983,148 202,B01,2,7,0,2,4,1,3,
202100029984,148 200,A01,1,7,6,0,1,1,1,
202100029985,148 198,B01,1,7,0,2,6,1,1,
202100029985,148 199,A01,1,7,3,2,2,21,1,
202100029986,148 196,A01,1,30,0,2,1,2,1,
202100029986,148 197,B01,1,7,0,2,4,23,1,
202100029987,148 194,B01,1,1,0,2,4,1,5,
202100029987,148 195,A01,1,7,0,2,1,1,1,
202100029988,148 192,A01,1,7,0,2,2,10,1,
202100029988,148 193,B01,2,31,1,2,1,1,1,
202100029989,148 189,B01,2,7,0,2,1,15,1,
202100029989,148 190,A01,2,7,0,2,1,1,1,
202100029989,148 191,C01,1,7,0,2,4,24,1,
202100029990,148 188,A01,1,33,4,0,8,0,1,
202100029991,148 186,A01,1,7,0,2,1,2,1,
202100029991,148 187,B01,1,7,0,2,4,2,1,
202100029992,148 184,A01,2,7,0,2,2,15,1,
202100029992,148 185,B01,1,7,0,2,3,1,1,
202100029993,148 182,A01,1,33,0,2,1,2,1,
202100029993,148 183,B01,1,7,0,2,4,1,1,
202100029994,148 180,B01,2,7,0,2,3,1,1,
202100029994,148 181,A01,1,30,0,2,3,17,1,
202100029995,148 178,A01,1,7,0,2,3,11,1,
202100029995,148 179,B01,1,33,0,2,1,1,1,
202100029996,148 176,A01,2,7,0,2,3,15,1,
202100029996,148 177,B01,1,32,0,2,1,1,1,
202100029997,148 175,A01,1,7,12,0,1,0,1,
202100029998,148 173,A01,1,7,0,2,3,1,1,
202100029998,148 174,B01,1,33,0,2,1,1,1,
202100029999,148 171,A01,2,31,0,2,1,2,1,
202100029999,148 172,B01,2,7,0,2,6,15,1,
202100030000,148 169,B01,2,7,0,2,4,0,1,
202100030000,148 170,A01,1,7,0,2,1,23,1,
202100030001,148 167,B01,2,7,0,2,2,1,1,
202100030001,148 168,A01,1,1,0,2,1,19,5,
202100030002,148 166,A01,1,33,3,0,9,17,1,
202100030003,148 164,A01,2,32,0,2,1,11,1,
202100030003,148 165,B01,2,7,0,2,3,1,1,
202100030004,148 163,A01,2,7,0,1,1,1,1,
202100030005,148 160,C01,1,7,0,2,4,23,1,
202100030005,148 161,B01,1,7,0,2,4,23,1,
202100030005,148 162,A01,1,7,0,2,1,2,1,
202100030006,148 158,B01,1,7,0,2,5,1,1,
202100030006,148 159,A01,1,43,0,2,3,3,1,
202100030007,148 156,Z01,1,7,0,2,6,22,1,
202100030007,148 157,A01,1,1,0,2,1,18,5,
202100030008,148 154,A01,2,1,0,2,1,13,5,
202100030008,148 155,B01,1,50,0,2,1,1,3,
202100030009,148 152,B01,2,1,0,2,2,1,5,
202100030009,148 153,A01,2,7,0,2,3,22,1,
202100030010,148 150,B01,2,33,0,2,3,18,1,
202100030010,148 151,A01,2,7,0,2,2,16,2,
202100030011,148 148,B01,2,2,0,2,1,1,1,
202100030011,148 149,A01,1,7,0,2,7,15,1,
202100030012,148 146,A01,3,15,0,2,6,9,1,
202100030012,148 147,B01,3,33,0,2,7,9,1,
202100030013,148 144,A01,3,43,0,2,8,1,1,
202100030013,148 145,Z01,3,7,0,2,8,1,0,
202100030014,148 142,B01,1,7,0,2,3,17,1,
202100030014,148 143,A01,1,2,0,2,1,5,1,
202100030015,148 140,B01,1,1,0,2,3,1,5,
202100030015,148 141,A01,1,10,0,2,2,12,1,
202100030016,148 138,B01,2,1,0,2,2,1,5,
202100030016,148 139,A01,2,10,0,2,3,22,1,
202100030017,148 136,A01,2,7,0,2,2,16,1,
202100030017,148 137,B01,1,1,0,2,1,1,5,
202100030018,148 134,A01,1,10,0,2,7,16,1,
202100030018,148 135,B01,1,1,0,2,8,1,5,
202100030019,148 132,B01,2,1,0,2,1,1,5,
202100030019,148 133,A01,2,10,0,2,8,22,1,
202100030020,148 130,A01,1,1,0,2,8,19,5,
202100030020,148 131,B01,1,7,0,2,1,1,3,
202100030021,148 128,A01,1,7,0,2,2,16,1,
202100030021,148 129,B01,2,1,0,2,1,1,5,
202100030022,148 126,A01,1,7,0,2,4,23,1,
202100030022,148 127,B01,1,30,0,2,1,18,1,
202100030023,148 123,A01,3,10,0,2,2,1,1,
202100030023,148 124,C01,3,7,0,2,2,2,2,
202100030023,148 125,B01,3,7,0,2,3,1,1,
202100030024,148 121,B01,1,7,0,2,2,15,1,
202100030024,148 122,A01,1,1,0,2,3,1,5,
202100030025,148 120,A01,1,32,0,1,1,17,1,
202100030026,148 119,A01,1,30,0,2,8,1,1,
202100030027,148 117,B01,1,80,0,2,3,1,3,
202100030027,148 118,A01,2,32,0,2,1,15,1,
202100030028,148 115,A01,2,32,0,2,1,15,1,
202100030028,148 116,B01,1,30,0,2,3,1,1,
202100030029,148 113,A01,1,1,0,2,7,15,5,
202100030029,148 114,B01,2,50,0,2,1,1,3,
202100030030,148 111,B01,3,33,0,2,3,1,1,
202100030030,148 112,A01,3,50,0,2,3,15,3,
202100030031,148 110,A01,1,13,0,1,0,1,1,
202100030032,148 108,Y01,2,50,1,0,1,17,3,
202100030032,148 109,A01,2,7,1,0,3,22,1,
202100030033,148 107,A01,2,7,0,1,1,1,1,
202100030034,148 105,A01,2,7,0,2,1,22,1,
202100030034,148 106,B01,2,1,1,0,0,0,5,
202100030035,148 100,E01,2,7,0,2,0,0,1,
202100030035,148 101,D01,2,7,0,2,1,1,1,
202100030035,148 102,C01,2,7,0,2,1,1,1,
202100030035,148 103,B01,2,7,0,2,4,1,1,
202100030035,148 104,A01,2,7,0,2,1,2,1,
202100030036,148 098,B01,1,7,0,2,1,9,1,
202100030036,148 099,A01,2,7,0,2,7,9,2,
202100030037,148 096,A01,2,7,1,0,6,9,1,
202100030037,148 097,B01,2,7,1,0,6,24,1,
202100030038,148 094,A01,2,10,0,2,2,1,1,
202100030038,148 095,B01,1,7,0,2,2,9,1,
202100030039,148 092,B01,1,7,0,2,4,26,1,
202100030039,148 093,A01,1,7,0,2,1,26,1,
202100030040,148 090,A01,3,7,0,2,4,2,1,
202100030040,148 091,B01,3,14,0,2,1,2,1,
202100030041,148 088,A01,0,7,0,2,7,19,2,
202100030041,148 089,B01,0,7,0,2,1,1,2,
202100030042,148 086,B01,-1,32,0,2,3,1,1,
202100030042,148 087,A01,-1,7,0,2,7,14,1,
202100030043,148 084,B01,0,0,0,2,0,0,0,
202100030043,148 085,A01,0,7,0,2,3,19,1,
202100030044,148 081,A01,1,7,0,2,1,2,1,
202100030044,148 082,C01,1,7,0,2,4,0,1,
202100030044,148 083,B01,1,7,0,2,4,0,1,
202100030045,148 079,A01,1,7,0,2,3,11,1,
202100030045,148 080,B01,1,34,0,2,1,2,1,
202100030046,148 077,A01,2,30,0,2,2,17,1,
202100030046,148 078,B01,2,7,0,2,3,1,1,
202100030047,148 075,B01,3,32,0,2,1,1,1,
202100030047,148 076,A01,3,7,0,2,2,16,1,
202100030048,148 073,A01,1,7,0,2,2,15,1,
202100030048,148 074,B01,1,43,0,2,0,1,1,
202100030049,148 071,A01,2,33,0,2,1,2,1,
202100030049,148 072,B01,0,7,0,2,2,15,1,
202100030050,148 069,B01,2,7,0,2,4,1,1,
202100030050,148 070,A01,2,10,0,2,1,2,1,
202100030051,148 067,A01,1,2,0,2,2,1,1,
202100030051,148 068,B01,2,7,0,2,3,1,1,
202100030052,148 065,B01,1,7,0,2,2,16,1,
202100030052,148 066,A01,1,32,0,2,1,18,1,
202100030053,148 064,A01,1,32,14,0,2,1,1,
202100030054,148 063,A01,1,10,8,0,2,1,1,
202100030055,148 061,B01,2,7,0,2,1,0,1,
202100030055,148 062,A01,1,7,0,2,1,13,1,
202100030056,148 058,C01,1,1,0,2,8,1,5,
202100030056,148 059,B01,1,1,0,2,8,1,5,
202100030056,148 060,A01,2,7,0,9,1,13,1,
202100030057,148 056,B01,1,7,0,2,3,1,1,
202100030057,148 057,A01,2,2,0,2,1,1,1,
202100030058,148 055,A01,2,10,4,0,3,2,1,
202100030059,148 054,A01,1,34,4,0,7,16,1,
202100030060,148 052,A01,1,33,0,2,1,17,1,
202100030060,148 053,B01,1,10,0,2,3,1,1,
202100030061,148 051,A01,1,7,3,9,0,1,1,
202100030062,148 049,A01,1,1,0,5,1,0,5,
202100030063,148 047,A01,2,7,0,0,4,1,1,
202100030063,148 048,B01,2,7,0,2,1,2,1,
202100030064,148 045,A01,1,7,0,0,4,1,1,
202100030064,148 046,B01,1,33,0,2,1,1,1,
202100030065,148 043,A01,3,10,0,2,7,17,1,
202100030065,148 044,B01,3,1,0,2,8,1,5,
202100030066,148 042,A01,2,2,0,0,0,14,1,
202100030067,148 040,B01,1,13,0,0,0,15,1,
202100030067,148 041,A01,2,7,8,0,1,26,6,
202100030068,148 038,A01,3,7,0,2,1,15,1,
202100030068,148 039,B01,3,33,0,2,3,1,1,
202100030069,148 037,A01,2,1,0,0,0,1,0,
202100030070,148 035,A01,1,7,0,2,3,15,1,
202100030070,148 036,B01,0,7,0,2,3,1,2,
202100030071,148 033,B01,1,17,0,2,1,2,1,
202100030071,148 034,A01,1,7,0,0,4,2,1,
202100030072,148 032,A01,2,7,7,0,9,1,0,
202100030073,148 030,B01,2,7,0,2,1,1,1,
202100030073,148 031,A01,1,15,0,2,3,15,1,
202100030074,148 029,A01,1,33,0,1,1,1,1,
202100030075,148 027,A01,3,7,0,2,3,1,1,
202100030075,148 028,B01,3,30,0,2,1,1,1,
202100030076,148 025,A01,2,2,0,2,2,17,1,
202100030076,148 026,B01,2,7,0,2,6,13,1,
202100030077,148 023,A01,1,7,0,2,8,9,1,
202100030077,148 024,B01,1,33,0,2,7,1,1,
202100030078,148 021,B01,2,1,0,2,4,1,5,
202100030078,148 022,A01,2,7,0,2,1,17,0,
202100030079,148 018,A01,1,7,0,9,3,1,0,
202100030079,148 019,B01,2,1,0,2,3,1,5,
202100030079,148 020,C01,2,1,0,9,1,1,5,
202100030080,148 016,B01,1,2,0,2,1,1,1,
202100030080,148 017,A01,2,10,0,2,2,15,1,
202100030081,148 014,A01,1,33,0,2,1,13,1,
202100030081,148 015,B01,2,7,0,2,3,1,1,
202100030082,148 012,B01,3,7,0,2,3,1,1,
202100030082,148 013,A01,3,7,6,2,8,19,1,
202100030083,148 011,A01,2,7,8,0,1,1,1,
202100030084,148 008,C01,1,7,0,2,1,1,1,
202100030084,148 009,B01,2,7,13,2,1,1,1,
202100030084,148 010,A01,1,7,4,2,1,1,1,
202100030085,148 003,A01,2,33,6,0,2,0,1,
202100030086,148 001,B01,2,33,0,2,7,1,1,
202100030086,148 002,A01,2,10,0,2,3,19,1,
202100030087,147 999,B01,0,1,0,2,1,0,5,
202100030087,148 000,A01,3,7,0,9,1,15,1,
202100030088,147 998,A01,3,7,6,9,1,2,1,
202100030089,147 996,A01,2,10,16,2,6,1,1,
202100030089,147 997,B01,2,7,13,2,2,17,1,
202100030090,147 994,B01,2,1,0,0,8,1,5,
202100030090,147 995,A01,1,10,0,9,1,15,1,
202100030091,147 992,A01,2,33,0,2,2,1,1,
202100030091,147 993,B01,1,10,4,2,2,1,1,
202100030092,147 991,A01,1,7,2,0,1,1,1,
202100030093,147 988,C01,1,14,0,2,6,1,1,
202100030093,147 989,B01,1,7,0,2,5,1,1,
202100030093,147 990,A01,1,7,4,2,8,11,1,
202100030094,147 986,B01,1,33,0,0,0,2,1,
202100030094,147 987,A01,1,7,0,2,0,0,0,
202100030095,147 985,A01,3,7,13,0,3,26,1,
202100030096,147 983,A01,3,7,0,2,1,1,1,
202100030096,147 984,B01,0,2,0,0,7,1,1,
202100030097,147 980,C01,1,7,0,2,1,0,1,
202100030097,147 981,B01,1,7,0,2,3,0,1,
202100030097,147 982,A01,2,7,0,2,3,5,1,
202100030098,147 979,A01,2,33,4,0,8,1,1,
202100030099,147 977,B01,1,7,0,0,6,1,1,
202100030099,147 978,A01,1,7,4,2,2,17,1,
202100030100,147 976,A01,2,31,16,0,9,21,1,
202100030101,147 972,A01,1,7,0,2,3,17,1,
202100030101,147 973,B01,2,7,0,2,3,1,1,
202100030101,147 974,C01,1,10,0,2,8,1,1,
202100030101,147 975,D01,2,7,0,2,1,23,1,
202100030102,147 971,A01,2,7,0,1,2,1,1,
202100030103,147 969,A01,3,1,0,2,7,12,5,
202100030103,147 970,B01,3,7,0,2,3,0,1,
202100030104,147 968,A01,2,7,13,0,2,0,1,
202100030105,147 967,A01,3,2,0,0,0,0,1,
202100030106,147 966,A01,2,7,13,0,3,0,1,
202100030107,147 964,A01,1,33,0,2,2,17,1,
202100030107,147 965,B01,2,7,0,9,3,26,1,
202100030108,147 962,A01,1,7,0,2,1,2,1,
202100030108,147 963,B01,1,7,0,2,4,1,1,
202100030109,147 958,A01,1,7,0,2,1,2,1,
202100030109,147 959,B01,1,7,0,2,4,2,1,
202100030109,147 960,C01,1,7,0,2,4,2,1,
202100030109,147 961,D01,2,7,0,2,3,1,2,
202100030110,147 956,A01,1,7,0,2,1,13,1,
202100030110,147 957,B01,2,7,0,2,8,1,1,
202100030111,147 954,B01,1,15,0,2,1,13,1,
202100030111,147 955,A01,2,7,0,2,1,1,1,
202100030112,147 953,A01,2,7,0,1,2,1,1,
202100030113,147 951,B01,2,80,0,2,7,0,3,
202100030113,147 952,A01,3,10,0,9,1,0,1,
202100030114,147 950,A01,1,33,7,0,1,1,1,
202100030115,147 948,A01,0,3,0,2,1,13,1,
202100030115,147 949,B01,0,7,0,2,1,1,1,
202100030116,147 946,B01,0,7,0,0,4,1,1,
202100030116,147 947,A01,0,7,0,2,1,1,1,
202100030117,147 944,B01,2,7,0,2,2,15,1,
202100030117,147 945,A01,1,7,0,2,3,9,1,
202100030118,147 942,A01,2,32,0,2,7,1,1,
202100030118,147 943,Z01,2,33,0,2,8,19,1,
202100030119,147 940,B01,1,10,0,2,1,2,1,
202100030119,147 941,A01,1,7,0,2,4,2,1,
202100030120,147 938,A01,1,7,0,2,4,1,1,
202100030120,147 939,B01,1,7,0,2,1,1,1,
202100030121,147 937,A01,2,7,4,0,9,1,1,
202100030122,147 935,A01,2,7,0,2,5,1,1,
202100030122,147 936,B01,1,7,0,2,3,21,1,
202100030123,147 933,A01,1,17,0,2,2,12,1,
202100030123,147 934,B01,1,7,4,2,6,2,1,
202100030124,147 931,A01,2,7,0,2,1,1,1,
202100030124,147 932,B01,2,7,0,2,4,2,1,
202100030125,147 929,A01,1,33,0,2,1,2,1,
202100030125,147 930,B01,1,7,0,2,4,2,1,
202100030126,147 927,B01,2,7,0,2,7,12,1,
202100030126,147 928,A01,2,33,0,2,8,2,1,
202100030127,147 926,A01,2,7,12,0,1,14,1,
202100030128,147 924,B01,2,31,0,2,2,3,1,
202100030128,147 925,A01,2,7,0,2,3,11,1,
202100030129,147 922,B01,2,7,0,2,6,1,1,
202100030129,147 923,A01,2,17,0,2,2,12,1,
202100030130,147 920,B01,2,7,0,2,1,2,1,
202100030130,147 921,A01,2,33,0,2,8,18,1,
202100030131,147 918,B01,2,10,0,2,1,1,1,
202100030131,147 919,A01,2,7,5,2,1,13,1,
202100030132,147 916,B01,2,99,0,2,2,0,0,
202100030132,147 917,A01,2,10,0,2,5,26,1,
202100030133,147 914,A01,1,10,0,2,7,12,1,
202100030133,147 915,B01,1,34,0,2,8,3,1,
202100030134,147 912,B01,1,7,0,2,5,12,1,
202100030134,147 913,A01,1,33,0,2,1,0,1,
202100030135,147 908,D01,1,33,0,2,1,1,1,
202100030135,147 909,C01,1,33,0,2,4,2,1,
202100030135,147 910,B01,1,33,0,2,4,2,1,
202100030135,147 911,A01,1,7,0,2,6,2,1,
202100030136,147 906,B01,2,7,0,2,2,1,1,
202100030136,147 907,A01,2,15,0,2,8,11,1,
202100030137,147 904,A01,1,10,0,2,1,21,1,
202100030137,147 905,B01,1,7,0,2,4,23,1,
202100030138,147 902,A01,1,7,0,2,1,1,1,
202100030138,147 903,B01,1,7,0,2,4,2,1,
202100030139,147 900,A01,2,14,0,2,1,1,1,
202100030139,147 901,B01,2,17,0,2,4,1,1,
202100030140,147 898,A01,2,7,0,1,3,1,1,
202100030141,147 897,A01,1,3,15,1,4,25,1,
202100030142,147 896,A01,3,7,0,1,3,15,1,
202100030143,147 895,A01,3,7,0,1,3,1,1,
202100030144,147 890,B01,2,34,0,2,1,1,1,
202100030144,147 891,A01,2,7,0,2,3,15,1,
202100030145,147 888,B01,2,7,0,2,4,2,1,
202100030145,147 889,A01,2,7,0,2,1,2,1,
202100030146,147 886,A01,3,1,0,2,1,19,5,
202100030146,147 887,B01,3,7,0,9,0,1,1,
202100030147,147 884,B01,1,2,0,2,8,1,1,
202100030147,147 885,A01,1,7,0,2,7,16,1,
202100030148,147 883,A01,3,7,6,0,1,26,1,
202100030149,147 881,A01,1,3,0,9,1,1,1,
202100030149,147 882,B01,1,1,0,2,8,1,0,
202100030150,147 880,A01,2,33,0,0,7,21,1,
202100030151,147 878,B01,1,2,0,2,2,17,1,
202100030151,147 879,A01,1,7,0,2,3,10,1,
202100030152,147 875,A01,1,7,0,2,1,15,1,
202100030152,147 876,B01,2,7,0,2,2,1,1,
202100030153,147 873,A01,2,7,0,2,5,10,1,
202100030153,147 874,B01,1,33,0,2,0,1,1,
202100030154,147 868,A01,1,7,0,1,1,15,1,
202100030155,147 866,B01,3,7,0,2,7,1,1,
202100030155,147 867,A01,1,1,0,2,1,1,5,
202100030156,147 864,B01,1,2,0,2,7,1,1,
202100030156,147 865,A01,1,7,0,2,3,1,1,
202100030157,147 862,A01,0,7,0,2,7,16,1,
202100030157,147 863,B01,0,1,0,2,1,1,5,
202100030158,147 860,A01,0,7,0,2,8,15,1,
202100030158,147 861,B01,0,50,0,2,1,5,3,
202100030159,147 859,A01,2,7,3,0,1,1,1,
202100030160,147 857,A01,0,7,0,1,4,5,1,
202100030161,147 855,A01,1,7,4,2,6,11,1,
202100030161,147 856,B01,1,14,0,2,7,1,1,
202100030162,147 854,A01,3,7,0,1,1,9,1,
202100030163,147 851,C01,1,7,0,2,4,2,1,
202100030163,147 852,B01,1,7,0,2,4,2,1,
202100030163,147 853,A01,1,7,0,2,1,2,1,
202100030164,147 849,A01,2,7,1,2,1,1,1,
202100030164,147 850,B01,1,1,0,2,0,19,0,
202100030165,147 848,A01,1,37,16,0,1,26,1,1.0
202100030166,147 846,A01,1,50,0,2,1,1,3,
202100030166,147 847,B01,2,7,0,2,1,15,1,
202100030167,147 844,A01,1,30,0,2,1,1,3,
202100030167,147 845,B01,2,1,0,2,2,19,5,
202100030168,147 842,A01,1,7,0,2,1,2,1,
202100030168,147 843,B01,1,10,0,2,5,2,1,
202100030169,147 841,A01,1,7,0,1,1,1,3,
202100030170,147 840,A01,3,33,16,0,8,1,1,
202100030171,147 838,A01,3,10,0,2,3,17,1,
202100030171,147 839,B01,3,2,0,2,3,1,1,
202100030172,147 836,A01,2,30,0,2,1,1,1,
202100030172,147 837,B01,1,7,0,2,3,15,1,
202100030173,147 834,B01,3,7,0,2,1,26,1,
202100030173,147 835,A01,1,7,0,2,2,1,1,
202100030174,147 832,B01,1,7,0,2,1,2,1,
202100030174,147 833,A01,1,7,0,2,4,2,1,
202100030175,147 830,B01,1,7,0,2,1,26,1,
202100030175,147 831,A01,0,50,0,2,1,26,3,
202100030176,147 828,B01,3,10,0,2,6,1,1,
202100030176,147 829,A01,3,7,0,2,3,13,1,
202100030177,147 826,A01,3,7,0,2,7,15,1,
202100030177,147 827,B01,3,7,0,2,1,1,1,
202100030178,147 825,A01,1,7,14,0,0,20,1,
202100030179,147 824,A01,3,33,0,0,4,9,1,
202100030180,147 822,B01,1,7,0,2,4,2,2,
202100030180,147 823,A01,1,7,0,2,0,9,1,
202100030181,147 821,A01,1,1,0,2,0,9,5,
202100030182,147 819,B01,2,1,0,2,1,2,5,
202100030182,147 820,A01,2,7,0,2,6,9,1,
202100030183,147 818,A01,0,30,0,0,0,1,1,
202100030184,147 816,A01,2,10,0,2,1,1,1,
202100030184,147 817,B01,2,7,0,2,4,1,3,
202100030185,147 814,A01,1,7,0,2,3,16,1,
202100030185,147 815,B01,1,1,0,2,3,1,5,
202100030186,147 812,A01,2,7,0,2,1,2,1,
202100030186,147 813,B01,2,7,0,2,4,1,1,
202100030187,147 810,A01,2,10,0,2,2,15,1,
202100030187,147 811,B01,2,37,0,2,1,1,1,1.0
202100030188,147 808,B01,2,7,0,2,3,15,1,
202100030188,147 809,A01,1,33,0,2,1,7,1,
202100030189,147 806,A01,2,13,0,2,8,1,1,
202100030189,147 807,B01,2,2,0,2,7,0,1,
202100030190,147 804,A01,3,33,0,2,1,17,1,
202100030190,147 805,B01,3,7,0,2,3,1,1,
202100030191,147 803,A01,1,7,0,1,2,1,1,
202100030192,147 802,A01,2,7,13,0,1,26,1,
202100030193,147 800,A01,1,7,0,2,9,19,1,
202100030193,147 801,B01,1,7,0,2,1,19,1,
202100030194,147 799,A01,3,7,0,1,2,1,1,
202100030195,147 797,A01,2,7,0,2,1,1,1,
202100030195,147 798,B01,1,7,0,2,3,1,1,
202100030196,147 795,A01,2,7,0,2,1,2,1,
202100030196,147 796,B01,1,7,0,2,2,1,1,
202100030197,147 792,A01,1,7,0,2,3,17,1,
202100030197,147 793,C01,2,7,0,2,3,2,1,
202100030197,147 794,B01,2,7,0,2,6,1,1,
202100030198,147 791,A01,1,10,0,1,2,21,1,
202100030199,147 789,A01,2,30,0,2,5,11,1,
202100030199,147 790,B01,1,7,0,2,7,1,1,
202100030200,147 786,C01,1,10,0,2,4,2,0,
202100030200,147 787,B01,1,10,0,2,4,2,0,
202100030200,147 788,A01,1,10,0,2,1,2,1,
202100030201,147 784,B01,2,30,0,0,1,3,1,
202100030201,147 785,A01,3,7,0,2,2,19,1,
202100030202,147 782,A01,3,7,0,2,1,9,3,
202100030202,147 783,B01,3,1,0,2,7,1,5,
202100030203,147 780,Z01,1,34,1,0,2,26,0,
202100030203,147 781,B01,1,7,0,2,6,23,1,
202100030204,147 778,A01,1,7,0,2,3,1,1,
202100030204,147 779,B01,2,50,0,2,1,5,3,
202100030205,147 777,A01,3,17,0,1,8,9,1,
202100030206,147 775,A01,1,7,0,2,1,5,1,
202100030206,147 776,B01,2,7,0,2,1,1,1,
202100030207,147 773,B01,1,33,0,2,8,1,1,
202100030207,147 774,A01,1,7,0,2,2,10,1,
202100030208,147 771,Z01,2,7,0,2,0,15,6,
202100030208,147 772,B01,1,32,0,2,7,26,1,
202100030209,147 769,B01,1,33,0,2,1,1,1,
202100030209,147 770,A01,2,7,0,2,1,1,1,
202100030210,147 767,A01,2,7,0,2,2,16,0,
202100030210,147 768,B01,2,7,0,2,3,1,0,
202100030211,147 765,B01,1,1,0,2,6,2,5,
202100030211,147 766,A01,1,7,0,2,2,16,0,
202100030212,147 763,A01,1,30,0,2,1,18,1,
202100030212,147 764,B01,1,2,0,2,7,1,1,
202100030213,147 761,B01,2,7,0,2,1,1,1,
202100030213,147 762,A01,1,7,0,2,1,13,1,
202100030214,147 759,B01,1,7,16,0,1,1,1,
202100030214,147 760,A01,1,7,16,0,2,19,1,
202100030215,147 757,A01,1,31,0,2,3,3,1,
202100030215,147 758,B01,1,7,0,2,2,12,1,
202100030216,147 755,Z01,1,7,0,2,8,13,1,
202100030216,147 756,A01,1,33,0,2,7,1,3,
202100030217,147 753,A01,1,32,0,2,2,2,1,
202100030217,147 754,B01,1,7,0,2,6,2,1,
202100030218,147 750,C01,1,7,0,2,4,2,2,
202100030218,147 751,B01,1,7,0,2,4,2,1,
202100030218,147 752,A01,1,13,0,2,2,2,1,
202100030219,147 747,A01,1,7,0,2,1,12,1,
202100030219,147 748,B01,1,33,0,2,4,1,1,
202100030219,147 749,C01,3,50,0,2,8,19,3,
202100030220,147 745,A01,3,7,0,2,2,12,1,
202100030220,147 746,B01,3,33,0,2,8,1,1,
202100030221,147 743,B01,3,7,0,2,3,15,1,
202100030221,147 744,A01,3,33,4,2,2,17,1,
202100030222,147 742,Z01,1,30,0,1,1,1,1,
202100030223,147 741,A01,1,31,0,2,8,1,1,
202100030224,147 739,B01,2,10,0,2,2,15,1,
202100030224,147 740,A01,1,30,0,2,8,1,1,
202100030225,147 737,A01,0,7,0,2,3,1,1,
202100030225,147 738,B01,0,10,0,2,6,15,1,
202100030226,147 735,A01,1,7,0,2,1,2,1,
202100030226,147 736,B01,1,7,0,2,4,23,1,
202100030227,147 733,B01,3,32,0,2,1,1,1,
202100030227,147 734,Z01,3,10,0,2,2,15,0,
202100030228,147 731,B01,3,10,0,2,3,15,1,
202100030228,147 732,A01,3,33,0,2,2,17,1,
202100030229,147 729,A01,1,50,0,2,3,17,3,
202100030229,147 730,B01,2,7,0,2,3,1,1,
202100030230,147 728,A01,2,1,0,1,1,5,5,
202100030231,147 727,A01,1,7,0,1,3,1,2,
202100030232,147 724,B01,1,50,0,2,8,25,3,
202100030232,147 725,A01,1,10,0,2,2,22,1,
202100030232,147 726,C01,1,10,0,2,0,24,1,
202100030233,147 722,B01,2,7,0,2,7,9,1,
202100030233,147 723,A01,2,1,0,2,1,1,5,
202100030234,147 720,B01,1,1,0,2,1,13,5,
202100030234,147 721,A01,2,10,0,2,5,22,1,