Num_Acc,id_vehicule,num_veh,senc,catv,obs,obsm,choc,manv,motor,occutc
202100030826,146 663,A01,0,32,15,0,1,1,1,
202100030827,146 661,B01,3,50,0,2,1,5,3,
202100030827,146 662,A01,3,7,0,2,3,15,1,
202100030828,146 659,A01,2,7,0,2,1,15,1,
202100030828,146 660,B01,1,33,0,2,1,17,1,
202100030829,146 657,B01,1,7,0,2,2,2,1,
202100030829,146 658,A01,1,7,0,2,6,2,1,
202100030830,146 654,A01,1,7,0,2,1,2,1,
202100030830,146 655,B01,1,7,0,2,4,23,1,
202100030830,146 656,C01,1,7,0,2,4,2,1,
202100030831,146 651,A01,2,7,0,2,1,2,1,
202100030831,146 652,B01,2,10,0,2,1,2,1,
202100030831,146 653,C01,2,7,0,2,1,2,1,
202100030832,146 650,A01,2,7,0,1,7,1,1,
202100030833,146 649,A01,2,7,6,0,3,1,1,
202100030834,146 648,A01,3,7,0,1,3,26,1,
202100030835,146 647,A01,1,7,6,0,1,14,1,
202100030836,146 645,B01,1,7,0,2,5,15,1,
202100030836,146 646,A01,1,33,0,2,1,1,1,
202100030837,146 643,B01,2,7,0,2,2,1,1,
202100030837,146 644,A01,2,33,0,2,3,18,1,
202100030838,146 641,B01,3,7,0,2,1,1,1,
202100030838,146 642,A01,3,30,0,2,1,1,1,
202100030839,146 638,A01,2,7,0,2,1,17,1,
202100030839,146 639,C01,2,7,0,2,4,23,1,
202100030839,146 640,B01,1,7,0,2,1,15,1,
202100030840,146 637,A01,2,30,1,0,1,14,1,
202100030841,146 635,B01,1,7,0,2,1,1,1,
202100030841,146 636,A01,2,7,0,2,3,19,1,
202100030842,146 634,A01,1,7,1,0,1,6,1,
202100030843,146 632,A01,1,7,0,2,1,1,1,
202100030843,146 633,B01,2,7,0,2,8,1,1,
202100030844,146 630,A01,1,7,0,2,3,15,1,
202100030844,146 631,B01,2,50,0,2,1,16,3,
202100030845,146 628,B01,1,7,0,2,1,1,1,
202100030845,146 629,A01,1,7,0,2,2,15,1,
202100030846,146 627,A01,3,7,0,1,4,26,1,
202100030847,146 626,A01,0,7,13,5,3,21,1,
202100030848,146 623,A01,1,7,0,-1,2,1,1,
202100030848,146 624,B01,2,30,0,2,1,1,1,
202100030849,146 620,A01,2,7,0,2,3,13,2,
202100030849,146 621,B01,2,7,0,2,6,0,1,
202100030849,146 622,C01,0,7,0,2,1,23,2,
202100030850,146 618,B01,2,2,0,2,0,0,0,
202100030850,146 619,A01,3,7,0,2,3,15,1,
202100030851,146 616,B01,1,7,0,2,1,17,0,
202100030851,146 617,A01,1,7,15,2,3,15,1,
202100030852,146 614,A01,1,7,0,2,3,15,1,
202100030852,146 615,B01,2,7,0,2,2,1,2,
202100030853,146 611,B01,2,10,0,2,3,11,1,
202100030853,146 612,C01,2,10,0,2,5,1,1,
202100030853,146 613,A01,2,33,0,2,2,3,1,
202100030854,146 609,A01,3,7,0,2,3,1,1,
202100030854,146 610,B01,3,1,0,2,2,19,5,
202100030855,146 607,B01,1,7,0,2,2,1,1,
202100030855,146 608,A01,1,10,0,2,2,1,1,
202100030856,146 605,B01,1,30,0,2,1,17,1,
202100030856,146 606,A01,1,1,0,2,6,10,5,
202100030857,146 604,A01,1,7,0,2,2,17,2,
202100030858,146 603,A01,1,80,0,1,1,1,3,
202100030859,146 601,B01,1,7,0,2,4,20,1,
202100030859,146 602,A01,1,1,0,2,1,2,5,
202100030860,146 600,A01,2,7,1,1,2,16,1,
202100030861,146 598,B01,2,32,0,2,1,1,3,
202100030861,146 599,A01,1,7,0,2,5,1,1,
202100030862,146 595,C01,1,30,0,2,1,2,1,
202100030862,146 596,B01,1,7,0,2,1,2,1,
202100030862,146 597,A01,1,7,0,2,4,23,1,
202100030863,146 593,A01,1,32,0,2,1,1,1,
202100030863,146 594,B01,1,7,0,2,7,1,1,
202100030864,146 592,A01,3,50,12,0,0,14,3,
202100030865,146 590,B01,2,2,0,2,0,0,1,
202100030865,146 591,A01,2,7,8,2,2,16,1,
202100030866,146 586,A01,1,7,0,2,3,15,1,
202100030866,146 587,B01,1,50,0,2,3,19,3,
202100030867,146 585,A01,3,7,0,1,7,1,1,
202100030868,146 583,A01,3,99,0,2,1,23,0,
202100030868,146 584,B01,0,1,0,0,0,0,0,
202100030869,146 581,B01,0,7,0,2,1,1,1,
202100030869,146 582,A01,0,7,7,0,4,23,0,
202100030870,146 580,A01,1,7,1,0,1,1,1,
202100030871,146 578,B01,3,30,0,2,1,1,1,
202100030871,146 579,A01,1,7,0,2,2,15,1,
202100030872,146 576,A01,1,37,0,2,2,16,1,1.0
202100030872,146 577,B01,3,1,0,2,0,0,5,
202100030873,146 574,B01,2,1,0,2,3,9,0,
202100030873,146 575,A01,2,7,0,2,2,1,1,
202100030874,146 572,A01,1,7,0,2,2,1,1,
202100030874,146 573,B01,1,1,0,2,5,1,5,
202100030875,146 570,A01,3,2,0,2,0,5,1,
202100030875,146 571,B01,2,7,0,9,3,1,1,
202100030876,146 568,A01,1,10,8,2,3,1,1,
202100030876,146 569,B01,2,33,0,2,1,1,1,
202100030877,146 567,A01,1,7,15,0,9,17,1,
202100030878,146 565,A01,1,7,0,0,3,15,1,
202100030878,146 566,B01,2,33,0,2,1,1,1,
202100030879,146 564,A01,1,33,5,0,2,1,1,
202100030880,146 563,A01,1,1,0,0,0,1,5,
202100030881,146 562,A01,1,7,0,0,0,1,1,
202100030882,146 560,B01,2,33,0,2,1,1,1,
202100030882,146 561,A01,1,33,0,2,1,17,1,
202100030883,146 558,A01,1,7,0,2,4,1,1,
202100030883,146 559,B01,1,7,0,2,1,17,1,
202100030884,146 556,B01,2,1,0,2,7,15,5,
202100030884,146 557,A01,2,7,0,9,3,1,1,
202100030885,146 555,A01,3,36,0,0,9,16,1,
202100030886,146 554,A01,1,50,0,0,0,1,3,
202100030887,146 551,A01,2,7,0,2,0,1,1,
202100030887,146 552,B01,1,10,0,2,0,1,1,
202100030887,146 553,C01,1,7,0,2,0,1,1,
202100030888,146 547,A01,1,7,6,0,1,13,1,
202100030889,146 545,A01,1,7,0,2,2,17,1,
202100030889,146 546,B01,1,7,0,2,3,15,1,
202100030890,146 543,B01,1,7,0,2,3,1,1,
202100030890,146 544,A01,2,10,0,2,3,13,1,
202100030891,146 541,B01,1,7,0,2,3,1,1,
202100030891,146 542,A01,2,7,0,2,3,13,1,
202100030892,146 540,A01,1,7,8,0,1,1,1,
202100030893,146 538,A01,3,7,0,2,1,1,1,
202100030893,146 539,B01,3,31,0,2,1,1,1,
202100030894,146 536,A01,1,30,0,2,1,17,1,
202100030894,146 537,B01,1,7,0,0,8,15,1,
202100030895,146 534,B01,3,7,0,2,1,1,1,
202100030895,146 535,A01,3,7,0,2,1,1,1,
202100030896,146 533,A01,1,7,13,0,1,13,1,
202100030897,146 532,A01,1,33,0,0,7,1,1,
202100030898,146 531,A01,1,1,0,1,3,1,5,
202100030899,146 529,A01,2,7,0,2,1,2,1,
202100030899,146 530,B01,2,7,0,2,4,2,1,
202100030900,146 528,A01,1,7,7,0,1,1,1,
202100030901,146 526,B01,2,7,0,0,3,1,1,
202100030901,146 527,A01,1,7,0,2,3,13,1,
202100030902,146 525,A01,1,7,13,0,2,1,1,
202100030903,146 522,A01,1,33,0,2,1,13,1,
202100030903,146 523,B01,2,7,0,2,3,1,1,
202100030903,146 524,C01,1,7,0,2,3,1,1,
202100030904,146 520,A01,2,7,0,2,2,1,1,
202100030904,146 521,B01,3,1,0,2,3,19,6,
202100030905,146 518,B01,1,7,0,2,1,13,1,
202100030905,146 519,A01,2,7,0,2,1,1,1,
202100030906,146 517,A01,3,7,2,0,1,16,1,
202100030907,146 515,A01,2,10,0,0,1,0,1,
202100030908,146 513,A01,2,7,0,2,2,0,1,
202100030908,146 514,B01,2,1,0,0,4,0,5,
202100030909,146 511,B01,2,7,0,2,3,1,2,
202100030909,146 512,A01,1,7,0,2,3,13,1,
202100030910,146 507,C01,2,7,0,2,3,1,1,
202100030910,146 508,D01,2,17,0,2,8,1,1,
202100030910,146 509,A01,1,7,0,2,1,5,1,
202100030910,146 510,B01,2,7,0,2,1,1,1,
202100030911,146 506,A01,2,7,3,0,1,14,1,
202100030912,146 505,A01,3,7,0,1,2,0,1,
202100030913,146 504,A01,3,30,0,0,7,1,1,
202100030914,146 502,A01,2,7,0,0,2,13,1,
202100030915,146 501,A01,3,36,0,1,1,1,1,
202100030916,146 498,A01,1,7,0,2,3,9,1,
202100030916,146 499,B01,1,7,0,2,3,0,1,
202100030916,146 500,C01,2,7,0,2,3,1,1,
202100030917,146 496,A01,2,7,0,2,1,21,1,
202100030917,146 497,B01,2,7,0,2,6,15,1,
202100030918,146 494,B01,1,7,7,2,1,21,1,
202100030918,146 495,A01,2,7,0,2,1,1,1,
202100030919,146 493,A01,3,2,12,0,8,13,1,
202100030920,146 491,B01,1,33,0,2,1,1,1,
202100030920,146 492,A01,2,7,0,2,5,15,1,
202100030921,146 489,B01,2,7,0,2,3,0,1,
202100030921,146 490,A01,1,2,0,0,3,1,1,
202100030922,146 487,B01,1,33,0,2,1,1,1,
202100030922,146 488,A01,2,33,0,2,3,13,1,
202100030923,146 486,A01,1,7,0,1,2,1,1,
202100030924,146 485,A01,1,7,13,0,8,14,1,
202100030925,146 483,A01,3,2,0,2,1,5,1,
202100030925,146 484,B01,3,7,0,2,1,1,1,
202100030926,146 481,B01,2,7,0,2,1,2,1,
202100030926,146 482,A01,2,7,13,2,2,2,1,
202100030927,146 480,A01,2,7,4,0,3,0,1,
202100030928,146 478,A01,3,7,0,2,3,5,1,
202100030928,146 479,B01,3,32,0,2,1,1,1,
202100030929,146 476,A01,1,7,0,2,1,0,1,
202100030929,146 477,B01,2,7,0,2,1,0,0,
202100030930,146 474,A01,2,7,0,2,3,15,1,
202100030930,146 475,B01,2,31,0,2,1,1,1,
202100030931,146 471,A01,1,10,0,0,5,23,1,
202100030931,146 472,B01,1,7,1,2,1,21,1,
202100030931,146 473,C01,1,7,0,2,1,1,1,
202100030932,146 469,A01,1,7,8,2,2,17,1,
202100030932,146 470,B01,1,1,0,2,8,15,5,
202100030933,146 467,A01,2,7,3,2,3,0,1,
202100030933,146 468,B01,1,7,0,0,3,0,1,
202100030934,146 464,C01,1,7,0,2,3,17,1,
202100030934,146 465,B01,1,17,0,2,2,17,1,
202100030934,146 466,A01,1,7,4,2,9,1,1,
202100030935,146 463,A01,1,7,8,0,1,1,1,
202100030936,146 461,A01,1,7,0,2,3,13,1,
202100030936,146 462,B01,2,7,0,2,6,1,1,
202100030937,146 455,A01,2,7,0,2,3,17,1,
202100030937,146 456,B01,1,7,0,0,6,11,1,
202100030937,146 457,C01,1,7,0,0,3,1,1,
202100030937,146 458,D01,1,7,0,0,1,0,1,
202100030937,146 459,F01,1,13,0,0,6,2,6,
202100030937,146 460,E01,1,7,0,9,1,0,1,
202100030938,146 454,A01,3,7,0,1,2,1,1,
202100030939,146 450,D01,1,1,0,2,0,1,5,
202100030939,146 451,C01,1,1,0,0,0,2,5,
202100030939,146 452,B01,1,1,0,0,0,2,5,
202100030939,146 453,A01,1,1,0,2,3,1,5,
202100030940,146 448,B01,1,1,0,2,8,2,5,
202100030940,146 449,A01,1,7,0,9,2,2,1,
202100030941,146 447,A01,3,7,8,0,1,1,1,
202100030942,146 446,A01,1,2,0,1,1,1,1,
202100030943,146 445,A01,3,7,0,1,1,1,1,
202100030944,146 443,B01,3,1,0,2,2,15,5,
202100030944,146 444,A01,3,7,0,2,6,9,1,
202100030945,146 441,B01,2,7,9,2,2,15,1,
202100030945,146 442,A01,1,7,7,2,3,1,1,
202100030946,146 439,A01,1,7,0,2,3,19,1,
202100030946,146 440,B01,1,7,0,2,1,1,1,
202100030947,146 438,A01,2,7,2,0,3,16,1,
202100030948,146 437,A01,1,7,6,0,1,1,1,
202100030949,146 435,B01,3,50,0,0,1,2,3,
202100030949,146 436,A01,3,7,0,2,2,2,1,
202100030950,146 433,A01,2,2,0,2,1,5,1,
202100030950,146 434,B01,1,7,0,2,1,1,1,
202100030951,146 431,A01,0,7,0,2,3,13,1,
202100030951,146 432,B01,0,7,0,2,3,1,1,
202100030952,146 430,A01,1,7,4,0,9,2,1,
202100030953,146 428,A01,2,14,0,2,2,9,1,
202100030953,146 429,B01,2,7,0,2,6,1,1,
202100030954,146 426,A01,1,10,0,2,1,2,1,
202100030954,146 427,B01,1,7,0,2,4,2,1,
202100030955,146 422,D01,1,7,0,0,5,2,1,
202100030955,146 423,C01,1,7,0,0,7,2,1,
202100030955,146 424,B01,1,7,0,0,4,1,2,
202100030955,146 425,A01,1,7,0,2,3,14,1,
202100030956,146 419,A01,1,33,0,2,1,3,1,
202100030956,146 420,B01,1,7,0,2,4,12,1,
202100030956,146 421,C01,1,7,0,2,4,1,1,
202100030957,146 417,B01,1,7,0,2,4,1,1,
202100030957,146 418,A01,1,7,0,2,1,12,1,
202100030958,146 416,A01,2,7,4,0,1,1,1,
202100030959,146 414,A01,2,7,0,2,1,1,1,
202100030959,146 415,B01,2,7,0,0,4,2,1,
202100030960,146 413,A01,2,33,0,2,1,2,1,
202100030961,146 412,A01,2,7,4,0,9,0,1,
202100030962,146 411,A01,1,7,4,0,8,2,1,
202100030963,146 408,C01,1,7,0,2,6,1,1,
202100030963,146 409,B01,1,7,0,2,4,1,1,
202100030963,146 410,A01,1,33,0,2,1,3,1,
202100030964,146 406,A01,2,7,0,2,4,1,1,
202100030964,146 407,B01,2,7,0,2,4,1,1,
202100030965,146 402,A01,1,7,0,2,3,9,1,
202100030965,146 403,B01,1,7,0,2,4,1,1,
202100030965,146 404,C01,1,7,0,2,1,1,1,
202100030965,146 405,D01,2,15,0,2,8,1,1,
202100030966,146 399,C01,2,10,0,2,4,2,1,
202100030966,146 400,B01,2,7,0,2,3,2,1,
202100030966,146 401,A01,2,7,0,2,3,2,1,
202100030967,146 395,C01,1,7,0,2,4,2,1,
202100030967,146 396,B01,1,7,0,2,4,2,1,
202100030967,146 397,A01,1,10,0,2,1,2,0,
202100030967,146 398,D01,1,7,0,2,4,2,1,
202100030968,146 393,B01,1,7,0,2,4,2,1,
202100030968,146 394,A01,1,7,0,2,1,2,1,
202100030969,146 392,A01,2,7,4,0,3,1,1,
202100030970,146 390,A01,1,7,0,2,1,2,1,
202100030970,146 391,B01,1,7,0,2,4,2,1,
202100030971,146 388,A01,2,10,0,2,1,1,1,
202100030971,146 389,B01,2,7,0,2,4,2,1,
202100030972,146 385,A01,1,7,3,2,7,26,1,
202100030972,146 386,B01,1,10,0,2,3,0,1,
202100030972,146 387,Z01,1,10,0,2,0,0,0,
202100030973,146 384,A01,2,7,3,0,4,14,1,
202100030974,146 382,A01,2,7,0,2,1,1,1,
202100030974,146 383,B01,2,7,0,0,4,2,1,
202100030975,146 379,A01,2,7,0,2,1,2,1,
202100030975,146 380,B01,2,7,0,2,4,0,1,
202100030975,146 381,C01,2,7,0,2,4,2,1,
202100030976,146 377,A01,1,7,0,2,1,2,1,
202100030976,146 378,B01,1,7,0,2,0,2,1,
202100030977,146 375,A01,2,7,0,2,7,12,1,
202100030977,146 376,B01,2,33,0,2,3,0,1,
202100030978,146 374,A01,1,-1,0,0,0,1,0,
202100030979,146 368,D01,1,7,0,2,6,24,1,
202100030979,146 369,C01,1,7,0,2,8,24,1,
202100030979,146 370,B01,1,7,0,2,1,17,1,
202100030979,146 371,A01,1,7,0,2,1,20,1,
202100030980,146 366,B01,0,7,0,2,6,1,1,
202100030980,146 367,A01,0,7,0,2,2,15,1,
202100030981,146 364,A01,0,7,0,2,5,15,1,
202100030981,146 365,B01,0,33,0,2,1,1,1,
202100030982,146 362,A01,1,30,0,2,1,2,1,
202100030982,146 363,B01,0,7,0,2,4,2,1,
202100030983,146 361,A01,0,7,0,1,1,15,1,
202100030984,146 360,A01,0,7,9,0,1,15,1,
202100030985,146 357,A01,2,33,0,1,1,17,1,
202100030986,146 345,B01,3,7,0,2,3,0,1,
202100030986,146 346,A01,3,7,0,2,1,13,1,
202100030987,146 343,B01,0,7,0,2,1,1,1,
202100030987,146 344,A01,0,7,0,2,7,15,1,
202100030988,146 341,B01,3,7,0,2,3,0,1,
202100030988,146 342,A01,3,10,0,2,3,13,0,
202100030989,146 340,A01,3,2,0,0,0,26,1,
202100030990,146 338,B01,0,99,0,2,8,1,1,
202100030990,146 339,A01,0,7,0,2,1,9,1,
202100030991,146 337,A01,1,34,8,0,1,1,1,
202100030992,146 335,A01,2,7,0,0,0,0,1,
202100030992,146 336,B01,2,1,0,0,0,0,5,
202100030993,146 333,A01,2,7,0,2,8,9,1,
202100030993,146 334,B01,1,30,0,2,9,1,1,
202100030994,146 331,A01,1,33,0,2,1,26,1,
202100030994,146 332,B01,1,7,0,2,4,21,-1,
202100030995,146 330,A01,1,7,1,0,1,1,1,
202100030996,146 328,A01,1,7,0,2,2,13,1,
202100030996,146 329,B01,2,7,0,2,2,21,1,
202100030997,146 326,B01,1,7,0,2,1,1,1,
202100030997,146 327,A01,1,10,0,2,2,1,1,
202100030998,146 324,B01,1,7,0,2,4,23,1,
202100030998,146 325,A01,1,7,0,2,1,2,1,
202100030999,146 322,B01,1,7,0,2,2,1,1,
202100030999,146 323,A01,1,7,0,2,3,11,1,
202100031000,146 321,A01,1,7,0,1,3,1,1,
202100031001,146 320,A01,1,10,0,1,3,15,1,
202100031002,146 319,A01,1,7,6,0,2,15,1,
202100031003,146 318,A01,2,7,0,1,3,1,1,
202100031004,146 316,B01,1,33,0,2,1,2,1,
202100031004,146 317,A01,1,7,0,2,3,15,1,
202100031005,146 314,A01,1,10,0,2,1,2,1,
202100031005,146 315,B01,1,7,0,2,4,2,1,
202100031006,146 312,B01,0,1,0,2,0,19,5,
202100031006,146 313,A01,1,33,0,2,1,1,1,
202100031007,146 310,B01,1,1,0,2,7,1,5,
202100031007,146 311,A01,2,7,0,2,1,9,1,
202100031008,146 308,C01,1,7,0,2,3,15,1,
202100031008,146 309,D01,2,7,0,2,8,0,1,
202100031009,146 305,A01,3,7,0,2,2,17,2,
202100031009,146 306,B01,3,7,0,2,6,2,0,
202100031009,146 307,C01,3,7,0,2,1,0,0,
202100031010,146 304,A01,2,7,0,1,4,20,1,
202100031011,146 302,B01,1,1,12,2,4,19,5,
202100031011,146 303,A01,1,10,12,9,2,16,1,
202100031012,146 301,A01,1,7,1,0,2,1,1,
202100031013,146 299,A01,0,7,0,2,6,20,1,
202100031013,146 300,B01,3,1,0,2,1,1,5,
202100031014,146 297,A01,0,30,0,2,2,1,1,
202100031014,146 298,B01,0,7,0,2,1,13,0,
202100031015,146 296,A01,1,10,2,0,3,1,1,
202100031016,146 295,A01,1,7,1,0,2,14,1,
202100031017,146 293,B01,2,7,0,2,1,1,1,
202100031017,146 294,A01,1,7,0,2,3,15,1,
202100031018,146 291,B01,0,50,0,0,0,0,3,
202100031018,146 292,A01,0,7,0,2,3,9,1,
202100031019,146 290,A01,1,7,0,1,1,1,1,
202100031020,146 289,A01,1,7,0,1,1,1,1,
202100031021,146 288,A01,1,34,8,0,1,2,1,
202100031022,146 286,A01,1,7,0,2,1,1,1,
202100031022,146 287,B01,2,7,0,2,1,0,1,
202100031023,146 285,A01,2,7,13,0,1,14,1,
202100031024,146 284,A01,2,1,0,0,7,1,5,
202100031025,146 282,A01,1,7,0,2,7,1,1,
202100031025,146 283,B01,1,7,0,2,1,15,1,
202100031026,146 280,A01,2,7,0,2,3,1,2,
202100031026,146 281,B01,2,7,0,2,4,2,0,
202100031027,146 278,B01,1,1,0,2,1,1,5,
202100031027,146 279,A01,2,7,0,2,8,16,1,
202100031028,146 276,B01,1,1,1,0,1,1,5,
202100031028,146 277,A01,1,7,0,2,8,20,1,
202100031029,146 275,A01,3,32,12,0,1,26,1,
202100031030,146 273,A01,1,32,0,2,2,2,1,
202100031030,146 274,B01,1,7,0,2,4,2,1,
202100031031,146 271,A01,1,30,0,2,1,1,1,
202100031031,146 272,B01,1,7,0,2,4,1,1,
202100031032,146 269,B01,2,30,0,2,4,1,1,
202100031032,146 270,A01,2,30,0,2,1,1,1,
202100031033,146 268,A01,1,2,0,0,8,17,1,
202100031034,146 266,B01,2,7,0,2,6,15,1,
202100031034,146 267,A01,2,30,0,2,7,17,1,
202100031035,146 264,A01,2,30,0,2,1,19,1,
202100031035,146 265,B01,2,7,0,2,3,1,1,
202100031036,146 263,A01,1,30,0,1,1,1,1,
202100031037,146 261,A01,1,30,0,2,1,1,1,
202100031037,146 262,B01,2,7,0,2,8,1,1,
202100031038,146 260,A01,2,7,0,1,2,1,1,
202100031039,146 259,A01,3,10,0,1,4,20,1,
202100031040,146 257,B01,3,30,0,2,1,1,1,
202100031040,146 258,A01,2,33,0,9,7,1,1,
202100031041,146 255,A01,1,33,0,2,1,2,1,
202100031041,146 256,B01,1,7,0,2,4,2,1,
202100031042,146 253,A01,2,7,0,2,1,19,1,
202100031042,146 254,B01,1,7,0,2,7,19,1,
202100031043,146 251,A01,1,7,0,2,1,26,1,
202100031043,146 252,B01,1,7,0,2,4,2,1,
202100031044,146 249,B01,1,33,0,2,8,19,1,
202100031044,146 250,A01,1,7,0,2,8,19,1,
202100031045,146 248,A01,1,33,2,0,1,16,1,
202100031046,146 246,B01,2,31,0,2,0,0,1,
202100031046,146 247,A01,2,31,0,2,0,0,1,
202100031047,146 245,A01,2,7,0,1,1,9,1,
202100031048,146 243,A01,3,7,0,2,0,0,1,
202100031048,146 244,B01,1,7,0,2,1,16,1,
202100031049,146 241,A01,0,10,0,2,2,5,0,
202100031049,146 242,B01,0,33,0,2,1,1,1,
202100031050,146 239,A01,0,7,0,2,7,15,1,
202100031050,146 240,B01,0,7,0,2,1,26,1,
202100031051,146 236,D01,1,30,0,2,8,1,1,
202100031051,146 237,A01,1,7,0,2,1,26,1,
202100031051,146 238,C01,2,7,0,0,0,0,0,
202100031052,146 234,A01,2,7,0,2,1,17,1,
202100031052,146 235,B01,1,7,0,2,8,15,1,
202100031053,146 233,A01,1,7,0,1,1,15,1,
202100031054,146 232,A01,3,7,6,0,1,1,1,
202100031055,146 230,A01,3,13,0,2,4,26,0,
202100031055,146 231,B01,0,1,0,0,0,0,5,
202100031056,146 228,A01,1,30,0,2,1,1,1,
202100031056,146 229,B01,1,7,0,2,7,1,1,
202100031057,146 226,B01,2,50,0,2,0,15,3,
202100031057,146 227,A01,2,7,0,2,0,15,1,
202100031058,146 224,A01,2,1,0,2,7,1,5,
202100031058,146 225,B01,2,1,0,2,1,1,5,
202100031059,146 223,B01,3,7,0,1,3,1,1,
202100031060,146 221,A01,1,7,0,2,1,2,1,
202100031060,146 222,B01,1,7,0,2,4,1,1,
202100031061,146 219,B01,1,7,0,2,3,1,1,
202100031061,146 220,A01,1,7,0,2,1,1,1,
202100031062,146 218,A01,1,7,0,1,3,9,1,
202100031063,146 216,B01,1,7,0,2,3,1,1,
202100031063,146 217,A01,2,7,0,2,3,13,1,
202100031064,146 215,A01,1,7,0,1,2,17,1,
202100031065,146 214,A01,1,7,6,0,1,26,1,
202100031066,146 212,B01,1,10,0,9,4,0,1,
202100031066,146 213,A01,0,30,0,2,2,17,1,
202100031067,146 211,A01,3,7,0,1,1,0,1,
202100031068,146 208,A01,0,7,0,2,3,1,1,
202100031068,146 209,B01,0,1,0,2,7,1,5,
202100031069,146 207,A01,2,10,0,1,2,25,1,
202100031070,146 205,A01,1,10,0,2,2,15,1,
202100031070,146 206,B01,1,7,0,2,7,2,1,
202100031071,146 203,A01,3,7,0,2,6,9,1,
202100031071,146 204,B01,2,1,0,2,1,1,5,
202100031072,146 201,B01,1,1,0,2,0,0,0,
202100031072,146 202,A01,1,7,0,2,1,2,1,
202100031073,146 199,B01,1,7,0,2,5,23,1,
202100031073,146 200,A01,1,2,0,2,5,1,1,
202100031074,146 197,A01,1,7,0,2,5,4,1,
202100031074,146 198,B01,3,2,0,2,2,1,1,
202100031075,146 195,B01,2,31,0,2,1,1,1,
202100031075,146 196,A01,2,7,0,2,2,9,1,
202100031076,146 193,B01,0,2,0,2,7,1,1,
202100031076,146 194,A01,0,7,0,2,1,15,1,
202100031077,146 192,A01,2,30,0,0,8,1,1,
202100031078,146 190,A01,1,7,0,2,2,9,1,
202100031078,146 191,B01,1,1,0,2,0,2,5,
202100031079,146 189,A01,1,1,0,0,0,2,5,
202100031080,146 188,A01,1,7,12,0,1,19,1,
202100031081,146 186,A01,1,7,0,2,3,26,2,
202100031081,146 187,B01,1,7,0,2,2,26,1,
202100031082,146 184,A01,1,33,0,2,1,26,1,
202100031082,146 185,B01,1,7,0,2,4,26,1,
202100031083,146 183,A01,1,7,0,1,1,1,1,
202100031084,146 182,A01,1,7,1,0,1,26,1,
202100031085,146 180,B01,1,7,0,2,3,26,1,
202100031085,146 181,A01,1,7,0,2,3,26,1,
202100031086,146 177,C01,1,7,0,2,3,26,1,
202100031086,146 178,B01,1,1,0,2,0,0,5,
202100031086,146 179,A01,1,7,0,2,0,26,1,
202100031087,146 176,A01,1,7,3,0,0,21,1,
202100031088,146 174,A01,0,10,0,2,3,19,1,
202100031088,146 175,B01,1,2,0,2,9,1,1,
202100031089,146 172,A01,1,7,0,2,2,12,1,
202100031089,146 173,B01,2,7,0,2,3,15,1,
202100031090,146 170,B01,1,7,0,2,1,1,1,
202100031090,146 171,A01,2,7,0,2,1,6,1,
202100031091,146 168,B01,2,17,0,2,4,2,1,
202100031091,146 169,A01,2,7,0,2,1,2,1,
202100031092,146 166,B01,0,7,0,0,0,10,1,
202100031092,146 167,A01,0,33,0,2,3,17,1,
202100031093,146 165,A01,2,30,12,0,7,1,1,
202100031094,146 163,B01,2,7,0,2,3,1,1,
202100031094,146 164,A01,1,7,0,2,3,13,1,
202100031095,146 162,A01,1,33,0,0,0,1,1,
202100031096,146 158,A01,1,7,0,2,1,2,1,
202100031096,146 159,B01,1,7,0,2,4,23,1,
202100031097,146 154,B01,1,7,1,0,2,14,1,
202100031098,146 152,B01,3,50,0,2,7,16,3,
202100031098,146 153,A01,3,7,0,2,1,1,1,
202100031099,146 151,A01,3,7,0,1,2,1,1,
202100031100,146 150,A01,2,7,0,1,3,1,1,
202100031101,146 149,A01,3,1,12,0,7,16,5,
202100031102,146 147,A01,3,7,0,2,3,9,1,
202100031102,146 148,B01,3,7,0,2,2,1,1,
202100031103,146 146,A01,2,10,0,0,0,1,1,
202100031104,146 144,B01,1,7,0,2,8,15,1,
202100031104,146 145,A01,1,7,0,2,1,17,1,
202100031105,146 140,A01,1,7,0,2,1,1,1,
202100031105,146 141,B01,2,7,0,2,4,1,1,
202100031105,146 142,C01,2,7,0,2,4,1,1,
202100031105,146 143,D01,2,7,0,2,3,1,1,
202100031106,146 138,B01,1,7,0,2,4,1,1,
202100031106,146 139,A01,1,7,0,2,1,1,1,
202100031107,146 137,A01,1,7,0,1,1,1,1,
202100031108,146 135,B01,2,50,0,2,0,1,3,
202100031108,146 136,A01,2,7,0,2,0,1,0,
202100031109,146 134,A01,2,7,1,0,1,1,1,
202100031110,146 133,A01,1,7,0,1,3,1,1,
202100031111,146 131,A01,1,7,14,0,1,2,1,
202100031111,146 132,B01,1,7,0,2,4,23,1,
202100031112,146 129,A01,1,7,0,2,2,15,1,
202100031112,146 130,B01,2,31,0,2,1,1,1,
202100031113,146 127,A01,1,30,0,2,8,18,1,
202100031113,146 128,B01,1,7,0,2,2,16,1,
202100031114,146 125,A01,2,30,0,2,1,1,1,
202100031114,146 126,B01,2,7,0,2,3,1,1,
202100031115,146 123,B01,2,2,0,2,1,1,1,
202100031115,146 124,A01,1,7,0,2,3,17,1,
202100031116,146 122,A01,2,1,0,1,1,1,5,
202100031117,146 121,A01,1,7,2,0,1,1,1,
202100031118,146 119,B01,1,1,0,2,3,1,5,