Num_Acc,id_vehicule,num_veh,senc,catv,obs,obsm,choc,manv,motor,occutc
202100031118,146 120,A01,2,7,0,2,2,19,1,
202100031119,146 118,A01,3,10,0,1,5,4,1,
202100031120,146 116,A01,1,14,0,2,7,1,1,
202100031120,146 117,B01,1,80,0,2,8,13,3,
202100031121,146 114,B01,1,10,0,2,3,15,1,
202100031121,146 115,A01,1,30,0,2,1,1,1,
202100031122,146 112,B01,0,7,0,2,2,1,1,
202100031122,146 113,A01,0,7,0,2,3,10,1,
202100031123,146 110,B01,1,33,0,2,1,1,1,
202100031123,146 111,A01,2,7,0,2,5,15,1,
202100031124,146 108,A01,2,7,0,2,3,9,1,
202100031124,146 109,B01,1,1,0,2,2,1,5,
202100031125,146 106,B01,1,7,0,2,4,1,1,
202100031125,146 107,A01,1,7,0,2,1,1,1,
202100031126,146 105,Z01,2,7,0,1,1,1,1,
202100031127,146 103,B01,2,7,0,2,8,1,1,
202100031127,146 104,A01,2,7,9,2,7,17,1,
202100031128,146 101,A01,2,7,0,2,1,19,1,
202100031128,146 102,B01,1,7,0,2,2,1,1,
202100031129,146 099,A01,1,7,6,2,3,21,0,
202100031129,146 100,B01,1,7,0,2,1,19,0,
202100031130,146 097,A01,1,7,0,2,3,15,1,
202100031130,146 098,B01,1,33,0,2,1,1,1,
202100031131,146 095,A01,2,7,0,2,2,1,1,
202100031131,146 096,B01,1,7,0,2,8,1,1,
202100031132,146 094,A01,3,7,0,1,2,1,1,
202100031133,146 092,B01,3,50,0,9,7,19,3,
202100031133,146 093,A01,2,7,0,2,2,1,1,
202100031134,146 088,B01,1,7,0,2,0,0,1,
202100031134,146 089,C01,1,7,0,2,0,0,1,
202100031134,146 090,D01,1,7,0,2,0,0,2,
202100031134,146 091,A01,1,7,0,2,0,0,1,
202100031135,146 087,A01,2,7,0,1,2,26,1,
202100031136,146 084,A01,1,7,0,2,1,1,1,
202100031136,146 085,B01,1,7,0,2,4,1,1,
202100031136,146 086,C01,1,7,0,2,4,1,1,
202100031137,146 083,A01,1,7,1,0,2,14,1,
202100031138,146 081,B01,1,80,0,2,7,1,3,
202100031138,146 082,A01,1,7,0,2,3,1,1,
202100031139,146 079,B01,0,7,0,2,3,1,1,
202100031139,146 080,A01,0,7,0,2,3,13,1,
202100031140,146 077,B01,2,7,0,0,1,1,0,
202100031140,146 078,A01,1,7,0,0,0,1,0,
202100031141,146 075,A01,1,7,0,2,1,1,1,
202100031141,146 076,B01,1,50,0,2,1,19,3,
202100031142,146 073,A01,0,37,0,2,1,19,1,1.0
202100031142,146 074,B01,0,10,0,2,6,19,1,
202100031143,146 067,A01,2,7,0,2,8,19,1,
202100031143,146 068,B01,2,1,0,2,0,0,5,
202100031144,146 065,B01,2,7,0,2,3,1,1,
202100031144,146 066,A01,2,7,0,2,2,11,1,
202100031145,146 063,B01,2,7,0,2,1,2,1,
202100031145,146 064,A01,2,7,0,2,4,2,1,
202100031146,146 061,B01,1,2,0,2,1,1,1,
202100031146,146 062,A01,1,7,0,2,3,1,1,
202100031147,146 059,A01,1,7,0,2,1,1,1,
202100031147,146 060,B01,2,7,0,2,3,1,1,
202100031148,146 058,A01,1,7,0,1,2,25,1,
202100031149,146 056,B01,2,2,0,2,7,16,1,
202100031149,146 057,A01,1,7,0,2,3,9,1,
202100031150,146 053,B01,1,2,0,2,4,23,1,
202100031150,146 054,C01,1,7,0,0,1,1,1,
202100031150,146 055,A01,1,10,0,2,4,23,1,
202100031151,146 051,B01,3,50,0,2,1,2,3,
202100031151,146 052,A01,0,10,0,2,8,9,1,
202100031152,146 049,B01,3,1,0,2,4,9,0,
202100031152,146 050,A01,3,7,0,2,0,0,0,
202100031153,146 046,A01,1,7,0,2,2,2,1,
202100031153,146 047,B01,1,7,0,2,4,2,1,
202100031153,146 048,C01,1,7,0,2,4,2,1,
202100031154,146 045,A01,3,7,3,0,1,0,1,
202100031155,146 043,A01,3,10,0,2,3,15,1,
202100031155,146 044,B01,3,7,0,2,3,1,1,
202100031156,146 041,B01,1,15,0,2,2,2,1,
202100031156,146 042,A01,1,7,4,2,3,9,1,
202100031157,146 039,A01,1,99,0,0,1,26,1,
202100031157,146 040,B01,1,7,0,2,4,26,1,
202100031158,146 038,A01,1,7,8,0,1,26,1,
202100031159,146 037,Z01,0,7,0,1,0,0,0,
202100031160,146 036,A01,0,34,8,0,1,1,1,
202100031161,146 034,A01,1,7,0,2,2,16,1,
202100031161,146 035,B01,1,7,0,2,3,1,1,
202100031162,146 033,A01,2,31,12,0,0,1,1,
202100031163,146 031,B01,1,33,0,2,8,3,1,
202100031163,146 032,A01,1,7,0,2,7,12,2,
202100031164,146 029,A01,0,33,0,2,6,1,1,
202100031164,146 030,B01,0,32,0,2,7,0,1,
202100031165,146 027,A01,0,7,0,2,1,19,1,
202100031165,146 028,B01,0,7,9,2,3,1,1,
202100031166,146 025,A01,2,7,0,2,2,15,1,
202100031166,146 026,B01,1,32,0,2,0,1,1,
202100031167,146 023,B01,3,7,0,2,3,1,1,
202100031167,146 024,A01,3,30,0,2,1,14,1,
202100031168,146 021,A01,1,7,0,2,7,20,1,
202100031168,146 022,B01,1,7,0,2,5,1,1,
202100031169,146 019,B01,3,33,0,2,2,11,1,
202100031169,146 020,A01,3,7,0,2,6,11,1,
202100031170,146 017,B01,3,1,0,2,4,9,0,
202100031170,146 018,A01,2,7,0,2,2,1,1,
202100031171,146 015,B01,1,7,6,0,3,21,1,
202100031171,146 016,A01,2,7,0,0,0,19,1,
202100031172,146 013,A01,2,7,0,2,1,19,1,
202100031172,146 014,B01,2,7,0,2,2,1,1,
202100031173,146 011,B01,2,7,0,2,4,0,1,
202100031173,146 012,A01,2,7,0,2,1,26,1,
202100031174,146 009,A01,3,7,0,2,1,19,1,
202100031174,146 010,B01,3,7,0,2,6,1,1,
202100031175,146 008,A01,1,32,8,0,1,18,1,
202100031176,146 006,A01,1,30,0,2,1,26,6,
202100031176,146 007,B01,1,7,0,2,8,15,0,
202100031177,146 005,A01,2,7,0,0,1,14,1,
202100031178,146 003,A01,2,7,0,2,8,11,1,
202100031178,146 004,B01,2,33,0,2,1,17,1,
202100031179,146 002,A01,1,7,0,1,1,1,1,
202100031180,146 001,A01,2,7,1,0,2,26,3,
202100031181,146 000,A01,2,7,0,1,1,16,1,
202100031182,145 998,B01,1,2,0,2,1,17,1,
202100031182,145 999,A01,1,7,0,2,3,15,1,
202100031183,145 996,A01,1,7,0,2,2,15,1,
202100031183,145 997,B01,2,7,0,2,1,1,1,
202100031184,145 994,B01,1,7,0,2,7,1,1,
202100031184,145 995,A01,3,7,0,2,1,9,1,
202100031185,145 992,A01,3,7,0,2,2,15,0,
202100031185,145 993,B01,3,1,0,2,3,9,0,
202100031186,145 990,B01,2,2,0,2,1,17,1,
202100031186,145 991,A01,2,7,0,2,3,15,1,
202100031187,145 988,A01,0,3,0,2,1,9,1,
202100031187,145 989,B01,0,7,8,2,3,1,1,
202100031188,145 986,A01,1,10,0,2,8,11,0,
202100031188,145 987,B01,1,33,0,2,8,1,1,
202100031189,145 985,A01,2,33,0,0,8,1,1,
202100031190,145 983,A01,1,7,0,2,8,13,1,
202100031190,145 984,B01,1,33,0,2,1,17,1,
202100031191,145 982,A01,1,7,0,1,0,1,0,
202100031192,145 981,A01,2,1,0,1,7,1,5,
202100031193,145 980,A01,1,1,1,0,0,21,5,
202100031194,145 978,A01,1,50,0,2,0,16,3,
202100031194,145 979,Z01,1,31,0,2,0,1,0,
202100031195,145 976,A01,1,30,0,2,8,13,3,
202100031195,145 977,B01,1,7,0,2,7,17,1,
202100031196,145 974,A01,2,7,0,2,1,2,1,
202100031196,145 975,B01,2,32,0,2,4,23,1,
202100031197,145 973,A01,2,7,0,1,5,4,1,
202100031198,145 971,A01,2,7,0,2,1,1,1,
202100031198,145 972,B01,2,1,0,2,1,9,5,
202100031199,145 970,A01,3,30,14,0,0,21,1,
202100031200,145 969,A01,2,50,0,1,1,1,3,
202100031201,145 968,Z01,2,7,0,1,0,1,0,
202100031202,145 966,B01,2,7,0,2,1,15,1,
202100031202,145 967,A01,1,2,0,2,1,3,1,
202100031203,145 964,A01,1,32,0,2,0,17,0,
202100031203,145 965,B01,2,14,0,2,7,12,1,
202100031204,145 962,A01,2,7,0,2,6,15,1,
202100031204,145 963,B01,2,33,0,2,2,17,1,
202100031205,145 960,B01,3,37,0,2,1,1,1,2.0
202100031205,145 961,A01,3,7,0,2,6,10,1,
202100031206,145 958,A01,1,7,0,2,1,2,1,
202100031206,145 959,B01,1,7,0,2,6,10,1,
202100031207,145 956,A01,1,7,0,2,1,23,1,
202100031207,145 957,B01,2,43,14,0,1,1,1,
202100031208,145 955,A01,1,7,-1,0,8,1,1,
202100031209,145 953,B01,3,7,0,2,8,1,1,
202100031209,145 954,A01,3,7,0,2,3,15,1,
202100031210,145 951,B01,0,32,0,2,2,26,1,
202100031210,145 952,A01,0,7,0,2,3,26,1,
202100031211,145 949,B01,2,2,0,2,1,2,1,
202100031211,145 950,A01,2,7,0,2,4,2,1,
202100031212,145 948,A01,1,7,8,0,1,2,1,
202100031213,145 947,A01,3,7,0,1,3,26,6,
202100031214,145 945,B01,2,1,0,2,3,0,0,
202100031214,145 946,A01,2,7,0,2,3,23,0,
202100031215,145 944,A01,3,7,1,1,2,0,0,
202100031216,145 942,B01,3,50,0,2,1,5,3,
202100031216,145 943,A01,3,7,0,2,1,9,2,
202100031217,145 940,A01,1,33,0,2,1,26,1,
202100031217,145 941,B01,1,34,0,2,1,0,1,
202100031218,145 939,A01,0,33,0,0,0,0,1,
202100031219,145 937,B01,1,32,0,2,6,1,1,
202100031219,145 938,A01,2,10,0,2,3,15,1,
202100031220,145 936,A01,1,7,1,0,2,14,1,
202100031221,145 934,A01,1,10,0,2,2,12,1,
202100031221,145 935,B01,1,32,0,2,3,1,1,
202100031222,145 932,A01,2,31,0,0,5,15,1,
202100031222,145 933,B01,2,33,0,2,1,2,1,
202100031223,145 931,A01,1,33,0,0,2,1,1,
202100031224,145 929,B01,1,7,0,2,1,1,1,
202100031224,145 930,A01,2,7,0,2,1,13,1,
202100031225,145 926,A01,0,7,0,0,0,26,1,
202100031226,145 924,B01,2,7,0,0,1,1,1,
202100031226,145 925,A01,2,7,0,2,1,13,1,
202100031227,145 922,B01,2,7,0,2,7,17,1,
202100031227,145 923,A01,2,33,0,2,8,17,1,
202100031228,145 920,A01,2,7,0,2,1,17,1,
202100031228,145 921,B01,1,33,0,2,1,1,1,
202100031229,145 919,A01,1,7,6,0,1,1,1,
202100031230,145 918,A01,0,33,0,0,7,1,1,
202100031231,145 916,A01,0,7,0,2,7,12,1,
202100031231,145 917,B01,3,33,0,2,3,1,1,
202100031232,145 914,A01,2,7,0,2,2,1,1,
202100031232,145 915,B01,1,7,0,2,2,13,1,
202100031233,145 913,A01,2,7,8,0,1,1,1,
202100031234,145 912,A01,1,33,13,0,1,1,1,
202100031235,145 909,A01,0,3,15,0,1,0,1,
202100031236,145 907,A01,1,7,0,2,7,13,1,
202100031236,145 908,B01,2,7,0,2,1,1,1,
202100031237,145 906,A01,1,7,0,1,3,1,1,
202100031238,145 903,C01,2,7,0,2,2,1,1,
202100031238,145 904,A01,1,7,0,2,1,19,1,
202100031238,145 905,B01,2,7,0,2,1,1,2,
202100031239,145 902,A01,2,7,2,0,8,1,1,
202100031240,145 900,A01,2,7,3,9,1,26,1,
202100031240,145 901,B01,1,1,0,2,1,1,5,
202100031241,145 898,A01,2,7,0,2,3,11,1,
202100031241,145 899,B01,1,7,0,2,3,1,1,
202100031242,145 897,A01,3,2,0,0,7,1,1,
202100031243,145 896,A01,2,30,1,0,0,1,1,
202100031244,145 894,A01,2,33,0,2,1,17,1,
202100031244,145 895,B01,1,7,0,2,1,1,1,
202100031245,145 893,A01,1,33,7,0,1,1,1,
202100031246,145 892,A01,0,33,6,0,7,1,1,
202100031247,145 890,A01,1,7,0,2,2,15,1,
202100031247,145 891,B01,1,2,0,2,8,16,1,
202100031248,145 887,B01,2,7,0,2,4,15,1,
202100031248,145 888,A01,2,31,0,2,1,2,1,
202100031249,145 886,A01,1,33,13,0,0,14,1,
202100031250,145 885,A01,1,33,0,0,0,1,1,
202100031251,145 883,A01,2,7,0,2,3,17,1,
202100031251,145 884,B01,1,33,0,2,2,1,1,
202100031252,145 882,A01,1,2,0,0,8,9,1,
202100031253,145 881,A01,2,33,15,0,1,1,1,
202100031254,145 879,A01,2,1,0,2,4,0,5,
202100031254,145 880,B01,1,7,0,2,2,2,1,
202100031255,145 877,A01,2,7,0,2,1,2,1,
202100031255,145 878,B01,1,10,0,2,1,13,1,
202100031256,145 875,A01,2,7,0,2,2,2,1,
202100031256,145 876,B01,2,17,0,0,6,2,1,
202100031257,145 872,A01,2,7,3,2,3,2,1,
202100031257,145 873,B01,2,7,0,2,4,1,1,
202100031257,145 874,C01,1,7,16,2,2,1,1,
202100031258,145 870,A01,2,7,0,2,1,1,1,
202100031258,145 871,B01,1,10,0,2,1,5,1,
202100031259,145 868,B01,1,17,0,2,4,2,1,
202100031259,145 869,A01,1,7,0,2,1,1,1,
202100031260,145 867,A01,2,7,17,0,1,1,1,
202100031261,145 865,A01,1,3,0,2,1,1,1,
202100031261,145 866,B01,2,7,0,2,1,1,1,
202100031262,145 863,A01,3,10,0,0,6,2,1,
202100031262,145 864,B01,3,2,0,2,1,26,1,
202100031263,145 861,B01,1,7,0,2,1,1,1,
202100031263,145 862,A01,1,7,0,2,3,1,1,
202100031264,145 858,C01,2,7,0,2,6,15,1,
202100031264,145 859,A01,1,7,0,2,3,16,1,
202100031264,145 860,B01,1,7,0,2,1,1,1,
202100031265,145 855,C01,2,7,0,2,1,1,1,
202100031265,145 856,B01,2,7,0,2,1,1,1,
202100031265,145 857,A01,1,7,0,2,1,13,1,
202100031266,145 853,A01,1,33,0,2,8,1,1,
202100031266,145 854,B01,2,7,0,2,8,1,2,
202100031267,145 852,A01,1,7,0,1,3,19,1,
202100031268,145 850,B01,2,7,0,2,1,1,1,
202100031268,145 851,A01,1,7,0,2,1,1,1,
202100031269,145 848,A01,1,7,0,2,3,10,1,
202100031269,145 849,B01,2,32,0,2,1,1,1,
202100031270,145 846,A01,2,7,0,2,2,19,1,
202100031270,145 847,B01,2,33,0,2,1,1,1,
202100031271,145 845,A01,3,7,13,0,8,1,1,
202100031272,145 844,A01,3,1,0,0,9,1,5,
202100031273,145 842,A01,1,7,0,2,7,13,1,
202100031273,145 843,B01,2,7,0,2,1,1,1,
202100031274,145 840,A01,0,7,0,2,5,15,1,
202100031274,145 841,B01,3,33,0,2,1,1,1,
202100031275,145 838,B01,2,2,0,2,1,1,1,
202100031275,145 839,A01,2,2,0,0,4,15,1,
202100031276,145 837,A01,2,2,0,6,0,0,1,
202100031277,145 836,A01,2,7,0,1,3,1,1,
202100031278,145 834,A01,3,33,0,0,8,26,1,
202100031278,145 835,B01,3,1,0,0,1,0,5,
202100031279,145 833,A01,1,7,13,0,0,2,1,
202100031280,145 830,A01,1,7,4,0,8,21,1,
202100031280,145 831,B01,1,7,0,0,4,2,1,
202100031280,145 832,C01,1,7,0,0,1,2,1,
202100031281,145 826,A01,2,10,0,2,1,2,1,
202100031281,145 827,B01,2,7,0,2,4,2,1,
202100031281,145 828,C01,2,7,0,2,4,2,1,
202100031281,145 829,D01,2,7,0,2,4,2,1,
202100031282,145 822,A01,1,7,0,2,1,2,1,
202100031282,145 823,B01,1,7,0,2,4,2,1,
202100031282,145 824,C01,1,7,0,2,4,2,0,
202100031282,145 825,D01,1,7,0,2,4,2,0,
202100031283,145 820,A01,2,32,0,2,2,3,1,
202100031283,145 821,B01,2,7,0,2,6,11,0,
202100031284,145 818,A01,2,7,0,2,1,17,1,
202100031284,145 819,B01,2,7,0,2,4,2,1,
202100031285,145 816,A01,2,32,0,2,2,2,1,
202100031285,145 817,B01,2,7,0,2,3,2,1,
202100031286,145 815,A01,2,7,3,0,1,1,1,
202100031287,145 814,A01,2,31,0,0,9,1,1,
202100031288,145 812,B01,1,7,0,2,4,2,1,
202100031288,145 813,A01,1,33,0,2,1,1,1,
202100031289,145 809,B01,2,7,0,2,7,2,1,
202100031289,145 810,C01,2,7,0,2,6,2,1,
202100031289,145 811,A01,2,33,0,2,8,3,1,
202100031290,145 807,B01,1,7,0,2,2,14,1,
202100031290,145 808,A01,1,32,0,2,1,18,1,
202100031291,145 805,A01,1,32,0,2,4,2,1,
202100031291,145 806,Z01,1,32,0,2,1,2,0,
202100031292,145 803,A01,1,1,0,2,7,1,5,
202100031292,145 804,B01,2,1,0,2,1,16,5,
202100031293,145 801,B01,2,50,0,2,1,1,3,
202100031293,145 802,A01,2,7,0,2,3,15,1,
202100031294,145 800,A01,1,7,0,1,1,1,1,
202100031295,145 799,A01,1,7,0,1,1,1,1,
202100031296,145 797,B01,3,30,0,2,1,1,1,
202100031296,145 798,A01,3,10,0,2,7,1,1,
202100031297,145 796,A01,3,50,14,0,0,1,3,
202100031298,145 794,A01,1,43,0,2,5,17,1,
202100031298,145 795,B01,1,14,0,2,3,1,1,
202100031299,145 792,B01,2,1,0,2,1,1,5,
202100031299,145 793,A01,2,7,0,2,3,15,1,
202100031300,145 791,A01,1,34,14,0,1,14,1,
202100031301,145 790,A01,2,30,8,0,1,16,3,
202100031302,145 788,Z01,1,30,0,2,0,14,1,
202100031302,145 789,A01,1,32,0,2,8,1,1,
202100031303,145 787,A01,1,1,0,1,1,1,5,
202100031304,145 785,B01,1,7,0,2,1,16,1,
202100031304,145 786,A01,1,43,0,2,1,1,1,
202100031305,145 783,A01,2,7,0,2,1,2,1,
202100031305,145 784,B01,2,32,0,2,4,23,1,
202100031306,145 781,A01,1,7,0,2,1,16,1,
202100031306,145 782,B01,1,50,0,2,7,19,3,
202100031307,145 779,A01,2,1,0,2,2,13,5,
202100031307,145 780,B01,1,50,0,2,3,1,3,
202100031308,145 777,B01,2,32,0,2,2,1,1,
202100031308,145 778,A01,2,7,0,2,3,15,1,
202100031309,145 775,B01,1,7,0,2,5,26,1,
202100031309,145 776,A01,1,7,0,2,1,0,1,
202100031310,145 773,A01,2,10,0,2,1,1,1,
202100031310,145 774,B01,2,7,0,2,7,15,1,
202100031311,145 771,A01,2,33,0,2,1,18,1,
202100031311,145 772,B01,2,7,0,2,2,16,1,
202100031312,145 769,B01,1,31,0,2,1,2,1,
202100031312,145 770,A01,1,7,0,2,3,10,1,
202100031313,145 767,B01,3,7,0,2,3,1,1,
202100031313,145 768,A01,3,7,0,2,2,1,1,
202100031314,145 766,A01,1,30,0,1,1,2,1,
202100031315,145 763,A01,1,7,0,2,6,9,1,
202100031315,145 764,C01,2,7,0,2,7,1,1,
202100031315,145 765,B01,2,43,0,2,1,1,1,
202100031316,145 761,A01,2,7,0,2,1,26,1,
202100031316,145 762,B01,2,13,0,2,0,0,1,
202100031317,145 759,Z01,1,7,0,2,1,10,1,
202100031317,145 760,B01,1,43,3,2,3,1,1,
202100031318,145 758,A01,2,7,0,1,1,17,1,
202100031319,145 757,A01,3,30,0,1,3,26,1,
202100031320,145 756,A01,3,33,0,2,1,25,1,
202100031321,145 754,B01,3,30,0,2,8,11,1,
202100031321,145 755,A01,3,37,0,2,2,1,1,3.0
202100031322,145 753,A01,2,10,3,0,1,1,1,
202100031323,145 751,A01,1,33,0,2,1,16,1,
202100031323,145 752,B01,1,10,0,2,5,15,1,
202100031324,145 749,A01,0,2,0,2,1,9,1,
202100031324,145 750,B01,3,7,0,2,3,1,1,
202100031325,145 747,A01,1,33,0,2,4,23,1,
202100031325,145 748,B01,1,7,0,2,1,1,1,
202100031326,145 745,A01,2,7,0,2,8,11,1,
202100031326,145 746,B01,2,33,0,2,7,2,1,
202100031327,145 744,A01,3,10,0,1,3,15,1,
202100031328,145 742,B01,1,2,0,2,4,1,3,
202100031328,145 743,A01,1,7,0,2,1,2,1,
202100031329,145 740,B01,2,30,0,2,2,3,1,
202100031329,145 741,A01,2,7,0,2,6,1,1,
202100031330,145 738,A01,2,15,0,2,2,12,1,
202100031330,145 739,B01,2,1,0,2,1,1,0,
202100031331,145 736,B01,3,37,0,2,6,23,1,1.0
202100031331,145 737,A01,3,33,1,1,3,17,1,
202100031332,145 734,A01,2,30,0,2,8,1,1,
202100031332,145 735,B01,2,32,0,2,7,16,1,
202100031333,145 732,A01,2,10,0,2,3,22,1,
202100031333,145 733,B01,2,1,1,0,2,1,5,
202100031334,145 731,A01,1,31,0,0,8,21,1,
202100031335,145 729,B01,1,31,0,2,8,1,1,
202100031335,145 730,A01,1,7,0,2,0,15,1,
202100031336,145 728,A01,1,7,13,0,0,1,1,
202100031337,145 726,A01,2,7,0,2,3,13,1,
202100031337,145 727,B01,1,7,0,2,3,1,1,
202100031338,145 724,B01,1,7,0,2,2,15,1,
202100031338,145 725,A01,1,33,0,2,1,1,1,
202100031339,145 723,A01,1,7,8,0,7,0,1,
202100031340,145 722,A01,1,33,0,0,8,15,1,
202100031341,145 721,A01,2,7,4,0,0,17,1,
202100031342,145 719,A01,1,7,0,2,2,13,1,
202100031342,145 720,B01,2,10,0,2,1,1,1,
202100031343,145 717,A01,2,15,0,2,1,1,6,
202100031343,145 718,C01,2,17,3,0,3,0,6,
202100031344,145 715,A01,3,2,0,2,1,13,1,
202100031344,145 716,B01,0,7,0,2,3,1,1,
202100031345,145 714,A01,1,10,2,0,1,13,4,
202100031346,145 713,A01,1,7,13,0,3,13,1,
202100031347,145 710,A01,1,7,0,2,1,1,1,
202100031347,145 711,B01,1,7,0,2,4,23,1,
202100031347,145 712,C01,2,7,0,2,3,1,1,
202100031348,145 709,A01,1,33,15,0,1,1,1,
202100031349,145 707,B01,1,7,0,0,6,2,1,
202100031349,145 708,A01,1,33,0,2,1,2,1,
202100031350,145 705,B01,1,7,0,2,1,17,1,
202100031350,145 706,A01,2,33,0,2,1,1,1,
202100031351,145 704,A01,3,7,8,0,3,13,1,
202100031352,145 702,B01,1,7,0,2,1,1,1,
202100031352,145 703,A01,2,7,0,2,7,13,1,
202100031353,145 699,B01,3,7,0,2,1,0,1,
202100031353,145 700,G01,3,7,0,2,6,0,-1,
202100031353,145 701,A01,3,33,0,2,1,17,1,
202100031354,145 698,A01,1,7,15,0,1,13,1,
202100031355,145 697,A01,3,1,0,0,0,1,5,
202100031356,145 696,A01,1,7,13,0,1,16,1,
202100031357,145 695,A01,3,1,0,0,0,0,5,
202100031358,145 693,B01,2,7,0,2,8,1,1,
202100031358,145 694,A01,2,10,0,2,3,16,1,
202100031359,145 692,A01,2,7,2,0,2,1,1,
202100031360,145 690,A01,2,7,0,2,2,17,1,
202100031360,145 691,B01,2,21,0,2,3,15,1,
202100031361,145 689,A01,2,7,13,0,1,1,1,
202100031362,145 688,A01,0,2,0,0,0,1,1,
202100031363,145 687,A01,1,7,15,0,8,1,1,
202100031364,145 685,A01,1,7,0,2,1,15,1,
202100031364,145 686,B01,2,7,0,2,1,1,1,
202100031365,145 684,A01,2,7,13,0,9,13,1,
202100031366,145 682,A01,1,7,0,2,3,10,1,
202100031366,145 683,B01,1,33,0,2,1,1,1,
202100031367,145 680,B01,1,1,0,2,3,2,5,
202100031367,145 681,A01,1,7,0,2,2,2,0,
202100031368,145 676,B01,2,7,0,2,3,1,1,
202100031368,145 677,A01,1,7,0,2,3,13,1,
202100031369,145 675,A01,1,7,0,1,7,1,1,
202100031370,145 673,B01,2,17,0,2,6,1,1,
202100031370,145 674,A01,2,33,0,2,2,17,1,
202100031371,145 672,A01,1,33,0,1,2,21,1,
202100031372,145 670,A01,1,7,0,2,7,19,1,
202100031372,145 671,B01,1,21,0,2,2,1,1,
202100031373,145 668,B01,2,7,0,2,1,0,0,
202100031373,145 669,A01,2,2,0,0,4,1,1,
202100031374,145 666,B01,2,7,0,2,6,1,1,
202100031374,145 667,A01,2,7,0,2,2,17,1,
202100031375,145 665,A01,0,7,8,0,7,1,0,
202100031376,145 664,A01,2,33,0,0,0,1,1,
202100031377,145 663,A01,2,10,0,0,9,13,1,
202100031378,145 661,A01,2,7,0,2,2,17,1,
202100031378,145 662,B01,2,2,0,2,3,15,1,
202100031379,145 659,A01,1,2,0,2,5,15,1,
202100031379,145 660,B01,2,7,0,2,2,1,1,
202100031380,145 658,A01,2,7,13,0,0,1,1,
202100031381,145 656,A01,2,7,0,2,5,17,3,
202100031381,145 657,B01,2,33,13,2,8,17,1,
202100031382,145 655,A01,3,7,2,0,1,1,1,
202100031383,145 654,A01,1,7,0,1,5,19,1,
202100031384,145 653,A01,2,7,0,1,2,1,2,
202100031385,145 651,B01,0,7,0,0,2,20,1,
202100031385,145 652,A01,0,30,0,2,1,18,1,
202100031386,145 649,A01,1,7,0,2,1,19,1,
202100031386,145 650,B01,2,7,0,0,7,1,1,
202100031387,145 648,A01,1,33,0,0,1,1,1,
202100031388,145 646,B01,1,1,0,2,4,2,5,
202100031388,145 647,A01,1,7,0,9,1,2,1,
202100031389,145 644,B01,1,33,0,2,2,1,1,
202100031389,145 645,A01,3,7,0,2,3,9,1,
202100031390,145 643,A01,1,7,17,0,1,1,1,
202100031391,145 641,A01,3,7,0,9,5,1,1,
202100031391,145 642,B01,3,1,0,2,1,1,5,
202100031392,145 640,A01,2,7,2,0,0,2,1,
202100031393,145 638,A01,1,2,0,2,1,3,1,
202100031393,145 639,B01,1,7,0,2,3,15,1,
202100031394,145 637,A01,1,2,12,0,1,16,1,
202100031395,145 636,A01,2,2,1,0,1,2,1,
202100031396,145 634,B01,0,7,0,2,3,19,1,
202100031396,145 635,A01,0,30,0,2,3,19,1,
202100031397,145 633,A01,1,7,0,0,8,1,1,
202100031398,145 631,B01,2,7,0,2,2,1,1,
202100031398,145 632,A01,1,33,0,2,4,5,1,
202100031399,145 630,A01,1,43,3,0,7,14,1,
202100031400,145 629,A01,2,7,3,0,1,14,1,
202100031401,145 627,A01,2,7,0,2,1,13,1,
202100031401,145 628,B01,2,7,0,2,4,2,1,
202100031402,145 624,A01,1,7,0,2,8,11,1,
202100031402,145 625,B01,1,7,0,2,6,1,1,
202100031402,145 626,C01,1,34,0,2,1,1,1,
202100031403,145 622,B01,1,7,0,2,4,11,1,
202100031403,145 623,A01,1,33,0,2,1,3,1,
202100031404,145 618,D01,1,7,0,2,4,2,1,
202100031404,145 619,C01,1,7,4,2,4,2,1,
202100031404,145 620,B01,1,7,0,2,1,2,1,
202100031404,145 621,A01,1,7,0,2,1,2,1,
202100031405,145 616,A01,2,32,0,2,6,3,1,
202100031405,145 617,B01,2,7,0,2,6,11,1,
202100031406,145 613,A01,1,7,0,2,1,1,1,
202100031406,145 614,B01,1,7,0,2,4,1,1,
202100031406,145 615,C01,1,7,0,2,3,9,1,
202100031407,145 611,A01,2,7,4,2,9,0,1,
202100031407,145 612,B01,2,17,0,2,3,0,1,
202100031408,145 609,A01,1,33,0,2,3,9,1,
202100031408,145 610,B01,1,7,0,2,2,1,1,
202100031409,145 607,A01,2,33,0,2,1,3,1,
202100031409,145 608,B01,2,7,0,2,4,11,1,
202100031410,145 604,C01,2,7,0,2,3,2,1,
202100031410,145 605,B01,2,7,0,2,3,0,1,
202100031410,145 606,A01,2,15,0,2,1,2,1,
202100031411,145 602,A01,1,7,0,2,4,1,1,
202100031411,145 603,B01,1,7,0,2,1,1,1,
202100031412,145 600,B01,1,7,0,2,1,1,1,
202100031412,145 601,A01,1,2,0,2,1,5,1,
202100031413,145 598,A01,1,7,0,2,1,2,1,
202100031413,145 599,B01,1,7,0,2,5,15,1,
202100031414,145 596,A01,1,7,0,2,8,1,1,
202100031414,145 597,Z01,1,17,0,2,7,12,0,
202100031415,145 593,C01,2,10,0,2,5,2,1,
202100031415,145 594,B01,2,32,0,2,7,1,1,