Num_Acc,id_vehicule,num_veh,senc,catv,obs,obsm,choc,manv,motor,occutc
202100032004,144 537,A01,2,33,16,0,7,15,1,
202100032005,144 535,B01,1,10,0,2,4,0,1,
202100032005,144 536,A01,1,50,0,2,1,2,3,
202100032006,144 533,B01,1,7,1,2,3,1,1,
202100032006,144 534,A01,2,7,0,2,1,15,1,
202100032007,144 531,A01,2,3,0,2,3,9,2,
202100032007,144 532,B01,2,2,0,2,2,1,1,
202100032008,144 530,A01,1,33,0,0,3,1,1,
202100032009,144 529,A01,2,33,7,0,1,1,1,
202100032010,144 528,A01,1,33,0,0,8,1,1,
202100032011,144 526,A01,1,7,0,2,4,12,1,
202100032011,144 527,B01,1,10,0,2,1,1,1,
202100032012,144 524,A01,1,7,0,2,1,1,1,
202100032012,144 525,B01,2,7,0,2,1,1,1,
202100032013,144 523,A01,1,33,0,0,8,0,0,
202100032014,144 521,A01,1,14,0,2,7,17,1,
202100032014,144 522,B01,1,32,0,2,8,2,1,
202100032015,144 519,A01,1,7,0,0,1,13,1,
202100032015,144 520,B01,2,10,6,0,3,1,1,
202100032016,144 518,A01,0,2,0,0,0,0,1,
202100032017,144 517,A01,1,7,6,0,1,13,2,
202100032018,144 515,B01,2,7,7,2,1,1,1,
202100032018,144 516,A01,1,7,13,2,7,19,1,
202100032019,144 512,A01,3,7,0,2,1,1,1,
202100032019,144 513,B01,3,7,0,2,4,1,1,
202100032019,144 514,C01,3,7,0,2,4,1,1,
202100032020,144 511,A01,1,7,13,0,1,1,1,
202100032021,144 509,A01,0,7,0,2,3,5,1,
202100032021,144 510,B01,0,7,0,2,3,1,1,
202100032022,144 507,A01,2,7,0,2,3,9,1,
202100032022,144 508,B01,2,31,0,0,5,15,1,
202100032023,144 506,A01,1,33,0,0,1,14,1,
202100032024,144 505,A01,2,33,0,0,9,21,1,
202100032025,144 503,A01,0,7,0,2,1,15,1,
202100032025,144 504,B01,2,7,0,2,2,1,1,
202100032026,144 501,A01,2,7,0,2,8,9,1,
202100032026,144 502,B01,1,7,0,2,1,1,1,
202100032027,144 499,B01,2,7,2,2,3,1,1,
202100032027,144 500,A01,1,7,0,2,2,15,1,
202100032028,144 497,B01,0,32,0,2,1,1,1,
202100032028,144 498,A01,0,7,0,2,8,10,1,
202100032029,144 496,A01,2,1,0,0,0,1,5,
202100032030,144 494,A01,0,7,0,2,1,19,1,
202100032030,144 495,B01,2,7,0,2,2,1,1,
202100032031,144 492,A01,2,7,0,0,3,26,1,
202100032031,144 493,B01,1,2,0,0,1,1,1,
202100032032,144 491,A01,1,7,0,1,8,1,0,
202100032033,144 489,B01,2,1,0,2,1,1,5,
202100032033,144 490,A01,3,7,0,2,8,1,1,
202100032034,144 487,A01,1,33,0,2,2,17,1,
202100032034,144 488,B01,1,16,0,2,3,15,1,
202100032035,144 486,A01,1,7,0,0,0,26,1,
202100032036,144 485,A01,1,7,2,0,2,0,1,
202100032037,144 483,A01,2,7,0,2,3,13,1,
202100032037,144 484,B01,1,7,0,2,3,1,1,
202100032038,144 482,A01,1,7,0,1,3,15,1,
202100032039,144 480,A01,1,33,0,2,8,17,1,
202100032039,144 481,B01,2,7,0,2,8,1,1,
202100032040,144 478,B01,1,7,0,2,3,2,1,
202100032040,144 479,A01,1,10,0,0,5,2,1,
202100032041,144 477,A01,2,33,13,0,3,0,1,
202100032042,144 476,A01,2,7,4,0,8,1,1,
202100032043,144 475,A01,1,33,0,0,4,1,1,
202100032044,144 474,A01,2,7,2,0,9,21,1,
202100032045,144 472,A01,1,10,7,2,1,9,1,
202100032045,144 473,B01,2,7,0,2,8,1,2,
202100032046,144 471,A01,1,7,0,0,0,0,1,
202100032047,144 469,A01,2,7,0,9,1,1,1,
202100032047,144 470,B01,2,1,0,2,3,19,5,
202100032048,144 468,A01,3,2,0,0,9,1,1,
202100032049,144 466,B01,1,33,0,2,1,1,1,
202100032049,144 467,A01,2,7,0,2,2,15,1,
202100032050,144 463,A01,1,7,13,0,2,0,1,
202100032051,144 461,A01,2,7,3,0,1,1,1,
202100032052,144 460,A01,1,7,4,0,2,0,1,
202100032053,144 458,A01,2,7,0,2,1,14,1,
202100032053,144 459,B01,2,7,4,2,4,14,1,
202100032054,144 456,B01,2,7,4,2,4,2,2,
202100032054,144 457,A01,2,7,4,2,1,2,1,
202100032055,144 454,B01,1,7,0,2,4,0,1,
202100032055,144 455,A01,1,17,0,2,1,1,1,
202100032056,144 448,F01,2,7,0,2,4,1,0,
202100032056,144 449,E01,2,7,0,2,4,1,0,
202100032056,144 450,D01,2,7,0,2,4,0,1,
202100032056,144 451,C01,2,7,0,2,1,2,1,
202100032056,144 452,B01,2,7,0,2,4,1,1,
202100032056,144 453,A01,2,7,0,2,1,1,1,
202100032057,144 447,A01,1,7,0,0,1,1,1,
202100032058,144 446,A01,1,7,4,0,1,9,1,
202100032059,144 442,B01,1,7,0,2,3,2,1,
202100032059,144 443,C01,1,7,0,2,2,1,1,
202100032059,144 444,D01,1,7,0,2,4,2,1,
202100032059,144 445,A01,1,7,0,2,9,2,1,
202100032060,144 440,A01,1,33,0,2,3,3,1,
202100032060,144 441,B01,1,7,3,2,2,1,1,
202100032061,144 439,A01,1,7,4,0,1,1,1,
202100032062,144 438,A01,1,7,4,0,1,1,1,
202100032063,144 436,A01,1,33,0,2,1,2,1,
202100032063,144 437,B01,1,7,0,2,4,2,1,
202100032064,144 435,A01,2,7,4,0,8,12,1,
202100032065,144 434,A01,1,7,4,0,1,26,1,
202100032066,144 432,A01,1,7,0,2,1,5,1,
202100032066,144 433,B01,2,7,0,2,1,1,1,
202100032067,144 430,B01,2,7,0,2,7,12,1,
202100032067,144 431,A01,2,32,0,2,3,3,1,
202100032068,144 427,B01,1,33,0,2,8,1,1,
202100032068,144 428,A01,1,7,0,2,5,12,1,
202100032069,144 425,B01,1,7,0,2,4,26,1,
202100032069,144 426,A01,1,7,0,2,1,2,1,
202100032070,144 424,A01,2,33,4,0,2,17,1,
202100032071,144 421,A01,1,7,0,1,4,4,1,
202100032072,144 420,A01,3,10,0,1,1,1,1,
202100032073,144 419,A01,2,7,0,1,2,18,1,
202100032074,144 417,A01,3,30,0,2,0,17,0,
202100032074,144 418,B01,3,7,0,2,3,15,1,
202100032075,144 416,A01,1,33,8,0,8,17,1,
202100032076,144 414,Z01,2,7,0,2,8,15,6,
202100032076,144 415,B01,1,2,0,2,8,1,6,
202100032077,144 412,A01,1,7,0,2,8,15,1,
202100032077,144 413,B01,1,99,0,2,1,1,6,
202100032078,144 411,A01,0,0,0,0,0,0,0,
202100032079,144 409,A01,1,7,0,2,7,1,1,
202100032079,144 410,B01,1,7,0,2,1,16,1,
202100032080,144 407,B01,2,7,0,2,4,2,1,
202100032080,144 408,A01,2,10,0,2,1,2,1,
202100032081,144 405,A01,1,1,8,2,1,15,5,
202100032081,144 406,B01,1,7,8,2,3,1,1,
202100032082,144 403,A01,1,7,0,2,6,19,1,
202100032082,144 404,B01,1,7,0,2,1,1,1,
202100032083,144 401,B01,1,1,0,2,5,1,5,
202100032083,144 402,A01,1,7,0,2,3,9,1,
202100032084,144 399,A01,2,7,0,2,6,1,1,
202100032084,144 400,B01,2,7,0,2,1,2,1,
202100032085,144 397,B01,2,33,0,0,0,0,1,
202100032085,144 398,A01,2,7,0,2,1,1,1,
202100032086,144 395,B01,3,30,0,2,2,15,1,
202100032086,144 396,A01,3,7,0,2,8,15,1,
202100032087,144 392,B01,3,7,0,2,1,1,1,
202100032087,144 393,C01,3,7,0,2,3,15,1,
202100032087,144 394,A01,3,7,0,2,1,9,1,
202100032088,144 391,A01,2,7,0,1,1,26,1,
202100032089,144 390,A01,3,32,5,0,1,13,1,
202100032090,144 389,A01,1,7,0,1,5,19,1,
202100032091,144 387,A01,2,17,0,2,3,9,1,
202100032091,144 388,B01,2,7,1,2,2,21,1,
202100032092,144 385,A01,1,7,0,0,1,2,1,
202100032092,144 386,B01,1,33,0,0,4,1,1,
202100032093,144 383,A01,3,7,0,2,1,13,1,
202100032093,144 384,B01,3,7,0,2,1,1,1,
202100032094,144 381,B01,1,7,0,2,8,1,1,
202100032094,144 382,A01,2,30,0,2,1,15,1,
202100032095,144 379,B01,1,7,0,2,3,15,1,
202100032095,144 380,A01,1,31,0,2,1,5,1,
202100032096,144 378,A01,2,10,0,1,2,16,1,
202100032097,144 376,B01,2,7,0,2,3,1,1,
202100032097,144 377,A01,1,7,14,2,1,13,1,
202100032098,144 374,A01,2,7,0,2,3,15,1,
202100032098,144 375,B01,2,7,0,2,1,1,0,
202100032099,144 372,A01,2,7,0,2,3,15,1,
202100032099,144 373,B01,1,7,0,2,3,1,2,
202100032100,144 370,A01,1,30,0,2,2,17,1,
202100032100,144 371,B01,1,7,0,2,3,15,2,
202100032101,144 369,A01,1,31,0,0,8,2,1,
202100032102,144 368,A01,1,7,0,1,1,15,1,
202100032103,144 367,A01,2,7,2,0,8,14,1,
202100032104,144 365,A01,3,7,0,2,6,0,1,
202100032104,144 366,B01,3,33,0,2,8,0,1,
202100032105,144 363,A01,1,3,0,2,1,2,1,
202100032105,144 364,B01,1,3,0,2,4,2,1,
202100032106,144 361,A01,0,7,0,2,1,1,1,
202100032106,144 362,B01,0,10,0,2,4,1,0,
202100032107,144 359,B01,1,7,0,2,4,1,1,
202100032107,144 360,A01,1,7,0,2,1,2,1,
202100032108,144 358,A01,2,32,1,0,0,1,1,
202100032109,144 356,A01,3,33,0,2,1,1,1,
202100032109,144 357,B01,3,7,0,2,3,15,1,
202100032110,144 355,A01,1,7,9,0,1,15,1,
202100032111,144 354,A01,3,10,11,0,1,6,1,
202100032112,144 352,B01,3,7,0,2,1,1,1,
202100032112,144 353,A01,3,7,0,2,7,1,1,
202100032113,144 351,A01,1,7,1,0,1,13,1,
202100032114,144 349,B01,2,7,3,2,6,1,1,
202100032114,144 350,A01,2,15,0,2,7,12,1,
202100032115,144 347,B01,1,2,0,2,1,1,1,
202100032115,144 348,A01,2,7,0,2,1,15,1,
202100032116,144 345,A01,3,7,0,2,1,1,1,
202100032116,144 346,B01,3,7,0,2,3,1,1,
202100032117,144 343,B01,2,7,0,2,6,2,1,
202100032117,144 344,A01,2,7,0,2,1,9,1,
202100032118,144 340,A01,3,7,0,2,1,2,3,
202100032118,144 341,B01,3,7,0,2,4,2,1,
202100032118,144 342,C01,3,7,0,2,4,2,1,
202100032119,144 338,A01,1,7,0,2,0,0,2,
202100032119,144 339,B01,1,31,0,2,1,21,1,
202100032120,144 336,B01,3,7,0,2,1,1,1,
202100032120,144 337,A01,3,7,0,2,2,15,1,
202100032121,144 335,A01,1,7,0,1,0,1,0,
202100032122,144 333,B01,3,7,0,2,1,0,1,
202100032122,144 334,A01,1,7,1,0,1,14,1,
202100032123,144 330,B01,0,7,0,2,6,1,1,
202100032123,144 331,C01,1,7,0,2,1,2,1,
202100032123,144 332,A01,0,7,0,2,2,17,1,
202100032124,144 327,A01,1,7,0,2,1,2,1,
202100032124,144 328,B01,1,7,0,2,4,2,1,
202100032124,144 329,C01,1,7,0,2,4,2,1,
202100032125,144 325,A01,1,7,0,2,1,11,1,
202100032125,144 326,B01,1,33,0,2,6,1,1,
202100032126,144 323,B01,1,34,0,2,8,1,1,
202100032126,144 324,A01,2,10,0,2,2,1,1,
202100032127,144 321,B01,2,7,0,2,2,1,3,
202100032127,144 322,A01,1,7,0,2,5,15,1,
202100032128,144 319,A01,1,7,0,2,2,15,1,
202100032128,144 320,B01,2,33,0,2,3,1,1,
202100032129,144 318,A01,1,7,1,1,2,14,1,
202100032130,144 315,A01,1,7,0,2,1,13,1,
202100032130,144 316,B01,2,30,0,2,1,1,1,
202100032130,144 317,C01,2,30,0,2,8,1,1,
202100032131,144 314,A01,2,30,14,0,1,13,1,
202100032132,144 312,A01,1,7,0,2,1,13,0,
202100032132,144 313,B01,2,7,0,2,3,1,1,
202100032133,144 310,B01,1,1,0,2,1,1,5,
202100032133,144 311,A01,2,7,0,2,3,15,1,
202100032134,144 309,A01,1,30,1,0,1,21,1,
202100032135,144 307,B01,2,7,0,2,3,1,2,
202100032135,144 308,A01,2,30,0,2,2,1,1,
202100032136,144 306,Z01,2,1,0,1,8,1,5,
202100032137,144 305,A01,1,7,7,0,3,13,1,
202100032138,144 303,A01,1,7,0,2,1,2,1,
202100032138,144 304,B01,1,7,0,2,4,2,2,
202100032139,144 301,B01,1,30,0,2,1,1,1,
202100032139,144 302,A01,2,10,0,2,5,15,1,
202100032140,144 298,C01,2,1,0,2,3,23,5,
202100032140,144 299,B01,1,33,0,2,1,1,0,
202100032140,144 300,A01,2,7,0,2,2,15,1,
202100032141,144 297,Z01,3,10,0,1,5,4,1,
202100032142,144 295,A01,2,7,0,2,7,16,1,
202100032142,144 296,B01,2,43,0,2,8,18,1,
202100032143,144 293,B01,2,30,0,2,7,1,1,
202100032143,144 294,A01,2,7,0,2,1,1,1,
202100032144,144 291,B01,1,7,0,2,3,23,1,
202100032144,144 292,A01,1,50,0,2,1,2,3,
202100032145,144 290,A01,2,50,0,0,0,1,3,
202100032146,144 289,A01,2,7,4,0,1,0,1,
202100032147,144 287,A01,2,7,7,2,7,1,1,
202100032147,144 288,B01,2,7,7,2,2,1,1,
202100032148,144 285,B01,1,7,0,2,2,15,1,
202100032148,144 286,Z01,1,7,0,2,3,1,1,
202100032149,144 283,A01,1,7,0,2,3,1,1,
202100032149,144 284,B01,2,3,0,2,4,0,1,
202100032150,144 281,A01,1,7,0,2,2,15,1,
202100032150,144 282,B01,1,33,0,2,1,1,1,
202100032151,144 280,A01,1,0,0,1,8,1,1,
202100032152,144 279,A01,2,7,0,1,1,1,1,
202100032153,144 278,A01,0,30,0,2,0,26,6,
202100032154,144 276,A01,0,7,0,2,2,26,1,
202100032154,144 277,B01,0,7,0,0,6,23,0,
202100032155,144 274,B01,1,32,0,2,2,1,1,
202100032155,144 275,A01,1,7,9,2,8,16,1,
202100032156,144 272,Z01,2,7,0,0,0,9,1,
202100032156,144 273,A01,1,33,0,0,0,15,1,
202100032157,144 271,A01,1,60,0,1,1,25,5,
202100032158,144 269,A01,1,7,0,2,1,9,1,
202100032158,144 270,B01,1,7,0,2,3,9,1,
202100032159,144 268,A01,3,7,0,1,2,1,1,
202100032160,144 267,A01,2,33,1,0,0,16,1,
202100032161,144 266,A01,3,2,0,0,7,26,1,
202100032162,144 265,A01,1,2,0,0,0,2,1,
202100032163,144 263,A01,1,7,0,2,2,19,1,
202100032163,144 264,B01,1,7,0,2,8,1,1,
202100032164,144 261,A01,2,7,13,2,3,13,1,
202100032164,144 262,B01,1,7,13,2,3,1,1,
202100032165,144 259,A01,3,33,0,0,0,1,1,
202100032166,144 255,A01,2,33,0,2,1,5,1,
202100032166,144 256,B01,1,7,0,2,3,1,1,
202100032167,144 253,B01,1,7,0,2,1,1,1,
202100032167,144 254,A01,2,7,0,2,6,19,1,
202100032168,144 252,A01,2,7,13,0,9,1,1,
202100032169,144 250,A01,1,7,0,2,8,19,0,
202100032169,144 251,B01,1,7,0,2,7,1,1,
202100032170,144 249,A01,3,36,14,0,1,15,6,
202100032171,144 247,B01,3,7,0,2,8,1,1,
202100032171,144 248,A01,3,7,0,2,1,1,1,
202100032172,144 245,A01,1,10,0,2,3,15,1,
202100032172,144 246,B01,2,2,0,2,1,1,1,
202100032173,144 243,B01,2,33,0,2,4,2,1,
202100032173,144 244,A01,2,33,0,2,1,2,1,
202100032174,144 242,A01,1,7,13,0,2,14,1,
202100032175,144 240,A01,2,7,0,2,1,5,1,
202100032175,144 241,B01,1,7,0,2,1,1,1,
202100032176,144 238,A01,1,7,0,2,1,0,1,
202100032176,144 239,B01,2,7,0,2,1,0,1,
202100032177,144 237,A01,2,2,13,0,1,0,1,
202100032178,144 236,A01,2,7,2,0,3,1,1,
202100032179,144 235,A01,2,33,6,0,1,1,1,
202100032180,144 234,A01,1,7,8,0,1,16,1,
202100032181,144 233,A01,1,7,5,0,0,1,1,
202100032182,144 232,A01,2,33,12,0,2,1,1,
202100032183,144 231,A01,1,34,3,0,8,0,1,
202100032184,144 230,A01,2,33,0,0,7,1,1,
202100032185,144 228,B01,1,7,0,2,2,15,0,
202100032185,144 229,A01,2,31,0,2,8,1,1,
202100032186,144 227,A01,1,2,0,0,0,1,1,
202100032187,144 226,A01,3,33,0,0,0,1,1,
202100032188,144 224,A01,3,7,0,2,3,1,1,
202100032188,144 225,B01,3,1,0,2,1,1,5,
202100032189,144 223,A01,1,17,0,1,7,19,1,
202100032190,144 222,A01,2,7,0,1,1,1,1,
202100032191,144 221,A01,1,7,0,1,1,1,1,
202100032192,144 220,A01,2,7,2,0,7,26,1,
202100032193,144 218,B01,2,7,0,2,1,1,1,
202100032193,144 219,A01,1,7,0,2,8,19,1,
202100032194,144 216,B01,1,99,0,2,1,1,1,
202100032194,144 217,A01,1,7,0,2,1,26,1,
202100032195,144 215,A01,2,7,7,0,1,13,1,
202100032196,144 214,A01,2,31,0,0,1,1,1,
202100032197,144 213,A01,2,7,4,0,2,0,1,
202100032198,144 211,A01,1,7,0,0,4,24,1,
202100032198,144 212,B01,1,7,0,2,1,1,1,
202100032199,144 209,B01,0,7,0,2,8,19,1,
202100032199,144 210,A01,0,43,0,2,2,1,1,
202100032200,144 207,A01,1,7,0,0,6,1,1,
202100032200,144 208,B01,1,33,4,2,1,1,1,
202100032201,144 201,A01,1,2,0,1,2,14,1,
202100032202,144 199,B01,2,33,0,2,1,1,1,
202100032202,144 200,A01,1,7,0,2,3,15,1,
202100032203,144 198,A01,2,7,0,1,2,1,1,
202100032204,144 197,A01,1,33,15,0,0,0,0,
202100032205,144 195,B01,2,1,0,0,8,2,5,
202100032205,144 196,A01,2,7,6,0,7,17,1,
202100032206,144 194,A01,1,7,6,0,2,14,1,
202100032207,144 192,A01,1,36,0,2,1,1,1,
202100032207,144 193,B01,2,7,0,2,1,1,1,
202100032208,144 190,A01,2,7,0,2,1,13,1,
202100032208,144 191,B01,1,10,0,2,1,1,1,
202100032209,144 188,B01,2,33,0,2,1,1,1,
202100032209,144 189,A01,1,7,0,2,2,10,1,
202100032210,144 186,A01,1,33,0,2,1,1,1,
202100032210,144 187,B01,1,7,0,2,6,26,1,
202100032211,144 185,A01,3,2,0,0,0,26,1,
202100032212,144 183,B01,1,10,0,2,1,1,1,
202100032212,144 184,A01,1,30,0,2,4,9,1,
202100032213,144 182,A01,1,33,2,0,9,13,1,
202100032214,144 180,A01,2,7,6,0,1,1,1,
202100032215,144 178,A01,2,7,0,2,3,2,2,
202100032215,144 179,B01,2,1,0,2,4,2,5,
202100032216,144 175,A01,2,7,6,2,1,13,1,
202100032216,144 176,B01,2,7,0,2,3,19,0,
202100032216,144 177,C01,2,7,0,0,8,1,1,
202100032217,144 172,C01,2,7,0,2,1,1,1,
202100032217,144 173,B01,2,7,0,2,3,1,1,
202100032217,144 174,A01,1,7,0,2,1,13,1,
202100032218,144 171,A01,2,7,0,0,9,1,1,
202100032219,144 169,B01,1,33,0,2,2,1,1,
202100032219,144 170,A01,1,10,0,2,3,1,1,
202100032220,144 166,A01,1,10,0,2,4,1,1,
202100032220,144 167,B01,1,7,0,2,4,2,1,
202100032220,144 168,C01,1,7,0,2,1,2,1,
202100032221,144 164,A01,2,7,0,2,4,1,1,
202100032221,144 165,B01,2,7,0,2,1,2,1,
202100032222,144 162,A01,1,7,0,2,1,2,1,
202100032222,144 163,B01,1,7,0,2,4,2,1,
202100032223,144 160,B01,2,7,0,2,4,1,0,
202100032223,144 161,A01,2,7,0,2,1,2,1,
202100032224,144 159,A01,1,33,0,0,0,1,1,
202100032225,144 158,A01,2,7,4,0,1,13,1,
202100032226,144 156,A01,2,10,0,2,1,2,1,
202100032226,144 157,B01,2,7,0,2,4,2,1,
202100032227,144 154,B01,1,33,0,2,7,1,1,
202100032227,144 155,A01,1,50,0,2,7,9,3,
202100032228,144 151,A01,1,7,0,2,2,12,1,
202100032228,144 152,B01,1,7,0,2,6,1,1,
202100032228,144 153,C01,1,7,0,2,3,1,1,
202100032229,144 150,A01,1,7,0,0,9,1,1,
202100032230,144 149,A01,1,7,0,0,9,16,1,
202100032231,144 148,A01,2,7,4,0,4,0,1,
202100032232,144 147,A01,1,7,3,0,8,1,1,
202100032233,144 146,A01,2,14,0,1,2,1,1,
202100032234,144 145,A01,3,7,0,1,1,1,3,
202100032235,144 144,A01,1,7,0,1,1,1,1,
202100032236,144 142,A01,1,38,0,1,2,15,1,1.0
202100032237,144 140,A01,1,2,0,2,1,1,1,
202100032237,144 141,B01,2,10,0,2,7,15,1,
202100032238,144 138,A01,2,7,0,2,3,10,1,
202100032238,144 139,B01,2,30,0,2,1,13,1,
202100032239,144 136,A01,2,7,0,2,2,10,1,
202100032239,144 137,B01,2,2,0,2,1,1,1,
202100032240,144 135,A01,3,10,0,1,4,4,1,
202100032241,144 133,B01,1,10,0,2,1,2,1,
202100032241,144 134,A01,2,7,0,2,1,7,1,
202100032242,144 132,A01,1,0,0,0,0,26,0,
202100032243,144 130,A01,2,7,0,2,2,2,1,
202100032243,144 131,B01,2,10,0,2,6,2,1,
202100032244,144 128,B01,1,7,0,2,2,1,1,
202100032244,144 129,A01,3,7,0,2,4,20,1,
202100032245,144 127,A01,1,7,4,0,1,21,1,
202100032246,144 124,A01,1,7,0,2,1,11,1,
202100032246,144 125,B01,1,7,0,0,4,0,1,
202100032246,144 126,C01,1,7,0,0,0,0,1,
202100032247,144 122,B01,3,32,0,2,7,17,1,
202100032247,144 123,Z01,3,7,0,2,8,13,0,
202100032248,144 121,A01,0,7,1,0,1,1,1,
202100032249,144 117,B01,3,7,6,0,3,2,0,
202100032249,144 118,A01,3,7,8,2,1,2,0,
202100032250,144 115,B01,3,1,0,0,0,1,0,
202100032250,144 116,A01,3,7,0,2,0,17,0,
202100032251,144 113,A01,-1,7,0,1,1,1,1,
202100032252,144 112,A01,0,1,0,1,7,0,5,
202100032253,144 110,A01,3,1,0,2,2,1,6,
202100032253,144 111,B01,3,7,0,2,1,1,0,
202100032254,144 109,A01,3,33,4,0,1,16,1,
202100032255,144 108,A01,1,7,0,1,8,16,1,
202100032256,144 107,A01,2,10,0,1,3,1,1,
202100032257,144 105,B01,3,1,0,2,2,0,0,
202100032257,144 106,A01,3,7,0,2,3,9,1,
202100032258,144 103,B01,1,10,0,2,2,0,1,
202100032258,144 104,A01,1,7,15,2,1,11,1,
202100032259,144 102,A01,0,7,0,1,3,15,1,
202100032260,144 100,B01,1,80,0,2,0,0,3,
202100032260,144 101,A01,1,10,0,2,1,1,1,
202100032261,144 098,B01,3,1,0,2,1,1,5,
202100032261,144 099,A01,0,7,0,2,3,9,2,
202100032262,144 096,A01,1,7,0,2,1,15,1,
202100032262,144 097,B01,1,2,0,2,1,13,1,
202100032263,144 094,A01,1,3,0,2,7,1,0,
202100032263,144 095,B01,0,3,0,2,1,1,0,
202100032264,144 092,B01,2,7,0,2,8,1,1,
202100032264,144 093,A01,2,7,0,2,2,21,1,
202100032265,144 089,C01,2,1,0,0,0,1,5,
202100032265,144 090,B01,2,1,0,2,4,1,5,
202100032265,144 091,A01,2,7,0,2,1,17,1,
202100032266,144 086,A01,1,7,0,2,1,13,1,
202100032266,144 087,B01,2,7,0,2,1,1,1,
202100032266,144 088,C01,2,7,0,2,1,23,1,
202100032267,144 084,B01,1,1,0,2,1,1,5,
202100032267,144 085,A01,1,7,0,2,5,16,1,
202100032268,144 082,A01,2,10,0,1,3,20,1,
202100032269,144 080,B01,2,1,0,2,4,1,5,
202100032269,144 081,A01,2,7,0,2,1,2,1,
202100032270,144 078,A01,1,7,0,2,1,2,1,
202100032270,144 079,B01,1,7,0,2,4,1,1,
202100032271,144 076,B01,1,7,0,2,4,2,1,
202100032271,144 077,A01,1,7,0,2,1,2,1,
202100032272,144 074,A01,3,7,0,2,3,26,1,
202100032272,144 075,B01,1,7,0,2,8,26,1,
202100032273,144 072,B01,1,10,0,2,7,26,1,
202100032273,144 073,A01,1,30,0,2,8,26,1,
202100032274,144 070,A01,1,7,0,2,1,26,1,
202100032274,144 071,B01,1,30,0,2,1,26,1,
202100032275,144 068,A01,1,33,0,2,2,26,1,
202100032275,144 069,B01,1,7,0,2,6,26,1,
202100032276,144 067,A01,2,7,0,1,1,1,1,
202100032277,144 066,A01,0,30,0,1,1,1,1,
202100032278,144 065,A01,0,7,0,1,4,26,1,
202100032279,144 063,A01,2,10,0,2,3,9,1,
202100032279,144 064,B01,2,7,0,2,7,1,1,
202100032280,144 061,B01,3,60,0,2,1,25,5,
202100032280,144 062,A01,3,10,0,2,5,1,1,
202100032281,144 058,B01,3,7,0,2,1,15,1,
202100032281,144 059,C01,3,10,0,2,0,0,1,
202100032281,144 060,A01,2,7,0,2,1,1,1,
202100032282,144 056,A01,3,7,0,2,0,1,1,
202100032282,144 057,B01,3,2,0,2,6,1,1,
202100032283,144 054,A01,3,7,0,2,3,15,1,
202100032283,144 055,B01,3,1,0,2,1,1,5,
202100032284,144 052,B01,2,2,0,2,1,1,1,
202100032284,144 053,A01,1,7,0,2,2,1,1,
202100032285,144 050,B01,3,7,0,2,4,1,1,
202100032285,144 051,A01,3,31,0,2,1,1,1,
202100032286,144 049,A01,0,7,1,0,1,1,1,
202100032287,144 047,A01,1,7,0,2,1,2,1,
202100032287,144 048,B01,1,7,0,2,4,1,1,
202100032288,144 045,A01,1,7,0,2,2,16,1,
202100032288,144 046,B01,1,50,0,2,2,5,3,
202100032289,144 043,B01,0,7,0,2,6,1,1,
202100032289,144 044,A01,0,1,0,2,1,25,5,
202100032290,144 042,A01,0,7,0,1,1,1,0,
202100032291,144 040,A01,3,7,0,9,2,17,1,
202100032291,144 041,B01,3,1,0,0,0,0,0,
202100032292,144 038,A01,2,7,7,2,1,1,1,
202100032292,144 039,B01,1,7,0,2,1,1,1,
202100032293,144 037,A01,1,7,1,0,1,13,1,
202100032294,144 035,A01,2,7,0,2,1,13,1,
202100032294,144 036,B01,1,7,0,2,1,1,1,
202100032295,144 031,D01,3,31,0,2,3,26,1,
202100032295,144 032,C01,3,31,0,2,3,26,1,
202100032295,144 033,B01,1,7,0,2,3,26,1,
202100032295,144 034,A01,1,7,0,2,2,26,1,
202100032296,144 029,A01,0,7,0,2,3,10,0,
202100032296,144 030,B01,0,33,0,2,1,0,0,
202100032297,144 027,A01,0,7,0,2,7,15,1,
202100032297,144 028,B01,0,2,0,2,1,26,0,
202100032298,144 025,B01,2,2,0,2,4,23,1,
202100032298,144 026,A01,2,3,0,2,1,2,1,
202100032299,144 023,B01,2,7,0,2,4,2,1,
202100032299,144 024,A01,2,7,0,2,1,2,1,
202100032300,144 021,B01,1,1,0,2,0,0,5,
202100032300,144 022,A01,1,7,0,2,1,15,1,
202100032301,144 019,B01,2,7,0,2,7,15,1,
202100032301,144 020,A01,1,33,0,2,1,21,1,
202100032302,144 017,A01,2,7,0,2,2,2,2,
202100032302,144 018,B01,2,1,0,2,4,2,0,
202100032303,144 016,A01,0,10,9,0,3,1,1,
202100032304,144 014,A01,1,14,0,2,1,24,1,
202100032304,144 015,B01,2,7,1,0,0,13,1,
202100032305,144 013,A01,2,13,0,1,1,1,1,
202100032306,144 012,A01,1,33,0,6,1,26,1,
202100032307,144 009,C01,1,7,0,2,4,23,2,
202100032307,144 010,B01,1,7,0,2,4,23,1,
202100032307,144 011,A01,1,7,0,2,1,2,1,
202100032308,144 007,A01,1,7,0,2,6,11,1,
202100032308,144 008,B01,1,31,0,2,7,1,1,
202100032309,144 005,A01,1,43,0,2,2,1,1,
202100032309,144 006,B01,1,7,0,2,6,11,1,
202100032310,144 003,A01,1,33,0,2,1,2,1,
202100032310,144 004,B01,1,7,0,2,5,2,1,