Num_Acc,id_vehicule,num_veh,senc,catv,obs,obsm,choc,manv,motor,occutc
202100032620,143 461,E01,2,7,0,2,1,2,1,
202100032620,143 462,F01,2,10,0,2,1,2,1,
202100032621,143 454,Z01,2,0,0,1,0,26,0,
202100032621,143 455,C01,1,7,14,0,1,9,2,
202100032621,143 456,B01,1,7,14,0,1,9,1,
202100032622,143 452,B01,1,34,0,2,0,0,1,
202100032622,143 453,A01,1,7,0,2,0,2,1,
202100032623,143 449,B01,1,7,0,2,4,0,3,
202100032623,143 450,Z01,1,15,0,2,1,0,1,
202100032623,143 451,A01,1,7,0,2,4,26,1,
202100032624,143 447,B01,1,7,0,2,3,2,1,
202100032624,143 448,A01,1,33,0,2,7,2,1,
202100032625,143 446,A01,2,7,9,0,1,12,1,
202100032626,143 444,A01,1,14,0,2,1,2,1,
202100032626,143 445,B01,1,7,0,2,4,2,1,
202100032627,143 441,A01,1,7,0,2,2,16,1,
202100032627,143 442,B01,1,31,0,2,8,3,1,
202100032627,143 443,C01,1,7,0,2,3,1,1,
202100032628,143 440,A01,2,33,0,0,8,26,1,
202100032629,143 438,B01,3,7,0,2,3,1,1,
202100032629,143 439,A01,3,7,0,2,8,5,1,
202100032630,143 437,A01,2,30,0,1,1,1,1,
202100032631,143 436,A01,2,10,0,1,1,1,1,
202100032632,143 435,A01,1,7,0,1,4,20,0,
202100032633,143 434,A01,0,7,0,1,1,1,1,
202100032634,143 432,A01,3,10,0,2,1,13,1,
202100032634,143 433,B01,3,7,0,2,1,1,1,
202100032635,143 430,A01,2,7,0,2,4,2,1,
202100032635,143 431,B01,2,7,0,2,1,2,1,
202100032636,143 428,B01,1,33,0,2,1,21,0,
202100032636,143 429,A01,1,7,0,2,1,15,1,
202100032637,143 426,A01,2,1,0,2,4,2,0,
202100032637,143 427,B01,2,7,0,2,1,16,1,
202100032638,143 424,B01,1,7,0,0,1,1,1,
202100032638,143 425,A01,2,1,0,2,7,5,5,
202100032639,143 423,A01,1,7,14,0,1,26,1,
202100032640,143 422,A01,2,99,0,0,8,25,5,
202100032641,143 421,A01,1,50,0,1,3,1,3,
202100032642,143 419,B01,2,7,0,2,2,1,1,
202100032642,143 420,A01,2,30,0,2,2,9,1,
202100032643,143 418,A01,1,7,0,1,1,16,1,
202100032644,143 417,A01,0,17,4,0,9,13,1,
202100032645,143 415,B01,0,7,0,2,8,1,1,
202100032645,143 416,A01,0,7,8,2,1,1,1,
202100032646,143 413,A01,3,7,0,2,6,19,1,
202100032646,143 414,B01,3,7,0,2,1,1,1,
202100032647,143 412,A01,1,7,0,0,9,1,1,
202100032648,143 410,A01,0,50,0,2,1,1,3,
202100032648,143 411,B01,0,7,0,2,4,1,1,
202100032649,143 408,A01,0,7,0,2,7,15,1,
202100032649,143 409,B01,0,7,0,2,3,1,1,
202100032650,143 407,A01,0,7,0,0,1,15,1,
202100032651,143 405,B01,0,7,0,2,4,1,1,
202100032651,143 406,A01,0,7,0,2,1,1,1,
202100032652,143 404,A01,0,7,0,1,3,1,1,
202100032653,143 400,B01,2,33,0,2,4,2,1,
202100032653,143 401,A01,2,7,0,2,2,1,1,
202100032654,143 398,Z01,1,7,0,2,0,0,0,
202100032654,143 399,A01,1,33,0,2,4,2,1,
202100032655,143 396,B01,1,1,0,2,8,2,5,
202100032655,143 397,A01,1,10,0,2,7,2,1,
202100032656,143 394,A01,1,7,0,2,1,19,1,
202100032656,143 395,B01,2,7,0,2,1,1,1,
202100032657,143 392,B01,1,10,0,2,3,1,1,
202100032657,143 393,A01,1,7,0,2,3,15,1,
202100032658,143 391,A01,1,7,0,1,7,21,1,
202100032659,143 389,A01,1,7,8,4,3,13,1,
202100032659,143 390,B01,1,40,0,2,8,1,3,
202100032660,143 388,A01,3,32,0,9,8,15,1,
202100032661,143 386,A01,2,7,0,2,3,15,1,
202100032661,143 387,B01,1,7,0,2,3,1,1,
202100032662,143 385,A01,1,7,0,1,2,1,1,
202100032663,143 383,A01,2,7,0,2,3,15,1,
202100032663,143 384,B01,2,2,0,2,1,1,1,
202100032664,143 380,B01,2,7,0,2,6,16,1,
202100032664,143 381,A01,1,7,0,2,2,1,1,
202100032665,143 378,A01,0,7,0,2,8,1,1,
202100032665,143 379,B01,0,2,0,2,1,1,1,
202100032666,143 377,A01,0,15,0,1,5,16,0,
202100032667,143 371,A01,2,7,3,0,1,13,1,
202100032668,143 370,A01,3,32,0,0,8,26,1,
202100032669,143 369,A01,1,10,9,1,1,14,1,
202100032670,143 367,B01,3,7,0,2,2,15,1,
202100032670,143 368,A01,1,7,0,2,3,1,1,
202100032671,143 365,B01,1,7,0,2,3,15,1,
202100032671,143 366,A01,1,32,0,2,1,17,1,
202100032672,143 364,A01,1,10,0,1,4,20,1,
202100032673,143 363,A01,1,7,13,0,1,1,1,
202100032674,143 361,B01,2,7,0,2,2,1,1,
202100032674,143 362,A01,2,7,0,2,1,9,1,
202100032675,143 360,A01,1,7,0,1,1,2,1,
202100032676,143 358,A01,0,7,0,2,0,1,1,
202100032676,143 359,B01,0,1,0,2,0,1,5,
202100032677,143 356,A01,1,7,0,2,8,10,1,
202100032677,143 357,B01,1,33,0,2,1,1,1,
202100032678,143 355,A01,0,7,0,1,1,1,1,
202100032679,143 354,A01,0,7,2,0,3,13,1,
202100032680,143 352,B01,2,7,0,2,8,9,1,
202100032680,143 353,A01,0,30,0,0,0,0,1,
202100032681,143 351,A01,1,7,0,1,0,0,2,
202100032682,143 349,A01,0,7,0,2,5,17,1,
202100032682,143 350,B01,0,31,0,2,1,1,1,
202100032683,143 347,A01,2,10,9,0,1,26,0,
202100032683,143 348,B01,3,7,0,2,0,23,1,
202100032684,143 345,A01,2,7,0,2,1,17,1,
202100032684,143 346,B01,2,10,0,2,3,15,1,
202100032685,143 343,A01,1,30,0,2,2,15,1,
202100032685,143 344,B01,2,33,0,2,1,1,1,
202100032686,143 342,A01,0,32,4,0,1,0,1,
202100032687,143 340,A01,1,7,0,2,1,1,1,
202100032687,143 341,B01,1,34,0,2,4,9,1,
202100032688,143 338,B01,3,7,0,2,4,26,1,
202100032688,143 339,A01,3,7,0,2,1,16,1,
202100032689,143 337,A01,0,50,0,0,9,1,3,
202100032690,143 336,A01,1,7,0,1,1,1,1,
202100032691,143 334,B01,1,32,0,2,2,3,1,
202100032691,143 335,A01,1,7,0,2,3,11,1,
202100032692,143 332,B01,2,32,0,2,2,1,1,
202100032692,143 333,A01,2,7,0,2,6,11,2,
202100032693,143 330,Z01,1,7,0,2,8,13,1,
202100032693,143 331,A01,1,43,0,2,2,3,1,
202100032694,143 327,A01,2,7,0,2,1,2,1,
202100032694,143 328,C01,2,7,0,2,4,2,1,
202100032694,143 329,B01,2,7,0,2,4,2,1,
202100032695,143 325,B01,1,43,0,2,5,2,1,
202100032695,143 326,A01,1,30,0,2,2,2,1,
202100032696,143 324,Z01,2,32,0,1,1,25,1,
202100032697,143 322,A01,1,7,0,2,3,22,1,
202100032697,143 323,B01,1,50,0,2,1,1,3,
202100032698,143 320,B01,2,1,0,2,1,2,5,
202100032698,143 321,A01,2,10,0,2,4,23,1,
202100032699,143 318,A01,1,7,0,2,1,1,1,
202100032699,143 319,B01,1,43,0,2,4,23,1,
202100032700,143 316,A01,1,7,0,2,7,1,1,
202100032700,143 317,B01,1,80,0,2,1,1,3,
202100032701,143 314,B01,2,1,0,2,1,1,5,
202100032701,143 315,A01,2,14,0,2,7,16,1,
202100032702,143 312,A01,2,30,0,2,1,1,1,
202100032702,143 313,B01,1,7,0,2,2,1,1,
202100032703,143 310,A01,2,1,0,2,1,1,5,
202100032703,143 311,B01,2,7,0,2,4,23,1,
202100032704,143 308,A01,2,7,0,2,3,15,1,
202100032704,143 309,B01,2,31,0,2,2,1,1,
202100032705,143 307,A01,2,50,0,0,0,21,3,
202100032706,143 305,B01,2,1,0,2,2,15,5,
202100032706,143 306,A01,1,33,0,2,3,1,1,
202100032707,143 304,A01,1,80,12,0,7,14,3,
202100032708,143 302,A01,2,10,0,2,2,17,3,
202100032708,143 303,Y01,2,50,0,2,8,2,3,
202100032709,143 300,A01,2,99,0,2,3,10,3,
202100032709,143 301,B01,1,7,0,2,1,26,1,
202100032710,143 298,B01,2,7,0,2,1,1,1,
202100032710,143 299,A01,1,7,0,2,2,9,1,
202100032711,143 297,A01,3,7,1,0,3,1,1,
202100032712,143 296,A01,1,7,0,1,2,26,0,
202100032713,143 294,B01,2,7,0,2,4,7,1,
202100032713,143 295,A01,2,37,0,2,1,2,1,1.0
202100032714,143 292,A01,1,7,0,2,1,2,1,
202100032714,143 293,B01,1,7,0,2,4,2,1,
202100032715,143 291,A01,1,7,9,0,1,1,1,
202100032716,143 289,B01,1,1,0,2,8,1,5,
202100032716,143 290,Z01,1,7,0,9,2,1,1,
202100032717,143 287,A01,1,7,0,2,3,15,1,
202100032717,143 288,B01,1,34,0,2,2,17,1,
202100032718,143 285,B01,1,7,0,0,3,15,1,
202100032718,143 286,A01,1,30,0,2,1,17,1,
202100032719,143 283,A01,0,7,0,0,2,1,1,
202100032719,143 284,B01,0,7,0,0,2,1,1,
202100032720,143 282,A01,3,10,9,0,3,1,1,
202100032721,143 281,A01,1,32,1,0,8,13,1,
202100032722,143 279,A01,1,7,0,2,2,14,1,
202100032722,143 280,B01,1,30,0,2,6,0,1,
202100032723,143 277,A01,2,16,0,2,3,1,1,
202100032723,143 278,B01,1,37,0,2,5,15,1,2.0
202100032724,143 276,A01,1,1,0,1,1,1,5,
202100032725,143 275,A01,1,7,9,0,1,0,1,
202100032726,143 273,A01,2,31,0,2,7,17,1,
202100032726,143 274,B01,2,7,0,2,3,15,1,
202100032727,143 271,A01,2,7,0,2,5,16,1,
202100032727,143 272,B01,2,2,0,2,3,18,3,
202100032728,143 269,B01,3,32,0,2,9,21,1,
202100032728,143 270,A01,3,14,0,2,1,13,1,
202100032729,143 267,B01,0,7,0,2,0,13,0,
202100032729,143 268,A01,0,33,13,0,0,1,1,
202100032730,143 266,A01,1,7,8,0,3,13,1,
202100032731,143 264,A01,2,7,15,0,0,0,1,
202100032732,143 263,A01,1,7,8,0,7,1,1,
202100032733,143 261,A01,1,7,0,2,3,1,1,
202100032733,143 262,B01,2,14,0,2,3,1,1,
202100032734,143 260,A01,1,31,4,0,0,2,1,
202100032735,143 258,A01,1,7,0,2,1,13,1,
202100032735,143 259,B01,2,15,5,2,3,1,1,
202100032736,143 256,A01,1,33,0,2,1,2,1,
202100032736,143 257,B01,1,7,0,2,4,2,1,
202100032737,143 254,B01,0,30,0,2,6,0,1,
202100032737,143 255,A01,3,7,13,2,3,0,1,
202100032738,143 253,A01,2,7,0,0,0,1,1,
202100032739,143 251,B01,2,10,0,2,1,1,1,
202100032739,143 252,A01,1,33,0,2,1,13,1,
202100032740,143 248,A01,2,17,0,2,1,1,1,
202100032740,143 249,B01,2,7,16,2,4,15,1,
202100032740,143 250,C01,2,7,0,2,1,1,1,
202100032741,143 247,A01,1,33,15,0,1,1,1,
202100032742,143 244,C01,1,7,0,2,3,1,1,
202100032742,143 245,B01,1,7,0,2,8,1,1,
202100032742,143 246,A01,2,7,0,2,3,13,1,
202100032743,143 243,A01,1,33,6,0,1,1,1,
202100032744,143 242,A01,0,7,6,0,1,1,1,
202100032745,143 241,A01,2,7,6,0,1,13,1,
202100032746,143 239,B01,3,14,0,2,1,1,1,
202100032746,143 240,A01,1,33,1,0,6,1,1,
202100032747,143 237,A01,1,3,0,2,3,13,1,
202100032747,143 238,B01,2,7,0,2,3,1,1,
202100032748,143 234,C01,2,10,0,2,8,23,1,
202100032748,143 235,B01,1,7,0,2,1,1,1,
202100032748,143 236,A01,2,2,0,2,1,6,1,
202100032749,143 232,B01,2,1,0,2,1,0,5,
202100032749,143 233,A01,1,7,0,9,2,15,1,
202100032750,143 231,B01,1,1,0,0,0,2,5,
202100032751,143 230,A01,2,7,0,0,9,15,1,
202100032752,143 228,B01,1,15,0,2,8,1,1,
202100032752,143 229,A01,2,7,0,2,3,13,1,
202100032753,143 227,A01,2,7,1,0,1,1,1,
202100032754,143 226,A01,3,7,13,0,3,13,1,
202100032755,143 224,B01,2,7,0,0,3,1,1,
202100032755,143 225,A01,1,2,0,2,1,1,1,
202100032756,143 222,A01,1,10,0,9,1,17,1,
202100032756,143 223,B01,1,1,0,2,4,1,5,
202100032757,143 221,A01,1,7,0,1,2,1,1,
202100032758,143 218,A01,3,7,6,0,1,1,1,
202100032759,143 217,A01,1,7,8,0,1,1,1,
202100032760,143 215,B01,1,14,0,2,3,21,1,
202100032760,143 216,A01,2,33,0,2,8,21,1,
202100032761,143 213,B01,2,80,0,2,0,13,3,
202100032761,143 214,A01,2,10,0,2,7,17,1,
202100032762,143 211,B01,2,30,0,2,7,1,1,
202100032762,143 212,A01,2,15,0,2,7,17,1,
202100032763,143 210,A01,2,33,13,0,1,1,1,
202100032764,143 209,A01,2,7,13,0,7,0,1,
202100032765,143 207,A01,2,7,0,2,3,1,1,
202100032765,143 208,B01,1,7,0,2,3,13,1,
202100032766,143 205,B01,1,3,0,2,1,17,1,
202100032766,143 206,A01,1,10,0,2,3,10,1,
202100032767,143 203,B01,2,7,0,2,7,19,1,
202100032767,143 204,A01,1,3,0,2,1,1,1,
202100032768,143 202,A01,3,2,0,0,8,15,1,
202100032769,143 201,A01,2,7,0,0,0,14,1,
202100032770,143 199,A01,2,17,0,2,2,14,1,
202100032770,143 200,B01,2,14,3,0,6,23,1,
202100032771,143 197,A01,2,7,0,2,1,17,1,
202100032771,143 198,B01,2,2,0,2,4,15,1,
202100032772,143 196,A01,2,7,13,9,1,21,1,
202100032773,143 194,B01,1,7,0,0,3,15,1,
202100032773,143 195,A01,2,2,0,0,2,1,1,
202100032774,143 192,B01,2,10,0,0,5,11,1,
202100032774,143 193,A01,2,33,0,2,1,3,1,
202100032775,143 190,A01,2,33,4,0,3,6,1,
202100032775,143 191,B01,2,7,0,0,0,12,1,
202100032776,143 187,B01,2,10,0,2,4,1,1,
202100032776,143 188,A01,2,7,1,2,1,3,1,
202100032776,143 189,C01,2,10,0,2,6,23,1,
202100032777,143 185,B01,3,31,0,2,7,1,1,
202100032777,143 186,A01,3,7,0,2,3,15,1,
202100032778,143 184,A01,3,7,0,1,1,1,1,
202100032779,143 183,A01,0,60,0,0,0,5,5,
202100032780,143 181,B01,2,7,0,2,3,1,1,
202100032780,143 182,A01,1,7,0,2,3,17,1,
202100032781,143 180,A01,2,7,0,1,7,1,1,
202100032782,143 179,A01,1,33,5,0,7,15,1,
202100032783,143 177,A01,2,7,0,2,1,1,1,
202100032783,143 178,B01,1,7,0,2,1,13,1,
202100032784,143 175,A01,1,33,0,2,1,17,1,
202100032784,143 176,B01,1,21,0,0,8,15,1,
202100032785,143 173,A01,1,7,0,2,3,9,1,
202100032785,143 174,B01,1,2,0,2,1,1,1,
202100032786,143 171,B01,1,7,0,2,7,1,1,
202100032786,143 172,A01,2,7,0,2,2,1,1,
202100032787,143 169,A01,1,33,10,0,0,0,1,
202100032787,143 170,B01,1,33,0,0,0,0,1,
202100032788,143 167,A01,2,7,0,2,7,15,1,
202100032788,143 168,B01,1,1,0,2,1,1,5,
202100032789,143 165,A01,2,7,0,2,3,1,1,
202100032789,143 166,B01,1,7,0,2,3,13,1,
202100032790,143 164,A01,3,1,0,0,0,0,5,
202100032791,143 162,A01,1,7,0,9,0,2,1,
202100032791,143 163,B01,1,1,0,2,8,2,5,
202100032792,143 161,A01,1,7,1,0,1,1,1,
202100032793,143 159,A01,1,7,0,2,2,5,1,
202100032793,143 160,B01,2,15,0,2,2,21,1,
202100032794,143 158,A01,1,32,3,0,2,1,1,
202100032795,143 157,A01,1,33,13,0,1,1,1,
202100032796,143 155,B01,2,7,0,2,4,2,1,
202100032796,143 156,A01,2,15,0,2,1,2,1,
202100032797,143 154,A01,2,7,4,0,7,14,1,
202100032798,143 149,E01,1,7,0,2,4,2,3,
202100032798,143 150,D01,1,7,0,2,7,0,1,
202100032798,143 151,C01,1,7,0,2,7,2,1,
202100032798,143 152,B01,1,7,0,2,4,2,1,
202100032798,143 153,A01,1,10,0,2,1,2,1,
202100032799,143 147,B01,2,7,0,2,2,1,1,
202100032799,143 148,A01,2,7,0,2,6,11,1,
202100032800,143 145,B01,1,17,0,2,6,1,1,
202100032800,143 146,A01,1,7,0,2,2,14,1,
202100032801,143 144,A01,1,7,3,0,2,21,1,
202100032802,143 142,B01,2,43,0,2,4,11,1,
202100032802,143 143,A01,2,7,0,2,1,12,1,
202100032803,143 140,B01,1,7,0,2,2,1,1,
202100032803,143 141,A01,1,2,0,2,3,15,1,
202100032804,143 138,A01,1,20,0,2,4,23,1,
202100032804,143 139,B01,1,20,0,2,1,0,1,
202100032805,143 137,A01,1,30,0,1,1,17,1,
202100032806,143 136,A01,0,3,0,1,1,1,1,
202100032807,143 134,A01,-1,7,1,0,0,2,0,
202100032807,143 135,B01,-1,7,0,2,0,1,0,
202100032808,143 133,A01,2,10,0,1,3,1,1,
202100032809,143 131,B01,1,10,0,2,3,1,1,
202100032809,143 132,A01,1,7,0,2,6,15,1,
202100032810,143 129,A01,2,7,0,2,3,9,1,
202100032810,143 130,B01,1,30,0,2,1,1,1,
202100032811,143 128,A01,2,31,0,1,1,1,1,
202100032812,143 125,B01,0,10,0,0,3,1,1,
202100032812,143 126,A01,0,30,0,2,6,17,1,
202100032812,143 127,C01,3,10,0,2,6,0,1,
202100032813,143 124,A01,3,33,0,0,0,26,1,
202100032814,143 122,A01,1,30,0,2,7,9,1,
202100032814,143 123,B01,1,33,0,2,1,1,1,
202100032815,143 120,A01,3,2,0,2,4,26,1,
202100032815,143 121,B01,3,7,0,2,0,0,0,
202100032816,143 119,A01,1,10,4,0,2,16,1,
202100032817,143 117,B01,1,30,0,2,1,9,1,
202100032817,143 118,A01,1,7,0,2,2,1,1,
202100032818,143 115,A01,1,7,0,2,1,15,2,
202100032818,143 116,B01,2,60,0,2,1,1,5,
202100032819,143 114,B01,2,7,0,1,1,1,3,
202100032820,143 112,B01,1,7,0,2,1,1,1,
202100032820,143 113,A01,1,7,0,2,4,23,1,
202100032821,143 111,A01,3,7,0,1,3,1,1,
202100032822,143 110,A01,1,7,0,1,1,12,1,
202100032823,143 107,A01,1,10,0,9,3,16,1,
202100032823,143 108,B01,1,1,0,2,1,1,0,
202100032824,143 105,A01,2,7,0,2,1,19,1,
202100032824,143 106,B01,1,50,0,2,8,1,3,
202100032825,143 103,B01,2,7,0,2,2,1,2,
202100032825,143 104,A01,2,7,0,2,1,9,1,
202100032826,143 101,B01,2,7,0,2,4,2,1,
202100032826,143 102,A01,2,7,0,2,1,2,1,
202100032827,143 100,A01,1,30,13,0,7,14,1,
202100032828,143 099,A01,2,7,13,0,3,13,1,
202100032829,143 097,A01,1,7,1,2,8,9,1,
202100032829,143 098,B01,1,7,0,2,1,1,1,
202100032830,143 095,A01,3,33,0,2,1,17,1,
202100032830,143 096,B01,3,7,0,2,3,21,2,
202100032831,143 093,B01,1,34,0,2,4,2,1,
202100032831,143 094,A01,1,7,0,2,1,2,1,
202100032832,143 090,A01,1,7,0,2,1,1,1,
202100032832,143 091,B01,2,7,0,2,6,1,1,
202100032832,143 092,C01,1,7,0,2,1,1,1,
202100032833,143 088,A01,2,7,0,2,3,11,1,
202100032833,143 089,B01,2,7,0,2,1,1,1,
202100032834,143 086,B01,0,37,0,2,2,1,3,3.0
202100032834,143 087,A01,0,7,0,2,8,15,1,
202100032835,143 084,A01,0,7,0,2,2,1,1,
202100032835,143 085,B01,0,7,0,2,3,15,2,
202100032836,143 082,A01,0,33,0,2,1,2,1,
202100032836,143 083,B01,0,7,0,2,6,2,1,
202100032837,143 081,A01,1,7,0,1,1,1,1,
202100032838,143 079,A01,1,7,1,2,8,1,1,
202100032838,143 080,B01,1,37,0,2,1,1,1,1.0
202100032839,143 077,B01,3,38,0,2,7,1,1,1.0
202100032839,143 078,A01,3,30,0,2,1,9,1,
202100032840,143 076,A01,3,7,0,1,2,1,1,
202100032841,143 073,C01,2,7,0,2,2,0,1,
202100032841,143 074,B01,2,7,0,2,8,0,1,
202100032841,143 075,A01,1,7,0,2,3,13,1,
202100032842,143 068,C01,1,7,0,2,8,23,1,
202100032842,143 069,A01,1,7,0,2,3,15,2,
202100032842,143 070,B01,1,7,0,2,1,1,1,
202100032843,143 063,A01,1,10,0,2,1,2,1,
202100032843,143 064,E01,1,7,0,2,4,23,1,
202100032843,143 065,D01,1,7,0,2,5,23,1,
202100032843,143 066,C01,1,7,0,2,4,23,1,
202100032843,143 067,B01,1,7,0,2,6,23,1,
202100032844,143 061,A01,1,7,0,2,2,16,1,
202100032844,143 062,B01,1,1,0,2,1,1,5,
202100032845,143 059,A01,1,7,0,2,1,9,1,
202100032845,143 060,B01,1,1,0,2,2,1,5,
202100032846,143 057,Z01,2,7,0,2,0,16,1,
202100032846,143 058,A01,1,1,0,2,7,1,5,
202100032847,143 055,B01,1,7,0,2,5,1,1,
202100032847,143 056,A01,1,31,0,2,1,13,1,
202100032848,143 052,A01,1,7,0,2,1,2,1,
202100032848,143 053,B01,1,7,0,2,4,2,1,
202100032848,143 054,C01,1,7,0,2,4,2,1,
202100032849,143 050,B01,1,7,0,2,4,2,1,
202100032849,143 051,A01,1,34,0,2,1,1,1,
202100032850,143 049,A01,1,7,0,1,1,1,1,
202100032851,143 048,A01,2,7,0,1,3,1,1,
202100032852,143 046,B01,1,7,0,2,7,1,1,
202100032852,143 047,A01,1,33,0,2,1,18,1,
202100032853,143 044,B01,1,1,0,2,7,1,5,
202100032853,143 045,A01,1,7,0,2,3,1,1,
202100032854,143 042,B01,1,7,0,2,5,2,1,
202100032854,143 043,A01,1,2,0,2,1,1,1,
202100032855,143 040,A01,2,7,0,2,2,15,1,
202100032855,143 041,B01,1,1,0,2,8,1,0,
202100032856,143 038,A01,1,7,0,2,3,15,1,
202100032856,143 039,B01,2,33,0,2,1,13,1,
202100032857,143 037,A01,1,30,0,0,1,2,1,
202100032858,143 035,B01,2,7,0,2,1,1,1,
202100032858,143 036,A01,1,7,0,2,1,9,1,
202100032859,143 032,C01,3,7,0,2,4,2,1,
202100032859,143 033,B01,3,10,0,2,1,2,1,
202100032859,143 034,A01,3,7,0,2,1,2,1,
202100032860,143 030,A01,1,7,0,2,2,15,1,
202100032860,143 031,B01,2,7,0,2,1,1,1,
202100032861,143 028,A01,0,7,0,2,1,16,1,
202100032861,143 029,B01,1,1,0,2,8,9,5,
202100032862,143 026,A01,1,30,0,2,1,17,1,
202100032862,143 027,B01,2,7,0,2,3,1,1,
202100032863,143 024,A01,3,7,0,2,2,1,1,
202100032863,143 025,B01,3,1,0,2,1,25,5,
202100032864,143 023,A01,2,7,11,0,3,13,1,
202100032865,143 022,A01,1,7,0,1,1,1,1,
202100032866,143 021,A01,1,7,0,1,5,1,1,
202100032867,143 018,B01,1,3,0,2,4,2,1,
202100032867,143 019,C01,1,37,0,2,3,2,1,1.0
202100032867,143 020,A01,1,7,0,2,1,2,1,
202100032868,143 016,A01,1,1,0,2,8,1,5,
202100032868,143 017,B01,1,10,0,9,1,1,1,
202100032869,143 014,A01,3,7,0,9,1,2,1,
202100032869,143 015,B01,3,2,0,2,4,2,1,
202100032870,143 012,A01,1,7,0,9,3,22,1,
202100032870,143 013,B01,1,1,0,2,2,1,5,
202100032871,143 011,A01,2,7,0,1,2,26,0,
202100032872,143 007,A01,1,30,0,0,2,16,1,
202100032873,143 006,A01,0,7,2,0,3,1,1,
202100032874,143 004,A01,2,7,0,2,3,15,1,
202100032874,143 005,B01,2,7,0,2,5,2,1,
202100032875,143 002,A01,1,31,0,2,3,26,1,
202100032875,143 003,B01,1,7,0,2,1,1,3,
202100032876,143 000,B01,3,7,0,2,1,1,1,
202100032876,143 001,A01,3,7,0,2,8,19,1,
202100032877,142 998,A01,3,7,0,2,1,1,1,
202100032877,142 999,B01,3,7,0,2,4,0,1,
202100032878,142 995,C01,2,10,0,2,1,1,1,
202100032878,142 996,B01,2,10,0,2,9,1,1,
202100032878,142 997,A01,2,7,0,2,3,18,1,
202100032879,142 993,A01,3,7,0,2,1,2,1,
202100032879,142 994,B01,3,7,0,2,4,23,1,
202100032880,142 992,A01,2,7,0,1,1,21,1,
202100032881,142 991,A01,1,7,9,0,1,15,1,
202100032882,142 989,A01,1,7,0,2,4,26,1,
202100032882,142 990,B01,1,2,0,2,1,1,1,
202100032883,142 986,A01,2,7,0,2,1,17,1,
202100032883,142 987,B01,1,7,0,2,3,1,1,
202100032883,142 988,D01,2,7,0,2,6,1,1,
202100032884,142 984,A01,1,33,0,2,2,17,1,
202100032884,142 985,B01,1,10,0,2,3,15,1,
202100032885,142 983,A01,1,33,0,1,7,21,1,
202100032886,142 981,A01,0,7,0,2,1,1,0,
202100032886,142 982,B01,0,50,0,2,8,1,3,
202100032887,142 979,A01,3,7,0,2,1,15,1,
202100032887,142 980,B01,3,1,0,2,1,1,5,
202100032888,142 975,B01,3,7,0,2,1,1,1,
202100032888,142 976,A01,3,2,0,2,7,1,1,
202100032889,142 971,A01,2,7,0,2,2,1,1,
202100032889,142 972,B01,1,1,0,2,5,1,5,
202100032890,142 970,A01,0,32,0,1,1,1,1,
202100032891,142 968,B01,1,7,0,2,6,10,1,
202100032891,142 969,A01,1,7,0,2,1,2,1,
202100032892,142 965,A01,1,7,1,0,7,14,1,
202100032892,142 966,C01,0,7,0,2,0,0,1,
202100032892,142 967,B01,0,7,0,2,0,0,1,
202100032893,142 963,A01,1,10,0,2,1,1,1,
202100032893,142 964,B01,1,7,0,2,5,23,1,
202100032894,142 961,A01,1,30,1,2,1,14,1,
202100032894,142 962,B01,1,7,1,0,4,23,1,
202100032895,142 960,A01,2,7,0,1,1,15,1,
202100032896,142 959,A01,2,7,6,0,1,15,1,
202100032897,142 957,A01,1,7,0,2,3,11,1,
202100032897,142 958,B01,1,32,0,2,2,3,1,
202100032898,142 956,A01,0,7,4,0,9,13,1,
202100032899,142 955,A01,1,7,0,1,3,16,1,
202100032900,142 954,Z01,1,34,0,1,1,1,0,
202100032901,142 952,A01,1,30,0,2,1,2,1,
202100032901,142 953,B01,1,7,0,2,4,2,1,
202100032902,142 950,A01,1,7,0,2,7,9,1,
202100032902,142 951,B01,1,33,0,2,3,1,1,
202100032903,142 948,A01,1,30,0,2,2,1,1,
202100032903,142 949,B01,2,7,0,2,2,1,1,
202100032904,142 946,B01,2,31,0,2,8,2,1,
202100032904,142 947,A01,1,7,1,2,1,12,1,
202100032905,142 944,A01,1,80,0,2,1,1,3,
202100032905,142 945,Z01,2,1,0,2,3,13,0,
202100032906,142 942,A01,1,30,0,2,1,18,1,
202100032906,142 943,B01,1,38,0,2,7,16,1,1.0
202100032907,142 940,B01,2,7,0,2,3,9,1,
202100032907,142 941,A01,2,32,0,2,2,1,1,
202100032908,142 938,B01,1,33,1,2,3,1,1,
202100032908,142 939,A01,1,7,1,2,2,9,1,
202100032909,142 936,B01,2,99,0,2,1,15,0,
202100032909,142 937,A01,2,50,0,2,1,1,3,
202100032910,142 934,Z01,1,30,0,2,7,17,0,
202100032910,142 935,A01,1,80,0,2,8,1,3,
202100032911,142 933,A01,2,10,0,1,4,4,1,
202100032912,142 931,A01,2,1,0,2,2,1,5,
202100032912,142 932,B01,2,33,0,2,3,1,1,
202100032913,142 929,A01,1,7,0,2,7,15,1,
202100032913,142 930,B01,2,7,0,2,2,1,1,
202100032914,142 927,B01,1,7,0,4,3,15,1,
202100032914,142 928,A01,2,40,0,2,1,1,3,
202100032915,142 925,A01,1,7,0,2,2,16,1,
202100032915,142 926,B01,1,1,0,2,1,1,5,
202100032916,142 923,A01,2,1,0,2,1,25,5,