Num_Acc,id_vehicule,num_veh,senc,catv,obs,obsm,choc,manv,motor,occutc
202100032916,142 924,B01,2,50,0,2,1,26,3,
202100032917,142 921,A01,2,31,0,2,1,16,1,
202100032917,142 922,B01,2,7,0,2,5,10,1,
202100032918,142 919,A01,2,7,0,2,1,1,1,
202100032918,142 920,B01,2,7,0,2,4,1,1,
202100032919,142 917,A01,0,7,0,2,8,9,1,
202100032919,142 918,B01,3,33,0,2,2,1,1,
202100032920,142 915,B01,2,7,0,0,8,15,3,
202100032920,142 916,A01,2,7,0,2,2,17,1,
202100032921,142 913,A01,3,7,3,0,7,10,1,
202100032921,142 914,B01,3,7,3,2,1,1,1,
202100032922,142 910,C01,3,7,0,0,4,2,1,
202100032922,142 911,B01,3,7,0,2,1,0,1,
202100032922,142 912,A01,3,7,0,2,1,2,1,
202100032923,142 908,B01,0,31,0,2,3,0,1,
202100032923,142 909,A01,0,3,0,2,2,18,1,
202100032924,142 907,A01,1,7,7,0,1,0,1,
202100032925,142 906,A01,2,10,0,1,1,16,1,
202100032926,142 905,A01,1,15,0,1,1,1,1,
202100032927,142 903,B01,3,7,0,2,2,2,1,
202100032927,142 904,A01,3,99,0,2,3,15,1,
202100032928,142 901,A01,3,7,0,2,1,1,1,
202100032928,142 902,B01,3,32,0,2,4,1,1,
202100032929,142 900,A01,2,33,0,1,5,16,1,
202100032930,142 899,A01,2,32,0,1,2,17,1,
202100032931,142 898,A01,1,7,0,1,1,1,1,
202100032932,142 897,A01,1,7,4,0,2,11,0,
202100032933,142 895,B01,1,7,0,2,1,1,1,
202100032933,142 896,A01,1,7,0,2,4,4,1,
202100032934,142 892,C01,1,7,0,2,1,1,1,
202100032934,142 893,B01,1,7,0,2,4,23,1,
202100032934,142 894,A01,1,7,0,2,4,23,1,
202100032935,142 890,A01,1,7,0,2,4,1,1,
202100032935,142 891,B01,1,32,0,2,1,1,1,
202100032936,142 887,C01,1,7,0,2,0,0,0,
202100032936,142 888,B01,1,7,0,2,0,0,0,
202100032936,142 889,A01,3,32,0,2,0,9,0,
202100032937,142 886,A01,1,10,0,1,4,20,3,
202100032938,142 883,C01,1,3,0,2,0,0,0,
202100032938,142 884,B01,1,7,0,2,0,0,1,
202100032938,142 885,A01,1,30,0,2,1,1,1,
202100032939,142 881,B01,2,7,0,2,3,1,1,
202100032939,142 882,A01,1,1,0,2,3,13,5,
202100032940,142 876,D01,2,13,0,2,6,0,1,
202100032940,142 877,C01,2,7,0,2,4,0,1,
202100032940,142 878,B01,2,7,1,2,3,9,1,
202100032940,142 879,F01,2,7,0,2,6,1,1,
202100032940,142 880,A01,2,7,1,2,5,12,1,
202100032941,142 874,B01,3,50,0,2,8,1,3,
202100032941,142 875,A01,3,7,0,9,2,1,1,
202100032942,142 872,A01,2,50,0,2,1,1,3,
202100032942,142 873,B01,1,7,0,2,3,15,1,
202100032943,142 870,Z01,1,7,0,2,8,13,0,
202100032943,142 871,A01,1,30,0,2,5,1,1,
202100032944,142 868,A01,2,30,0,2,3,1,0,
202100032944,142 869,B01,1,7,0,2,2,15,1,
202100032945,142 866,A01,2,7,0,2,3,1,1,
202100032945,142 867,B01,2,31,0,2,2,17,1,
202100032946,142 865,A01,2,33,9,1,1,1,1,
202100032947,142 863,B01,1,7,8,2,2,17,1,
202100032947,142 864,A01,1,3,13,2,3,15,1,
202100032948,142 862,A01,3,7,0,1,2,15,1,
202100032949,142 860,A01,1,2,0,0,4,0,1,
202100032949,142 861,B01,1,7,0,2,1,2,1,
202100032950,142 859,A01,3,33,8,0,0,13,1,
202100032951,142 857,A01,1,33,0,2,1,1,1,
202100032951,142 858,B01,1,7,0,2,8,15,1,
202100032952,142 855,B01,3,2,0,2,4,1,1,
202100032952,142 856,A01,1,10,0,2,3,1,1,
202100032953,142 853,A01,3,7,0,2,3,1,1,
202100032953,142 854,B01,3,2,0,2,1,1,1,
202100032954,142 851,B01,1,33,0,2,2,17,1,
202100032954,142 852,A01,1,7,0,2,3,20,1,
202100032955,142 850,A01,2,7,17,0,2,1,1,
202100032956,142 849,A01,2,7,0,1,2,13,1,
202100032957,142 848,A01,1,7,0,1,3,15,1,
202100032958,142 846,A01,3,30,0,2,1,1,1,
202100032958,142 847,B01,3,7,0,2,1,1,1,
202100032959,142 844,A01,3,2,0,2,1,1,1,
202100032959,142 845,B01,3,7,0,2,2,16,1,
202100032960,142 841,A01,1,7,0,2,3,1,1,
202100032960,142 842,B01,1,7,0,2,5,15,1,
202100032960,142 843,C01,2,7,0,2,3,1,1,
202100032961,142 840,A01,1,7,13,0,1,1,1,
202100032962,142 838,B01,1,33,0,2,3,1,1,
202100032962,142 839,A01,2,10,0,2,1,19,1,
202100032963,142 837,A01,1,7,13,0,9,1,1,
202100032964,142 834,A01,0,7,0,2,7,15,1,
202100032964,142 835,B01,0,7,0,2,1,5,1,
202100032964,142 836,C01,0,7,0,2,9,2,1,
202100032965,142 833,A01,2,7,13,0,1,0,1,
202100032966,142 831,A01,2,7,0,2,3,1,1,
202100032966,142 832,B01,1,7,0,2,1,1,1,
202100032967,142 829,A01,1,7,0,2,2,1,1,
202100032967,142 830,B01,2,7,0,2,2,13,1,
202100032968,142 828,A01,1,7,2,0,7,1,1,
202100032969,142 825,A01,2,7,0,2,1,17,1,
202100032969,142 826,B01,1,33,0,2,1,1,1,
202100032969,142 827,C01,2,10,0,9,0,1,1,
202100032970,142 824,A01,2,2,0,0,0,1,1,
202100032971,142 822,A01,1,7,0,2,8,15,1,
202100032971,142 823,B01,1,34,0,2,7,13,1,
202100032972,142 820,A01,3,7,0,2,1,1,1,
202100032972,142 821,B01,3,1,0,2,8,11,0,
202100032973,142 818,B01,3,33,0,2,1,17,1,
202100032973,142 819,A01,3,7,0,2,3,15,1,
202100032974,142 817,A01,1,31,16,0,0,1,1,
202100032975,142 816,A01,1,33,0,0,8,1,1,
202100032976,142 814,A01,1,2,0,2,0,1,1,
202100032976,142 815,B01,0,7,0,2,8,9,1,
202100032977,142 810,A01,1,7,0,2,4,2,1,
202100032977,142 811,B01,1,10,0,2,4,2,1,
202100032977,142 812,C01,1,7,0,2,4,2,1,
202100032977,142 813,D01,1,10,0,2,1,2,1,
202100032978,142 807,A01,2,7,0,2,4,2,1,
202100032978,142 808,B01,2,7,0,0,0,0,1,
202100032978,142 809,C01,2,7,0,2,1,2,1,
202100032979,142 805,Z01,0,7,0,0,0,0,0,
202100032979,142 806,A01,1,7,0,2,4,0,1,
202100032980,142 804,A01,3,32,0,9,8,1,1,
202100032981,142 799,E01,1,7,3,2,1,21,1,
202100032981,142 800,D01,1,7,3,0,2,21,1,
202100032981,142 801,C01,1,3,3,2,1,21,1,
202100032981,142 802,B01,1,7,3,0,1,21,1,
202100032981,142 803,A01,1,7,3,0,1,6,1,
202100032982,142 797,B01,2,7,0,2,1,0,1,
202100032982,142 798,A01,2,7,0,2,4,0,1,
202100032983,142 793,A01,2,10,0,2,4,1,1,
202100032983,142 794,B01,2,7,0,2,4,1,1,
202100032983,142 795,C01,2,7,0,2,4,0,1,
202100032983,142 796,D01,2,7,0,2,1,1,1,
202100032984,142 791,B01,1,7,0,2,6,1,1,
202100032984,142 792,A01,1,17,0,2,2,12,1,
202100032985,142 787,B01,1,7,0,2,1,21,1,
202100032985,142 788,C01,1,7,0,2,1,21,1,
202100032985,142 789,A01,1,7,0,2,3,1,1,
202100032985,142 790,Z01,1,0,0,0,0,0,0,
202100032986,142 786,A01,1,7,7,0,3,14,1,
202100032987,142 784,B01,2,7,0,2,3,12,1,
202100032987,142 785,A01,2,7,0,2,5,23,1,
202100032988,142 782,A01,2,7,0,2,3,11,1,
202100032988,142 783,B01,2,33,0,2,6,3,1,
202100032989,142 781,A01,2,7,3,0,9,2,1,
202100032990,142 780,A01,1,7,0,0,0,26,1,
202100032991,142 778,B01,1,3,0,2,4,12,1,
202100032991,142 779,A01,1,33,0,2,1,3,1,
202100032992,142 775,A01,2,7,0,2,6,18,1,
202100032992,142 776,B01,2,7,0,2,2,1,1,
202100032992,142 777,C01,2,7,0,2,8,1,1,
202100032993,142 774,A01,2,7,3,0,9,1,1,
202100032994,142 771,A01,2,33,0,2,9,3,1,
202100032994,142 772,B01,2,7,0,2,7,12,1,
202100032994,142 773,C01,2,7,0,2,8,1,2,
202100032995,142 769,B01,2,7,0,2,4,24,1,
202100032995,142 770,A01,2,37,0,2,1,1,1,1.0
202100032996,142 767,B01,2,43,0,2,5,1,1,
202100032996,142 768,A01,2,7,0,2,3,11,1,
202100032997,142 764,A01,2,7,0,2,4,2,1,
202100032997,142 765,B01,2,7,0,2,1,1,1,
202100032997,142 766,C01,2,7,0,2,1,2,1,
202100032998,142 761,A01,2,7,0,2,1,2,1,
202100032998,142 762,B01,2,7,0,2,4,2,1,
202100032998,142 763,C01,2,7,0,2,4,2,1,
202100032999,142 760,A01,1,7,3,0,1,1,1,
202100033000,142 759,A01,2,7,4,0,1,1,1,
202100033001,142 758,A01,2,7,3,0,2,0,1,
202100033002,142 756,B01,2,7,0,2,4,12,1,
202100033002,142 757,A01,2,33,0,2,1,3,1,
202100033003,142 751,B01,1,10,0,2,4,2,1,
202100033003,142 752,A01,1,7,0,2,1,2,1,
202100033003,142 753,E01,1,7,0,2,1,1,1,
202100033003,142 754,D01,1,7,0,2,4,2,1,
202100033003,142 755,C01,1,7,0,2,4,2,1,
202100033004,142 750,A01,1,7,0,1,2,1,1,
202100033005,142 749,A01,2,30,0,1,0,26,1,
202100033006,142 748,A01,1,7,0,1,2,1,1,
202100033007,142 746,A01,3,10,0,9,3,15,1,
202100033007,142 747,B01,3,1,0,2,0,0,0,
202100033008,142 744,B01,3,2,0,2,1,1,1,
202100033008,142 745,A01,3,7,0,2,7,15,1,
202100033009,142 742,B01,1,33,0,2,1,1,1,
202100033009,142 743,A01,1,7,0,2,3,15,2,
202100033010,142 739,A01,1,7,1,0,8,21,1,
202100033010,142 740,B01,1,7,0,2,7,23,1,
202100033010,142 741,C01,1,13,0,2,5,23,1,
202100033011,142 737,B01,2,1,0,2,8,1,5,
202100033011,142 738,Z01,1,50,0,2,3,13,3,
202100033012,142 734,C01,2,7,0,2,4,2,1,
202100033012,142 735,B01,2,7,0,2,4,2,1,
202100033012,142 736,A01,2,7,0,2,1,2,1,
202100033013,142 732,B01,1,2,0,2,4,14,1,
202100033013,142 733,A01,1,7,0,2,1,1,1,
202100033014,142 729,A01,2,7,0,2,2,1,1,
202100033014,142 730,B01,2,7,0,2,6,23,1,
202100033014,142 731,C01,2,7,0,2,0,0,1,
202100033015,142 728,A01,1,7,0,1,2,25,1,
202100033016,142 725,A01,1,7,0,2,1,1,1,
202100033016,142 726,B01,1,7,0,2,4,1,1,
202100033016,142 727,C01,1,7,1,2,4,1,1,
202100033017,142 723,B01,2,10,0,0,4,2,1,
202100033017,142 724,A01,2,10,0,2,1,2,1,
202100033018,142 722,A01,2,7,3,0,1,14,1,
202100033019,142 721,A01,1,31,0,0,7,14,1,
202100033020,142 718,C01,2,7,0,2,6,1,1,
202100033020,142 719,B01,2,7,0,2,3,1,1,
202100033020,142 720,A01,1,33,0,2,1,16,1,
202100033021,142 717,A01,3,1,0,1,1,1,5,
202100033022,142 715,B01,3,7,0,2,4,1,1,
202100033022,142 716,A01,3,33,0,2,1,2,1,
202100033023,142 712,C01,2,7,0,2,4,1,0,
202100033023,142 713,B01,2,7,0,2,1,1,1,
202100033023,142 714,A01,2,7,0,2,1,1,1,
202100033024,142 710,B01,2,1,0,2,8,1,5,
202100033024,142 711,A01,2,10,0,9,5,17,1,
202100033025,142 708,B01,-1,7,0,2,1,1,1,
202100033025,142 709,A01,-1,2,0,2,1,20,1,
202100033026,142 707,A01,0,7,0,1,5,1,1,
202100033027,142 705,B01,1,33,8,0,4,23,1,
202100033027,142 706,A01,1,14,0,2,2,1,0,
202100033028,142 703,B01,2,7,0,2,5,15,1,
202100033028,142 704,A01,1,7,0,0,1,0,1,
202100033029,142 702,A01,3,7,0,1,1,1,1,
202100033030,142 701,A01,1,43,12,0,2,1,1,
202100033031,142 700,A01,3,7,0,1,7,1,1,
202100033032,142 699,A01,2,7,0,1,1,0,1,
202100033033,142 697,A01,1,7,8,2,3,18,1,
202100033033,142 698,B01,2,7,0,2,3,15,1,
202100033034,142 695,B01,2,1,0,2,3,1,5,
202100033034,142 696,Z01,2,7,0,9,2,16,0,
202100033035,142 694,A01,1,3,0,1,3,9,1,
202100033036,142 691,B01,1,7,0,2,1,1,1,
202100033036,142 692,A01,2,7,0,2,1,17,1,
202100033036,142 693,C01,2,7,0,0,0,1,1,
202100033037,142 690,A01,1,7,0,1,1,1,2,
202100033038,142 688,B01,2,50,0,2,1,2,3,
202100033038,142 689,A01,1,7,0,2,2,15,1,
202100033039,142 686,A01,1,7,0,2,4,1,1,
202100033039,142 687,B01,1,7,0,2,3,0,1,
202100033040,142 683,B01,1,7,0,2,4,23,1,
202100033040,142 684,A01,1,7,0,2,1,1,1,
202100033040,142 685,C01,2,7,0,2,8,1,1,
202100033041,142 681,A01,1,7,0,2,1,0,1,
202100033041,142 682,B01,2,7,0,2,1,0,1,
202100033042,142 680,A01,1,7,5,0,1,1,1,
202100033043,142 677,A01,1,7,0,2,1,9,1,
202100033043,142 678,B01,1,7,0,2,1,1,1,
202100033043,142 679,C01,1,7,0,2,2,0,1,
202100033044,142 676,A01,1,7,0,1,1,26,1,
202100033045,142 674,B01,1,7,0,2,1,1,1,
202100033045,142 675,A01,2,30,0,2,7,1,1,
202100033046,142 672,B01,1,7,0,2,4,23,2,
202100033046,142 673,A01,1,7,0,2,1,2,1,
202100033047,142 670,B01,3,7,0,2,8,1,1,
202100033047,142 671,A01,3,7,0,2,1,16,1,
202100033048,142 668,B01,3,3,0,2,4,1,1,
202100033048,142 669,A01,3,7,0,2,1,21,1,
202100033049,142 666,B01,2,1,0,2,1,25,5,
202100033049,142 667,A01,3,7,0,2,2,16,1,
202100033050,142 665,A01,2,7,3,0,1,14,1,
202100033051,142 664,A01,2,20,0,0,0,21,1,
202100033052,142 662,B01,2,80,0,2,7,1,3,
202100033052,142 663,A01,1,7,0,2,1,19,1,
202100033053,142 660,B01,2,7,0,2,3,11,1,
202100033053,142 661,A01,2,7,0,2,1,17,1,
202100033054,142 658,A01,2,7,0,2,1,13,1,
202100033054,142 659,B01,1,31,0,2,1,1,1,
202100033055,142 657,Z01,3,7,0,1,1,1,1,
202100033056,142 655,B01,2,7,0,2,3,15,1,
202100033056,142 656,A01,1,30,0,2,3,1,1,
202100033057,142 653,B01,1,31,0,2,1,1,1,
202100033057,142 654,A01,1,7,0,2,1,1,1,
202100033058,142 652,Z01,2,7,0,1,0,0,1,
202100033059,142 650,A01,2,7,0,2,1,2,1,
202100033059,142 651,B01,2,7,0,2,4,2,1,
202100033060,142 649,A01,1,7,0,1,3,26,1,
202100033061,142 647,A01,3,7,0,2,7,17,1,
202100033061,142 648,B01,3,31,0,2,8,0,1,
202100033062,142 643,A01,2,7,0,2,1,15,0,
202100033062,142 644,B01,2,7,0,2,3,1,1,
202100033062,142 645,C01,1,10,0,2,3,23,1,
202100033062,142 646,D01,1,7,0,2,1,23,0,
202100033063,142 639,C01,0,7,0,2,7,23,1,
202100033063,142 640,Z01,0,7,0,2,1,18,0,
202100033063,142 641,B01,0,32,0,2,0,1,1,
202100033063,142 642,A01,0,33,0,2,4,1,1,
202100033064,142 637,B01,1,7,0,2,1,1,1,
202100033064,142 638,A01,1,7,0,2,3,19,1,
202100033065,142 636,A01,1,7,2,0,1,26,1,
202100033066,142 635,A01,1,7,0,2,1,5,1,
202100033067,142 634,A01,1,7,0,1,1,1,1,
202100033068,142 632,A01,1,7,0,2,1,13,1,
202100033068,142 633,C01,2,7,0,2,1,1,1,
202100033069,142 631,A01,2,33,0,0,7,1,1,
202100033070,142 629,B01,1,43,0,2,7,1,1,
202100033070,142 630,A01,1,7,0,2,8,11,1,
202100033071,142 627,B01,2,7,0,2,1,1,1,
202100033071,142 628,A01,1,31,0,2,8,1,1,
202100033072,142 626,Z01,1,33,0,1,1,1,1,
202100033073,142 624,B01,2,1,0,2,4,10,5,
202100033073,142 625,A01,2,33,0,2,1,17,1,
202100033074,142 623,A01,1,60,0,1,6,25,5,
202100033075,142 621,Z01,2,7,0,2,7,17,0,
202100033075,142 622,A01,2,1,0,2,8,1,5,
202100033076,142 619,A01,3,7,0,2,3,9,1,
202100033076,142 620,B01,2,30,0,2,1,7,3,
202100033077,142 618,A01,1,34,0,1,1,1,1,
202100033078,142 616,A01,1,10,0,2,7,16,1,
202100033078,142 617,B01,1,33,0,2,8,18,1,
202100033079,142 614,A01,2,1,0,2,1,5,5,
202100033079,142 615,B01,1,10,0,2,3,1,1,
202100033080,142 613,A01,2,30,14,0,1,13,1,
202100033081,142 611,A01,1,7,0,2,3,2,1,
202100033081,142 612,B01,1,30,0,2,4,23,1,
202100033082,142 609,A01,2,10,0,2,3,22,1,
202100033082,142 610,B01,2,80,0,2,7,1,3,
202100033083,142 607,A01,1,32,0,2,2,15,1,
202100033083,142 608,B01,2,80,0,2,1,1,3,
202100033084,142 606,A01,2,10,0,1,2,1,1,
202100033085,142 605,A01,2,30,0,1,1,7,3,
202100033086,142 604,A01,1,30,0,0,0,16,3,
202100033087,142 601,B01,1,7,0,0,6,2,1,
202100033087,142 602,A01,1,2,0,2,1,15,1,
202100033087,142 603,C01,2,7,0,0,8,5,1,
202100033088,142 600,A01,1,7,0,0,7,1,2,
202100033089,142 598,B01,1,33,0,2,8,1,1,
202100033089,142 599,A01,1,10,0,2,7,21,1,
202100033090,142 596,B01,1,33,0,2,1,1,1,
202100033090,142 597,A01,2,7,0,2,5,15,0,
202100033091,142 595,A01,2,7,0,1,3,1,1,
202100033092,142 594,A01,2,7,9,0,2,2,1,
202100033093,142 592,B01,2,7,0,2,3,1,1,
202100033093,142 593,A01,2,10,0,2,1,15,2,
202100033094,142 591,A01,2,7,6,0,3,1,1,
202100033095,142 588,B01,2,7,0,2,1,2,1,
202100033095,142 589,C01,2,7,0,2,4,16,1,
202100033095,142 590,A01,1,7,0,2,1,26,1,
202100033096,142 587,A01,1,7,0,1,0,20,1,
202100033097,142 586,A01,1,34,0,0,0,17,0,
202100033098,142 584,A01,2,7,0,2,1,0,1,
202100033098,142 585,B01,1,38,0,2,1,0,1,2.0
202100033099,142 583,A01,-1,7,0,1,7,1,1,
202100033100,142 581,A01,2,10,0,2,4,23,1,
202100033100,142 582,B01,2,50,0,2,1,2,3,
202100033101,142 580,A01,1,7,8,0,1,6,1,
202100033102,142 579,A01,2,7,0,1,3,1,1,
202100033103,142 577,Z01,2,7,0,2,5,1,0,
202100033103,142 578,A01,2,1,0,2,5,1,5,
202100033104,142 575,A01,2,7,0,2,7,16,1,
202100033104,142 576,B01,2,1,0,2,1,16,5,
202100033105,142 574,A01,2,2,0,0,7,1,1,
202100033106,142 572,B01,1,33,0,0,1,1,1,
202100033106,142 573,A01,1,7,0,0,2,15,1,
202100033107,142 571,A01,1,33,3,9,2,26,1,
202100033108,142 570,A01,1,7,0,0,9,0,1,
202100033109,142 568,A01,2,7,0,2,3,5,1,
202100033109,142 569,C01,1,7,0,2,3,1,1,
202100033110,142 567,A01,2,7,2,0,3,13,1,
202100033111,142 566,A01,1,10,2,0,2,1,1,
202100033112,142 564,A01,1,7,0,0,4,1,1,
202100033112,142 565,B01,1,10,0,2,1,2,1,
202100033113,142 563,A01,0,7,16,0,9,17,1,
202100033114,142 562,A01,3,7,6,0,1,1,1,
202100033115,142 561,A01,3,31,6,0,1,1,1,
202100033116,142 560,A01,1,2,0,0,9,1,1,
202100033117,142 559,A01,3,7,2,0,3,0,1,
202100033118,142 557,A01,2,2,0,2,3,15,1,
202100033118,142 558,B01,1,7,0,2,3,16,1,
202100033119,142 555,A01,3,10,0,9,7,2,1,
202100033119,142 556,B01,3,1,0,2,4,2,5,
202100033120,142 554,A01,2,33,0,6,1,1,1,
202100033121,142 553,A01,3,2,1,0,1,1,1,
202100033122,142 552,A01,2,7,0,1,3,1,1,
202100033123,142 549,B01,1,7,0,2,3,1,1,
202100033123,142 550,A01,1,7,0,2,2,0,1,
202100033124,142 547,A01,2,7,12,2,1,1,1,
202100033124,142 548,B01,1,7,0,2,1,1,1,
202100033125,142 545,B01,3,7,0,2,1,1,1,
202100033125,142 546,A01,0,7,0,2,1,1,0,
202100033126,142 542,A01,1,7,0,2,1,1,1,
202100033126,142 543,B01,1,36,0,0,4,1,1,
202100033127,142 540,A01,1,7,6,0,3,1,1,
202100033127,142 541,B01,2,7,6,0,3,1,2,
202100033128,142 539,A01,3,31,0,0,7,13,1,
202100033129,142 538,A01,1,7,0,0,1,1,1,
202100033130,142 537,A01,1,33,16,0,0,1,1,
202100033131,142 536,A01,3,31,0,0,0,0,1,
202100033132,142 534,B01,1,7,0,2,3,1,1,
202100033132,142 535,A01,2,7,0,2,3,13,1,
202100033133,142 531,A01,1,7,0,0,4,1,1,
202100033133,142 532,B01,1,7,0,0,4,1,1,
202100033133,142 533,C01,1,13,0,0,1,1,1,
202100033134,142 529,A01,0,2,0,2,3,9,1,
202100033134,142 530,B01,0,7,0,2,1,1,1,
202100033135,142 528,A01,2,7,8,0,1,1,1,
202100033136,142 526,A01,1,31,0,2,1,1,1,
202100033136,142 527,B01,1,10,0,0,6,23,1,
202100033137,142 524,A01,2,7,3,2,1,1,1,
202100033137,142 525,B01,2,15,0,0,4,1,1,
202100033138,142 522,B01,2,7,0,0,4,0,1,
202100033138,142 523,A01,2,13,0,2,1,2,1,
202100033139,142 520,A01,1,15,0,2,6,1,1,
202100033139,142 521,B01,1,10,4,2,2,17,1,
202100033140,142 519,A01,2,33,0,0,7,21,1,
202100033141,142 518,A01,1,32,4,0,8,1,1,
202100033142,142 516,B01,1,7,0,2,3,1,1,
202100033142,142 517,A01,1,7,0,0,4,12,0,
202100033143,142 515,A01,1,7,4,0,7,21,1,
202100033144,142 513,A01,2,7,13,2,1,17,1,
202100033144,142 514,B01,2,7,13,2,4,1,1,
202100033145,142 512,A01,2,43,4,0,0,0,1,
202100033146,142 511,A01,3,7,0,1,1,26,0,
202100033147,142 510,A01,2,31,7,0,0,1,1,
202100033148,142 509,A01,2,7,13,0,1,1,1,
202100033149,142 508,A01,1,33,4,0,7,1,1,
202100033150,142 507,A01,1,7,0,1,1,15,1,
202100033151,142 505,B01,2,7,3,2,8,1,1,
202100033151,142 506,A01,2,7,0,2,2,1,1,
202100033152,142 504,A01,2,7,0,1,1,1,1,
202100033153,142 502,B01,2,7,0,2,3,1,1,
202100033153,142 503,A01,1,7,0,2,3,13,1,
202100033154,142 501,A01,2,43,3,0,2,1,1,
202100033155,142 499,A01,2,33,0,2,1,13,1,
202100033155,142 500,B01,1,7,0,2,3,19,1,
202100033156,142 498,A01,2,7,0,0,3,1,1,
202100033157,142 495,A01,1,7,0,2,1,2,1,
202100033157,142 496,B01,1,7,0,2,4,2,1,
202100033157,142 497,C01,1,7,0,2,5,2,1,
202100033158,142 493,B01,2,17,0,2,0,1,1,
202100033158,142 494,A01,2,7,0,2,1,1,1,
202100033159,142 491,A01,2,33,0,2,1,2,1,
202100033159,142 492,B01,2,7,0,2,4,2,1,
202100033160,142 490,A01,1,7,4,0,1,11,1,
202100033161,142 488,A01,2,10,4,2,7,12,1,
202100033161,142 489,B01,2,10,4,2,8,1,1,
202100033162,142 486,B01,2,34,0,2,8,3,1,
202100033162,142 487,A01,2,7,0,2,2,12,1,
202100033163,142 485,A01,2,7,3,0,1,21,1,
202100033164,142 483,B01,2,10,0,2,4,23,1,
202100033164,142 484,A01,2,7,1,0,1,2,1,
202100033165,142 481,B01,2,7,0,2,7,1,1,
202100033165,142 482,A01,2,31,0,2,8,3,1,
202100033166,142 480,A01,1,7,3,0,3,26,1,
202100033167,142 479,A01,2,7,0,1,1,1,1,
202100033168,142 476,A01,1,7,0,1,1,1,1,
202100033169,142 474,B01,1,7,0,2,3,1,1,
202100033169,142 475,A01,1,30,0,2,1,2,1,
202100033170,142 471,C01,1,7,0,2,1,1,0,
202100033170,142 472,B01,1,7,0,2,1,2,1,
202100033170,142 473,A01,1,7,0,2,3,17,1,
202100033171,142 470,A01,2,32,0,2,9,26,1,
202100033172,142 468,B01,1,7,0,2,2,0,1,
202100033172,142 469,A01,2,7,0,2,3,1,1,
202100033173,142 467,A01,0,7,1,0,0,0,1,
202100033174,142 465,A01,2,10,0,2,1,1,1,
202100033174,142 466,B01,2,7,0,2,4,23,1,
202100033175,142 464,A01,3,30,0,2,0,21,1,
202100033176,142 462,A01,3,7,0,2,2,19,1,
202100033176,142 463,B01,1,7,0,2,3,1,1,
202100033177,142 461,A01,3,7,10,0,8,15,1,
202100033178,142 459,A01,2,50,0,2,1,19,3,
202100033178,142 460,B01,1,7,0,2,8,1,1,
202100033179,142 458,A01,1,32,0,1,1,9,1,
202100033180,142 456,A01,3,7,0,2,2,1,1,
202100033180,142 457,B01,1,1,0,2,4,2,5,
202100033181,142 454,B01,1,1,0,0,0,0,0,
202100033181,142 455,A01,1,7,0,9,0,26,1,
202100033182,142 452,A01,2,30,0,2,1,15,1,
202100033182,142 453,B01,1,7,0,2,3,2,1,
202100033183,142 450,A01,1,7,0,2,3,10,1,
202100033183,142 451,B01,1,32,0,2,1,1,1,
202100033184,142 448,B01,1,7,0,2,4,1,1,
202100033184,142 449,A01,2,31,0,2,1,1,1,
202100033185,142 446,A01,1,7,0,2,3,19,1,
202100033185,142 447,B01,1,2,0,2,1,1,1,
202100033186,142 444,B01,2,7,0,2,7,1,1,
202100033186,142 445,A01,3,50,0,2,1,1,3,
202100033187,142 442,B01,2,7,0,2,8,15,1,
202100033187,142 443,A01,2,80,0,2,1,1,3,
202100033188,142 440,B01,1,60,0,2,8,19,5,
202100033188,142 441,A01,1,7,0,2,1,26,1,
202100033189,142 438,B01,1,7,0,2,1,16,1,
202100033189,142 439,A01,2,10,0,2,2,1,1,
202100033190,142 436,A01,2,33,0,2,1,1,1,
202100033190,142 437,B01,2,7,0,2,8,16,1,
202100033191,142 434,A01,3,50,0,2,1,9,3,
202100033191,142 435,B01,3,7,0,2,2,26,1,
202100033192,142 433,A01,3,1,9,0,1,26,5,
202100033193,142 431,B01,0,1,0,2,0,0,5,
202100033193,142 432,A01,2,7,0,2,5,14,1,
202100033194,142 430,A01,1,7,6,0,1,1,1,
202100033195,142 428,B01,2,1,0,2,7,1,5,
202100033195,142 429,A01,2,7,0,2,7,17,1,
202100033196,142 427,A01,0,7,6,0,1,1,1,
202100033197,142 423,Z01,1,7,8,2,2,0,1,
202100033197,142 424,A01,1,7,0,2,6,2,1,
202100033197,142 425,B01,1,7,1,0,4,26,1,
202100033197,142 426,C01,1,7,2,0,4,0,1,
202100033198,142 421,B01,0,7,0,2,1,1,1,
202100033198,142 422,A01,0,3,0,2,1,15,1,
202100033199,142 420,A01,2,7,9,0,1,19,1,
202100033200,142 419,A01,2,7,0,0,9,1,1,
202100033201,142 417,A01,3,33,0,2,4,12,1,
202100033201,142 418,B01,3,7,0,0,0,0,1,
202100033202,142 416,A01,1,30,0,1,1,26,1,
202100033203,142 415,A01,2,32,0,0,1,26,1,
202100033204,142 411,B01,2,7,0,2,6,1,1,
202100033204,142 412,A01,2,7,0,2,3,14,1,
202100033205,142 409,A01,1,7,0,2,1,2,1,
202100033205,142 410,B01,1,7,0,2,4,2,1,
202100033206,142 407,A01,2,7,0,2,1,15,1,
202100033206,142 408,B01,2,31,0,2,8,1,1,
202100033207,142 406,A01,1,50,0,1,0,1,3,
202100033208,142 404,B01,1,32,0,2,3,18,1,
202100033208,142 405,A01,1,7,0,2,2,1,1,
202100033209,142 402,A01,1,1,0,2,1,1,5,