Num_Acc,id_vehicule,num_veh,senc,catv,obs,obsm,choc,manv,motor,occutc
202100033209,142 403,Z01,2,1,0,2,1,13,0,
202100033210,142 400,A01,1,10,0,2,3,22,1,
202100033210,142 401,B01,1,2,0,2,1,1,1,
202100033211,142 397,B01,1,1,0,2,1,1,5,
202100033211,142 398,A01,2,7,0,2,8,5,1,
202100033212,142 396,A01,1,1,0,1,1,5,5,
202100033213,142 394,B01,0,1,0,2,2,1,5,
202100033213,142 395,A01,3,32,0,2,3,1,1,
202100033214,142 393,A01,1,32,0,1,1,17,1,
202100033215,142 391,B01,1,2,0,2,1,2,3,
202100033215,142 392,A01,1,7,0,0,5,23,1,
202100033216,142 389,B01,1,1,0,2,7,1,5,
202100033216,142 390,A01,1,7,0,2,8,22,1,
202100033217,142 388,A01,1,1,12,0,2,14,5,
202100033218,142 386,A01,1,1,0,2,2,1,5,
202100033218,142 387,Z01,2,50,0,2,0,19,3,
202100033219,142 385,A01,3,80,0,5,8,1,3,
202100033220,142 383,B01,1,7,0,2,1,1,1,
202100033220,142 384,A01,2,7,15,2,3,1,1,
202100033221,142 381,B01,2,31,0,2,7,1,1,
202100033221,142 382,A01,1,7,0,2,3,15,1,
202100033222,142 380,A01,1,7,1,2,8,13,1,
202100033223,142 378,B01,1,7,0,2,1,16,1,
202100033223,142 379,A01,2,7,0,9,4,16,1,
202100033224,142 377,A01,0,7,1,0,2,1,1,
202100033225,142 374,A01,3,7,0,2,2,0,1,
202100033225,142 375,B01,0,7,0,2,6,23,1,
202100033225,142 376,C01,0,7,0,2,4,23,1,
202100033226,142 372,A01,3,7,0,2,2,15,0,
202100033226,142 373,B01,3,7,0,2,1,1,0,
202100033227,142 371,A01,1,7,9,0,1,15,2,
202100033228,142 370,A01,2,7,0,1,1,1,2,
202100033229,142 368,A01,1,7,0,2,7,15,1,
202100033229,142 369,B01,2,2,0,2,1,1,1,
202100033230,142 367,A01,1,33,8,0,1,1,1,
202100033231,142 366,A01,2,33,13,0,1,1,1,
202100033232,142 365,A01,1,7,13,0,1,1,1,
202100033233,142 364,A01,2,7,0,1,2,1,1,
202100033234,142 362,A01,1,7,0,2,2,19,1,
202100033234,142 363,B01,2,7,0,2,2,1,1,
202100033235,142 361,A01,1,7,2,0,1,1,1,
202100033236,142 360,A01,1,1,0,0,9,13,5,
202100033237,142 358,A01,1,7,0,2,3,3,1,
202100033237,142 359,B01,2,7,0,2,3,1,1,
202100033238,142 357,A01,2,7,13,0,1,1,1,
202100033239,142 353,A01,3,10,0,2,8,19,1,
202100033239,142 354,B01,2,2,0,2,1,19,1,
202100033240,142 351,A01,2,2,0,9,1,1,1,
202100033241,142 350,A01,1,7,2,0,1,1,1,
202100033242,142 348,B01,1,14,0,2,7,16,1,
202100033242,142 349,A01,3,31,0,2,8,23,1,
202100033243,142 346,B01,3,7,0,2,3,19,1,
202100033243,142 347,A01,1,31,0,2,1,21,1,
202100033244,142 345,A01,1,7,1,1,2,1,1,
202100033245,142 344,A01,1,7,0,0,3,0,0,
202100033246,142 343,A01,2,7,2,0,1,14,1,
202100033247,142 342,A01,1,33,0,0,6,1,1,
202100033248,142 341,A01,2,7,0,0,9,14,1,
202100033249,142 339,A01,1,33,0,2,2,17,1,
202100033249,142 340,B01,1,7,0,2,6,17,1,
202100033250,142 337,A01,3,7,0,2,1,1,1,
202100033250,142 338,B01,3,21,0,2,3,1,1,
202100033251,142 336,A01,1,33,0,0,7,1,1,
202100033252,142 335,A01,1,7,4,0,2,1,1,
202100033253,142 333,A01,2,7,0,2,1,15,1,
202100033253,142 334,B01,1,1,0,2,8,1,5,
202100033254,142 331,B01,1,7,0,2,1,1,1,
202100033254,142 332,A01,2,10,0,2,7,1,1,
202100033255,142 330,A01,1,7,2,0,1,1,1,
202100033256,142 329,A01,1,2,8,0,1,0,1,
202100033257,142 325,A01,1,32,0,0,0,15,1,
202100033257,142 326,B01,1,33,0,2,1,17,1,
202100033258,142 323,A01,2,7,0,2,1,13,1,
202100033258,142 324,B01,1,7,3,2,3,1,1,
202100033259,142 321,B01,3,7,0,2,8,19,1,
202100033259,142 322,A01,0,7,0,2,1,1,1,
202100033260,142 318,A01,2,33,16,0,3,1,1,
202100033261,142 316,B01,3,7,0,2,7,17,1,
202100033261,142 317,A01,3,30,0,2,8,15,1,
202100033262,142 315,A01,2,7,13,0,1,1,1,
202100033263,142 314,A01,1,7,13,0,1,1,1,
202100033264,142 313,A01,1,33,0,0,1,1,1,
202100033265,142 312,A01,3,7,15,0,3,0,1,
202100033266,142 310,A01,1,7,0,2,3,1,1,
202100033266,142 311,B01,1,7,0,2,2,1,1,
202100033267,142 308,A01,1,17,1,0,2,14,1,
202100033267,142 309,B01,1,7,0,0,6,24,1,
202100033268,142 305,B01,1,17,0,0,7,1,1,
202100033268,142 306,A01,1,7,13,2,1,13,1,
202100033269,142 304,A01,1,2,12,0,8,15,0,
202100033270,142 302,B01,2,7,0,2,1,5,3,
202100033270,142 303,A01,1,30,0,2,1,5,1,
202100033271,142 299,C01,1,7,0,2,3,21,1,
202100033271,142 300,B01,2,10,0,0,6,2,1,
202100033271,142 301,A01,2,33,0,2,1,2,1,
202100033272,142 297,A01,1,7,0,2,1,13,1,
202100033272,142 298,B01,2,7,0,2,1,1,1,
202100033273,142 296,A01,2,7,13,0,3,13,1,
202100033274,142 294,A01,3,36,1,0,1,1,1,
202100033274,142 295,B01,0,7,0,0,3,24,1,
202100033275,142 292,B01,3,7,0,2,1,13,1,
202100033275,142 293,A01,3,7,0,2,1,1,1,
202100033276,142 291,A01,1,7,0,9,1,14,1,
202100033277,142 289,A01,2,10,0,2,2,19,1,
202100033277,142 290,B01,3,1,0,2,3,19,5,
202100033278,142 288,A01,1,7,2,0,3,1,1,
202100033279,142 287,A01,2,7,12,0,1,0,1,
202100033280,142 286,A01,1,7,3,0,3,0,1,
202100033281,142 282,B01,2,7,0,2,6,11,1,
202100033281,142 283,A01,2,7,0,2,2,1,1,
202100033282,142 280,A01,1,7,0,2,7,12,1,
202100033282,142 281,B01,1,31,0,2,1,3,1,
202100033283,142 278,B01,1,7,0,2,2,1,1,
202100033283,142 279,A01,1,32,0,2,1,10,1,
202100033284,142 276,A01,1,7,0,2,4,2,1,
202100033284,142 277,B01,2,7,0,2,1,2,1,
202100033285,142 271,C01,2,7,0,2,4,23,1,
202100033285,142 272,D01,2,7,0,2,4,23,1,
202100033285,142 273,E01,2,7,0,2,1,1,1,
202100033285,142 274,B01,2,7,0,2,4,23,1,
202100033285,142 275,A01,2,7,0,2,4,23,1,
202100033286,142 268,C01,1,7,0,2,4,1,1,
202100033286,142 269,A01,1,10,0,2,1,1,1,
202100033286,142 270,B01,1,7,0,2,4,1,1,
202100033287,142 266,A01,2,7,0,2,1,2,1,
202100033287,142 267,B01,2,7,0,2,4,1,1,
202100033288,142 262,B01,2,7,0,2,4,2,1,
202100033288,142 263,A01,2,7,0,2,1,1,1,
202100033288,142 264,D01,2,7,0,2,4,2,1,
202100033288,142 265,C01,2,7,0,2,4,2,1,
202100033289,142 261,A01,1,7,4,0,1,1,1,
202100033290,142 260,A01,1,7,4,0,1,13,1,
202100033291,142 258,B01,1,7,0,2,4,1,1,
202100033291,142 259,A01,1,7,0,2,1,1,1,
202100033292,142 257,A01,1,7,0,0,9,1,1,
202100033293,142 255,A01,2,7,3,2,1,1,1,
202100033293,142 256,B01,2,7,0,2,6,1,1,
202100033294,142 253,A01,2,43,0,2,1,1,1,
202100033294,142 254,B01,2,7,0,2,4,1,3,
202100033295,142 252,A01,1,43,0,0,0,2,1,
202100033296,142 251,Z01,3,7,0,1,1,1,1,
202100033297,142 250,B01,2,1,0,1,1,1,5,
202100033298,142 249,A01,1,7,0,1,6,4,1,
202100033299,142 248,A01,2,33,0,1,1,1,1,
202100033300,142 246,A01,1,7,0,2,3,13,1,
202100033300,142 247,B01,1,2,0,2,1,1,1,
202100033301,142 244,A01,2,1,0,2,1,5,5,
202100033301,142 245,B01,1,10,0,2,2,15,1,
202100033302,142 243,A01,2,7,0,1,8,0,1,
202100033303,142 241,B01,1,7,0,2,3,1,1,
202100033303,142 242,A01,1,10,0,2,2,9,1,
202100033304,142 239,B01,1,1,0,2,1,1,5,
202100033304,142 240,A01,1,7,0,2,2,19,1,
202100033305,142 238,A01,3,50,0,0,0,1,3,
202100033306,142 236,A01,1,7,8,2,1,19,1,
202100033306,142 237,B01,2,7,8,2,2,1,1,
202100033307,142 232,A01,1,7,0,2,0,2,1,
202100033307,142 233,B01,1,7,1,0,4,2,2,
202100033307,142 234,C01,1,33,0,2,1,2,1,
202100033307,142 235,T01,1,0,0,0,0,0,0,
202100033308,142 231,A01,1,7,0,1,1,1,1,
202100033309,142 229,A01,3,3,0,2,1,13,1,
202100033309,142 230,B01,3,7,0,2,6,1,1,
202100033310,142 227,B01,2,7,6,2,4,16,1,
202100033310,142 228,A01,2,7,0,2,1,1,1,
202100033311,142 225,B01,3,7,0,2,1,1,1,
202100033311,142 226,A01,3,7,0,2,1,15,1,
202100033312,142 224,A01,3,7,0,1,1,26,1,
202100033313,142 222,B01,2,1,12,2,1,1,5,
202100033313,142 223,A01,1,10,0,2,3,17,1,
202100033314,142 220,A01,1,7,0,2,1,15,1,
202100033314,142 221,B01,2,7,0,2,1,9,1,
202100033315,142 219,A01,1,33,0,0,7,1,1,
202100033316,142 218,A01,1,7,11,0,1,1,1,
202100033317,142 215,C01,2,50,0,0,8,1,3,
202100033317,142 216,Z01,2,7,0,2,2,14,1,
202100033317,142 217,B01,2,50,0,2,4,1,3,
202100033318,142 213,B01,2,34,0,2,2,2,1,
202100033318,142 214,A01,2,7,0,2,3,20,1,
202100033319,142 211,A01,3,2,0,2,1,1,1,
202100033319,142 212,B01,3,7,0,2,4,23,1,
202100033320,142 209,A01,3,99,0,2,1,19,1,
202100033320,142 210,B01,3,7,0,0,0,1,0,
202100033321,142 202,B01,3,7,0,2,0,1,1,
202100033321,142 203,C01,3,33,0,2,1,1,1,
202100033321,142 204,A01,3,7,0,2,1,19,1,
202100033322,142 201,A01,0,1,4,0,0,13,5,
202100033323,142 197,A01,1,17,0,2,1,13,1,
202100033323,142 198,B01,2,17,0,2,8,21,1,
202100033324,142 195,A01,1,10,0,2,8,15,1,
202100033324,142 196,B01,2,32,0,2,2,2,1,
202100033325,142 193,B01,0,34,0,2,1,17,1,
202100033325,142 194,A01,1,7,0,2,3,23,1,
202100033326,142 191,A01,1,10,0,2,0,20,1,
202100033326,142 192,B01,1,50,0,2,0,1,3,
202100033327,142 189,A01,1,50,0,2,1,1,3,
202100033327,142 190,B01,1,7,0,2,2,1,1,
202100033328,142 187,Z01,1,7,0,2,2,1,1,
202100033328,142 188,B01,1,32,0,2,4,1,1,
202100033329,142 186,A01,1,7,0,0,9,9,1,
202100033330,142 184,B01,1,7,0,2,4,1,1,
202100033330,142 185,A01,1,7,0,2,1,1,1,
202100033331,142 183,A01,1,34,17,0,9,1,1,
202100033332,142 182,A01,3,7,13,0,3,0,1,
202100033333,142 181,A01,1,33,11,0,1,1,1,
202100033334,142 180,A01,3,7,0,1,2,16,1,
202100033335,142 178,B01,0,7,0,2,3,15,1,
202100033335,142 179,A01,0,1,0,2,8,1,5,
202100033336,142 177,A01,1,7,2,0,1,14,1,
202100033337,142 176,A01,3,10,0,1,5,15,0,
202100033338,142 175,A01,1,30,12,0,2,14,1,
202100033339,142 174,A01,1,1,2,0,1,14,5,
202100033340,142 173,A01,3,7,0,1,4,4,1,
202100033341,142 169,B01,2,7,0,2,4,23,1,
202100033341,142 170,A01,2,7,0,2,1,2,1,
202100033342,142 167,B01,3,1,0,2,8,15,5,
202100033342,142 168,A01,0,33,0,2,1,1,1,
202100033343,142 166,A01,1,7,0,1,1,2,1,
202100033344,142 165,A01,3,7,0,1,3,1,1,
202100033345,142 164,A01,2,10,0,1,2,16,1,
202100033346,142 162,A01,2,15,0,2,2,17,0,
202100033346,142 163,B01,2,7,3,2,3,18,0,
202100033347,142 159,B01,1,7,0,2,1,1,0,
202100033347,142 160,C01,1,7,0,2,1,1,1,
202100033347,142 161,A01,1,7,0,2,4,1,1,
202100033348,142 157,B01,2,7,0,2,6,1,1,
202100033348,142 158,A01,2,7,0,2,3,5,1,
202100033349,142 155,A01,2,10,0,2,1,21,1,
202100033349,142 156,B01,2,7,0,2,5,2,1,
202100033350,142 153,B01,1,1,0,2,1,1,5,
202100033350,142 154,A01,2,7,0,2,6,15,1,
202100033351,142 152,A01,2,7,14,0,1,1,1,
202100033352,142 150,B01,2,7,0,2,7,1,1,
202100033352,142 151,A01,3,7,0,2,1,9,1,
202100033353,142 149,A01,1,7,1,0,2,1,1,
202100033354,142 147,A01,2,2,0,2,8,26,0,
202100033354,142 148,B01,1,7,0,2,2,15,1,
202100033355,142 146,A01,2,7,2,0,1,13,1,
202100033356,142 144,B01,0,34,0,2,1,15,1,
202100033356,142 145,A01,0,7,0,2,1,15,1,
202100033357,142 143,A01,2,7,0,1,3,26,1,
202100033358,142 141,A01,2,7,0,2,1,2,0,
202100033358,142 142,B01,2,7,0,2,4,2,1,
202100033359,142 139,B01,0,50,0,2,1,1,3,
202100033359,142 140,A01,0,7,0,2,3,1,1,
202100033360,142 137,A01,1,2,0,2,1,9,1,
202100033360,142 138,B01,1,7,0,2,2,1,1,
202100033361,142 135,A01,1,33,2,0,1,13,1,
202100033361,142 136,B01,1,33,0,0,0,14,1,
202100033362,142 134,A01,1,50,0,1,1,1,3,
202100033363,142 133,A01,2,33,0,1,1,17,1,
202100033364,142 131,B01,3,32,0,2,1,21,1,
202100033364,142 132,A01,3,7,0,2,3,15,1,
202100033365,142 129,B01,2,1,0,2,1,2,5,
202100033365,142 130,A01,1,7,0,9,3,24,1,
202100033366,142 126,C01,1,7,0,0,4,1,1,
202100033366,142 127,B01,1,7,0,2,9,2,1,
202100033366,142 128,A01,1,7,0,2,1,2,1,
202100033367,142 124,B01,1,2,0,2,4,0,1,
202100033367,142 125,A01,1,7,0,2,1,2,1,
202100033368,142 123,A01,1,7,4,0,1,13,1,
202100033369,142 122,A01,1,31,0,2,7,1,1,
202100033370,142 120,B01,2,10,0,2,3,1,1,
202100033370,142 121,A01,1,7,0,2,1,13,1,
202100033371,142 116,A01,2,7,0,1,1,26,1,
202100033372,142 115,A01,0,7,0,1,7,1,1,
202100033373,142 113,B01,2,1,0,2,4,1,5,
202100033373,142 114,A01,2,10,0,2,2,1,1,
202100033374,142 112,A01,3,30,0,0,0,26,1,
202100033375,142 110,A01,3,7,0,2,1,1,1,
202100033375,142 111,B01,3,7,0,2,4,1,1,
202100033376,142 108,B01,3,7,0,2,3,1,0,
202100033376,142 109,A01,3,1,0,2,2,19,5,
202100033377,142 106,A01,1,7,0,2,2,1,1,
202100033377,142 107,B01,1,50,0,2,8,11,3,
202100033378,142 104,A01,2,7,0,2,1,1,1,
202100033378,142 105,B01,1,1,0,2,8,1,5,
202100033379,142 102,B01,1,7,0,2,1,2,1,
202100033379,142 103,A01,2,7,0,2,1,5,1,
202100033380,142 100,A01,2,7,0,2,1,15,1,
202100033380,142 101,B01,2,7,0,2,1,1,1,
202100033381,142 099,A01,1,7,0,1,1,1,1,
202100033382,142 097,B01,1,7,0,2,1,1,1,
202100033382,142 098,A01,1,7,0,2,4,23,1,
202100033383,142 095,B01,2,1,0,2,8,1,5,
202100033383,142 096,A01,1,7,0,2,1,19,1,
202100033384,142 093,B01,1,7,0,2,2,9,1,
202100033384,142 094,A01,1,80,0,2,3,15,3,
202100033385,142 091,A01,3,7,0,2,2,1,1,
202100033385,142 092,B01,3,7,0,2,6,1,1,
202100033386,142 088,B01,0,50,0,2,8,0,3,
202100033386,142 089,A01,0,7,0,2,1,0,1,
202100033387,142 086,A01,3,31,0,2,1,1,1,
202100033387,142 087,B01,3,7,0,2,6,1,1,
202100033388,142 085,A01,3,7,0,1,2,1,1,
202100033389,142 083,A01,2,7,0,2,1,2,1,
202100033389,142 084,B01,2,7,0,2,4,2,1,
202100033390,142 082,A01,1,7,1,0,1,13,1,
202100033391,142 080,A01,2,30,0,2,2,21,1,
202100033391,142 081,B01,2,7,0,2,3,26,1,
202100033392,142 078,B01,2,50,0,2,1,1,3,
202100033392,142 079,A01,1,7,0,2,8,15,1,
202100033393,142 077,A01,1,7,0,1,3,15,1,
202100033394,142 076,A01,2,30,12,0,3,13,1,
202100033395,142 073,B01,2,7,0,2,4,2,1,
202100033395,142 074,A01,2,7,0,2,1,2,1,
202100033395,142 075,C01,2,7,0,2,4,2,1,
202100033396,142 071,B01,1,7,0,2,1,15,1,
202100033396,142 072,A01,2,2,0,2,1,17,1,
202100033397,142 070,A01,3,7,0,1,1,1,2,
202100033398,142 068,A01,0,33,0,2,8,21,1,
202100033398,142 069,B01,0,7,0,2,6,10,1,
202100033399,142 066,A01,1,31,0,0,0,0,1,
202100033399,142 067,B01,1,7,0,0,3,15,1,
202100033400,142 064,B01,1,7,0,2,4,2,1,
202100033400,142 065,A01,1,7,0,2,1,2,1,
202100033401,142 061,A01,1,7,0,2,1,9,1,
202100033401,142 062,B01,1,7,0,2,4,9,1,
202100033401,142 063,C01,1,7,0,0,4,0,1,
202100033402,142 060,A01,1,7,2,0,1,26,1,
202100033403,142 058,A01,2,7,0,2,1,13,1,
202100033403,142 059,B01,1,7,0,2,1,21,1,
202100033404,142 057,A01,1,7,1,0,1,15,1,
202100033405,142 056,Z01,3,30,0,1,1,25,0,
202100033406,142 054,B01,2,33,0,2,1,16,1,
202100033406,142 055,Z01,2,7,0,2,0,0,0,
202100033407,142 053,A01,1,33,3,0,1,13,1,
202100033408,142 051,A01,0,7,0,2,2,17,1,
202100033408,142 052,B01,0,50,0,2,8,13,3,
202100033409,142 049,B01,1,7,0,2,3,13,1,
202100033409,142 050,A01,2,33,0,2,1,1,1,
202100033410,142 048,A01,3,80,0,1,1,1,3,
202100033411,142 047,A01,1,7,0,1,3,1,1,
202100033412,142 045,B01,2,7,14,2,2,15,0,
202100033412,142 046,A01,2,7,8,2,3,26,1,
202100033413,142 043,B01,2,32,0,2,1,2,1,
202100033413,142 044,Z01,2,7,0,2,7,16,0,
202100033414,142 042,A01,1,33,15,0,1,26,1,
202100033415,142 041,Z01,1,7,0,1,1,1,1,
202100033416,142 039,B01,2,7,0,2,4,2,1,
202100033416,142 040,A01,0,7,0,2,3,2,1,
202100033417,142 037,B01,1,2,0,2,0,2,1,
202100033417,142 038,A01,0,7,0,2,6,15,1,
202100033418,142 035,A01,2,7,0,2,2,14,0,
202100033418,142 036,B01,2,33,0,2,6,1,1,
202100033419,142 033,B01,2,10,0,2,5,1,1,
202100033419,142 034,A01,2,33,0,2,1,3,1,
202100033420,142 032,Z01,1,7,14,0,2,13,1,
202100033421,142 030,A01,1,32,0,2,2,3,1,
202100033421,142 031,B01,1,7,0,2,8,11,3,
202100033422,142 028,Z01,2,7,0,2,1,2,0,
202100033422,142 029,A01,2,30,0,2,6,2,1,
202100033423,142 026,B01,1,34,0,2,1,1,1,
202100033423,142 027,A01,1,1,0,2,8,8,5,
202100033424,142 025,Z01,0,7,0,1,1,16,0,
202100033425,142 023,B01,1,1,0,2,3,7,5,
202100033425,142 024,A01,1,7,0,2,2,17,1,
202100033426,142 021,A01,2,31,0,2,2,1,1,
202100033426,142 022,B01,2,7,0,2,3,16,1,
202100033427,142 020,A01,0,33,0,1,2,1,1,
202100033428,142 019,A01,0,7,0,1,1,1,1,
202100033429,142 017,B01,1,7,0,2,4,2,2,
202100033429,142 018,A01,1,1,0,2,1,2,5,
202100033430,142 016,Z01,2,7,0,1,1,1,0,
202100033431,142 015,A01,1,7,1,0,3,1,1,
202100033432,142 013,A01,2,30,0,2,2,17,3,
202100033432,142 014,B01,2,7,0,2,3,15,2,
202100033433,142 012,A01,1,32,14,0,0,14,1,
202100033434,142 010,A01,3,7,0,2,1,19,1,
202100033434,142 011,B01,3,7,0,2,8,19,1,
202100033435,142 009,A01,2,7,0,1,1,1,1,
202100033436,142 007,A01,1,7,0,9,3,15,1,
202100033436,142 008,B01,1,1,0,2,1,1,5,
202100033437,142 006,A01,1,7,0,2,1,26,0,
202100033438,142 003,A01,1,7,0,2,1,2,1,
202100033438,142 004,B01,1,7,0,2,4,23,1,
202100033438,142 005,C01,1,10,0,2,4,23,1,
202100033439,142 001,A01,1,7,0,2,3,15,0,
202100033439,142 002,B01,1,32,0,2,2,3,1,
202100033440,141 999,A01,1,10,0,2,8,24,1,
202100033440,142 000,B01,1,1,1,0,0,1,5,
202100033441,141 997,A01,1,7,0,2,7,1,1,
202100033441,141 998,B01,1,7,0,2,1,1,1,
202100033442,141 993,D01,1,7,0,2,4,1,1,
202100033442,141 994,C01,1,7,0,2,4,1,1,
202100033442,141 995,B01,1,7,0,2,4,1,1,
202100033442,141 996,A01,1,7,0,2,1,2,1,
202100033443,141 991,A01,1,7,0,2,7,1,0,
202100033443,141 992,B01,1,2,0,2,8,9,1,
202100033444,141 990,A01,1,32,1,0,1,1,1,
202100033445,141 989,A01,2,7,0,1,1,1,1,
202100033446,141 987,Y01,2,1,0,2,8,1,5,
202100033446,141 988,B01,0,7,0,2,1,1,1,
202100033447,141 985,A01,1,7,0,2,1,1,1,
202100033447,141 986,B01,2,7,0,2,5,9,1,
202100033448,141 982,C01,1,7,0,2,1,1,1,
202100033448,141 983,B01,2,7,3,2,6,1,1,
202100033448,141 984,A01,1,7,0,2,3,13,1,
202100033449,141 980,B01,1,33,0,2,1,2,1,
202100033449,141 981,A01,1,33,0,0,4,2,1,
202100033450,141 978,B01,1,33,0,2,1,1,1,
202100033450,141 979,A01,2,7,0,2,2,19,1,
202100033451,141 976,B01,1,10,0,2,3,1,1,
202100033451,141 977,A01,2,33,0,2,1,1,1,
202100033452,141 974,B01,1,7,0,2,3,1,1,
202100033452,141 975,A01,2,7,0,2,1,13,1,
202100033453,141 972,B01,1,33,0,2,1,1,1,
202100033453,141 973,A01,2,7,0,2,5,15,1,
202100033454,141 971,A01,3,7,8,0,1,1,1,
202100033455,141 969,B01,2,2,0,2,3,1,1,
202100033455,141 970,A01,1,7,0,2,8,5,1,
202100033456,141 967,B01,2,7,0,2,7,17,0,
202100033456,141 968,A01,1,2,12,0,0,1,1,
202100033457,141 966,A01,2,7,2,0,1,1,1,
202100033458,141 963,A01,1,7,0,2,1,5,1,
202100033458,141 964,B01,2,7,8,2,1,21,1,
202100033458,141 965,C01,2,10,0,2,2,21,1,
202100033459,141 962,A01,2,2,7,0,7,1,1,
202100033460,141 959,C01,2,3,0,2,1,21,1,
202100033460,141 960,B01,2,7,0,2,8,23,1,
202100033460,141 961,A01,1,2,1,1,1,17,1,
202100033461,141 958,A01,0,7,15,0,2,1,1,
202100033462,141 957,A01,1,7,6,0,1,0,1,
202100033463,141 955,B01,0,7,0,2,1,1,1,
202100033463,141 956,A01,0,7,0,2,1,1,1,
202100033464,141 954,A01,2,33,2,0,1,1,1,
202100033465,141 952,B01,2,7,0,0,3,1,1,
202100033465,141 953,A01,1,7,0,0,3,13,1,
202100033466,141 951,A01,1,7,13,0,8,16,1,
202100033467,141 949,A01,2,7,0,9,1,9,1,
202100033467,141 950,B01,2,1,0,2,7,1,5,
202100033468,141 947,B01,1,7,0,2,1,1,1,
202100033468,141 948,A01,2,7,0,2,1,13,1,
202100033469,141 945,A01,0,1,0,2,3,15,5,
202100033469,141 946,B01,2,7,0,2,1,1,1,
202100033470,141 944,A01,1,7,2,0,8,1,1,
202100033471,141 943,A01,3,7,6,1,1,20,2,
202100033472,141 942,A01,2,7,8,9,1,2,1,
202100033473,141 940,A01,1,33,0,2,1,17,1,
202100033473,141 941,B01,2,7,0,2,1,1,1,
202100033474,141 938,B01,3,7,0,0,3,1,1,
202100033474,141 939,A01,3,7,0,2,3,1,1,
202100033475,141 937,A01,2,33,14,0,1,1,1,
202100033476,141 936,A01,2,31,0,0,8,1,1,
202100033477,141 933,A01,2,36,0,2,9,1,1,
202100033477,141 934,B01,1,7,0,2,3,1,1,
202100033477,141 935,D01,2,7,0,2,1,23,1,
202100033478,141 931,A01,1,7,16,0,2,2,1,
202100033479,141 930,A01,1,33,0,6,1,1,1,
202100033480,141 929,A01,1,7,2,0,7,1,1,
202100033481,141 928,A01,1,7,2,0,2,1,1,
202100033482,141 926,B01,2,7,0,2,3,1,1,
202100033482,141 927,A01,2,2,0,2,8,15,1,
202100033483,141 925,A01,1,7,2,0,1,1,1,
202100033484,141 923,B01,1,2,0,2,3,1,1,
202100033484,141 924,A01,1,3,0,2,6,20,1,
202100033485,141 921,A01,3,7,0,2,2,15,1,
202100033485,141 922,B01,3,7,0,2,3,1,1,
202100033486,141 920,A01,3,2,1,0,2,0,1,
202100033487,141 918,A01,2,7,9,0,5,6,1,
202100033487,141 919,B01,1,7,0,2,1,5,1,
202100033488,141 917,A01,2,7,4,0,3,1,1,
202100033489,141 914,A01,2,38,1,0,2,1,1,12.0
202100033489,141 915,B01,2,14,0,0,6,24,1,
202100033490,141 913,A01,1,7,3,0,2,17,1,
202100033491,141 912,A01,2,7,4,0,2,1,1,
202100033492,141 911,A01,1,7,16,0,1,1,1,
202100033493,141 909,A01,0,1,0,2,1,19,5,
202100033493,141 910,B01,1,7,0,0,8,1,1,
202100033494,141 908,A01,2,33,13,0,1,0,1,
202100033495,141 906,B01,2,7,0,2,1,11,1,
202100033495,141 907,A01,1,7,0,2,1,1,1,
202100033496,141 904,B01,2,2,0,2,1,16,1,
202100033496,141 905,A01,1,7,0,2,3,1,1,
202100033497,141 903,A01,2,7,13,0,7,14,1,
202100033498,141 901,B01,2,7,0,2,2,1,1,
202100033498,141 902,A01,1,7,3,2,7,17,1,
202100033499,141 899,B01,1,7,0,2,7,1,1,
202100033499,141 900,A01,3,7,0,2,1,9,1,
202100033500,141 898,A01,1,7,2,0,1,0,1,
202100033501,141 897,A01,3,7,2,0,0,0,1,
202100033502,141 896,A01,3,13,0,1,5,4,1,
202100033503,141 895,A01,3,1,0,1,1,1,5,
202100033504,141 893,B01,2,7,0,2,3,1,1,
202100033504,141 894,A01,1,7,8,2,1,13,1,
202100033505,141 891,A01,3,7,0,2,5,19,1,
202100033505,141 892,B01,1,33,0,2,1,1,1,
202100033506,141 889,B01,2,17,0,2,8,15,1,
202100033506,141 890,A01,2,33,0,2,8,17,1,
202100033507,141 887,B01,1,7,0,2,3,2,1,
202100033507,141 888,A01,1,2,0,0,4,2,1,
202100033508,141 885,A01,2,7,0,2,4,1,1,
202100033508,141 886,B01,2,7,0,2,1,1,1,
202100033509,141 884,A01,2,7,4,5,1,26,1,
202100033510,141 880,A01,2,7,0,2,1,1,1,
202100033510,141 881,B01,2,7,0,2,4,2,1,
202100033510,141 882,C01,2,7,0,2,0,2,1,
202100033510,141 883,D01,2,7,0,2,4,2,1,
202100033511,141 877,A01,1,33,0,2,1,2,1,
202100033511,141 878,C01,2,7,0,2,1,1,1,
202100033511,141 879,B01,2,7,0,2,4,1,1,
202100033512,141 874,C01,2,7,0,2,4,2,1,
202100033512,141 875,B01,2,7,0,2,4,2,1,
202100033512,141 876,A01,2,10,0,2,1,2,3,
202100033513,141 873,A01,2,7,4,2,0,26,1,
202100033514,141 871,A01,1,33,0,2,3,3,1,
202100033514,141 872,B01,1,7,0,2,3,12,1,
202100033515,141 868,B01,2,7,3,2,4,2,1,
202100033515,141 869,A01,2,33,0,2,8,18,1,
202100033515,141 870,Z01,2,14,0,2,0,0,0,
202100033516,141 865,C01,2,7,0,2,2,2,1,
202100033516,141 866,B01,2,7,0,2,3,2,1,
202100033516,141 867,A01,2,33,0,2,1,2,1,
202100033517,141 863,Z01,1,10,0,2,0,0,0,
202100033517,141 864,A01,1,32,0,2,3,2,1,
202100033518,141 861,B01,1,10,0,2,1,21,1,