Num_Acc,id_vehicule,num_veh,senc,catv,obs,obsm,choc,manv,motor,occutc
202100033518,141 862,Z01,1,7,0,2,1,26,1,
202100033519,141 858,Z01,1,7,0,2,1,2,1,
202100033519,141 859,B01,1,7,0,2,4,12,1,
202100033519,141 860,C01,1,7,0,2,4,13,1,
202100033520,141 856,A01,2,7,0,2,2,12,1,
202100033520,141 857,B01,2,7,0,2,6,1,1,
202100033521,141 854,B01,1,33,0,2,8,3,1,
202100033521,141 855,A01,1,7,0,2,2,14,1,
202100033522,141 853,A01,1,31,2,0,1,2,1,
202100033523,141 849,C01,1,7,0,2,4,1,1,
202100033523,141 850,D01,1,7,0,2,1,1,1,
202100033523,141 851,B01,1,10,0,2,4,1,1,
202100033523,141 852,A01,1,7,0,2,4,1,2,
202100033524,141 847,B01,2,7,0,2,4,1,1,
202100033524,141 848,A01,2,7,0,2,1,1,1,
202100033525,141 845,B01,1,34,0,2,1,3,1,
202100033525,141 846,A01,1,7,0,2,2,12,1,
202100033526,141 844,A01,1,7,16,1,4,19,1,
202100033527,141 842,Z01,2,0,0,1,1,1,0,
202100033528,141 840,B01,3,7,0,2,3,1,1,
202100033528,141 841,A01,3,7,0,2,3,13,1,
202100033529,141 838,B01,1,7,0,2,3,15,1,
202100033529,141 839,A01,1,30,0,2,1,1,1,
202100033530,141 836,A01,1,33,0,2,7,15,1,
202100033530,141 837,B01,1,7,0,2,3,15,1,
202100033531,141 835,A01,3,7,1,1,2,1,1,
202100033532,141 834,A01,1,7,0,1,8,15,1,
202100033533,141 833,A01,3,40,0,1,2,1,3,
202100033534,141 830,A01,1,7,0,2,2,15,1,
202100033534,141 831,B01,1,7,0,2,3,1,1,
202100033534,141 832,C01,2,7,0,2,3,1,1,
202100033535,141 829,A01,1,7,4,0,3,1,1,
202100033536,141 827,A01,1,30,0,2,1,2,1,
202100033536,141 828,B01,1,50,0,2,4,2,3,
202100033537,141 825,B01,1,7,0,2,2,16,2,
202100033537,141 826,A01,1,34,0,2,3,1,1,
202100033538,141 823,B01,3,32,0,2,1,1,1,
202100033538,141 824,A01,3,31,0,2,1,1,1,
202100033539,141 822,A01,0,10,0,1,1,0,0,
202100033540,141 820,B01,2,0,0,2,8,19,0,
202100033540,141 821,A01,1,1,0,2,1,1,5,
202100033541,141 818,B01,3,10,0,2,3,23,1,
202100033541,141 819,A01,3,30,0,2,1,26,1,
202100033542,141 815,B01,2,33,1,0,0,21,1,
202100033542,141 816,A01,1,7,0,0,0,0,1,
202100033542,141 817,C01,1,7,0,1,4,0,1,
202100033543,141 814,A01,1,7,0,1,1,16,1,
202100033544,141 813,A01,2,50,12,0,1,26,3,
202100033545,141 811,B01,2,7,0,2,8,1,1,
202100033545,141 812,A01,2,3,0,2,1,19,1,
202100033546,141 808,A01,1,10,0,2,1,13,1,
202100033546,141 809,B01,2,17,0,2,8,1,1,
202100033547,141 806,B01,2,7,0,2,4,2,1,
202100033547,141 807,A01,2,7,15,0,1,2,1,
202100033548,141 804,A01,3,7,0,2,2,1,1,
202100033548,141 805,B01,3,50,0,0,0,0,3,
202100033549,141 796,A01,3,17,0,2,1,26,1,
202100033549,141 797,B01,3,17,0,2,6,2,1,
202100033549,141 798,C01,3,10,0,2,7,2,1,
202100033549,141 799,F01,3,17,0,2,1,1,1,
202100033549,141 800,E01,3,7,0,2,9,2,1,
202100033549,141 801,D01,3,7,0,2,4,2,1,
202100033550,141 793,C01,0,7,0,2,1,0,1,
202100033550,141 794,B01,0,7,0,2,1,0,1,
202100033550,141 795,A01,0,7,0,2,1,0,1,
202100033551,141 792,A01,2,7,1,0,2,14,1,
202100033552,141 790,B01,1,7,0,2,3,0,1,
202100033552,141 791,A01,2,7,0,2,1,0,1,
202100033553,141 789,A01,1,7,0,1,3,1,1,
202100033554,141 787,B01,1,7,0,2,4,23,1,
202100033554,141 788,A01,1,7,0,2,1,2,1,
202100033555,141 785,B01,3,33,0,2,3,1,1,
202100033555,141 786,A01,3,7,0,2,3,1,1,
202100033556,141 783,A01,3,7,0,2,1,2,1,
202100033556,141 784,B01,3,7,0,2,3,0,1,
202100033557,141 781,A01,1,7,0,2,1,15,1,
202100033557,141 782,B01,1,7,0,2,8,1,1,
202100033558,141 779,B01,0,60,0,2,0,0,5,
202100033558,141 780,A01,3,7,0,2,1,0,0,
202100033559,141 778,A01,1,7,0,1,3,19,1,
202100033560,141 776,A01,1,7,0,2,1,15,1,
202100033560,141 777,B01,2,7,0,2,1,1,1,
202100033561,141 774,B01,0,10,0,2,3,1,1,
202100033561,141 775,A01,0,1,0,2,3,15,5,
202100033562,141 773,A01,3,7,0,1,4,20,1,
202100033563,141 772,A01,1,30,12,0,3,0,1,
202100033564,141 770,A01,3,1,0,2,1,1,5,
202100033564,141 771,B01,3,7,0,2,8,15,1,
202100033565,141 768,B01,3,7,0,2,3,15,1,
202100033565,141 769,A01,2,32,0,2,2,1,1,
202100033566,141 767,A01,1,7,0,1,1,26,1,
202100033567,141 765,A01,1,7,0,2,3,19,1,
202100033567,141 766,B01,1,33,0,2,4,16,1,
202100033568,141 763,A01,3,7,0,2,1,26,0,
202100033568,141 764,B01,3,7,0,2,2,26,0,
202100033569,141 761,A01,1,7,0,2,1,19,1,
202100033569,141 762,B01,0,1,0,2,8,1,5,
202100033570,141 759,A01,0,3,0,2,1,17,0,
202100033570,141 760,B01,0,7,0,2,1,1,1,
202100033571,141 757,A01,3,1,0,2,6,1,5,
202100033571,141 758,Z01,3,7,0,2,2,2,0,
202100033572,141 755,A01,2,50,0,2,1,5,3,
202100033572,141 756,B01,1,7,0,2,1,1,1,
202100033573,141 753,A01,0,7,0,2,1,9,2,
202100033573,141 754,B01,1,2,0,2,7,1,1,
202100033574,141 752,A01,1,7,0,1,2,1,1,
202100033575,141 750,Z01,1,7,0,2,2,1,1,
202100033575,141 751,A01,2,1,0,2,8,19,0,
202100033576,141 749,A01,2,1,0,0,0,1,5,
202100033577,141 748,A01,2,30,0,1,5,1,1,
202100033578,141 746,B01,3,2,0,2,1,1,1,
202100033578,141 747,A01,3,7,0,9,3,15,1,
202100033579,141 745,A01,0,37,0,1,2,26,1,1.0
202100033580,141 743,Z01,0,0,0,2,1,9,1,
202100033580,141 744,B01,1,1,0,2,1,19,1,
202100033581,141 741,B01,1,7,0,2,0,1,1,
202100033581,141 742,A01,1,2,0,2,0,15,1,
202100033582,141 739,A01,2,30,0,2,1,2,1,
202100033582,141 740,B01,2,7,0,0,4,16,1,
202100033583,141 737,A01,0,2,0,2,1,9,1,
202100033583,141 738,B01,0,37,0,2,3,1,1,1.0
202100033584,141 736,A01,3,1,0,4,1,1,5,
202100033585,141 734,A01,1,7,0,2,3,15,1,
202100033585,141 735,B01,1,2,0,2,3,1,1,
202100033586,141 732,A01,2,7,0,2,5,15,1,
202100033586,141 733,B01,1,33,0,2,2,21,1,
202100033587,141 730,A01,2,31,0,2,1,17,1,
202100033587,141 731,B01,2,7,0,2,8,15,1,
202100033588,141 728,A01,0,7,6,1,1,1,1,
202100033589,141 726,B01,2,1,0,2,8,1,5,
202100033589,141 727,A01,2,7,0,2,1,16,1,
202100033590,141 725,A01,1,7,0,1,3,1,1,
202100033591,141 723,B01,3,33,0,2,5,1,1,
202100033591,141 724,A01,2,7,0,2,3,9,1,
202100033592,141 721,A01,3,1,0,2,7,1,5,
202100033592,141 722,Z01,3,7,0,2,0,15,1,
202100033593,141 719,B01,3,7,0,2,5,23,1,
202100033593,141 720,A01,3,33,0,2,1,18,1,
202100033594,141 717,B01,1,7,0,2,7,1,1,
202100033594,141 718,A01,1,50,0,2,1,19,3,
202100033595,141 715,A01,1,7,6,2,1,13,1,
202100033595,141 716,B01,2,7,0,2,2,1,1,
202100033596,141 714,A01,2,7,4,0,9,14,1,
202100033597,141 713,A01,3,30,0,0,0,0,1,
202100033598,141 709,A01,2,10,14,0,1,2,1,
202100033598,141 710,D01,2,7,14,0,4,23,1,
202100033598,141 711,C01,2,7,14,0,4,23,1,
202100033598,141 712,B01,2,7,14,0,4,23,1,
202100033599,141 707,A01,3,7,0,2,1,9,1,
202100033599,141 708,B01,3,1,0,2,2,1,5,
202100033600,141 706,A01,1,33,1,0,1,17,1,
202100033601,141 704,B01,2,2,0,2,1,1,1,
202100033601,141 705,A01,1,7,0,2,3,15,1,
202100033602,141 702,B01,1,10,0,2,4,23,1,
202100033602,141 703,A01,1,80,0,2,1,1,3,
202100033603,141 701,A01,3,7,0,1,2,1,1,
202100033604,141 700,A01,2,1,0,0,0,23,5,
202100033605,141 699,A01,1,10,0,1,3,1,1,
202100033606,141 697,A01,1,7,0,2,3,13,1,
202100033606,141 698,B01,2,7,0,2,3,1,1,
202100033607,141 696,A01,1,14,8,0,1,1,1,
202100033608,141 694,A01,1,7,0,2,8,9,0,
202100033608,141 695,B01,1,32,0,2,0,0,0,
202100033609,141 693,A01,1,7,9,0,1,26,1,
202100033610,141 688,B01,2,7,0,2,4,1,1,
202100033610,141 689,C01,2,7,0,2,4,1,1,
202100033610,141 690,A01,2,10,0,2,1,1,1,
202100033611,141 686,B01,3,33,0,2,1,1,1,
202100033611,141 687,A01,0,7,0,2,2,15,1,
202100033612,141 684,B01,2,40,0,2,1,1,-1,
202100033612,141 685,A01,1,7,0,4,8,15,-1,
202100033613,141 682,B01,1,32,0,2,1,1,1,
202100033613,141 683,A01,2,1,0,2,8,15,5,
202100033614,141 680,A01,1,7,0,2,1,1,1,
202100033614,141 681,B01,1,7,0,2,1,1,1,
202100033615,141 679,A01,2,7,0,1,1,26,0,
202100033616,141 678,A01,1,33,0,0,8,1,1,
202100033617,141 673,C01,1,37,0,2,3,2,1,2.0
202100033617,141 674,D01,0,7,0,0,7,0,1,
202100033617,141 675,E01,0,7,0,0,7,0,1,
202100033617,141 676,B01,2,7,0,2,8,1,1,
202100033617,141 677,A01,1,7,0,2,3,13,1,
202100033618,141 672,A01,1,32,0,1,1,3,1,
202100033619,141 670,A01,0,31,0,2,1,1,1,
202100033619,141 671,B01,0,7,0,2,4,1,1,
202100033620,141 668,B01,1,33,0,2,7,1,1,
202100033620,141 669,Z01,1,7,0,2,1,10,1,
202100033621,141 666,A01,1,7,0,0,1,0,0,
202100033621,141 667,B01,1,7,0,0,5,0,0,
202100033622,141 664,A01,3,7,0,2,8,13,1,
202100033622,141 665,B01,3,7,0,2,2,1,1,
202100033623,141 663,A01,1,7,0,1,2,1,3,
202100033624,141 662,A01,1,7,0,0,1,1,1,
202100033625,141 659,B01,2,7,0,2,8,11,1,
202100033625,141 660,C01,2,7,0,2,8,1,1,
202100033625,141 661,A01,2,33,0,2,7,3,1,
202100033626,141 657,A01,1,7,0,2,2,1,2,
202100033626,141 658,B01,1,80,0,2,4,19,3,
202100033627,141 656,A01,2,32,0,1,1,5,1,
202100033628,141 655,A01,1,7,0,1,2,1,1,
202100033629,141 653,B01,1,1,0,2,8,9,5,
202100033629,141 654,A01,2,1,0,2,1,5,5,
202100033630,141 651,A01,2,7,0,2,3,15,2,
202100033630,141 652,B01,2,30,0,2,7,17,1,
202100033631,141 650,A01,1,50,0,1,1,1,3,
202100033632,141 648,B01,2,30,0,2,6,1,1,
202100033632,141 649,A01,2,7,0,2,1,1,2,
202100033633,141 647,A01,1,80,0,0,0,21,3,
202100033634,141 645,B01,2,10,0,2,3,15,1,
202100033634,141 646,A01,2,30,0,2,3,17,1,
202100033635,141 644,A01,3,1,0,0,0,1,5,
202100033636,141 643,A01,1,33,0,0,8,1,1,
202100033637,141 641,A01,1,7,0,2,2,2,1,
202100033637,141 642,B01,1,80,0,2,4,23,3,
202100033638,141 639,A01,2,30,0,2,6,9,3,
202100033638,141 640,B01,2,1,0,2,1,1,5,
202100033639,141 637,A01,1,33,0,2,6,15,1,
202100033639,141 638,Z01,1,7,0,2,2,15,1,
202100033640,141 636,A01,2,40,0,1,7,1,3,
202100033641,141 633,B01,1,7,0,2,2,16,1,
202100033641,141 634,A01,1,32,0,2,7,1,1,
202100033641,141 635,C01,1,7,0,2,4,24,1,
202100033642,141 632,A01,1,1,0,1,8,15,5,
202100033643,141 631,A01,2,10,0,1,5,4,1,
202100033644,141 629,A01,1,7,0,2,3,15,1,
202100033644,141 630,B01,1,1,0,2,1,1,5,
202100033645,141 627,A01,2,7,0,2,3,10,1,
202100033645,141 628,B01,1,33,0,2,0,1,1,
202100033646,141 625,A01,1,33,0,2,1,2,1,
202100033646,141 626,B01,1,43,0,2,4,2,1,
202100033647,141 623,B01,0,80,0,2,0,1,3,
202100033647,141 624,A01,0,32,0,2,0,1,1,
202100033648,141 622,A01,1,1,0,0,0,1,5,
202100033649,141 621,A01,1,1,0,1,2,7,5,
202100033650,141 619,A01,1,33,0,2,0,17,1,
202100033650,141 620,B01,1,7,0,2,8,15,3,
202100033651,141 617,B01,2,1,0,2,1,1,5,
202100033651,141 618,A01,2,1,0,2,1,13,5,
202100033652,141 615,B01,2,30,14,2,1,2,3,
202100033652,141 616,A01,2,7,0,2,3,26,2,
202100033653,141 613,B01,2,33,0,2,7,17,1,
202100033653,141 614,A01,1,7,0,2,1,16,1,
202100033654,141 611,A01,2,7,0,9,5,17,1,
202100033654,141 612,B01,2,1,0,2,1,15,5,
202100033655,141 609,A01,1,7,0,2,1,2,1,
202100033655,141 610,B01,1,7,0,2,4,2,1,
202100033656,141 607,B01,2,7,0,2,3,15,1,
202100033656,141 608,A01,1,32,0,2,1,1,1,
202100033657,141 605,A01,3,7,0,2,1,2,1,
202100033657,141 606,B01,3,7,0,2,4,2,1,
202100033658,141 599,A01,1,7,0,2,3,0,1,
202100033658,141 600,B01,1,7,0,2,7,1,1,
202100033658,141 601,C01,1,7,0,2,8,23,1,
202100033658,141 602,D01,2,7,0,2,1,23,1,
202100033658,141 603,E01,2,7,0,2,1,23,1,
202100033658,141 604,F01,3,7,0,2,4,2,1,
202100033659,141 597,A01,0,99,0,2,3,15,0,
202100033659,141 598,B01,0,30,0,2,2,2,0,
202100033660,141 595,A01,2,10,0,2,3,1,1,
202100033660,141 596,B01,1,7,0,2,2,1,1,
202100033661,141 594,A01,3,7,0,1,0,0,1,
202100033662,141 593,SA01,2,10,6,0,1,26,1,
202100033663,141 592,A01,3,7,11,0,3,13,1,
202100033664,141 589,A01,1,33,0,2,1,26,1,
202100033664,141 590,B01,1,7,0,2,4,2,1,
202100033664,141 591,C01,1,7,0,2,4,2,1,
202100033665,141 587,A01,1,7,0,2,1,2,1,
202100033665,141 588,B01,1,7,0,2,4,16,1,
202100033666,141 584,C01,0,7,0,0,0,0,1,
202100033666,141 585,B01,0,7,0,0,0,0,1,
202100033666,141 586,A01,0,7,0,2,4,20,1,
202100033667,141 582,A01,3,37,0,2,1,1,1,1.0
202100033667,141 583,B01,3,7,0,0,4,2,1,
202100033668,141 580,B01,2,1,0,2,7,12,0,
202100033668,141 581,A01,2,43,0,2,1,1,1,
202100033669,141 579,A01,1,2,0,2,0,0,1,
202100033670,141 578,A01,1,7,0,9,3,15,1,
202100033671,141 576,A01,3,7,0,2,1,21,1,
202100033671,141 577,B01,1,7,0,2,1,2,1,
202100033672,141 574,B01,1,50,0,2,2,1,3,
202100033672,141 575,A01,1,10,0,9,3,20,1,
202100033673,141 572,B01,1,15,0,2,3,15,1,
202100033673,141 573,A01,2,7,0,2,3,1,1,
202100033674,141 571,A01,2,1,0,0,0,0,5,
202100033675,141 569,B01,1,7,0,2,6,15,1,
202100033675,141 570,A01,1,32,0,2,0,17,1,
202100033676,141 567,A01,3,7,0,2,4,23,1,
202100033676,141 568,B01,3,15,0,2,2,1,1,
202100033677,141 565,B01,3,37,0,2,2,16,1,1.0
202100033677,141 566,A01,3,32,0,2,8,18,1,
202100033678,141 563,B01,0,2,0,2,1,1,1,
202100033678,141 564,A01,0,3,0,2,5,9,1,
202100033679,141 561,A01,1,7,0,2,4,23,1,
202100033679,141 562,B01,1,60,1,0,1,1,5,
202100033680,141 559,B01,1,1,0,2,0,0,6,
202100033680,141 560,A01,1,30,0,2,0,15,1,
202100033681,141 558,A01,1,50,0,0,1,1,3,
202100033682,141 557,A01,0,80,8,0,1,0,3,
202100033683,141 556,A01,1,60,0,0,0,15,5,
202100033684,141 554,B01,1,7,0,2,4,1,1,
202100033684,141 555,A01,1,30,0,2,1,2,1,
202100033685,141 551,A01,1,7,0,2,1,2,1,
202100033685,141 552,B01,1,7,0,2,4,1,1,
202100033685,141 553,C01,1,7,0,2,1,2,1,
202100033686,141 549,A01,1,7,0,2,5,10,2,
202100033686,141 550,B01,2,33,0,2,1,1,1,
202100033687,141 548,A01,2,30,0,1,8,2,3,
202100033688,141 546,A01,2,7,0,2,3,9,1,
202100033688,141 547,B01,2,80,0,2,7,1,3,
202100033689,141 544,A01,1,30,0,2,7,1,1,
202100033689,141 545,B01,1,7,0,2,1,26,1,
202100033690,141 542,A01,2,43,0,1,1,13,1,
202100033690,141 543,B01,0,7,0,2,3,9,1,
202100033691,141 540,A01,2,33,0,2,1,17,1,
202100033691,141 541,B01,2,21,0,2,3,15,1,
202100033692,141 538,A01,1,2,0,9,0,2,0,
202100033692,141 539,B01,2,1,0,2,4,1,5,
202100033693,141 537,A01,2,33,13,0,7,1,1,
202100033694,141 535,A01,2,33,0,2,6,2,1,
202100033694,141 536,B01,2,3,0,2,6,2,1,
202100033695,141 534,A01,0,17,0,1,5,4,1,
202100033696,141 532,B01,2,1,0,2,1,1,5,
202100033696,141 533,A01,1,7,0,2,2,15,1,
202100033697,141 530,B01,1,2,0,2,1,1,1,
202100033697,141 531,A01,1,7,0,2,6,15,1,
202100033698,141 529,A01,1,7,8,0,3,1,1,
202100033699,141 528,A01,1,7,0,0,0,1,1,
202100033700,141 526,A01,1,7,0,2,2,1,1,
202100033700,141 527,B01,1,14,0,0,6,2,1,
202100033701,141 523,A01,1,7,0,2,3,17,1,
202100033701,141 524,B01,1,7,13,2,8,1,1,
202100033701,141 525,C01,2,7,0,2,3,1,1,
202100033702,141 522,A01,2,7,13,0,0,1,1,
202100033703,141 520,A01,1,7,0,2,1,1,1,
202100033703,141 521,B01,2,7,0,2,1,1,1,
202100033704,141 518,A01,1,7,0,2,7,13,1,
202100033704,141 519,B01,2,10,0,2,1,1,1,
202100033705,141 517,A01,0,33,15,0,0,1,1,
202100033706,141 515,A01,3,7,0,2,1,19,1,
202100033706,141 516,B01,1,2,0,2,8,1,1,
202100033707,141 513,A01,1,7,0,2,2,17,1,
202100033707,141 514,B01,1,1,0,2,3,11,5,
202100033708,141 511,B01,2,10,0,2,8,1,1,
202100033708,141 512,A01,1,2,0,2,8,1,1,
202100033709,141 509,B01,2,7,0,2,5,11,1,
202100033709,141 510,A01,2,33,0,2,1,17,1,
202100033710,141 507,B01,1,7,0,2,3,1,1,
202100033710,141 508,A01,2,7,0,2,3,1,1,
202100033711,141 505,A01,2,2,0,2,1,19,1,
202100033711,141 506,B01,2,7,0,2,3,1,1,
202100033712,141 504,A01,2,7,6,0,1,1,1,
202100033713,141 503,A01,1,2,9,0,1,6,1,
202100033714,141 498,A01,2,33,13,0,3,17,1,
202100033715,141 497,A01,2,7,6,0,1,0,1,
202100033716,141 496,A01,1,7,17,0,2,1,1,
202100033717,141 495,A01,2,33,2,0,2,1,1,
202100033718,141 493,B01,1,7,0,2,3,1,1,
202100033718,141 494,A01,2,7,0,2,8,13,1,
202100033719,141 492,A01,1,2,0,0,0,14,1,
202100033720,141 487,A01,1,7,0,2,1,2,1,
202100033720,141 488,C01,1,7,0,2,4,23,1,
202100033720,141 489,B01,1,7,0,2,4,23,1,
202100033721,141 486,A01,1,1,0,0,9,1,5,
202100033722,141 485,A01,2,10,3,0,2,2,1,
202100033723,141 484,A01,3,33,0,0,0,23,1,
202100033724,141 482,A01,1,7,13,2,3,1,1,
202100033724,141 483,B01,2,1,0,2,1,13,5,
202100033725,141 480,A01,2,7,0,2,5,15,1,
202100033725,141 481,B01,1,31,0,2,1,1,1,
202100033726,141 478,B01,2,7,0,2,3,1,2,
202100033726,141 479,A01,1,7,0,2,3,13,1,
202100033727,141 477,A01,2,7,13,0,2,26,1,
202100033728,141 476,A01,1,7,6,0,1,5,1,
202100033729,141 474,B01,1,7,0,2,1,1,1,
202100033729,141 475,A01,2,7,0,2,1,13,1,
202100033730,141 472,A01,1,7,0,2,7,26,1,
202100033730,141 473,B01,2,7,0,2,3,26,1,
202100033731,141 471,A01,3,7,0,0,0,1,1,
202100033732,141 469,A01,2,7,0,0,0,15,1,
202100033732,141 470,B01,1,2,0,0,0,13,1,
202100033733,141 468,A01,3,1,12,0,1,1,0,
202100033734,141 467,A01,2,7,14,0,3,1,1,
202100033735,141 466,A01,1,7,13,0,1,1,1,
202100033736,141 464,B01,3,7,0,2,7,1,1,
202100033736,141 465,A01,3,50,0,2,1,26,3,
202100033737,141 463,A01,2,7,2,0,1,0,1,
202100033738,141 462,A01,2,33,0,0,2,1,1,
202100033739,141 461,A01,1,7,8,0,8,1,1,
202100033740,141 459,B01,1,1,0,2,1,1,5,
202100033740,141 460,A01,1,7,0,2,3,15,1,
202100033741,141 458,A01,1,1,0,1,2,1,5,
202100033742,141 456,A01,1,7,0,2,3,11,1,
202100033742,141 457,B01,2,7,0,2,1,1,1,
202100033743,141 455,A01,2,2,0,0,0,5,1,
202100033744,141 453,B01,2,7,0,2,2,15,1,
202100033744,141 454,A01,1,2,0,2,1,1,1,
202100033745,141 451,A01,3,2,0,2,2,1,1,
202100033745,141 452,B01,3,7,0,0,6,9,1,
202100033746,141 449,A01,1,33,0,2,1,5,1,
202100033746,141 450,B01,2,7,0,2,3,5,1,
202100033747,141 447,B01,2,7,0,2,8,1,1,
202100033747,141 448,A01,1,10,0,2,3,13,1,
202100033748,141 446,A01,1,33,8,0,0,0,1,
202100033749,141 444,B01,1,2,0,2,1,5,1,
202100033749,141 445,A01,2,7,0,2,2,1,1,
202100033750,141 443,A01,1,33,7,0,9,1,1,
202100033751,141 442,A01,2,7,16,0,0,26,1,
202100033752,141 440,B01,2,43,0,2,3,1,1,
202100033752,141 441,A01,1,7,0,2,3,13,1,
202100033753,141 437,A01,2,17,0,2,4,2,1,
202100033753,141 438,B01,2,10,0,2,1,2,1,
202100033753,141 439,C01,2,7,0,2,1,2,1,
202100033754,141 435,T01,0,7,0,0,0,0,1,
202100033754,141 436,A01,1,7,4,0,1,2,1,
202100033755,141 433,A01,1,7,0,0,2,11,1,
202100033755,141 434,B01,1,15,0,0,6,0,1,
202100033756,141 432,A01,2,7,4,0,1,14,1,
202100033757,141 431,A01,1,43,8,0,2,9,1,
202100033758,141 429,A01,1,32,0,2,7,3,1,
202100033758,141 430,Z01,1,7,0,2,0,0,0,
202100033759,141 428,A01,1,7,3,0,2,1,1,
202100033760,141 427,A01,1,15,0,2,0,26,1,
202100033761,141 425,B01,1,7,0,2,4,2,1,
202100033761,141 426,A01,1,7,0,2,1,2,1,
202100033762,141 422,A01,2,7,0,2,2,12,1,
202100033762,141 423,B01,2,17,0,2,3,1,1,
202100033762,141 424,C01,2,7,0,2,1,1,1,
202100033763,141 419,B01,2,10,0,2,4,2,1,
202100033763,141 420,A01,2,7,0,2,1,2,1,
202100033763,141 421,C01,2,10,0,2,4,2,1,
202100033764,141 418,A01,1,7,3,0,1,26,1,
202100033765,141 416,A01,1,7,3,0,5,26,1,
202100033765,141 417,Z01,1,7,0,2,1,0,0,
202100033766,141 415,A01,1,33,3,0,7,1,1,
202100033767,141 414,A01,2,30,0,1,1,1,1,
202100033768,141 413,A01,1,10,0,1,1,2,1,
202100033769,141 411,A01,1,7,0,2,3,1,1,
202100033769,141 412,B01,1,50,0,2,1,15,3,
202100033770,141 409,B01,2,30,6,0,0,0,1,
202100033770,141 410,A01,2,30,0,2,0,9,1,
202100033771,141 406,A01,1,30,0,2,9,17,1,
202100033771,141 407,B01,1,7,0,2,8,15,1,
202100033771,141 408,C01,1,7,0,2,1,0,1,
202100033772,141 404,A01,3,50,0,2,8,15,3,
202100033772,141 405,B01,1,7,0,2,1,1,1,
202100033773,141 402,B01,1,2,0,2,7,16,1,
202100033773,141 403,A01,2,7,0,2,3,9,1,
202100033774,141 400,A01,1,7,0,9,6,13,1,
202100033774,141 401,B01,2,2,0,2,2,1,1,
202100033775,141 398,A01,1,7,0,4,2,2,1,
202100033775,141 399,B01,1,40,0,2,8,19,0,
202100033776,141 395,A01,1,10,0,2,1,1,1,
202100033776,141 396,C01,2,7,0,2,2,0,1,
202100033776,141 397,B01,2,7,0,2,1,23,1,
202100033777,141 393,B01,2,7,0,2,4,15,1,
202100033777,141 394,A01,2,37,0,2,1,1,1,1.0
202100033778,141 391,B01,2,40,1,0,7,1,3,
202100033778,141 392,A01,1,10,0,4,7,24,1,
202100033779,141 389,A01,2,13,0,2,3,15,1,
202100033779,141 390,B01,1,32,0,2,0,1,1,
202100033780,141 387,A01,2,7,0,2,1,2,1,
202100033780,141 388,B01,1,14,0,2,7,2,1,
202100033781,141 385,A01,2,1,0,2,1,9,5,
202100033781,141 386,B01,2,7,0,2,2,2,1,
202100033782,141 383,B01,1,32,0,2,7,1,1,
202100033782,141 384,A01,1,7,0,2,7,15,1,
202100033783,141 382,A01,2,14,4,1,7,14,1,
202100033784,141 381,A01,1,7,0,1,1,9,1,
202100033785,141 380,A01,3,7,0,1,3,2,1,
202100033786,141 379,A01,1,7,0,2,2,1,1,
202100033787,141 377,A01,2,7,0,2,2,17,1,
202100033787,141 378,B01,3,50,0,2,6,0,3,
202100033788,141 376,A01,1,7,1,0,4,14,1,
202100033789,141 374,B01,1,32,0,2,9,12,1,
202100033789,141 375,A01,1,17,0,2,1,1,1,
202100033790,141 372,A01,3,7,0,2,7,9,1,
202100033790,141 373,B01,3,7,15,2,9,15,1,
202100033791,141 370,B01,1,32,0,2,1,2,1,
202100033791,141 371,A01,1,7,0,2,3,5,1,
202100033792,141 367,C01,2,15,0,2,3,1,1,
202100033792,141 368,A01,2,7,0,2,8,9,1,
202100033792,141 369,B01,2,7,0,2,3,1,1,
202100033793,141 365,A01,1,7,0,2,4,26,1,
202100033793,141 366,B01,1,34,0,0,4,23,1,
202100033794,141 361,B01,1,33,0,2,1,1,1,
202100033794,141 362,A01,2,7,0,2,3,19,1,
202100033795,141 359,B01,2,33,0,2,1,0,1,
202100033795,141 360,A01,2,7,0,2,6,15,1,
202100033796,141 357,A01,1,10,15,2,0,9,1,
202100033796,141 358,B01,1,7,2,2,0,0,1,
202100033797,141 353,A01,0,7,0,2,1,1,1,
202100033797,141 354,B01,0,7,0,2,4,0,1,
202100033797,141 355,C01,0,7,0,2,4,0,1,
202100033797,141 356,D01,0,7,0,2,4,0,1,
202100033798,141 350,C01,1,7,0,2,1,1,1,
202100033798,141 351,B01,1,10,0,2,1,1,1,
202100033798,141 352,A01,1,10,0,2,4,1,1,
202100033799,141 348,B01,1,7,0,2,2,1,1,
202100033799,141 349,A01,1,7,0,2,6,11,1,
202100033800,141 345,A01,2,7,0,1,7,1,1,
202100033801,141 343,B01,0,7,0,2,3,0,1,
202100033801,141 344,A01,0,2,0,2,1,1,1,
202100033802,141 342,A01,3,7,0,0,1,14,1,
202100033803,141 340,A01,1,7,0,9,1,26,1,
202100033803,141 341,B01,2,1,0,2,1,25,0,
202100033804,141 338,B01,3,32,0,2,0,26,0,
202100033804,141 339,A01,3,32,0,2,0,0,0,
202100033805,141 336,B01,1,1,0,2,8,1,5,
202100033805,141 337,A01,2,7,0,2,2,1,1,
202100033806,141 334,A01,1,7,0,2,2,15,1,
202100033806,141 335,B01,2,2,0,2,3,1,1,
202100033807,141 332,B01,2,1,0,2,8,1,5,
202100033807,141 333,A01,1,7,0,2,2,1,1,
202100033808,141 330,B01,0,43,0,2,7,17,1,