Num_Acc,id_vehicule,num_veh,senc,catv,obs,obsm,choc,manv,motor,occutc
202100033808,141 331,A01,0,7,0,2,8,15,1,
202100033809,141 328,A01,3,50,0,2,7,19,3,
202100033809,141 329,B01,1,7,0,2,1,1,1,
202100033810,141 326,A01,3,7,0,2,8,19,1,
202100033810,141 327,B01,1,30,0,2,1,1,1,
202100033811,141 324,B01,2,7,0,2,1,1,1,
202100033811,141 325,A01,1,10,0,2,2,15,1,
202100033812,141 322,A01,1,7,0,0,0,15,1,
202100033812,141 323,B01,1,31,0,2,0,1,1,
202100033813,141 319,B01,3,34,0,2,7,1,1,
202100033813,141 320,A01,3,7,0,2,1,9,2,
202100033813,141 321,C01,3,7,0,2,1,23,1,
202100033814,141 317,B01,1,7,0,2,1,1,1,
202100033814,141 318,A01,2,7,0,2,1,13,1,
202100033815,141 315,B01,2,7,0,2,3,15,1,
202100033815,141 316,A01,3,2,0,2,1,13,1,
202100033816,141 314,A01,2,1,0,0,0,16,5,
202100033817,141 312,A01,1,7,1,2,1,1,1,
202100033817,141 313,B01,1,7,1,0,1,20,1,
202100033818,141 310,B01,2,99,0,2,3,26,0,
202100033818,141 311,A01,2,7,0,2,2,26,0,
202100033819,141 309,A01,3,7,0,1,1,1,1,
202100033820,141 307,Z01,2,7,0,2,1,1,1,
202100033820,141 308,A01,3,2,0,0,4,23,1,
202100033821,141 305,B01,2,33,0,2,1,1,1,
202100033821,141 306,A01,1,7,0,2,1,15,1,
202100033822,141 303,A01,1,7,0,2,3,9,2,
202100033822,141 304,B01,1,33,0,2,1,21,1,
202100033823,141 301,B01,1,7,0,2,3,26,1,
202100033823,141 302,A01,1,7,0,2,7,1,1,
202100033824,141 300,A01,1,7,0,1,2,15,1,
202100033825,141 295,B01,0,60,0,2,7,19,5,
202100033825,141 296,A01,1,30,0,2,1,19,1,
202100033826,141 294,A01,0,10,0,1,4,26,1,
202100033827,141 292,B01,0,14,0,2,3,1,1,
202100033827,141 293,A01,0,7,0,2,5,17,1,
202100033828,141 290,A01,1,7,0,2,3,9,1,
202100033828,141 291,B01,1,1,0,2,3,19,5,
202100033829,141 288,A01,1,33,0,2,1,18,1,
202100033829,141 289,B01,1,7,0,2,2,16,1,
202100033830,141 286,A01,1,7,0,2,2,1,1,
202100033830,141 287,B01,1,50,0,2,8,15,3,
202100033831,141 284,A01,1,7,0,2,1,1,2,
202100033831,141 285,B01,1,7,0,2,4,1,1,
202100033832,141 283,A01,1,10,0,1,5,4,1,
202100033833,141 282,A01,1,7,15,0,2,1,1,
202100033834,141 280,A01,0,2,0,2,8,16,1,
202100033834,141 281,B01,0,7,0,2,2,1,1,
202100033835,141 278,B01,2,32,0,2,1,1,1,
202100033835,141 279,A01,1,7,0,2,2,15,1,
202100033836,141 276,B01,3,40,0,2,2,19,3,
202100033836,141 277,A01,3,50,0,4,1,1,3,
202100033837,141 274,A01,3,7,0,2,3,13,1,
202100033837,141 275,B01,3,7,0,2,3,1,1,
202100033838,141 273,A01,2,7,13,0,1,13,1,
202100033839,141 271,A01,3,7,0,2,1,16,1,
202100033839,141 272,B01,1,80,0,2,9,1,3,
202100033840,141 269,B01,0,7,0,2,1,1,1,
202100033840,141 270,A01,0,7,0,2,1,5,1,
202100033841,141 267,A01,0,7,0,2,7,13,1,
202100033841,141 268,B01,0,34,0,2,7,17,1,
202100033842,141 265,A01,1,7,0,2,7,15,1,
202100033842,141 266,B01,2,30,0,2,1,1,1,
202100033843,141 264,A01,2,7,2,0,0,1,1,
202100033844,141 263,A01,3,10,0,1,1,1,1,
202100033845,141 261,A01,3,7,0,2,3,26,1,
202100033845,141 262,B01,1,7,0,2,7,2,1,
202100033846,141 259,A01,2,60,0,2,1,16,5,
202100033846,141 260,B01,2,7,0,2,8,1,1,
202100033847,141 258,A01,1,7,13,0,1,1,1,
202100033848,141 257,A01,1,7,13,0,9,1,1,
202100033849,141 256,A01,3,7,4,0,1,26,1,
202100033850,141 255,A01,1,7,0,1,2,1,1,
202100033851,141 253,B01,1,80,0,2,1,26,3,
202100033851,141 254,A01,1,7,0,2,8,9,1,
202100033852,141 252,A01,1,10,15,0,1,1,1,
202100033853,141 251,A01,2,7,2,0,1,0,1,
202100033854,141 250,A01,0,7,0,1,1,1,1,
202100033855,141 248,B01,3,7,0,2,4,16,1,
202100033855,141 249,A01,3,30,0,2,1,0,1,
202100033856,141 246,B01,3,7,0,2,1,2,1,
202100033856,141 247,A01,3,7,0,2,7,10,1,
202100033857,141 244,B01,3,7,0,2,3,1,1,
202100033857,141 245,A01,3,7,0,2,1,13,1,
202100033858,141 242,B01,0,7,0,2,1,24,1,
202100033858,141 243,A01,0,7,1,0,1,1,1,
202100033859,141 240,B01,3,7,0,2,4,2,1,
202100033859,141 241,A01,3,7,0,2,4,2,1,
202100033860,141 238,Z01,2,7,0,2,7,15,0,
202100033860,141 239,A01,1,7,0,2,1,1,1,
202100033861,141 236,B01,3,31,0,2,2,0,1,
202100033861,141 237,A01,3,7,0,2,2,9,1,
202100033862,141 234,A01,3,43,0,2,1,26,1,
202100033862,141 235,B01,3,7,0,2,4,21,5,
202100033863,141 232,A01,1,7,0,2,2,15,1,
202100033863,141 233,B01,2,31,0,2,1,2,1,
202100033864,141 230,A01,2,33,0,2,6,16,1,
202100033864,141 231,B01,2,1,0,2,1,1,5,
202100033865,141 228,B01,2,2,0,2,1,1,1,
202100033865,141 229,A01,2,7,0,2,3,19,1,
202100033866,141 226,A01,1,7,0,2,1,2,1,
202100033866,141 227,B01,1,2,0,2,4,1,1,
202100033867,141 224,B01,2,7,0,2,9,15,1,
202100033867,141 225,A01,2,15,0,2,8,13,0,
202100033868,141 222,B01,3,7,0,2,3,15,1,
202100033868,141 223,A01,3,33,0,2,7,17,1,
202100033869,141 220,B01,1,7,15,0,8,1,1,
202100033869,141 221,A01,2,7,15,0,8,1,1,
202100033870,141 218,B01,1,10,0,2,5,1,1,
202100033870,141 219,A01,1,33,0,2,1,3,1,
202100033871,141 215,A01,1,33,0,2,3,3,1,
202100033871,141 216,B01,1,7,0,2,5,23,1,
202100033871,141 217,C01,1,7,0,2,6,1,1,
202100033872,141 213,B01,1,7,0,2,6,1,1,
202100033872,141 214,A01,1,33,0,2,2,13,1,
202100033873,141 211,A01,1,7,0,2,3,15,1,
202100033873,141 212,B01,1,33,0,2,1,5,1,
202100033874,141 210,Z01,1,50,0,1,1,1,3,
202100033875,141 208,A01,2,7,0,2,3,9,1,
202100033875,141 209,B01,1,1,0,2,1,5,5,
202100033876,141 206,B01,2,1,0,2,1,1,5,
202100033876,141 207,A01,2,7,0,2,3,15,2,
202100033877,141 205,A01,2,10,0,1,2,1,1,
202100033878,141 204,A01,2,7,0,1,4,4,1,
202100033879,141 203,A01,1,37,0,1,2,20,1,1.0
202100033880,141 202,Z01,2,10,0,1,2,20,1,
202100033881,141 200,B01,1,1,0,2,1,1,5,
202100033881,141 201,A01,1,10,0,2,7,16,1,
202100033882,141 198,A01,2,7,0,2,6,2,2,
202100033882,141 199,B01,2,50,0,2,1,2,3,
202100033883,141 196,A01,3,30,0,2,1,15,1,
202100033883,141 197,B01,1,10,0,2,3,1,1,
202100033884,141 194,A01,1,10,0,2,0,16,1,
202100033884,141 195,B01,1,32,0,2,5,14,1,
202100033885,141 192,Z01,1,7,0,2,4,1,1,
202100033885,141 193,B01,1,1,0,2,4,1,5,
202100033886,141 190,A01,1,30,0,2,8,13,1,
202100033886,141 191,B01,1,7,0,2,8,26,1,
202100033887,141 188,A01,2,7,0,2,2,15,1,
202100033887,141 189,B01,1,31,0,2,1,16,1,
202100033888,141 186,A01,3,10,0,2,1,16,1,
202100033888,141 187,B01,0,7,0,2,7,1,0,
202100033889,141 185,A01,1,7,15,0,1,15,1,
202100033890,141 183,B01,1,10,0,2,3,1,1,
202100033890,141 184,A01,2,10,0,2,3,13,1,
202100033891,141 181,B01,1,7,0,2,7,23,2,
202100033891,141 182,A01,1,7,0,2,4,20,1,
202100033892,141 179,A01,3,34,12,2,1,19,1,
202100033892,141 180,B01,3,10,0,2,7,1,1,
202100033893,141 177,A01,1,37,0,9,7,15,4,1.0
202100033893,141 178,B01,1,50,0,2,8,2,3,
202100033894,141 175,A01,1,7,0,2,1,2,1,
202100033894,141 176,B01,1,7,0,2,4,20,1,
202100033895,141 173,A01,3,7,0,2,7,15,1,
202100033895,141 174,B01,3,37,0,2,0,0,1,1.0
202100033896,141 171,A01,2,7,0,2,8,15,1,
202100033896,141 172,B01,2,33,0,2,1,1,1,
202100033897,141 169,A01,3,7,0,2,1,15,1,
202100033897,141 170,B01,0,99,0,0,0,0,0,
202100033898,141 167,B01,2,7,0,2,1,5,1,
202100033898,141 168,A01,1,7,0,2,3,1,1,
202100033899,141 166,A01,2,30,1,0,1,18,1,
202100033900,141 164,A01,1,2,0,2,1,16,1,
202100033900,141 165,B01,2,7,0,2,0,0,0,
202100033901,141 162,A01,2,7,0,2,5,15,2,
202100033901,141 163,B01,1,33,0,2,1,1,1,
202100033902,141 160,Y01,2,60,1,1,1,19,5,
202100033902,141 161,A01,2,60,1,1,1,5,5,
202100033903,141 159,A01,2,34,2,0,1,18,1,
202100033904,141 158,A01,2,7,0,1,3,15,1,
202100033905,141 156,B01,1,43,0,2,4,23,1,
202100033905,141 157,A01,1,38,0,2,1,15,1,1.0
202100033906,141 154,B01,2,7,0,2,1,9,1,
202100033906,141 155,A01,2,7,0,2,2,1,1,
202100033907,141 153,A01,1,60,0,0,0,19,5,
202100033908,141 151,B01,1,80,0,2,1,1,3,
202100033908,141 152,A01,3,7,0,2,3,20,1,
202100033909,141 149,B01,2,1,0,0,0,1,0,
202100033909,141 150,A01,1,10,0,0,0,15,1,
202100033910,141 148,A01,2,30,0,2,0,15,1,
202100033911,141 146,A01,1,7,0,2,3,17,1,
202100033911,141 147,B01,2,7,0,2,3,1,1,
202100033912,141 144,B01,1,15,0,2,1,1,1,
202100033912,141 145,A01,2,10,0,2,2,13,1,
202100033913,141 143,A01,1,10,0,1,1,1,1,
202100033914,141 142,A01,1,7,2,0,1,1,1,
202100033915,141 141,A01,2,31,0,0,1,1,1,
202100033916,141 139,A01,1,7,0,2,7,10,1,
202100033916,141 140,B01,2,10,0,2,1,1,1,
202100033917,141 138,A01,1,33,0,0,0,1,1,
202100033918,141 135,A01,2,7,0,2,4,1,1,
202100033918,141 136,B01,2,7,0,2,4,1,1,
202100033918,141 137,C01,2,7,0,2,1,1,1,
202100033919,141 133,A01,3,7,0,0,7,15,1,
202100033919,141 134,B01,2,33,0,2,1,4,1,
202100033920,141 130,B01,1,7,8,2,0,26,1,
202100033920,141 131,A01,1,7,0,2,0,26,1,
202100033921,141 128,B01,1,7,0,2,1,19,1,
202100033921,141 129,A01,1,2,0,2,8,1,1,
202100033922,141 126,B01,2,2,0,2,4,1,1,
202100033922,141 127,A01,2,7,0,2,1,12,1,
202100033923,141 125,A01,1,7,2,0,9,1,1,
202100033924,141 123,B01,3,1,0,2,3,2,5,
202100033924,141 124,A01,3,7,0,2,5,16,1,
202100033925,141 120,A01,1,33,0,0,8,1,1,
202100033926,141 118,A01,2,7,0,2,7,19,2,
202100033926,141 119,B01,2,7,0,2,8,1,1,
202100033927,141 116,B01,2,21,0,0,6,15,1,
202100033927,141 117,A01,2,7,0,2,2,17,1,
202100033928,141 115,A01,0,7,0,0,0,0,1,
202100033929,141 113,A01,1,7,0,0,8,19,1,
202100033929,141 114,B01,2,7,0,2,1,1,1,
202100033930,141 112,A01,2,80,0,0,0,1,3,
202100033931,141 110,A01,2,2,0,2,1,5,1,
202100033931,141 111,B01,1,7,0,2,3,1,1,
202100033932,141 109,A01,3,33,16,0,0,1,1,
202100033933,141 107,A01,1,7,0,2,1,13,1,
202100033933,141 108,B01,2,7,0,2,1,0,1,
202100033934,141 105,A01,2,10,0,2,7,2,1,
202100033934,141 106,B01,2,1,0,2,3,2,5,
202100033935,141 103,A01,2,7,0,2,3,26,1,
202100033935,141 104,B01,1,7,0,2,3,13,1,
202100033936,141 101,A01,1,15,0,2,2,16,1,
202100033936,141 102,B01,1,1,0,2,8,1,5,
202100033937,141 099,B01,1,7,0,2,3,1,1,
202100033937,141 100,A01,3,1,0,2,1,19,5,
202100033938,141 097,B01,1,10,0,2,1,0,1,
202100033938,141 098,A01,1,7,0,2,3,0,1,
202100033939,141 095,A01,1,7,5,2,7,13,1,
202100033939,141 096,B01,2,7,0,2,1,1,1,
202100033940,141 094,A01,2,7,6,0,1,14,1,
202100033941,141 092,A01,1,17,0,2,6,1,1,
202100033941,141 093,B01,2,7,0,2,3,1,1,
202100033942,141 090,A01,1,7,0,2,1,2,1,
202100033942,141 091,B01,1,14,0,2,4,1,1,
202100033943,141 089,A01,1,33,10,0,1,14,1,
202100033944,141 087,A01,1,7,0,0,4,1,1,
202100033944,141 088,B01,1,7,0,2,1,1,1,
202100033945,141 085,B01,1,3,0,2,1,1,3,
202100033945,141 086,A01,2,3,0,2,1,1,3,
202100033946,141 083,A01,2,7,0,2,7,19,1,
202100033946,141 084,B01,1,7,0,2,1,1,1,
202100033947,141 082,A01,2,7,0,1,8,1,2,
202100033948,141 081,A01,1,17,0,0,6,1,1,
202100033949,141 080,A01,2,80,0,0,8,13,3,
202100033950,141 078,B01,1,10,0,2,3,13,1,
202100033950,141 079,A01,2,43,0,2,1,1,1,
202100033951,141 075,A01,1,99,0,2,8,13,1,
202100033951,141 076,C01,2,7,0,2,8,1,1,
202100033951,141 077,B01,2,17,0,2,8,1,1,
202100033952,141 074,A01,1,7,2,0,2,0,1,
202100033953,141 073,A01,3,37,0,1,5,26,1,1.0
202100033954,141 072,A01,0,2,0,0,0,0,0,
202100033955,141 071,A01,2,7,2,0,6,1,1,
202100033956,141 069,B01,0,30,0,2,1,1,1,
202100033956,141 070,A01,0,13,0,2,2,1,1,
202100033957,141 067,B01,2,33,6,2,3,21,1,
202100033957,141 068,A01,2,7,0,0,5,23,1,
202100033958,141 066,A01,3,7,2,0,7,1,1,
202100033959,141 064,B01,2,33,0,2,1,1,1,
202100033959,141 065,A01,1,14,0,2,2,15,1,
202100033960,141 062,A01,1,7,16,2,1,13,1,
202100033960,141 063,B01,1,33,0,0,1,1,1,
202100033961,141 060,A01,0,7,0,2,3,9,1,
202100033961,141 061,B01,0,1,0,2,1,1,5,
202100033962,141 058,B01,0,7,0,9,3,15,1,
202100033962,141 059,A01,0,1,0,2,1,15,5,
202100033963,141 055,C01,2,7,0,2,3,1,1,
202100033963,141 056,B01,2,30,0,2,3,1,1,
202100033963,141 057,A01,1,7,1,2,1,1,1,
202100033964,141 052,A01,1,7,0,2,1,26,1,
202100033964,141 053,B01,1,31,0,2,7,1,1,
202100033965,141 050,A01,1,7,0,2,5,1,1,
202100033965,141 051,B01,2,7,0,2,1,1,1,
202100033966,141 049,A01,1,7,0,1,3,1,0,
202100033967,141 048,A01,2,7,0,0,0,1,1,
202100033968,141 047,A01,1,7,12,0,1,0,1,
202100033969,141 045,A01,2,7,0,2,2,15,1,
202100033969,141 046,B01,1,33,0,2,1,1,1,
202100033970,141 044,A01,2,7,6,0,1,1,1,
202100033971,141 042,B01,2,7,0,0,8,1,1,
202100033971,141 043,A01,2,7,0,2,1,2,1,
202100033972,141 041,A01,1,7,10,0,3,13,1,
202100033973,141 036,A01,1,7,0,2,4,26,1,
202100033973,141 037,B01,1,7,0,2,1,0,1,
202100033974,141 034,B01,1,7,0,2,1,1,1,
202100033974,141 035,A01,1,7,0,2,4,1,1,
202100033975,141 031,A01,2,33,0,2,1,0,1,
202100033975,141 032,B01,2,7,0,2,6,1,1,
202100033975,141 033,C01,2,7,0,2,6,1,1,
202100033976,141 028,C01,2,7,0,2,8,1,1,
202100033976,141 029,B01,2,33,0,2,2,12,1,
202100033976,141 030,A01,2,10,0,2,2,3,1,
202100033977,141 026,B01,2,37,0,2,4,2,1,1.0
202100033977,141 027,A01,2,7,0,2,1,2,1,
202100033978,141 024,B01,1,10,0,2,4,2,1,
202100033978,141 025,A01,1,33,0,2,1,2,1,
202100033979,141 022,A01,1,7,0,0,4,23,2,
202100033979,141 023,B01,1,33,0,2,1,21,1,
202100033980,141 019,C01,1,7,0,2,1,26,1,
202100033980,141 020,B01,1,7,0,2,0,26,1,
202100033980,141 021,A01,1,7,0,2,0,26,1,
202100033981,141 013,F01,1,7,0,2,4,1,1,
202100033981,141 014,E01,1,7,0,2,4,1,1,
202100033981,141 015,D01,1,7,0,2,4,1,1,
202100033981,141 016,C01,1,7,0,2,4,1,1,
202100033981,141 017,B01,1,7,0,2,4,1,1,
202100033981,141 018,A01,1,15,0,2,1,1,1,
202100033982,141 011,A01,1,7,0,2,1,2,0,
202100033982,141 012,B01,1,10,0,2,4,2,1,
202100033983,141 009,B01,2,33,0,2,2,3,1,
202100033983,141 010,A01,2,7,0,2,6,9,1,
202100033984,141 008,A01,2,31,0,0,8,3,1,
202100033985,141 007,A01,1,7,4,0,3,13,1,
202100033986,141 005,A01,2,10,0,2,4,1,1,
202100033986,141 006,B01,2,7,0,2,1,1,1,
202100033987,141 003,A01,2,7,0,2,5,12,1,
202100033987,141 004,B01,2,33,0,2,3,1,1,
202100033988,141 001,B01,2,7,0,2,6,1,1,
202100033988,141 002,A01,2,7,0,2,2,12,1,
202100033989,141 000,A01,3,34,6,0,3,13,1,
202100033990,140 998,B01,2,33,0,2,4,1,1,
202100033990,140 999,A01,1,33,0,2,1,1,1,
202100033991,140 997,A01,2,7,0,1,1,1,1,
202100033992,140 995,A01,3,7,0,2,1,26,1,
202100033992,140 996,B01,2,33,0,2,3,17,1,
202100033993,140 994,A01,2,80,0,1,1,25,3,
202100033994,140 992,B01,0,7,0,2,7,15,2,
202100033994,140 993,A01,0,7,0,1,1,25,1,
202100033995,140 990,C01,2,7,0,2,3,26,1,
202100033995,140 991,B01,2,7,0,2,3,26,1,
202100033996,140 989,A01,2,7,1,0,4,20,1,
202100033997,140 987,B01,3,1,0,2,1,1,5,
202100033997,140 988,A01,3,10,0,2,6,24,1,
202100033998,140 986,A01,2,1,0,1,1,1,5,
202100033999,140 985,A01,2,7,0,1,1,1,1,
202100034000,140 984,A01,3,50,0,1,1,1,3,
202100034001,140 982,B01,1,7,0,2,3,11,1,
202100034001,140 983,A01,1,32,0,2,1,7,1,
202100034002,140 981,A01,2,1,0,1,8,1,5,
202100034003,140 977,B01,2,7,1,0,0,0,1,
202100034003,140 978,A01,1,10,1,0,1,23,1,
202100034004,140 976,A01,1,33,0,0,0,26,1,
202100034005,140 974,B01,0,50,0,2,3,15,3,
202100034005,140 975,A01,0,7,0,2,3,1,1,
202100034006,140 973,A01,1,14,0,1,1,1,1,
202100034007,140 971,B01,2,7,0,2,3,19,1,
202100034007,140 972,A01,2,7,0,2,1,19,1,
202100034008,140 969,B01,2,7,0,2,3,1,1,
202100034008,140 970,A01,1,32,0,2,1,13,1,
202100034009,140 967,A01,3,7,0,2,1,15,1,
202100034009,140 968,B01,3,7,0,2,3,1,1,
202100034010,140 966,A01,2,7,0,1,1,1,1,
202100034011,140 964,A01,3,7,0,2,1,19,1,
202100034011,140 965,B01,1,7,0,2,3,1,1,
202100034012,140 963,A01,1,7,0,1,2,1,1,
202100034013,140 962,A01,2,1,0,1,1,1,5,
202100034014,140 960,A01,2,7,0,2,1,1,1,
202100034014,140 961,B01,2,1,0,2,4,1,5,
202100034015,140 958,A01,1,7,0,2,1,1,1,
202100034015,140 959,B01,2,7,1,2,8,15,1,
202100034016,140 956,B01,2,7,0,2,5,1,1,
202100034016,140 957,A01,2,31,0,2,1,26,1,
202100034017,140 954,A01,1,7,0,2,1,26,1,
202100034017,140 955,B01,1,7,0,2,3,26,1,
202100034018,140 953,A01,3,7,0,1,3,26,1,
202100034019,140 951,B01,2,10,0,2,1,0,1,
202100034019,140 952,A01,1,7,9,2,2,9,1,
202100034020,140 949,A01,1,33,0,2,7,2,1,
202100034020,140 950,B01,1,14,0,2,8,1,1,
202100034021,140 947,A01,1,7,6,2,6,4,1,
202100034021,140 948,B01,2,7,0,2,2,1,1,
202100034022,140 946,A01,3,7,0,1,1,1,1,
202100034023,140 945,A01,2,17,0,2,2,1,1,
202100034024,140 944,A01,1,7,0,5,3,1,1,
202100034025,140 942,A01,2,7,0,2,1,19,1,
202100034025,140 943,B01,2,7,0,2,7,1,1,
202100034026,140 941,A01,2,7,0,0,8,1,1,
202100034027,140 939,A01,2,10,0,2,4,4,1,
202100034027,140 940,B01,2,30,0,2,1,23,1,
202100034028,140 937,A01,1,7,0,2,1,15,1,
202100034028,140 938,B01,2,7,0,2,7,1,1,
202100034029,140 935,B01,3,1,0,0,0,0,5,
202100034029,140 936,A01,3,7,0,2,2,2,1,
202100034030,140 934,A01,1,7,8,0,1,15,1,
202100034031,140 933,A01,0,20,0,1,1,1,1,
202100034032,140 932,A01,3,10,0,1,8,15,1,
202100034033,140 928,B01,0,7,0,2,4,23,1,
202100034033,140 929,A01,0,2,0,2,1,1,1,
202100034034,140 926,B01,3,1,0,2,0,1,5,
202100034034,140 927,A01,3,7,0,2,0,1,1,
202100034035,140 924,A01,1,1,0,2,8,2,5,
202100034035,140 925,B01,1,7,0,2,7,2,1,
202100034036,140 922,A01,3,30,0,2,1,15,1,
202100034036,140 923,B01,0,7,0,2,1,1,1,
202100034037,140 920,A01,3,7,0,2,2,15,1,
202100034037,140 921,B01,3,7,0,2,3,1,1,
202100034038,140 919,A01,1,37,0,1,1,9,0,1.0
202100034039,140 918,A01,1,33,0,1,1,1,1,
202100034040,140 916,B01,1,50,0,2,5,1,3,
202100034040,140 917,A01,1,7,0,2,2,15,1,
202100034041,140 914,B01,2,10,0,2,3,1,1,
202100034041,140 915,A01,1,7,0,2,3,1,1,
202100034042,140 912,A01,1,7,0,2,2,19,1,
202100034042,140 913,B01,1,7,0,2,1,0,1,
202100034043,140 908,A01,2,2,0,2,3,13,1,
202100034043,140 909,B01,1,7,0,2,8,1,1,
202100034043,140 910,C01,1,7,0,2,8,1,1,
202100034043,140 911,D01,1,7,0,2,8,1,1,
202100034044,140 906,B01,2,2,0,2,2,7,1,
202100034044,140 907,A01,2,7,0,2,3,9,1,
202100034045,140 904,B01,1,2,0,2,1,1,1,
202100034045,140 905,A01,2,3,0,2,7,15,1,
202100034046,140 901,A01,1,7,0,2,1,26,1,
202100034046,140 902,B01,1,7,0,2,4,2,2,
202100034046,140 903,C01,1,7,0,2,4,19,1,
202100034047,140 900,A01,2,7,4,0,2,1,1,
202100034048,140 899,A01,2,30,14,0,1,1,1,
202100034049,140 898,A01,3,7,0,1,2,1,1,
202100034050,140 896,B01,1,1,0,0,6,2,5,
202100034050,140 897,A01,0,10,0,0,2,9,0,
202100034051,140 894,A01,1,7,0,9,1,1,0,
202100034051,140 895,B01,1,1,0,2,4,19,5,
202100034052,140 893,A01,2,50,0,1,1,1,3,
202100034053,140 890,C01,2,7,0,2,6,2,2,
202100034053,140 891,B01,2,7,0,2,5,2,1,
202100034053,140 892,A01,2,7,0,2,3,2,1,
202100034054,140 889,A01,1,31,0,0,0,26,1,
202100034055,140 888,A01,1,7,0,1,1,26,1,
202100034056,140 886,A01,1,7,0,9,3,9,1,
202100034056,140 887,B01,3,2,0,2,5,16,1,
202100034057,140 884,B01,3,31,0,2,7,1,1,
202100034057,140 885,A01,0,7,0,2,1,15,1,
202100034058,140 882,B01,2,7,0,2,3,1,1,
202100034058,140 883,A01,2,7,0,2,1,15,1,
202100034059,140 881,A01,1,7,1,0,2,1,1,
202100034060,140 879,B01,0,7,0,2,5,19,1,
202100034060,140 880,A01,1,50,0,2,1,1,3,
202100034061,140 876,A01,2,7,0,2,1,1,1,
202100034061,140 877,B01,2,7,0,2,4,0,1,
202100034061,140 878,C01,2,7,0,2,4,0,1,
202100034062,140 875,A01,3,7,0,1,4,26,0,
202100034063,140 873,B01,1,7,0,2,3,1,1,
202100034063,140 874,A01,1,32,0,2,1,1,1,
202100034064,140 872,A01,2,7,9,0,1,1,1,
202100034065,140 870,A01,3,7,0,2,1,26,1,
202100034065,140 871,B01,3,7,0,2,1,0,2,
202100034066,140 869,A01,2,33,8,0,1,13,1,
202100034067,140 868,A01,1,7,15,0,1,14,1,
202100034068,140 867,A01,1,7,13,0,1,13,1,
202100034069,140 866,A01,1,7,6,0,2,13,1,
202100034070,140 864,B01,1,7,0,0,8,15,1,
202100034070,140 865,A01,1,31,0,2,1,17,1,
202100034071,140 862,B01,1,7,0,2,3,15,1,
202100034071,140 863,A01,1,34,0,2,2,17,1,
202100034072,140 860,B01,3,50,1,0,0,0,3,
202100034072,140 861,A01,3,7,0,9,0,24,1,
202100034073,140 856,A01,1,7,0,2,1,19,1,
202100034073,140 857,B01,1,7,0,0,8,19,1,
202100034074,140 855,A01,1,7,9,1,2,1,2,
202100034075,140 853,B01,2,32,0,2,7,2,1,
202100034075,140 854,A01,2,7,0,2,8,2,1,
202100034076,140 851,A01,3,7,0,2,1,1,1,
202100034076,140 852,B01,1,1,0,2,1,19,0,
202100034077,140 849,B01,1,7,0,2,8,1,1,
202100034077,140 850,A01,1,1,0,2,1,1,5,
202100034078,140 848,A01,2,7,0,1,2,1,1,
202100034079,140 846,B01,0,7,0,2,1,26,1,
202100034079,140 847,A01,0,7,0,2,2,15,1,
202100034080,140 844,B01,2,32,0,2,3,0,1,
202100034080,140 845,A01,2,30,0,2,2,16,1,
202100034081,140 843,A01,2,30,0,1,8,1,1,
202100034082,140 841,A01,1,7,0,2,2,19,1,
202100034082,140 842,B01,2,7,0,0,3,1,1,
202100034083,140 840,A01,1,2,1,0,2,5,1,
202100034084,140 838,B01,3,7,0,2,6,1,0,
202100034084,140 839,A01,1,33,0,2,3,1,0,
202100034085,140 836,B01,0,7,0,2,5,9,1,
202100034085,140 837,A01,0,10,0,2,1,1,1,
202100034086,140 834,B01,1,33,0,2,3,0,1,
202100034086,140 835,A01,2,7,0,2,2,15,1,
202100034087,140 832,B01,3,1,0,2,4,16,5,
202100034087,140 833,A01,3,14,0,9,1,16,1,
202100034088,140 831,A01,3,10,0,1,4,4,1,
202100034089,140 829,A01,2,7,0,2,1,2,1,
202100034089,140 830,B01,2,7,0,2,4,2,2,
202100034090,140 827,A01,1,31,0,2,3,1,1,
202100034090,140 828,B01,1,14,0,2,2,15,1,
202100034091,140 826,A01,1,1,0,1,1,1,5,
202100034092,140 824,B01,1,10,0,2,2,20,1,
202100034092,140 825,A01,1,1,0,2,1,18,5,
202100034093,140 822,Z01,1,7,0,2,7,17,1,
202100034093,140 823,A01,1,1,0,2,8,1,5,
202100034094,140 821,A01,0,7,0,1,1,15,1,
202100034095,140 819,A01,2,7,0,2,1,2,1,
202100034095,140 820,B01,2,1,0,2,4,2,5,
202100034096,140 817,A01,1,34,0,2,3,1,1,
202100034096,140 818,B01,2,50,0,2,1,15,3,
202100034097,140 815,B01,2,7,0,2,5,15,1,
202100034097,140 816,A01,1,1,0,2,1,1,5,
202100034098,140 813,A01,1,31,0,2,3,23,1,
202100034098,140 814,B01,1,7,0,2,2,14,1,
202100034099,140 812,Z01,1,30,0,1,1,1,0,
202100034100,140 811,A01,1,1,0,0,0,21,5,
202100034101,140 809,B01,1,1,0,2,7,1,5,
202100034101,140 810,A01,2,7,0,2,2,1,1,
202100034102,140 807,A01,1,7,0,2,8,11,1,
202100034102,140 808,B01,1,33,0,2,1,1,1,
202100034103,140 805,B01,2,1,0,2,8,1,5,
202100034103,140 806,A01,2,1,0,2,0,17,5,
202100034104,140 803,A01,2,14,0,2,0,1,1,
202100034104,140 804,B01,1,10,0,2,3,1,1,
202100034105,140 798,A01,1,7,0,2,3,13,2,
202100034105,140 799,B01,1,7,0,2,3,23,1,