Num_Acc,id_vehicule,num_veh,senc,catv,obs,obsm,choc,manv,motor,occutc
202100034105,140 800,C01,1,7,0,2,7,23,1,
202100034105,140 801,E01,1,32,0,2,8,1,1,
202100034105,140 802,D01,1,30,0,2,9,1,1,
202100034106,140 796,B01,1,7,0,2,3,15,2,
202100034106,140 797,A01,2,34,0,2,3,7,1,
202100034107,140 794,A01,1,30,0,2,1,1,1,
202100034107,140 795,B01,1,7,0,2,0,15,1,
202100034108,140 792,B01,1,1,0,2,7,1,5,
202100034108,140 793,A01,1,30,0,2,8,9,1,
202100034109,140 790,B01,1,7,1,2,2,1,1,
202100034109,140 791,A01,1,7,1,0,2,23,1,
202100034110,140 789,A01,1,7,6,2,1,1,1,
202100034111,140 787,A01,1,7,0,2,2,22,1,
202100034111,140 788,Y01,1,50,0,2,6,18,3,
202100034112,140 786,A01,2,10,0,1,1,13,1,
202100034113,140 785,A01,1,7,6,0,1,2,1,
202100034114,140 783,Z01,1,2,0,2,1,9,1,
202100034114,140 784,A01,1,80,0,2,7,9,3,
202100034115,140 781,B01,2,1,0,2,4,0,5,
202100034115,140 782,A01,2,10,0,2,2,26,1,
202100034116,140 779,A01,2,30,0,2,1,17,1,
202100034116,140 780,B01,2,7,0,2,3,15,1,
202100034117,140 777,A01,1,7,0,2,1,26,0,
202100034117,140 778,B01,1,7,0,2,3,26,0,
202100034118,140 775,B01,-1,32,0,0,0,-1,-1,
202100034118,140 776,A01,1,10,0,2,3,2,1,
202100034119,140 774,A01,1,14,0,1,2,1,1,
202100034120,140 772,A01,1,20,0,2,8,1,1,
202100034120,140 773,B01,0,2,0,2,1,1,1,
202100034121,140 771,A01,3,7,0,1,3,17,1,
202100034122,140 770,A01,3,13,0,1,0,1,0,
202100034123,140 768,B01,1,13,0,2,2,1,1,
202100034123,140 769,A01,1,99,0,0,6,16,1,
202100034124,140 766,A01,1,34,0,2,1,1,1,
202100034124,140 767,B01,2,7,0,2,2,15,1,
202100034125,140 765,A01,1,7,0,1,3,9,1,
202100034126,140 764,A01,1,7,0,1,1,1,1,
202100034127,140 763,A01,2,32,0,1,1,26,1,
202100034128,140 762,A01,1,7,0,1,1,16,1,
202100034129,140 760,A01,1,32,0,2,7,17,1,
202100034129,140 761,B01,1,7,0,2,3,15,1,
202100034130,140 758,A01,2,1,0,2,1,1,5,
202100034130,140 759,B01,2,7,0,2,1,15,0,
202100034131,140 757,A01,3,7,0,2,1,1,1,
202100034132,140 754,C01,1,7,0,2,8,23,1,
202100034132,140 755,A01,1,33,1,2,5,17,1,
202100034132,140 756,B01,1,7,0,2,3,15,1,
202100034133,140 752,A01,1,2,2,2,1,1,1,
202100034133,140 753,B01,1,14,0,2,8,22,1,
202100034134,140 749,A01,2,30,0,2,8,18,1,
202100034134,140 750,B01,2,7,0,2,2,1,2,
202100034134,140 751,C01,2,7,0,2,0,24,1,
202100034135,140 747,B01,3,7,0,2,1,1,1,
202100034135,140 748,A01,0,7,0,2,7,10,1,
202100034136,140 745,B01,1,32,0,2,1,1,1,
202100034136,140 746,A01,1,7,0,2,3,15,1,
202100034137,140 743,B01,2,33,0,2,1,17,1,
202100034137,140 744,A01,2,7,0,2,3,15,1,
202100034138,140 742,A01,3,7,13,0,1,1,1,
202100034139,140 740,A01,2,7,0,2,3,13,1,
202100034139,140 741,B01,1,7,0,2,8,1,1,
202100034140,140 738,A01,3,33,0,2,1,21,1,
202100034140,140 739,B01,3,10,0,2,2,19,1,
202100034141,140 735,A01,2,3,0,2,1,11,1,
202100034141,140 736,B01,1,7,0,0,3,1,1,
202100034141,140 737,C01,1,7,0,2,1,0,1,
202100034142,140 733,A01,1,7,0,2,1,1,1,
202100034142,140 734,B01,2,7,0,2,1,13,1,
202100034143,140 731,A01,3,7,0,2,3,1,1,
202100034143,140 732,B01,3,1,0,2,1,1,5,
202100034144,140 729,B01,1,1,0,2,1,1,5,
202100034144,140 730,A01,1,7,0,2,8,19,1,
202100034145,140 727,A01,1,33,0,2,3,13,1,
202100034145,140 728,B01,2,7,0,2,3,0,6,
202100034146,140 726,A01,1,7,13,0,1,1,1,
202100034147,140 725,A01,2,7,17,0,2,1,1,
202100034148,140 724,A01,1,7,1,0,2,14,1,
202100034149,140 720,C01,2,15,0,2,1,1,1,
202100034149,140 721,D01,1,15,0,2,2,1,1,
202100034149,140 722,A01,2,7,0,2,4,1,1,
202100034149,140 723,B01,2,7,0,2,1,1,1,
202100034150,140 719,A01,2,1,16,0,9,1,5,
202100034151,140 717,A01,0,7,0,2,3,14,1,
202100034151,140 718,B01,3,7,0,2,3,0,1,
202100034152,140 714,A01,1,7,0,2,1,11,1,
202100034152,140 715,C01,2,7,0,2,1,1,1,
202100034152,140 716,B01,1,7,0,2,6,1,1,
202100034153,140 712,B01,1,31,0,2,1,2,1,
202100034153,140 713,A01,1,32,0,0,4,2,1,
202100034154,140 711,A01,2,33,0,0,0,16,1,
202100034155,140 708,A01,1,7,0,2,1,2,1,
202100034155,140 709,C01,1,7,0,0,4,1,1,
202100034155,140 710,B01,1,7,0,0,4,2,1,
202100034156,140 706,B01,2,10,0,2,3,2,1,
202100034156,140 707,A01,2,33,0,2,4,2,1,
202100034157,140 704,B01,2,43,0,2,5,1,1,
202100034157,140 705,A01,2,7,0,2,1,1,1,
202100034158,140 703,A01,0,36,13,0,3,1,1,
202100034159,140 701,A01,1,7,6,0,1,1,1,
202100034160,140 700,A01,1,7,0,1,8,1,1,
202100034161,140 698,B01,1,7,0,2,5,2,1,
202100034161,140 699,A01,1,34,0,2,1,2,1,
202100034162,140 696,B01,2,34,0,2,1,1,0,
202100034162,140 697,A01,2,7,0,2,2,19,1,
202100034163,140 695,A01,1,7,6,0,1,14,1,
202100034164,140 692,A01,2,2,0,2,1,17,1,
202100034164,140 693,B01,2,7,0,2,6,15,1,
202100034165,140 691,A01,0,7,0,0,0,1,1,
202100034166,140 690,A01,2,2,0,0,9,1,1,
202100034167,140 688,A01,2,7,14,2,8,13,1,
202100034167,140 689,B01,1,7,0,2,8,1,1,
202100034168,140 686,B01,2,7,0,0,4,1,1,
202100034168,140 687,A01,2,7,0,2,1,2,1,
202100034169,140 685,A01,2,7,4,0,1,1,1,
202100034170,140 683,B01,2,7,0,2,6,1,1,
202100034170,140 684,A01,2,15,0,2,2,12,1,
202100034171,140 678,A01,1,10,0,2,1,2,1,
202100034171,140 679,B01,1,7,0,2,4,2,1,
202100034171,140 680,D01,1,7,0,0,4,2,1,
202100034171,140 681,C01,1,7,0,2,4,2,1,
202100034172,140 673,E01,1,10,0,2,1,1,1,
202100034172,140 674,A01,1,7,0,0,4,1,1,
202100034172,140 675,B01,1,7,0,2,1,1,1,
202100034172,140 676,C01,1,7,0,0,4,1,1,
202100034172,140 677,D01,1,7,0,2,1,1,1,
202100034173,140 667,A01,1,10,0,0,1,26,1,
202100034173,140 668,B01,1,7,3,2,5,13,1,
202100034173,140 669,D01,1,7,0,2,4,17,1,
202100034173,140 670,C01,1,10,0,2,3,17,1,
202100034173,140 671,F01,1,10,0,2,4,17,1,
202100034173,140 672,E01,1,7,0,2,4,17,1,
202100034174,140 665,B01,2,7,0,2,3,1,1,
202100034174,140 666,A01,1,7,0,2,1,5,1,
202100034175,140 663,B01,1,33,0,2,7,17,1,
202100034175,140 664,A01,1,7,0,2,3,15,1,
202100034176,140 661,A01,2,7,0,2,1,9,1,
202100034176,140 662,B01,1,7,0,2,1,1,1,
202100034177,140 659,B01,2,1,0,2,3,1,5,
202100034177,140 660,A01,1,7,0,2,1,26,1,
202100034178,140 657,B01,1,14,0,0,5,2,1,
202100034178,140 658,A01,1,7,0,2,3,2,1,
202100034179,140 656,A01,1,7,0,0,2,14,1,
202100034180,140 654,B01,2,20,0,0,5,2,1,
202100034180,140 655,A01,2,10,0,0,1,2,1,
202100034181,140 652,B01,0,7,0,2,3,15,1,
202100034181,140 653,A01,3,7,0,0,5,15,1,
202100034182,140 650,B01,1,7,0,0,1,1,1,
202100034182,140 651,A01,1,33,0,0,0,1,1,
202100034183,140 649,A01,1,33,0,0,9,26,1,
202100034184,140 647,A01,2,10,0,2,3,15,1,
202100034184,140 648,B01,1,33,8,2,8,0,1,
202100034185,140 645,A01,2,7,0,2,1,11,1,
202100034185,140 646,B01,1,7,0,2,1,1,1,
202100034186,140 643,B01,2,1,0,2,1,0,5,
202100034186,140 644,A01,1,10,0,2,2,9,1,
202100034187,140 642,A01,3,33,6,0,1,26,1,
202100034188,140 641,A01,0,7,0,1,1,26,1,
202100034189,140 639,B01,0,10,1,0,2,1,1,
202100034189,140 640,A01,0,10,0,0,6,24,1,
202100034190,140 638,A01,0,7,0,1,7,12,1,
202100034191,140 636,A01,1,7,0,2,5,2,2,
202100034191,140 637,B01,1,7,0,2,1,2,1,
202100034192,140 633,B01,1,7,0,2,3,2,1,
202100034192,140 634,C01,1,7,1,0,2,1,1,
202100034192,140 635,A01,1,33,0,2,4,1,1,
202100034193,140 631,A01,1,7,0,2,4,2,1,
202100034193,140 632,B01,1,7,0,2,1,2,1,
202100034194,140 630,A01,1,34,0,0,1,1,1,
202100034195,140 627,B01,1,7,0,9,8,1,1,
202100034195,140 628,A01,1,7,3,0,2,21,1,
202100034195,140 629,C01,2,7,0,9,0,1,2,
202100034196,140 625,A01,1,31,0,2,1,3,1,
202100034196,140 626,B01,1,10,0,2,4,11,1,
202100034197,140 623,A01,1,33,0,2,8,3,1,
202100034197,140 624,B01,1,7,0,2,5,1,1,
202100034198,140 620,C01,2,7,0,2,4,1,1,
202100034198,140 621,B01,2,10,0,2,4,1,1,
202100034198,140 622,A01,2,10,0,2,1,1,1,
202100034199,140 616,D01,1,7,0,2,4,0,1,
202100034199,140 617,C01,1,7,0,2,9,0,1,
202100034199,140 618,B01,1,7,0,2,9,0,1,
202100034199,140 619,A01,1,7,0,2,1,0,1,
202100034200,140 615,A01,1,7,3,0,0,26,1,
202100034201,140 613,B01,1,7,0,2,4,1,1,
202100034201,140 614,A01,1,43,0,2,1,1,1,
202100034202,140 610,C01,1,7,0,2,6,0,1,
202100034202,140 611,B01,1,7,0,2,0,0,1,
202100034202,140 612,A01,1,7,0,2,1,26,1,
202100034203,140 609,A01,1,34,0,6,1,1,1,
202100034204,140 608,A01,3,32,0,1,1,17,1,
202100034205,140 607,A01,2,7,0,1,1,1,1,
202100034206,140 605,A01,3,7,0,2,1,9,1,
202100034206,140 606,B01,2,1,0,2,7,1,5,
202100034207,140 604,A01,1,30,1,0,3,13,6,
202100034208,140 602,A01,3,7,0,2,3,26,1,
202100034208,140 603,B01,1,30,0,2,1,26,1,
202100034209,140 600,A01,3,7,0,2,1,1,1,
202100034209,140 601,B01,3,7,0,2,4,1,1,
202100034210,140 598,A01,1,7,0,2,1,13,1,
202100034210,140 599,B01,1,7,0,2,0,0,1,
202100034211,140 596,B01,3,10,0,2,4,1,1,
202100034211,140 597,A01,3,30,0,2,1,2,1,
202100034212,140 594,B01,1,7,0,2,2,15,1,
202100034212,140 595,A01,2,30,0,2,1,1,1,
202100034213,140 591,A01,1,2,0,2,1,1,1,
202100034213,140 592,C01,3,7,1,0,0,0,1,
202100034213,140 593,B01,2,7,0,9,7,15,1,
202100034214,140 589,A01,2,7,0,2,0,17,0,
202100034214,140 590,B01,2,30,0,2,3,9,1,
202100034215,140 587,A01,3,7,9,2,5,19,1,
202100034215,140 588,B01,3,7,9,2,1,19,1,
202100034216,140 585,B01,2,7,0,2,3,2,1,
202100034216,140 586,A01,2,7,0,2,2,1,1,
202100034217,140 581,A01,1,33,4,2,8,0,1,
202100034217,140 582,B01,1,7,4,2,0,0,1,
202100034217,140 583,C01,1,7,4,2,0,0,1,
202100034217,140 584,D01,1,7,4,2,1,0,1,
202100034218,140 580,A01,0,7,0,1,1,0,0,
202100034219,140 579,A01,1,2,0,1,1,17,1,
202100034220,140 577,B01,3,1,0,2,0,0,5,
202100034220,140 578,A01,3,7,0,2,1,15,1,
202100034221,140 575,A01,1,7,0,2,1,9,1,
202100034221,140 576,B01,1,1,0,2,7,1,5,
202100034222,140 573,A01,1,31,0,2,4,2,1,
202100034222,140 574,B01,1,7,0,2,4,26,1,
202100034223,140 571,B01,2,33,0,2,8,26,1,
202100034223,140 572,A01,1,7,0,2,7,15,1,
202100034224,140 570,A01,2,7,1,0,1,13,1,
202100034225,140 569,A01,0,1,13,0,0,1,5,
202100034226,140 566,A01,3,10,0,1,4,26,1,
202100034227,140 564,B01,2,7,0,2,1,15,1,
202100034227,140 565,A01,1,32,0,2,1,1,1,
202100034228,140 563,A01,2,10,0,1,3,15,3,
202100034229,140 562,A01,0,30,0,0,0,1,1,
202100034230,140 560,B01,0,7,0,2,1,23,1,
202100034230,140 561,A01,0,7,0,2,1,15,1,
202100034231,140 558,B01,0,50,0,2,3,1,3,
202100034231,140 559,A01,0,7,0,9,2,1,1,
202100034232,140 557,A01,2,7,1,0,1,26,1,
202100034233,140 555,B01,2,7,0,2,1,23,0,
202100034233,140 556,A01,2,31,0,2,4,26,0,
202100034234,140 554,A01,3,7,1,0,0,26,0,
202100034235,140 553,A01,3,7,9,0,1,26,1,
202100034236,140 552,A01,3,2,0,1,1,15,1,
202100034237,140 551,B01,2,1,0,2,1,1,5,
202100034238,140 546,A01,1,10,0,9,3,1,0,
202100034238,140 547,B01,1,50,0,2,8,1,3,
202100034239,140 543,C01,2,7,0,2,4,23,1,
202100034239,140 544,B01,2,7,0,2,4,23,1,
202100034239,140 545,A01,2,7,0,2,1,1,1,
202100034240,140 541,A01,1,7,0,2,1,1,1,
202100034240,140 542,B01,2,1,0,2,2,19,2,
202100034241,140 540,A01,1,7,0,1,2,1,1,
202100034242,140 538,A01,1,7,0,2,2,15,1,
202100034242,140 539,B01,2,31,0,2,3,1,1,
202100034243,140 537,A01,1,7,2,0,2,13,1,
202100034244,140 535,A01,2,7,0,2,7,1,1,
202100034244,140 536,B01,1,14,0,2,3,15,1,
202100034245,140 533,B01,2,10,0,2,1,13,1,
202100034245,140 534,A01,2,30,0,2,1,17,1,
202100034246,140 531,B01,2,7,0,2,1,9,1,
202100034246,140 532,A01,2,33,0,2,1,1,1,
202100034247,140 529,A01,1,7,0,2,1,2,1,
202100034247,140 530,B01,1,10,0,2,4,2,1,
202100034248,140 527,B01,1,50,0,2,8,25,3,
202100034248,140 528,A01,2,14,0,2,0,15,1,
202100034249,140 525,B01,2,31,0,2,1,1,1,
202100034249,140 526,A01,1,7,0,2,7,15,1,
202100034250,140 523,B01,2,33,0,2,1,1,1,
202100034250,140 524,A01,1,7,0,2,3,15,1,
202100034251,140 521,A01,1,7,0,2,1,19,1,
202100034251,140 522,B01,1,7,0,2,1,19,1,
202100034252,140 519,A01,1,32,0,2,7,19,1,
202100034252,140 520,B01,1,7,0,2,1,19,1,
202100034253,140 517,A01,1,7,0,2,2,19,1,
202100034253,140 518,B01,1,7,0,2,1,19,1,
202100034254,140 515,A01,2,7,0,2,4,23,1,
202100034254,140 516,B01,2,1,0,2,1,2,6,
202100034255,140 513,A01,1,7,0,2,5,15,1,
202100034255,140 514,B01,2,1,0,2,1,1,5,
202100034256,140 512,A01,3,7,9,0,1,1,1,
202100034257,140 510,A01,3,7,8,2,1,15,1,
202100034257,140 511,B01,1,7,0,2,5,15,1,
202100034258,140 508,B01,1,33,0,2,1,17,1,
202100034258,140 509,A01,1,30,0,2,8,1,1,
202100034259,140 506,B01,1,2,0,2,1,1,1,
202100034259,140 507,A01,1,7,0,2,2,15,1,
202100034260,140 501,A01,1,7,14,2,1,2,1,
202100034260,140 502,B01,1,7,14,2,4,2,1,
202100034260,140 503,C01,1,7,0,2,4,2,1,
202100034261,140 499,B01,0,7,0,2,3,9,1,
202100034261,140 500,A01,0,7,0,2,1,10,1,
202100034262,140 497,B01,1,7,0,2,5,1,1,
202100034262,140 498,A01,1,2,0,2,1,26,1,
202100034263,140 496,A01,2,33,13,0,1,21,1,
202100034264,140 495,A01,3,7,0,1,5,2,1,
202100034265,140 493,B01,2,7,0,2,4,23,1,
202100034265,140 494,A01,2,33,0,2,1,2,1,
202100034266,140 489,A01,1,7,0,2,1,2,1,
202100034266,140 490,B01,1,7,0,2,4,2,1,
202100034267,140 488,A01,0,7,13,0,9,9,1,
202100034268,140 486,B01,3,1,0,2,8,1,5,
202100034268,140 487,A01,3,7,0,2,0,0,1,
202100034269,140 484,A01,1,7,0,2,1,1,1,
202100034269,140 485,B01,3,7,0,2,1,1,1,
202100034270,140 483,Z01,1,7,0,1,1,1,0,
202100034271,140 481,B01,1,7,0,2,3,1,1,
202100034271,140 482,A01,3,50,0,2,1,1,3,
202100034272,140 479,A01,1,7,0,2,5,15,1,
202100034272,140 480,B01,2,1,0,2,1,1,5,
202100034273,140 478,A01,3,7,0,1,1,1,0,
202100034274,140 476,B01,3,7,0,2,3,15,1,
202100034274,140 477,A01,3,30,0,2,2,17,0,
202100034275,140 474,A01,1,7,0,2,4,1,1,
202100034275,140 475,B01,1,7,0,2,1,2,1,
202100034276,140 472,A01,2,7,0,2,1,19,1,
202100034276,140 473,B01,1,7,0,2,4,0,1,
202100034277,140 470,A01,3,1,0,2,8,9,2,
202100034277,140 471,B01,1,7,0,9,3,1,1,
202100034278,140 467,B01,1,7,0,2,9,2,1,
202100034278,140 468,A01,1,7,0,2,1,2,1,
202100034278,140 469,C01,1,7,0,2,4,2,1,
202100034279,140 466,A01,0,7,0,1,2,1,1,
202100034280,140 464,B01,1,7,0,2,4,1,1,
202100034280,140 465,A01,1,7,0,2,1,1,1,
202100034281,140 462,B01,3,99,0,2,1,1,6,
202100034281,140 463,A01,3,7,0,2,3,1,1,
202100034282,140 460,B01,0,7,0,2,3,15,1,
202100034282,140 461,A01,0,30,0,2,1,17,1,
202100034283,140 458,B01,1,1,15,2,4,1,5,
202100034283,140 459,A01,1,7,0,2,1,1,1,
202100034284,140 456,B01,1,34,0,2,7,1,1,
202100034284,140 457,A01,1,7,0,2,0,9,1,
202100034285,140 454,A01,3,7,0,2,5,26,1,
202100034285,140 455,B01,3,7,0,2,1,1,1,
202100034286,140 452,A01,1,10,0,2,2,15,1,
202100034286,140 453,B01,2,3,0,2,3,1,1,
202100034287,140 451,A01,1,7,0,1,1,1,1,
202100034288,140 450,A01,1,7,0,1,1,1,1,
202100034289,140 448,B01,1,7,0,2,1,1,1,
202100034289,140 449,A01,1,7,0,2,1,16,1,
202100034290,140 446,A01,1,7,0,2,1,1,1,
202100034290,140 447,B01,1,7,0,2,4,1,1,
202100034291,140 444,A01,0,7,0,2,2,9,1,
202100034291,140 445,B01,0,10,0,2,6,24,1,
202100034292,140 443,A01,0,14,15,0,1,1,1,
202100034293,140 441,A01,2,33,0,2,1,1,1,
202100034293,140 442,B01,2,7,0,2,8,15,1,
202100034294,140 439,A01,0,43,0,2,1,2,1,
202100034294,140 440,B01,1,7,0,2,2,15,1,
202100034295,140 437,A01,0,7,0,2,1,10,0,
202100034295,140 438,B01,0,33,0,2,8,26,0,
202100034296,140 436,A01,1,7,0,1,7,26,1,
202100034297,140 434,B01,2,7,0,2,8,15,1,
202100034297,140 435,A01,2,34,0,2,1,17,1,
202100034298,140 430,A01,2,3,0,2,3,13,1,
202100034298,140 431,B01,1,10,0,2,6,1,1,
202100034299,140 428,B01,1,10,0,2,8,13,1,
202100034299,140 429,A01,1,33,0,2,1,2,1,
202100034300,140 426,A01,2,7,0,2,3,15,1,
202100034300,140 427,B01,2,7,0,2,2,1,1,
202100034301,140 424,A01,2,7,0,2,1,2,1,
202100034301,140 425,B01,2,7,0,2,4,15,1,
202100034302,140 422,B01,1,7,0,2,1,1,1,
202100034302,140 423,A01,2,7,0,2,3,9,1,
202100034303,140 420,B01,3,50,0,2,8,1,3,
202100034303,140 421,A01,3,7,0,9,2,26,1,
202100034304,140 419,A01,1,7,0,1,3,1,1,
202100034305,140 417,B01,3,32,0,2,1,0,1,
202100034305,140 418,A01,3,7,0,2,3,15,1,
202100034306,140 415,A01,2,7,0,2,4,4,0,
202100034306,140 416,B01,2,2,0,2,1,2,1,
202100034307,140 412,A01,1,33,0,2,1,2,1,
202100034307,140 413,B01,1,7,0,2,5,2,1,
202100034308,140 410,A01,2,33,0,2,7,17,1,
202100034308,140 411,B01,2,10,0,2,8,15,1,
202100034309,140 408,Z01,0,1,0,2,0,7,5,
202100034309,140 409,A01,1,1,0,2,7,19,5,
202100034310,140 406,A01,3,7,0,2,2,16,1,
202100034310,140 407,B01,3,30,0,2,1,2,1,
202100034311,140 404,A01,2,10,0,2,7,16,1,
202100034311,140 405,B01,2,32,0,2,3,1,1,
202100034312,140 402,A01,1,1,0,2,2,1,5,
202100034312,140 403,B01,2,7,0,2,2,15,1,
202100034313,140 400,Z01,1,1,0,2,1,15,5,
202100034313,140 401,A01,2,1,0,2,1,1,5,
202100034314,140 398,A01,2,7,0,2,1,2,1,
202100034314,140 399,B01,2,34,0,2,4,2,1,
202100034315,140 396,B01,1,1,0,2,4,1,0,
202100034315,140 397,A01,1,1,0,2,4,1,0,
202100034316,140 394,B01,3,7,0,2,3,1,1,
202100034316,140 395,A01,3,30,0,2,7,19,1,
202100034317,140 393,A01,2,50,15,1,2,8,3,
202100034318,140 391,B01,1,10,0,2,3,15,1,
202100034318,140 392,A01,1,33,0,2,4,18,1,
202100034319,140 389,A01,2,7,1,2,1,1,1,
202100034319,140 390,B01,2,7,0,2,2,1,1,
202100034320,140 387,A01,0,7,0,9,1,1,1,
202100034320,140 388,B01,3,60,0,2,0,0,5,
202100034321,140 385,B01,1,60,0,2,8,2,5,
202100034321,140 386,A01,1,33,0,2,3,13,1,
202100034322,140 383,B01,3,7,9,2,2,1,1,
202100034322,140 384,A01,3,7,0,2,3,1,1,
202100034323,140 381,A01,1,7,0,0,2,15,1,
202100034323,140 382,B01,1,7,0,0,0,0,1,
202100034324,140 379,A01,1,7,0,2,5,15,1,
202100034324,140 380,B01,2,2,0,2,1,1,1,
202100034325,140 377,B01,0,7,0,2,2,1,1,
202100034325,140 378,A01,0,7,0,2,3,10,1,
202100034326,140 375,A01,3,7,0,2,1,26,1,
202100034326,140 376,B01,3,7,0,2,6,23,1,
202100034327,140 374,A01,1,10,0,1,4,4,1,
202100034328,140 372,B01,1,50,0,2,7,1,3,
202100034328,140 373,A01,1,7,0,9,1,26,1,
202100034329,140 371,A01,1,7,1,0,2,14,1,
202100034330,140 369,B01,2,7,0,0,6,23,1,
202100034330,140 370,A01,2,7,0,2,2,16,1,
202100034331,140 367,B01,2,7,0,2,1,2,1,
202100034331,140 368,A01,2,2,0,2,4,23,1,
202100034332,140 366,A01,3,7,0,0,0,0,1,
202100034333,140 364,B01,3,32,0,2,2,0,0,
202100034333,140 365,A01,1,7,0,2,7,1,6,
202100034334,140 362,A01,1,2,0,2,3,5,1,
202100034334,140 363,B01,2,1,0,2,1,1,5,
202100034335,140 360,B01,1,31,0,2,3,15,1,
202100034335,140 361,A01,2,15,0,2,2,15,0,
202100034336,140 358,B01,2,7,1,2,2,1,1,
202100034336,140 359,A01,1,10,0,2,2,15,1,
202100034337,140 356,A01,1,7,0,2,7,19,1,
202100034337,140 357,B01,1,15,0,2,1,1,1,
202100034338,140 354,A01,2,7,0,0,3,15,1,
202100034338,140 355,B01,2,7,0,2,1,17,1,
202100034339,140 352,B01,3,1,0,2,1,2,5,
202100034339,140 353,A01,3,1,0,0,0,2,5,
202100034340,140 350,C01,2,10,0,0,6,14,1,
202100034340,140 351,A01,2,33,0,2,1,17,1,
202100034341,140 348,A01,1,38,0,2,3,13,1,1.0
202100034341,140 349,B01,2,17,0,2,3,1,1,
202100034342,140 346,B01,2,38,0,2,4,26,1,1.0
202100034342,140 347,A01,2,2,0,2,1,1,1,
202100034343,140 345,A01,0,2,1,0,3,1,1,
202100034344,140 344,A01,1,7,4,0,3,11,1,
202100034345,140 342,B01,3,7,0,2,2,15,1,
202100034345,140 343,A01,3,32,0,2,3,1,1,
202100034346,140 340,A01,2,1,0,0,4,23,6,
202100034346,140 341,B01,2,7,0,0,1,2,1,
202100034347,140 339,A01,0,7,14,0,3,2,1,
202100034348,140 337,A01,1,7,0,2,3,1,1,
202100034348,140 338,B01,2,7,0,2,3,1,1,
202100034349,140 336,A01,3,34,2,0,0,15,1,
202100034350,140 334,A01,1,7,0,2,3,15,1,
202100034350,140 335,B01,2,33,0,2,1,1,1,
202100034351,140 333,A01,1,33,0,0,2,1,1,
202100034352,140 331,B01,1,7,0,2,1,1,1,
202100034352,140 332,A01,3,13,0,2,8,15,1,
202100034353,140 329,B01,1,7,0,2,7,1,1,
202100034353,140 330,A01,1,7,0,2,1,1,1,
202100034354,140 328,A01,2,33,0,0,1,1,1,
202100034355,140 327,A01,2,7,2,0,3,1,1,
202100034356,140 325,B01,2,80,0,2,7,1,3,
202100034356,140 326,A01,1,7,0,9,3,1,1,
202100034357,140 324,A01,2,33,13,0,0,14,1,
202100034358,140 323,A01,1,33,13,0,0,1,1,
202100034359,140 321,B01,1,7,0,2,3,13,1,
202100034359,140 322,A01,2,7,0,2,3,1,1,
202100034360,140 319,B01,3,1,0,2,4,2,5,
202100034360,140 320,A01,3,7,0,2,1,2,1,
202100034361,140 317,A01,1,33,0,2,2,17,1,
202100034361,140 318,B01,1,7,0,2,8,15,1,
202100034362,140 315,B01,2,10,0,2,2,1,1,
202100034362,140 316,A01,1,50,0,2,1,1,3,
202100034363,140 314,A01,1,50,12,0,0,1,3,
202100034364,140 312,B01,0,7,0,2,8,0,1,
202100034364,140 313,A01,3,2,0,2,1,0,1,
202100034365,140 310,B01,3,7,0,2,1,1,1,
202100034365,140 311,A01,3,2,0,2,1,13,0,
202100034366,140 308,A01,1,7,0,2,2,17,1,
202100034366,140 309,B01,2,21,0,2,3,15,1,
202100034367,140 307,A01,2,7,15,0,1,0,1,
202100034368,140 306,A01,2,7,2,0,8,1,1,
202100034369,140 305,A01,1,33,6,0,7,1,1,
202100034370,140 303,B01,1,7,0,2,1,1,1,
202100034370,140 304,A01,2,10,0,2,1,13,1,
202100034371,140 301,B01,1,2,0,2,3,1,1,
202100034371,140 302,A01,1,7,0,2,3,13,1,
202100034372,140 300,A01,2,7,0,0,0,1,1,
202100034373,140 298,B01,2,14,0,2,2,19,1,
202100034373,140 299,A01,1,7,0,2,8,1,1,
202100034374,140 297,A01,1,33,0,0,0,21,1,
202100034375,140 296,A01,1,33,0,0,7,1,1,
202100034376,140 295,A01,2,33,16,0,0,1,1,
202100034377,140 293,A01,1,15,0,4,5,23,1,
202100034377,140 294,B01,1,39,1,2,1,26,1,
202100034378,140 292,A01,2,2,13,0,0,1,1,
202100034379,140 290,A01,1,7,0,2,1,13,1,
202100034379,140 291,B01,2,7,0,2,1,1,1,
202100034380,140 285,A01,1,7,0,2,6,15,1,
202100034380,140 286,B01,1,33,0,2,1,1,1,
202100034381,140 283,A01,1,15,0,9,2,1,1,
202100034381,140 284,B01,1,1,0,2,8,2,6,
202100034382,140 281,B01,1,15,0,0,0,1,1,
202100034382,140 282,A01,1,33,0,0,8,1,1,
202100034383,140 279,C01,2,17,0,2,5,20,1,
202100034383,140 280,A01,2,17,1,0,2,1,1,
202100034384,140 277,A01,1,7,0,2,1,13,1,
202100034384,140 278,B01,3,7,0,2,6,1,1,
202100034385,140 275,B01,0,2,0,2,1,9,0,
202100034385,140 276,A01,0,7,0,9,3,1,1,
202100034386,140 273,A01,1,7,0,2,8,2,1,
202100034386,140 274,B01,1,33,0,2,2,17,1,
202100034387,140 272,A01,2,7,2,0,1,11,1,
202100034388,140 271,A01,2,33,0,0,0,1,1,
202100034389,140 269,A01,1,7,0,2,1,5,1,
202100034389,140 270,B01,2,7,0,2,1,17,1,