Num_Acc,id_vehicule,num_veh,senc,catv,obs,obsm,choc,manv,motor,occutc
202100034390,140 267,B01,1,30,0,2,4,9,1,
202100034390,140 268,A01,1,7,0,2,0,9,1,
202100034391,140 266,A01,2,10,2,0,3,1,1,
202100034392,140 264,B01,1,7,0,2,2,15,3,
202100034392,140 265,A01,2,34,0,2,1,1,1,
202100034393,140 263,A01,3,33,0,6,1,1,1,
202100034394,140 259,B01,2,33,0,2,2,17,1,
202100034394,140 260,A01,2,7,0,2,3,15,1,
202100034395,140 258,A01,3,3,6,0,1,1,3,
202100034396,140 256,B01,2,33,0,2,3,13,1,
202100034396,140 257,A01,2,7,0,2,6,1,1,
202100034397,140 254,A01,3,7,0,2,3,26,1,
202100034397,140 255,B01,3,33,0,2,2,1,1,
202100034398,140 252,A01,1,7,0,2,6,15,1,
202100034398,140 253,B01,1,31,0,2,1,17,1,
202100034399,140 250,A01,1,7,0,0,4,23,1,
202100034399,140 251,B01,1,10,1,0,1,1,1,
202100034400,140 247,C01,1,7,0,2,1,1,1,
202100034400,140 248,A01,1,7,0,2,4,23,1,
202100034400,140 249,B01,1,10,0,2,4,2,1,
202100034401,140 246,A01,2,7,14,0,1,26,1,
202100034402,140 243,A01,1,7,4,2,5,1,1,
202100034402,140 244,B01,1,33,4,2,1,1,1,
202100034402,140 245,Z01,1,7,4,2,0,19,1,
202100034403,140 240,B01,2,7,0,2,6,1,1,
202100034403,140 241,A01,2,7,0,2,1,1,1,
202100034403,140 242,C01,2,7,0,2,4,1,1,
202100034404,140 238,A01,1,7,0,2,5,1,1,
202100034404,140 239,B01,1,7,0,0,0,0,1,
202100034405,140 236,A01,1,14,0,2,2,12,1,
202100034405,140 237,B01,1,7,0,2,6,1,1,
202100034406,140 234,A01,1,33,0,2,8,26,1,
202100034406,140 235,B01,1,7,0,2,7,12,1,
202100034407,140 232,B01,2,7,0,2,4,2,1,
202100034407,140 233,A01,2,7,0,2,1,1,1,
202100034408,140 230,A01,2,33,0,2,3,1,1,
202100034408,140 231,B01,2,7,0,2,5,2,1,
202100034409,140 227,A01,2,10,0,2,1,2,1,
202100034409,140 228,B01,2,7,0,2,4,2,1,
202100034409,140 229,C01,2,7,0,2,4,2,1,
202100034410,140 224,C01,2,10,0,2,4,2,1,
202100034410,140 225,A01,2,10,0,2,1,1,1,
202100034410,140 226,B01,2,10,0,2,4,2,1,
202100034411,140 222,B01,2,7,0,2,4,1,1,
202100034411,140 223,C01,1,7,0,2,1,1,-1,
202100034412,140 221,A01,2,33,0,2,8,9,1,
202100034413,140 220,A01,1,7,4,0,1,0,1,
202100034414,140 218,A01,1,7,0,2,1,2,1,
202100034414,140 219,B01,1,7,0,2,4,2,1,
202100034415,140 217,A01,1,7,14,0,1,1,1,
202100034416,140 215,B01,2,7,0,2,8,11,1,
202100034416,140 216,A01,2,32,0,2,2,3,1,
202100034417,140 213,A01,1,10,0,2,1,2,1,
202100034417,140 214,B01,2,7,0,2,4,2,1,
202100034418,140 211,A01,1,33,0,2,7,3,1,
202100034418,140 212,B01,1,10,0,2,8,0,1,
202100034419,140 209,A01,2,17,0,2,0,2,1,
202100034419,140 210,B01,2,7,0,2,0,0,1,
202100034420,140 206,C01,2,7,0,2,8,1,1,
202100034420,140 207,A01,2,33,0,2,4,3,1,
202100034420,140 208,B01,2,33,0,2,1,3,1,
202100034421,140 204,A01,2,10,0,2,6,1,1,
202100034421,140 205,B01,2,32,0,2,1,2,1,
202100034422,140 202,B01,1,33,0,2,2,3,1,
202100034422,140 203,A01,2,7,0,2,6,11,1,
202100034423,140 198,D01,2,10,0,2,1,0,0,
202100034423,140 199,C01,2,10,0,2,4,0,1,
202100034423,140 200,B01,2,10,0,2,4,0,0,
202100034423,140 201,A01,2,7,0,2,4,0,1,
202100034424,140 197,Z01,1,7,0,1,1,1,1,
202100034425,140 196,A01,2,7,0,1,1,16,1,
202100034426,140 194,A01,1,10,0,2,2,2,1,
202100034426,140 195,B01,1,7,0,2,6,2,1,
202100034427,140 192,A01,2,1,0,2,1,1,5,
202100034427,140 193,B01,1,7,0,2,3,9,1,
202100034428,140 191,A01,2,7,0,1,1,16,1,
202100034429,140 190,A01,0,10,0,1,1,15,1,
202100034430,140 189,A01,1,1,1,0,1,14,5,
202100034431,140 187,B01,2,32,0,2,1,1,1,
202100034431,140 188,A01,2,10,0,2,2,15,1,
202100034432,140 185,Z01,3,10,0,2,3,1,0,
202100034432,140 186,A01,3,30,0,2,2,1,1,
202100034433,140 184,A01,1,1,12,0,1,21,5,
202100034434,140 183,A01,2,30,1,0,8,14,1,
202100034435,140 181,A01,2,30,0,2,3,5,1,
202100034435,140 182,B01,1,7,0,2,3,1,1,
202100034436,140 179,A01,1,2,0,2,8,1,3,
202100034436,140 180,Z01,1,7,0,2,7,17,0,
202100034437,140 177,A01,2,30,0,2,1,2,1,
202100034437,140 178,B01,2,7,0,2,4,23,1,
202100034438,140 175,A01,1,34,0,2,1,1,1,
202100034438,140 176,B01,1,1,0,2,6,15,5,
202100034439,140 173,A01,1,7,3,2,3,9,1,
202100034439,140 174,B01,1,32,0,2,2,1,1,
202100034440,140 171,B01,2,37,0,2,1,7,1,1.0
202100034440,140 172,A01,1,7,0,2,7,15,3,
202100034441,140 169,B01,2,1,0,2,1,1,5,
202100034441,140 170,A01,1,7,0,2,2,15,1,
202100034442,140 167,A01,3,7,0,2,2,9,1,
202100034442,140 168,B01,3,37,0,2,3,1,0,3.0
202100034443,140 166,A01,2,32,4,0,1,1,1,
202100034444,140 164,B01,2,7,0,2,3,20,1,
202100034444,140 165,A01,2,10,0,2,2,21,1,
202100034445,140 163,A01,3,7,1,1,2,1,2,
202100034446,140 161,A01,1,33,0,0,8,1,1,
202100034446,140 162,Z01,1,10,0,0,0,14,1,
202100034447,140 158,C01,3,10,3,0,0,2,1,
202100034447,140 159,A01,3,7,0,2,2,17,1,
202100034447,140 160,B01,3,7,0,2,1,2,1,
202100034448,140 155,A01,3,33,0,2,1,26,1,
202100034448,140 156,B01,3,7,0,2,3,23,1,
202100034448,140 157,C01,3,7,0,2,0,26,2,
202100034449,140 153,B01,3,32,0,2,8,9,1,
202100034449,140 154,A01,-1,7,0,2,7,9,1,
202100034450,140 152,A01,1,7,0,1,1,1,0,
202100034451,140 150,A01,2,7,0,2,3,10,1,
202100034451,140 151,B01,2,1,0,2,1,1,5,
202100034452,140 147,C01,1,33,0,2,1,1,1,
202100034452,140 148,B01,1,34,0,2,1,1,1,
202100034452,140 149,A01,1,7,0,2,8,10,1,
202100034453,140 146,A01,1,7,0,1,1,1,1,
202100034454,140 144,A01,1,32,0,2,1,1,1,
202100034454,140 145,B01,1,7,0,2,3,1,1,
202100034455,140 142,B01,1,2,0,2,1,1,1,
202100034455,140 143,A01,2,7,0,2,4,4,1,
202100034456,140 138,B01,1,7,0,2,1,2,1,
202100034456,140 139,A01,1,7,0,0,4,1,1,
202100034457,140 137,A01,1,1,0,5,1,1,5,
202100034458,140 135,A01,2,7,0,2,2,17,1,
202100034458,140 136,B01,2,1,0,0,8,1,5,
202100034459,140 134,A01,1,7,0,1,3,26,1,
202100034460,140 132,A01,2,33,0,2,1,1,1,
202100034460,140 133,B01,1,10,0,2,3,1,1,
202100034461,140 130,B01,1,33,0,2,7,1,1,
202100034461,140 131,A01,2,10,0,2,1,15,1,
202100034462,140 129,A01,1,7,2,0,5,0,1,
202100034463,140 127,B01,2,7,0,0,5,1,1,
202100034463,140 128,A01,1,7,0,0,1,9,1,
202100034464,140 125,A01,2,7,0,2,1,13,1,
202100034464,140 126,B01,1,7,0,2,1,1,1,
202100034465,140 123,B01,1,1,0,2,4,15,5,
202100034465,140 124,A01,2,7,0,2,3,2,1,
202100034466,140 121,A01,2,7,0,2,2,12,1,
202100034466,140 122,B01,2,7,0,0,3,1,1,
202100034467,140 120,A01,1,7,3,0,1,1,1,
202100034468,140 114,A01,2,10,0,2,1,2,1,
202100034468,140 115,D01,2,10,0,2,1,2,1,
202100034468,140 116,C01,2,7,0,2,1,2,1,
202100034468,140 117,B01,2,7,0,2,1,2,0,
202100034469,140 112,B01,1,33,0,2,7,17,1,
202100034469,140 113,A01,1,7,0,2,8,13,1,
202100034470,140 110,B01,1,21,0,2,3,1,1,
202100034470,140 111,A01,2,7,0,2,3,5,1,
202100034471,140 107,C01,1,10,13,2,8,1,1,
202100034471,140 108,A01,2,7,0,2,3,13,0,
202100034471,140 109,B01,2,7,0,2,3,1,1,
202100034472,140 105,A01,1,7,0,2,2,15,1,
202100034472,140 106,B01,2,1,0,2,1,1,5,
202100034473,140 103,A01,2,7,0,0,0,23,1,
202100034473,140 104,B01,1,1,0,0,0,21,5,
202100034474,140 101,B01,0,1,0,2,1,26,5,
202100034474,140 102,A01,1,7,0,9,1,26,1,
202100034475,140 099,A01,3,7,0,2,7,15,1,
202100034475,140 100,B01,2,1,0,2,1,1,5,
202100034476,140 098,A01,2,33,0,0,0,1,1,
202100034477,140 096,B01,2,1,0,2,6,1,5,
202100034477,140 097,A01,2,7,0,2,2,1,1,
202100034478,140 095,A01,1,33,0,0,0,1,1,
202100034479,140 094,A01,1,36,13,0,0,1,1,
202100034480,140 093,A01,1,15,0,0,7,2,1,
202100034481,140 092,A01,1,31,12,0,0,1,1,
202100034482,140 090,A01,1,7,0,2,1,17,1,
202100034482,140 091,B01,2,7,0,2,1,1,1,
202100034483,140 089,A01,3,50,10,0,0,0,3,
202100034484,140 087,B01,1,33,0,2,1,2,1,
202100034484,140 088,A01,1,7,0,2,8,15,1,
202100034485,140 085,A01,2,7,0,2,7,15,1,
202100034485,140 086,B01,1,7,0,2,1,1,1,
202100034486,140 083,A01,1,7,1,0,2,1,1,
202100034486,140 084,B01,1,7,1,0,6,24,1,
202100034487,140 081,B01,0,7,0,2,5,2,1,
202100034487,140 082,A01,3,2,0,2,1,2,1,
202100034488,140 079,B01,1,33,0,2,1,1,1,
202100034488,140 080,A01,2,7,0,2,5,15,1,
202100034489,140 078,A01,2,2,12,0,1,1,1,
202100034490,140 077,A01,2,32,11,0,1,6,1,
202100034491,140 075,B01,1,2,0,2,1,2,1,
202100034491,140 076,A01,1,10,0,2,2,2,1,
202100034492,140 074,A01,1,2,8,0,1,1,0,
202100034493,140 072,A01,1,7,0,2,3,15,1,
202100034493,140 073,B01,2,32,0,2,2,1,1,
202100034494,140 071,A01,1,2,8,0,1,1,1,
202100034495,140 068,A01,0,10,0,2,3,19,1,
202100034495,140 069,B01,1,7,0,2,2,1,1,
202100034496,140 065,A01,1,7,0,2,1,1,1,
202100034496,140 066,B01,1,7,0,0,4,1,1,
202100034496,140 067,C01,1,7,0,0,4,1,1,
202100034497,140 064,A01,2,33,6,0,1,1,1,
202100034498,140 060,A01,1,1,0,9,4,2,5,
202100034498,140 061,B01,1,1,0,9,1,2,5,
202100034498,140 062,C01,1,1,0,9,1,2,5,
202100034498,140 063,D01,1,1,0,9,1,2,5,
202100034499,140 059,A01,2,31,0,0,0,1,1,
202100034500,140 057,B01,1,7,0,2,7,1,1,
202100034500,140 058,A01,2,7,0,2,1,1,1,
202100034501,140 055,B01,1,1,0,2,1,1,5,
202100034501,140 056,A01,2,7,0,2,3,15,1,
202100034502,140 053,B01,2,7,0,2,3,1,1,
202100034502,140 054,A01,1,34,0,2,3,1,1,
202100034503,140 052,A01,1,7,0,0,9,1,1,
202100034504,140 051,A01,1,33,8,0,1,1,1,
202100034505,140 049,B01,0,1,0,2,1,1,5,
202100034505,140 050,A01,0,7,0,9,8,9,1,
202100034506,140 048,A01,3,2,0,0,0,1,1,
202100034507,140 046,A01,1,7,8,2,7,19,1,
202100034507,140 047,B01,1,7,0,2,1,1,1,
202100034508,140 044,B01,1,10,0,2,3,1,1,
202100034508,140 045,A01,2,7,0,2,3,1,1,
202100034509,140 042,A01,1,7,0,2,2,15,1,
202100034509,140 043,B01,2,2,0,2,1,1,1,
202100034510,140 040,B01,2,7,0,2,8,1,1,
202100034510,140 041,A01,1,7,0,2,3,1,1,
202100034511,140 039,A01,2,10,3,0,2,0,1,
202100034512,140 037,B01,2,43,0,2,1,1,1,
202100034512,140 038,A01,1,7,0,0,3,15,1,
202100034513,140 036,A01,2,7,4,0,9,2,1,
202100034514,140 033,C01,2,1,0,2,4,2,5,
202100034514,140 034,B01,2,1,0,2,4,2,5,
202100034514,140 035,A01,2,7,0,2,1,2,1,
202100034515,140 032,A01,0,33,0,0,0,1,1,
202100034516,140 030,B01,2,7,0,2,5,19,1,
202100034516,140 031,A01,2,32,0,2,1,1,1,
202100034517,140 028,A01,1,7,0,2,1,5,1,
202100034517,140 029,B01,2,2,0,2,1,5,1,
202100034518,140 027,A01,2,33,2,0,8,1,1,
202100034519,140 026,A01,2,33,0,0,2,0,1,
202100034520,140 025,A01,2,1,0,0,0,0,5,
202100034521,140 024,A01,3,1,0,0,0,1,5,
202100034522,140 022,B01,1,7,0,2,7,19,1,
202100034522,140 023,A01,2,7,0,2,2,1,1,
202100034523,140 020,A01,1,33,0,2,1,14,1,
202100034523,140 021,B01,2,33,0,2,1,1,0,
202100034524,140 018,A01,2,7,0,9,1,1,1,
202100034524,140 019,B01,0,1,0,2,8,19,5,
202100034525,140 016,A01,0,7,0,2,2,2,1,
202100034525,140 017,B01,0,1,0,2,4,2,5,
202100034526,140 015,A01,1,7,0,1,8,1,0,
202100034527,140 013,B01,1,33,0,2,1,16,1,
202100034527,140 014,A01,2,10,0,2,3,13,0,
202100034528,140 011,B01,0,21,0,2,3,1,1,
202100034528,140 012,A01,3,7,0,2,3,15,1,
202100034529,140 009,B01,1,33,0,2,1,3,1,
202100034529,140 010,A01,1,7,0,2,8,10,1,
202100034530,140 007,A01,0,7,0,2,1,5,1,
202100034530,140 008,B01,0,15,0,2,1,1,1,
202100034531,140 006,A01,2,7,2,0,3,17,1,
202100034532,140 005,A01,2,7,1,0,2,1,1,
202100034533,140 003,A01,1,7,1,0,1,1,1,
202100034534,140 002,A01,2,33,9,0,3,1,1,
202100034535,140 001,A01,1,33,4,0,3,0,1,
202100034536,139 998,A01,1,10,3,2,2,14,1,
202100034536,139 999,B01,1,7,0,2,6,1,1,
202100034536,140 000,C01,1,10,0,2,5,1,1,
202100034537,139 995,A01,2,15,0,2,2,0,1,
202100034537,139 996,B01,2,7,0,2,5,0,1,
202100034537,139 997,C01,2,7,0,2,1,0,1,
202100034538,139 993,B01,2,7,0,2,8,1,1,
202100034538,139 994,A01,2,17,0,2,2,12,1,
202100034539,139 992,A01,1,7,3,0,9,2,1,
202100034540,139 990,A01,2,7,0,2,1,2,1,
202100034540,139 991,B01,2,10,0,2,4,2,1,
202100034541,139 987,A01,1,7,0,2,1,2,1,
202100034541,139 988,B01,1,10,0,2,4,2,1,
202100034541,139 989,C01,1,10,0,2,4,2,1,
202100034542,139 984,A01,2,7,0,2,4,2,1,
202100034542,139 985,B01,2,7,0,2,1,2,1,
202100034542,139 986,C01,2,10,0,2,0,0,1,
202100034543,139 982,B01,1,7,0,2,4,2,1,
202100034543,139 983,A01,1,17,0,2,1,2,1,
202100034544,139 979,A01,2,7,0,2,1,2,1,
202100034544,139 980,B01,2,10,0,2,4,2,1,
202100034544,139 981,C01,2,14,0,2,4,2,1,
202100034545,139 977,A01,2,7,0,2,1,2,1,
202100034545,139 978,B01,2,7,0,2,4,1,1,
202100034546,139 975,A01,2,7,0,2,1,1,1,
202100034546,139 976,B01,2,7,0,2,5,11,1,
202100034547,139 973,B01,2,7,0,2,8,2,1,
202100034547,139 974,A01,2,33,0,2,7,14,1,
202100034548,139 967,A01,2,7,0,1,2,1,1,
202100034549,139 966,A01,3,7,0,1,2,1,2,
202100034550,139 965,A01,1,50,0,1,1,1,3,
202100034551,139 964,A01,1,7,0,1,1,1,1,
202100034552,139 962,B01,2,31,0,2,8,17,1,
202100034552,139 963,A01,2,7,0,2,8,15,1,
202100034553,139 960,B01,1,7,0,2,1,1,1,
202100034553,139 961,A01,1,1,0,2,8,1,5,
202100034554,139 958,B01,1,30,8,2,3,1,1,
202100034554,139 959,A01,2,7,0,2,1,1,1,
202100034555,139 956,A01,1,34,0,2,1,1,1,
202100034555,139 957,B01,1,7,0,2,2,15,1,
202100034556,139 954,B01,1,33,8,2,1,1,1,
202100034556,139 955,A01,2,7,0,2,5,15,1,
202100034557,139 951,C01,2,7,0,2,0,0,1,
202100034557,139 952,B01,2,33,0,2,0,0,1,
202100034557,139 953,A01,2,43,0,2,3,18,1,
202100034558,139 950,A01,3,7,0,1,4,4,1,
202100034559,139 948,B01,1,7,0,2,4,23,1,
202100034559,139 949,A01,1,2,0,2,1,2,1,
202100034560,139 945,C01,2,7,0,2,4,2,1,
202100034560,139 946,B01,2,7,0,2,4,2,1,
202100034560,139 947,A01,2,7,0,2,2,2,1,
202100034561,139 941,A01,2,7,0,2,3,1,1,
202100034561,139 942,B01,1,43,0,2,1,17,1,
202100034562,139 938,A01,3,10,0,2,3,1,1,
202100034562,139 939,C01,3,7,0,2,7,1,1,
202100034562,139 940,B01,3,7,0,2,1,16,1,
202100034563,139 936,B01,1,50,0,2,1,1,3,
202100034563,139 937,A01,1,33,0,9,7,1,1,
202100034564,139 934,A01,1,7,0,2,7,16,1,
202100034564,139 935,B01,1,1,0,2,8,1,5,
202100034565,139 933,A01,3,50,0,0,0,0,3,
202100034566,139 932,A01,3,7,8,0,0,1,1,
202100034567,139 930,B01,2,1,0,2,4,1,5,
202100034567,139 931,A01,2,32,0,2,1,1,1,
202100034568,139 928,B01,1,7,0,2,1,1,1,
202100034568,139 929,A01,2,7,0,2,7,15,1,
202100034569,139 926,B01,2,7,0,2,6,15,1,
202100034569,139 927,A01,2,7,0,2,1,1,1,
202100034570,139 924,B01,3,7,0,2,1,1,1,
202100034570,139 925,A01,3,7,0,2,2,19,1,
202100034571,139 923,A01,3,10,6,0,0,2,1,
202100034572,139 921,B01,3,1,0,2,1,1,2,
202100034572,139 922,A01,3,7,0,2,8,9,1,
202100034573,139 920,A01,1,30,0,0,0,1,1,
202100034574,139 918,A01,3,7,0,2,1,16,1,
202100034574,139 919,B01,3,7,0,2,7,1,1,
202100034575,139 914,C01,0,7,0,2,4,2,1,
202100034575,139 915,D01,0,7,0,0,4,2,1,
202100034575,139 916,A01,0,7,0,2,1,12,1,
202100034575,139 917,B01,0,7,0,0,4,23,1,
202100034576,139 913,A01,2,7,0,1,3,1,1,
202100034577,139 911,A01,3,7,0,0,5,0,1,
202100034577,139 912,B01,3,1,0,0,1,0,5,
202100034578,139 909,B01,2,50,0,2,1,19,3,
202100034578,139 910,A01,1,7,0,2,1,2,1,
202100034579,139 906,A01,2,0,0,2,1,26,0,
202100034579,139 907,B01,2,1,0,2,4,1,0,
202100034579,139 908,C01,2,1,0,2,4,1,0,
202100034580,139 904,B01,1,80,1,0,1,1,3,
202100034580,139 905,A01,1,7,0,2,8,23,1,
202100034581,139 902,B01,3,2,8,0,6,1,1,
202100034581,139 903,A01,0,7,0,2,3,15,1,
202100034582,139 901,A01,0,7,0,1,3,26,1,
202100034583,139 899,B01,1,32,0,2,1,1,1,
202100034583,139 900,A01,2,7,0,2,7,15,1,
202100034584,139 897,Z01,0,7,0,2,6,10,1,
202100034584,139 898,B01,0,33,0,2,1,15,1,
202100034585,139 896,A01,1,20,8,0,1,1,1,
202100034586,139 894,A01,2,7,0,2,1,13,1,
202100034586,139 895,B01,1,7,0,2,2,13,1,
202100034587,139 891,B01,1,7,0,2,8,9,1,
202100034587,139 892,A01,3,30,0,2,1,18,1,
202100034587,139 893,C01,1,7,0,2,0,1,1,
202100034588,139 889,B01,2,1,0,2,1,1,5,
202100034588,139 890,A01,1,7,0,2,3,15,1,
202100034589,139 887,A01,1,7,0,2,7,15,1,
202100034589,139 888,B01,1,7,0,2,2,1,1,
202100034590,139 884,A01,1,33,0,0,7,26,1,
202100034591,139 882,B01,3,1,0,2,7,1,5,
202100034591,139 883,A01,3,7,0,2,1,9,1,
202100034592,139 879,B01,1,7,0,2,1,1,1,
202100034592,139 880,C01,1,7,0,2,4,1,1,
202100034592,139 881,A01,1,7,0,2,1,2,3,
202100034593,139 878,A01,3,34,8,1,1,1,1,
202100034594,139 876,A01,2,32,14,2,2,17,1,
202100034594,139 877,B01,2,3,0,0,3,15,0,
202100034595,139 874,A01,2,7,0,2,1,2,1,
202100034595,139 875,B01,1,2,0,2,7,15,1,
202100034596,139 872,A01,1,7,0,2,3,3,1,
202100034596,139 873,B01,2,10,0,2,3,1,1,
202100034597,139 871,A01,1,1,0,1,8,1,5,
202100034598,139 869,B01,1,33,0,2,1,13,1,
202100034598,139 870,A01,1,7,0,2,8,10,1,
202100034599,139 867,A01,1,7,0,2,5,12,1,
202100034599,139 868,B01,1,1,0,2,1,1,0,
202100034600,139 866,A01,2,7,0,1,1,1,1,
202100034601,139 864,B01,3,33,0,0,4,0,1,
202100034601,139 865,A01,3,7,0,2,1,1,1,
202100034602,139 862,Z01,3,7,0,0,0,11,1,
202100034602,139 863,A01,3,33,12,0,3,21,1,
202100034603,139 861,A01,1,30,16,0,0,1,1,
202100034604,139 858,A01,2,7,0,2,1,2,1,
202100034604,139 859,B01,2,10,0,2,4,2,1,
202100034604,139 860,C01,2,7,0,2,4,2,1,
202100034605,139 856,A01,1,32,0,2,7,3,1,
202100034605,139 857,B01,1,7,0,2,8,11,1,
202100034606,139 855,A01,1,33,1,1,1,1,1,
202100034607,139 853,Z01,3,7,0,2,0,1,0,
202100034607,139 854,A01,3,30,0,2,0,1,1,
202100034608,139 851,A01,1,7,0,2,1,16,1,
202100034608,139 852,B01,2,50,0,2,0,19,3,
202100034609,139 850,A01,0,1,0,2,1,1,5,
202100034610,139 848,B01,1,30,0,2,7,14,1,
202100034610,139 849,A01,1,30,0,2,8,1,1,
202100034611,139 846,A01,2,7,0,2,6,9,1,
202100034611,139 847,B01,2,30,0,2,1,1,1,
202100034612,139 845,A01,3,34,12,0,1,14,1,
202100034613,139 844,A01,1,32,0,0,0,21,1,
202100034614,139 842,Z01,0,30,0,2,1,1,0,
202100034614,139 843,A01,2,1,0,2,2,1,5,
202100034615,139 840,A01,1,30,0,2,1,2,1,
202100034615,139 841,B01,1,7,0,2,4,23,1,
202100034616,139 837,B01,1,7,0,2,4,2,3,
202100034616,139 838,A01,1,7,0,2,1,2,1,
202100034616,139 839,C01,1,7,0,2,4,23,1,
202100034617,139 835,B01,1,33,0,2,8,7,1,
202100034617,139 836,A01,1,7,0,2,2,16,2,
202100034618,139 834,A01,2,30,0,0,1,7,3,
202100034619,139 832,A01,2,50,0,2,8,5,3,
202100034619,139 833,B01,1,7,0,2,3,1,1,
202100034620,139 831,A01,1,7,0,1,1,1,1,
202100034621,139 830,A01,2,33,0,1,3,0,1,
202100034622,139 828,B01,1,7,0,2,1,1,1,
202100034622,139 829,A01,1,7,0,2,3,1,6,
202100034623,139 826,A01,2,7,0,2,2,1,1,
202100034623,139 827,B01,1,60,0,2,7,19,5,
202100034624,139 824,A01,1,7,0,2,1,9,1,
202100034624,139 825,B01,1,31,0,2,1,0,1,
202100034625,139 822,B01,0,50,0,0,8,0,3,
202100034625,139 823,A01,1,7,0,2,1,1,1,
202100034626,139 820,A01,1,7,0,0,0,0,0,
202100034626,139 821,B01,3,1,0,2,1,1,0,
202100034627,139 818,B01,2,1,0,2,1,1,0,
202100034627,139 819,A01,1,7,0,9,7,15,1,
202100034628,139 815,C01,3,7,0,2,6,1,1,
202100034628,139 816,B01,3,7,0,2,2,1,1,
202100034628,139 817,A01,0,33,0,2,3,3,1,
202100034629,139 814,A01,2,7,0,1,3,1,1,
202100034630,139 812,A01,3,32,0,2,3,15,1,
202100034630,139 813,B01,0,3,0,0,0,0,0,
202100034631,139 811,A01,2,7,0,1,1,1,2,
202100034632,139 810,A01,3,33,0,1,3,1,1,
202100034633,139 809,A01,1,7,2,0,1,14,1,
202100034634,139 808,A01,1,33,15,9,1,14,1,
202100034635,139 807,A01,1,7,2,0,2,0,1,
202100034636,139 805,A01,1,7,0,9,1,2,1,
202100034636,139 806,B01,1,1,0,0,4,2,5,
202100034637,139 803,B01,2,7,0,2,3,1,1,
202100034637,139 804,A01,1,7,0,2,1,13,1,
202100034638,139 801,B01,2,1,0,2,1,1,5,
202100034638,139 802,A01,1,7,0,2,2,15,1,
202100034639,139 799,B01,2,1,0,2,4,2,5,
202100034639,139 800,A01,2,7,0,2,2,17,1,
202100034640,139 798,A01,1,7,2,0,1,0,1,
202100034641,139 797,A01,1,7,0,0,9,0,1,
202100034642,139 796,A01,1,7,8,0,2,1,1,
202100034643,139 794,B01,2,2,0,0,4,2,1,
202100034643,139 795,A01,2,7,0,2,1,2,2,
202100034644,139 792,B01,1,7,0,2,3,1,1,
202100034644,139 793,A01,2,7,0,2,3,13,1,
202100034645,139 790,A01,2,10,0,2,2,12,1,
202100034645,139 791,B01,2,7,0,2,4,1,1,
202100034646,139 789,A01,0,2,3,0,1,1,1,
202100034647,139 788,A01,1,7,0,1,7,1,1,
202100034648,139 786,B01,2,7,0,9,2,1,1,
202100034648,139 787,A01,0,50,0,2,2,15,3,
202100034649,139 784,B01,1,1,0,2,0,1,5,
202100034649,139 785,A01,2,7,0,2,1,1,1,
202100034650,139 783,A01,1,7,8,0,1,14,1,
202100034651,139 782,A01,3,33,0,0,0,0,0,
202100034652,139 781,A01,3,2,0,0,8,1,1,
202100034653,139 780,A01,3,50,0,0,0,1,3,
202100034654,139 776,A01,3,7,0,0,0,1,1,
202100034654,139 777,B01,3,1,0,2,0,1,6,
202100034655,139 775,A01,1,7,13,0,1,1,1,
202100034656,139 772,A01,3,1,0,2,1,9,5,
202100034656,139 773,B01,2,7,0,2,7,1,1,
202100034657,139 771,A01,1,33,0,0,1,1,1,
202100034658,139 769,A01,1,7,13,2,1,15,1,
202100034658,139 770,B01,2,7,0,2,1,1,1,
202100034659,139 767,B01,1,33,0,2,1,1,1,
202100034659,139 768,A01,1,7,0,2,8,19,1,
202100034660,139 765,B01,2,13,0,2,3,1,1,
202100034660,139 766,A01,1,7,0,2,3,13,1,
202100034661,139 764,A01,1,33,8,0,1,1,1,
202100034662,139 763,A01,2,7,2,0,0,13,1,
202100034663,139 761,B01,3,7,0,2,3,1,1,
202100034663,139 762,A01,3,1,0,2,1,13,5,
202100034664,139 760,A01,3,60,0,0,0,1,5,
202100034665,139 759,A01,2,1,0,0,1,1,5,
202100034666,139 757,A01,0,7,0,2,3,13,1,
202100034666,139 758,B01,0,7,0,2,3,1,1,
202100034667,139 755,A01,1,7,0,2,1,5,1,
202100034667,139 756,B01,2,1,0,2,1,1,5,
202100034668,139 754,A01,2,7,8,0,9,1,1,
202100034669,139 753,A01,1,1,0,5,1,1,5,
202100034670,139 751,B01,1,7,0,2,1,1,1,
202100034670,139 752,A01,2,7,0,2,1,5,1,
202100034671,139 750,A01,3,7,0,1,4,26,0,
202100034672,139 749,A01,2,2,2,0,1,0,1,
202100034673,139 748,A01,1,7,2,0,1,1,1,
202100034674,139 745,B01,3,7,0,9,6,23,1,
202100034674,139 746,A01,3,10,0,2,2,1,1,
202100034674,139 747,C01,3,50,0,0,8,19,3,
202100034675,139 744,A01,1,2,9,0,1,1,1,
202100034676,139 743,A01,2,33,0,0,2,1,1,
202100034677,139 741,B01,1,10,0,2,2,17,1,
202100034677,139 742,A01,1,1,0,2,8,0,5,
202100034678,139 739,A01,1,7,0,2,5,17,1,
202100034678,139 740,B01,1,1,0,2,3,1,6,
202100034679,139 737,A01,0,7,12,2,1,5,1,
202100034679,139 738,B01,0,7,12,2,1,1,1,
202100034680,139 736,A01,1,31,0,0,8,1,1,
202100034681,139 734,B01,0,36,0,2,2,1,1,
202100034681,139 735,A01,0,31,0,2,1,1,1,
202100034682,139 732,B01,3,7,0,2,9,0,1,