Num_Acc,id_vehicule,num_veh,senc,catv,obs,obsm,choc,manv,motor,occutc
202100034682,139 733,A01,3,7,7,2,2,9,1,
202100034683,139 730,A01,0,7,0,2,1,26,1,
202100034683,139 731,B01,3,7,0,2,2,1,1,
202100034684,139 728,B01,0,30,0,2,4,2,1,
202100034684,139 729,A01,0,7,0,2,1,2,0,
202100034685,139 726,B01,2,2,0,2,4,15,1,
202100034685,139 727,A01,2,10,0,2,2,17,1,
202100034686,139 724,A01,3,10,0,2,3,1,1,
202100034686,139 725,B01,3,30,0,2,1,1,1,
202100034687,139 723,A01,1,17,13,0,3,1,1,
202100034688,139 721,B01,1,10,1,0,2,1,1,
202100034688,139 722,A01,1,7,0,2,8,24,1,
202100034689,139 719,B01,2,7,0,2,1,2,1,
202100034689,139 720,A01,2,7,0,0,4,23,1,
202100034690,139 718,A01,2,15,0,1,2,1,1,
202100034691,139 716,B01,2,7,0,9,3,9,1,
202100034691,139 717,A01,3,1,0,2,1,1,5,
202100034692,139 714,B01,1,10,0,0,4,2,1,
202100034692,139 715,A01,1,7,4,2,1,2,1,
202100034693,139 713,A01,3,10,0,0,3,1,1,
202100034694,139 711,B01,1,2,0,2,8,15,1,
202100034694,139 712,A01,1,7,0,2,2,1,1,
202100034695,139 708,B01,2,15,1,0,2,1,1,
202100034695,139 709,C01,2,7,0,2,1,1,1,
202100034695,139 710,A01,2,10,0,0,4,23,1,
202100034696,139 706,A01,1,7,0,2,6,1,1,
202100034696,139 707,B01,2,7,0,2,3,16,1,
202100034697,139 704,A01,1,33,0,2,1,1,1,
202100034697,139 705,B01,2,7,0,2,1,1,1,
202100034698,139 702,A01,3,7,0,0,2,15,1,
202100034698,139 703,B01,3,33,0,0,3,1,1,
202100034699,139 700,A01,1,38,0,2,3,1,1,1.0
202100034699,139 701,B01,2,14,0,2,3,1,1,
202100034700,139 699,A01,2,7,10,0,2,14,1,
202100034701,139 697,B01,1,33,0,2,2,5,1,
202100034701,139 698,A01,2,15,0,2,1,1,1,
202100034702,139 695,B01,2,1,0,0,7,1,5,
202100034702,139 696,A01,0,7,0,2,1,9,1,
202100034703,139 693,A01,2,7,0,2,7,1,1,
202100034703,139 694,B01,2,1,0,2,8,1,5,
202100034704,139 692,A01,2,7,13,0,9,1,1,
202100034705,139 690,B01,1,10,0,2,3,15,1,
202100034705,139 691,A01,1,33,0,2,1,17,1,
202100034706,139 688,B01,3,2,0,2,1,13,1,
202100034706,139 689,A01,3,10,0,2,1,1,1,
202100034707,139 686,A01,1,7,0,2,1,1,1,
202100034707,139 687,B01,2,7,0,2,1,1,1,
202100034708,139 684,B01,0,7,0,2,7,1,1,
202100034708,139 685,A01,0,7,0,2,1,19,1,
202100034709,139 683,A01,2,33,14,0,1,0,1,
202100034710,139 680,A01,1,7,0,2,4,2,1,
202100034710,139 681,B01,1,7,0,2,1,2,1,
202100034710,139 682,C01,1,7,0,2,1,2,1,
202100034711,139 678,B01,1,43,0,2,1,1,1,
202100034711,139 679,A01,1,7,0,2,5,2,1,
202100034712,139 676,A01,1,7,0,2,4,2,1,
202100034712,139 677,B01,1,7,0,2,1,2,1,
202100034713,139 674,A01,1,34,0,2,4,1,1,
202100034713,139 675,B01,1,7,0,2,1,1,1,
202100034714,139 672,B01,1,7,0,2,5,1,1,
202100034714,139 673,A01,1,43,0,2,3,3,1,
202100034715,139 668,T01,2,7,0,0,0,2,1,
202100034715,139 669,C01,1,7,0,9,1,1,1,
202100034715,139 670,A01,2,7,0,2,1,18,1,
202100034715,139 671,B01,2,7,0,2,5,12,1,
202100034716,139 666,A01,1,7,4,2,2,14,1,
202100034716,139 667,B01,2,7,0,9,1,1,1,
202100034717,139 662,A01,1,7,0,2,1,2,1,
202100034717,139 663,B01,1,7,0,2,4,2,1,
202100034717,139 664,C01,1,7,0,2,4,2,1,
202100034717,139 665,D01,1,7,0,2,4,2,1,
202100034718,139 660,B01,2,7,0,2,3,11,1,
202100034718,139 661,A01,2,43,0,2,1,3,1,
202100034719,139 658,A01,2,7,0,2,2,1,1,
202100034719,139 659,B01,2,7,0,2,6,1,1,
202100034720,139 655,A01,1,33,0,2,1,3,1,
202100034720,139 656,B01,1,7,0,2,6,1,1,
202100034720,139 657,C01,1,7,0,2,5,1,1,
202100034721,139 652,A01,1,7,0,2,1,11,1,
202100034721,139 653,B01,1,7,0,2,1,2,1,
202100034721,139 654,C01,1,7,0,2,4,2,1,
202100034722,139 650,B01,2,7,0,2,0,26,1,
202100034722,139 651,A01,2,7,0,2,0,26,1,
202100034723,139 647,C01,1,7,0,2,0,0,1,
202100034723,139 648,A01,1,7,0,2,1,26,1,
202100034723,139 649,B01,1,7,0,2,4,26,1,
202100034724,139 646,A01,1,7,4,0,9,0,1,
202100034725,139 643,A01,2,7,0,2,1,1,1,
202100034725,139 644,B01,1,7,0,2,4,2,1,
202100034725,139 645,C01,1,7,0,2,4,2,1,
202100034726,139 640,A01,2,7,0,2,1,1,1,
202100034726,139 641,B01,2,7,0,2,4,2,1,
202100034726,139 642,C01,2,7,0,2,4,2,1,
202100034727,139 639,A01,2,7,4,0,9,14,1,
202100034728,139 637,A01,2,7,0,2,1,2,2,
202100034728,139 638,B01,2,33,0,2,4,2,1,
202100034729,139 634,C01,2,34,0,2,1,1,1,
202100034729,139 635,B01,2,7,0,2,6,1,2,
202100034729,139 636,A01,2,15,0,2,5,12,1,
202100034730,139 633,A01,2,7,4,0,3,13,1,
202100034731,139 632,A01,2,33,0,2,2,1,1,
202100034732,139 630,B01,1,10,0,2,4,11,1,
202100034732,139 631,A01,1,33,0,2,1,9,1,
202100034733,139 628,B01,1,7,0,9,7,1,1,
202100034733,139 629,A01,1,2,0,9,1,1,1,
202100034734,139 626,Z01,2,7,0,2,0,16,1,
202100034734,139 627,A01,2,1,0,2,0,0,5,
202100034735,139 623,A01,2,7,9,2,1,1,1,
202100034735,139 624,C01,2,1,0,2,8,1,0,
202100034735,139 625,B01,2,32,0,2,8,1,1,
202100034736,139 621,B01,2,7,0,2,1,1,1,
202100034736,139 622,A01,1,80,0,2,8,1,3,
202100034737,139 620,A01,1,30,0,0,0,1,1,
202100034738,139 618,A01,3,30,0,2,1,17,1,
202100034738,139 619,B01,0,7,0,2,8,15,1,
202100034739,139 616,B01,3,1,0,2,0,0,5,
202100034739,139 617,A01,2,10,0,2,7,16,1,
202100034740,139 615,A01,1,33,0,0,7,14,1,
202100034741,139 613,A01,1,7,0,1,1,1,1,
202100034742,139 611,A01,2,7,0,2,3,2,1,
202100034742,139 612,B01,2,7,1,2,4,2,1,
202100034743,139 609,A01,1,30,0,2,1,15,1,
202100034743,139 610,X01,1,7,0,2,0,0,0,
202100034744,139 607,B01,0,32,0,2,2,1,1,
202100034744,139 608,A01,1,7,0,2,3,9,0,
202100034745,139 605,B01,2,33,0,2,4,1,1,
202100034745,139 606,A01,1,7,0,2,3,9,1,
202100034746,139 601,A01,2,30,0,1,1,1,1,
202100034747,139 600,A01,0,7,0,1,2,0,1,
202100034748,139 598,B01,2,1,0,2,1,1,0,
202100034748,139 599,A01,1,10,0,2,8,15,1,
202100034749,139 597,A01,2,2,12,0,0,1,1,
202100034750,139 593,A01,2,7,0,2,1,2,1,
202100034750,139 594,B01,2,7,0,2,4,2,1,
202100034750,139 595,C01,2,7,0,2,4,2,1,
202100034750,139 596,D01,2,7,14,0,4,2,1,
202100034751,139 592,A01,1,7,0,1,1,2,1,
202100034752,139 591,A01,1,7,0,1,1,26,2,
202100034753,139 590,A01,2,10,0,1,3,1,1,
202100034754,139 588,A01,2,7,0,2,8,10,-1,
202100034754,139 589,B01,1,7,0,2,1,1,-1,
202100034755,139 587,A01,2,33,0,0,0,1,1,
202100034756,139 585,A01,2,30,0,2,7,19,1,
202100034756,139 586,B01,2,7,0,2,8,1,1,
202100034757,139 583,B01,2,32,0,2,6,21,1,
202100034757,139 584,A01,2,7,0,2,2,12,1,
202100034758,139 582,A01,1,7,1,0,2,2,1,
202100034759,139 580,A01,2,7,0,2,3,10,1,
202100034759,139 581,B01,2,33,0,2,2,2,1,
202100034760,139 578,A01,2,7,15,2,4,26,1,
202100034760,139 579,B01,2,7,0,2,2,26,1,
202100034761,139 577,A01,1,7,16,0,1,14,1,
202100034762,139 575,B01,2,7,0,0,0,0,1,
202100034762,139 576,A01,1,34,0,2,3,17,1,
202100034763,139 573,B01,3,31,0,2,8,1,1,
202100034763,139 574,Z01,1,7,0,2,1,15,0,
202100034764,139 571,B01,1,7,0,2,8,0,1,
202100034764,139 572,A01,2,7,0,2,1,13,1,
202100034765,139 570,A01,1,31,1,0,1,1,1,
202100034766,139 568,B01,3,7,0,2,1,1,1,
202100034766,139 569,A01,0,1,0,2,5,1,5,
202100034767,139 567,A01,3,7,0,1,3,1,1,
202100034768,139 566,A01,1,33,8,0,1,14,1,
202100034769,139 564,A01,2,33,0,2,1,1,0,
202100034769,139 565,B01,1,7,0,2,8,15,1,
202100034770,139 563,A01,2,7,0,1,3,9,1,
202100034771,139 561,B01,2,7,0,2,3,2,1,
202100034771,139 562,A01,2,32,0,2,2,17,1,
202100034772,139 560,A01,1,7,1,0,3,13,1,
202100034773,139 558,B01,1,7,0,2,4,2,1,
202100034773,139 559,A01,1,7,0,2,1,2,1,
202100034774,139 554,B01,2,7,0,2,2,13,2,
202100034774,139 555,A01,1,7,0,2,1,9,1,
202100034774,139 556,C01,3,7,1,0,6,0,1,
202100034774,139 557,D01,3,7,1,0,0,0,1,
202100034775,139 552,A01,2,7,0,2,1,9,1,
202100034775,139 553,B01,1,33,0,2,2,26,1,
202100034776,139 550,A01,1,33,0,2,3,2,1,
202100034776,139 551,B01,1,7,0,2,5,2,1,
202100034777,139 548,B01,1,7,0,2,3,11,1,
202100034777,139 549,A01,1,33,0,2,2,3,1,
202100034778,139 547,A01,1,7,0,1,3,1,2,
202100034779,139 544,C01,1,7,0,2,8,7,1,
202100034779,139 545,B01,1,7,0,2,5,1,2,
202100034779,139 546,A01,1,33,0,2,3,18,1,
202100034780,139 543,A01,1,30,0,1,1,5,1,
202100034781,139 541,A01,2,7,0,2,2,9,1,
202100034781,139 542,B01,1,80,0,2,1,1,3,
202100034782,139 539,A01,1,34,0,2,2,17,1,
202100034782,139 540,B01,1,7,0,2,3,15,1,
202100034783,139 537,B01,1,7,0,2,3,1,1,
202100034783,139 538,A01,1,1,0,2,7,15,5,
202100034784,139 536,A01,1,50,1,0,0,14,3,
202100034785,139 534,A01,1,32,0,2,4,2,1,
202100034785,139 535,Z01,1,7,0,2,1,2,0,
202100034786,139 532,A01,2,1,0,2,1,1,5,
202100034786,139 533,B01,1,34,0,2,3,1,1,
202100034787,139 531,A01,2,50,0,1,1,1,3,
202100034788,139 530,A01,3,32,0,1,4,25,1,
202100034789,139 528,B01,2,1,0,2,1,1,5,
202100034789,139 529,A01,1,50,0,2,1,5,3,
202100034790,139 526,A01,2,50,0,2,2,5,3,
202100034790,139 527,B01,1,33,0,2,2,1,1,
202100034791,139 524,A01,0,1,0,2,1,1,5,
202100034791,139 525,B01,0,10,0,2,7,1,1,
202100034792,139 522,A01,2,1,0,2,1,1,5,
202100034792,139 523,B01,1,7,0,2,6,15,1,
202100034793,139 521,A01,2,10,0,1,1,15,1,
202100034794,139 520,A01,2,7,0,1,8,15,1,
202100034795,139 516,B01,1,7,0,0,3,0,1,
202100034795,139 517,A01,2,7,1,2,2,0,1,
202100034795,139 518,C01,1,7,0,0,3,0,1,
202100034795,139 519,KD01,1,7,0,0,0,0,1,
202100034796,139 515,A01,1,10,0,2,3,15,1,
202100034797,139 513,A01,1,7,0,9,3,19,1,
202100034797,139 514,B01,1,50,0,2,1,1,3,
202100034798,139 511,B01,1,50,0,2,3,1,3,
202100034798,139 512,A01,1,7,0,2,6,1,1,
202100034799,139 509,A01,0,7,0,2,3,1,0,
202100034799,139 510,B01,1,33,0,2,1,2,0,
202100034800,139 507,B01,1,60,0,2,1,1,5,
202100034800,139 508,A01,2,10,0,2,1,16,1,
202100034801,139 506,A01,2,30,0,2,1,17,1,
202100034802,139 503,B01,1,10,0,2,4,1,1,
202100034802,139 504,C01,1,7,0,2,4,1,1,
202100034802,139 505,A01,1,7,0,2,1,1,1,
202100034803,139 501,A01,2,7,0,0,0,0,1,
202100034803,139 502,B01,0,7,0,0,0,0,1,
202100034804,139 498,B01,1,1,0,2,2,5,5,
202100034804,139 499,A01,2,2,0,9,1,18,1,
202100034805,139 496,A01,-1,7,0,2,2,9,0,
202100034805,139 497,B01,-1,99,0,2,1,3,0,
202100034806,139 494,A01,1,7,0,2,3,15,1,
202100034806,139 495,Z01,1,7,0,2,1,0,1,
202100034807,139 492,B01,1,1,0,2,1,1,5,
202100034807,139 493,A01,1,7,0,2,4,23,1,
202100034808,139 490,B01,2,2,0,2,1,1,1,
202100034808,139 491,A01,2,7,0,2,8,10,1,
202100034809,139 489,A01,2,34,0,1,1,5,1,
202100034810,139 488,A01,2,43,8,0,9,26,1,
202100034811,139 486,A01,0,7,0,2,3,15,2,
202100034811,139 487,B01,2,37,0,2,2,1,1,1.0
202100034812,139 484,B01,2,7,0,2,3,15,1,
202100034812,139 485,A01,1,2,0,2,1,1,1,
202100034813,139 482,A01,3,43,0,2,1,1,1,
202100034813,139 483,B01,3,3,0,2,4,0,1,
202100034814,139 481,A01,2,32,0,0,1,13,1,
202100034815,139 480,A01,1,60,0,1,1,1,5,
202100034816,139 478,A01,2,7,0,2,2,11,1,
202100034816,139 479,B01,2,7,0,2,2,1,1,
202100034817,139 477,A01,3,7,13,0,1,1,1,
202100034818,139 475,A01,2,2,0,2,1,19,1,
202100034818,139 476,B01,1,7,0,2,8,19,1,
202100034819,139 473,B01,1,7,0,2,3,1,1,
202100034819,139 474,A01,2,7,0,2,6,26,1,
202100034820,139 472,A01,1,33,0,0,0,9,1,
202100034821,139 471,A01,3,36,0,0,0,0,1,
202100034822,139 469,B01,1,7,0,2,6,2,1,
202100034822,139 470,A01,1,33,0,2,1,2,1,
202100034823,139 467,A01,1,7,0,2,3,15,1,
202100034823,139 468,B01,2,7,0,2,1,1,1,
202100034824,139 466,A01,1,7,13,0,2,14,1,
202100034825,139 463,A01,2,33,0,2,1,1,1,
202100034825,139 464,B01,2,33,0,2,1,1,1,
202100034825,139 465,C01,1,7,0,2,1,17,1,
202100034826,139 461,A01,2,10,0,2,7,17,1,
202100034826,139 462,B01,2,21,0,2,3,15,1,
202100034827,139 457,B01,1,7,0,2,3,1,1,
202100034827,139 458,A01,1,33,0,2,0,17,1,
202100034828,139 456,A01,2,33,0,0,0,1,1,
202100034829,139 455,A01,3,7,2,0,8,1,1,
202100034830,139 454,A01,1,7,2,0,1,13,1,
202100034831,139 450,D01,1,7,0,0,0,1,1,
202100034831,139 451,A01,1,33,0,2,3,1,1,
202100034831,139 452,B01,2,7,0,2,1,1,1,
202100034831,139 453,C01,1,7,0,2,3,1,2,
202100034832,139 448,B01,2,33,0,2,5,2,1,
202100034832,139 449,A01,2,33,0,2,1,2,1,
202100034833,139 446,A01,1,33,0,2,1,1,1,
202100034833,139 447,B01,2,7,0,2,1,1,1,
202100034834,139 444,A01,1,7,0,2,2,15,1,
202100034834,139 445,B01,2,33,0,2,1,1,1,
202100034835,139 443,A01,2,2,0,0,0,1,1,
202100034836,139 441,A01,1,10,0,2,2,1,1,
202100034836,139 442,B01,1,30,0,2,4,1,1,
202100034837,139 440,A01,1,7,7,0,9,1,1,
202100034838,139 438,B01,2,31,0,2,1,1,1,
202100034838,139 439,A01,2,50,0,2,8,15,3,
202100034839,139 435,C01,1,33,0,0,4,0,1,
202100034839,139 436,B01,1,33,0,0,4,0,1,
202100034839,139 437,A01,1,33,0,2,1,0,1,
202100034840,139 433,B01,3,33,0,2,1,1,1,
202100034840,139 434,A01,3,7,0,2,8,1,1,
202100034841,139 432,A01,2,33,5,0,1,1,1,
202100034842,139 430,B01,1,2,13,0,4,15,1,
202100034842,139 431,A01,1,7,0,2,1,17,1,
202100034843,139 428,B01,1,7,0,2,5,2,1,
202100034843,139 429,A01,1,33,0,2,1,2,1,
202100034844,139 427,A01,1,33,5,0,1,13,1,
202100034845,139 423,A01,2,33,0,2,1,17,1,
202100034845,139 424,B01,2,7,0,2,6,15,1,
202100034846,139 422,A01,2,33,3,0,7,1,1,
202100034847,139 421,A01,2,7,13,0,1,1,1,
202100034848,139 419,B01,0,33,0,2,1,1,6,
202100034848,139 420,A01,3,7,0,2,7,15,6,
202100034849,139 418,A01,1,7,2,0,3,1,1,
202100034850,139 416,A01,2,33,0,2,1,1,1,
202100034850,139 417,B01,2,7,0,2,4,15,1,
202100034851,139 414,A01,1,33,0,0,8,0,1,
202100034852,139 412,A01,3,7,0,0,1,1,1,
202100034853,139 411,A01,2,3,16,0,1,1,1,
202100034854,139 409,A01,1,7,0,2,1,0,1,
202100034854,139 410,B01,2,7,0,2,1,0,1,
202100034855,139 407,B01,1,7,0,2,3,1,1,
202100034855,139 408,A01,2,7,0,2,3,13,1,
202100034856,139 402,A01,0,7,0,9,8,15,1,
202100034856,139 403,B01,3,1,0,2,1,17,5,
202100034856,139 404,C01,3,1,0,2,1,17,5,
202100034856,139 405,D01,3,1,0,2,1,17,5,
202100034856,139 406,E01,3,1,0,2,1,17,5,
202100034857,139 401,A01,1,7,2,0,7,1,1,
202100034858,139 399,A01,3,2,0,2,8,13,1,
202100034858,139 400,B01,3,7,0,2,3,1,1,
202100034859,139 398,A01,1,7,0,0,1,13,1,
202100034860,139 397,A01,2,33,0,0,0,1,1,
202100034861,139 395,B01,1,1,0,2,8,1,5,
202100034861,139 396,A01,2,7,0,2,3,15,1,
202100034862,139 393,B01,3,7,0,2,1,1,1,
202100034862,139 394,A01,3,7,0,2,8,19,1,
202100034863,139 392,A01,1,7,13,0,1,0,1,
202100034864,139 391,A01,1,7,6,0,1,13,1,
202100034865,139 389,B01,3,60,0,2,3,0,5,
202100034865,139 390,A01,1,7,0,9,2,1,1,
202100034866,139 387,A01,1,10,0,2,1,13,1,
202100034866,139 388,B01,2,7,0,2,1,0,1,
202100034867,139 386,A01,2,33,13,0,1,1,1,
202100034868,139 385,A01,1,33,0,0,1,2,1,
202100034869,139 384,A01,1,7,16,0,2,26,1,
202100034870,139 383,A01,3,33,2,0,1,14,1,
202100034871,139 381,B01,2,33,0,2,1,2,1,
202100034871,139 382,A01,2,7,0,0,4,23,1,
202100034872,139 380,A01,2,7,4,0,8,19,1,
202100034873,139 379,A01,1,7,13,0,2,0,1,
202100034874,139 378,A01,2,7,13,0,9,14,1,
202100034875,139 376,B01,3,33,0,2,1,13,1,
202100034875,139 377,A01,3,7,0,2,7,9,1,
202100034876,139 374,A01,1,10,0,1,2,1,1,
202100034877,139 372,B01,1,7,0,2,1,2,1,
202100034877,139 373,A01,2,7,0,2,1,13,0,
202100034878,139 371,A01,3,7,8,0,2,1,1,
202100034879,139 369,A01,0,7,0,2,1,1,1,
202100034879,139 370,B01,0,30,0,2,1,1,1,
202100034880,139 368,A01,2,10,0,1,1,1,1,
202100034881,139 366,A01,0,7,0,2,3,20,1,
202100034881,139 367,B01,0,2,0,2,0,26,0,
202100034882,139 365,A01,1,7,0,1,3,1,1,
202100034883,139 364,A01,1,33,6,0,1,26,1,
202100034884,139 363,A01,1,33,5,0,1,14,1,
202100034885,139 358,B01,3,2,0,2,7,1,1,
202100034885,139 359,A01,3,7,0,2,8,15,1,
202100034886,139 356,B01,2,7,0,2,3,1,1,
202100034886,139 357,A01,1,7,0,0,8,1,1,
202100034887,139 355,A01,1,2,3,0,0,1,1,
202100034888,139 353,A01,2,7,0,2,3,15,1,
202100034888,139 354,B01,2,33,0,2,2,17,1,
202100034889,139 352,A01,2,33,0,0,8,1,1,
202100034890,139 351,A01,1,1,0,0,1,1,5,
202100034891,139 349,A01,2,33,0,2,1,13,1,
202100034891,139 350,B01,1,33,0,0,1,1,1,
202100034892,139 348,A01,3,7,0,1,3,1,1,
202100034893,139 344,A01,3,2,0,2,3,1,1,
202100034893,139 345,B01,3,21,0,2,3,1,1,
202100034894,139 342,B01,0,7,0,2,3,1,1,
202100034894,139 343,A01,0,7,0,2,3,1,1,
202100034895,139 339,A01,2,33,0,2,3,1,1,
202100034895,139 340,B01,2,7,0,0,4,23,1,
202100034895,139 341,C01,1,33,0,2,1,5,1,
202100034896,139 337,B01,2,33,0,2,1,1,1,
202100034896,139 338,A01,2,7,0,2,3,26,1,
202100034897,139 336,A01,3,31,8,0,8,17,1,
202100034898,139 334,B01,1,7,0,2,1,1,1,
202100034898,139 335,A01,2,7,0,2,1,13,1,
202100034899,139 332,B01,2,7,0,2,4,2,1,
202100034899,139 333,A01,2,7,0,2,1,2,1,
202100034900,139 329,C01,2,33,0,2,1,1,1,
202100034900,139 330,A01,1,7,0,2,1,13,1,
202100034900,139 331,B01,2,7,0,2,8,1,1,
202100034901,139 328,A01,0,7,13,0,0,0,1,
202100034902,139 326,B01,0,0,0,2,5,15,1,
202100034902,139 327,A01,3,2,1,2,3,1,1,
202100034903,139 325,A01,0,2,0,0,0,0,1,
202100034904,139 322,A01,2,7,4,2,4,11,1,
202100034904,139 323,C01,2,7,0,2,1,2,1,
202100034904,139 324,B01,2,7,4,2,4,2,1,
202100034905,139 319,A01,2,7,0,2,4,2,1,
202100034905,139 320,B01,2,7,0,2,4,2,1,
202100034905,139 321,C01,2,7,0,2,1,2,1,
202100034906,139 317,B01,2,7,0,2,1,1,1,
202100034906,139 318,A01,2,7,0,2,1,11,1,
202100034907,139 314,A01,2,33,0,2,1,3,1,
202100034907,139 315,B01,2,7,0,2,3,2,1,
202100034907,139 316,C01,2,7,0,2,5,1,1,
202100034908,139 311,A01,1,10,0,2,3,9,1,
202100034908,139 312,C01,1,7,0,2,1,1,1,
202100034908,139 313,B01,1,10,0,2,2,1,1,
202100034909,139 310,A01,1,7,4,0,1,14,1,
202100034910,139 307,A01,1,10,0,2,1,9,1,
202100034910,139 308,B01,1,7,0,2,4,1,1,
202100034910,139 309,C01,1,7,0,2,4,1,1,
202100034911,139 305,B01,1,33,0,2,0,26,1,
202100034911,139 306,Z01,1,10,0,2,0,0,0,
202100034912,139 303,A01,1,7,1,0,1,1,1,
202100034912,139 304,B01,1,10,0,2,4,23,1,
202100034913,139 301,A01,1,15,0,2,7,14,1,
202100034913,139 302,B01,1,7,0,2,8,1,1,
202100034914,139 298,A01,2,7,0,2,1,2,1,
202100034914,139 299,B01,2,7,0,2,4,1,1,
202100034914,139 300,C01,2,7,0,2,1,2,1,
202100034915,139 296,A01,2,33,0,2,8,3,1,
202100034915,139 297,B01,2,7,0,2,5,1,1,
202100034916,139 294,B01,1,17,0,2,4,2,1,
202100034916,139 295,A01,1,7,0,2,1,2,1,
202100034917,139 292,B01,1,10,8,2,3,1,0,
202100034917,139 293,A01,2,7,0,2,1,19,0,
202100034918,139 291,A01,2,7,0,1,3,1,1,
202100034919,139 290,A01,3,7,1,0,5,24,1,
202100034920,139 287,C01,2,7,0,2,2,1,1,
202100034920,139 288,A01,2,10,0,2,2,15,1,
202100034920,139 289,B01,1,33,0,2,1,1,1,
202100034921,139 285,B01,2,7,0,2,1,1,1,
202100034921,139 286,A01,1,30,0,2,1,13,1,
202100034922,139 283,A01,2,7,0,2,5,15,1,
202100034922,139 284,B01,1,50,0,2,1,1,3,
202100034923,139 282,A01,2,7,0,1,1,16,1,
202100034924,139 280,A01,1,32,0,2,3,1,1,
202100034924,139 281,B01,2,50,0,2,2,15,3,
202100034925,139 279,A01,2,2,0,1,1,17,1,
202100034926,139 278,A01,1,33,0,1,1,19,1,
202100034927,139 276,A01,1,43,0,2,1,2,1,
202100034927,139 277,B01,1,10,0,0,4,2,1,
202100034928,139 275,B01,1,33,0,2,5,1,1,
202100034929,139 273,A01,2,7,0,2,1,11,1,
202100034929,139 274,B01,2,7,14,2,4,1,1,
202100034930,139 271,A01,1,33,0,9,1,13,1,
202100034930,139 272,B01,2,21,0,0,3,1,1,
202100034931,139 270,A01,1,7,0,1,1,1,1,
202100034932,139 269,A01,3,7,0,1,5,26,1,
202100034933,139 266,C01,2,7,14,2,4,2,2,
202100034933,139 267,A01,2,7,0,2,1,2,1,
202100034933,139 268,B01,2,7,0,2,4,2,1,
202100034934,139 264,B01,3,1,14,2,1,1,5,
202100034934,139 265,A01,3,7,0,2,7,16,1,
202100034935,139 261,A01,2,7,0,2,1,2,1,
202100034935,139 262,B01,2,7,0,2,4,2,1,
202100034935,139 263,C01,2,7,0,2,4,2,1,
202100034936,139 259,B01,3,1,0,2,8,1,0,
202100034936,139 260,A01,3,7,0,2,1,9,1,
202100034937,139 257,B01,2,33,0,2,2,2,1,
202100034937,139 258,A01,2,7,0,2,3,15,1,
202100034938,139 255,B01,1,43,0,2,3,1,1,
202100034938,139 256,A01,2,7,1,0,3,13,1,
202100034939,139 253,B01,2,7,0,2,3,13,1,
202100034939,139 254,A01,1,31,0,2,1,17,1,
202100034940,139 252,A01,0,7,0,1,2,1,1,
202100034941,139 250,B01,0,7,0,2,1,2,1,
202100034941,139 251,A01,0,10,0,2,4,2,1,
202100034942,139 248,B01,1,1,0,2,1,1,5,
202100034942,139 249,A01,2,7,0,2,1,17,1,
202100034943,139 246,B01,2,1,0,2,1,1,5,
202100034943,139 247,A01,1,7,0,2,1,15,1,
202100034944,139 244,B01,1,7,0,2,4,2,1,
202100034944,139 245,A01,1,30,0,2,1,2,1,
202100034945,139 242,A01,3,10,0,2,1,9,0,
202100034945,139 243,B01,2,33,0,2,7,1,1,
202100034946,139 241,A01,1,10,0,1,4,4,1,
202100034947,139 237,A01,1,7,0,2,1,2,1,
202100034947,139 238,B01,1,7,0,2,4,2,2,
202100034947,139 239,C01,1,7,0,2,4,2,1,
202100034947,139 240,D01,1,7,0,2,4,2,2,
202100034948,139 236,A01,0,33,8,0,1,0,1,
202100034949,139 234,A01,1,33,0,2,1,21,1,
202100034949,139 235,B01,1,7,0,2,4,23,1,
202100034950,139 233,A01,1,7,8,0,0,13,1,
202100034951,139 232,A01,0,33,8,0,1,1,1,
202100034952,139 230,B01,1,33,0,2,1,1,1,
202100034952,139 231,A01,2,7,0,2,2,15,2,
202100034953,139 227,C01,3,7,0,2,4,2,1,
202100034953,139 228,B01,3,33,0,2,4,2,1,
202100034953,139 229,A01,3,7,0,2,1,2,1,
202100034954,139 225,B01,0,60,0,2,3,9,5,
202100034954,139 226,Z01,1,0,0,2,1,17,0,
202100034955,139 223,A01,2,7,0,2,3,9,1,
202100034955,139 224,B01,2,7,0,2,2,1,1,
202100034956,139 221,A01,1,30,0,2,1,1,1,
202100034956,139 222,B01,1,37,0,2,6,1,1,1.0
202100034957,139 219,B01,2,2,0,2,1,1,1,
202100034957,139 220,A01,1,7,0,2,2,15,1,
202100034958,139 216,A01,2,7,0,2,1,1,1,
202100034958,139 217,B01,1,7,0,2,5,1,1,
202100034958,139 218,C01,2,7,0,2,1,1,1,
202100034959,139 214,B01,1,7,0,2,2,1,1,
202100034959,139 215,A01,1,30,0,2,2,26,1,
202100034960,139 212,A01,1,34,0,2,1,9,1,
202100034960,139 213,B01,2,7,0,2,1,1,1,
202100034961,139 209,A01,2,7,0,2,1,1,1,
202100034961,139 210,B01,2,7,0,2,1,1,0,
202100034961,139 211,C01,2,7,0,2,4,0,1,
202100034962,139 207,B01,3,30,0,2,1,19,1,
202100034962,139 208,A01,2,7,0,2,2,1,1,
202100034963,139 205,B01,1,7,0,2,5,15,1,
202100034963,139 206,A01,2,7,0,2,2,1,1,
202100034964,139 203,A01,2,7,0,2,7,1,1,
202100034964,139 204,B01,3,1,0,2,1,19,5,
202100034965,139 201,A01,2,7,0,2,3,9,1,
202100034965,139 202,B01,1,2,0,2,1,1,1,