Num_Acc,id_vehicule,num_veh,senc,catv,obs,obsm,choc,manv,motor,occutc
202100035263,138 670,B01,1,7,0,2,6,1,1,
202100035264,138 667,A01,2,30,0,2,1,1,1,
202100035264,138 668,B01,3,7,0,2,7,1,2,
202100035265,138 665,B01,1,7,0,2,8,1,1,
202100035265,138 666,A01,1,7,0,2,1,19,1,
202100035266,138 662,A01,1,32,0,2,2,3,1,
202100035266,138 663,B01,1,7,0,2,6,0,1,
202100035266,138 664,C01,1,7,0,2,2,0,1,
202100035267,138 661,A01,3,7,0,1,1,1,1,
202100035268,138 659,B01,2,7,0,2,1,2,1,
202100035268,138 660,A01,1,1,0,2,8,9,5,
202100035269,138 658,A01,3,34,0,1,1,1,1,
202100035270,138 656,B01,1,31,0,2,3,1,1,
202100035270,138 657,A01,2,7,0,2,2,15,1,
202100035271,138 655,A01,1,33,0,1,2,17,1,
202100035272,138 654,A01,1,7,1,0,1,1,1,
202100035273,138 652,Z01,0,7,0,2,7,15,1,
202100035273,138 653,B01,0,33,0,2,2,1,1,
202100035274,138 650,A01,1,10,0,2,1,1,1,
202100035274,138 651,B01,3,33,0,2,4,16,1,
202100035275,138 648,A01,0,7,0,2,2,15,1,
202100035275,138 649,B01,0,1,0,2,1,1,5,
202100035276,138 646,A01,1,10,0,2,2,16,1,
202100035276,138 647,B01,1,80,0,2,3,1,3,
202100035277,138 644,A01,1,15,0,2,2,15,0,
202100035277,138 645,B01,1,7,0,2,8,12,0,
202100035278,138 643,B01,1,33,0,2,3,1,1,
202100035279,138 641,B01,3,7,0,2,3,15,1,
202100035279,138 642,A01,3,32,0,2,1,17,1,
202100035280,138 640,A01,1,2,1,0,2,14,1,
202100035281,138 638,A01,3,7,0,2,1,15,1,
202100035281,138 639,B01,3,1,0,2,1,16,5,
202100035282,138 637,A01,1,7,0,9,1,1,1,
202100035283,138 635,A01,3,7,0,2,3,10,1,
202100035283,138 636,B01,3,33,0,2,1,17,1,
202100035284,138 633,A01,1,7,0,2,4,2,1,
202100035284,138 634,Z01,1,7,0,2,1,1,1,
202100035285,138 631,B01,2,7,0,2,1,15,1,
202100035285,138 632,A01,1,33,0,2,1,1,1,
202100035286,138 629,B01,1,7,0,2,4,2,1,
202100035286,138 630,A01,1,7,0,2,1,2,1,
202100035287,138 627,A01,1,7,0,1,3,1,1,
202100035287,138 628,B01,2,50,0,1,1,3,3,
202100035288,138 626,Z01,1,7,0,1,0,1,0,
202100035289,138 624,A01,1,7,0,2,1,0,2,
202100035289,138 625,B01,0,1,0,2,5,0,6,
202100035290,138 622,B01,0,2,0,2,9,2,1,
202100035290,138 623,A01,0,7,0,2,1,9,2,
202100035291,138 620,B01,2,7,-1,2,1,1,1,
202100035291,138 621,A01,1,7,-1,2,1,15,1,
202100035292,138 618,A01,2,7,7,2,5,15,1,
202100035292,138 619,B01,1,7,0,2,2,1,1,
202100035293,138 617,A01,3,30,12,0,1,1,1,
202100035294,138 616,A01,2,32,0,1,1,5,1,
202100035295,138 614,A01,2,7,0,2,2,21,1,
202100035295,138 615,B01,2,7,0,2,3,9,1,
202100035296,138 613,A01,2,7,0,1,2,1,1,
202100035297,138 611,A01,2,7,0,2,2,26,1,
202100035297,138 612,B01,1,7,0,0,0,0,0,
202100035298,138 610,A01,3,10,0,1,2,16,1,
202100035299,138 608,A01,0,10,0,2,3,9,1,
202100035299,138 609,B01,1,33,0,2,1,1,1,
202100035300,138 606,A01,1,7,0,2,2,15,1,
202100035300,138 607,B01,2,1,0,2,1,1,5,
202100035301,138 605,A01,2,7,0,1,2,1,1,
202100035302,138 603,B01,2,32,0,2,3,1,1,
202100035302,138 604,A01,1,7,0,2,1,15,1,
202100035303,138 601,A01,2,30,0,2,1,17,1,
202100035303,138 602,B01,2,7,0,2,8,15,1,
202100035304,138 599,Z01,1,10,0,2,7,1,1,
202100035304,138 600,A01,1,1,0,2,7,1,5,
202100035305,138 597,B01,2,30,0,2,1,1,1,
202100035305,138 598,A01,1,7,0,2,1,15,3,
202100035306,138 596,A01,1,10,1,0,8,13,3,
202100035307,138 595,A01,1,7,0,1,8,1,1,
202100035308,138 593,A01,2,34,0,2,8,7,1,
202100035308,138 594,B01,2,7,0,2,2,16,2,
202100035309,138 591,A01,2,30,0,2,3,13,1,
202100035309,138 592,B01,1,7,0,2,3,1,1,
202100035310,138 589,B01,1,14,0,2,6,23,6,
202100035310,138 590,A01,1,1,0,2,1,2,5,
202100035311,138 588,A01,2,80,0,0,7,21,3,
202100035312,138 587,A01,2,7,0,1,1,1,1,
202100035313,138 586,A01,2,33,0,1,1,17,1,
202100035314,138 585,Z01,2,1,0,1,1,1,5,
202100035315,138 583,A01,2,7,0,2,1,2,1,
202100035315,138 584,B01,2,7,0,2,4,23,1,
202100035316,138 582,Z01,1,30,0,1,1,25,0,
202100035317,138 581,A01,1,7,1,0,1,14,1,
202100035318,138 579,A01,1,32,1,2,1,1,1,
202100035318,138 580,Z01,1,7,0,2,0,9,0,
202100035319,138 577,A01,1,7,0,2,7,14,1,
202100035319,138 578,B01,1,30,0,2,8,1,1,
202100035320,138 575,B01,0,1,0,2,7,1,5,
202100035320,138 576,A01,1,7,0,2,1,1,1,
202100035321,138 574,Z01,2,30,0,1,1,1,1,
202100035322,138 572,A01,1,30,0,2,8,15,1,
202100035322,138 573,B01,1,30,0,2,1,17,1,
202100035323,138 570,A01,2,7,0,2,7,1,1,
202100035323,138 571,B01,2,30,0,2,1,1,3,
202100035324,138 567,A01,1,7,0,2,1,2,1,
202100035324,138 568,B01,2,7,0,2,5,23,1,
202100035324,138 569,C01,1,10,0,2,1,23,1,
202100035325,138 565,A01,1,7,0,2,2,2,1,
202100035325,138 566,B01,1,1,0,2,5,12,5,
202100035326,138 563,B01,1,7,0,2,5,23,1,
202100035326,138 564,A01,1,43,0,2,1,2,1,
202100035327,138 561,B01,3,1,0,2,1,1,5,
202100035327,138 562,A01,3,10,0,2,3,1,1,
202100035328,138 559,A01,2,33,0,2,1,1,1,
202100035328,138 560,B01,2,1,0,2,0,19,5,
202100035329,138 558,A01,1,50,0,0,0,1,3,
202100035330,138 556,Z01,2,7,0,2,1,1,0,
202100035330,138 557,A01,1,1,0,2,1,1,5,
202100035331,138 554,B01,1,1,0,2,8,13,5,
202100035331,138 555,A01,1,1,0,2,7,1,5,
202100035332,138 552,A01,2,7,0,2,2,2,1,
202100035332,138 553,B01,2,1,0,0,0,0,0,
202100035333,138 550,B01,0,1,1,0,0,2,5,
202100035333,138 551,A01,0,7,0,2,2,24,1,
202100035334,138 548,B01,2,1,0,2,7,19,5,
202100035334,138 549,A01,2,37,0,2,2,1,0,3.0
202100035335,138 547,A01,1,7,0,1,1,16,1,
202100035336,138 545,A01,1,7,0,2,1,15,1,
202100035336,138 546,B01,2,2,0,2,1,1,1,
202100035337,138 543,B01,2,10,0,2,3,1,6,
202100035337,138 544,A01,2,43,0,2,2,3,1,
202100035338,138 541,A01,2,7,0,2,2,20,1,
202100035338,138 542,B01,2,7,0,2,2,1,1,
202100035339,138 540,A01,0,32,0,1,1,26,0,
202100035340,138 538,A01,0,10,0,2,2,1,1,
202100035340,138 539,B01,0,7,0,2,3,1,1,
202100035341,138 537,A01,1,7,0,1,6,10,1,
202100035342,138 535,A01,1,7,0,2,4,1,1,
202100035342,138 536,B01,1,7,0,2,2,1,1,
202100035343,138 533,B01,3,31,0,2,1,17,1,
202100035343,138 534,A01,3,7,0,2,3,9,1,
202100035344,138 531,A01,3,33,0,2,1,19,1,
202100035344,138 532,B01,0,99,0,0,8,19,0,
202100035345,138 529,A01,1,7,0,2,2,15,1,
202100035345,138 530,B01,1,33,0,2,1,1,1,
202100035346,138 527,B01,1,2,0,2,1,1,1,
202100035346,138 528,A01,1,10,0,2,2,14,0,
202100035347,138 525,B01,1,7,0,2,1,1,0,
202100035347,138 526,A01,2,7,1,2,1,17,0,
202100035348,138 524,A01,1,7,1,2,2,1,1,
202100035349,138 522,B01,1,30,0,2,8,17,1,
202100035349,138 523,A01,2,7,0,2,1,10,1,
202100035350,138 520,B01,1,1,0,2,1,15,0,
202100035350,138 521,A01,2,10,0,2,2,1,1,
202100035351,138 518,A01,1,7,0,2,5,1,1,
202100035351,138 519,B01,2,1,0,2,1,1,5,
202100035352,138 517,A01,1,7,0,2,1,1,1,
202100035353,138 515,B01,2,34,0,0,8,1,1,
202100035353,138 516,A01,1,7,0,2,2,26,1,
202100035354,138 513,B01,0,7,0,2,3,15,1,
202100035354,138 514,A01,2,34,0,2,1,0,1,
202100035355,138 511,A01,1,7,0,2,3,5,1,
202100035355,138 512,B01,2,7,0,2,3,1,1,
202100035356,138 509,A01,2,10,0,2,1,2,1,
202100035356,138 510,B01,2,7,0,0,4,2,1,
202100035357,138 508,A01,1,7,6,0,2,14,1,
202100035358,138 506,A01,2,7,16,2,6,9,1,
202100035358,138 507,B01,1,7,0,2,1,1,1,
202100035359,138 505,A01,1,7,0,1,7,1,1,
202100035360,138 503,B01,2,7,0,2,1,2,1,
202100035360,138 504,A01,1,7,0,2,1,13,1,
202100035361,138 502,A01,1,7,0,1,3,1,1,
202100035362,138 501,A01,2,7,0,1,2,21,2,
202100035363,138 500,A01,1,7,13,0,3,13,1,
202100035364,138 499,A01,1,1,0,0,0,2,5,
202100035365,138 497,B01,1,33,0,2,1,1,1,
202100035365,138 498,A01,2,7,0,2,2,11,1,
202100035366,138 495,B01,1,7,0,2,2,1,1,
202100035366,138 496,A01,1,2,0,2,8,1,1,
202100035367,138 494,A01,1,7,0,1,3,1,1,
202100035368,138 486,H01,2,1,0,0,0,26,5,
202100035368,138 487,G01,2,1,0,0,0,26,5,
202100035368,138 488,F01,2,1,0,0,0,26,5,
202100035368,138 489,E01,2,1,0,0,0,26,5,
202100035368,138 490,D01,2,1,0,0,0,14,5,
202100035368,138 491,C01,2,7,0,0,0,17,1,
202100035368,138 492,B01,1,7,0,2,3,21,1,
202100035368,138 493,A01,2,1,0,2,1,13,5,
202100035369,138 485,A01,1,7,8,0,1,1,1,
202100035370,138 484,A01,1,37,0,0,8,13,1,4.0
202100035371,138 483,A01,2,33,3,0,2,1,1,
202100035372,138 482,A01,1,7,13,0,9,1,1,
202100035373,138 481,A01,1,7,0,1,2,1,1,
202100035374,138 480,A01,1,7,13,0,2,1,1,
202100035375,138 478,A01,2,7,0,2,2,17,1,
202100035375,138 479,B01,2,1,0,2,8,2,5,
202100035376,138 477,A01,1,7,13,0,1,26,1,
202100035377,138 475,B01,1,34,0,2,1,1,1,
202100035377,138 476,A01,1,7,0,2,6,15,1,
202100035378,138 473,A01,2,33,0,2,1,2,1,
202100035378,138 474,B01,2,10,0,0,4,2,1,
202100035379,138 471,A01,2,7,0,2,3,15,1,
202100035379,138 472,B01,2,33,0,2,1,1,1,
202100035380,138 470,A01,2,2,6,0,1,0,1,
202100035381,138 469,A01,0,33,0,0,0,1,1,
202100035382,138 467,B01,1,1,0,2,4,15,5,
202100035382,138 468,A01,1,2,0,2,1,17,1,
202100035383,138 466,A01,0,7,0,0,0,1,0,
202100035384,138 464,B01,2,33,0,2,1,1,1,
202100035384,138 465,A01,1,99,0,2,5,15,1,
202100035385,138 463,A01,2,33,0,0,8,16,1,
202100035386,138 461,A01,2,33,0,2,1,11,1,
202100035386,138 462,B01,2,7,0,2,6,15,1,
202100035387,138 459,B01,2,7,0,2,4,1,1,
202100035387,138 460,A01,2,2,0,2,1,1,1,
202100035388,138 457,B01,1,7,0,0,0,2,1,
202100035388,138 458,A01,1,2,0,2,1,2,1,
202100035389,138 456,A01,1,1,0,0,7,1,5,
202100035390,138 455,A01,1,7,0,1,1,1,1,
202100035391,138 454,A01,1,21,0,0,3,1,1,
202100035392,138 452,B01,3,7,0,2,1,1,1,
202100035392,138 453,A01,3,7,0,2,1,13,1,
202100035393,138 451,A01,1,33,13,0,2,1,1,
202100035394,138 450,A01,1,33,0,6,1,1,1,
202100035395,138 448,C01,1,7,0,2,4,2,2,
202100035395,138 449,A01,1,15,0,2,1,2,1,
202100035396,138 446,B01,1,7,0,2,2,1,1,
202100035396,138 447,A01,2,7,0,2,7,13,1,
202100035397,138 444,B01,1,15,0,2,6,1,1,
202100035397,138 445,A01,2,7,0,2,3,13,1,
202100035398,138 443,A01,1,7,17,0,1,1,1,
202100035399,138 442,A01,0,7,3,0,2,0,1,
202100035400,138 441,A01,1,10,5,0,1,1,1,
202100035401,138 440,A01,2,33,0,0,0,0,1,
202100035402,138 439,A01,3,7,0,1,3,0,1,
202100035403,138 437,B01,1,2,0,2,1,1,1,
202100035403,138 438,A01,1,10,0,2,8,9,1,
202100035404,138 435,A01,1,7,0,0,4,13,0,
202100035404,138 436,B01,1,33,0,0,1,13,1,
202100035405,138 434,A01,1,7,16,0,2,1,1,
202100035406,138 433,A01,1,7,3,0,1,1,1,
202100035407,138 431,B01,3,1,0,2,4,1,5,
202100035407,138 432,A01,3,7,0,9,1,18,1,
202100035408,138 428,A01,2,7,0,0,4,2,1,
202100035408,138 429,B01,2,7,0,0,4,2,1,
202100035408,138 430,C01,2,33,0,2,1,2,1,
202100035409,138 427,A01,0,7,15,0,3,0,1,
202100035410,138 425,A01,1,2,0,2,1,1,1,
202100035410,138 426,B01,0,2,0,2,8,1,1,
202100035411,138 422,A01,0,3,1,0,9,26,1,
202100035412,138 421,A01,1,10,0,1,0,1,1,
202100035413,138 420,A01,3,7,9,0,1,1,1,
202100035414,138 418,A01,0,7,0,0,8,2,2,
202100035414,138 419,B01,0,31,0,2,2,1,1,
202100035415,138 416,B01,2,33,0,2,7,17,1,
202100035415,138 417,A01,2,7,0,2,8,1,1,
202100035416,138 412,D01,0,7,0,0,0,22,1,
202100035416,138 413,C01,0,7,0,2,0,26,1,
202100035416,138 414,B01,0,33,0,2,1,1,0,
202100035416,138 415,A01,0,7,0,2,3,13,1,
202100035417,138 410,A01,1,7,0,2,8,1,1,
202100035417,138 411,B01,3,2,0,2,1,19,1,
202100035418,138 409,A01,2,33,15,0,9,1,1,
202100035419,138 407,A01,2,7,0,0,4,11,1,
202100035419,138 408,B01,2,7,0,2,0,0,1,
202100035420,138 405,B01,2,33,0,2,1,19,1,
202100035420,138 406,A01,1,7,0,2,2,1,1,
202100035421,138 403,B01,2,7,0,2,1,1,1,
202100035421,138 404,A01,2,33,3,0,0,17,1,
202100035422,138 399,D01,2,10,0,2,1,2,1,
202100035422,138 400,C01,2,7,0,2,8,1,1,
202100035422,138 401,B01,2,15,0,2,2,14,1,
202100035422,138 402,A01,2,7,0,2,6,1,1,
202100035423,138 397,A01,1,15,0,2,2,12,1,
202100035423,138 398,B01,1,10,0,2,6,1,1,
202100035424,138 396,A01,1,33,3,0,9,2,1,
202100035425,138 395,A01,2,7,4,0,3,26,1,
202100035426,138 393,A01,1,7,0,2,8,11,1,
202100035426,138 394,B01,1,33,0,2,1,3,1,
202100035427,138 391,A01,2,33,0,2,8,3,1,
202100035427,138 392,B01,2,7,0,2,2,12,1,
202100035428,138 389,A01,1,7,0,2,3,11,1,
202100035428,138 390,B01,1,32,0,2,2,1,1,
202100035429,138 387,A01,1,7,0,2,1,2,1,
202100035429,138 388,B01,1,7,0,2,4,2,1,
202100035430,138 385,A01,1,33,0,2,1,3,1,
202100035430,138 386,B01,1,7,0,2,6,11,1,
202100035431,138 383,B01,2,7,0,2,2,12,1,
202100035431,138 384,A01,2,33,0,2,1,3,0,
202100035432,138 381,B01,1,7,0,2,4,2,1,
202100035432,138 382,A01,1,33,0,2,1,2,1,
202100035433,138 379,A01,1,33,1,0,1,18,1,
202100035433,138 380,B01,1,10,0,2,6,23,1,
202100035434,138 377,B01,2,7,0,0,5,12,1,
202100035434,138 378,A01,2,33,0,2,1,3,1,
202100035435,138 375,A01,1,33,0,2,0,3,1,
202100035435,138 376,B01,1,7,0,2,6,1,1,
202100035436,138 373,B01,1,7,4,2,0,1,1,
202100035436,138 374,A01,1,13,0,2,3,11,1,
202100035437,138 372,A01,1,7,6,0,1,1,1,
202100035438,138 369,A01,1,7,0,2,0,0,1,
202100035438,138 370,B01,1,7,0,2,6,2,1,
202100035438,138 371,C01,1,7,0,2,4,2,1,
202100035439,138 367,B01,1,30,0,2,4,2,1,
202100035439,138 368,A01,1,7,0,2,2,1,1,
202100035440,138 364,C01,1,33,0,2,1,3,1,
202100035440,138 365,B01,1,7,0,2,2,12,1,
202100035440,138 366,A01,1,7,0,2,3,1,1,
202100035441,138 362,B01,1,33,0,2,1,3,1,
202100035441,138 363,A01,1,7,0,2,5,0,1,
202100035442,138 360,A01,2,2,0,2,1,1,1,
202100035442,138 361,B01,2,7,0,2,3,11,1,
202100035443,138 357,B01,2,7,0,2,7,12,1,
202100035443,138 358,A01,2,33,0,2,8,3,1,
202100035443,138 359,C01,2,10,0,2,8,1,1,
202100035444,138 356,A01,1,7,0,1,7,20,1,
202100035445,138 355,A01,3,10,0,1,8,15,1,
202100035446,138 353,A01,2,10,0,2,1,15,1,
202100035446,138 354,B01,1,7,0,2,2,1,1,
202100035447,138 351,B01,2,1,0,2,1,1,5,
202100035447,138 352,A01,2,3,0,2,2,16,1,
202100035448,138 349,B01,1,31,0,2,8,1,1,
202100035448,138 350,A01,1,7,0,2,2,16,1,
202100035449,138 346,C01,1,7,12,0,3,1,1,
202100035449,138 347,B01,1,7,12,0,1,1,1,
202100035449,138 348,A01,1,7,12,0,1,1,1,
202100035450,138 345,A01,1,7,0,0,2,23,1,
202100035451,138 343,A01,2,37,0,2,3,1,1,2.0
202100035451,138 344,B01,2,7,0,2,5,12,1,
202100035452,138 341,A01,2,7,0,2,1,19,1,
202100035452,138 342,B01,2,7,0,2,8,1,2,
202100035453,138 339,A01,2,1,0,2,1,1,5,
202100035453,138 340,B01,2,33,0,2,6,1,1,
202100035454,138 338,A01,2,2,0,1,1,1,1,
202100035455,138 337,Z01,0,0,0,1,0,0,0,
202100035456,138 335,Z01,2,7,0,2,1,16,1,
202100035456,138 336,A01,2,32,0,2,4,1,1,
202100035457,138 333,A01,2,7,0,2,6,15,1,
202100035457,138 334,B01,2,30,0,2,1,1,1,
202100035458,138 328,A01,2,34,0,2,1,21,1,
202100035458,138 329,C01,1,7,1,2,3,23,1,
202100035458,138 330,B01,1,7,0,2,3,15,1,
202100035459,138 327,A01,1,7,0,1,5,20,1,
202100035460,138 326,A01,3,3,1,0,3,1,1,
202100035461,138 325,A01,3,7,0,1,1,1,1,
202100035462,138 323,B01,2,7,0,2,1,2,1,
202100035462,138 324,A01,2,30,0,2,4,23,1,
202100035463,138 322,A01,0,10,0,1,1,16,1,
202100035464,138 321,A01,1,32,0,1,2,17,1,
202100035465,138 318,C01,2,7,0,2,1,1,1,
202100035465,138 319,B01,1,10,0,2,6,2,1,
202100035465,138 320,A01,1,33,0,2,2,13,1,
202100035466,138 314,C01,1,34,0,2,1,1,1,
202100035466,138 315,B01,2,7,0,2,1,1,1,
202100035466,138 316,A01,2,7,0,2,2,15,1,
202100035467,138 313,A01,3,37,9,1,7,16,0,1.0
202100035468,138 311,A01,1,7,0,2,7,17,1,
202100035468,138 312,B01,1,33,0,2,8,3,1,
202100035469,138 310,A01,2,7,1,0,9,14,1,
202100035470,138 308,A01,3,7,0,4,2,1,1,
202100035470,138 309,B01,3,40,0,2,3,1,3,
202100035471,138 307,A01,1,31,0,1,3,1,1,
202100035472,138 305,A01,1,7,0,2,2,16,1,
202100035472,138 306,B01,1,1,0,2,1,1,5,
202100035473,138 303,A01,1,7,1,2,1,13,1,
202100035473,138 304,B01,1,7,0,2,7,23,1,
202100035474,138 301,A01,1,7,0,2,3,1,1,
202100035474,138 302,B01,2,1,0,2,1,5,5,
202100035475,138 299,B01,0,2,0,2,1,1,1,
202100035475,138 300,A01,0,7,0,2,7,9,1,
202100035476,138 298,A01,0,7,0,1,7,9,1,
202100035477,138 297,A01,1,7,0,1,1,1,1,
202100035478,138 295,B01,2,7,0,2,3,1,1,
202100035478,138 296,A01,1,1,0,2,7,15,5,
202100035479,138 293,A01,1,50,0,2,3,1,3,
202100035479,138 294,B01,1,7,0,2,1,1,1,
202100035480,138 292,A01,2,50,0,0,0,0,3,
202100035481,138 290,B01,0,33,0,2,1,1,1,
202100035481,138 291,A01,3,7,0,2,1,15,1,
202100035482,138 288,B01,2,7,0,2,4,2,1,
202100035482,138 289,A01,2,30,0,2,1,1,1,
202100035483,138 286,B01,2,7,0,2,4,1,1,
202100035483,138 287,A01,2,7,0,2,1,1,1,
202100035484,138 284,A01,1,14,0,2,7,14,1,
202100035484,138 285,B01,1,7,0,2,8,1,1,
202100035485,138 282,A01,1,7,0,2,1,15,1,
202100035485,138 283,B01,1,1,0,2,1,1,5,
202100035486,138 280,A01,2,33,0,2,2,21,1,
202100035486,138 281,B01,1,7,0,2,1,15,1,
202100035487,138 279,A01,1,7,0,1,3,1,1,
202100035488,138 278,A01,3,7,0,1,3,1,1,
202100035489,138 276,A01,2,33,0,2,1,13,1,
202100035489,138 277,B01,2,7,0,2,3,10,1,
202100035490,138 274,A01,2,7,0,2,1,17,1,
202100035490,138 275,B01,2,7,6,2,8,15,1,
202100035491,138 271,B01,2,7,0,2,2,1,1,
202100035491,138 272,A01,1,1,0,2,1,1,5,
202100035492,138 269,A01,3,1,0,2,1,9,5,
202100035492,138 270,B01,0,7,0,2,2,1,1,
202100035493,138 267,A01,0,80,0,2,8,19,3,
202100035493,138 268,B01,0,7,0,2,5,1,1,
202100035494,138 265,B01,0,7,0,2,4,1,1,
202100035494,138 266,A01,0,2,0,2,1,1,1,
202100035495,138 264,A01,1,3,0,0,9,26,3,
202100035496,138 262,B01,1,1,0,2,4,26,5,
202100035496,138 263,A01,1,7,0,2,2,26,1,
202100035497,138 261,A01,1,2,0,0,0,26,1,
202100035498,138 259,A01,2,7,0,1,3,5,1,
202100035498,138 260,B01,1,7,0,2,1,23,1,
202100035499,138 258,A01,2,3,15,0,0,14,1,
202100035500,138 256,A01,1,33,9,2,1,7,1,
202100035500,138 257,B01,1,7,0,0,0,0,1,
202100035501,138 254,B01,1,33,0,2,7,1,1,
202100035501,138 255,A01,1,1,0,2,8,9,5,
202100035502,138 252,B01,2,7,0,2,3,9,1,
202100035502,138 253,A01,2,7,0,2,7,9,1,
202100035503,138 250,B01,3,7,0,2,8,1,1,
202100035503,138 251,A01,3,7,0,2,1,1,1,
202100035504,138 249,A01,3,7,0,1,2,1,1,
202100035505,138 247,B01,2,10,0,2,2,1,1,
202100035505,138 248,A01,1,7,0,2,7,19,1,
202100035506,138 245,A01,3,1,0,2,8,19,6,
202100035506,138 246,B01,1,10,0,2,2,1,1,
202100035507,138 243,B01,3,2,0,2,5,12,1,
202100035507,138 244,A01,3,7,0,2,1,9,1,
202100035508,138 241,A01,1,32,0,2,1,26,1,
202100035508,138 242,B01,1,7,0,2,4,26,1,
202100035509,138 239,B01,3,7,0,2,1,1,1,
202100035509,138 240,A01,3,7,0,2,1,5,1,
202100035510,138 238,A01,3,7,0,1,2,21,1,
202100035511,138 236,B01,2,1,0,2,0,1,5,
202100035511,138 237,A01,2,7,0,2,2,16,1,
202100035512,138 234,A01,2,7,0,2,2,15,1,
202100035512,138 235,B01,3,80,0,2,0,1,3,
202100035513,138 232,B01,1,10,0,2,5,1,0,
202100035513,138 233,A01,1,33,0,2,1,1,1,
202100035514,138 231,A01,3,15,0,9,7,26,1,
202100035515,138 229,B01,3,7,0,2,6,2,1,
202100035515,138 230,A01,3,7,0,2,1,2,1,
202100035516,138 227,Z01,1,7,0,2,4,1,0,
202100035516,138 228,B01,1,3,0,2,1,1,1,
202100035517,138 225,A01,2,33,0,2,1,17,1,
202100035517,138 226,B01,2,7,0,2,8,15,1,
202100035518,138 223,B01,1,1,0,2,7,26,0,
202100035518,138 224,A01,1,7,0,2,0,26,1,
202100035519,138 221,A01,2,7,0,2,2,9,1,
202100035519,138 222,B01,2,2,0,2,3,17,1,
202100035520,138 220,A01,2,7,0,1,2,1,1,
202100035521,138 218,B01,0,32,0,2,0,21,1,
202100035521,138 219,A01,0,7,0,0,0,1,1,
202100035522,138 216,B01,1,7,9,2,1,1,1,
202100035522,138 217,A01,1,7,0,2,2,1,1,
202100035523,138 214,B01,2,7,0,2,3,16,1,
202100035523,138 215,A01,1,7,0,2,5,12,1,
202100035524,138 212,A01,1,7,0,9,3,9,1,
202100035524,138 213,B01,1,31,0,2,3,9,1,
202100035525,138 210,A01,3,7,0,2,3,9,1,
202100035525,138 211,B01,3,1,0,2,2,1,5,
202100035526,138 208,A01,2,31,0,2,3,3,1,
202100035526,138 209,B01,2,10,0,2,5,1,1,
202100035527,138 206,A01,1,7,0,2,5,12,1,
202100035527,138 207,B01,1,31,0,2,3,3,1,
202100035528,138 204,B01,1,7,0,2,7,12,1,
202100035528,138 205,A01,1,33,0,2,3,3,1,
202100035529,138 202,A01,1,7,0,2,1,2,1,
202100035529,138 203,B01,1,33,0,2,4,2,1,
202100035530,138 200,A01,2,33,0,2,1,1,1,
202100035530,138 201,Z01,1,10,0,0,4,11,0,
202100035531,138 197,A01,2,33,0,2,1,3,1,
202100035531,138 198,B01,2,7,0,2,7,12,1,
202100035531,138 199,C01,2,7,0,2,6,1,1,
202100035532,138 196,A01,1,14,0,1,7,1,1,
202100035533,138 194,B01,1,7,0,2,8,1,1,
202100035533,138 195,A01,1,32,0,2,2,1,1,
202100035534,138 192,B01,1,10,0,2,1,1,3,
202100035534,138 193,A01,2,33,0,2,1,8,1,
202100035535,138 190,A01,2,30,0,2,2,14,1,
202100035535,138 191,B01,2,7,0,2,2,7,1,
202100035536,138 188,A01,1,10,0,2,8,22,1,
202100035536,138 189,B01,1,80,0,2,1,2,3,
202100035537,138 187,A01,1,32,14,0,2,14,1,
202100035538,138 185,A01,1,7,0,2,1,1,2,
202100035538,138 186,B01,1,1,0,2,4,23,5,
202100035539,138 183,B01,2,7,0,2,1,1,1,
202100035539,138 184,A01,1,30,0,2,2,1,1,
202100035540,138 182,A01,1,7,0,1,2,1,1,
202100035541,138 180,A01,2,7,0,2,1,2,1,
202100035541,138 181,B01,2,7,0,2,5,23,1,
202100035542,138 178,A01,2,13,0,2,4,4,1,
202100035542,138 179,B01,2,30,0,2,1,2,1,
202100035543,138 176,A01,1,32,0,2,1,1,1,
202100035543,138 177,B01,0,1,0,2,1,1,5,
202100035544,138 174,A01,2,7,0,2,2,2,1,
202100035544,138 175,B01,2,31,0,2,8,23,1,
202100035545,138 172,Z01,1,7,0,2,1,2,1,
202100035545,138 173,A01,1,30,0,2,4,23,1,
202100035546,138 170,A01,2,30,0,2,1,2,3,
202100035546,138 171,B01,2,7,0,2,6,23,2,
202100035547,138 169,A01,2,7,0,1,1,1,2,
202100035548,138 167,A01,3,32,0,2,4,23,1,
202100035548,138 168,Z01,3,7,0,2,1,1,1,
202100035549,138 165,A01,2,1,0,2,0,14,5,
202100035549,138 166,B01,1,1,0,2,0,1,5,
202100035550,138 164,A01,0,1,0,0,0,1,5,
202100035551,138 163,A01,1,50,14,0,1,14,3,
202100035552,138 162,A01,1,1,14,0,1,14,5,
202100035553,138 161,A01,1,1,14,0,1,14,5,
202100035554,138 159,B01,1,1,0,2,7,1,5,
202100035554,138 160,A01,1,10,0,2,3,15,1,
202100035555,138 157,B01,3,1,0,9,1,1,0,
202100035555,138 158,A01,3,1,0,9,1,16,5,
202100035556,138 156,A01,1,15,0,1,2,1,1,
202100035557,138 154,B01,2,7,0,2,3,1,1,
202100035557,138 155,A01,1,30,0,2,3,5,1,
202100035558,138 153,A01,3,33,15,0,1,1,1,
202100035559,138 152,A01,2,7,0,1,3,10,1,
202100035560,138 150,B01,2,10,0,2,4,9,1,
202100035560,138 151,A01,1,33,0,2,1,2,1,