Num_Acc,id_vehicule,num_veh,senc,catv,obs,obsm,choc,manv,motor,occutc
202100036136,137 091,A01,-1,1,0,0,0,1,5,
202100036137,137 090,A01,1,33,7,0,2,1,1,
202100036138,137 088,B01,3,33,8,0,7,21,1,
202100036138,137 089,A01,3,7,0,0,0,9,0,
202100036139,137 086,A01,2,7,0,2,7,15,1,
202100036139,137 087,B01,1,1,0,2,1,18,5,
202100036140,137 084,A01,2,7,0,0,8,15,1,
202100036140,137 085,B01,1,2,0,2,1,1,1,
202100036141,137 083,A01,3,17,0,1,0,1,1,
202100036142,137 080,C01,3,1,0,2,0,2,5,
202100036142,137 081,B01,3,1,0,2,0,1,5,
202100036142,137 082,A01,3,1,0,2,4,17,5,
202100036143,137 078,B01,2,7,0,2,8,15,1,
202100036143,137 079,A01,1,2,0,2,1,1,1,
202100036144,137 077,A01,1,33,4,0,7,1,1,
202100036145,137 076,A01,1,1,0,0,0,26,5,
202100036146,137 074,A01,2,7,0,2,1,13,1,
202100036146,137 075,B01,1,7,0,2,1,0,1,
202100036147,137 072,B01,2,7,0,2,1,1,1,
202100036147,137 073,A01,1,7,0,2,3,16,1,
202100036148,137 070,B01,2,13,0,2,3,1,1,
202100036148,137 071,A01,1,7,0,2,3,1,1,
202100036149,137 069,A01,1,33,0,0,8,1,1,
202100036150,137 068,A01,2,15,0,0,0,1,1,
202100036151,137 067,A01,0,31,2,0,1,0,1,
202100036152,137 065,A01,0,7,0,2,1,2,1,
202100036152,137 066,B01,0,7,0,0,4,15,1,
202100036153,137 064,A01,2,7,8,0,2,21,1,
202100036154,137 063,A01,2,2,13,0,1,14,1,
202100036155,137 062,A01,1,7,2,0,3,1,1,
202100036156,137 060,B01,1,7,0,0,6,15,1,
202100036156,137 061,A01,1,7,0,0,2,1,1,
202100036157,137 059,A01,1,7,1,0,0,2,1,
202100036158,137 058,A01,1,33,0,0,9,2,1,
202100036159,137 057,A01,1,7,4,0,1,9,1,
202100036160,137 055,A01,2,10,0,2,1,15,1,
202100036160,137 056,B01,1,7,0,2,1,1,1,
202100036161,137 054,A01,2,7,0,0,0,1,1,
202100036162,137 053,A01,2,7,17,0,3,1,1,
202100036163,137 051,A01,3,1,0,2,0,1,5,
202100036163,137 052,B01,3,7,0,9,3,1,1,
202100036164,137 049,A01,2,7,0,0,3,15,1,
202100036164,137 050,B01,1,15,0,2,2,1,1,
202100036165,137 048,A01,1,7,9,9,7,26,1,
202100036166,137 045,A01,2,7,13,0,9,17,1,
202100036167,137 043,A01,1,10,0,2,2,2,1,
202100036167,137 044,B01,1,15,0,0,0,1,1,
202100036168,137 041,A01,2,33,0,2,1,17,1,
202100036168,137 042,B01,2,7,0,2,6,15,1,
202100036169,137 039,A01,3,2,0,2,1,1,1,
202100036169,137 040,B01,0,7,0,0,3,1,1,
202100036170,137 037,A01,2,7,0,2,6,15,2,
202100036170,137 038,B01,2,33,0,2,1,2,1,
202100036171,137 036,A01,1,33,0,5,1,1,1,
202100036172,137 035,A01,2,10,13,0,2,2,1,
202100036173,137 033,A01,0,2,0,2,1,2,1,
202100036173,137 034,B01,3,7,0,0,4,1,1,
202100036174,137 032,A01,3,10,0,1,1,1,1,
202100036175,137 031,A01,1,7,17,0,3,13,1,
202100036176,137 030,A01,2,7,2,0,7,14,1,
202100036177,137 028,B01,3,1,0,2,1,0,5,
202100036177,137 029,A01,0,7,0,9,2,0,1,
202100036178,137 026,B01,1,7,0,0,8,1,1,
202100036178,137 027,A01,2,33,0,2,8,17,1,
202100036179,137 024,B01,1,7,0,2,1,13,1,
202100036179,137 025,A01,2,7,0,2,1,1,1,
202100036180,137 022,B01,2,2,0,2,1,1,1,
202100036180,137 023,A01,1,7,0,2,2,15,1,
202100036181,137 020,B01,1,7,6,0,1,24,1,
202100036181,137 021,A01,1,7,1,0,1,1,1,
202100036182,137 018,A01,0,7,0,2,1,1,1,
202100036182,137 019,B01,0,7,0,2,1,13,1,
202100036183,137 016,A01,1,7,0,2,7,19,1,
202100036183,137 017,B01,1,7,0,2,1,1,1,
202100036184,137 015,A01,3,38,0,1,7,20,1,1.0
202100036185,137 013,A01,3,7,0,2,2,20,1,
202100036185,137 014,B01,3,2,0,2,1,1,1,
202100036186,137 012,A01,1,33,0,0,7,6,1,
202100036187,137 010,A01,2,7,0,2,2,9,1,
202100036187,137 011,B01,1,31,0,2,7,17,1,
202100036188,137 009,A01,1,7,13,0,1,0,1,
202100036189,137 008,A01,1,32,14,0,8,26,1,
202100036190,137 006,B01,1,7,0,2,4,1,1,
202100036190,137 007,A01,1,7,0,2,1,1,1,
202100036191,137 004,A01,2,10,0,2,6,1,1,
202100036191,137 005,B01,2,33,3,2,3,17,1,
202100036192,136 999,C01,2,7,0,2,4,2,1,
202100036192,137 000,D01,2,7,0,2,4,1,1,
202100036192,137 001,E01,2,14,0,2,1,1,1,
202100036192,137 002,A01,2,7,0,2,4,1,1,
202100036192,137 003,B01,2,7,0,2,4,1,1,
202100036193,136 997,B01,1,33,0,2,1,1,1,
202100036193,136 998,A01,1,7,0,2,4,26,1,
202100036194,136 994,C01,1,7,0,2,1,2,1,
202100036194,136 995,B01,2,7,0,2,1,2,1,
202100036194,136 996,A01,2,7,0,2,4,2,1,
202100036195,136 990,A01,2,7,0,2,4,2,1,
202100036195,136 991,B01,2,32,0,2,1,2,1,
202100036196,136 989,A01,2,7,4,0,1,26,1,
202100036197,136 987,A01,2,7,0,2,1,2,1,
202100036197,136 988,B01,2,7,0,0,0,0,1,
202100036198,136 985,B01,2,7,0,0,4,2,1,
202100036198,136 986,A01,2,10,0,2,1,1,1,
202100036199,136 983,B01,2,33,0,2,1,3,1,
202100036199,136 984,A01,2,7,0,2,4,2,1,
202100036200,136 981,B01,1,7,0,2,5,2,1,
202100036200,136 982,A01,1,33,0,2,3,12,1,
202100036201,136 980,A01,2,7,4,0,1,1,1,
202100036202,136 978,A01,1,7,0,2,2,0,1,
202100036202,136 979,B01,1,7,0,0,6,0,1,
202100036203,136 977,A01,2,31,4,0,0,26,1,
202100036204,136 975,A01,1,7,0,2,2,2,1,
202100036204,136 976,B01,1,33,0,2,4,1,1,
202100036205,136 973,B01,2,7,0,2,4,2,1,
202100036205,136 974,A01,2,7,0,2,1,2,1,
202100036206,136 970,A01,2,7,0,2,1,2,1,
202100036206,136 971,B01,2,7,0,2,4,2,1,
202100036206,136 972,C01,2,7,0,2,4,2,1,
202100036207,136 968,A01,1,7,0,2,1,2,1,
202100036207,136 969,B01,1,7,0,2,4,2,1,
202100036208,136 967,A01,1,7,4,0,3,9,1,
202100036209,136 965,A01,2,7,0,2,5,1,1,
202100036209,136 966,B01,2,33,0,2,1,3,1,
202100036210,136 962,A01,1,7,0,2,1,1,1,
202100036210,136 963,B01,1,7,0,2,4,9,1,
202100036210,136 964,C01,1,7,0,2,4,1,1,
202100036211,136 960,B01,2,14,0,2,3,1,1,
202100036211,136 961,A01,2,7,4,2,9,1,1,
202100036212,136 959,A01,1,7,0,1,0,1,1,
202100036213,136 958,A01,2,7,0,1,1,1,1,
202100036214,136 956,A01,1,32,0,2,6,26,1,
202100036214,136 957,B01,1,7,0,2,1,0,1,
202100036215,136 955,A01,1,7,0,1,3,15,1,
202100036216,136 954,A01,3,7,12,0,1,1,1,
202100036217,136 952,B01,1,2,0,2,1,1,1,
202100036217,136 953,A01,1,10,0,9,2,16,1,
202100036218,136 950,B01,2,7,0,2,1,1,1,
202100036218,136 951,A01,1,7,0,2,8,1,1,
202100036219,136 949,A01,1,50,0,1,1,25,3,
202100036220,136 947,A01,2,7,0,2,1,15,1,
202100036220,136 948,B01,1,1,0,2,1,1,5,
202100036221,136 945,B01,1,7,0,2,1,1,1,
202100036221,136 946,A01,1,7,0,2,1,1,1,
202100036222,136 943,B01,1,33,0,2,1,7,1,
202100036222,136 944,A01,1,7,0,2,2,16,2,
202100036223,136 941,B01,2,1,0,2,1,1,5,
202100036223,136 942,A01,1,7,0,2,3,15,1,
202100036224,136 939,A01,3,32,0,2,5,1,1,
202100036224,136 940,B01,3,10,0,2,1,16,1,
202100036225,136 935,B01,2,7,0,2,8,1,1,
202100036225,136 936,A01,1,7,0,2,3,13,1,
202100036225,136 937,C01,2,7,0,2,1,1,1,
202100036226,136 933,A01,1,7,0,2,1,13,1,
202100036226,136 934,B01,1,7,0,2,1,0,1,
202100036227,136 932,A01,0,7,0,1,1,1,1,
202100036228,136 930,A01,0,7,0,2,3,1,1,
202100036228,136 931,B01,0,7,0,2,3,1,1,
202100036229,136 926,B01,2,60,0,2,0,0,5,
202100036229,136 927,A01,1,7,0,9,3,9,1,
202100036230,136 924,B01,1,33,0,2,2,17,1,
202100036230,136 925,A01,1,7,0,2,3,10,1,
202100036231,136 923,A01,1,7,0,1,5,1,1,
202100036232,136 919,B01,1,33,0,2,1,2,1,
202100036232,136 920,A01,1,7,0,2,6,23,1,
202100036233,136 917,A01,3,10,0,2,3,15,1,
202100036233,136 918,B01,1,7,0,2,7,1,1,
202100036234,136 915,B01,1,30,0,2,3,26,1,
202100036234,136 916,A01,1,7,0,2,3,9,1,
202100036235,136 913,A01,3,10,0,2,2,26,1,
202100036235,136 914,B01,3,2,0,2,1,0,1,
202100036236,136 912,A01,2,7,0,1,2,1,1,
202100036237,136 911,A01,0,33,0,1,2,26,1,
202100036238,136 909,B01,1,2,0,2,1,1,1,
202100036238,136 910,A01,3,7,0,2,8,1,1,
202100036239,136 907,A01,1,7,0,2,2,2,1,
202100036239,136 908,B01,1,1,0,2,4,1,5,
202100036240,136 905,B01,1,1,0,2,1,1,5,
202100036240,136 906,A01,2,7,0,2,6,9,1,
202100036241,136 903,A01,1,7,0,2,7,1,1,
202100036241,136 904,B01,1,30,0,2,8,11,0,
202100036242,136 902,A01,1,7,1,0,0,0,1,
202100036243,136 899,B01,3,10,0,2,3,1,1,
202100036243,136 900,C01,3,30,0,2,1,1,1,
202100036243,136 901,A01,3,7,0,2,1,13,1,
202100036244,136 895,B01,1,33,0,2,1,1,1,
202100036244,136 896,A01,1,7,0,2,8,15,1,
202100036245,136 892,C01,1,7,0,2,2,0,1,
202100036245,136 893,B01,1,7,0,2,8,1,1,
202100036245,136 894,A01,2,7,0,2,1,5,1,
202100036246,136 890,A01,3,10,0,2,5,15,1,
202100036246,136 891,B01,3,33,0,2,1,1,1,
202100036247,136 888,A01,1,7,0,2,3,15,0,
202100036247,136 889,B01,1,30,0,2,7,17,1,
202100036248,136 887,A01,1,34,0,0,0,1,1,
202100036249,136 886,A01,1,7,15,0,0,14,1,
202100036250,136 884,B01,2,7,0,2,2,1,1,
202100036250,136 885,A01,2,30,0,2,3,26,1,
202100036251,136 883,A01,1,30,3,0,1,1,1,
202100036252,136 879,A01,1,7,0,2,3,9,1,
202100036252,136 880,B01,1,7,0,2,7,1,1,
202100036253,136 877,A01,3,2,0,2,1,19,1,
202100036253,136 878,B01,3,10,0,2,1,1,1,
202100036254,136 875,A01,1,7,0,2,1,15,1,
202100036254,136 876,B01,1,7,0,2,1,1,1,
202100036255,136 874,A01,2,7,0,1,3,0,0,
202100036256,136 872,A01,1,7,0,2,8,1,1,
202100036256,136 873,Z01,0,7,0,2,1,15,1,
202100036257,136 871,A01,3,7,13,0,9,6,1,
202100036258,136 870,A01,1,10,0,1,2,16,1,
202100036259,136 867,B01,2,7,0,2,6,11,1,
202100036259,136 868,A01,2,33,0,2,2,3,1,
202100036260,136 865,A01,1,7,0,2,8,1,1,
202100036260,136 866,Z01,1,10,0,2,2,12,1,
202100036261,136 863,A01,2,7,0,2,1,2,1,
202100036261,136 864,B01,2,7,0,2,4,2,1,
202100036262,136 861,B01,2,7,0,2,3,1,1,
202100036262,136 862,A01,2,7,0,2,5,12,1,
202100036263,136 858,B01,3,7,0,2,8,2,2,
202100036263,136 859,C01,3,7,0,2,8,2,1,
202100036263,136 860,A01,3,7,0,2,2,13,0,
202100036264,136 856,A01,1,1,0,2,2,9,5,
202100036264,136 857,Z01,1,7,0,2,3,1,0,
202100036265,136 854,A01,1,80,0,2,2,1,3,
202100036265,136 855,B01,1,7,0,2,3,22,1,
202100036266,136 852,Z01,1,50,0,2,1,1,3,
202100036266,136 853,A01,1,1,0,2,2,5,5,
202100036267,136 850,A01,2,43,0,2,1,2,1,
202100036267,136 851,B01,2,43,0,2,4,23,1,
202100036268,136 848,B01,2,10,0,2,3,22,1,
202100036268,136 849,A01,2,1,0,2,1,1,5,
202100036269,136 847,A01,2,50,0,0,7,1,3,
202100036270,136 846,A01,1,60,0,0,0,14,5,
202100036271,136 845,A01,1,7,9,0,0,1,1,
202100036272,136 844,A01,0,10,0,1,1,0,0,
202100036273,136 842,A01,2,7,0,2,6,9,0,
202100036273,136 843,B01,2,7,0,2,2,1,1,
202100036274,136 840,B01,3,7,0,2,1,1,1,
202100036274,136 841,A01,3,7,0,2,2,15,1,
202100036275,136 838,B01,3,32,0,2,4,2,1,
202100036275,136 839,A01,3,7,0,2,1,2,1,
202100036276,136 836,A01,1,7,0,2,3,13,1,
202100036276,136 837,B01,1,7,0,2,3,1,1,
202100036277,136 833,A01,2,7,0,2,1,2,1,
202100036277,136 834,B01,2,7,0,2,4,1,1,
202100036277,136 835,C01,2,7,0,2,4,2,1,
202100036278,136 832,A01,1,31,0,1,1,17,0,
202100036279,136 830,B01,2,33,0,2,0,0,1,
202100036279,136 831,A01,2,10,0,2,1,26,1,
202100036280,136 828,A01,1,10,0,2,2,15,1,
202100036280,136 829,B01,1,7,0,2,3,1,1,
202100036281,136 827,A01,2,30,2,0,1,25,1,
202100036282,136 825,A01,1,7,0,2,3,16,1,
202100036282,136 826,B01,1,2,0,2,1,2,1,
202100036283,136 823,B01,1,7,0,2,1,2,1,
202100036283,136 824,A01,1,7,9,0,4,23,1,
202100036284,136 822,A01,3,7,0,1,3,26,2,
202100036285,136 820,A01,1,7,0,2,3,10,1,
202100036285,136 821,B01,1,1,0,2,1,1,5,
202100036286,136 819,A01,2,7,0,1,1,11,1,
202100036287,136 818,A01,2,7,8,1,5,20,1,
202100036288,136 817,A01,2,36,4,0,6,15,1,
202100036289,136 815,B01,2,30,0,2,1,1,1,
202100036289,136 816,A01,1,7,0,2,8,1,1,
202100036290,136 813,B01,2,7,0,0,6,1,1,
202100036290,136 814,A01,2,7,0,2,2,1,2,
202100036291,136 812,A01,0,21,13,0,0,0,1,
202100036292,136 811,A01,0,7,8,0,5,26,1,
202100036293,136 810,A01,2,7,13,0,1,1,1,
202100036294,136 809,A01,1,7,13,0,7,1,1,
202100036295,136 808,A01,1,7,0,1,1,1,1,
202100036296,136 807,A01,0,7,2,0,1,0,1,
202100036297,136 806,A01,1,7,15,0,3,13,1,
202100036298,136 804,B01,1,10,13,2,7,1,1,
202100036298,136 805,A01,1,7,3,2,1,9,1,
202100036299,136 802,A01,2,10,6,2,1,13,1,
202100036299,136 803,B01,1,7,6,2,1,1,1,
202100036300,136 800,B01,2,2,14,0,0,21,1,
202100036300,136 801,A01,3,1,0,0,0,16,5,
202100036301,136 799,A01,2,33,3,0,1,1,1,
202100036302,136 797,B01,1,7,0,2,1,1,1,
202100036302,136 798,A01,2,7,0,2,1,5,1,
202100036303,136 796,A01,2,7,0,0,9,1,1,
202100036304,136 794,B01,1,7,0,2,8,13,1,
202100036304,136 795,A01,1,33,0,2,7,17,1,
202100036305,136 793,A01,1,33,12,0,1,1,1,
202100036306,136 790,B01,1,1,0,0,8,1,5,
202100036306,136 791,C01,1,1,0,2,3,1,5,
202100036306,136 792,A01,1,7,0,2,2,19,1,
202100036307,136 788,B01,3,7,0,2,2,1,1,
202100036307,136 789,A01,3,2,0,2,1,5,1,
202100036308,136 785,B01,2,7,3,0,4,1,1,
202100036308,136 786,A01,2,10,0,2,2,11,1,
202100036309,136 784,A01,2,32,13,0,8,1,1,
202100036310,136 783,A01,1,7,6,0,1,1,1,
202100036311,136 782,A01,1,7,13,0,2,1,1,
202100036312,136 780,A01,1,7,0,2,1,1,1,
202100036312,136 781,B01,2,7,0,2,1,1,1,
202100036313,136 779,A01,3,7,2,0,1,1,1,
202100036314,136 778,A01,1,2,0,0,8,1,1,
202100036315,136 777,A01,1,7,13,0,1,1,1,
202100036316,136 775,B01,3,33,0,2,3,18,1,
202100036316,136 776,A01,3,33,0,2,7,1,1,
202100036317,136 774,A01,3,7,13,0,0,1,1,
202100036318,136 773,A01,3,10,2,0,1,1,1,
202100036319,136 770,A01,1,7,8,0,1,1,1,
202100036320,136 769,A01,2,7,13,0,0,1,1,
202100036321,136 767,B01,3,2,0,0,8,1,1,
202100036321,136 768,A01,3,7,0,2,1,1,1,
202100036322,136 766,A01,1,33,13,0,1,1,1,
202100036323,136 764,B01,2,7,0,2,3,1,1,
202100036323,136 765,A01,1,7,0,2,3,1,1,
202100036324,136 762,A01,1,7,0,2,1,17,1,
202100036324,136 763,B01,2,7,0,2,3,1,1,
202100036325,136 761,A01,0,1,13,0,2,1,5,
202100036326,136 759,A01,2,33,0,2,1,14,1,
202100036326,136 760,B01,1,7,0,2,5,15,1,
202100036327,136 757,A01,1,33,0,2,1,17,1,
202100036327,136 758,B01,1,7,0,2,4,2,1,
202100036328,136 756,A01,1,33,6,0,1,21,1,
202100036329,136 753,A01,1,7,0,2,6,2,1,
202100036329,136 754,B01,1,7,0,2,1,2,1,
202100036329,136 755,C01,2,7,0,2,1,1,1,
202100036330,136 752,A01,1,31,15,0,1,1,1,
202100036331,136 751,A01,1,7,13,0,2,0,1,
202100036332,136 750,A01,1,34,0,6,1,1,1,
202100036333,136 749,A01,2,33,16,0,1,1,1,
202100036334,136 747,B01,1,99,0,0,6,1,1,
202100036334,136 748,A01,1,7,0,2,1,17,1,
202100036335,136 745,A01,2,10,0,0,1,2,1,
202100036335,136 746,B01,2,7,0,2,4,2,1,
202100036336,136 744,A01,2,7,4,0,1,11,1,
202100036337,136 743,A01,1,2,13,0,0,1,1,
202100036338,136 742,A01,2,7,0,1,7,1,1,
202100036339,136 741,A01,2,7,1,0,8,1,1,
202100036340,136 740,A01,0,7,0,0,1,26,1,
202100036341,136 739,A01,2,31,0,0,0,16,1,
202100036342,136 737,B01,1,33,0,2,8,1,1,
202100036342,136 738,A01,1,7,0,2,7,17,1,
202100036343,136 735,A01,1,7,0,2,3,15,1,
202100036343,136 736,B01,2,7,0,2,1,1,1,
202100036344,136 734,A01,1,33,6,0,7,1,1,
202100036345,136 732,A01,1,7,0,2,3,13,1,
202100036345,136 733,B01,2,33,0,2,1,1,1,
202100036346,136 730,B01,2,33,0,2,8,1,1,
202100036346,136 731,A01,1,7,0,2,2,15,1,
202100036347,136 728,A01,2,7,0,2,3,13,1,
202100036347,136 729,B01,1,33,0,2,1,1,1,
202100036348,136 726,A01,2,7,0,2,1,21,1,
202100036348,136 727,B01,1,7,0,2,1,21,1,
202100036349,136 725,A01,1,33,0,0,7,1,1,
202100036350,136 723,A01,0,7,0,0,6,23,1,
202100036350,136 724,B01,0,7,0,2,1,1,1,
202100036351,136 720,C01,1,37,0,2,1,2,1,2.0
202100036351,136 721,B01,1,7,0,2,4,2,1,
202100036351,136 722,A01,1,7,0,2,4,1,1,
202100036352,136 718,B01,1,7,0,2,1,2,1,
202100036352,136 719,A01,1,7,0,2,4,9,1,
202100036353,136 715,C01,1,7,14,0,1,2,1,
202100036353,136 716,B01,1,7,14,0,1,2,1,
202100036353,136 717,A01,1,7,3,0,1,2,1,
202100036354,136 714,A01,2,33,16,0,0,9,1,
202100036355,136 712,A01,2,7,0,2,6,1,1,
202100036355,136 713,Z01,2,7,0,2,2,1,1,
202100036356,136 710,B01,2,7,0,2,8,21,1,
202100036356,136 711,A01,2,33,0,2,7,1,1,
202100036357,136 708,A01,1,33,0,2,1,2,1,
202100036357,136 709,B01,1,7,0,2,5,1,1,
202100036358,136 706,A01,1,7,3,0,4,1,1,
202100036358,136 707,B01,1,7,0,2,1,2,1,
202100036359,136 705,A01,3,7,0,1,1,1,1,
202100036360,136 704,A01,1,7,0,1,5,1,1,
202100036361,136 703,A01,2,7,0,1,3,1,1,
202100036362,136 701,A01,2,7,0,2,3,1,1,
202100036362,136 702,B01,1,7,0,2,3,1,1,
202100036363,136 700,A01,1,7,0,1,1,2,1,
202100036364,136 699,A01,2,10,0,1,1,1,1,
202100036365,136 698,A01,3,7,0,1,1,1,1,
202100036366,136 697,A01,2,7,9,0,1,0,1,
202100036367,136 695,B01,2,7,0,2,4,1,1,
202100036367,136 696,A01,2,31,0,2,1,1,1,
202100036368,136 693,B01,1,1,0,4,4,19,5,
202100036368,136 694,A01,2,40,0,2,1,1,3,
202100036369,136 692,A01,3,0,0,1,0,0,0,
202100036370,136 690,A01,2,7,0,2,7,16,1,
202100036370,136 691,B01,2,1,0,2,1,2,0,
202100036371,136 689,A01,1,7,0,1,1,16,1,
202100036372,136 687,B01,1,7,0,2,5,1,0,
202100036372,136 688,A01,1,7,0,2,2,18,0,
202100036373,136 686,A01,3,7,0,1,1,1,1,
202100036374,136 684,A01,1,7,0,2,6,9,1,
202100036374,136 685,B01,1,7,0,2,5,1,1,
202100036375,136 682,A01,3,7,0,2,2,15,1,
202100036375,136 683,B01,3,7,0,2,1,0,1,
202100036376,136 680,A01,2,43,0,2,4,13,1,
202100036376,136 681,B01,2,10,0,2,1,1,1,
202100036377,136 679,A01,1,7,1,2,1,1,1,
202100036378,136 678,A01,1,99,6,0,1,26,0,
202100036379,136 676,A01,1,7,0,2,3,19,1,
202100036379,136 677,B01,1,7,0,2,2,1,1,
202100036380,136 674,B01,0,33,0,2,7,1,1,
202100036380,136 675,A01,0,7,0,2,1,9,1,
202100036381,136 672,B01,1,21,0,2,8,15,1,
202100036381,136 673,A01,1,13,0,2,1,17,1,
202100036382,136 670,B01,2,7,0,2,1,1,1,
202100036382,136 671,A01,1,7,12,2,4,13,1,
202100036383,136 669,A01,2,35,0,0,0,1,1,
202100036384,136 667,A01,3,32,0,2,9,1,1,
202100036384,136 668,B01,3,7,0,2,4,1,3,
202100036385,136 665,B01,3,31,0,2,1,1,1,
202100036385,136 666,A01,3,7,0,2,3,15,1,
202100036386,136 664,A01,3,7,1,1,3,17,1,
202100036387,136 662,A01,0,33,0,2,1,17,1,
202100036387,136 663,B01,0,7,0,2,1,15,1,
202100036388,136 661,A01,0,7,0,1,1,15,1,
202100036389,136 659,A01,0,10,0,2,1,12,1,
202100036389,136 660,B01,0,7,0,2,4,1,2,
202100036390,136 658,A01,3,7,15,0,1,26,1,
202100036391,136 656,A01,1,7,0,2,1,13,1,
202100036391,136 657,B01,2,7,0,2,1,1,1,
202100036392,136 655,A01,0,7,0,1,3,0,1,
202100036393,136 653,A01,1,7,0,2,1,2,1,
202100036393,136 654,B01,1,7,0,2,4,2,1,
202100036394,136 650,A01,1,7,0,2,1,2,1,
202100036394,136 651,C01,1,7,0,2,4,2,1,
202100036394,136 652,B01,1,7,0,2,4,2,1,
202100036395,136 646,A01,2,7,10,2,1,13,1,
202100036395,136 647,C01,1,7,0,2,5,21,1,
202100036395,136 648,D01,1,7,10,2,7,21,1,
202100036395,136 649,B01,1,7,0,2,6,21,1,
202100036396,136 644,B01,2,31,0,2,6,1,1,
202100036396,136 645,A01,1,7,0,2,3,15,1,
202100036397,136 642,A01,1,1,0,2,0,19,5,
202100036397,136 643,Z01,2,7,0,2,0,1,1,
202100036398,136 640,A01,1,7,0,2,1,13,1,
202100036398,136 641,B01,1,7,0,2,1,0,1,
202100036399,136 638,B01,2,7,0,2,1,1,1,
202100036399,136 639,A01,1,7,0,2,1,9,1,
202100036400,136 637,A01,2,7,0,1,3,1,1,
202100036401,136 636,A01,1,30,0,0,0,1,3,
202100036402,136 633,A01,3,7,0,2,3,13,1,
202100036402,136 634,B01,3,7,0,2,3,1,2,
202100036402,136 635,C01,3,7,0,2,3,1,1,
202100036403,136 631,A01,1,7,0,2,1,2,1,
202100036403,136 632,B01,1,33,0,2,4,1,1,
202100036404,136 629,A01,2,10,0,2,1,19,0,
202100036404,136 630,B01,2,10,0,2,7,1,1,
202100036405,136 628,A01,1,10,0,1,1,1,-1,
202100036406,136 627,A01,1,7,0,1,4,20,1,
202100036407,136 625,A01,1,1,0,2,1,25,5,
202100036407,136 626,B01,2,7,0,2,6,16,1,
202100036408,136 623,A01,1,1,0,2,1,25,5,
202100036408,136 624,B01,2,7,0,2,7,23,1,
202100036409,136 620,A01,2,7,0,2,1,1,2,
202100036409,136 621,C01,2,7,0,2,1,23,1,
202100036409,136 622,B01,1,7,0,2,8,1,1,
202100036410,136 618,B01,1,10,0,2,4,1,1,
202100036410,136 619,A01,1,15,0,2,1,2,1,
202100036411,136 616,A01,1,7,0,9,3,10,1,
202100036411,136 617,B01,1,33,0,2,1,1,1,
202100036412,136 614,A01,1,7,0,2,8,16,1,
202100036412,136 615,B01,1,7,0,2,7,1,1,
202100036413,136 613,Z01,1,7,0,1,1,1,0,
202100036414,136 612,A01,1,10,0,1,1,26,1,
202100036415,136 611,A01,1,7,0,1,1,1,1,
202100036416,136 609,A01,0,7,0,2,1,1,1,
202100036416,136 610,B01,0,33,0,2,4,1,1,
202100036417,136 608,A01,1,10,0,1,1,1,1,
202100036418,136 606,B01,2,2,0,0,0,0,1,
202100036418,136 607,A01,1,7,0,2,2,26,1,
202100036419,136 605,A01,1,7,14,0,3,1,1,
202100036420,136 604,A01,1,30,0,0,3,26,1,
202100036421,136 602,A01,1,7,0,2,1,26,1,
202100036421,136 603,B01,1,10,0,2,4,26,1,
202100036422,136 601,A01,1,80,0,0,2,26,3,
202100036423,136 600,A01,1,2,0,0,3,26,1,
202100036424,136 599,A01,3,1,0,1,1,19,5,
202100036425,136 598,A01,3,10,0,1,1,15,0,
202100036426,136 596,A01,3,7,0,2,1,15,1,
202100036426,136 597,B01,3,1,0,2,3,19,5,
202100036427,136 594,A01,3,1,0,2,5,9,5,
202100036427,136 595,B01,0,7,0,2,3,1,1,
202100036428,136 593,A01,3,7,12,0,1,16,1,
202100036429,136 591,B01,2,7,0,2,4,23,1,
202100036429,136 592,A01,2,1,0,2,1,1,5,
202100036430,136 590,A01,3,10,6,0,1,0,1,
202100036431,136 588,B01,1,1,0,2,4,1,5,
202100036431,136 589,A01,2,7,0,2,2,16,1,
202100036432,136 584,A01,2,7,0,2,1,2,1,
202100036432,136 585,B01,2,7,0,2,4,2,1,
202100036432,136 586,C01,2,7,0,2,4,2,1,
202100036432,136 587,D01,2,7,0,2,4,2,1,
202100036433,136 582,B01,2,7,0,2,3,1,1,
202100036433,136 583,A01,1,31,0,2,1,15,3,
202100036434,136 581,Z01,2,7,0,1,1,26,1,
202100036435,136 580,A01,2,7,0,1,2,15,1,
202100036436,136 578,A01,1,1,0,2,2,17,5,
202100036436,136 579,B01,1,10,0,2,3,15,1,
202100036437,136 576,B01,2,7,0,0,7,1,1,
202100036437,136 577,A01,0,7,0,2,1,9,1,
202100036438,136 574,B01,2,7,0,2,3,1,1,
202100036438,136 575,A01,1,7,0,2,3,13,1,
202100036439,136 571,C01,3,7,0,2,7,1,1,
202100036439,136 572,B01,3,7,0,2,6,2,1,
202100036439,136 573,A01,3,7,0,2,2,9,0,
202100036440,136 570,A01,2,7,0,1,3,1,1,
202100036441,136 568,A01,1,33,5,2,7,17,1,
202100036441,136 569,B01,1,7,5,2,8,1,1,
202100036442,136 566,B01,1,7,0,2,4,1,1,
202100036442,136 567,A01,1,33,0,2,1,1,1,
202100036443,136 564,B01,2,2,0,2,1,1,1,
202100036443,136 565,A01,1,7,0,2,1,15,1,
202100036444,136 562,A01,2,33,0,2,7,1,1,
202100036444,136 563,Z01,2,10,0,2,3,1,1,
202100036445,136 559,A01,2,34,0,2,2,17,1,
202100036445,136 560,B01,2,7,0,2,3,2,1,