Num_Acc,id_vehicule,num_veh,senc,catv,obs,obsm,choc,manv,motor,occutc
202100037042,135 487,B01,1,33,0,2,4,17,1,
202100037043,135 485,A01,1,30,0,1,1,1,3,
202100037044,135 483,B01,1,7,0,2,7,22,1,
202100037044,135 484,A01,3,1,0,2,1,18,5,
202100037045,135 481,A01,3,10,0,2,2,1,1,
202100037045,135 482,B01,0,43,0,2,1,16,1,
202100037046,135 479,B01,2,7,0,2,4,2,1,
202100037046,135 480,A01,2,30,0,2,1,2,1,
202100037047,135 478,A01,1,30,1,0,1,13,3,
202100037048,135 476,A01,1,7,0,2,2,15,2,
202100037048,135 477,B01,2,30,0,2,1,1,1,
202100037049,135 474,A01,3,7,0,2,8,22,1,
202100037049,135 475,B01,3,30,0,2,1,3,1,
202100037050,135 473,A01,0,30,0,1,7,26,3,
202100037051,135 472,A01,2,7,0,1,5,1,1,
202100037052,135 470,B01,1,32,0,2,6,20,1,
202100037052,135 471,A01,3,10,0,2,8,1,1,
202100037053,135 468,A01,1,32,0,2,1,18,1,
202100037053,135 469,B01,1,7,0,2,5,2,1,
202100037054,135 467,A01,3,1,12,0,7,14,5,
202100037055,135 465,B01,2,7,0,2,3,16,1,
202100037055,135 466,A01,2,33,0,2,3,18,1,
202100037056,135 463,B01,0,1,0,2,7,19,5,
202100037056,135 464,A01,0,32,0,2,1,17,1,
202100037057,135 462,A01,0,7,14,0,1,1,1,
202100037058,135 460,A01,1,7,0,2,7,17,1,
202100037058,135 461,B01,1,1,0,2,8,2,5,
202100037059,135 458,B01,1,14,0,2,3,1,1,
202100037059,135 459,A01,1,30,0,2,1,13,1,
202100037060,135 456,B01,2,37,0,2,7,1,1,2.0
202100037060,135 457,A01,2,37,0,2,3,9,1,1.0
202100037061,135 454,C01,2,1,0,2,6,1,5,
202100037061,135 455,A01,2,7,0,2,2,1,1,
202100037062,135 453,A01,1,30,0,0,7,1,1,
202100037063,135 451,B01,1,1,0,2,3,13,5,
202100037063,135 452,A01,2,7,0,2,2,14,1,
202100037064,135 449,A01,3,30,0,2,0,1,1,
202100037064,135 450,B01,3,7,0,2,3,1,1,
202100037065,135 447,B01,3,7,0,2,5,9,1,
202100037065,135 448,A01,3,7,0,2,1,26,1,
202100037066,135 445,B01,0,7,0,2,1,2,1,
202100037066,135 446,A01,0,7,0,2,4,0,1,
202100037067,135 443,A01,3,3,0,2,1,26,1,
202100037067,135 444,B01,3,7,0,2,1,1,1,
202100037068,135 442,A01,0,99,0,1,0,25,0,
202100037069,135 440,B01,2,7,0,2,8,1,1,
202100037069,135 441,A01,1,7,0,2,1,1,1,
202100037070,135 438,B01,1,7,0,2,1,19,1,
202100037070,135 439,A01,2,30,0,2,8,21,1,
202100037071,135 437,A01,1,7,0,1,2,15,0,
202100037072,135 435,A01,3,7,0,2,1,2,1,
202100037072,135 436,B01,3,10,0,2,4,0,1,
202100037073,135 433,B01,1,7,0,2,7,16,1,
202100037073,135 434,A01,1,2,0,2,1,18,1,
202100037074,135 431,A01,1,14,0,2,2,2,1,
202100037074,135 432,B01,1,7,0,2,6,1,1,
202100037075,135 430,A01,1,30,0,0,1,13,1,
202100037076,135 428,B01,1,10,0,2,2,9,1,
202100037076,135 429,A01,1,33,1,2,1,19,1,
202100037077,135 426,B01,3,50,0,2,8,1,3,
202100037077,135 427,A01,3,7,0,2,2,16,1,
202100037078,135 424,A01,3,34,0,2,6,1,1,
202100037078,135 425,B01,3,7,0,2,2,16,1,
202100037079,135 422,B01,1,7,0,0,2,0,0,
202100037079,135 423,A01,1,2,0,2,2,3,1,
202100037080,135 420,A01,0,30,0,1,1,5,0,
202100037081,135 419,A01,1,7,13,0,2,14,1,
202100037082,135 417,B01,2,7,0,0,1,1,1,
202100037082,135 418,A01,1,10,0,0,2,1,1,
202100037083,135 416,A01,0,2,0,0,0,1,1,
202100037084,135 415,A01,2,14,2,0,1,1,1,
202100037085,135 414,A01,2,2,12,0,3,13,1,
202100037086,135 413,A01,1,7,0,1,2,1,1,
202100037087,135 411,B01,3,7,0,2,3,1,1,
202100037087,135 412,A01,3,7,0,2,3,1,1,
202100037088,135 409,B01,3,10,0,2,3,1,1,
202100037088,135 410,A01,3,7,0,2,3,13,1,
202100037089,135 406,A01,3,36,13,0,1,13,1,
202100037090,135 405,A01,2,33,9,0,7,1,1,
202100037091,135 404,A01,1,7,0,0,0,17,1,
202100037092,135 401,A01,1,7,6,0,3,13,1,
202100037093,135 399,A01,1,7,0,2,3,1,1,
202100037093,135 400,B01,2,7,0,2,3,1,1,
202100037094,135 398,A01,2,33,4,0,2,15,1,
202100037095,135 397,A01,3,31,0,0,0,1,1,
202100037096,135 396,A01,0,7,9,0,3,1,1,
202100037097,135 394,B01,2,7,0,2,3,17,1,
202100037097,135 395,A01,1,7,0,2,3,13,1,
202100037098,135 392,B01,2,7,0,2,6,26,1,
202100037098,135 393,A01,2,7,0,2,1,19,1,
202100037099,135 391,A01,3,80,12,0,0,1,3,
202100037100,135 390,A01,2,7,13,0,2,1,1,
202100037101,135 388,B01,1,10,0,0,3,15,1,
202100037101,135 389,A01,1,33,0,2,1,2,1,
202100037102,135 383,B01,2,33,0,2,1,13,1,
202100037102,135 384,A01,1,7,0,2,1,1,1,
202100037103,135 381,A01,0,7,0,2,3,9,1,
202100037103,135 382,B01,1,38,0,2,2,1,1,1.0
202100037104,135 379,B01,2,7,0,2,3,1,1,
202100037104,135 380,A01,2,1,0,2,1,9,5,
202100037105,135 377,A01,1,7,0,2,3,1,1,
202100037105,135 378,B01,2,7,0,2,3,1,1,
202100037106,135 375,D01,1,17,0,0,0,1,1,
202100037106,135 376,A01,2,10,1,0,1,1,1,
202100037107,135 374,A01,3,36,13,0,1,0,1,
202100037108,135 372,B01,2,33,0,2,1,17,1,
202100037108,135 373,A01,2,21,0,0,3,15,1,
202100037109,135 370,B01,3,10,1,2,3,5,1,
202100037109,135 371,A01,3,7,0,0,3,23,1,
202100037110,135 368,C01,1,16,1,0,1,1,1,
202100037110,135 369,A01,1,17,0,0,4,23,1,
202100037111,135 366,A01,1,1,0,2,1,1,5,
202100037111,135 367,B01,1,10,0,2,7,19,1,
202100037112,135 364,B01,2,38,0,2,6,16,1,1.0
202100037112,135 365,A01,2,33,0,2,1,3,1,
202100037113,135 360,D01,1,7,0,2,2,17,1,
202100037113,135 361,C01,1,15,0,2,1,2,1,
202100037113,135 362,B01,1,15,0,2,1,2,1,
202100037113,135 363,A01,1,15,0,2,4,2,1,
202100037114,135 359,A01,1,7,13,0,1,0,1,
202100037115,135 358,A01,1,33,13,0,3,2,1,
202100037116,135 357,A01,1,7,16,0,1,1,1,
202100037117,135 355,B01,0,10,0,2,6,24,1,
202100037117,135 356,A01,0,7,1,0,3,1,1,
202100037118,135 354,A01,2,7,15,0,2,1,1,
202100037119,135 353,A01,1,7,2,0,1,1,1,
202100037120,135 351,A01,1,7,0,2,1,13,1,
202100037120,135 352,B01,2,7,0,2,3,1,1,
202100037121,135 349,B01,0,7,0,2,2,15,1,
202100037121,135 350,A01,0,33,0,2,8,1,1,
202100037122,135 347,B01,2,1,0,2,1,1,5,
202100037122,135 348,A01,2,10,0,2,7,16,1,
202100037123,135 346,A01,0,7,0,1,1,1,1,
202100037124,135 345,A01,2,33,0,0,9,1,1,
202100037125,135 343,B01,2,33,0,2,2,2,1,
202100037125,135 344,A01,2,7,0,2,3,15,1,
202100037126,135 338,E01,1,7,13,0,0,21,1,
202100037126,135 339,D01,1,7,0,2,3,1,1,
202100037126,135 340,C01,2,7,0,2,3,1,1,
202100037126,135 341,B01,1,7,0,2,3,1,1,
202100037126,135 342,A01,2,7,0,2,1,17,1,
202100037127,135 337,A01,1,2,12,0,2,20,1,
202100037128,135 333,A01,2,7,0,9,8,1,1,
202100037128,135 334,B01,1,1,0,2,1,1,5,
202100037129,135 332,A01,1,33,0,0,0,17,1,
202100037130,135 329,A01,2,7,0,2,4,1,1,
202100037130,135 330,B01,2,7,0,2,4,2,1,
202100037130,135 331,C01,2,7,0,2,1,2,1,
202100037131,135 328,A01,1,7,3,0,1,21,1,
202100037132,135 324,C01,1,7,1,0,1,2,1,
202100037132,135 325,B01,1,33,1,0,4,0,1,
202100037132,135 326,A01,1,7,0,0,4,2,1,
202100037132,135 327,D01,1,7,1,0,1,2,1,
202100037133,135 323,A01,1,7,4,0,1,1,1,
202100037134,135 319,D01,1,7,0,2,4,2,1,
202100037134,135 320,C01,1,7,0,2,4,2,1,
202100037134,135 321,B01,1,10,0,2,4,2,1,
202100037134,135 322,A01,1,31,0,2,1,2,1,
202100037135,135 317,B01,1,7,0,2,4,1,1,
202100037135,135 318,A01,1,10,0,2,1,14,1,
202100037136,135 314,A01,2,7,0,2,2,9,1,
202100037136,135 315,C01,2,7,0,2,4,1,1,
202100037136,135 316,B01,2,7,0,2,6,0,1,
202100037137,135 311,A01,1,7,0,2,2,1,1,
202100037137,135 312,B01,1,10,0,2,1,2,1,
202100037137,135 313,C01,1,17,0,2,4,2,1,
202100037138,135 309,A01,1,33,0,2,4,2,1,
202100037138,135 310,B01,1,7,0,2,1,2,1,
202100037139,135 307,A01,2,33,0,2,4,2,1,
202100037139,135 308,B01,2,7,0,2,1,2,1,
202100037140,135 306,A01,2,7,3,0,1,1,1,
202100037141,135 304,A01,2,7,0,0,4,0,1,
202100037141,135 305,B01,2,14,0,0,0,0,1,
202100037142,135 300,C01,2,7,0,2,6,23,1,
202100037142,135 301,B01,2,7,0,2,0,1,1,
202100037142,135 302,A01,2,7,0,2,5,12,1,
202100037142,135 303,D01,2,7,0,2,0,0,1,
202100037143,135 298,A01,1,10,0,2,1,2,1,
202100037143,135 299,B01,1,15,0,2,4,23,1,
202100037144,135 295,C01,2,7,0,2,3,1,1,
202100037144,135 296,B01,2,7,0,2,5,1,1,
202100037144,135 297,A01,2,7,0,2,3,14,1,
202100037145,135 291,A01,2,7,0,2,4,23,1,
202100037145,135 292,B01,2,10,0,2,9,1,1,
202100037145,135 293,C01,2,10,0,2,9,1,1,
202100037145,135 294,D01,2,7,0,2,1,1,1,
202100037146,135 289,A01,1,31,0,2,1,3,1,
202100037146,135 290,B01,1,7,0,2,4,2,1,
202100037147,135 288,A01,1,34,14,0,1,21,1,
202100037148,135 286,B01,2,7,0,2,4,2,1,
202100037148,135 287,A01,2,7,0,2,1,2,1,
202100037149,135 283,C01,2,10,0,2,4,2,1,
202100037149,135 284,B01,2,7,0,2,4,2,1,
202100037149,135 285,A01,2,10,0,2,1,2,1,
202100037150,135 282,A01,2,7,4,0,1,0,0,
202100037151,135 277,E01,2,7,0,2,1,1,1,
202100037151,135 278,D01,2,7,0,2,4,2,1,
202100037151,135 279,C01,2,7,0,2,4,2,1,
202100037151,135 280,B01,2,7,0,2,8,2,1,
202100037151,135 281,A01,2,7,0,2,2,12,1,
202100037152,135 275,A01,2,13,0,2,1,1,1,
202100037152,135 276,B01,2,7,0,2,4,2,1,
202100037153,135 273,B01,2,32,0,2,1,21,1,
202100037153,135 274,A01,2,7,0,2,4,1,1,
202100037154,135 269,D01,2,7,0,2,4,0,1,
202100037154,135 270,C01,2,7,0,2,4,0,1,
202100037154,135 271,A01,2,7,0,2,1,2,1,
202100037154,135 272,B01,2,7,0,2,4,2,1,
202100037155,135 267,B01,1,15,0,2,2,12,1,
202100037155,135 268,A01,1,7,0,2,8,1,1,
202100037156,135 266,A01,3,7,8,1,6,23,1,
202100037157,135 263,A01,1,7,0,1,2,1,1,
202100037158,135 262,A01,3,7,0,1,2,0,1,
202100037159,135 261,A01,3,7,0,1,8,1,1,
202100037160,135 260,A01,2,7,0,1,3,1,1,
202100037161,135 259,A01,1,7,0,1,1,9,1,
202100037162,135 258,A01,2,7,0,1,3,1,1,
202100037163,135 257,A01,1,7,1,0,0,20,1,
202100037164,135 256,A01,0,7,0,1,2,1,1,
202100037165,135 254,B01,2,7,0,2,4,1,1,
202100037165,135 255,A01,2,10,0,2,1,1,1,
202100037166,135 252,B01,2,7,0,2,6,15,1,
202100037166,135 253,A01,2,30,0,2,1,17,1,
202100037167,135 250,A01,0,7,0,2,3,0,0,
202100037167,135 251,B01,0,30,0,2,0,0,1,
202100037168,135 248,A01,1,33,0,2,8,1,1,
202100037168,135 249,B01,1,7,0,2,3,1,1,
202100037169,135 247,A01,3,7,0,1,6,20,1,
202100037170,135 246,Z01,1,7,0,1,6,13,0,
202100037171,135 243,B01,1,30,0,2,8,23,1,
202100037171,135 244,C01,1,37,0,2,3,23,1,1.0
202100037171,135 245,A01,1,7,0,2,2,2,1,
202100037172,135 240,C01,2,7,0,2,4,2,1,
202100037172,135 241,B01,2,7,0,2,4,2,1,
202100037172,135 242,A01,2,7,0,2,1,2,1,
202100037173,135 238,B01,1,43,0,2,8,1,1,
202100037173,135 239,A01,2,7,0,2,1,15,1,
202100037174,135 237,A01,1,30,0,2,0,21,1,
202100037175,135 235,A01,3,7,0,2,6,15,1,
202100037175,135 236,B01,3,33,0,0,7,1,1,
202100037176,135 233,A01,3,7,0,2,6,9,1,
202100037176,135 234,B01,1,50,0,0,1,1,3,
202100037177,135 231,B01,1,7,0,2,2,1,1,
202100037177,135 232,A01,1,7,0,2,3,10,1,
202100037178,135 230,A01,1,7,0,1,3,1,1,
202100037179,135 228,A01,1,7,0,0,0,0,1,
202100037179,135 229,B01,1,32,0,0,0,0,0,
202100037180,135 227,A01,3,7,0,1,2,15,1,
202100037181,135 225,A01,1,7,0,2,7,15,1,
202100037181,135 226,B01,1,7,0,2,1,1,1,
202100037182,135 223,B01,1,30,0,0,0,0,1,
202100037182,135 224,A01,1,7,0,0,0,0,1,
202100037183,135 221,B01,2,1,0,2,1,1,5,
202100037183,135 222,A01,1,7,0,2,1,13,1,
202100037184,135 219,B01,1,7,0,2,1,15,1,
202100037184,135 220,A01,2,7,0,2,8,1,1,
202100037185,135 217,B01,2,10,0,2,4,23,1,
202100037185,135 218,A01,2,2,0,2,1,1,1,
202100037186,135 216,A01,2,50,0,0,1,1,3,
202100037187,135 214,B01,2,7,0,2,6,2,1,
202100037187,135 215,A01,1,33,0,2,1,2,1,
202100037188,135 212,A01,1,1,0,2,1,9,5,
202100037188,135 213,B01,2,7,0,2,2,0,1,
202100037189,135 210,A01,2,7,0,2,1,15,1,
202100037189,135 211,B01,3,7,0,2,3,1,1,
202100037190,135 206,A01,1,32,0,1,1,1,1,
202100037191,135 204,A01,1,7,0,2,8,9,1,
202100037191,135 205,B01,2,99,0,2,1,1,6,
202100037192,135 202,B01,1,14,0,2,7,15,1,
202100037192,135 203,A01,2,33,0,2,1,1,1,
202100037193,135 200,A01,3,7,1,1,2,17,1,
202100037193,135 201,B01,3,7,0,2,6,24,1,
202100037194,135 198,A01,2,43,4,2,1,1,1,
202100037194,135 199,B01,3,7,0,2,1,0,1,
202100037195,135 196,B01,2,7,0,2,1,1,1,
202100037195,135 197,A01,1,7,0,2,1,17,1,
202100037196,135 194,A01,1,7,0,2,1,26,1,
202100037196,135 195,B01,1,1,0,2,7,1,0,
202100037197,135 192,A01,3,7,0,2,1,5,1,
202100037197,135 193,B01,3,7,0,2,1,1,1,
202100037198,135 191,A01,1,10,2,0,6,13,1,
202100037199,135 190,A01,1,7,0,1,1,1,2,
202100037200,135 188,B01,2,32,0,2,1,0,1,
202100037200,135 189,A01,1,7,0,2,1,0,1,
202100037201,135 186,A01,1,30,0,2,2,1,3,
202100037201,135 187,B01,1,32,0,2,3,1,1,
202100037202,135 184,A01,0,7,0,2,2,2,1,
202100037202,135 185,B01,0,7,0,2,3,0,6,
202100037203,135 182,A01,1,7,0,2,8,9,1,
202100037203,135 183,B01,1,1,0,2,7,2,0,
202100037204,135 180,B01,1,33,0,2,1,1,1,
202100037204,135 181,A01,1,7,0,2,2,15,1,
202100037205,135 178,A01,1,7,0,2,2,15,1,
202100037205,135 179,B01,2,33,0,2,1,1,1,
202100037206,135 176,B01,1,33,0,2,2,2,1,
202100037206,135 177,A01,1,7,0,2,6,9,0,
202100037207,135 174,A01,2,7,0,2,5,15,1,
202100037207,135 175,B01,1,80,0,2,2,1,3,
202100037208,135 173,A01,2,7,0,1,2,15,1,
202100037209,135 171,A01,1,7,0,2,2,1,1,
202100037209,135 172,B01,2,7,0,2,3,10,1,
202100037210,135 169,B01,1,7,0,2,4,2,1,
202100037210,135 170,A01,1,7,0,2,1,2,1,
202100037211,135 167,A01,1,32,0,2,1,1,1,
202100037211,135 168,B01,2,7,0,2,1,15,2,
202100037212,135 165,B01,2,7,0,2,8,13,1,
202100037212,135 166,A01,2,31,0,0,7,17,1,
202100037213,135 163,B01,2,7,0,2,1,1,1,
202100037213,135 164,A01,1,7,0,2,1,5,1,
202100037214,135 161,A01,2,7,0,2,3,15,1,
202100037214,135 162,B01,1,1,0,2,3,1,5,
202100037215,135 159,A01,1,31,0,2,1,2,1,
202100037215,135 160,B01,1,10,0,2,4,2,1,
202100037216,135 158,A01,1,7,8,0,7,14,1,
202100037217,135 156,B01,1,7,0,2,2,1,1,
202100037217,135 157,A01,1,7,0,2,1,19,1,
202100037218,135 155,A01,1,32,0,1,1,26,1,
202100037219,135 152,B01,1,7,0,2,4,1,1,
202100037219,135 153,C01,1,7,0,2,1,1,3,
202100037219,135 154,A01,1,7,0,2,4,23,1,
202100037220,135 150,B01,2,7,0,2,1,15,1,
202100037220,135 151,A01,2,7,0,2,6,1,1,
202100037221,135 148,B01,2,7,0,2,1,19,1,
202100037221,135 149,A01,1,7,0,2,7,19,1,
202100037222,135 147,A01,1,10,6,0,2,1,1,
202100037223,135 146,A01,1,7,1,0,2,2,1,
202100037224,135 144,A01,2,7,0,2,2,15,1,
202100037224,135 145,B01,1,2,0,2,1,2,1,
202100037225,135 143,A01,1,33,0,1,3,21,1,
202100037226,135 141,B01,1,1,1,0,1,1,0,
202100037226,135 142,A01,3,7,0,2,3,24,1,
202100037227,135 139,B01,2,2,0,2,1,1,3,
202100037227,135 140,A01,1,7,0,2,8,15,1,
202100037228,135 138,A01,1,7,0,1,2,26,1,
202100037229,135 136,A01,1,7,0,2,3,19,1,
202100037229,135 137,B01,1,1,0,2,1,1,5,
202100037230,135 134,A01,1,7,0,2,7,17,1,
202100037230,135 135,B01,1,1,0,2,8,1,5,
202100037231,135 133,A01,1,7,13,0,9,21,1,
202100037232,135 131,B01,1,7,0,2,3,1,1,
202100037232,135 132,A01,1,7,9,2,3,11,1,
202100037233,135 129,B01,3,2,0,2,7,1,1,
202100037233,135 130,A01,3,7,0,2,8,11,1,
202100037234,135 128,A01,0,7,0,1,8,1,1,
202100037235,135 126,A01,1,7,0,2,4,1,1,
202100037235,135 127,B01,1,2,0,2,4,1,1,
202100037236,135 124,B01,0,10,0,2,4,2,1,
202100037236,135 125,A01,0,7,0,2,1,2,1,
202100037237,135 122,B01,3,33,0,2,6,26,1,
202100037237,135 123,A01,3,7,0,2,5,26,1,
202100037238,135 120,A01,0,7,0,2,7,9,1,
202100037238,135 121,B01,2,33,0,2,8,1,1,
202100037239,135 118,A01,2,7,0,2,3,13,1,
202100037239,135 119,B01,1,7,0,2,3,1,1,
202100037240,135 115,A01,3,7,0,2,4,23,1,
202100037240,135 116,C01,3,7,0,2,1,1,1,
202100037240,135 117,B01,3,7,0,2,1,1,1,
202100037241,135 113,B01,1,7,0,0,4,23,1,
202100037241,135 114,A01,1,10,0,2,1,1,1,
202100037242,135 111,B01,1,37,0,2,3,1,4,1.0
202100037242,135 112,A01,1,7,0,2,3,1,1,
202100037243,135 109,B01,1,30,0,2,0,0,1,
202100037243,135 110,A01,1,7,0,2,5,1,0,
202100037244,135 107,B01,3,7,8,2,1,26,1,
202100037244,135 108,A01,2,7,0,2,3,26,1,
202100037245,135 105,B01,3,7,0,2,8,16,1,
202100037245,135 106,A01,3,2,0,2,1,1,1,
202100037246,135 103,A01,2,7,0,2,2,15,1,
202100037246,135 104,B01,2,7,0,2,3,1,1,
202100037247,135 101,A01,3,7,0,2,5,15,1,
202100037247,135 102,B01,3,7,0,2,1,1,1,
202100037248,135 099,A01,3,7,0,2,5,16,1,
202100037248,135 100,B01,3,1,0,2,1,2,6,
202100037249,135 097,A01,1,7,0,2,2,1,1,
202100037249,135 098,B01,1,7,0,2,3,1,1,
202100037250,135 095,A01,2,7,0,2,3,15,1,
202100037250,135 096,B01,1,1,0,2,6,1,5,
202100037251,135 093,A01,2,7,0,2,7,1,1,
202100037251,135 094,B01,1,7,0,2,1,1,1,
202100037252,135 091,B01,1,7,0,2,1,1,1,
202100037252,135 092,A01,2,43,0,2,1,15,1,
202100037253,135 089,A01,3,7,0,2,3,19,1,
202100037253,135 090,B01,3,33,0,2,1,1,1,
202100037254,135 088,A01,2,3,6,0,1,21,1,
202100037255,135 086,B01,3,7,0,2,8,0,1,
202100037255,135 087,A01,0,7,0,2,1,0,1,
202100037256,135 084,A01,1,7,0,2,1,1,1,
202100037256,135 085,B01,2,7,0,2,1,1,1,
202100037257,135 083,A01,0,7,0,0,2,1,0,
202100037258,135 081,A01,1,7,0,2,1,15,1,
202100037258,135 082,B01,1,2,0,2,0,1,1,
202100037259,135 079,B01,1,7,0,2,3,1,1,
202100037259,135 080,A01,1,30,0,2,2,16,1,
202100037260,135 077,A01,3,7,0,2,3,15,6,
202100037260,135 078,B01,1,31,0,2,1,1,6,
202100037261,135 075,A01,3,7,0,2,2,16,1,
202100037261,135 076,B01,3,1,0,2,2,13,5,
202100037262,135 070,A01,1,30,0,2,1,5,1,
202100037262,135 071,B01,2,30,0,2,1,1,1,
202100037263,135 068,A01,0,7,0,2,1,21,1,
202100037263,135 069,B01,3,7,0,2,4,16,1,
202100037264,135 066,A01,1,10,0,2,3,15,1,
202100037264,135 067,B01,1,7,0,2,3,1,1,
202100037265,135 064,A01,1,7,0,2,1,1,1,
202100037265,135 065,B01,1,33,0,2,4,1,1,
202100037266,135 063,A01,2,33,0,0,1,1,1,
202100037267,135 061,B01,1,7,0,2,7,1,1,
202100037267,135 062,A01,1,32,0,2,1,26,1,
202100037268,135 059,A01,0,7,0,2,1,9,1,
202100037268,135 060,B01,2,33,0,2,1,17,1,
202100037269,135 058,A01,2,7,0,1,0,11,1,
202100037270,135 055,C01,2,7,0,2,6,1,1,
202100037270,135 056,B01,2,7,0,2,4,1,1,
202100037270,135 057,A01,2,7,0,2,1,1,1,
202100037271,135 053,B01,1,32,0,2,0,0,1,
202100037271,135 054,A01,1,7,0,2,1,9,0,
202100037272,135 051,B01,1,7,0,2,6,15,1,
202100037272,135 052,A01,1,33,0,2,7,17,1,
202100037273,135 048,A01,1,7,0,2,1,2,1,
202100037273,135 049,B01,1,7,0,2,4,2,1,
202100037273,135 050,C01,1,7,0,2,4,2,1,
202100037274,135 046,B01,0,1,0,2,1,1,0,
202100037274,135 047,A01,0,7,0,2,3,15,1,
202100037275,135 043,C01,0,10,0,2,4,1,1,
202100037275,135 044,B01,0,7,0,2,4,1,1,
202100037275,135 045,A01,0,7,1,0,1,2,1,
202100037276,135 042,A01,2,7,0,1,8,2,1,
202100037277,135 041,A01,1,7,8,0,1,1,1,
202100037278,135 039,A01,2,7,0,2,3,9,1,
202100037278,135 040,B01,1,33,0,2,2,1,1,
202100037279,135 038,A01,3,2,0,0,0,9,0,
202100037280,135 035,A01,1,33,0,2,2,3,1,
202100037280,135 036,B01,1,7,0,2,5,1,0,
202100037280,135 037,Z01,0,32,0,2,0,11,0,
202100037281,135 032,A01,1,33,0,2,2,3,1,
202100037281,135 033,C01,1,10,0,2,5,1,0,
202100037281,135 034,B01,1,14,0,2,6,1,1,
202100037282,135 031,A01,2,32,0,1,1,17,1,
202100037283,135 029,A01,2,30,0,2,2,5,3,
202100037283,135 030,B01,1,1,0,2,3,1,5,
202100037284,135 028,A01,1,2,0,1,1,17,3,
202100037285,135 026,B01,1,1,0,2,1,1,5,
202100037285,135 027,A01,1,7,0,2,1,15,1,
202100037286,135 024,A01,2,50,0,2,4,11,3,
202100037286,135 025,B01,2,50,0,2,1,17,3,
202100037287,135 022,A01,1,43,0,2,7,15,1,
202100037287,135 023,Z01,1,7,0,2,0,16,0,
202100037288,135 021,A01,2,34,0,1,1,5,1,
202100037289,135 019,B01,3,33,0,2,7,1,1,
202100037289,135 020,A01,3,7,0,2,8,13,1,
202100037290,135 017,B01,1,7,0,2,4,2,1,
202100037290,135 018,A01,1,1,0,2,1,2,5,
202100037291,135 016,A01,1,7,0,1,1,15,1,
202100037292,135 013,A01,3,1,0,2,7,19,5,
202100037292,135 014,B01,3,7,0,2,3,1,3,
202100037292,135 015,C01,3,15,0,2,2,1,1,
202100037293,135 009,A01,1,7,1,0,2,14,1,
202100037293,135 010,B01,1,7,1,2,4,24,1,
202100037293,135 011,C01,1,7,1,2,4,24,1,
202100037293,135 012,D01,2,37,12,2,6,1,6,1.0
202100037294,135 006,Z01,3,7,0,2,1,11,0,
202100037294,135 007,B01,3,7,0,2,4,23,1,
202100037294,135 008,A01,3,7,0,2,4,1,1,
202100037295,135 005,A01,1,1,0,0,0,21,5,
202100037296,135 004,A01,2,1,0,1,3,16,5,
202100037297,135 002,A01,1,80,0,2,1,1,3,
202100037297,135 003,B01,1,10,0,9,4,23,3,
202100037298,135 000,A01,2,7,0,2,8,15,2,
202100037298,135 001,B01,2,1,0,2,3,1,5,
202100037299,134 998,B01,2,31,0,0,7,1,1,
202100037299,134 999,A01,2,7,0,2,8,11,2,
202100037300,134 996,A01,0,7,0,2,2,15,1,
202100037300,134 997,B01,1,7,0,2,3,1,1,
202100037301,134 995,A01,1,2,15,2,4,19,1,
202100037302,134 993,B01,2,33,0,2,7,2,1,
202100037302,134 994,A01,2,7,0,2,6,2,1,
202100037303,134 992,A01,2,34,1,0,1,2,1,
202100037304,134 990,B01,2,33,0,2,8,0,1,
202100037304,134 991,A01,2,7,0,2,1,0,1,
202100037305,134 988,B01,2,1,0,2,8,2,5,
202100037305,134 989,A01,2,7,0,2,5,17,1,
202100037306,134 987,A01,1,2,0,1,1,1,0,
202100037307,134 985,A01,1,7,1,0,1,1,1,
202100037307,134 986,B01,1,7,0,2,1,0,1,
202100037308,134 984,A01,1,99,0,1,3,9,0,
202100037309,134 983,A01,1,7,1,0,2,1,1,
202100037310,134 981,A01,2,10,0,2,1,1,1,
202100037310,134 982,B01,2,7,0,2,8,0,1,
202100037311,134 979,A01,1,30,0,2,7,19,0,
202100037311,134 980,B01,1,7,0,2,0,0,0,
202100037312,134 977,A01,1,7,0,2,2,2,1,
202100037312,134 978,Y01,1,60,0,2,4,26,5,
202100037313,134 975,A01,1,33,0,2,1,1,1,
202100037313,134 976,B01,1,7,0,0,0,0,0,
202100037314,134 974,A01,0,7,0,1,3,1,2,
202100037315,134 972,B01,1,99,0,0,8,23,6,
202100037315,134 973,A01,1,1,0,2,1,17,5,
202100037316,134 970,A01,1,7,0,2,2,10,1,
202100037316,134 971,B01,1,32,0,2,1,17,1,
202100037317,134 968,A01,1,43,0,2,8,15,1,
202100037317,134 969,B01,1,7,0,2,7,1,1,
202100037318,134 966,B01,1,32,0,2,1,1,1,
202100037318,134 967,A01,1,10,0,2,1,1,1,
202100037319,134 964,A01,2,7,0,1,2,16,2,
202100037319,134 965,Y01,1,60,0,2,7,19,5,
202100037320,134 963,A01,1,31,0,0,0,1,1,
202100037321,134 961,B01,0,1,0,0,0,0,0,
202100037321,134 962,A01,0,7,0,0,0,0,1,
202100037322,134 959,A01,2,7,0,2,2,17,1,
202100037322,134 960,B01,2,1,0,2,0,0,5,
202100037323,134 957,A01,3,99,0,9,2,10,1,
202100037323,134 958,B01,3,1,0,2,0,1,5,
202100037324,134 955,B01,2,2,0,2,1,0,1,
202100037324,134 956,Z01,1,7,0,2,3,15,1,
202100037325,134 953,B01,2,1,0,2,0,1,0,