Num_Acc,id_vehicule,num_veh,senc,catv,obs,obsm,choc,manv,motor,occutc
202100037325,134 954,A01,1,7,0,2,2,16,1,
202100037326,134 951,A01,2,10,0,0,0,14,1,
202100037326,134 952,B01,2,50,0,0,0,5,3,
202100037327,134 949,A01,2,80,0,2,1,13,3,
202100037327,134 950,B01,1,10,0,2,2,0,1,
202100037328,134 947,A01,2,7,0,2,3,1,1,
202100037328,134 948,B01,1,7,0,2,3,1,1,
202100037329,134 945,B01,1,1,0,0,9,26,5,
202100037329,134 946,A01,1,7,0,0,-1,1,1,
202100037330,134 942,A01,3,7,0,1,4,20,1,
202100037331,134 940,A01,1,7,0,2,1,0,1,
202100037331,134 941,B01,1,17,0,2,4,0,1,
202100037332,134 938,B01,2,7,1,0,2,21,1,
202100037332,134 939,A01,2,7,0,2,5,23,1,
202100037333,134 936,A01,1,7,0,2,3,1,1,
202100037333,134 937,B01,2,7,0,2,6,1,1,
202100037334,134 932,A01,1,7,0,2,0,0,1,
202100037334,134 933,B01,1,7,0,2,4,1,1,
202100037335,134 930,A01,2,10,0,2,2,17,1,
202100037335,134 931,B01,1,33,0,2,2,1,1,
202100037336,134 927,C01,1,15,0,2,6,1,1,
202100037336,134 928,B01,2,14,0,2,8,1,1,
202100037336,134 929,A01,2,1,0,2,7,3,5,
202100037337,134 925,A01,2,7,0,2,2,15,1,
202100037337,134 926,B01,1,33,0,2,2,1,1,
202100037338,134 924,B01,1,33,0,0,8,21,1,
202100037339,134 923,A01,2,33,0,0,7,1,1,
202100037340,134 921,B01,2,31,0,2,8,11,1,
202100037340,134 922,A01,2,7,0,2,7,17,1,
202100037341,134 920,A01,1,7,2,0,1,14,1,
202100037342,134 918,B01,1,7,0,2,3,15,1,
202100037342,134 919,A01,1,33,0,2,2,17,1,
202100037343,134 917,A01,2,7,6,0,1,1,1,
202100037344,134 915,B01,2,7,0,2,8,1,1,
202100037344,134 916,A01,1,7,0,2,1,1,1,
202100037345,134 913,A01,1,7,0,2,3,13,1,
202100037345,134 914,B01,2,15,0,2,1,1,1,
202100037346,134 911,A01,1,10,0,2,1,1,1,
202100037346,134 912,B01,2,1,0,2,7,6,5,
202100037347,134 910,A01,1,2,0,0,0,1,1,
202100037348,134 909,A01,2,7,2,0,2,1,1,
202100037349,134 908,A01,1,7,1,0,1,1,1,
202100037350,134 905,B01,2,15,0,2,1,1,1,
202100037350,134 906,A01,1,7,0,2,8,15,1,
202100037351,134 904,A01,1,7,1,0,2,14,1,
202100037352,134 902,B01,1,3,0,2,3,1,1,
202100037352,134 903,A01,2,7,0,2,3,15,1,
202100037353,134 900,A01,1,33,0,5,1,1,1,
202100037353,134 901,B01,1,33,0,2,1,1,1,
202100037354,134 898,A01,2,7,0,9,3,9,1,
202100037354,134 899,B01,2,1,0,2,1,9,5,
202100037355,134 896,B01,2,10,0,2,3,1,1,
202100037355,134 897,A01,3,2,0,2,7,15,1,
202100037356,134 894,A01,1,33,0,2,1,13,1,
202100037356,134 895,B01,2,7,0,2,6,1,1,
202100037357,134 893,A01,0,2,13,0,1,0,1,
202100037358,134 891,B01,1,33,0,2,1,1,1,
202100037358,134 892,A01,2,7,0,2,1,19,1,
202100037359,134 889,B01,2,2,0,2,1,1,1,
202100037359,134 890,A01,1,7,0,2,5,15,1,
202100037360,134 888,A01,2,7,0,1,1,1,1,
202100037361,134 887,A01,0,7,0,0,3,1,1,
202100037362,134 885,A01,1,7,0,2,6,9,1,
202100037362,134 886,B01,1,17,0,2,2,1,1,
202100037363,134 883,A01,3,2,0,2,1,13,1,
202100037363,134 884,B01,3,33,0,2,1,1,1,
202100037364,134 882,A01,1,7,8,0,2,2,1,
202100037365,134 880,A01,2,33,0,2,1,2,1,
202100037365,134 881,B01,2,7,0,2,4,0,1,
202100037366,134 878,A01,1,7,0,1,0,0,1,
202100037366,134 879,B01,1,1,0,2,0,0,5,
202100037367,134 876,B01,3,1,0,2,8,2,5,
202100037367,134 877,A01,3,7,0,2,6,2,1,
202100037368,134 874,A01,1,10,0,2,1,13,1,
202100037368,134 875,B01,2,7,0,2,1,26,1,
202100037369,134 873,A01,1,7,1,0,1,1,1,
202100037370,134 871,B01,3,7,0,2,3,15,1,
202100037370,134 872,A01,3,33,0,2,3,1,1,
202100037371,134 869,A01,1,10,0,0,5,15,1,
202100037371,134 870,B01,1,33,0,2,1,2,1,
202100037372,134 868,A01,2,2,3,0,1,1,1,
202100037373,134 867,A01,2,1,0,0,9,1,5,
202100037374,134 865,A01,2,7,3,2,2,3,1,
202100037374,134 866,B01,2,15,0,0,6,1,1,
202100037375,134 864,A01,1,33,6,0,3,1,1,
202100037376,134 862,B01,1,17,0,2,3,1,1,
202100037376,134 863,A01,1,7,12,2,3,1,1,
202100037377,134 860,A01,2,7,0,2,3,15,0,
202100037377,134 861,B01,2,32,0,2,8,1,1,
202100037378,134 858,A01,3,33,0,2,0,1,1,
202100037378,134 859,B01,3,14,0,2,8,1,1,
202100037379,134 854,B01,1,33,0,2,1,1,1,
202100037379,134 855,A01,1,7,0,2,6,2,1,
202100037380,134 853,A01,1,31,13,0,2,1,1,
202100037381,134 851,A01,1,7,0,2,3,19,1,
202100037381,134 852,B01,2,7,0,2,0,1,1,
202100037382,134 850,A01,2,7,0,1,2,16,1,
202100037383,134 848,A01,0,7,0,1,3,1,1,
202100037384,134 845,A01,0,7,8,0,1,1,1,
202100037385,134 842,C01,1,7,0,2,4,1,1,
202100037385,134 843,B01,1,10,0,2,4,1,1,
202100037385,134 844,A01,1,10,0,2,1,2,1,
202100037386,134 841,A01,1,17,0,0,0,0,1,
202100037387,134 837,D01,2,7,0,2,4,1,1,
202100037387,134 838,C01,2,33,0,2,4,1,1,
202100037387,134 839,B01,2,7,0,2,4,2,1,
202100037387,134 840,A01,2,7,0,2,1,1,1,
202100037388,134 836,A01,1,34,3,0,1,0,1,
202100037389,134 833,A01,2,7,0,2,1,1,1,
202100037389,134 834,B01,2,7,0,2,4,2,1,
202100037389,134 835,C01,2,7,0,2,4,2,1,
202100037390,134 831,A01,1,10,0,2,1,2,1,
202100037390,134 832,B01,1,7,0,2,4,2,1,
202100037391,134 829,B01,2,7,0,2,0,0,1,
202100037391,134 830,A01,2,10,0,2,1,2,1,
202100037392,134 827,B01,1,10,0,2,6,1,1,
202100037392,134 828,A01,1,33,0,2,2,3,1,
202100037393,134 823,A01,1,7,0,2,2,17,2,
202100037393,134 824,B01,1,7,0,2,6,1,1,
202100037393,134 825,C01,1,7,0,2,5,1,1,
202100037393,134 826,D01,1,7,0,2,2,1,1,
202100037394,134 821,A01,1,7,0,2,1,1,1,
202100037394,134 822,B01,1,7,0,2,4,2,1,
202100037395,134 819,A01,2,7,0,2,6,9,1,
202100037395,134 820,B01,1,15,0,2,2,2,1,
202100037396,134 817,A01,1,10,1,0,1,2,1,
202100037396,134 818,B01,2,7,0,2,4,23,1,
202100037397,134 815,A01,2,7,0,2,8,0,1,
202100037397,134 816,B01,2,31,4,2,0,0,1,
202100037398,134 814,A01,2,33,0,2,6,1,1,
202100037399,134 813,A01,3,7,0,1,2,14,1,
202100037400,134 811,B01,2,7,0,2,3,1,1,
202100037400,134 812,A01,1,13,0,2,2,15,1,
202100037401,134 810,A01,1,7,0,1,4,4,1,
202100037402,134 808,A01,1,7,0,2,2,12,1,
202100037402,134 809,B01,1,7,0,2,3,1,1,
202100037403,134 806,B01,2,7,0,2,3,26,1,
202100037403,134 807,A01,1,7,0,2,3,13,1,
202100037404,134 804,B01,0,7,0,2,1,24,0,
202100037404,134 805,A01,0,7,0,2,1,26,0,
202100037405,134 802,B01,1,1,0,2,2,1,5,
202100037405,134 803,A01,1,10,0,2,3,9,1,
202100037406,134 801,A01,-1,32,0,2,1,19,1,
202100037407,134 800,A01,2,7,0,1,1,15,1,
202100037408,134 798,A01,2,7,15,2,3,0,1,
202100037408,134 799,B01,3,7,0,2,5,1,1,
202100037409,134 796,A01,2,7,0,2,4,1,1,
202100037409,134 797,B01,2,7,0,2,1,1,1,
202100037410,134 794,A01,1,30,0,2,8,1,1,
202100037410,134 795,B01,1,7,0,2,2,12,1,
202100037411,134 793,A01,3,33,12,0,2,1,1,
202100037412,134 791,A01,2,7,0,2,2,19,1,
202100037412,134 792,B01,1,2,0,2,8,1,1,
202100037413,134 789,B01,3,33,0,2,2,17,1,
202100037413,134 790,A01,3,7,0,2,3,15,1,
202100037414,134 788,A01,1,7,0,1,1,1,1,
202100037415,134 786,B01,2,7,0,2,1,9,0,
202100037415,134 787,A01,1,7,0,2,7,26,0,
202100037416,134 782,A01,1,7,0,2,1,1,1,
202100037416,134 783,B01,1,7,0,2,1,1,1,
202100037417,134 780,A01,2,2,0,2,1,13,1,
202100037417,134 781,B01,1,1,0,2,3,1,5,
202100037418,134 773,A01,2,7,2,2,1,1,1,
202100037418,134 774,B01,0,7,0,2,2,15,1,
202100037419,134 772,A01,3,7,0,1,2,26,1,
202100037420,134 770,B01,2,7,0,2,3,9,1,
202100037420,134 771,A01,2,50,0,2,3,15,3,
202100037421,134 768,A01,1,7,0,2,1,21,1,
202100037421,134 769,B01,3,50,0,2,0,19,3,
202100037422,134 766,A01,3,7,0,2,1,1,1,
202100037422,134 767,B01,3,7,0,2,4,1,1,
202100037423,134 764,B01,2,7,0,1,1,1,1,
202100037423,134 765,A01,1,7,0,1,1,1,1,
202100037424,134 762,B01,1,7,0,2,2,1,1,
202100037424,134 763,A01,2,7,0,2,1,1,1,
202100037425,134 761,A01,1,33,0,0,7,1,1,
202100037426,134 758,C01,1,7,0,0,0,0,1,
202100037426,134 759,B01,0,2,1,2,9,1,1,
202100037426,134 760,A01,1,10,1,2,8,24,1,
202100037427,134 756,B01,2,7,0,2,1,16,1,
202100037427,134 757,A01,3,1,0,2,8,25,0,
202100037428,134 754,A01,1,7,0,2,5,19,1,
202100037428,134 755,B01,2,7,0,2,3,1,1,
202100037429,134 752,A01,1,7,0,2,1,15,1,
202100037429,134 753,B01,2,32,0,2,2,1,1,
202100037430,134 751,A01,1,33,0,5,1,1,1,
202100037431,134 749,A01,3,10,9,2,1,26,1,
202100037431,134 750,B01,3,7,0,0,4,1,1,
202100037432,134 748,A01,1,7,13,0,2,14,1,
202100037433,134 746,A01,1,33,0,2,1,2,1,
202100037433,134 747,B01,1,7,0,2,6,20,1,
202100037434,134 744,B01,1,7,0,2,3,15,1,
202100037434,134 745,A01,1,31,0,2,3,17,1,
202100037435,134 743,Z01,2,7,0,1,0,1,0,
202100037436,134 741,A01,2,32,0,2,1,2,1,
202100037436,134 742,B01,2,7,0,2,5,23,1,
202100037437,134 739,A01,1,7,0,2,1,1,1,
202100037437,134 740,B01,1,7,0,2,1,1,1,
202100037438,134 738,A01,1,7,13,0,9,14,1,
202100037439,134 736,A01,0,7,1,0,1,13,1,
202100037439,134 737,B01,3,7,0,2,1,24,1,
202100037440,134 735,A01,1,30,6,0,1,1,1,
202100037441,134 733,B01,1,7,1,2,4,1,1,
202100037441,134 734,A01,1,10,0,2,1,1,1,
202100037442,134 731,B01,3,33,0,2,2,2,1,
202100037442,134 732,A01,0,32,0,2,1,9,1,
202100037443,134 729,A01,1,7,0,2,1,1,1,
202100037443,134 730,B01,1,1,0,2,1,13,5,
202100037444,134 727,B01,2,7,0,2,4,12,1,
202100037444,134 728,A01,2,33,0,2,1,3,1,
202100037445,134 726,A01,1,7,0,1,1,1,1,
202100037446,134 724,A01,3,1,0,2,1,2,5,
202100037446,134 725,B01,3,50,0,2,8,19,3,
202100037447,134 723,A01,3,7,1,0,1,14,1,
202100037448,134 721,A01,2,7,0,2,7,1,1,
202100037448,134 722,B01,1,7,0,2,1,1,1,
202100037449,134 719,A01,1,30,0,2,7,17,1,
202100037449,134 720,B01,1,7,0,2,3,15,1,
202100037450,134 718,A01,0,7,1,1,1,1,1,
202100037451,134 716,A01,1,7,0,2,2,16,1,
202100037451,134 717,B01,1,1,0,2,1,1,5,
202100037452,134 715,A01,0,32,12,0,1,1,1,
202100037453,134 714,Z01,3,80,0,1,1,1,3,
202100037454,134 713,A01,1,1,0,0,1,13,5,
202100037455,134 711,A01,1,7,0,2,4,2,1,
202100037455,134 712,B01,1,2,0,2,1,2,1,
202100037456,134 710,A01,1,30,1,0,7,0,1,
202100037457,134 709,A01,1,7,0,1,1,15,1,
202100037458,134 708,A01,2,10,0,1,1,1,1,
202100037459,134 707,A01,1,7,0,1,4,20,1,
202100037460,134 705,B01,2,7,4,2,2,1,1,
202100037460,134 706,A01,1,7,4,2,3,16,1,
202100037461,134 703,B01,2,1,0,2,1,2,5,
202100037461,134 704,A01,2,7,0,2,7,2,1,
202100037462,134 702,A01,1,1,12,0,1,0,5,
202100037463,134 700,B01,2,1,0,2,1,15,0,
202100037463,134 701,A01,1,7,0,2,1,1,1,
202100037464,134 698,B01,1,7,0,2,2,16,1,
202100037464,134 699,A01,1,50,0,2,3,25,3,
202100037465,134 696,B01,1,7,0,2,8,19,1,
202100037465,134 697,A01,3,7,0,2,1,19,1,
202100037466,134 695,A01,1,10,0,0,0,1,1,
202100037467,134 694,A01,2,33,0,0,3,1,1,
202100037468,134 693,A01,3,33,2,0,1,1,1,
202100037469,134 691,A01,1,7,0,2,4,1,1,
202100037469,134 692,B01,1,10,0,2,1,1,1,
202100037470,134 690,A01,2,7,14,0,3,1,1,
202100037471,134 689,A01,2,33,0,0,0,1,1,
202100037472,134 688,A01,1,7,0,0,3,0,1,
202100037473,134 686,B01,2,7,0,2,3,1,1,
202100037473,134 687,A01,1,7,0,2,3,13,1,
202100037474,134 684,A01,1,33,0,2,3,1,1,
202100037474,134 685,B01,1,7,0,2,2,19,1,
202100037475,134 683,A01,0,33,15,0,1,1,1,
202100037476,134 681,A01,2,7,3,2,1,2,1,
202100037476,134 682,B01,2,17,0,2,8,2,1,
202100037477,134 680,A01,1,7,13,0,1,1,1,
202100037478,134 678,A01,1,7,8,2,1,1,1,
202100037478,134 679,B01,2,1,0,2,8,1,5,
202100037479,134 676,A01,2,7,1,2,2,5,1,
202100037479,134 677,B01,1,7,0,2,2,2,1,
202100037480,134 674,A01,3,7,0,9,3,3,1,
202100037480,134 675,B01,3,1,0,2,1,1,5,
202100037481,134 672,B01,1,7,0,0,1,1,1,
202100037481,134 673,A01,2,10,0,0,2,1,1,
202100037482,134 670,B01,1,33,0,2,1,2,1,
202100037482,134 671,A01,1,33,12,0,4,1,1,
202100037483,134 668,A01,3,7,0,2,1,15,1,
202100037483,134 669,B01,3,7,0,2,1,16,1,
202100037484,134 667,A01,0,7,13,0,3,13,1,
202100037485,134 666,A01,2,80,0,0,0,1,3,
202100037486,134 665,A01,0,31,0,0,0,16,1,
202100037487,134 663,B01,1,7,0,2,1,1,1,
202100037487,134 664,A01,2,7,0,2,0,13,1,
202100037488,134 661,B01,1,7,0,2,8,1,1,
202100037488,134 662,A01,2,33,0,2,1,13,1,
202100037489,134 659,A01,1,7,0,2,1,13,1,
202100037489,134 660,B01,1,7,0,2,1,1,1,
202100037490,134 658,A01,0,50,0,0,0,0,3,
202100037491,134 656,B01,2,33,0,2,1,13,1,
202100037491,134 657,A01,1,7,0,2,3,10,1,
202100037492,134 655,A01,3,2,0,0,0,1,1,
202100037493,134 653,A01,3,1,0,2,8,19,5,
202100037493,134 654,B01,3,7,0,2,3,1,1,
202100037494,134 651,B01,2,1,0,2,1,0,5,
202100037494,134 652,A01,1,10,0,9,8,15,1,
202100037495,134 647,D01,1,10,0,9,3,1,1,
202100037495,134 648,C01,1,7,0,9,1,1,1,
202100037495,134 649,B01,1,7,0,2,5,15,1,
202100037495,134 650,A01,2,33,0,2,1,1,1,
202100037496,134 646,A01,1,7,6,0,1,1,1,
202100037497,134 645,A01,3,33,16,0,7,15,1,
202100037498,134 642,A01,2,10,0,2,2,17,1,
202100037498,134 643,B01,2,7,0,2,3,13,1,
202100037498,134 644,C01,2,21,0,0,6,1,1,
202100037499,134 640,A01,1,7,0,2,8,15,1,
202100037499,134 641,B01,2,2,0,2,1,1,1,
202100037500,134 638,B01,0,7,13,2,1,17,1,
202100037500,134 639,A01,0,31,0,2,8,11,1,
202100037501,134 636,A01,3,33,0,2,1,13,1,
202100037501,134 637,B01,3,7,0,2,3,1,1,
202100037502,134 634,A01,1,7,0,2,3,13,1,
202100037502,134 635,B01,2,33,0,2,3,1,1,
202100037503,134 632,B01,1,7,0,0,2,13,1,
202100037503,134 633,A01,2,7,0,2,2,13,1,
202100037504,134 630,B01,1,33,0,2,7,17,1,
202100037504,134 631,A01,1,7,0,0,6,1,0,
202100037505,134 628,B01,2,33,0,2,1,1,1,
202100037505,134 629,A01,1,7,2,2,3,5,1,
202100037506,134 626,A01,2,13,3,2,2,13,1,
202100037506,134 627,B01,1,7,0,0,2,1,1,
202100037507,134 625,A01,2,2,13,0,1,1,1,
202100037508,134 623,B01,2,33,0,2,2,1,1,
202100037508,134 624,A01,1,7,0,2,8,9,1,
202100037509,134 620,A01,1,10,0,2,1,13,1,
202100037509,134 621,B01,1,7,0,2,1,1,1,
202100037509,134 622,C01,1,7,0,2,1,2,2,
202100037510,134 618,A01,2,31,0,2,1,13,1,
202100037510,134 619,B01,1,33,0,2,1,1,1,
202100037511,134 616,B01,1,7,0,2,3,14,2,
202100037511,134 617,A01,2,7,0,2,2,13,1,
202100037512,134 615,A01,2,34,0,0,7,1,1,
202100037513,134 614,A01,1,7,5,0,1,1,1,
202100037514,134 611,A01,2,7,0,2,1,2,1,
202100037514,134 612,B01,2,7,0,0,4,2,1,
202100037514,134 613,C01,2,7,14,0,1,1,1,
202100037515,134 608,A01,2,17,4,2,8,11,1,
202100037515,134 609,B01,2,7,4,2,7,1,1,
202100037515,134 610,C01,1,7,0,9,1,26,1,
202100037516,134 607,A01,1,7,0,0,0,1,1,
202100037517,134 606,A01,2,7,0,1,1,16,1,
202100037518,134 603,B01,2,7,0,2,3,0,1,
202100037518,134 604,A01,1,7,0,2,1,1,1,
202100037519,134 601,B01,2,7,0,0,1,0,1,
202100037519,134 602,A01,2,7,7,0,8,1,1,
202100037520,134 597,A01,1,7,0,2,8,15,1,
202100037520,134 598,B01,1,7,0,2,1,1,1,
202100037521,134 595,A01,2,7,0,2,1,1,1,
202100037521,134 596,B01,1,10,0,2,7,15,1,
202100037522,134 594,A01,2,7,2,0,5,13,1,
202100037523,134 592,B01,1,7,0,2,1,1,1,
202100037523,134 593,A01,0,7,0,2,8,15,1,
202100037524,134 590,B01,2,7,0,2,3,1,1,
202100037524,134 591,A01,1,33,0,2,3,13,1,
202100037525,134 589,A01,1,33,0,0,1,1,1,
202100037526,134 588,A01,2,33,12,0,1,16,1,
202100037527,134 586,B01,1,7,0,2,0,17,1,
202100037527,134 587,A01,1,33,0,2,1,2,1,
202100037528,134 585,A01,0,33,16,0,0,21,1,
202100037529,134 584,A01,0,7,3,0,2,0,1,
202100037530,134 582,B01,1,7,0,0,2,1,1,
202100037530,134 583,A01,1,7,0,2,1,1,1,
202100037531,134 581,A01,1,31,6,9,1,0,1,
202100037532,134 579,B01,3,1,0,9,1,1,5,
202100037532,134 580,A01,3,1,0,9,4,0,5,
202100037533,134 577,A01,0,7,0,2,3,9,1,
202100037533,134 578,B01,0,7,0,2,1,1,1,
202100037534,134 575,A01,2,7,0,2,3,1,1,
202100037534,134 576,B01,3,31,0,2,7,15,1,
202100037535,134 573,B01,2,7,0,2,1,1,1,
202100037535,134 574,A01,2,7,0,2,4,1,1,
202100037536,134 570,T01,2,7,0,0,0,1,1,
202100037536,134 571,A01,2,7,0,2,2,1,1,
202100037536,134 572,B01,1,7,0,2,8,1,1,
202100037537,134 568,B01,2,7,0,2,1,1,1,
202100037537,134 569,A01,2,7,0,2,4,1,1,
202100037538,134 565,C01,1,7,0,2,1,12,1,
202100037538,134 566,B01,1,7,0,2,5,1,1,
202100037538,134 567,A01,1,7,0,2,8,1,1,
202100037539,134 563,B01,2,14,0,2,1,2,1,
202100037539,134 564,A01,2,7,0,2,4,11,1,
202100037540,134 561,Z01,2,10,14,2,1,3,1,
202100037540,134 562,B01,2,10,4,0,9,26,1,
202100037541,134 559,B01,1,10,13,2,6,1,1,
202100037541,134 560,A01,1,7,0,2,2,14,1,
202100037542,134 556,B01,2,7,0,2,8,1,1,
202100037542,134 557,A01,2,7,0,2,2,17,1,
202100037542,134 558,C01,2,7,0,2,3,1,1,
202100037543,134 554,A01,1,33,0,2,6,11,1,
202100037543,134 555,Z01,1,7,0,2,1,0,0,
202100037544,134 553,A01,2,33,16,0,0,0,1,
202100037545,134 551,B01,2,7,0,2,4,1,1,
202100037545,134 552,A01,2,7,0,2,1,1,1,
202100037546,134 550,A01,1,31,0,2,7,14,1,
202100037547,134 547,C01,1,7,0,2,9,26,1,
202100037547,134 548,B01,1,7,0,2,4,26,1,
202100037547,134 549,A01,1,7,0,2,1,19,3,
202100037548,134 545,B01,2,33,0,2,4,1,1,
202100037548,134 546,Z01,2,7,0,2,1,1,1,
202100037549,134 543,A01,2,7,0,2,0,0,1,
202100037549,134 544,B01,2,7,0,2,4,2,1,
202100037550,134 541,B01,1,7,0,2,4,1,1,
202100037550,134 542,A01,1,7,0,2,1,1,1,
202100037551,134 539,B01,2,7,0,2,4,1,1,
202100037551,134 540,A01,2,7,0,2,1,2,1,
202100037552,134 538,A01,2,7,0,1,1,1,1,
202100037553,134 537,A01,1,7,0,1,1,1,1,
202100037554,134 536,A01,1,7,0,1,3,1,0,
202100037555,134 535,A01,3,10,0,1,1,26,1,
202100037556,134 534,A01,3,7,0,1,3,26,2,
202100037557,134 533,A01,1,2,1,0,3,13,1,
202100037558,134 531,A01,1,7,1,2,8,22,1,
202100037558,134 532,B01,1,2,1,0,7,1,1,
202100037559,134 529,B01,1,31,0,9,1,1,1,
202100037559,134 530,A01,2,30,0,9,1,1,1,
202100037560,134 527,B01,0,7,0,2,3,1,1,
202100037560,134 528,A01,0,7,0,2,2,5,1,
202100037561,134 525,B01,2,7,0,2,1,1,1,
202100037561,134 526,A01,2,30,0,2,8,1,1,
202100037562,134 523,B01,2,34,0,2,1,1,1,
202100037562,134 524,A01,1,7,0,2,7,15,1,
202100037563,134 522,A01,3,10,0,1,2,1,1,
202100037564,134 520,A01,2,7,0,0,0,15,1,
202100037564,134 521,B01,1,33,0,0,0,1,1,
202100037565,134 518,B01,2,2,0,2,1,1,1,
202100037565,134 519,A01,2,7,0,2,3,11,1,
202100037566,134 516,A01,3,7,0,2,6,9,1,
202100037566,134 517,B01,1,33,0,2,1,21,1,
202100037567,134 514,A01,1,7,0,2,3,1,0,
202100037567,134 515,B01,1,7,0,2,6,19,1,
202100037568,134 513,A01,2,33,0,0,7,1,1,
202100037569,134 512,A01,1,7,0,1,1,1,1,
202100037570,134 510,B01,1,7,0,2,4,23,1,
202100037570,134 511,A01,1,7,0,2,1,17,1,
202100037571,134 508,A01,2,34,0,2,1,9,1,
202100037571,134 509,B01,2,7,0,2,5,16,1,
202100037572,134 506,B01,2,37,0,2,6,23,1,1.0
202100037572,134 507,A01,2,7,0,2,2,11,0,
202100037573,134 501,B01,0,7,0,2,6,1,1,
202100037573,134 502,A01,0,7,0,2,1,1,1,
202100037574,134 499,B01,2,7,0,0,5,15,1,
202100037574,134 500,A01,2,7,0,2,3,21,1,
202100037575,134 498,A01,1,2,8,0,1,14,1,
202100037576,134 495,A01,1,7,0,2,3,10,1,
202100037576,134 496,B01,1,33,0,2,1,1,1,
202100037577,134 493,B01,2,7,0,2,3,0,1,
202100037577,134 494,A01,1,33,0,2,1,13,1,
202100037578,134 490,B01,0,7,9,0,5,23,1,
202100037578,134 491,C01,0,7,0,0,3,23,1,
202100037578,134 492,A01,0,7,0,2,1,26,1,
202100037579,134 488,A01,2,1,0,2,1,25,5,
202100037579,134 489,B01,3,7,0,2,2,26,1,
202100037580,134 487,A01,1,34,0,1,0,17,1,
202100037581,134 485,B01,1,7,0,2,1,2,1,
202100037581,134 486,A01,2,7,0,2,1,9,1,
202100037582,134 483,B01,2,7,0,2,1,1,1,
202100037582,134 484,A01,1,7,0,2,1,13,1,
202100037583,134 481,B01,1,33,0,2,1,21,1,
202100037583,134 482,A01,2,7,0,2,6,15,1,
202100037584,134 479,B01,2,40,0,2,1,1,3,
202100037584,134 480,A01,1,7,0,4,3,15,1,
202100037585,134 477,A01,2,33,0,2,1,1,1,
202100037585,134 478,B01,3,7,0,2,3,19,1,
202100037586,134 476,A01,2,7,0,1,1,1,1,
202100037587,134 474,B01,1,34,0,2,8,1,1,
202100037587,134 475,A01,1,7,0,9,7,17,1,
202100037588,134 472,B01,1,30,0,2,1,1,1,
202100037588,134 473,A01,1,7,0,9,3,13,1,
202100037589,134 470,A01,2,7,0,2,7,15,1,
202100037589,134 471,B01,1,33,0,2,1,0,1,
202100037590,134 468,A01,2,32,0,2,1,1,1,
202100037590,134 469,B01,2,7,0,2,2,1,1,
202100037591,134 466,A01,3,7,0,2,5,1,1,
202100037591,134 467,B01,3,2,0,2,6,1,1,
202100037592,134 465,A01,2,7,0,1,1,15,1,
202100037593,134 463,A01,2,7,0,2,3,10,1,
202100037593,134 464,B01,2,2,0,2,1,17,3,
202100037594,134 461,A01,2,7,0,2,1,15,1,
202100037594,134 462,B01,1,7,0,2,5,1,1,
202100037595,134 460,A01,1,7,13,0,1,1,1,
202100037596,134 458,A01,2,1,0,2,2,9,5,
202100037596,134 459,B01,2,7,0,2,3,1,1,
202100037597,134 457,A01,0,30,0,0,1,1,1,
202100037598,134 455,B01,2,33,0,2,4,23,1,
202100037598,134 456,A01,2,13,0,2,1,9,1,
202100037599,134 453,B01,3,7,0,2,3,9,2,
202100037599,134 454,A01,3,7,0,2,4,9,1,
202100037600,134 452,A01,1,7,6,0,2,14,1,
202100037601,134 449,A01,2,7,0,2,1,2,1,
202100037601,134 450,B01,2,7,0,2,4,2,1,
202100037601,134 451,C01,2,7,0,2,4,2,1,
202100037602,134 447,A01,2,7,0,2,3,10,1,
202100037602,134 448,B01,2,33,0,2,3,1,1,
202100037603,134 445,Z01,1,30,0,2,0,18,0,
202100037603,134 446,B01,1,50,0,2,1,1,3,
202100037604,134 443,B01,2,2,0,2,7,1,1,
202100037604,134 444,A01,2,7,0,2,8,9,1,
202100037605,134 441,B01,2,2,0,2,2,17,1,
202100037605,134 442,A01,2,7,0,2,3,15,1,
202100037606,134 440,A01,1,30,0,2,0,7,1,
202100037607,134 438,B01,2,1,0,2,7,9,5,
202100037607,134 439,A01,2,31,0,2,1,1,1,
202100037608,134 436,A01,1,7,0,2,2,15,1,
202100037608,134 437,B01,2,43,0,2,8,1,1,
202100037609,134 434,B01,1,80,0,2,1,1,3,
202100037609,134 435,A01,1,7,0,2,3,22,3,
202100037610,134 432,A01,2,7,0,2,0,17,1,
202100037610,134 433,B01,2,43,0,0,3,1,1,
202100037611,134 430,B01,3,31,0,2,8,1,1,
202100037611,134 431,A01,3,7,12,2,2,15,1,
202100037612,134 428,A01,3,1,0,2,1,5,5,
202100037612,134 429,B01,3,10,0,2,1,15,1,
202100037613,134 425,A01,1,7,0,2,3,1,1,
202100037613,134 426,C01,1,7,0,2,3,21,1,
202100037613,134 427,B01,1,7,0,2,4,15,2,
202100037614,134 424,A01,0,30,3,0,1,14,1,
202100037615,134 423,A01,1,7,1,0,2,14,1,
202100037616,134 421,B01,1,7,0,2,0,1,1,
202100037616,134 422,A01,1,30,8,0,1,18,1,
202100037617,134 417,C01,0,1,0,2,0,23,5,
202100037617,134 418,D01,0,1,0,2,0,23,5,
202100037617,134 419,A01,1,33,12,2,2,21,1,
202100037617,134 420,B01,0,1,0,2,0,23,5,
202100037618,134 415,B01,1,7,0,2,1,1,1,
202100037618,134 416,A01,1,7,0,2,6,10,1,