Num_Acc,id_vehicule,num_veh,senc,catv,obs,obsm,choc,manv,motor,occutc
202100037619,134 413,B01,1,7,0,2,1,1,1,
202100037619,134 414,A01,1,1,0,2,1,1,5,
202100037620,134 412,A01,0,10,0,1,4,4,1,
202100037621,134 410,A01,2,1,0,2,1,2,5,
202100037621,134 411,B01,0,1,0,2,4,2,5,
202100037622,134 409,A01,1,1,0,0,0,1,5,
202100037623,134 408,A01,1,1,0,0,0,21,5,
202100037624,134 406,A01,2,7,0,2,2,16,1,
202100037624,134 407,B01,2,1,0,2,1,19,5,
202100037625,134 405,A01,2,7,4,2,2,14,1,
202100037626,134 403,A01,2,33,0,2,1,17,1,
202100037626,134 404,B01,2,7,0,2,3,18,1,
202100037627,134 401,B01,1,2,0,2,1,2,1,
202100037627,134 402,A01,1,7,0,2,5,2,1,
202100037628,134 400,A01,1,7,0,1,3,15,1,
202100037629,134 398,A01,0,7,0,2,2,15,1,
202100037629,134 399,B01,0,34,0,2,1,1,1,
202100037630,134 396,B01,2,2,0,2,1,1,1,
202100037630,134 397,A01,2,7,0,2,3,9,1,
202100037631,134 394,A01,3,7,0,2,1,1,1,
202100037631,134 395,B01,3,7,0,2,8,1,1,
202100037632,134 392,B01,1,7,0,2,1,19,0,
202100037632,134 393,A01,1,7,0,2,1,2,0,
202100037633,134 389,C01,1,7,0,2,1,23,1,
202100037633,134 390,A01,1,7,0,2,3,1,1,
202100037633,134 391,B01,1,7,0,2,2,1,1,
202100037634,134 387,A01,3,7,0,2,3,1,0,
202100037634,134 388,B01,3,43,0,2,4,23,1,
202100037635,134 386,A01,2,7,0,1,1,1,1,
202100037636,134 383,B01,1,99,0,2,1,2,1,
202100037636,134 384,A01,1,7,1,2,1,1,1,
202100037636,134 385,C01,1,7,0,2,8,16,1,
202100037637,134 382,A01,1,7,0,1,1,0,1,
202100037638,134 380,A01,3,7,0,2,1,1,1,
202100037638,134 381,B01,3,7,0,2,3,16,1,
202100037639,134 377,C01,2,7,0,2,4,23,1,
202100037639,134 378,B01,2,7,0,2,4,1,1,
202100037639,134 379,A01,2,7,0,2,1,1,1,
202100037640,134 376,A01,1,33,8,0,1,1,1,
202100037641,134 373,A01,2,32,0,0,1,1,1,
202100037642,134 371,A01,1,7,0,2,2,15,1,
202100037642,134 372,B01,1,7,8,2,1,1,1,
202100037643,134 369,A01,2,7,0,2,2,15,1,
202100037643,134 370,B01,1,33,0,2,1,1,1,
202100037644,134 368,A01,2,7,0,1,3,1,1,
202100037645,134 367,A01,0,7,1,0,1,5,1,
202100037646,134 365,B01,2,7,0,2,1,15,1,
202100037646,134 366,A01,2,1,0,0,4,2,5,
202100037647,134 363,B01,2,33,0,2,1,1,1,
202100037647,134 364,A01,1,7,0,2,7,15,1,
202100037648,134 362,A01,0,7,7,0,1,1,1,
202100037649,134 360,A01,3,7,0,2,3,19,1,
202100037649,134 361,B01,3,7,0,2,1,19,1,
202100037650,134 358,A01,2,7,0,2,1,13,1,
202100037650,134 359,B01,1,33,0,2,1,1,1,
202100037651,134 357,A01,0,2,5,0,0,1,0,
202100037652,134 356,A01,2,33,0,0,0,14,0,
202100037653,134 355,A01,0,33,6,0,9,1,1,
202100037654,134 354,A01,3,7,13,0,9,1,1,
202100037655,134 352,A01,1,33,12,2,0,1,1,
202100037655,134 353,B01,2,7,0,0,1,1,1,
202100037656,134 350,B01,1,50,0,2,1,1,3,
202100037656,134 351,A01,2,7,0,2,2,1,1,
202100037657,134 348,A01,1,7,0,2,1,1,1,
202100037657,134 349,B01,2,7,0,2,3,1,1,
202100037658,134 347,A01,1,33,13,0,3,1,1,
202100037659,134 345,B01,1,7,0,2,7,17,1,
202100037659,134 346,A01,1,7,0,2,3,15,1,
202100037660,134 341,B01,1,10,0,0,3,21,1,
202100037660,134 342,A01,2,7,0,2,3,19,1,
202100037660,134 343,D01,1,7,0,2,1,1,1,
202100037660,134 344,C01,1,7,0,2,2,1,1,
202100037661,134 339,A01,2,7,0,2,1,5,1,
202100037661,134 340,B01,1,7,0,2,1,1,1,
202100037662,134 337,A01,2,33,0,2,1,1,1,
202100037662,134 338,B01,2,7,0,0,7,16,1,
202100037663,134 335,A01,0,7,0,2,3,15,1,
202100037663,134 336,B01,3,2,0,2,1,1,1,
202100037664,134 333,A01,2,7,0,2,8,9,1,
202100037664,134 334,B01,1,7,0,2,1,1,1,
202100037665,134 332,A01,1,10,2,0,1,14,1,
202100037666,134 331,A01,1,33,1,0,8,1,1,
202100037667,134 330,A01,2,31,13,0,0,2,1,
202100037668,134 328,A01,3,7,0,2,2,1,1,
202100037668,134 329,B01,3,2,0,2,1,5,1,
202100037669,134 327,A01,3,7,0,1,1,1,1,
202100037670,134 323,B01,1,7,0,0,1,1,1,
202100037670,134 324,A01,1,7,0,2,7,1,1,
202100037671,134 319,C01,1,7,0,2,6,13,1,
202100037671,134 320,B01,2,33,0,2,1,1,1,
202100037671,134 321,A01,1,33,0,2,1,17,1,
202100037672,134 318,A01,1,7,8,0,9,0,1,
202100037673,134 316,A01,2,7,0,2,3,9,1,
202100037673,134 317,B01,1,33,0,2,5,1,1,
202100037674,134 314,B01,1,99,0,2,4,16,1,
202100037674,134 315,A01,1,7,0,2,1,0,1,
202100037675,134 312,A01,2,7,0,2,8,26,1,
202100037675,134 313,B01,1,33,15,2,3,1,1,
202100037676,134 310,B01,2,99,0,2,8,1,1,
202100037676,134 311,A01,1,33,0,2,3,1,1,
202100037677,134 309,A01,3,32,0,0,3,0,1,
202100037678,134 308,A01,2,7,8,0,9,14,1,
202100037679,134 307,A01,1,7,2,0,1,1,1,
202100037680,134 306,A01,2,33,3,0,9,1,1,
202100037681,134 305,A01,1,33,0,0,1,1,1,
202100037682,134 303,B01,1,7,0,2,1,19,1,
202100037682,134 304,A01,1,33,0,2,7,1,1,
202100037683,134 301,B01,2,33,0,2,1,1,1,
202100037683,134 302,A01,3,7,0,2,3,15,1,
202100037684,134 300,A01,2,31,13,0,1,1,1,
202100037685,134 299,A01,1,31,15,0,1,1,1,
202100037686,134 298,A01,2,33,0,0,0,1,1,
202100037687,134 296,B01,2,7,0,2,8,1,1,
202100037687,134 297,A01,2,15,0,2,7,17,0,
202100037688,134 295,A01,1,2,15,0,1,26,1,
202100037689,134 294,A01,3,7,0,1,1,1,1,
202100037690,134 292,B01,1,7,0,2,1,13,1,
202100037690,134 293,A01,2,7,0,2,3,1,1,
202100037691,134 290,B01,1,21,0,2,4,1,1,
202100037691,134 291,A01,1,7,0,2,1,1,1,
202100037692,134 289,A01,2,7,13,0,3,0,1,
202100037693,134 287,B01,1,1,0,2,1,1,5,
202100037693,134 288,A01,2,7,0,2,3,16,1,
202100037694,134 286,A01,3,7,2,0,1,1,1,
202100037695,134 283,A01,1,33,0,0,9,15,1,
202100037696,134 282,A01,1,7,9,0,1,14,1,
202100037697,134 281,A01,1,33,0,0,3,1,0,
202100037698,134 279,B01,1,32,0,2,1,17,1,
202100037698,134 280,A01,1,7,0,2,8,15,6,
202100037699,134 278,A01,2,33,13,0,1,13,1,
202100037700,134 277,A01,1,33,15,0,1,1,1,
202100037701,134 275,B01,1,1,0,2,5,1,5,
202100037701,134 276,A01,1,1,0,2,3,1,5,
202100037702,134 273,B01,1,7,0,2,1,1,1,
202100037702,134 274,A01,2,7,0,2,1,15,1,
202100037703,134 272,A01,3,2,6,0,3,1,1,
202100037704,134 270,B01,2,33,0,2,1,1,1,
202100037704,134 271,A01,1,7,0,2,2,15,1,
202100037705,134 269,A01,1,7,15,0,2,14,1,
202100037706,134 267,A01,3,7,0,2,3,15,1,
202100037706,134 268,B01,1,33,0,2,1,1,1,
202100037707,134 265,B01,2,34,0,2,1,1,1,
202100037707,134 266,A01,1,7,0,2,2,15,1,
202100037708,134 264,A01,1,1,0,0,0,1,5,
202100037709,134 262,B01,2,7,0,2,8,1,1,
202100037709,134 263,A01,1,33,0,2,8,13,1,
202100037710,134 260,A01,2,7,0,2,1,19,1,
202100037710,134 261,B01,1,7,0,2,2,1,1,
202100037711,134 258,B01,0,30,0,2,8,15,1,
202100037711,134 259,A01,0,2,0,2,1,2,1,
202100037712,134 257,A01,1,7,6,0,3,1,1,
202100037713,134 255,B01,1,7,0,2,2,2,1,
202100037713,134 256,A01,1,7,0,2,6,23,1,
202100037714,134 253,B01,1,7,0,2,1,2,1,
202100037714,134 254,A01,1,7,0,2,4,10,1,
202100037715,134 251,B01,1,31,0,2,8,3,1,
202100037715,134 252,A01,1,7,0,2,7,12,1,
202100037716,134 249,B01,2,7,0,2,1,1,1,
202100037716,134 250,A01,1,7,0,2,4,23,3,
202100037717,134 245,D01,1,7,0,2,4,1,1,
202100037717,134 246,A01,1,7,0,2,2,21,1,
202100037717,134 247,C01,1,7,0,2,7,1,1,
202100037717,134 248,B01,1,17,0,2,6,1,1,
202100037718,134 243,B01,2,7,0,2,7,12,1,
202100037718,134 244,A01,1,31,0,2,7,3,1,
202100037719,134 242,A01,1,7,3,0,1,2,1,
202100037720,134 240,B01,2,7,0,2,4,0,1,
202100037720,134 241,A01,2,33,0,2,4,12,1,
202100037721,134 239,A01,2,7,3,0,0,21,1,
202100037722,134 238,A01,1,31,13,0,1,14,1,
202100037723,134 235,A01,1,7,0,2,1,2,1,
202100037723,134 236,B01,1,10,0,2,1,2,1,
202100037723,134 237,C01,1,10,0,2,4,2,1,
202100037724,134 234,A01,1,31,0,2,8,26,1,
202100037725,134 232,A01,2,7,0,2,6,12,1,
202100037725,134 233,B01,2,33,0,2,1,3,1,
202100037726,134 230,B01,2,31,0,2,7,1,1,
202100037726,134 231,A01,2,7,0,2,8,11,1,
202100037727,134 229,A01,1,32,0,1,1,1,1,
202100037728,134 228,A01,1,7,0,1,1,16,1,
202100037729,134 227,A01,3,7,0,1,2,1,1,
202100037730,134 225,B01,0,33,0,2,4,2,1,
202100037730,134 226,A01,0,33,0,2,1,2,1,
202100037731,134 224,A01,1,2,0,0,0,1,1,
202100037732,134 222,B01,2,33,0,2,1,1,1,
202100037732,134 223,A01,2,7,0,2,4,1,1,
202100037733,134 220,B01,3,1,0,2,8,1,5,
202100037733,134 221,A01,3,7,0,9,1,1,1,
202100037734,134 219,A01,3,2,0,0,0,0,0,
202100037735,134 217,B01,2,2,0,2,8,1,1,
202100037735,134 218,A01,1,7,0,9,1,15,1,
202100037736,134 215,A01,1,7,0,9,6,2,1,
202100037736,134 216,B01,1,1,0,2,8,1,0,
202100037737,134 213,A01,2,7,0,2,7,2,1,
202100037737,134 214,B01,2,2,0,2,8,2,3,
202100037738,134 212,A01,1,7,0,1,8,1,1,
202100037739,134 209,B01,1,7,0,2,3,1,1,
202100037739,134 210,C01,1,2,0,2,7,18,1,
202100037739,134 211,A01,1,7,0,2,5,15,1,
202100037740,134 208,A01,2,30,0,0,2,3,1,
202100037741,134 207,A01,1,7,6,0,1,13,1,
202100037742,134 205,B01,3,7,0,2,5,1,1,
202100037742,134 206,A01,2,50,0,2,1,19,3,
202100037743,134 204,A01,2,7,0,1,1,15,3,
202100037744,134 202,A01,2,30,0,2,9,21,1,
202100037744,134 203,B01,2,3,0,2,3,13,1,
202100037745,134 200,B01,3,34,0,2,3,1,1,
202100037745,134 201,A01,3,10,0,2,1,26,1,
202100037746,134 199,A01,1,33,8,0,1,26,1,
202100037747,134 196,C01,2,37,0,2,6,1,1,1.0
202100037747,134 197,B01,2,7,0,2,4,17,1,
202100037747,134 198,A01,2,33,0,2,2,3,1,
202100037748,134 194,B01,2,31,0,2,1,1,1,
202100037748,134 195,A01,1,7,0,2,2,15,1,
202100037749,134 193,A01,1,7,16,0,9,1,1,
202100037750,134 191,A01,1,7,0,2,3,9,1,
202100037750,134 192,B01,1,33,0,2,1,1,1,
202100037751,134 188,B01,2,7,0,2,1,1,1,
202100037751,134 189,A01,1,7,0,2,1,15,1,
202100037752,134 187,A01,2,33,0,0,7,13,1,
202100037753,134 183,A01,1,10,0,2,1,2,1,
202100037753,134 184,B01,1,7,0,2,4,2,1,
202100037753,134 185,C01,1,10,0,2,4,2,0,
202100037753,134 186,D01,1,7,0,2,4,0,1,
202100037754,134 180,C01,1,7,0,2,4,1,1,
202100037754,134 181,B01,1,7,0,2,4,1,1,
202100037754,134 182,A01,1,7,0,2,1,1,1,
202100037755,134 178,B01,3,7,0,0,3,1,1,
202100037755,134 179,A01,3,7,0,2,1,26,1,
202100037756,134 177,A01,3,7,0,1,7,1,1,
202100037757,134 176,A01,0,7,1,1,4,4,1,
202100037758,134 172,B01,2,7,1,0,4,1,1,
202100037758,134 173,A01,1,33,1,2,1,13,1,
202100037759,134 169,A01,2,10,0,2,6,15,1,
202100037759,134 170,B01,2,33,0,2,1,0,1,
202100037760,134 168,A01,3,7,0,1,8,15,1,
202100037761,134 164,A01,3,2,0,2,3,15,1,
202100037761,134 165,B01,3,50,0,2,2,19,3,
202100037762,134 162,A01,2,7,0,2,1,1,1,
202100037762,134 163,B01,2,50,0,2,8,1,3,
202100037763,134 160,B01,1,7,0,2,1,1,1,
202100037763,134 161,A01,2,32,0,2,1,1,1,
202100037764,134 159,A01,1,36,0,0,7,15,1,
202100037765,134 157,A01,1,33,12,2,8,21,1,
202100037765,134 158,B01,1,7,0,2,0,16,1,
202100037766,134 155,A01,1,10,0,2,3,22,1,
202100037766,134 156,B01,1,1,1,0,1,1,5,
202100037767,134 153,A01,1,7,0,2,1,2,1,
202100037767,134 154,B01,1,7,0,2,4,15,1,
202100037768,134 151,A01,2,30,0,2,1,19,1,
202100037768,134 152,B01,1,10,0,2,7,1,1,
202100037769,134 150,A01,3,0,0,1,0,2,0,
202100037770,134 148,A01,0,7,0,2,3,1,1,
202100037770,134 149,B01,0,7,0,2,1,1,1,
202100037771,134 146,B01,3,1,0,2,9,19,0,
202100037771,134 147,A01,1,10,0,2,2,1,1,
202100037772,134 145,A01,2,7,1,0,9,1,1,
202100037773,134 144,A01,1,7,9,1,9,14,1,
202100037774,134 142,A01,1,7,0,4,8,9,1,
202100037774,134 143,B01,3,39,0,2,1,1,0,
202100037775,134 140,A01,1,7,0,2,3,13,1,
202100037775,134 141,B01,2,7,1,2,3,1,1,
202100037776,134 138,B01,1,32,0,2,1,1,1,
202100037776,134 139,A01,1,7,0,9,2,15,1,
202100037777,134 136,A01,3,33,0,2,1,1,1,
202100037777,134 137,B01,3,7,0,9,4,1,1,
202100037778,134 134,B01,0,1,1,0,1,1,5,
202100037778,134 135,A01,0,7,0,2,8,24,1,
202100037779,134 132,A01,2,7,0,2,7,17,1,
202100037779,134 133,B01,2,2,0,2,8,17,1,
202100037780,134 129,C01,0,7,0,0,4,2,1,
202100037780,134 130,B01,0,7,0,2,4,2,1,
202100037780,134 131,A01,0,7,0,2,1,2,1,
202100037781,134 127,A01,3,7,0,2,3,19,1,
202100037781,134 128,B01,0,7,0,2,3,19,1,
202100037782,134 125,A01,1,7,0,9,5,16,1,
202100037782,134 126,B01,3,50,0,2,1,19,3,
202100037783,134 124,A01,1,7,4,0,1,1,1,
202100037784,134 122,B01,1,2,0,2,8,7,1,
202100037784,134 123,A01,1,7,0,2,7,16,1,
202100037785,134 120,A01,1,7,0,2,2,26,1,
202100037785,134 121,B01,1,7,0,2,1,0,1,
202100037786,134 119,A01,1,7,0,1,3,26,1,
202100037787,134 117,B01,2,7,0,2,7,1,1,
202100037787,134 118,A01,3,7,0,2,1,26,1,
202100037788,134 115,A01,3,31,0,2,1,19,1,
202100037788,134 116,B01,3,7,0,2,2,0,1,
202100037789,134 114,A01,3,30,9,0,1,1,1,
202100037790,134 113,A01,3,7,0,1,3,1,1,
202100037791,134 112,A01,3,2,0,0,8,26,1,
202100037792,134 110,B01,1,10,0,2,6,1,0,
202100037792,134 111,A01,1,30,0,2,2,17,1,
202100037793,134 108,B01,3,7,0,2,5,12,1,
202100037793,134 109,A01,3,7,0,2,3,1,1,
202100037794,134 106,A01,2,1,0,2,2,2,5,
202100037794,134 107,B01,2,7,0,2,6,2,1,
202100037795,134 104,B01,1,7,8,2,7,23,1,
202100037795,134 105,A01,2,37,14,0,7,1,1,1.0
202100037796,134 102,A01,0,1,1,0,1,21,6,
202100037796,134 103,B01,1,10,0,2,7,22,1,
202100037797,134 101,A01,2,33,0,1,1,1,1,
202100037798,134 098,A01,3,30,0,1,1,25,1,
202100037799,134 096,A01,1,7,0,2,2,19,1,
202100037799,134 097,B01,2,7,0,2,1,1,1,
202100037800,134 094,B01,3,33,0,2,1,0,1,
202100037800,134 095,A01,3,7,0,2,3,15,1,
202100037801,134 092,B01,1,7,0,2,4,20,1,
202100037801,134 093,A01,1,7,0,2,1,1,1,
202100037802,134 088,A01,3,32,0,2,1,17,1,
202100037802,134 089,B01,3,7,0,2,6,15,1,
202100037803,134 086,B01,1,7,0,1,1,1,1,
202100037803,134 087,A01,1,7,1,2,1,26,1,
202100037804,134 084,B01,0,7,0,2,2,1,1,
202100037804,134 085,A01,0,7,0,2,1,1,1,
202100037805,134 080,B01,1,7,0,2,6,24,1,
202100037805,134 081,A01,1,7,1,0,3,1,1,
202100037806,134 078,A01,1,7,0,2,1,1,1,
202100037806,134 079,B01,1,7,0,2,4,1,1,
202100037807,134 076,A01,1,7,0,2,1,1,1,
202100037807,134 077,B01,1,1,0,2,1,1,5,
202100037808,134 074,A01,1,7,0,2,1,1,1,
202100037808,134 075,B01,1,1,0,2,1,1,5,
202100037809,134 073,A01,1,7,0,1,1,1,1,
202100037810,134 071,Z01,3,7,0,2,1,0,1,
202100037810,134 072,A01,3,33,0,2,4,1,1,
202100037811,134 069,A01,3,7,0,2,2,5,1,
202100037811,134 070,B01,3,2,0,2,1,9,1,
202100037812,134 067,Z01,0,7,0,2,0,0,0,
202100037812,134 068,A01,0,7,0,2,0,26,1,
202100037813,134 065,A01,3,7,0,2,1,1,1,
202100037813,134 066,B01,3,7,0,2,4,23,1,
202100037814,134 063,A01,1,33,12,2,2,15,1,
202100037814,134 064,B01,1,30,12,2,1,1,0,
202100037815,134 061,B01,3,1,0,2,7,2,0,
202100037815,134 062,A01,2,7,0,2,3,9,1,
202100037816,134 060,A01,1,7,0,1,1,1,1,
202100037817,134 058,A01,2,7,0,2,3,9,2,
202100037817,134 059,B01,3,30,0,2,1,1,1,
202100037818,134 057,A01,2,7,1,0,2,0,1,
202100037819,134 055,A01,3,33,0,2,1,26,1,
202100037819,134 056,B01,3,43,0,2,1,0,1,
202100037820,134 053,B01,1,10,0,2,3,23,1,
202100037820,134 054,A01,2,32,0,2,1,21,1,
202100037821,134 052,A01,1,7,13,0,6,1,1,
202100037822,134 049,A01,2,10,0,2,1,1,1,
202100037822,134 050,B01,2,7,0,2,4,1,1,
202100037822,134 051,C01,2,7,0,2,4,1,1,
202100037823,134 047,B01,1,33,0,2,3,21,1,
202100037823,134 048,Z01,2,7,0,2,0,0,0,
202100037824,134 045,A01,3,7,0,2,3,13,1,
202100037824,134 046,B01,3,33,0,2,1,1,1,
202100037825,134 043,B01,1,33,0,2,1,21,1,
202100037825,134 044,A01,2,7,0,0,2,19,1,
202100037826,134 042,A01,1,33,0,0,7,21,1,
202100037827,134 040,B01,1,50,0,2,7,5,3,
202100037827,134 041,A01,2,7,0,2,1,16,2,
202100037828,134 038,A01,2,31,0,2,1,1,1,
202100037828,134 039,B01,2,50,0,2,4,15,3,
202100037829,134 036,B01,1,80,0,2,4,1,3,
202100037829,134 037,A01,3,30,0,2,1,16,1,
202100037830,134 034,B01,1,1,0,2,1,2,5,
202100037830,134 035,A01,1,1,0,2,3,10,5,
202100037831,134 033,A01,2,40,0,1,7,1,3,
202100037832,134 032,A01,1,32,0,0,0,21,1,
202100037833,134 031,A01,1,43,0,1,1,1,1,
202100037834,134 029,B01,3,7,0,2,6,23,1,
202100037834,134 030,A01,3,43,0,2,1,1,1,
202100037835,134 027,A01,2,7,0,2,8,22,1,
202100037835,134 028,B01,0,43,0,2,7,17,1,
202100037836,134 025,B01,2,7,0,2,7,16,3,
202100037836,134 026,A01,2,33,8,2,2,18,1,
202100037837,134 024,A01,1,30,0,1,1,1,1,
202100037838,134 023,A01,2,30,1,0,2,14,1,
202100037839,134 021,A01,0,30,12,2,7,14,1,
202100037839,134 022,B01,0,30,0,2,0,1,1,
202100037840,134 019,B01,2,1,0,2,1,1,5,
202100037840,134 020,A01,2,7,0,2,8,22,1,
202100037841,134 017,B01,2,1,0,2,1,1,5,
202100037841,134 018,A01,2,10,0,2,5,4,1,
202100037842,134 015,B01,2,7,0,2,1,15,1,
202100037842,134 016,A01,2,50,0,2,7,19,3,
202100037843,134 014,A01,2,7,0,1,1,1,1,
202100037844,134 013,A01,1,7,1,0,1,1,1,
202100037845,134 012,A01,2,43,0,1,2,26,1,
202100037846,134 010,A01,3,7,8,2,1,16,1,
202100037846,134 011,B01,3,2,8,2,1,1,1,
202100037847,134 009,A01,1,7,0,1,3,1,1,
202100037848,134 007,A01,2,7,0,2,8,15,1,
202100037848,134 008,B01,2,34,0,2,7,17,1,
202100037849,134 005,B01,2,7,9,2,3,26,1,
202100037849,134 006,Z01,2,7,0,2,2,0,1,
202100037850,134 003,A01,3,7,0,2,7,5,1,
202100037850,134 004,B01,3,7,0,2,8,23,1,
202100037851,134 002,A01,2,10,8,0,1,9,1,
202100037852,134 000,Z01,3,7,0,2,0,16,1,
202100037852,134 001,B01,3,10,0,2,7,24,1,
202100037853,133 999,A01,3,7,3,0,9,1,1,
202100037854,133 997,B01,1,31,0,0,8,1,1,
202100037854,133 998,A01,2,7,0,2,0,15,0,
202100037855,133 995,B01,3,10,0,2,2,2,3,
202100037855,133 996,A01,1,7,0,2,1,26,1,
202100037856,133 994,Z01,3,30,9,1,0,26,1,
202100037857,133 992,B01,0,1,0,0,0,0,0,
202100037857,133 993,A01,1,15,0,2,7,16,1,
202100037858,133 991,A01,0,7,6,0,1,19,1,
202100037859,133 990,A01,2,7,0,1,1,1,1,
202100037860,133 988,A01,1,7,0,2,5,2,1,
202100037860,133 989,B01,1,10,0,2,3,2,1,
202100037861,133 986,A01,2,7,0,2,2,15,1,
202100037861,133 987,B01,1,33,0,2,1,0,1,
202100037862,133 984,B01,3,2,0,2,0,15,1,
202100037862,133 985,A01,3,7,0,2,1,1,1,
202100037863,133 982,B01,1,7,14,9,4,0,0,
202100037863,133 983,A01,2,1,14,0,1,26,5,
202100037864,133 980,A01,0,7,0,0,0,13,1,
202100037864,133 981,B01,0,2,0,2,0,3,1,
202100037865,133 978,B01,3,33,0,2,8,1,1,
202100037865,133 979,A01,3,7,0,2,1,15,1,
202100037866,133 976,A01,1,7,0,2,1,15,1,
202100037866,133 977,B01,1,7,0,2,2,0,1,
202100037867,133 975,A01,2,7,14,0,1,1,1,
202100037868,133 974,A01,2,1,0,1,1,1,5,
202100037869,133 972,A01,1,33,0,2,1,11,1,
202100037869,133 973,B01,1,30,0,2,4,2,1,
202100037870,133 970,A01,3,2,0,2,7,17,1,
202100037870,133 971,B01,3,7,0,2,3,15,1,
202100037871,133 968,B01,2,32,0,2,6,18,1,
202100037871,133 969,A01,2,13,0,2,5,1,1,
202100037872,133 966,A01,2,7,0,2,4,15,1,
202100037872,133 967,B01,2,31,0,2,1,2,1,
202100037873,133 964,B01,3,43,0,2,4,1,1,
202100037873,133 965,A01,2,7,0,2,1,2,2,
202100037874,133 963,A01,2,7,0,1,1,16,1,
202100037875,133 961,A01,2,33,0,2,2,2,0,
202100037875,133 962,B01,2,32,0,2,6,1,1,
202100037876,133 960,A01,1,7,1,9,2,1,1,
202100037877,133 957,C01,2,7,0,2,4,23,1,
202100037877,133 958,B01,2,7,0,2,4,23,2,
202100037877,133 959,A01,2,10,14,0,1,1,1,
202100037878,133 956,A01,1,0,8,0,7,25,0,
202100037879,133 954,B01,2,33,0,2,7,1,1,
202100037879,133 955,A01,1,7,0,2,1,19,1,
202100037880,133 952,B01,1,7,8,0,3,1,1,
202100037880,133 953,A01,2,7,0,0,3,1,1,
202100037881,133 950,B01,1,10,0,2,6,15,1,
202100037881,133 951,A01,1,33,0,2,1,15,1,
202100037882,133 949,A01,3,7,0,1,5,4,1,
202100037883,133 948,A01,2,7,0,1,2,1,1,
202100037884,133 946,A01,2,33,14,2,2,2,1,
202100037884,133 947,B01,2,7,0,0,6,2,1,
202100037885,133 944,A01,2,33,0,2,8,1,1,
202100037885,133 945,B01,1,7,0,2,8,1,1,
202100037886,133 942,B01,1,33,0,2,2,17,1,
202100037886,133 943,A01,1,7,0,2,3,17,1,
202100037887,133 941,A01,1,33,7,0,0,1,1,
202100037888,133 939,B01,1,1,0,2,1,13,5,
202100037888,133 940,A01,1,7,0,2,1,1,1,
202100037889,133 938,A01,3,2,0,1,1,1,1,
202100037890,133 936,B01,1,1,0,2,4,1,5,
202100037890,133 937,A01,1,1,0,2,1,2,5,
202100037891,133 933,B01,3,7,0,0,0,26,1,
202100037891,133 934,C01,2,21,0,2,3,1,6,
202100037891,133 935,A01,2,2,0,2,1,21,1,
202100037892,133 932,A01,2,2,12,0,3,15,1,
202100037893,133 930,B01,2,7,0,0,5,1,1,
202100037893,133 931,A01,2,7,0,2,3,1,1,
202100037894,133 929,A01,2,1,1,0,1,14,5,
202100037895,133 926,A01,1,7,0,2,3,13,1,
202100037895,133 927,B01,2,7,0,2,3,1,1,
202100037896,133 924,A01,1,7,6,2,3,2,1,
202100037896,133 925,B01,2,7,6,2,3,2,1,
202100037897,133 922,A01,1,7,0,0,8,9,1,
202100037897,133 923,B01,1,1,0,2,1,9,0,
202100037898,133 921,A01,1,7,8,0,3,0,1,
202100037899,133 920,A01,1,7,0,0,3,14,1,
202100037900,133 918,A01,2,7,0,2,7,15,1,
202100037900,133 919,B01,1,31,0,2,1,1,1,
202100037901,133 916,A01,1,10,0,2,1,1,1,
202100037901,133 917,B01,0,7,0,2,3,16,1,
202100037902,133 915,A01,2,2,0,0,0,1,1,
202100037903,133 913,B01,2,1,0,9,1,2,5,
202100037903,133 914,A01,2,1,0,9,1,2,5,
202100037904,133 912,A01,2,33,0,6,0,1,1,
202100037905,133 910,A01,2,7,0,2,1,1,1,
202100037905,133 911,B01,3,7,0,2,7,9,1,
202100037906,133 907,C01,1,2,0,2,3,1,1,
202100037906,133 908,B01,1,7,0,2,8,1,1,
202100037906,133 909,A01,3,7,0,2,3,21,1,
202100037907,133 905,A01,2,7,8,2,7,15,1,
202100037907,133 906,B01,2,7,0,2,1,1,1,
202100037908,133 904,A01,2,33,3,0,0,1,1,
202100037909,133 903,A01,0,36,0,0,1,0,1,
202100037910,133 901,B01,2,7,0,2,1,15,1,
202100037910,133 902,A01,1,2,0,2,1,0,1,
202100037911,133 899,B01,2,33,0,2,3,1,1,
202100037911,133 900,A01,1,10,0,2,3,1,1,
202100037912,133 897,B01,2,33,0,2,3,1,1,
202100037912,133 898,A01,2,7,0,0,5,15,1,
202100037913,133 896,A01,2,7,13,0,1,0,1,
202100037914,133 895,A01,1,33,6,0,8,1,1,
202100037915,133 894,A01,1,33,0,0,8,26,1,
202100037916,133 893,A01,2,1,13,0,2,1,5,
202100037917,133 891,A01,2,7,0,2,3,9,1,
202100037917,133 892,B01,1,7,3,2,1,1,1,
202100037918,133 890,A01,1,7,1,0,3,1,1,
202100037919,133 888,B01,1,0,0,9,2,1,0,
202100037919,133 889,A01,1,1,0,0,4,1,5,
202100037920,133 886,A01,0,33,0,2,1,1,1,
202100037920,133 887,B01,0,7,0,9,1,1,1,
202100037921,133 883,C01,2,33,0,2,1,1,1,
202100037921,133 884,B01,2,33,0,2,1,1,1,
202100037921,133 885,A01,2,7,0,0,4,1,1,
202100037922,133 882,A01,3,7,9,1,1,1,1,
202100037923,133 880,B01,2,7,0,0,1,1,1,