Num_Acc,id_vehicule,num_veh,senc,catv,obs,obsm,choc,manv,motor,occutc
202100037923,133 881,A01,1,10,0,2,1,13,1,
202100037924,133 879,A01,1,1,0,0,0,1,5,
202100037925,133 876,C01,0,14,0,0,0,15,1,
202100037925,133 877,A01,1,1,0,9,1,1,5,
202100037925,133 878,B01,1,1,0,9,1,1,5,
202100037926,133 875,A01,2,33,13,0,1,1,1,
202100037927,133 873,B01,2,33,0,2,1,1,1,
202100037927,133 874,A01,1,7,0,2,2,15,1,
202100037928,133 871,B01,2,7,0,0,0,15,1,
202100037928,133 872,A01,1,33,0,0,0,1,1,
202100037929,133 869,A01,1,7,0,2,3,15,1,
202100037929,133 870,B01,1,33,0,2,1,1,1,
202100037930,133 867,B01,2,7,0,2,1,1,1,
202100037930,133 868,A01,1,7,0,2,3,15,1,
202100037931,133 865,B01,1,1,0,2,4,2,5,
202100037931,133 866,A01,1,7,0,2,2,2,1,
202100037932,133 864,A01,0,10,0,1,2,1,0,
202100037933,133 862,B01,1,7,0,2,3,2,1,
202100037933,133 863,A01,1,10,6,0,6,2,1,
202100037934,133 860,A01,1,10,0,2,8,10,1,
202100037934,133 861,B01,1,31,0,2,1,1,1,
202100037935,133 859,A01,3,7,2,0,1,13,1,
202100037936,133 857,A01,3,2,13,0,1,1,1,
202100037937,133 855,A01,1,10,0,2,8,19,1,
202100037937,133 856,B01,1,10,0,2,3,1,1,
202100037938,133 853,A01,1,7,0,9,3,16,1,
202100037938,133 854,B01,1,1,0,2,2,1,5,
202100037939,133 851,B01,1,7,0,6,1,1,1,
202100037939,133 852,A01,2,7,0,6,1,1,1,
202100037940,133 850,A01,1,33,3,0,1,12,1,
202100037941,133 847,B01,1,7,0,2,4,2,1,
202100037941,133 848,C01,1,10,0,2,1,2,1,
202100037941,133 849,A01,1,7,0,2,4,1,1,
202100037942,133 845,A01,2,10,0,2,3,14,1,
202100037942,133 846,B01,2,7,0,2,6,1,1,
202100037943,133 844,A01,2,7,0,2,9,2,1,
202100037944,133 842,A01,2,33,0,2,1,2,1,
202100037944,133 843,B01,2,7,0,2,4,2,1,
202100037945,133 840,B01,2,7,0,2,5,2,1,
202100037945,133 841,A01,2,33,0,2,3,2,1,
202100037946,133 838,B01,2,7,0,2,2,12,1,
202100037946,133 839,A01,2,14,0,2,3,1,1,
202100037947,133 836,A01,1,7,0,2,0,13,1,
202100037947,133 837,B01,1,10,0,2,0,13,1,
202100037948,133 834,A01,1,13,0,2,1,1,1,
202100037948,133 835,B01,1,7,0,2,4,1,1,
202100037949,133 831,A01,1,7,0,2,3,21,1,
202100037949,133 832,B01,1,7,0,2,5,1,1,
202100037949,133 833,C01,1,13,0,2,8,1,1,
202100037950,133 829,A01,1,32,0,2,3,3,1,
202100037950,133 830,B01,1,7,0,2,5,12,2,
202100037951,133 828,A01,3,7,0,1,1,1,1,
202100037952,133 826,B01,3,7,0,2,1,2,1,
202100037952,133 827,A01,3,7,0,2,2,2,2,
202100037953,133 824,A01,1,7,8,2,1,21,1,
202100037953,133 825,B01,2,7,0,2,2,1,1,
202100037954,133 822,B01,2,7,0,2,4,1,1,
202100037954,133 823,A01,2,33,0,2,1,1,1,
202100037955,133 820,B01,2,7,0,2,5,23,1,
202100037955,133 821,A01,2,34,0,2,1,2,1,
202100037956,133 819,A01,1,30,0,0,1,19,1,
202100037957,133 817,A01,1,31,0,2,1,1,6,
202100037957,133 818,B01,1,7,0,2,4,1,6,
202100037958,133 815,B01,1,2,0,2,7,1,1,
202100037958,133 816,A01,1,7,0,2,2,26,2,
202100037959,133 813,B01,2,7,0,2,3,16,1,
202100037959,133 814,A01,2,32,0,2,5,16,6,
202100037960,133 810,A01,2,7,0,2,1,1,1,
202100037960,133 811,B01,2,7,0,2,1,1,1,
202100037960,133 812,C01,2,7,0,0,4,1,1,
202100037961,133 809,A01,2,10,1,1,4,26,1,
202100037962,133 808,A01,3,1,1,1,1,21,5,
202100037963,133 807,A01,1,7,0,1,7,1,1,
202100037964,133 805,A01,2,7,0,2,1,2,1,
202100037964,133 806,B01,2,7,0,2,4,2,1,
202100037965,133 803,A01,1,7,0,2,8,15,1,
202100037965,133 804,B01,1,31,0,2,1,17,1,
202100037966,133 801,A01,1,7,0,2,1,9,1,
202100037966,133 802,B01,2,33,0,2,1,17,1,
202100037967,133 799,B01,3,7,0,2,6,0,1,
202100037967,133 800,A01,3,34,0,2,7,17,1,
202100037968,133 797,A01,1,7,0,2,3,1,1,
202100037968,133 798,B01,1,2,0,2,1,15,1,
202100037969,133 794,A01,3,13,0,2,4,4,1,
202100037969,133 795,B01,3,30,0,2,8,0,1,
202100037970,133 793,A01,2,30,0,2,8,1,1,
202100037971,133 789,B01,0,1,0,2,9,15,0,
202100037971,133 790,A01,0,33,0,2,7,17,1,
202100037972,133 787,B01,2,7,0,2,0,15,0,
202100037972,133 788,A01,1,30,0,2,1,0,0,
202100037973,133 785,A01,1,7,0,2,3,15,1,
202100037973,133 786,B01,1,34,0,2,7,2,1,
202100037974,133 783,B01,0,7,0,9,1,1,1,
202100037974,133 784,A01,0,99,0,2,1,1,3,
202100037975,133 781,A01,1,7,0,2,1,2,1,
202100037975,133 782,B01,1,7,0,2,4,23,1,
202100037976,133 778,B01,1,7,1,2,7,1,1,
202100037976,133 779,A01,1,30,0,2,0,0,1,
202100037977,133 776,B01,1,7,0,2,2,17,0,
202100037977,133 777,A01,1,7,0,2,3,15,0,
202100037978,133 774,B01,1,7,0,2,1,1,1,
202100037978,133 775,A01,2,7,0,2,1,1,1,
202100037979,133 773,A01,3,3,0,1,1,1,1,
202100037980,133 771,A01,1,7,0,2,8,22,1,
202100037980,133 772,B01,1,1,1,0,2,1,5,
202100037981,133 770,A01,3,7,0,1,1,9,1,
202100037982,133 768,A01,1,10,0,2,1,15,1,
202100037982,133 769,B01,2,33,0,2,1,0,1,
202100037983,133 767,A01,2,7,0,1,7,21,1,
202100037984,133 765,A01,1,7,1,2,1,1,1,
202100037984,133 766,B01,1,7,1,2,3,1,1,
202100037985,133 763,B01,3,50,0,2,7,1,3,
202100037985,133 764,A01,3,10,0,9,7,1,1,
202100037986,133 762,A01,3,7,0,0,1,26,1,
202100037987,133 761,A01,1,37,0,1,0,26,3,1.0
202100037988,133 759,A01,3,7,0,2,1,9,1,
202100037988,133 760,B01,1,7,0,2,2,1,1,
202100037989,133 757,B01,1,2,0,2,0,1,1,
202100037989,133 758,A01,1,7,0,2,8,9,0,
202100037990,133 755,B01,1,30,0,2,7,1,1,
202100037990,133 756,A01,0,7,0,2,1,9,1,
202100037991,133 753,A01,1,7,0,2,1,2,1,
202100037991,133 754,B01,1,7,0,2,4,2,1,
202100037992,133 751,B01,2,80,0,2,8,1,3,
202100037992,133 752,A01,2,7,0,2,5,17,1,
202100037993,133 749,B01,3,7,0,2,3,15,1,
202100037993,133 750,A01,2,33,0,2,1,1,1,
202100037994,133 747,A01,1,7,0,2,4,2,1,
202100037994,133 748,B01,1,33,0,2,1,17,1,
202100037995,133 746,A01,2,7,0,1,1,1,1,
202100037996,133 745,A01,2,7,0,0,0,14,1,
202100037997,133 742,C01,0,7,0,2,1,2,1,
202100037997,133 743,A01,0,7,0,2,4,1,1,
202100037997,133 744,B01,0,7,0,2,1,2,1,
202100037998,133 741,A01,3,7,13,0,9,0,1,
202100037999,133 739,A01,1,7,0,9,2,26,1,
202100037999,133 740,B01,1,50,0,2,3,26,3,
202100038000,133 738,A01,1,2,0,0,7,26,1,
202100038001,133 735,D01,2,7,0,2,8,23,1,
202100038001,133 736,B01,0,33,0,2,1,10,1,
202100038001,133 737,A01,0,33,0,2,3,1,1,
202100038002,133 733,A01,1,30,0,2,7,17,1,
202100038002,133 734,B01,1,10,0,2,3,15,1,
202100038003,133 731,B01,1,50,0,2,1,1,3,
202100038003,133 732,A01,1,7,0,2,8,15,1,
202100038004,133 727,B01,1,7,0,2,1,1,1,
202100038004,133 728,A01,2,7,0,2,7,19,1,
202100038005,133 726,A01,1,7,0,1,2,1,1,
202100038006,133 725,Z01,3,7,0,1,2,1,0,
202100038007,133 724,A01,1,7,0,1,1,16,1,
202100038008,133 723,A01,3,37,0,1,2,1,1,1.0
202100038009,133 720,B01,1,7,0,2,4,23,1,
202100038009,133 721,A01,1,7,14,0,1,1,1,
202100038009,133 722,C01,3,7,0,2,4,23,1,
202100038010,133 718,B01,2,1,0,2,7,1,5,
202100038010,133 719,A01,2,7,0,2,3,15,1,
202100038011,133 716,A01,3,7,0,2,3,9,1,
202100038011,133 717,B01,3,7,0,2,2,1,1,
202100038012,133 714,A01,2,7,0,2,1,9,1,
202100038012,133 715,B01,1,7,8,2,1,1,1,
202100038013,133 712,A01,2,7,0,2,1,1,1,
202100038013,133 713,B01,1,32,0,2,3,1,1,
202100038014,133 711,A01,1,32,0,0,0,0,1,
202100038015,133 709,A01,1,10,0,2,4,11,1,
202100038015,133 710,B01,1,33,0,2,4,1,1,
202100038016,133 707,B01,1,7,0,2,2,15,1,
202100038016,133 708,A01,1,43,0,2,1,18,1,
202100038017,133 705,B01,1,7,0,2,2,1,1,
202100038017,133 706,A01,1,1,0,2,3,19,5,
202100038018,133 704,A01,2,7,2,0,0,26,0,
202100038019,133 702,A01,1,7,0,2,7,15,1,
202100038019,133 703,B01,2,33,0,2,1,1,1,
202100038020,133 701,A01,1,33,5,0,8,13,1,
202100038021,133 699,B01,3,1,0,2,0,1,5,
202100038021,133 700,A01,3,7,0,2,0,0,1,
202100038022,133 697,B01,1,30,0,2,5,16,1,
202100038022,133 698,A01,1,7,0,2,1,15,1,
202100038023,133 695,A01,1,30,0,2,1,13,1,
202100038023,133 696,B01,2,7,0,2,1,1,1,
202100038024,133 694,A01,3,7,0,1,7,1,2,
202100038025,133 692,B01,2,34,0,2,2,0,1,
202100038025,133 693,A01,2,7,0,2,6,15,1,
202100038026,133 690,A01,0,7,0,2,8,20,1,
202100038026,133 691,B01,0,34,0,2,1,1,1,
202100038027,133 688,B01,3,30,0,2,0,1,1,
202100038027,133 689,A01,3,7,0,2,0,15,1,
202100038028,133 687,A01,1,7,0,1,1,15,1,
202100038029,133 686,A01,3,7,14,1,2,1,1,
202100038030,133 684,B01,1,7,0,2,1,1,1,
202100038030,133 685,A01,1,7,0,2,2,15,1,
202100038031,133 682,A01,0,10,0,2,8,15,0,
202100038031,133 683,B01,0,34,0,2,1,1,1,
202100038032,133 679,A01,2,10,14,2,3,13,1,
202100038032,133 680,B01,1,7,0,2,3,1,1,
202100038032,133 681,C01,1,7,0,2,2,1,1,
202100038033,133 678,A01,2,7,0,1,1,1,1,
202100038034,133 675,C01,1,7,0,2,6,1,3,
202100038034,133 676,B01,1,33,0,2,2,3,1,
202100038034,133 677,A01,1,7,0,2,8,11,1,
202100038035,133 673,Z01,1,7,0,2,0,13,3,
202100038035,133 674,A01,1,32,0,2,8,23,1,
202100038036,133 671,B01,3,32,0,2,1,1,1,
202100038036,133 672,A01,3,7,0,2,3,15,1,
202100038037,133 669,B01,2,50,0,2,2,1,3,
202100038037,133 670,A01,2,7,0,2,3,9,1,
202100038038,133 668,A01,2,10,0,1,4,4,1,
202100038039,133 666,B01,1,34,0,9,7,1,3,
202100038039,133 667,A01,1,50,0,2,8,11,3,
202100038040,133 664,A01,1,7,0,2,7,9,1,
202100038040,133 665,B01,1,1,0,2,8,1,5,
202100038041,133 663,A01,1,7,0,1,2,1,1,
202100038042,133 661,A01,2,7,0,2,2,15,1,
202100038042,133 662,B01,1,30,0,2,1,1,1,
202100038043,133 660,A01,2,7,0,1,2,15,1,
202100038044,133 659,A01,1,1,0,0,0,21,5,
202100038045,133 657,B01,2,32,0,2,7,15,1,
202100038045,133 658,A01,2,7,0,2,7,15,1,
202100038046,133 655,A01,2,7,0,2,3,1,1,
202100038046,133 656,B01,3,1,0,2,7,19,5,
202100038047,133 653,A01,1,1,0,2,5,19,5,
202100038047,133 654,B01,1,7,0,2,2,1,1,
202100038048,133 652,A01,1,7,0,1,2,13,1,
202100038049,133 650,B01,0,1,0,2,4,26,5,
202100038049,133 651,C01,2,7,0,2,1,2,1,
202100038050,133 648,B01,1,1,0,2,8,1,5,
202100038050,133 649,Z01,1,7,0,2,2,26,1,
202100038051,133 646,A01,1,7,0,2,5,15,1,
202100038051,133 647,B01,1,33,0,2,1,1,1,
202100038052,133 644,A01,1,7,0,2,7,15,1,
202100038052,133 645,B01,2,2,0,2,1,1,1,
202100038053,133 642,A01,3,7,0,9,1,26,1,
202100038053,133 643,B01,3,50,0,2,1,9,3,
202100038054,133 640,B01,1,30,0,2,0,1,1,
202100038054,133 641,Z01,1,7,0,2,8,10,1,
202100038055,133 638,B01,2,2,0,2,7,1,1,
202100038055,133 639,A01,1,7,0,2,1,1,1,
202100038056,133 637,A01,0,7,0,1,8,2,1,
202100038057,133 636,A01,2,7,0,1,3,2,1,
202100038058,133 634,B01,0,7,0,2,2,9,1,
202100038058,133 635,A01,1,10,0,2,3,1,1,
202100038059,133 628,D01,0,7,1,0,0,0,0,
202100038059,133 629,C01,3,7,1,0,7,0,0,
202100038059,133 630,B01,0,7,0,2,8,0,0,
202100038059,133 631,A01,3,7,0,2,1,26,0,
202100038059,133 632,F01,3,10,1,0,0,0,0,
202100038059,133 633,E01,0,7,0,0,0,0,0,
202100038060,133 626,A01,2,7,0,2,8,10,1,
202100038060,133 627,B01,2,31,0,2,0,0,1,
202100038061,133 624,A01,2,7,0,2,2,1,1,
202100038061,133 625,B01,2,7,0,0,0,0,1,
202100038062,133 622,B01,1,1,0,2,8,15,5,
202100038062,133 623,A01,1,60,0,2,1,16,5,
202100038063,133 621,A01,3,7,0,1,3,15,0,
202100038064,133 619,A01,1,43,0,2,1,17,1,
202100038064,133 620,B01,1,7,0,2,3,15,1,
202100038065,133 617,A01,3,7,0,2,2,0,1,
202100038065,133 618,B01,3,33,0,2,1,26,1,
202100038066,133 615,B01,1,7,0,2,8,15,1,
202100038066,133 616,A01,1,34,0,2,2,17,1,
202100038067,133 614,A01,1,32,1,0,7,14,3,
202100038068,133 613,A01,1,7,13,0,1,1,1,
202100038069,133 611,A01,1,21,0,0,3,15,1,
202100038069,133 612,B01,2,33,0,0,1,0,1,
202100038070,133 610,A01,2,7,2,0,1,1,1,
202100038071,133 608,B01,1,7,0,2,5,12,1,
202100038071,133 609,A01,1,33,0,2,3,1,1,
202100038072,133 606,A01,1,33,0,2,1,2,1,
202100038072,133 607,B01,1,7,0,2,4,1,1,
202100038073,133 604,A01,2,10,0,2,2,2,1,
202100038073,133 605,B01,2,1,0,2,4,2,5,
202100038074,133 603,A01,1,33,0,6,1,1,1,
202100038075,133 601,A01,2,7,0,2,1,1,1,
202100038075,133 602,B01,1,17,0,2,3,9,1,
202100038076,133 600,A01,1,7,13,0,2,0,1,
202100038077,133 598,A01,2,1,1,0,1,1,5,
202100038077,133 599,B01,2,13,0,2,4,24,1,
202100038078,133 597,A01,1,7,13,0,1,1,1,
202100038079,133 595,B01,1,7,0,2,3,2,1,
202100038079,133 596,A01,1,33,0,2,4,2,1,
202100038080,133 594,A01,1,7,0,1,1,1,1,
202100038081,133 592,B01,2,7,0,2,4,1,1,
202100038081,133 593,A01,2,7,0,2,1,1,1,
202100038082,133 591,A01,1,2,5,0,1,1,1,
202100038083,133 588,A01,2,15,13,0,8,1,1,
202100038084,133 587,A01,2,7,13,0,1,1,1,
202100038085,133 585,B01,2,14,0,0,3,1,1,
202100038085,133 586,A01,1,7,0,2,3,13,1,
202100038086,133 584,A01,3,2,2,0,1,1,1,
202100038087,133 583,A01,2,7,0,1,1,15,2,
202100038088,133 582,A01,2,7,2,0,6,13,1,
202100038089,133 580,B01,1,31,0,2,1,3,1,
202100038089,133 581,A01,1,7,0,2,3,10,1,
202100038090,133 578,B01,3,1,0,2,1,15,5,
202100038090,133 579,A01,3,7,0,9,1,16,1,
202100038091,133 577,A01,1,33,6,0,0,13,1,
202100038092,133 575,B01,2,7,0,2,2,17,1,
202100038092,133 576,A01,2,7,0,2,8,15,1,
202100038093,133 573,B01,2,7,0,2,2,1,1,
202100038093,133 574,A01,1,7,15,2,7,19,1,
202100038094,133 571,A01,1,33,0,2,1,17,1,
202100038094,133 572,B01,1,7,0,0,3,15,1,
202100038095,133 570,A01,3,2,0,0,2,1,1,
202100038096,133 568,B01,1,1,0,2,4,13,5,
202100038096,133 569,A01,1,1,0,2,1,1,5,
202100038097,133 566,A01,1,7,0,2,3,15,1,
202100038097,133 567,B01,2,1,0,2,6,1,5,
202100038098,133 565,A01,2,33,13,0,1,1,1,
202100038099,133 562,B01,1,7,0,2,1,1,1,
202100038099,133 563,C01,1,10,8,0,1,1,1,
202100038099,133 564,A01,1,7,0,2,8,19,1,
202100038100,133 559,C01,1,7,0,2,4,23,1,
202100038100,133 560,A01,1,10,0,2,1,2,1,
202100038100,133 561,B01,1,10,0,2,4,23,1,
202100038101,133 558,A01,3,2,0,0,0,1,1,
202100038102,133 557,A01,1,7,14,0,1,1,1,
202100038103,133 556,A01,1,7,8,0,8,1,1,
202100038104,133 554,B01,3,7,0,2,8,1,1,
202100038104,133 555,A01,2,33,0,2,1,1,1,
202100038105,133 552,A01,2,7,0,2,4,9,1,
202100038105,133 553,B01,1,7,0,2,1,2,1,
202100038106,133 550,B01,2,2,0,2,4,1,1,
202100038106,133 551,A01,2,7,0,2,2,2,1,
202100038107,133 549,A01,1,7,13,0,2,14,1,
202100038108,133 545,A01,1,2,0,2,1,17,1,
202100038108,133 546,B01,1,7,0,0,8,15,1,
202100038109,133 544,A01,1,7,13,0,2,1,1,
202100038110,133 542,A01,2,7,0,0,4,2,1,
202100038110,133 543,B01,2,7,9,0,1,2,1,
202100038111,133 540,B01,1,10,0,2,1,1,1,
202100038111,133 541,A01,1,14,0,0,4,1,1,
202100038112,133 539,A01,1,7,0,1,1,1,1,
202100038113,133 537,B01,3,7,0,2,1,2,1,
202100038113,133 538,A01,3,7,0,2,4,23,1,
202100038114,133 535,A01,1,7,0,2,1,13,1,
202100038114,133 536,B01,2,7,0,2,1,1,1,
202100038115,133 534,A01,1,7,15,0,0,1,1,
202100038116,133 532,B01,1,99,0,2,5,15,1,
202100038116,133 533,A01,2,33,0,2,1,1,1,
202100038117,133 531,A01,1,7,0,2,1,1,1,
202100038118,133 530,A01,2,7,2,0,1,0,1,
202100038119,133 529,A01,2,7,0,1,2,1,1,
202100038120,133 527,B01,2,33,0,2,8,1,1,
202100038120,133 528,A01,1,7,0,2,3,13,1,
202100038121,133 526,A01,2,7,13,0,1,0,1,
202100038122,133 521,B01,2,33,0,2,1,1,1,
202100038122,133 522,A01,2,7,0,2,3,9,1,
202100038123,133 519,A01,1,7,0,2,1,1,1,
202100038123,133 520,C01,1,7,0,2,8,22,1,
202100038124,133 517,B01,2,7,4,2,3,9,1,
202100038124,133 518,A01,2,17,0,2,2,2,1,
202100038125,133 515,A01,2,7,0,2,1,2,2,
202100038125,133 516,B01,2,7,0,2,4,1,1,
202100038126,133 513,A01,1,7,0,2,1,2,1,
202100038126,133 514,B01,1,7,0,2,4,2,1,
202100038127,133 511,A01,2,43,0,2,1,3,1,
202100038127,133 512,B01,2,7,0,2,6,23,1,
202100038128,133 508,A01,2,7,0,2,3,26,1,
202100038128,133 509,B01,2,7,0,2,5,1,1,
202100038128,133 510,C01,2,7,0,2,4,1,1,
202100038129,133 504,A01,1,7,0,2,1,1,1,
202100038129,133 505,B01,1,7,0,2,4,2,1,
202100038129,133 506,C01,1,10,0,2,4,2,1,
202100038129,133 507,D01,1,7,0,2,4,2,1,
202100038130,133 503,A01,2,10,3,0,1,21,1,
202100038131,133 501,A01,1,10,0,2,1,2,1,
202100038131,133 502,B01,1,7,0,2,4,2,1,
202100038132,133 499,B01,1,10,0,2,5,23,1,
202100038132,133 500,A01,1,43,0,2,1,1,1,
202100038133,133 495,C01,2,10,0,2,4,2,1,
202100038133,133 496,D01,2,7,0,2,4,2,1,
202100038133,133 497,B01,1,10,0,2,4,2,1,
202100038133,133 498,A01,2,7,0,2,1,1,1,
202100038134,133 491,D01,2,7,0,2,4,2,1,
202100038134,133 492,C01,2,7,0,2,4,2,1,
202100038134,133 493,B01,2,7,0,2,4,2,1,
202100038134,133 494,A01,2,7,0,2,1,2,1,
202100038135,133 488,A01,2,33,0,2,2,3,1,
202100038135,133 489,B01,2,7,0,2,3,1,0,
202100038135,133 490,C01,2,7,0,2,6,2,1,
202100038136,133 486,A01,2,14,0,2,1,1,1,
202100038136,133 487,B01,2,7,0,2,4,2,1,
202100038137,133 484,A01,2,7,0,2,1,1,1,
202100038137,133 485,B01,2,7,0,2,4,2,1,
202100038138,133 482,B01,2,7,0,2,4,1,1,
202100038138,133 483,A01,2,7,0,2,1,11,1,
202100038139,133 480,A01,2,33,0,2,1,2,1,
202100038139,133 481,B01,2,10,0,2,6,2,1,
202100038140,133 477,A01,2,10,0,2,7,2,1,
202100038140,133 478,B01,2,7,0,2,6,2,1,
202100038140,133 479,C01,2,17,0,2,2,12,1,
202100038141,133 475,A01,2,7,0,2,8,11,1,
202100038141,133 476,B01,2,33,0,2,7,3,1,
202100038142,133 471,A01,1,7,0,2,1,1,1,
202100038142,133 472,B01,1,7,0,2,4,1,1,
202100038142,133 473,C01,1,7,0,2,4,2,1,
202100038143,133 470,A01,1,7,0,1,1,1,1,
202100038144,133 468,A01,1,7,0,2,2,19,1,
202100038144,133 469,B01,2,30,0,2,1,2,1,
202100038145,133 465,C01,2,7,0,2,8,23,1,
202100038145,133 466,B01,2,2,0,2,1,1,1,
202100038145,133 467,A01,1,7,0,2,1,19,1,
202100038146,133 464,A01,1,2,0,0,1,1,1,
202100038147,133 463,A01,1,50,12,0,1,1,3,
202100038148,133 461,B01,2,37,0,2,8,1,1,3.0
202100038148,133 462,A01,2,7,0,2,2,1,1,
202100038149,133 459,A01,2,7,0,2,1,2,1,
202100038149,133 460,B01,2,7,0,2,4,2,1,
202100038150,133 457,B01,1,2,0,0,4,1,1,
202100038150,133 458,A01,1,7,0,2,1,1,1,
202100038151,133 456,A01,1,7,0,0,9,1,1,
202100038152,133 454,A01,2,31,0,2,1,26,1,
202100038152,133 455,B01,2,7,0,2,4,26,1,
202100038153,133 452,B01,1,7,0,2,3,9,1,
202100038153,133 453,A01,1,7,0,2,2,1,1,
202100038154,133 451,A01,1,13,14,1,5,14,1,
202100038155,133 449,B01,3,37,9,2,2,1,1,1.0
202100038155,133 450,A01,3,7,0,2,1,16,1,
202100038156,133 447,A01,3,7,0,9,1,9,2,
202100038156,133 448,B01,3,1,0,2,7,1,5,
202100038157,133 446,A01,2,30,9,0,1,26,1,
202100038158,133 444,B01,3,7,0,2,2,15,1,
202100038158,133 445,A01,2,31,0,2,3,17,1,
202100038159,133 442,B01,2,7,0,2,1,15,1,
202100038159,133 443,A01,1,7,0,2,6,9,1,
202100038160,133 439,A01,2,7,0,2,1,19,1,
202100038160,133 440,C01,1,10,0,2,8,1,1,
202100038160,133 441,B01,1,7,0,2,8,19,3,
202100038161,133 435,A01,3,1,0,2,1,2,0,
202100038161,133 436,B01,3,7,0,2,4,23,1,
202100038162,133 433,B01,0,32,0,2,1,17,1,
202100038162,133 434,A01,1,7,0,2,3,15,1,
202100038163,133 431,B01,2,1,0,2,2,15,5,
202100038163,133 432,A01,1,7,0,2,1,16,1,
202100038164,133 429,A01,2,7,9,2,3,7,1,
202100038164,133 430,B01,2,10,0,2,2,16,1,
202100038165,133 427,B01,2,7,0,2,1,1,1,
202100038165,133 428,A01,1,7,0,2,2,15,1,
202100038166,133 425,B01,2,50,0,2,1,19,3,
202100038166,133 426,A01,1,7,0,2,5,1,1,
202100038167,133 424,Z01,1,7,0,1,0,1,1,
202100038168,133 422,B01,2,1,0,2,3,19,5,
202100038168,133 423,A01,1,7,0,2,1,15,1,
202100038169,133 420,B01,2,33,0,2,2,1,1,
202100038169,133 421,A01,1,1,0,2,0,19,5,
202100038170,133 419,A01,1,30,1,0,1,26,1,
202100038171,133 417,B01,2,7,0,2,4,1,1,
202100038171,133 418,A01,2,10,0,2,1,1,1,
202100038172,133 416,A01,1,30,4,0,1,21,1,
202100038173,133 415,A01,3,2,0,1,1,16,1,
202100038174,133 414,A01,2,38,0,1,2,1,1,1.0
202100038175,133 412,A01,1,7,8,0,3,11,1,
202100038175,133 413,B01,1,7,9,0,1,11,1,
202100038176,133 410,B01,1,2,0,2,1,0,1,
202100038176,133 411,A01,1,7,0,2,3,9,1,
202100038177,133 408,B01,1,1,0,2,1,1,5,
202100038177,133 409,A01,2,7,0,2,7,15,1,
202100038178,133 406,B01,2,2,0,0,7,1,1,
202100038178,133 407,A01,2,10,0,2,1,9,1,
202100038179,133 403,B01,1,30,0,2,1,1,1,
202100038179,133 404,A01,1,7,0,2,7,16,1,
202100038180,133 401,A01,3,7,0,2,1,17,1,
202100038180,133 402,B01,3,10,0,2,3,15,1,
202100038181,133 399,B01,0,1,1,0,1,1,0,
202100038181,133 400,A01,0,10,1,2,3,22,1,
202100038182,133 397,B01,1,7,0,2,2,15,1,
202100038182,133 398,A01,3,30,0,2,1,1,1,
202100038183,133 395,B01,2,7,0,2,4,1,1,
202100038183,133 396,A01,2,7,0,2,1,1,1,
202100038184,133 393,A01,1,7,0,2,1,9,1,
202100038184,133 394,B01,0,1,0,2,0,1,0,
202100038185,133 391,A01,1,13,0,0,0,0,1,
202100038185,133 392,B01,1,1,0,2,8,2,5,
202100038186,133 389,B01,2,7,0,2,6,2,1,
202100038186,133 390,A01,2,7,0,2,2,14,1,
202100038187,133 387,A01,1,7,0,2,2,15,1,
202100038187,133 388,B01,2,2,0,2,1,1,1,
202100038188,133 386,A01,1,30,0,1,1,1,3,
202100038189,133 382,B01,1,7,0,2,6,2,0,
202100038189,133 383,A01,1,33,0,2,1,0,1,
202100038190,133 381,A01,3,10,0,1,2,26,1,
202100038191,133 379,A01,1,7,3,2,1,21,1,
202100038191,133 380,B01,2,7,0,2,8,1,1,
202100038192,133 375,A01,1,33,0,2,1,5,1,
202100038192,133 376,B01,2,7,0,2,8,15,1,
202100038193,133 373,B01,2,33,0,2,1,1,1,
202100038193,133 374,A01,1,7,0,2,1,11,1,
202100038194,133 372,A01,1,34,0,0,0,26,1,
202100038195,133 370,A01,0,7,0,2,1,15,1,
202100038195,133 371,B01,0,7,0,2,2,1,1,
202100038196,133 369,A01,3,7,0,1,2,1,1,
202100038197,133 367,B01,2,7,0,2,8,15,1,
202100038197,133 368,A01,2,7,0,2,1,17,1,
202100038198,133 366,A01,3,7,0,1,3,26,1,
202100038199,133 365,A01,1,7,0,9,3,1,1,
202100038200,133 363,A01,3,7,0,2,1,19,2,
202100038200,133 364,B01,2,7,0,2,2,1,1,
202100038201,133 361,B01,1,7,0,2,4,2,1,
202100038201,133 362,A01,1,3,0,2,1,2,1,
202100038202,133 360,A01,2,7,8,0,1,16,1,
202100038203,133 358,B01,1,7,0,2,5,15,1,
202100038203,133 359,A01,1,7,0,2,3,1,1,
202100038204,133 356,A01,2,7,0,2,1,26,1,
202100038204,133 357,B01,2,7,0,2,4,26,1,
202100038205,133 354,B01,1,10,0,2,8,1,1,
202100038205,133 355,A01,2,7,0,2,3,13,1,
202100038206,133 352,A01,2,7,0,2,1,1,1,
202100038206,133 353,B01,2,7,0,2,4,1,1,
202100038207,133 351,A01,2,2,0,0,0,1,1,
202100038208,133 349,A01,2,33,0,9,4,23,0,
202100038208,133 350,B01,2,10,0,2,2,1,1,
202100038209,133 345,A01,2,7,4,2,2,14,1,
202100038209,133 346,B01,2,10,0,2,6,1,1,
202100038209,133 347,C01,2,7,0,2,4,1,1,
202100038209,133 348,D01,2,7,0,2,7,1,1,
202100038210,133 343,A01,1,33,0,2,2,3,1,