Num_Acc,id_vehicule,num_veh,senc,catv,obs,obsm,choc,manv,motor,occutc
202100038210,133 344,B01,1,33,0,2,6,23,1,
202100038211,133 342,A01,1,14,0,1,2,16,1,
202100038212,133 340,A01,1,7,0,2,2,16,1,
202100038212,133 341,B01,1,30,0,2,3,18,3,
202100038213,133 338,A01,1,30,1,2,1,13,1,
202100038213,133 339,B01,2,13,0,2,3,1,1,
202100038214,133 337,Z01,2,30,0,1,0,0,1,
202100038215,133 336,A01,1,43,0,1,2,5,1,
202100038216,133 334,Z01,2,32,0,2,0,13,0,
202100038216,133 335,A01,2,7,0,2,3,1,1,
202100038217,133 332,A01,3,10,0,2,5,15,1,
202100038217,133 333,B01,3,33,0,2,1,1,1,
202100038218,133 331,A01,3,7,0,1,3,16,1,
202100038219,133 330,A01,2,7,0,1,4,4,3,
202100038220,133 329,A01,2,50,0,0,1,1,3,
202100038221,133 327,A01,2,50,0,2,1,13,3,
202100038221,133 328,B01,1,1,0,2,1,1,5,
202100038222,133 326,A01,1,50,0,0,3,14,3,
202100038223,133 324,B01,1,7,0,2,7,23,3,
202100038223,133 325,A01,1,30,0,2,3,18,1,
202100038224,133 322,B01,0,10,0,2,2,15,1,
202100038224,133 323,A01,1,7,0,2,6,1,1,
202100038225,133 320,Z01,1,7,0,2,7,22,0,
202100038225,133 321,A01,1,50,0,2,1,18,3,
202100038226,133 318,B01,2,7,0,2,1,1,1,
202100038226,133 319,A01,1,7,0,2,2,15,1,
202100038227,133 316,B01,1,33,0,2,1,5,1,
202100038227,133 317,A01,1,10,0,2,3,10,1,
202100038228,133 314,B01,1,1,0,2,1,2,5,
202100038228,133 315,A01,1,7,0,2,6,15,1,
202100038229,133 311,C01,2,7,0,2,4,26,1,
202100038229,133 312,A01,2,7,0,2,2,10,1,
202100038229,133 313,B01,2,2,0,2,8,1,1,
202100038230,133 309,B01,2,7,0,0,6,0,1,
202100038230,133 310,A01,2,2,0,2,1,26,1,
202100038231,133 307,B01,1,40,0,2,1,1,0,
202100038231,133 308,A01,1,7,0,4,3,15,1,
202100038232,133 304,C01,2,7,0,2,4,1,1,
202100038232,133 305,B01,2,7,0,2,4,23,1,
202100038232,133 306,A01,2,7,0,2,1,2,1,
202100038233,133 302,A01,2,7,0,2,8,9,1,
202100038233,133 303,B01,2,43,0,2,1,2,1,
202100038234,133 300,B01,2,10,1,0,0,0,1,
202100038234,133 301,A01,2,7,1,0,3,26,1,
202100038235,133 298,A01,1,33,0,2,7,1,1,
202100038235,133 299,B01,3,7,0,2,1,1,1,
202100038236,133 296,B01,0,7,0,2,3,10,1,
202100038236,133 297,A01,0,2,0,2,1,17,1,
202100038237,133 295,A01,2,7,0,1,2,19,1,
202100038238,133 293,B01,3,37,0,2,3,2,0,4.0
202100038238,133 294,A01,3,7,0,2,5,16,1,
202100038239,133 291,B01,3,7,0,2,3,15,1,
202100038239,133 292,A01,3,32,0,2,2,26,1,
202100038240,133 289,A01,1,32,0,2,1,17,1,
202100038240,133 290,B01,1,10,0,2,8,15,1,
202100038241,133 288,A01,3,1,0,1,1,26,5,
202100038242,133 286,B01,2,32,0,2,0,1,1,
202100038242,133 287,A01,2,33,0,2,0,0,1,
202100038243,133 285,A01,1,33,0,1,4,26,1,
202100038244,133 284,A01,2,7,6,0,1,14,1,
202100038245,133 282,A01,1,7,16,0,3,13,1,
202100038245,133 283,B01,2,7,13,0,3,21,1,
202100038246,133 281,A01,0,7,6,0,7,0,1,
202100038247,133 280,A01,2,7,4,0,3,11,1,
202100038248,133 278,A01,1,33,0,2,3,26,1,
202100038248,133 279,B01,1,7,0,2,2,19,1,
202100038249,133 277,A01,2,7,0,1,1,1,1,
202100038250,133 275,A01,3,7,0,0,1,13,1,
202100038250,133 276,B01,3,7,0,0,1,14,1,
202100038251,133 273,A01,2,17,3,2,7,6,1,
202100038251,133 274,B01,1,7,0,2,1,1,1,
202100038252,133 271,A01,2,33,0,2,1,0,1,
202100038252,133 272,B01,2,7,0,2,6,0,0,
202100038253,133 269,B01,2,2,0,2,1,2,1,
202100038253,133 270,A01,2,7,0,2,6,15,1,
202100038254,133 268,A01,2,7,0,1,7,1,1,
202100038255,133 267,A01,1,37,6,0,2,19,1,10.0
202100038256,133 266,A01,1,7,2,0,8,0,1,
202100038257,133 264,B01,3,33,0,2,3,15,1,
202100038257,133 265,A01,3,33,0,2,3,13,1,
202100038258,133 262,A01,1,33,0,2,1,17,1,
202100038258,133 263,B01,1,7,0,2,8,15,1,
202100038259,133 261,A01,1,7,6,0,1,14,1,
202100038260,133 259,B01,3,1,0,2,3,1,5,
202100038260,133 260,A01,2,7,0,2,7,16,1,
202100038261,133 258,A01,1,33,0,6,1,1,1,
202100038262,133 256,B01,3,2,0,2,8,0,1,
202100038262,133 257,A01,3,7,0,2,2,0,1,
202100038263,133 255,A01,1,2,14,0,0,1,1,
202100038264,133 253,A01,1,7,0,2,3,13,1,
202100038264,133 254,B01,2,7,0,2,3,1,1,
202100038265,133 249,B01,1,7,0,0,4,2,1,
202100038265,133 250,A01,1,33,3,2,1,2,1,
202100038266,133 246,B01,2,7,0,2,3,1,1,
202100038266,133 247,A01,1,33,0,2,1,1,1,
202100038267,133 243,A01,2,7,0,2,3,17,1,
202100038267,133 244,B01,1,7,0,2,3,1,1,
202100038267,133 245,C01,2,13,0,2,3,1,0,
202100038268,133 241,A01,1,33,0,2,1,2,1,
202100038268,133 242,B01,1,1,0,2,4,0,5,
202100038269,133 239,B01,2,31,0,2,0,1,1,
202100038269,133 240,A01,1,7,0,2,1,1,1,
202100038270,133 238,A01,2,7,6,0,1,1,1,
202100038271,133 237,A01,1,7,10,0,1,13,1,
202100038272,133 236,A01,3,33,0,1,8,1,1,
202100038273,133 234,A01,2,21,0,2,7,15,1,
202100038273,133 235,B01,1,31,0,2,1,1,1,
202100038274,133 231,A01,1,7,0,1,2,1,1,
202100038275,133 230,A01,0,7,0,1,4,4,1,
202100038276,133 228,A01,1,7,0,0,4,23,1,
202100038276,133 229,B01,2,2,1,0,1,2,1,
202100038277,133 225,A01,2,34,0,0,0,1,1,
202100038278,133 223,A01,2,7,0,2,2,15,1,
202100038278,133 224,B01,1,33,0,2,1,1,1,
202100038279,133 222,A01,1,33,13,0,1,2,1,
202100038280,133 221,A01,2,33,0,0,0,1,1,
202100038281,133 219,B01,3,7,0,0,7,1,1,
202100038281,133 220,A01,3,1,0,2,1,1,5,
202100038282,133 217,A01,1,7,0,2,1,0,1,
202100038282,133 218,B01,1,7,0,2,5,15,1,
202100038283,133 216,A01,3,10,0,9,8,26,1,
202100038284,133 214,B01,2,14,0,2,6,23,1,
202100038284,133 215,A01,2,7,0,2,2,1,1,
202100038285,133 213,A01,1,7,16,0,9,1,1,
202100038286,133 211,A01,2,33,0,2,3,18,1,
202100038286,133 212,B01,2,7,0,9,7,16,1,
202100038287,133 210,A01,1,33,13,0,1,13,1,
202100038288,133 208,A01,3,7,0,2,1,5,1,
202100038288,133 209,B01,0,7,0,2,1,21,1,
202100038289,133 205,B01,1,2,0,2,1,1,1,
202100038289,133 206,A01,2,7,0,2,3,1,1,
202100038290,133 203,A01,1,7,0,0,6,15,1,
202100038290,133 204,B01,1,33,0,2,1,2,1,
202100038291,133 201,A01,2,1,0,2,1,1,5,
202100038291,133 202,B01,2,7,0,2,8,1,1,
202100038292,133 200,A01,2,33,0,0,9,1,1,
202100038293,133 198,A01,2,7,0,0,4,2,1,
202100038293,133 199,B01,2,7,0,2,1,2,1,
202100038294,133 195,C01,1,31,0,2,1,1,1,
202100038294,133 196,B01,1,31,0,2,1,1,1,
202100038294,133 197,A01,2,7,0,2,3,13,1,
202100038295,133 193,A01,3,10,0,2,7,12,1,
202100038295,133 194,B01,3,34,0,2,3,0,1,
202100038296,133 191,B01,2,7,0,2,3,1,1,
202100038296,133 192,A01,1,7,0,2,1,1,1,
202100038297,133 189,A01,1,7,0,2,3,15,1,
202100038297,133 190,B01,2,30,0,2,1,21,1,
202100038298,133 187,B01,2,1,12,2,3,1,5,
202100038298,133 188,A01,2,7,0,2,7,17,1,
202100038299,133 185,B01,3,1,0,2,1,15,5,
202100038299,133 186,A01,3,10,0,9,7,17,1,
202100038300,133 184,A01,2,7,0,0,0,9,1,
202100038301,133 181,Z01,1,7,0,2,1,1,1,
202100038301,133 182,B01,1,10,0,2,4,1,1,
202100038301,133 183,A01,1,7,0,2,1,1,1,
202100038302,133 178,C01,1,7,0,2,4,1,1,
202100038302,133 179,B01,1,7,0,2,8,1,1,
202100038302,133 180,A01,1,33,0,2,1,1,1,
202100038303,133 176,A01,2,7,0,2,6,14,1,
202100038303,133 177,B01,1,33,0,2,1,1,1,
202100038304,133 173,C01,1,7,0,2,4,2,1,
202100038304,133 174,B01,1,7,0,2,4,2,1,
202100038304,133 175,A01,1,15,0,2,1,2,1,
202100038305,133 170,C01,1,7,0,2,4,2,1,
202100038305,133 171,B01,1,7,0,2,4,2,1,
202100038305,133 172,A01,1,7,0,2,1,2,1,
202100038306,133 168,A01,2,33,0,2,1,2,1,
202100038306,133 169,B01,2,7,0,2,4,2,1,
202100038307,133 165,C01,1,7,0,2,0,0,1,
202100038307,133 166,B01,1,7,0,2,0,0,1,
202100038307,133 167,A01,1,33,0,2,3,3,1,
202100038308,133 163,A01,2,17,0,2,1,1,1,
202100038308,133 164,B01,2,15,0,2,4,2,1,
202100038309,133 161,B01,1,15,0,2,3,1,1,
202100038309,133 162,A01,1,7,0,2,2,1,1,
202100038310,133 160,A01,0,32,0,1,1,1,1,
202100038311,133 158,A01,1,10,0,1,2,1,1,
202100038312,133 156,A01,2,7,0,1,2,1,1,
202100038313,133 155,A01,2,30,0,1,1,1,1,
202100038314,133 154,A01,1,7,0,1,2,1,1,
202100038315,133 152,A01,2,7,0,2,8,11,1,
202100038315,133 153,B01,2,33,0,2,7,3,1,
202100038316,133 150,Z01,1,2,0,9,1,0,0,
202100038316,133 151,A01,1,1,0,9,1,1,5,
202100038317,133 148,A01,1,33,0,2,1,1,1,
202100038317,133 149,B01,1,7,0,2,2,1,1,
202100038318,133 146,A01,2,10,0,2,1,1,3,
202100038318,133 147,B01,2,1,0,2,8,1,5,
202100038319,133 145,A01,2,1,0,1,1,1,5,
202100038320,133 143,B01,2,7,0,2,8,1,1,
202100038320,133 144,A01,1,7,0,2,1,1,1,
202100038321,133 142,A01,1,7,12,0,1,14,1,
202100038322,133 141,A01,1,7,0,1,1,1,1,
202100038323,133 139,B01,2,33,0,2,9,1,1,
202100038323,133 140,A01,2,7,1,2,8,15,1,
202100038324,133 138,E01,1,7,0,1,1,1,1,
202100038325,133 136,B01,3,7,0,2,3,15,1,
202100038325,133 137,A01,3,33,9,2,1,16,1,
202100038326,133 133,C01,1,7,0,2,4,2,1,
202100038326,133 134,B01,1,7,0,2,4,2,1,
202100038326,133 135,A01,1,7,0,2,1,2,1,
202100038327,133 131,B01,3,7,0,2,1,21,1,
202100038327,133 132,A01,1,7,0,2,3,17,1,
202100038328,133 127,B01,2,7,0,2,4,23,1,
202100038328,133 128,A01,2,7,0,2,1,1,1,
202100038329,133 125,A01,1,7,0,0,0,16,1,
202100038329,133 126,B01,1,80,0,0,0,0,3,
202100038330,133 123,A01,1,7,0,2,8,1,1,
202100038330,133 124,B01,2,2,0,2,1,1,1,
202100038331,133 121,A01,0,2,0,2,1,9,1,
202100038331,133 122,B01,3,7,0,2,7,1,1,
202100038332,133 119,A01,1,7,0,1,3,1,1,
202100038333,133 112,B01,2,1,0,2,4,2,0,
202100038333,133 113,A01,2,7,0,2,1,9,1,
202100038334,133 110,B01,1,34,0,2,1,1,1,
202100038334,133 111,A01,2,7,0,2,5,15,1,
202100038335,133 108,B01,1,7,0,2,6,16,1,
202100038335,133 109,A01,1,34,0,2,1,1,1,
202100038336,133 106,B01,2,10,0,2,1,16,1,
202100038336,133 107,A01,1,7,0,2,3,15,1,
202100038337,133 104,B01,2,50,0,2,1,1,3,
202100038337,133 105,A01,1,7,0,2,2,20,1,
202100038338,133 102,B01,2,2,0,2,2,15,1,
202100038338,133 103,A01,1,7,0,2,1,1,1,
202100038339,133 100,A01,2,30,0,2,2,17,1,
202100038339,133 101,Z01,1,7,0,2,3,15,1,
202100038340,133 098,A01,0,10,0,2,1,15,1,
202100038340,133 099,B01,0,33,0,2,1,1,1,
202100038341,133 097,A01,1,7,0,1,1,1,1,
202100038342,133 095,B01,2,7,0,2,5,23,1,
202100038342,133 096,A01,2,32,0,2,1,18,1,
202100038343,133 094,A01,1,60,0,0,2,1,5,
202100038344,133 092,A01,1,7,0,2,1,1,1,
202100038344,133 093,B01,1,7,0,2,1,1,1,
202100038345,133 090,B01,1,1,0,2,1,1,5,
202100038345,133 091,A01,3,7,0,2,2,9,1,
202100038346,133 088,A01,1,7,0,2,3,1,1,
202100038346,133 089,B01,1,7,0,2,2,1,1,
202100038347,133 086,B01,2,7,0,2,6,1,1,
202100038347,133 087,A01,2,2,0,2,1,1,1,
202100038348,133 085,A01,2,7,0,1,1,1,1,
202100038349,133 084,A01,1,7,0,1,3,1,1,
202100038350,133 082,A01,1,7,0,2,1,1,1,
202100038350,133 083,B01,3,7,0,2,3,1,1,
202100038351,133 081,A01,2,7,0,1,5,4,1,
202100038352,133 080,A01,1,7,2,0,2,13,1,
202100038353,133 079,A01,1,2,1,0,2,14,3,
202100038354,133 078,A01,2,30,13,0,1,14,1,
202100038355,133 076,A01,1,7,7,2,1,5,1,
202100038355,133 077,B01,2,7,0,2,1,1,1,
202100038356,133 074,A01,1,7,0,2,2,15,1,
202100038356,133 075,B01,2,30,0,2,1,1,1,
202100038357,133 073,A01,0,7,6,0,2,14,1,
202100038358,133 072,A01,1,30,12,0,1,1,1,
202100038359,133 070,B01,3,7,0,2,3,5,1,
202100038359,133 071,A01,3,7,0,2,3,16,1,
202100038360,133 068,B01,1,7,0,2,7,1,1,
202100038360,133 069,A01,1,30,0,2,8,1,1,
202100038361,133 066,A01,1,7,0,2,4,1,1,
202100038361,133 067,B01,1,10,0,2,1,1,1,
202100038362,133 065,A01,3,7,4,0,1,19,1,
202100038363,133 063,B01,1,15,0,2,8,1,1,
202100038363,133 064,A01,2,7,0,2,3,13,1,
202100038364,133 062,Z01,3,30,0,1,2,16,1,
202100038365,133 060,A01,3,7,0,2,1,2,1,
202100038365,133 061,B01,3,7,0,2,6,2,1,
202100038366,133 059,A01,1,7,0,1,2,1,1,
202100038367,133 057,B01,2,7,0,2,5,15,3,
202100038367,133 058,A01,2,1,0,2,1,18,5,
202100038368,133 055,A01,3,33,0,2,3,2,1,
202100038368,133 056,B01,1,7,0,2,3,15,1,
202100038369,133 053,B01,1,7,0,2,1,1,1,
202100038369,133 054,A01,2,2,0,2,7,5,1,
202100038370,133 051,A01,3,7,0,2,2,26,1,
202100038370,133 052,B01,3,31,0,2,8,26,1,
202100038371,133 049,A01,2,1,0,2,1,2,5,
202100038371,133 050,B01,2,37,0,2,5,17,1,1.0
202100038372,133 047,B01,2,7,0,2,5,15,1,
202100038372,133 048,A01,2,7,0,2,2,1,1,
202100038373,133 046,A01,2,7,6,0,1,1,1,
202100038374,133 045,A01,1,7,1,0,3,1,1,
202100038375,133 044,A01,1,7,0,1,3,1,0,
202100038376,133 043,A01,2,7,0,1,1,1,1,
202100038377,133 041,A01,1,7,0,2,1,1,1,
202100038377,133 042,B01,2,7,0,2,0,1,1,
202100038378,133 040,A01,2,7,9,0,3,1,1,
202100038379,133 038,A01,1,30,0,2,1,2,1,
202100038379,133 039,B01,1,7,0,2,4,1,1,
202100038380,133 034,A01,-1,7,0,1,8,1,2,
202100038381,133 032,B01,1,1,0,2,7,1,0,
202100038381,133 033,A01,1,10,0,2,7,10,1,
202100038382,133 030,B01,1,33,0,2,1,1,1,
202100038382,133 031,A01,2,10,0,2,3,15,1,
202100038383,133 029,A01,0,30,0,1,1,26,1,
202100038384,133 028,A01,2,3,0,1,1,15,0,
202100038385,133 026,A01,0,7,0,2,9,2,1,
202100038385,133 027,B01,0,30,0,2,7,1,1,
202100038386,133 023,B01,1,7,0,9,6,1,1,
202100038386,133 024,C01,1,33,0,9,1,1,0,
202100038386,133 025,A01,3,1,0,2,1,19,5,
202100038387,133 021,B01,1,30,0,2,1,9,1,
202100038387,133 022,A01,1,7,0,2,0,0,0,
202100038388,133 019,A01,3,33,0,2,1,0,1,
202100038388,133 020,B01,2,7,0,2,2,16,1,
202100038389,133 017,B01,1,7,0,2,3,0,1,
202100038389,133 018,A01,3,10,0,2,2,0,1,
202100038390,133 015,A01,1,43,0,2,3,3,1,
202100038390,133 016,B01,2,7,0,2,5,1,1,
202100038391,133 012,Z01,2,10,0,2,4,2,0,
202100038391,133 013,A01,2,7,0,2,1,2,1,
202100038391,133 014,B01,2,10,0,2,1,2,1,
202100038392,133 011,A01,2,1,0,1,1,1,5,
202100038393,133 010,A01,2,7,0,1,2,1,1,
202100038394,133 008,A01,2,30,0,2,3,18,1,
202100038394,133 009,B01,1,14,0,2,7,16,1,
202100038395,133 007,A01,1,7,0,1,1,7,2,
202100038396,133 005,A01,1,7,0,2,4,2,1,
202100038396,133 006,B01,1,7,0,2,4,23,1,
202100038397,133 003,B01,2,34,0,2,1,2,1,
202100038397,133 004,A01,1,7,0,2,2,15,1,
202100038398,133 002,A01,2,80,0,1,1,1,3,
202100038399,133 000,A01,2,31,0,2,2,17,1,
202100038399,133 001,B01,2,7,0,2,3,15,1,
202100038400,132 998,A01,2,30,0,2,8,10,1,
202100038400,132 999,B01,2,34,0,2,1,1,1,
202100038401,132 997,A01,1,1,0,1,1,1,5,
202100038402,132 995,A01,2,7,0,2,5,14,1,
202100038402,132 996,B01,2,43,0,2,3,1,1,
202100038403,132 993,B01,1,7,0,2,4,2,1,
202100038403,132 994,A01,1,10,0,2,1,2,1,
202100038404,132 992,A01,1,7,0,1,2,16,2,
202100038405,132 990,A01,3,99,0,2,1,26,3,
202100038405,132 991,B01,1,7,0,2,4,1,1,
202100038406,132 989,A01,3,30,0,1,1,1,1,
202100038407,132 988,A01,2,7,12,0,0,21,1,
202100038408,132 986,A01,1,31,0,2,1,13,1,
202100038408,132 987,B01,2,10,0,2,8,1,1,
202100038409,132 984,B01,2,2,0,2,8,15,1,
202100038409,132 985,A01,2,3,0,2,5,1,1,
202100038410,132 982,B01,0,31,0,2,2,1,0,
202100038410,132 983,A01,1,0,1,2,3,15,0,
202100038411,132 981,A01,3,7,0,1,1,9,1,
202100038412,132 979,B01,1,34,0,2,7,1,1,
202100038412,132 980,A01,1,10,0,2,3,11,1,
202100038413,132 977,A01,1,32,0,2,1,1,1,
202100038413,132 978,B01,0,7,0,2,0,15,1,
202100038414,132 975,B01,1,7,0,2,4,16,1,
202100038414,132 976,A01,1,3,0,2,1,16,4,
202100038415,132 974,A01,2,30,0,0,0,21,1,
202100038416,132 973,A01,1,7,0,1,2,1,1,
202100038417,132 972,A01,3,50,0,0,0,26,3,
202100038418,132 971,A01,2,33,0,0,8,23,1,
202100038419,132 970,A01,1,50,9,0,0,1,3,
202100038420,132 968,A01,1,30,0,2,1,18,1,
202100038420,132 969,B01,1,7,0,2,2,16,1,
202100038421,132 966,A01,3,7,0,2,2,16,1,
202100038421,132 967,B01,3,1,0,2,1,1,5,
202100038422,132 964,A01,1,32,0,2,3,1,1,
202100038422,132 965,B01,1,7,0,2,2,16,1,
202100038423,132 963,A01,1,32,15,0,1,13,1,
202100038424,132 962,A01,1,7,1,0,1,15,1,
202100038425,132 961,A01,2,17,0,0,7,1,1,
202100038426,132 959,A01,2,10,0,0,6,1,1,
202100038426,132 960,B01,2,17,0,0,6,2,1,
202100038427,132 958,A01,2,31,3,0,6,3,1,
202100038428,132 955,C01,1,1,0,2,1,1,5,
202100038428,132 956,B01,1,1,0,2,1,1,5,
202100038428,132 957,A01,2,7,2,2,1,14,1,
202100038429,132 952,C01,2,7,0,2,5,2,1,
202100038429,132 953,B01,2,7,0,2,3,2,1,
202100038429,132 954,A01,2,7,0,2,2,2,1,
202100038430,132 950,B01,1,17,0,0,0,13,1,
202100038430,132 951,A01,1,7,0,2,2,1,1,
202100038431,132 948,B01,2,7,0,2,3,1,1,
202100038431,132 949,A01,1,2,0,2,1,13,1,
202100038432,132 946,B01,2,7,0,0,4,2,1,
202100038432,132 947,A01,2,7,0,2,1,2,1,
202100038433,132 944,B01,2,2,0,2,1,1,1,
202100038433,132 945,A01,1,7,0,2,3,15,0,
202100038434,132 943,A01,2,7,0,1,1,0,1,
202100038435,132 942,A01,0,33,13,0,1,14,1,
202100038436,132 941,A01,3,10,0,1,1,1,1,
202100038437,132 940,A01,2,7,13,0,1,1,1,
202100038438,132 938,A01,2,7,6,0,1,2,1,
202100038439,132 936,A01,2,7,0,2,1,1,1,
202100038439,132 937,B01,2,33,0,0,4,1,1,
202100038440,132 935,A01,1,7,13,0,1,1,1,
202100038441,132 933,B01,2,7,0,2,2,15,1,
202100038441,132 934,A01,1,33,0,2,1,1,1,
202100038442,132 931,A01,0,7,0,2,2,1,1,
202100038442,132 932,B01,0,1,0,2,1,1,5,
202100038443,132 929,A01,1,10,0,2,1,2,1,
202100038443,132 930,B01,1,17,0,0,4,2,1,
202100038444,132 927,B01,1,7,0,0,1,1,1,
202100038444,132 928,A01,1,7,0,0,3,9,1,
202100038445,132 924,C01,2,7,0,2,1,1,1,
202100038445,132 925,B01,2,7,0,2,1,1,1,
202100038445,132 926,A01,2,7,0,2,3,17,1,
202100038446,132 923,A01,0,1,0,0,0,0,5,
202100038447,132 921,B01,1,7,0,2,8,1,1,
202100038447,132 922,A01,2,7,0,2,3,13,1,
202100038448,132 920,A01,2,33,0,0,9,1,1,
202100038449,132 919,A01,1,7,0,0,1,21,1,
202100038450,132 916,B01,2,7,0,2,1,1,1,
202100038450,132 917,A01,1,7,0,2,7,13,1,
202100038450,132 918,C01,1,17,0,2,1,1,1,
202100038451,132 914,B01,2,1,0,0,1,13,5,
202100038451,132 915,A01,1,7,0,2,3,1,1,
202100038452,132 912,B01,2,7,0,2,2,1,1,
202100038452,132 913,A01,1,2,3,2,1,13,1,
202100038453,132 911,A01,2,33,0,6,1,1,1,
202100038454,132 909,A01,0,7,0,2,3,16,0,
202100038454,132 910,B01,3,1,0,2,1,9,5,
202100038455,132 907,A01,1,7,0,2,8,1,1,
202100038455,132 908,B01,2,7,0,2,1,19,1,
202100038456,132 905,A01,0,7,0,2,5,15,1,
202100038456,132 906,B01,0,33,0,2,1,1,1,
202100038457,132 904,A01,0,38,0,1,2,1,0,1.0
202100038458,132 902,B01,2,7,0,0,0,17,1,
202100038458,132 903,A01,2,33,13,0,3,17,3,
202100038459,132 900,A01,2,7,0,2,3,10,1,
202100038459,132 901,B01,2,2,0,2,1,17,1,
202100038460,132 898,A01,2,31,0,2,1,17,1,
202100038460,132 899,B01,1,7,0,2,1,2,1,
202100038461,132 897,A01,2,7,2,0,7,1,1,
202100038462,132 895,B01,2,7,0,0,4,1,1,
202100038462,132 896,A01,2,7,0,2,1,1,1,
202100038463,132 894,A01,2,7,0,1,1,1,1,
202100038464,132 892,A01,2,7,0,2,6,10,1,
202100038464,132 893,B01,1,33,0,2,1,1,1,
202100038465,132 890,A01,2,7,0,2,3,19,1,
202100038465,132 891,B01,1,33,0,2,1,1,1,
202100038466,132 889,A01,2,7,2,0,1,13,1,
202100038467,132 887,B01,1,7,0,2,2,17,1,
202100038467,132 888,A01,1,7,0,2,8,15,1,
202100038468,132 885,B01,0,15,0,0,6,24,1,
202100038468,132 886,A01,0,2,1,0,1,0,1,
202100038469,132 884,A01,1,2,0,1,1,19,1,
202100038470,132 882,A01,1,7,0,2,2,1,1,
202100038470,132 883,B01,1,1,0,2,6,0,5,
202100038471,132 881,A01,2,3,0,1,1,19,0,
202100038472,132 880,A01,2,10,9,1,2,14,1,
202100038473,132 879,A01,0,7,13,0,0,0,1,
202100038474,132 877,A01,1,7,0,2,3,15,1,
202100038474,132 878,B01,2,2,0,2,8,15,1,
202100038475,132 876,A01,1,7,13,0,6,1,1,
202100038476,132 875,A01,1,7,0,1,1,1,1,
202100038477,132 873,B01,2,2,0,2,1,2,1,
202100038477,132 874,A01,1,7,0,2,5,10,1,
202100038478,132 871,A01,2,7,0,2,4,15,1,
202100038478,132 872,B01,2,7,0,2,1,2,1,
202100038479,132 869,B01,1,7,0,2,3,1,1,
202100038479,132 870,A01,3,7,0,2,2,19,1,
202100038480,132 865,D01,2,7,0,0,4,1,1,
202100038480,132 866,C01,2,7,3,2,4,1,1,
202100038480,132 867,B01,2,7,0,2,4,1,1,
202100038480,132 868,A01,2,7,0,2,1,11,1,
202100038481,132 864,A01,2,7,16,0,0,1,1,
202100038482,132 861,A01,2,7,0,0,4,23,1,
202100038482,132 862,B01,2,7,0,2,4,23,1,
202100038482,132 863,C01,2,13,0,2,1,2,1,
202100038483,132 859,B01,2,7,0,2,4,1,1,
202100038483,132 860,A01,2,7,0,2,1,2,1,
202100038484,132 857,B01,2,7,0,2,5,0,1,
202100038484,132 858,A01,2,7,0,2,2,2,1,
202100038485,132 855,B01,2,7,0,2,1,2,1,
202100038485,132 856,A01,2,10,0,2,4,1,1,
202100038486,132 850,C01,1,7,0,2,1,2,1,
202100038486,132 851,D01,1,10,0,2,5,1,1,
202100038486,132 852,E01,1,7,0,2,3,2,1,
202100038486,132 853,A01,1,10,0,2,4,1,1,
202100038486,132 854,B01,1,7,0,2,4,2,1,
202100038487,132 847,A01,1,7,0,2,4,2,1,
202100038487,132 848,B01,1,7,14,2,4,2,1,
202100038487,132 849,C01,1,7,0,2,1,2,1,
202100038488,132 846,A01,2,7,0,0,7,1,1,
202100038489,132 844,B01,1,7,0,2,4,2,1,
202100038489,132 845,A01,1,7,0,2,1,2,1,
202100038490,132 842,B01,1,7,0,2,7,1,1,
202100038490,132 843,A01,1,33,0,2,3,11,1,
202100038491,132 839,A01,1,7,0,2,1,2,1,
202100038491,132 840,B01,1,7,0,2,4,2,1,
202100038491,132 841,C01,1,10,0,2,4,2,1,
202100038492,132 838,A01,1,32,0,0,0,15,1,
202100038493,132 836,Z01,2,7,14,0,0,0,0,
202100038493,132 837,B01,2,7,0,2,0,24,1,
202100038494,132 834,B01,1,7,0,2,4,1,1,
202100038494,132 835,A01,1,33,0,2,1,1,1,
202100038495,132 833,A01,1,10,4,0,8,13,1,
202100038496,132 832,A01,1,7,3,0,1,1,1,
202100038497,132 829,A01,2,10,0,2,1,1,1,
202100038497,132 830,B01,2,10,0,2,4,1,1,
202100038497,132 831,C01,2,7,0,2,4,1,1,
202100038498,132 828,A01,1,10,4,2,1,1,1,
202100038499,132 826,B01,1,7,0,0,4,1,1,
202100038499,132 827,A01,1,7,0,2,8,1,1,
202100038500,132 825,A01,1,7,3,0,1,15,1,
202100038501,132 822,C01,2,7,0,2,4,2,1,
202100038501,132 823,B01,2,7,0,2,4,2,1,
202100038501,132 824,A01,2,7,0,2,1,2,1,
202100038502,132 821,A01,1,33,14,0,9,3,1,
202100038503,132 818,A01,1,7,0,2,7,1,1,
202100038503,132 819,B01,1,80,0,2,2,11,3,
202100038504,132 817,A01,2,7,5,0,1,14,1,
202100038505,132 815,B01,1,10,0,2,2,26,1,
202100038505,132 816,A01,2,7,0,2,3,1,1,
202100038506,132 814,A01,1,2,0,1,7,0,1,
202100038507,132 811,C01,1,7,0,2,1,1,1,
202100038507,132 812,B01,1,7,0,2,3,21,1,
202100038507,132 813,A01,1,7,0,2,1,5,1,
202100038508,132 810,A01,2,30,12,0,0,0,0,
202100038509,132 808,B01,1,7,0,2,8,15,1,
202100038509,132 809,A01,1,7,0,2,1,17,1,
202100038510,132 807,A01,1,7,0,1,4,20,1,