Num_Acc,id_vehicule,num_veh,senc,catv,obs,obsm,choc,manv,motor,occutc
202100039110,131 722,A01,3,7,0,2,3,23,1,
202100039111,131 720,A01,1,13,0,1,2,15,1,
202100039112,131 718,A01,2,30,0,4,7,19,1,
202100039112,131 719,B01,0,40,0,2,3,1,3,
202100039113,131 716,A01,3,0,0,1,0,2,0,
202100039114,131 714,B01,2,33,0,2,1,1,1,
202100039114,131 715,A01,1,7,0,2,2,15,1,
202100039115,131 713,A01,2,7,0,5,1,1,1,
202100039116,131 712,A01,3,7,8,0,3,13,1,
202100039117,131 708,A01,1,10,0,1,3,15,1,
202100039118,131 704,B01,1,1,0,2,1,0,5,
202100039118,131 705,A01,1,7,0,2,1,1,1,
202100039119,131 702,B01,3,7,0,2,3,1,1,
202100039119,131 703,A01,3,1,0,2,1,15,5,
202100039120,131 701,A01,3,33,0,0,2,26,1,
202100039121,131 699,B01,2,7,0,2,7,1,1,
202100039121,131 700,A01,1,7,0,2,1,9,1,
202100039122,131 697,B01,0,7,0,2,1,1,1,
202100039122,131 698,A01,0,2,0,2,1,13,1,
202100039123,131 696,A01,1,30,0,0,3,1,1,
202100039124,131 694,A01,0,7,0,0,0,0,0,
202100039124,131 695,B01,0,60,0,0,0,0,5,
202100039125,131 692,A01,3,7,0,9,3,15,1,
202100039125,131 693,B01,3,1,0,2,3,1,6,
202100039126,131 690,A01,1,7,0,2,1,2,1,
202100039126,131 691,B01,1,50,0,2,8,16,3,
202100039127,131 688,B01,2,7,0,2,0,0,1,
202100039127,131 689,A01,1,1,0,2,0,1,5,
202100039128,131 687,A01,1,7,0,1,2,2,1,
202100039129,131 685,B01,1,99,0,2,6,1,1,
202100039129,131 686,A01,2,7,0,2,1,19,1,
202100039130,131 683,A01,3,7,1,9,1,13,1,
202100039130,131 684,B01,3,7,0,9,0,26,1,
202100039131,131 681,A01,1,7,0,2,1,1,3,
202100039131,131 682,B01,1,43,0,2,7,1,1,
202100039132,131 680,Z01,2,7,0,1,0,26,0,
202100039133,131 677,A01,1,33,0,2,3,3,1,
202100039133,131 678,C01,1,7,0,2,3,1,2,
202100039133,131 679,B01,1,10,0,2,5,1,1,
202100039134,131 675,B01,2,10,0,2,7,12,1,
202100039134,131 676,A01,2,33,0,2,3,3,1,
202100039135,131 673,A01,1,32,0,2,1,2,1,
202100039135,131 674,B01,1,7,0,2,4,2,1,
202100039136,131 671,B01,2,34,0,2,3,3,1,
202100039136,131 672,A01,2,7,0,2,5,14,1,
202100039137,131 669,A01,3,33,0,2,1,5,1,
202100039137,131 670,B01,3,32,0,2,8,15,1,
202100039138,131 666,A01,1,7,0,2,5,15,1,
202100039138,131 667,B01,1,7,0,2,1,21,1,
202100039138,131 668,C01,2,2,0,2,1,1,1,
202100039139,131 664,A01,1,30,0,2,1,2,1,
202100039139,131 665,B01,1,7,0,2,5,23,1,
202100039140,131 662,Z01,1,2,0,2,2,17,1,
202100039140,131 663,A01,1,1,0,2,6,15,5,
202100039141,131 660,A01,1,1,0,2,5,15,5,
202100039141,131 661,B01,2,2,0,2,1,1,1,
202100039142,131 659,A01,2,7,1,1,1,1,2,
202100039143,131 657,A01,2,34,0,2,1,17,1,
202100039143,131 658,B01,2,32,0,2,3,15,1,
202100039144,131 655,A01,1,60,0,2,8,19,5,
202100039144,131 656,Z01,1,7,0,2,1,16,1,
202100039145,131 653,B01,1,10,0,2,4,2,1,
202100039145,131 654,A01,1,1,0,2,1,2,5,
202100039146,131 651,B01,2,32,0,2,7,1,1,
202100039146,131 652,A01,2,10,0,2,3,22,1,
202100039147,131 649,B01,2,10,0,2,2,1,3,
202100039147,131 650,A01,1,1,0,2,0,13,5,
202100039148,131 648,A01,2,1,0,1,8,1,5,
202100039149,131 646,B01,1,7,0,2,1,1,1,
202100039149,131 647,A01,3,10,0,2,4,20,1,
202100039150,131 644,A01,3,33,0,2,1,17,1,
202100039150,131 645,B01,3,10,0,2,6,15,1,
202100039151,131 642,B01,2,7,0,2,0,0,1,
202100039151,131 643,A01,2,2,0,2,1,11,1,
202100039152,131 641,A01,2,7,0,2,4,16,1,
202100039153,131 638,C01,2,7,0,2,4,1,1,
202100039153,131 639,B01,2,7,0,2,4,1,1,
202100039153,131 640,A01,2,7,0,2,1,1,1,
202100039154,131 636,B01,3,7,0,2,3,0,1,
202100039154,131 637,A01,3,7,0,2,3,13,1,
202100039155,131 634,B01,1,32,0,2,1,2,1,
202100039155,131 635,A01,1,7,0,2,6,10,1,
202100039156,131 633,A01,0,7,0,1,1,1,0,
202100039157,131 632,A01,3,7,1,1,3,26,1,
202100039158,131 631,A01,1,10,0,1,2,26,1,
202100039159,131 629,B01,1,7,0,2,3,15,0,
202100039159,131 630,A01,2,30,0,2,7,17,1,
202100039160,131 628,A01,2,7,0,1,0,1,1,
202100039161,131 625,C01,0,7,0,2,1,1,1,
202100039161,131 626,A01,0,7,0,2,0,1,1,
202100039161,131 627,B01,0,37,0,2,1,1,1,2.0
202100039162,131 623,A01,2,30,0,2,1,2,1,
202100039162,131 624,B01,2,10,0,2,6,23,1,
202100039163,131 621,B01,1,2,0,2,7,16,1,
202100039163,131 622,A01,2,10,0,2,1,16,1,
202100039164,131 619,B01,2,7,0,2,6,23,1,
202100039164,131 620,A01,2,2,0,2,1,1,1,
202100039165,131 617,A01,2,7,0,2,2,15,1,
202100039165,131 618,B01,1,1,0,2,8,1,6,
202100039166,131 616,A01,2,7,0,1,4,4,1,
202100039167,131 613,C01,2,7,0,2,4,1,2,
202100039167,131 614,B01,2,43,0,2,4,2,1,
202100039167,131 615,A01,2,7,0,2,1,2,1,
202100039168,131 611,B01,2,50,0,2,1,1,3,
202100039168,131 612,A01,2,7,0,2,3,20,1,
202100039169,131 610,A01,1,10,2,0,3,13,1,
202100039170,131 609,A01,1,7,7,0,3,0,1,
202100039171,131 605,B01,1,7,0,2,4,2,1,
202100039171,131 606,C01,1,7,0,2,4,2,1,
202100039171,131 607,D01,1,7,0,2,4,2,1,
202100039171,131 608,A01,1,7,0,2,1,2,1,
202100039172,131 601,A01,1,7,0,2,4,11,1,
202100039172,131 602,B01,2,7,0,2,1,1,1,
202100039173,131 600,A01,0,1,0,0,8,2,5,
202100039174,131 599,A01,2,33,13,0,8,1,1,
202100039175,131 597,B01,2,10,0,9,3,1,1,
202100039175,131 598,A01,1,1,0,2,8,19,5,
202100039176,131 594,C01,1,10,0,2,4,2,1,
202100039176,131 595,B01,1,10,0,2,4,2,1,
202100039176,131 596,A01,1,10,0,2,1,2,1,
202100039177,131 593,A01,1,10,0,1,2,1,1,
202100039178,131 592,A01,2,33,0,6,3,14,1,
202100039179,131 591,A01,2,7,13,0,9,1,1,
202100039180,131 590,A01,3,60,0,0,0,0,5,
202100039181,131 589,A01,2,7,2,0,1,1,1,
202100039182,131 587,A01,2,3,0,2,3,13,1,
202100039182,131 588,B01,1,17,0,2,3,1,1,
202100039183,131 586,A01,1,7,0,0,1,1,1,
202100039184,131 585,A01,2,7,6,0,3,2,1,
202100039185,131 583,B01,1,10,0,2,1,1,1,
202100039185,131 584,A01,2,7,0,2,3,19,1,
202100039186,131 582,A01,2,15,0,1,1,9,1,
202100039187,131 581,A01,3,7,13,0,3,2,1,
202100039188,131 579,A01,1,33,0,2,1,1,1,
202100039188,131 580,B01,2,7,0,2,3,1,1,
202100039189,131 577,B01,1,1,0,2,1,1,5,
202100039189,131 578,A01,2,7,0,2,2,15,1,
202100039190,131 575,A01,3,7,0,2,3,1,1,
202100039190,131 576,B01,3,7,0,2,3,13,1,
202100039191,131 574,A01,2,7,5,0,1,1,1,
202100039192,131 572,A01,1,2,0,2,2,17,1,
202100039192,131 573,B01,1,7,0,2,8,15,1,
202100039193,131 567,B01,1,14,15,2,1,13,1,
202100039193,131 568,A01,2,7,0,2,1,17,1,
202100039193,131 569,D01,2,10,0,0,8,1,6,
202100039193,131 570,C01,2,15,0,0,6,0,1,
202100039194,131 565,A01,1,7,0,2,1,1,1,
202100039194,131 566,B01,3,7,7,2,6,19,1,
202100039195,131 563,A01,2,7,0,2,1,15,1,
202100039195,131 564,B01,2,7,0,2,4,15,1,
202100039196,131 562,A01,1,7,0,1,7,1,1,
202100039197,131 560,A01,2,10,0,0,9,0,1,
202100039197,131 561,B01,1,7,4,0,9,0,1,
202100039198,131 559,A01,1,7,13,0,3,1,1,
202100039199,131 557,B01,2,7,0,2,1,1,1,
202100039199,131 558,A01,1,7,0,2,7,5,1,
202100039200,131 555,B01,2,7,0,2,2,1,1,
202100039200,131 556,A01,2,7,0,2,6,11,1,
202100039201,131 552,B01,1,7,0,2,3,1,1,
202100039201,131 553,A01,1,33,0,2,6,11,1,
202100039201,131 554,C01,1,7,3,0,2,1,1,
202100039202,131 550,A01,1,7,13,2,2,1,1,
202100039202,131 551,B01,1,15,0,2,8,1,0,
202100039203,131 548,B01,2,17,0,2,3,1,1,
202100039203,131 549,A01,1,33,0,2,3,13,1,
202100039204,131 546,B01,2,34,0,2,1,21,1,
202100039204,131 547,A01,1,7,0,2,1,15,1,
202100039205,131 544,B01,1,7,0,0,4,1,1,
202100039205,131 545,A01,1,33,0,0,1,1,1,
202100039206,131 542,B01,1,7,0,2,1,1,1,
202100039206,131 543,A01,2,7,0,2,5,19,1,
202100039207,131 540,B01,2,33,0,2,7,17,1,
202100039207,131 541,A01,2,20,0,0,8,15,1,
202100039208,131 539,A01,1,2,0,0,2,1,1,
202100039209,131 537,B01,1,7,0,2,8,13,1,
202100039209,131 538,A01,1,33,2,2,2,17,1,
202100039210,131 535,A01,1,7,0,2,1,13,1,
202100039210,131 536,B01,2,15,0,2,1,1,1,
202100039211,131 533,B01,2,7,0,2,1,1,1,
202100039211,131 534,A01,1,7,0,2,1,13,1,
202100039212,131 531,B01,2,7,0,2,1,1,1,
202100039212,131 532,A01,1,7,0,2,1,13,1,
202100039213,131 529,A01,1,17,0,2,3,1,1,
202100039213,131 530,B01,2,3,0,2,3,1,1,
202100039214,131 528,A01,1,7,0,1,2,1,1,
202100039215,131 527,A01,2,2,0,0,1,13,1,
202100039216,131 525,A01,1,7,0,2,3,13,1,
202100039216,131 526,B01,2,33,0,2,8,1,1,
202100039217,131 523,A01,2,7,0,2,3,13,1,
202100039217,131 524,B01,1,17,0,2,3,1,0,
202100039218,131 520,A01,1,33,0,5,1,1,1,
202100039219,131 519,A01,3,7,0,1,3,15,1,
202100039220,131 518,A01,3,2,8,0,1,14,1,
202100039221,131 516,B01,2,7,0,2,1,1,1,
202100039221,131 517,A01,1,7,0,2,1,21,1,
202100039222,131 512,A01,1,33,0,2,1,13,1,
202100039222,131 513,B01,2,7,0,2,2,1,1,
202100039223,131 510,A01,1,7,0,2,4,2,1,
202100039223,131 511,B01,1,7,0,2,1,2,1,
202100039224,131 508,B01,2,7,0,2,5,12,1,
202100039224,131 509,A01,2,33,0,2,1,1,1,
202100039225,131 507,A01,2,7,0,2,1,14,1,
202100039226,131 505,A01,1,10,0,2,4,1,1,
202100039226,131 506,B01,1,32,0,2,1,3,1,
202100039227,131 503,A01,1,7,0,2,3,9,1,
202100039227,131 504,B01,1,33,0,2,7,1,1,
202100039228,131 500,A01,2,7,0,2,5,2,1,
202100039228,131 501,B01,2,7,0,2,4,2,1,
202100039228,131 502,C01,2,7,0,2,1,2,1,
202100039229,131 496,D01,2,7,0,2,1,1,1,
202100039229,131 497,C01,2,10,0,2,1,1,1,
202100039229,131 498,B01,2,7,0,2,4,23,1,
202100039229,131 499,A01,2,7,0,2,4,23,1,
202100039230,131 495,A01,2,33,14,0,0,26,1,
202100039231,131 493,A01,2,10,0,2,0,0,1,
202100039231,131 494,B01,2,7,0,2,0,0,1,
202100039232,131 489,D01,1,7,0,2,0,26,1,
202100039232,131 490,C01,1,7,0,0,4,0,1,
202100039232,131 491,B01,1,7,0,2,9,0,1,
202100039232,131 492,A01,1,7,0,2,1,26,1,
202100039233,131 486,C01,1,7,0,2,4,26,1,
202100039233,131 487,B01,1,7,0,2,1,0,1,
202100039233,131 488,A01,1,13,0,2,1,26,1,
202100039234,131 484,A01,1,10,0,2,1,2,1,
202100039234,131 485,B01,1,7,0,2,4,2,1,
202100039235,131 481,A01,1,7,0,2,2,14,1,
202100039235,131 482,C01,1,17,0,2,2,0,1,
202100039235,131 483,B01,1,7,4,2,3,1,1,
202100039236,131 479,A01,1,7,0,2,5,26,2,
202100039236,131 480,B01,1,15,0,2,1,1,1,
202100039237,131 478,A01,2,7,3,0,3,13,1,
202100039238,131 474,A01,1,7,0,2,1,2,1,
202100039238,131 475,B01,1,7,0,2,4,2,1,
202100039238,131 476,C01,1,7,0,2,4,2,1,
202100039238,131 477,D01,1,7,0,2,4,2,1,
202100039239,131 472,B01,1,31,0,2,1,1,1,
202100039239,131 473,A01,1,10,0,2,6,13,1,
202100039240,131 471,A01,2,7,4,0,1,14,1,
202100039241,131 469,B01,2,7,0,2,4,2,1,
202100039241,131 470,A01,2,7,0,2,1,2,1,
202100039242,131 466,C01,1,7,0,2,7,1,1,
202100039242,131 467,B01,2,7,0,2,8,2,1,
202100039242,131 468,A01,1,17,0,2,2,12,1,
202100039243,131 464,B01,2,7,0,2,1,2,1,
202100039243,131 465,A01,2,7,0,2,1,2,1,
202100039244,131 462,A01,1,34,0,2,1,3,1,
202100039244,131 463,B01,1,7,0,2,7,12,1,
202100039245,131 460,A01,2,31,0,2,0,3,1,
202100039245,131 461,B01,2,13,0,2,6,1,1,
202100039246,131 459,A01,1,7,0,1,1,9,1,
202100039247,131 457,A01,1,7,0,1,1,1,1,
202100039248,131 456,A01,3,7,0,1,1,26,1,
202100039249,131 454,B01,2,30,0,2,1,1,1,
202100039249,131 455,A01,2,7,0,2,3,15,1,
202100039250,131 452,B01,2,31,0,2,7,0,1,
202100039250,131 453,A01,2,7,0,2,3,11,1,
202100039251,131 450,A01,2,7,0,2,7,16,1,
202100039251,131 451,B01,3,1,0,2,1,15,5,
202100039252,131 448,B01,3,32,0,2,2,17,1,
202100039252,131 449,A01,3,10,0,2,8,15,1,
202100039253,131 446,A01,3,2,0,2,1,17,1,
202100039253,131 447,B01,3,7,0,2,3,15,1,
202100039254,131 444,A01,1,2,0,2,4,26,1,
202100039254,131 445,Z01,1,1,0,9,4,1,5,
202100039255,131 442,A01,2,7,0,2,1,16,1,
202100039255,131 443,B01,1,1,0,2,8,0,0,
202100039256,131 440,B01,3,50,0,2,1,1,3,
202100039256,131 441,A01,0,7,0,2,2,19,1,
202100039257,131 437,B01,1,7,0,2,0,0,1,
202100039257,131 438,C01,1,7,0,2,0,0,0,
202100039257,131 439,A01,1,3,0,2,0,26,0,
202100039258,131 435,B01,1,7,0,2,4,23,1,
202100039258,131 436,A01,1,30,1,0,1,18,1,
202100039259,131 433,B01,2,33,0,2,1,1,0,
202100039259,131 434,A01,1,7,0,2,7,15,1,
202100039260,131 430,C01,1,7,0,2,0,0,1,
202100039260,131 431,B01,0,99,0,0,0,0,0,
202100039260,131 432,A01,1,99,0,2,4,26,6,
202100039261,131 428,B01,3,7,0,2,0,1,1,
202100039261,131 429,A01,0,33,0,2,0,0,1,
202100039262,131 426,A01,3,7,1,2,1,1,1,
202100039262,131 427,B01,3,7,3,2,3,1,1,
202100039263,131 424,A01,1,10,1,0,2,1,1,
202100039264,131 422,B01,1,30,0,2,8,1,1,
202100039264,131 423,A01,1,7,0,2,8,12,2,
202100039265,131 419,A01,1,32,11,0,1,26,1,
202100039266,131 417,A01,0,7,0,2,1,15,1,
202100039266,131 418,B01,0,7,0,2,3,1,1,
202100039267,131 415,B01,0,7,0,2,4,23,1,
202100039267,131 416,A01,0,1,0,2,1,2,5,
202100039268,131 413,B01,0,7,0,2,5,1,1,
202100039268,131 414,A01,0,50,0,2,0,5,3,
202100039269,131 409,A01,2,33,12,0,2,1,1,
202100039270,131 407,B01,1,33,0,2,7,2,1,
202100039270,131 408,A01,1,7,0,2,8,11,1,
202100039271,131 405,A01,2,7,0,2,2,17,1,
202100039271,131 406,B01,2,50,0,2,4,13,3,
202100039272,131 403,B01,3,50,0,2,1,1,3,
202100039272,131 404,A01,3,1,0,2,3,19,5,
202100039273,131 401,B01,2,1,0,2,1,1,0,
202100039273,131 402,A01,1,7,0,2,8,1,1,
202100039274,131 399,B01,2,1,0,2,1,1,5,
202100039274,131 400,A01,2,7,0,2,5,16,1,
202100039275,131 397,B01,1,30,0,2,3,1,1,
202100039275,131 398,A01,1,7,0,2,1,15,1,
202100039276,131 395,B01,2,7,0,2,2,15,1,
202100039276,131 396,A01,2,32,0,2,1,18,1,
202100039277,131 393,A01,1,7,0,2,3,1,1,
202100039277,131 394,B01,3,50,0,2,9,1,3,
202100039278,131 391,B01,3,17,0,2,6,24,1,
202100039278,131 392,A01,3,7,1,0,1,1,1,
202100039279,131 390,A01,1,7,0,1,2,1,1,
202100039280,131 388,A01,1,7,0,2,4,23,1,
202100039280,131 389,Z01,1,7,14,0,0,0,0,
202100039281,131 386,A01,2,7,0,9,1,0,1,
202100039281,131 387,B01,0,1,0,2,8,26,5,
202100039282,131 384,B01,0,7,0,2,4,1,1,
202100039282,131 385,A01,0,2,0,2,1,1,3,
202100039283,131 383,A01,1,7,0,1,2,1,1,
202100039284,131 381,A01,1,7,0,9,1,26,1,
202100039284,131 382,B01,1,50,0,2,1,26,3,
202100039285,131 379,A01,1,7,0,2,3,15,1,
202100039285,131 380,B01,2,7,0,2,2,21,1,
202100039286,131 378,A01,1,7,0,1,1,1,1,
202100039287,131 375,C01,1,7,0,2,4,1,1,
202100039287,131 376,B01,1,7,0,2,4,2,1,
202100039287,131 377,A01,1,7,0,2,1,2,1,
202100039288,131 374,A01,0,30,0,0,2,1,1,
202100039289,131 372,B01,0,7,0,2,1,1,1,
202100039289,131 373,A01,0,7,0,2,1,13,1,
202100039290,131 371,A01,1,7,0,1,1,9,1,
202100039291,131 369,B01,0,7,0,2,3,15,1,
202100039291,131 370,A01,0,7,0,2,2,1,1,
202100039292,131 367,B01,1,7,0,2,5,1,1,
202100039292,131 368,A01,1,2,0,2,2,15,1,
202100039293,131 365,B01,1,7,0,2,4,2,1,
202100039293,131 366,A01,1,30,0,2,1,1,1,
202100039294,131 363,A01,1,7,0,2,6,15,1,
202100039294,131 364,B01,2,33,0,2,2,1,1,
202100039295,131 361,B01,1,31,0,2,6,1,1,
202100039295,131 362,A01,2,7,0,2,3,15,1,
202100039296,131 359,A01,3,7,1,0,5,4,1,
202100039296,131 360,B01,3,7,15,0,8,24,1,
202100039297,131 357,A01,1,7,0,2,1,1,1,
202100039297,131 358,B01,2,7,0,2,1,1,1,
202100039298,131 354,C01,3,7,0,2,6,0,1,
202100039298,131 355,B01,3,7,0,2,8,1,1,
202100039298,131 356,A01,3,10,0,2,2,9,1,
202100039299,131 352,B01,0,7,0,2,5,1,0,
202100039299,131 353,A01,0,7,0,2,3,1,1,
202100039300,131 350,B01,1,7,0,2,4,1,1,
202100039300,131 351,A01,1,7,0,2,1,1,1,
202100039301,131 348,A01,1,37,0,2,3,0,1,1.0
202100039301,131 349,B01,1,30,0,2,1,1,1,
202100039302,131 346,A01,1,33,11,2,3,2,1,
202100039302,131 347,Z01,1,7,0,0,0,0,0,
202100039303,131 345,A01,3,7,6,1,2,14,1,
202100039304,131 343,Z01,0,10,0,2,4,17,1,
202100039304,131 344,A01,0,30,0,2,1,2,1,
202100039305,131 341,B01,1,37,15,2,3,21,2,4.0
202100039305,131 342,A01,2,7,0,2,1,13,1,
202100039306,131 339,B01,1,33,0,2,1,1,1,
202100039306,131 340,A01,1,7,0,2,6,20,1,
202100039307,131 337,A01,2,7,0,2,3,15,1,
202100039307,131 338,B01,0,32,0,2,2,17,1,
202100039308,131 335,B01,2,33,0,2,0,0,1,
202100039308,131 336,A01,1,7,0,2,0,10,1,
202100039309,131 333,B01,1,31,0,2,1,1,1,
202100039309,131 334,A01,2,7,0,2,1,15,1,
202100039310,131 332,A01,3,1,8,0,1,0,5,
202100039311,131 331,B01,1,7,0,1,2,19,3,
202100039312,131 330,A01,2,33,0,1,3,26,1,
202100039313,131 329,A01,1,2,1,1,1,17,1,
202100039314,131 327,B01,0,10,0,2,3,1,1,
202100039314,131 328,A01,1,30,0,2,1,17,1,
202100039315,131 326,A01,0,7,0,1,1,26,1,
202100039316,131 324,A01,2,7,0,2,3,1,2,
202100039316,131 325,B01,3,30,0,2,4,23,1,
202100039317,131 322,B01,2,50,0,0,0,14,3,
202100039317,131 323,A01,1,50,0,2,1,1,3,
202100039318,131 320,A01,3,43,0,2,2,2,1,
202100039318,131 321,B01,3,7,14,2,2,14,1,
202100039319,131 319,A01,1,43,0,1,1,1,1,
202100039320,131 317,A01,1,43,0,2,7,17,1,
202100039320,131 318,B01,1,7,0,2,6,15,1,
202100039321,131 315,A01,1,7,0,2,2,16,1,
202100039321,131 316,B01,1,30,0,2,8,18,1,
202100039322,131 313,A01,2,7,0,2,2,1,1,
202100039322,131 314,B01,2,60,0,2,0,19,5,
202100039323,131 311,A01,2,30,0,2,1,17,1,
202100039323,131 312,B01,2,7,0,2,3,1,1,
202100039324,131 309,A01,0,7,0,2,7,12,1,
202100039324,131 310,B01,0,33,0,2,8,1,1,
202100039325,131 308,Z01,2,10,0,1,0,0,0,
202100039326,131 306,B01,1,2,0,2,7,1,1,
202100039326,131 307,A01,1,7,0,2,3,11,1,
202100039327,131 304,A01,2,7,1,2,3,1,1,
202100039327,131 305,B01,1,7,0,2,3,1,1,
202100039328,131 302,A01,2,7,0,2,1,5,1,
202100039328,131 303,B01,1,7,0,2,1,1,1,
202100039329,131 300,A01,2,7,0,2,3,15,1,
202100039329,131 301,B01,2,2,0,2,7,2,1,
202100039330,131 297,A01,0,10,0,2,1,26,0,
202100039330,131 298,B01,0,3,1,2,4,23,0,
202100039330,131 299,C01,0,3,1,0,4,24,0,
202100039331,131 295,B01,3,7,1,2,3,1,1,
202100039331,131 296,A01,3,7,0,2,3,13,1,
202100039332,131 293,A01,1,7,8,2,9,16,0,
202100039332,131 294,B01,1,7,0,2,2,1,0,
202100039333,131 291,A01,2,7,0,2,3,1,1,
202100039333,131 292,B01,1,7,0,2,2,1,1,
202100039334,131 290,A01,2,7,6,0,1,26,1,
202100039335,131 289,A01,3,7,15,0,1,9,1,
202100039336,131 287,B01,1,10,0,2,1,1,1,
202100039336,131 288,A01,2,14,0,2,1,5,1,
202100039337,131 286,A01,3,7,0,1,6,20,1,
202100039338,131 285,A01,0,31,15,0,8,13,1,
202100039339,131 283,A01,3,1,0,2,2,1,5,
202100039339,131 284,B01,3,7,0,9,3,1,1,
202100039340,131 280,A01,2,7,0,2,1,13,1,
202100039340,131 281,B01,1,7,0,2,3,1,1,
202100039340,131 282,C01,1,99,0,2,6,1,1,
202100039341,131 279,A01,2,7,6,0,1,14,1,
202100039342,131 277,A01,2,7,4,2,2,26,1,
202100039342,131 278,B01,1,7,4,2,3,26,1,
202100039343,131 274,B01,1,7,0,0,0,21,1,
202100039343,131 275,A01,2,33,0,2,1,13,1,
202100039343,131 276,C01,1,31,0,2,1,0,1,
202100039344,131 273,A01,1,7,8,0,1,1,1,
202100039345,131 272,A01,0,7,6,0,1,1,1,
202100039346,131 270,B01,2,7,0,2,1,15,1,
202100039346,131 271,A01,2,33,0,2,1,1,1,
202100039347,131 268,B01,2,7,0,2,1,1,1,
202100039347,131 269,A01,1,7,0,2,1,15,1,
202100039348,131 266,A01,0,7,0,2,4,1,1,
202100039348,131 267,B01,0,7,0,2,1,1,1,
202100039349,131 264,A01,3,2,0,2,7,1,1,
202100039349,131 265,B01,3,7,0,2,2,9,1,
202100039350,131 262,A01,1,7,0,2,3,1,1,
202100039350,131 263,B01,2,7,0,2,6,1,1,
202100039351,131 260,B01,3,33,0,2,8,1,1,
202100039351,131 261,A01,3,7,0,2,3,1,1,
202100039352,131 258,B01,2,2,0,2,8,15,1,
202100039352,131 259,A01,2,7,0,2,7,17,1,
202100039353,131 256,B01,3,7,0,2,1,1,1,
202100039353,131 257,A01,3,7,0,2,1,13,1,
202100039354,131 255,A01,2,33,0,0,7,1,1,
202100039355,131 254,A01,1,7,1,0,2,1,1,
202100039356,131 253,A01,1,7,0,1,1,1,1,
202100039357,131 251,B01,3,7,0,2,8,1,1,
202100039357,131 252,A01,3,7,0,2,2,9,1,
202100039358,131 249,A01,2,7,0,9,1,1,1,
202100039358,131 250,B01,2,10,0,0,0,1,6,
202100039359,131 247,A01,0,33,0,0,7,16,1,
202100039360,131 245,A01,1,7,0,2,3,14,1,
202100039360,131 246,B01,2,7,0,2,3,14,1,
202100039361,131 243,A01,3,2,0,2,2,1,1,
202100039361,131 244,B01,3,7,0,2,8,15,1,
202100039362,131 241,B01,1,10,0,2,2,14,1,
202100039362,131 242,A01,1,80,0,0,2,23,3,
202100039363,131 239,A01,2,2,0,2,1,13,1,
202100039363,131 240,B01,1,10,0,2,3,21,1,
202100039364,131 237,A01,1,2,0,2,3,1,1,
202100039364,131 238,B01,1,7,0,2,2,19,1,
202100039365,131 236,A01,2,7,0,1,6,4,1,
202100039366,131 235,A01,3,31,0,0,0,1,1,
202100039367,131 233,B01,2,15,0,2,8,1,1,
202100039367,131 234,A01,1,2,0,2,3,13,1,
202100039368,131 231,B01,2,17,0,0,4,2,1,
202100039368,131 232,A01,2,17,0,2,1,2,1,
202100039369,131 230,A01,1,33,0,0,8,26,1,
202100039370,131 228,B01,3,33,0,2,1,1,1,
202100039370,131 229,A01,3,7,0,2,3,15,1,
202100039371,131 225,A01,3,30,6,0,3,13,1,
202100039372,131 224,A01,3,2,12,0,0,15,1,
202100039373,131 222,B01,2,2,0,2,1,1,1,
202100039373,131 223,A01,2,7,0,2,7,15,1,
202100039374,131 221,A01,2,2,0,0,0,1,1,
202100039375,131 219,B01,1,1,0,2,1,0,5,
202100039375,131 220,A01,1,7,0,9,2,0,4,
202100039376,131 218,A01,1,33,0,1,1,1,1,
202100039377,131 216,B01,0,7,0,0,1,5,1,
202100039377,131 217,A01,0,33,0,2,1,1,1,
202100039378,131 214,A01,3,2,0,2,2,0,1,
202100039378,131 215,B01,0,7,0,2,2,11,1,
202100039379,131 213,A01,2,33,0,0,0,17,1,
202100039380,131 212,A01,2,7,16,0,1,1,1,
202100039381,131 210,B01,2,2,0,2,6,2,1,
202100039381,131 211,A01,2,7,0,2,6,2,2,
202100039382,131 208,B01,2,1,0,2,1,1,5,
202100039382,131 209,A01,1,7,0,0,1,15,1,
202100039383,131 206,B01,3,33,15,2,2,17,1,
202100039383,131 207,A01,3,7,0,2,8,15,1,
202100039384,131 203,A01,2,10,0,2,7,15,1,
202100039384,131 204,B01,1,33,0,2,1,1,1,
202100039384,131 205,C01,2,7,0,9,2,1,1,
202100039385,131 202,A01,2,7,0,1,7,13,1,
202100039386,131 200,A01,1,7,0,0,0,2,1,
202100039387,131 197,B01,2,17,0,2,1,2,1,
202100039387,131 198,C01,2,38,0,9,3,2,1,4.0
202100039387,131 199,A01,2,15,0,0,4,2,1,
202100039388,131 194,B01,2,17,0,2,2,24,1,
202100039388,131 195,A01,2,7,1,0,2,1,1,
202100039388,131 196,C01,2,99,0,2,7,24,0,
202100039389,131 190,D01,2,17,0,2,4,2,1,
202100039389,131 191,C01,2,7,0,2,4,2,1,
202100039389,131 192,A01,2,17,0,2,1,1,1,
202100039389,131 193,B01,2,17,0,2,4,2,1,
202100039390,131 187,A01,1,10,0,2,1,2,1,
202100039390,131 188,B01,1,7,0,2,4,2,1,
202100039390,131 189,C01,1,10,0,2,3,21,1,
202100039391,131 186,A01,2,33,4,0,8,13,1,
202100039392,131 185,A01,2,17,4,0,2,21,1,
202100039393,131 183,B01,1,32,0,2,8,1,1,