Num_Acc,id_vehicule,num_veh,senc,catv,obs,obsm,choc,manv,motor,occutc
202100039393,131 184,A01,1,14,0,2,7,1,0,
202100039394,131 180,A01,1,10,0,2,1,2,1,
202100039394,131 181,B01,1,7,0,2,4,2,1,
202100039394,131 182,C01,1,7,0,2,5,0,1,
202100039395,131 178,B01,2,7,0,2,4,1,3,
202100039395,131 179,A01,2,7,0,2,1,1,1,
202100039396,131 176,B01,1,7,0,2,6,2,1,
202100039396,131 177,A01,1,15,0,2,2,11,1,
202100039397,131 174,A01,1,17,0,2,2,12,1,
202100039397,131 175,B01,1,7,0,2,3,2,1,
202100039398,131 172,A01,1,7,0,2,1,1,1,
202100039398,131 173,B01,1,10,0,2,4,23,1,
202100039399,131 169,A01,2,7,0,2,1,1,1,
202100039399,131 170,B01,2,10,0,2,4,0,1,
202100039399,131 171,C01,2,7,0,2,4,1,1,
202100039400,131 168,A01,2,33,0,5,7,21,1,
202100039401,131 166,A01,2,15,0,2,2,1,1,
202100039401,131 167,B01,2,7,0,2,3,11,1,
202100039402,131 165,A01,2,7,4,0,3,1,1,
202100039403,131 163,B01,1,7,0,2,1,1,1,
202100039403,131 164,A01,1,50,0,2,8,19,3,
202100039404,131 162,A01,2,7,0,1,1,1,1,
202100039405,131 161,A01,1,30,0,1,0,17,1,
202100039406,131 160,A01,1,7,0,1,2,1,1,
202100039407,131 159,A01,1,7,0,1,7,19,1,
202100039408,131 158,Z01,3,7,0,1,0,1,0,
202100039409,131 157,A01,1,7,0,1,1,1,1,
202100039410,131 155,B01,0,2,0,2,1,1,1,
202100039410,131 156,A01,3,7,0,2,3,19,1,
202100039411,131 153,A01,1,33,0,2,1,1,1,
202100039411,131 154,B01,1,33,0,2,4,1,1,
202100039412,131 151,A01,0,7,0,2,3,15,1,
202100039412,131 152,B01,0,34,0,2,8,1,1,
202100039413,131 149,A01,1,31,0,2,3,1,1,
202100039413,131 150,B01,1,7,0,2,2,1,1,
202100039414,131 148,A01,3,7,0,1,4,26,1,
202100039415,131 146,A01,1,7,0,2,1,2,1,
202100039415,131 147,B01,1,7,0,0,4,2,1,
202100039416,131 144,A01,1,7,0,2,1,15,1,
202100039416,131 145,B01,2,34,0,2,1,1,1,
202100039417,131 142,B01,3,34,0,2,8,0,1,
202100039417,131 143,A01,3,7,0,2,7,15,1,
202100039418,131 141,A01,3,7,8,0,1,26,1,
202100039419,131 140,A01,3,7,0,1,3,1,1,
202100039420,131 138,A01,3,7,0,2,1,1,1,
202100039420,131 139,B01,3,7,0,2,7,1,1,
202100039421,131 136,A01,1,7,0,2,1,1,1,
202100039421,131 137,B01,3,50,0,2,1,9,3,
202100039422,131 134,B01,2,7,0,2,1,2,1,
202100039422,131 135,A01,1,10,0,2,4,23,1,
202100039423,131 132,A01,1,7,0,2,2,9,1,
202100039423,131 133,B01,1,33,0,2,4,2,1,
202100039424,131 131,A01,2,10,0,2,2,1,1,
202100039425,131 129,A01,2,32,0,2,1,1,1,
202100039425,131 130,B01,3,7,0,2,8,19,0,
202100039426,131 127,B01,1,2,0,2,0,1,1,
202100039426,131 128,A01,1,7,0,2,3,19,2,
202100039427,131 126,A01,3,10,0,1,5,4,1,
202100039428,131 123,A01,1,99,6,0,1,14,1,
202100039429,131 122,A01,1,7,13,0,2,26,1,
202100039430,131 120,A01,1,7,0,9,1,9,1,
202100039430,131 121,B01,3,50,0,2,7,1,3,
202100039431,131 119,A01,2,7,0,1,4,26,1,
202100039432,131 118,A01,2,34,0,1,3,17,0,
202100039433,131 117,A01,2,7,0,1,1,1,0,
202100039434,131 115,A01,0,7,0,2,1,9,1,
202100039434,131 116,B01,0,7,0,2,7,1,1,
202100039435,131 113,B01,2,7,0,2,1,1,1,
202100039435,131 114,A01,1,7,0,2,2,15,1,
202100039436,131 112,A01,1,7,0,1,2,15,1,
202100039437,131 110,A01,1,33,0,2,2,17,1,
202100039437,131 111,B01,1,7,0,2,6,15,1,
202100039438,131 108,A01,2,7,0,2,3,10,1,
202100039438,131 109,B01,2,2,0,2,1,1,1,
202100039439,131 107,A01,2,7,13,0,1,1,1,
202100039440,131 105,B01,0,1,0,9,4,2,0,
202100039440,131 106,A01,3,7,0,9,1,2,1,
202100039441,131 103,B01,2,7,0,2,1,1,1,
202100039441,131 104,A01,2,10,0,2,8,1,1,
202100039442,131 102,A01,1,7,0,1,1,1,1,
202100039443,131 101,A01,1,10,0,1,2,1,1,
202100039444,131 100,A01,1,7,0,1,1,1,1,
202100039445,131 098,A01,1,30,0,2,1,1,1,
202100039445,131 099,B01,1,7,0,9,2,1,1,
202100039446,131 096,B01,2,7,0,2,3,1,1,
202100039446,131 097,A01,1,7,0,2,3,1,1,
202100039447,131 095,A01,1,33,0,2,5,9,1,
202100039448,131 093,B01,2,1,0,2,3,19,5,
202100039448,131 094,A01,2,7,0,2,2,1,1,
202100039449,131 092,A01,0,7,8,0,1,16,1,
202100039450,131 091,A01,1,1,0,9,1,26,6,
202100039451,131 090,A01,2,0,0,1,1,0,0,
202100039452,131 089,A01,3,37,0,0,0,1,1,3.0
202100039453,131 087,A01,3,7,0,2,3,19,1,
202100039453,131 088,B01,3,7,0,2,2,1,1,
202100039454,131 085,A01,1,7,0,2,6,26,1,
202100039454,131 086,B01,1,34,0,2,1,2,1,
202100039455,131 083,B01,0,2,0,2,1,1,1,
202100039455,131 084,A01,1,13,0,2,1,26,1,
202100039456,131 081,B01,2,13,0,2,4,1,1,
202100039456,131 082,A01,2,1,0,2,1,1,5,
202100039457,131 079,B01,1,1,0,2,1,1,5,
202100039457,131 080,A01,1,7,0,2,3,22,1,
202100039458,131 077,Z01,2,7,0,2,1,16,1,
202100039458,131 078,A01,1,1,0,2,8,5,5,
202100039459,131 075,B01,1,7,0,2,3,1,1,
202100039459,131 076,A01,1,1,0,2,1,19,5,
202100039460,131 073,A01,1,10,0,2,2,21,1,
202100039460,131 074,B01,1,7,0,2,4,1,1,
202100039461,131 071,A01,1,7,2,0,1,14,0,
202100039462,131 069,B01,2,1,0,2,8,0,5,
202100039462,131 070,A01,2,33,0,2,1,2,1,
202100039463,131 067,B01,2,7,0,2,4,0,1,
202100039463,131 068,A01,2,7,0,2,1,2,1,
202100039464,131 065,A01,2,33,14,2,1,1,1,
202100039464,131 066,B01,2,30,0,2,0,23,1,
202100039465,131 064,A01,0,7,0,1,2,1,1,
202100039466,131 063,A01,3,14,0,1,0,26,1,
202100039467,131 061,A01,0,7,0,2,6,20,1,
202100039467,131 062,Z01,0,7,0,2,2,1,1,
202100039468,131 060,A01,3,7,0,1,1,1,1,
202100039469,131 057,C01,2,2,0,2,1,1,1,
202100039469,131 058,B01,1,7,0,2,3,1,1,
202100039469,131 059,A01,2,7,0,0,0,16,1,
202100039470,131 054,B01,2,7,0,2,4,23,2,
202100039470,131 055,A01,2,7,0,2,1,2,1,
202100039470,131 056,C01,2,7,0,2,4,23,1,
202100039471,131 052,B01,1,7,0,2,5,1,1,
202100039471,131 053,A01,1,7,4,2,9,13,1,
202100039472,131 051,A01,1,7,0,1,2,1,3,
202100039473,131 049,A01,1,7,0,2,2,9,1,
202100039473,131 050,B01,1,33,0,2,2,17,1,
202100039474,131 047,A01,1,7,0,2,2,16,1,
202100039474,131 048,B01,1,1,0,2,2,7,5,
202100039475,131 045,A01,2,7,0,2,3,15,2,
202100039475,131 046,B01,2,30,0,2,1,17,1,
202100039476,131 043,A01,1,14,0,2,7,16,1,
202100039476,131 044,B01,1,1,0,2,3,1,5,
202100039477,131 041,B01,2,31,0,2,1,1,1,
202100039477,131 042,A01,2,7,0,2,3,15,1,
202100039478,131 040,A01,3,80,0,0,0,1,3,
202100039479,131 039,A01,1,30,0,0,7,16,3,
202100039480,131 037,A01,2,34,0,2,1,1,1,
202100039480,131 038,B01,2,7,0,2,8,1,1,
202100039481,131 035,A01,2,60,0,2,1,1,5,
202100039481,131 036,B01,2,0,0,0,0,0,1,
202100039482,131 033,A01,2,10,0,2,6,13,1,
202100039482,131 034,B01,2,7,0,2,2,1,1,
202100039483,131 032,Z01,2,7,0,1,4,4,0,
202100039484,131 030,B01,3,50,0,0,1,25,3,
202100039484,131 031,A01,3,7,0,0,2,1,1,
202100039485,131 029,A01,0,7,0,1,3,9,1,
202100039486,131 027,B01,1,7,0,2,4,23,1,
202100039486,131 028,A01,1,7,0,2,1,2,1,
202100039487,131 025,B01,0,7,0,2,6,15,1,
202100039487,131 026,A01,0,30,0,2,1,3,1,
202100039488,131 024,A01,2,7,1,0,1,13,1,
202100039489,131 021,A01,1,10,0,2,1,26,1,
202100039489,131 022,C01,1,7,0,2,0,1,3,
202100039489,131 023,B01,1,7,0,2,9,1,0,
202100039490,131 019,A01,1,30,0,2,0,7,1,
202100039490,131 020,B01,1,7,0,2,2,16,1,
202100039491,131 018,A01,1,7,0,1,2,1,1,
202100039492,131 016,B01,2,2,0,2,1,2,1,
202100039492,131 017,A01,2,7,0,0,6,23,1,
202100039493,131 014,B01,1,7,0,0,1,15,1,
202100039493,131 015,A01,2,7,0,2,1,17,1,
202100039494,131 010,B01,1,32,0,2,1,5,1,
202100039494,131 011,A01,2,7,0,2,1,1,1,
202100039495,131 008,B01,3,1,0,2,2,25,5,
202100039495,131 009,A01,3,7,0,2,3,26,2,
202100039496,131 006,A01,0,7,0,2,3,0,1,
202100039496,131 007,B01,0,38,0,2,3,1,1,2.0
202100039497,131 004,A01,1,7,0,2,3,1,1,
202100039497,131 005,B01,3,7,0,2,2,15,1,
202100039498,131 002,B01,1,7,0,2,2,13,1,
202100039498,131 003,A01,2,7,0,2,1,1,1,
202100039499,130 999,A01,3,7,0,9,1,1,1,
202100039499,131 000,B01,3,1,0,2,8,19,5,
202100039500,130 998,A01,2,33,16,0,0,1,1,
202100039501,130 996,A01,2,7,0,2,3,13,1,
202100039501,130 997,B01,1,38,0,2,3,1,1,1.0
202100039502,130 994,A01,3,1,0,2,3,13,5,
202100039502,130 995,B01,3,7,0,2,8,1,1,
202100039503,130 992,B01,2,7,13,2,1,13,1,
202100039503,130 993,A01,1,7,3,2,1,1,1,
202100039504,130 991,A01,1,7,7,0,1,14,1,
202100039505,130 990,A01,3,7,6,0,8,1,1,
202100039506,130 987,A01,2,7,0,2,1,13,1,
202100039506,130 988,B01,1,7,0,2,8,1,1,
202100039506,130 989,C01,1,10,0,2,8,1,1,
202100039507,130 985,A01,2,7,0,2,1,15,1,
202100039507,130 986,B01,1,7,0,2,1,1,2,
202100039508,130 983,A01,1,1,5,0,2,1,5,
202100039509,130 981,A01,2,7,0,2,2,1,1,
202100039509,130 982,B01,2,1,0,2,4,16,6,
202100039510,130 979,B01,2,14,0,2,1,1,1,
202100039510,130 980,A01,1,7,0,2,6,9,1,
202100039511,130 978,A01,1,7,5,0,1,1,1,
202100039512,130 975,A01,3,7,0,1,1,1,1,
202100039513,130 973,B01,1,32,0,2,1,1,1,
202100039513,130 974,A01,2,7,0,2,2,15,1,
202100039514,130 972,A01,2,7,13,0,0,1,1,
202100039515,130 970,A01,3,10,0,2,8,19,1,
202100039515,130 971,B01,2,10,0,2,1,21,1,
202100039516,130 968,B01,2,15,0,2,1,1,1,
202100039516,130 969,A01,1,7,0,2,1,13,1,
202100039517,130 966,B01,1,13,0,2,3,1,1,
202100039517,130 967,A01,2,7,0,2,1,13,1,
202100039518,130 964,B01,2,7,0,2,8,15,1,
202100039518,130 965,A01,1,38,0,2,3,1,1,1.0
202100039519,130 962,B01,1,10,0,2,3,13,1,
202100039519,130 963,A01,1,33,0,2,7,17,1,
202100039520,130 960,A01,1,7,1,0,1,1,1,
202100039520,130 961,B01,1,10,0,0,4,24,1,
202100039521,130 958,B01,2,7,3,2,1,1,1,
202100039521,130 959,A01,2,7,3,0,1,1,1,
202100039522,130 955,A01,1,7,0,2,3,13,1,
202100039522,130 956,B01,2,7,0,2,8,1,1,
202100039522,130 957,C01,0,7,0,2,3,1,1,
202100039523,130 954,A01,3,7,2,0,1,19,1,
202100039524,130 952,A01,3,34,0,2,1,17,1,
202100039524,130 953,B01,3,10,0,2,1,1,1,
202100039525,130 950,A01,2,7,0,2,3,17,1,
202100039525,130 951,B01,1,7,0,2,3,17,1,
202100039526,130 946,A01,2,7,0,2,1,17,1,
202100039526,130 947,C01,1,7,0,2,1,2,1,
202100039526,130 948,D01,1,7,0,2,1,2,1,
202100039526,130 949,B01,1,7,0,2,2,2,1,
202100039527,130 944,B01,2,33,0,2,3,15,1,
202100039527,130 945,A01,2,7,0,2,2,17,1,
202100039528,130 942,A01,1,7,0,9,3,1,1,
202100039528,130 943,B01,2,1,0,2,7,19,5,
202100039529,130 940,B01,2,7,0,0,2,1,1,
202100039529,130 941,A01,2,7,0,0,0,10,1,
202100039530,130 938,A01,2,7,0,2,3,1,1,
202100039530,130 939,B01,2,10,0,2,2,1,1,
202100039531,130 936,B01,3,7,0,2,1,1,1,
202100039531,130 937,A01,3,7,0,2,1,13,1,
202100039532,130 934,B01,2,1,0,2,1,1,5,
202100039532,130 935,A01,1,7,0,2,5,15,6,
202100039533,130 931,A01,1,7,0,2,4,2,1,
202100039533,130 932,B01,1,7,0,2,4,0,1,
202100039533,130 933,C01,1,7,0,2,1,2,1,
202100039534,130 928,C01,1,7,0,2,8,11,1,
202100039534,130 929,B01,1,7,4,0,7,21,1,
202100039534,130 930,A01,1,14,0,2,2,1,1,
202100039535,130 925,C01,1,7,0,2,2,1,1,
202100039535,130 926,B01,1,15,0,2,8,1,1,
202100039535,130 927,A01,1,31,0,2,3,3,1,
202100039536,130 921,D01,2,7,4,2,1,2,1,
202100039536,130 922,C01,2,10,4,2,4,2,1,
202100039536,130 923,B01,2,10,4,2,4,2,1,
202100039536,130 924,A01,2,10,4,2,4,2,1,
202100039537,130 919,B01,2,7,3,2,4,2,6,
202100039537,130 920,A01,2,7,16,2,4,2,6,
202100039538,130 917,A01,1,7,0,2,1,2,1,
202100039538,130 918,B01,1,10,0,2,4,2,1,
202100039539,130 916,A01,2,14,0,2,1,1,1,
202100039540,130 914,A01,2,33,0,2,3,3,1,
202100039540,130 915,B01,2,7,0,2,7,12,1,
202100039541,130 913,A01,2,7,4,0,2,0,1,
202100039542,130 910,A01,2,3,0,2,4,2,1,
202100039542,130 911,B01,2,7,0,2,3,11,1,
202100039542,130 912,C01,2,7,0,2,3,1,1,
202100039543,130 908,A01,2,10,0,2,1,1,1,
202100039543,130 909,B01,2,7,0,9,4,2,1,
202100039544,130 907,A01,1,10,3,0,1,12,1,
202100039545,130 904,A01,1,7,0,2,8,13,1,
202100039545,130 905,B01,1,7,0,2,0,0,1,
202100039545,130 906,C01,2,7,0,2,0,0,1,
202100039546,130 903,Z01,3,0,0,1,1,15,0,
202100039547,130 902,A01,0,7,0,1,1,15,1,
202100039548,130 901,A01,1,7,0,1,1,1,1,
202100039549,130 899,B01,0,34,0,2,8,1,0,
202100039549,130 900,A01,0,7,0,2,0,0,1,
202100039550,130 898,A01,1,7,0,1,3,1,1,
202100039551,130 893,E01,2,7,0,2,1,2,1,
202100039551,130 894,D01,2,7,0,2,4,2,1,
202100039551,130 895,A01,2,7,0,2,4,2,1,
202100039551,130 896,B01,2,7,0,2,4,1,1,
202100039551,130 897,C01,2,7,1,0,4,1,1,
202100039552,130 891,A01,1,7,0,1,1,1,6,
202100039553,130 890,A01,3,7,0,1,5,1,1,
202100039554,130 888,A01,1,7,0,2,3,9,1,
202100039554,130 889,B01,1,33,0,2,1,3,1,
202100039555,130 887,A01,1,7,0,1,3,16,1,
202100039556,130 885,B01,1,50,0,2,1,25,3,
202100039556,130 886,A01,1,7,0,2,3,26,1,
202100039557,130 882,C01,2,7,0,2,0,0,1,
202100039557,130 883,B01,2,33,0,2,0,0,1,
202100039557,130 884,A01,2,10,0,2,0,0,1,
202100039558,130 880,A01,1,30,1,2,1,13,1,
202100039558,130 881,B01,2,7,1,2,3,1,1,
202100039559,130 878,B01,1,7,0,2,6,11,1,
202100039559,130 879,A01,1,16,0,2,7,12,1,
202100039560,130 877,A01,0,7,13,0,9,1,1,
202100039561,130 875,A01,1,7,0,2,3,9,1,
202100039561,130 876,B01,1,1,0,2,4,1,5,
202100039562,130 870,B01,1,7,0,2,3,1,1,
202100039562,130 871,A01,1,33,0,2,1,5,1,
202100039563,130 868,B01,1,1,0,2,1,1,0,
202100039563,130 869,A01,2,7,0,9,5,16,1,
202100039564,130 867,A01,1,7,0,1,3,15,1,
202100039565,130 865,B01,2,33,0,2,1,1,1,
202100039565,130 866,A01,1,7,0,2,5,15,1,
202100039566,130 864,A01,1,7,0,1,2,1,1,
202100039567,130 862,A01,1,7,0,2,2,15,1,
202100039567,130 863,B01,2,33,0,2,1,1,1,
202100039568,130 860,B01,2,10,0,2,7,17,1,
202100039568,130 861,A01,2,7,0,2,8,17,1,
202100039569,130 858,B01,2,7,0,2,5,15,1,
202100039569,130 859,A01,2,33,0,2,1,17,1,
202100039570,130 856,A01,1,7,0,2,1,15,1,
202100039570,130 857,B01,2,31,0,2,1,1,1,
202100039571,130 853,C01,1,99,0,2,4,1,1,
202100039571,130 854,A01,1,7,0,2,1,9,1,
202100039571,130 855,B01,1,99,0,2,3,1,1,
202100039572,130 851,Z01,2,7,0,2,1,2,1,
202100039572,130 852,B01,2,30,0,2,4,1,1,
202100039573,130 850,A01,1,7,0,1,2,1,0,
202100039574,130 848,A01,1,7,0,2,2,26,1,
202100039574,130 849,B01,1,7,0,2,1,0,1,
202100039575,130 846,A01,3,7,0,2,3,15,1,
202100039575,130 847,B01,1,7,0,2,1,1,1,
202100039576,130 845,A01,3,10,0,1,0,0,0,
202100039577,130 844,A01,1,50,0,0,0,1,3,
202100039578,130 842,A01,3,1,0,2,3,15,5,
202100039578,130 843,B01,3,33,0,2,1,1,1,
202100039579,130 840,B01,1,1,0,2,7,16,5,
202100039579,130 841,A01,0,7,0,2,0,0,-1,
202100039580,130 836,B01,2,7,0,2,4,1,1,
202100039580,130 837,A01,2,10,0,2,1,1,1,
202100039580,130 838,C01,2,10,0,2,0,9,1,
202100039580,130 839,D01,2,7,0,0,0,0,1,
202100039581,130 834,A01,0,7,0,2,3,26,1,
202100039581,130 835,B01,0,1,0,2,1,1,5,
202100039582,130 832,B01,1,33,0,2,1,1,1,
202100039582,130 833,A01,2,7,0,2,5,15,1,
202100039583,130 830,A01,1,7,0,2,1,15,1,
202100039583,130 831,B01,2,7,0,9,8,1,1,
202100039584,130 828,B01,1,7,0,2,7,1,1,
202100039584,130 829,A01,2,7,0,2,1,1,1,
202100039585,130 827,A01,0,50,0,1,1,25,3,
202100039586,130 824,A01,1,7,13,0,1,1,1,
202100039587,130 823,A01,1,7,0,1,3,0,1,
202100039588,130 822,A01,0,34,9,0,9,1,1,
202100039589,130 820,B01,3,33,0,2,1,1,1,
202100039589,130 821,A01,0,7,0,2,8,15,1,
202100039590,130 818,A01,0,7,0,2,3,16,1,
202100039590,130 819,B01,0,7,0,2,1,1,1,
202100039591,130 816,A01,1,34,0,2,1,0,1,
202100039591,130 817,B01,2,37,0,2,8,0,1,1.0
202100039592,130 814,A01,1,7,0,2,1,16,1,
202100039592,130 815,B01,1,32,0,2,8,1,1,
202100039593,130 813,A01,2,0,0,1,1,25,3,
202100039594,130 810,A01,1,7,0,2,1,11,1,
202100039594,130 811,C01,1,7,0,2,8,2,1,
202100039594,130 812,B01,1,7,0,2,4,2,1,
202100039595,130 809,A01,0,7,6,0,3,1,1,
202100039596,130 807,B01,1,7,0,2,4,1,1,
202100039596,130 808,A01,1,7,0,2,1,1,1,
202100039597,130 805,B01,1,7,0,2,5,1,1,
202100039597,130 806,A01,1,7,0,2,3,13,1,
202100039598,130 804,A01,2,33,0,0,7,1,1,
202100039599,130 803,A01,3,30,12,0,1,14,1,
202100039600,130 801,B01,1,7,0,2,1,1,1,
202100039600,130 802,A01,2,7,9,2,7,1,1,
202100039601,130 800,A01,2,80,0,1,1,1,3,
202100039602,130 799,Z01,1,10,0,1,4,4,0,
202100039603,130 797,B01,2,7,0,2,4,23,1,
202100039603,130 798,A01,2,31,0,2,1,2,1,
202100039604,130 796,Z01,1,30,0,1,1,1,0,
202100039605,130 795,A01,2,30,0,1,1,25,3,
202100039606,130 793,B01,1,10,0,2,5,24,1,
202100039606,130 794,A01,1,7,0,2,3,13,1,
202100039607,130 791,A01,2,7,0,2,3,15,1,
202100039607,130 792,B01,2,1,0,2,7,1,5,
202100039608,130 789,B01,2,7,0,2,5,1,1,
202100039608,130 790,A01,1,30,0,2,1,1,1,
202100039609,130 788,A01,1,7,0,1,3,9,2,
202100039610,130 787,A01,1,1,0,1,1,1,5,
202100039611,130 786,Z01,1,1,0,1,1,1,5,
202100039612,130 784,B01,1,32,0,2,2,1,1,
202100039612,130 785,A01,1,50,0,2,4,18,3,
202100039613,130 783,A01,1,30,0,0,3,1,1,
202100039614,130 782,A01,1,32,0,0,0,1,1,
202100039615,130 780,A01,1,7,0,2,1,2,1,
202100039615,130 781,B01,1,7,0,2,4,2,1,
202100039616,130 777,A01,3,7,0,2,1,2,1,
202100039616,130 778,B01,3,7,0,2,1,2,1,
202100039616,130 779,C01,3,10,0,2,4,2,1,
202100039617,130 775,B01,3,3,1,0,1,2,1,
202100039617,130 776,A01,3,3,1,0,3,19,1,
202100039618,130 773,A01,0,7,0,2,2,15,0,
202100039618,130 774,B01,1,2,0,2,2,1,1,
202100039619,130 771,A01,2,1,0,2,1,13,5,
202100039619,130 772,B01,1,7,0,2,1,1,1,
202100039620,130 769,B01,1,30,0,2,4,9,1,
202100039620,130 770,Z01,1,7,0,1,1,1,1,
202100039621,130 768,A01,0,30,14,0,1,18,1,
202100039622,130 766,A01,1,7,0,2,2,15,1,
202100039622,130 767,B01,1,33,0,2,1,19,1,
202100039623,130 764,A01,1,7,0,2,5,15,1,
202100039623,130 765,B01,2,2,0,2,1,1,1,
202100039624,130 762,B01,1,33,0,2,3,1,1,
202100039624,130 763,A01,1,10,0,2,3,11,1,
202100039625,130 761,A01,1,7,0,1,1,0,2,
202100039626,130 759,B01,1,15,0,2,8,1,6,
202100039626,130 760,A01,2,7,0,2,8,13,1,
202100039627,130 757,A01,2,32,0,2,1,2,0,
202100039627,130 758,B01,2,37,0,0,4,2,0,1.0
202100039628,130 755,A01,2,7,0,2,1,5,1,
202100039628,130 756,B01,1,14,0,2,1,1,1,
202100039629,130 754,A01,1,7,0,1,3,1,1,
202100039630,130 753,A01,0,2,0,0,0,1,1,
202100039631,130 752,A01,1,7,13,0,0,1,1,
202100039632,130 751,A01,1,7,4,0,7,1,1,
202100039633,130 749,B01,2,7,0,0,3,9,1,
202100039633,130 750,A01,1,33,0,2,1,1,1,
202100039634,130 748,A01,2,10,2,0,1,16,1,
202100039635,130 744,A01,2,7,0,2,6,15,1,
202100039635,130 745,B01,2,33,0,2,1,2,1,
202100039636,130 742,B01,2,7,0,0,4,2,1,
202100039636,130 743,A01,2,33,0,2,1,2,1,
202100039637,130 740,B01,1,33,0,2,1,1,1,
202100039637,130 741,A01,2,3,0,2,2,15,1,
202100039638,130 738,B01,0,7,0,2,1,2,0,
202100039638,130 739,A01,1,31,0,0,4,1,1,
202100039639,130 736,B01,1,17,0,2,5,2,1,
202100039639,130 737,A01,1,17,0,2,1,2,1,
202100039640,130 735,A01,0,2,2,0,1,0,1,
202100039641,130 734,A01,2,7,16,0,1,1,1,
202100039642,130 732,A01,3,7,8,2,7,19,1,
202100039642,130 733,B01,1,7,0,0,1,1,1,
202100039643,130 730,B01,1,20,0,2,0,1,0,
202100039643,130 731,A01,1,7,0,0,0,0,1,
202100039644,130 726,A01,3,33,0,2,1,1,1,
202100039644,130 727,B01,3,7,0,2,3,1,1,
202100039645,130 725,A01,2,7,16,0,2,1,1,
202100039646,130 723,A01,1,7,13,2,3,14,1,
202100039646,130 724,B01,1,13,0,2,3,1,1,
202100039647,130 722,A01,1,7,0,1,2,1,1,
202100039648,130 721,A01,1,10,0,1,1,1,1,
202100039649,130 720,A01,1,7,0,0,9,1,1,
202100039650,130 718,A01,2,7,6,0,1,1,1,
202100039651,130 716,B01,0,1,0,2,1,1,5,
202100039651,130 717,A01,0,7,0,2,4,4,1,
202100039652,130 715,A01,1,7,6,0,1,1,1,
202100039653,130 714,A01,3,7,0,5,3,1,1,
202100039654,130 712,A01,2,33,0,2,1,2,1,
202100039654,130 713,B01,2,17,0,2,4,1,1,
202100039655,130 710,A01,2,7,0,2,1,0,1,
202100039655,130 711,B01,2,15,0,2,4,1,1,
202100039656,130 709,A01,1,32,12,0,7,1,1,
202100039657,130 708,A01,3,10,0,1,2,14,1,
202100039658,130 706,B01,2,7,0,2,1,2,1,
202100039658,130 707,A01,2,7,0,6,1,1,1,
202100039659,130 704,A01,2,7,0,2,3,13,1,
202100039659,130 705,B01,1,7,0,2,1,1,1,
202100039660,130 701,C01,2,7,0,2,2,1,1,
202100039660,130 702,B01,2,7,13,2,3,1,1,
202100039660,130 703,A01,1,7,0,2,1,13,1,
202100039661,130 699,B01,1,2,0,2,1,1,1,
202100039661,130 700,A01,2,7,0,2,3,19,1,
202100039662,130 698,A01,2,7,6,0,5,1,1,
202100039663,130 696,B01,1,17,0,0,4,2,1,
202100039663,130 697,A01,1,17,0,2,1,2,1,
202100039664,130 689,F01,2,7,0,0,1,1,2,
202100039664,130 690,B01,2,7,0,0,1,1,1,
202100039664,130 691,A01,2,7,0,0,4,1,1,
202100039664,130 692,G01,2,7,0,0,1,1,1,
202100039664,130 693,E01,2,7,0,0,1,1,1,
202100039664,130 694,D01,2,7,0,0,1,1,1,
202100039664,130 695,C01,2,7,0,0,1,1,1,
202100039665,130 686,C01,1,7,0,2,4,2,2,
202100039665,130 687,A01,1,10,0,2,1,2,1,
202100039665,130 688,B01,1,7,0,2,1,2,1,
202100039666,130 683,C01,1,10,0,2,2,1,1,
202100039666,130 684,B01,1,7,0,2,1,1,1,
202100039666,130 685,A01,1,10,0,2,1,5,1,
202100039667,130 679,A01,2,10,0,2,1,2,1,
202100039667,130 680,B01,2,7,0,2,4,2,1,
202100039667,130 681,C01,2,7,0,2,4,2,1,
202100039667,130 682,D01,2,7,0,2,4,2,1,
202100039668,130 678,A01,1,7,4,0,2,0,1,
202100039669,130 674,A01,1,7,0,9,4,23,1,
202100039669,130 675,B01,1,7,1,0,0,23,1,
202100039669,130 676,C01,1,7,0,1,0,0,1,
202100039669,130 677,D01,1,7,0,2,0,0,1,
202100039670,130 673,A01,1,7,3,0,3,13,1,
202100039671,130 672,A01,1,7,4,0,7,1,1,
202100039672,130 671,A01,2,7,4,0,1,1,1,
202100039673,130 669,B01,2,33,0,2,6,2,1,
202100039673,130 670,Z01,2,7,0,2,2,2,0,
202100039674,130 668,A01,1,7,4,0,2,1,1,
202100039675,130 666,A01,2,7,0,2,1,1,1,
202100039675,130 667,B01,2,7,0,2,8,1,1,
202100039676,130 665,A01,1,7,4,0,3,12,1,
202100039677,130 664,A01,2,7,4,0,1,0,1,
202100039678,130 660,A01,1,7,0,2,1,2,1,
202100039678,130 661,B01,1,7,1,0,4,2,2,
202100039678,130 662,C01,1,10,4,0,2,2,1,
202100039678,130 663,D01,1,7,4,0,1,2,1,
202100039679,130 655,A01,2,7,0,2,4,23,1,
202100039679,130 656,B01,2,7,0,2,4,23,2,
202100039679,130 657,C01,2,7,0,2,4,23,1,
202100039679,130 658,D01,2,7,0,2,4,23,1,
202100039679,130 659,E01,2,7,0,2,1,1,1,
202100039680,130 652,A01,1,7,12,2,1,1,1,
202100039680,130 653,B01,2,7,0,2,1,1,1,
202100039680,130 654,C01,2,7,0,2,8,1,1,
202100039681,130 650,A01,1,30,0,2,1,1,1,
202100039681,130 651,B01,2,7,0,2,7,1,1,
202100039682,130 648,B01,1,7,0,2,3,15,1,