Num_Acc,id_vehicule,num_veh,senc,catv,obs,obsm,choc,manv,motor,occutc
202100039682,130 649,A01,1,7,0,2,2,5,1,
202100039683,130 646,B01,2,32,0,2,1,26,1,
202100039683,130 647,A01,2,7,0,2,5,15,1,
202100039684,130 644,B01,3,7,0,2,1,1,1,
202100039684,130 645,A01,3,7,0,2,7,19,1,
202100039685,130 642,B01,1,7,0,2,8,15,1,
202100039685,130 643,A01,1,30,0,2,1,19,1,
202100039686,130 641,A01,1,10,2,0,1,1,1,
202100039687,130 640,A01,1,7,0,1,8,1,1,
202100039688,130 638,B01,3,33,0,0,0,1,1,
202100039688,130 639,A01,3,7,0,0,0,9,0,
202100039689,130 637,A01,1,30,0,0,0,0,1,
202100039690,130 636,A01,3,7,0,1,1,1,1,
202100039691,130 633,A01,1,1,0,2,1,25,5,
202100039691,130 634,C01,1,7,0,2,1,1,1,
202100039691,130 635,B01,1,3,9,9,7,1,1,
202100039692,130 631,A01,1,7,0,9,2,16,1,
202100039692,130 632,B01,1,1,0,2,1,1,5,
202100039693,130 630,A01,3,7,0,1,3,1,1,
202100039694,130 629,A01,3,7,8,0,1,0,1,
202100039695,130 626,A01,1,7,13,0,7,1,1,
202100039696,130 625,A01,2,7,3,0,0,26,1,
202100039697,130 623,A01,1,7,0,9,1,15,0,
202100039697,130 624,B01,2,34,0,2,1,2,0,
202100039698,130 622,A01,3,7,0,1,3,9,1,
202100039699,130 621,A01,2,7,13,0,6,1,1,
202100039700,130 620,A01,1,7,0,1,3,15,1,
202100039701,130 618,A01,1,10,0,2,2,12,1,
202100039701,130 619,B01,1,31,0,2,8,0,1,
202100039702,130 616,A01,1,7,0,2,1,2,1,
202100039702,130 617,B01,1,7,0,2,4,2,1,
202100039703,130 615,A01,1,7,14,0,9,1,1,
202100039704,130 613,B01,1,7,0,2,4,2,1,
202100039704,130 614,A01,1,7,0,2,1,2,2,
202100039705,130 611,A01,1,7,9,2,1,13,2,
202100039705,130 612,B01,1,7,0,2,6,1,1,
202100039706,130 609,B01,1,1,0,2,3,7,5,
202100039706,130 610,A01,1,7,0,2,2,16,1,
202100039707,130 606,A01,2,7,0,2,6,23,1,
202100039707,130 607,B01,2,30,0,2,4,23,1,
202100039707,130 608,C01,2,7,0,2,1,2,1,
202100039708,130 604,A01,1,30,0,2,8,7,1,
202100039708,130 605,B01,1,7,0,2,2,16,1,
202100039709,130 603,Z01,1,7,0,1,2,1,1,
202100039710,130 601,B01,1,30,0,2,1,10,1,
202100039710,130 602,A01,2,32,0,2,3,1,1,
202100039711,130 599,A01,2,30,0,2,1,2,1,
202100039711,130 600,B01,2,33,0,2,4,23,1,
202100039712,130 597,A01,2,30,0,2,3,1,1,
202100039712,130 598,B01,2,7,0,2,8,10,1,
202100039713,130 596,A01,1,1,14,0,7,12,5,
202100039714,130 594,B01,2,10,0,2,1,2,3,
202100039714,130 595,A01,2,7,0,2,4,23,1,
202100039715,130 592,B01,2,50,0,2,8,1,3,
202100039715,130 593,A01,1,7,8,2,2,15,1,
202100039716,130 590,A01,1,30,0,2,1,1,1,
202100039716,130 591,B01,2,7,0,2,7,1,1,
202100039717,130 588,A01,0,30,0,0,3,1,1,
202100039717,130 589,Z01,0,7,0,0,0,1,1,
202100039718,130 586,A01,1,30,0,2,1,2,1,
202100039718,130 587,B01,1,7,0,2,4,23,1,
202100039719,130 584,A01,1,1,0,2,1,9,5,
202100039719,130 585,B01,2,7,0,2,1,1,1,
202100039720,130 581,C01,2,7,0,2,4,2,1,
202100039720,130 582,B01,2,7,0,2,4,2,1,
202100039720,130 583,A01,2,7,0,2,1,2,1,
202100039721,130 580,A01,1,50,0,0,1,1,3,
202100039722,130 579,A01,0,30,0,0,0,1,3,
202100039723,130 577,B01,3,2,0,2,1,16,1,
202100039723,130 578,A01,2,7,0,2,2,1,1,
202100039724,130 576,A01,2,7,1,2,4,20,1,
202100039725,130 572,D01,2,7,0,2,2,1,1,
202100039725,130 573,C01,2,7,0,2,3,1,1,
202100039725,130 574,B01,2,7,0,2,1,1,1,
202100039725,130 575,A01,2,7,11,2,9,6,1,
202100039726,130 570,A01,2,7,0,2,1,1,1,
202100039726,130 571,B01,1,7,0,2,3,16,1,
202100039727,130 568,B01,-1,60,0,2,0,19,5,
202100039727,130 569,A01,-1,7,0,9,0,1,0,
202100039728,130 566,B01,2,7,0,9,3,1,1,
202100039728,130 567,A01,2,1,0,2,1,1,5,
202100039729,130 564,A01,0,32,0,2,8,1,1,
202100039729,130 565,B01,1,7,0,0,0,0,1,
202100039730,130 563,A01,1,7,0,1,3,9,1,
202100039731,130 561,B01,1,33,0,2,7,1,1,
202100039731,130 562,A01,1,7,0,0,0,9,1,
202100039732,130 559,A01,1,1,0,2,1,5,5,
202100039732,130 560,B01,1,7,0,2,8,1,1,
202100039733,130 558,A01,1,30,0,0,0,1,1,
202100039734,130 557,A01,2,7,15,0,1,1,1,
202100039735,130 555,A01,2,7,8,2,2,17,1,
202100039735,130 556,B01,1,7,0,2,3,1,2,
202100039736,130 554,A01,1,7,0,1,2,1,1,
202100039737,130 552,A01,1,2,0,2,1,0,1,
202100039737,130 553,B01,1,7,0,0,8,0,1,
202100039738,130 550,B01,1,17,0,0,6,1,1,
202100039738,130 551,A01,1,7,0,2,2,12,1,
202100039739,130 549,A01,1,1,0,0,0,2,5,
202100039740,130 548,A01,3,10,6,0,3,1,1,
202100039741,130 546,A01,2,7,0,2,2,12,1,
202100039741,130 547,B01,2,7,0,0,3,1,1,
202100039742,130 544,B01,3,1,13,2,1,19,5,
202100039742,130 545,A01,3,7,0,9,2,26,1,
202100039743,130 543,A01,3,7,0,1,2,0,1,
202100039744,130 542,A01,2,7,16,6,0,21,1,
202100039745,130 539,C01,2,7,0,2,1,2,1,
202100039745,130 540,B01,2,7,0,2,4,1,1,
202100039745,130 541,A01,2,7,0,2,4,1,1,
202100039746,130 537,A01,2,7,0,2,3,0,1,
202100039746,130 538,B01,3,3,0,2,1,9,1,
202100039747,130 536,A01,1,7,13,0,1,1,1,
202100039748,130 533,B01,1,7,0,2,1,1,1,
202100039748,130 534,A01,2,7,0,2,8,13,1,
202100039749,130 532,A01,1,7,2,0,1,1,1,
202100039750,130 529,A01,2,7,0,2,3,11,1,
202100039750,130 530,B01,1,13,0,2,8,12,1,
202100039750,130 531,C01,1,7,0,2,1,0,1,
202100039751,130 527,A01,1,7,0,2,7,13,1,
202100039751,130 528,B01,2,7,0,2,1,1,1,
202100039752,130 526,A01,2,7,0,0,9,1,1,
202100039753,130 524,A01,1,7,0,2,3,13,1,
202100039753,130 525,B01,2,7,0,2,8,1,1,
202100039754,130 523,A01,0,36,0,0,1,26,1,
202100039755,130 522,A01,1,7,8,0,1,13,1,
202100039756,130 521,A01,2,36,0,0,0,1,1,
202100039757,130 519,B01,2,7,0,2,3,2,1,
202100039757,130 520,A01,1,1,0,2,2,17,5,
202100039758,130 518,A01,1,7,2,0,1,1,1,
202100039759,130 514,D01,2,14,0,2,1,2,1,
202100039759,130 515,C01,2,15,0,2,4,23,1,
202100039759,130 516,B01,2,7,0,2,4,23,1,
202100039759,130 517,A01,2,15,0,0,4,23,1,
202100039760,130 513,A01,2,7,0,1,2,1,1,
202100039761,130 511,B01,1,34,0,2,1,17,1,
202100039761,130 512,A01,0,7,0,2,3,9,1,
202100039762,130 509,A01,2,7,0,2,3,1,1,
202100039762,130 510,B01,2,1,0,2,9,5,5,
202100039763,130 508,A01,1,7,0,1,1,1,1,
202100039764,130 507,A01,3,34,6,0,1,1,1,
202100039765,130 506,A01,3,32,0,0,1,1,1,
202100039766,130 504,B01,2,1,0,2,3,13,5,
202100039766,130 505,A01,2,38,0,9,5,2,1,1.0
202100039767,130 502,B01,2,7,0,0,1,1,1,
202100039767,130 503,A01,1,7,0,2,1,13,1,
202100039768,130 500,B01,1,7,0,0,6,23,2,
202100039768,130 501,A01,1,1,1,0,1,1,5,
202100039769,130 499,A01,1,7,0,1,2,1,1,
202100039770,130 497,A01,2,33,0,2,1,13,1,
202100039770,130 498,B01,1,33,0,2,1,1,1,
202100039771,130 496,A01,1,7,9,0,1,0,1,
202100039772,130 495,A01,1,7,2,0,1,16,1,
202100039773,130 493,A01,1,33,0,2,1,2,1,
202100039773,130 494,B01,1,7,0,0,4,2,1,
202100039774,130 491,B01,3,1,0,0,0,2,5,
202100039774,130 492,A01,3,37,0,0,0,2,1,1.0
202100039775,130 490,A01,2,7,2,0,1,1,1,
202100039776,130 488,A01,3,7,13,2,3,1,1,
202100039776,130 489,B01,3,2,0,2,1,1,1,
202100039777,130 487,A01,0,33,12,0,0,26,1,
202100039778,130 486,A01,0,7,0,1,1,17,1,
202100039779,130 485,A01,2,7,13,0,3,1,1,
202100039780,130 482,A01,2,7,0,2,4,2,1,
202100039780,130 483,B01,2,7,0,2,4,2,3,
202100039780,130 484,C01,2,7,0,2,1,2,1,
202100039781,130 480,A01,1,7,0,2,2,2,1,
202100039781,130 481,B01,1,7,0,2,5,2,1,
202100039782,130 478,B01,2,33,0,2,7,1,1,
202100039782,130 479,A01,2,15,0,2,8,13,1,
202100039783,130 473,C01,1,7,0,2,0,2,1,
202100039783,130 474,D01,1,7,0,2,4,2,1,
202100039783,130 475,E01,1,7,0,2,4,2,1,
202100039783,130 476,B01,1,7,0,2,4,2,1,
202100039783,130 477,A01,1,7,0,2,1,1,1,
202100039784,130 471,A01,1,7,0,2,1,2,1,
202100039784,130 472,B01,1,7,0,2,4,2,1,
202100039785,130 470,A01,1,7,4,0,1,1,1,
202100039786,130 467,A01,2,10,0,2,3,1,1,
202100039786,130 468,B01,2,7,0,2,2,23,1,
202100039786,130 469,C01,2,7,0,2,4,23,1,
202100039787,130 466,A01,2,7,4,0,5,1,1,
202100039788,130 464,B01,2,10,3,2,8,12,1,
202100039788,130 465,A01,2,10,4,2,6,17,1,
202100039789,130 463,A01,1,7,3,0,2,26,1,
202100039790,130 461,A01,2,33,0,2,1,2,1,
202100039790,130 462,B01,2,7,0,2,4,2,1,
202100039791,130 459,A01,1,7,1,0,2,26,1,
202100039791,130 460,B01,1,7,0,2,6,24,1,
202100039792,130 456,C01,1,7,0,2,4,1,1,
202100039792,130 457,B01,1,7,0,2,4,1,1,
202100039792,130 458,A01,1,7,0,2,1,1,1,
202100039793,130 454,B01,1,7,0,0,4,6,1,
202100039793,130 455,A01,1,33,0,2,1,1,1,
202100039794,130 451,C01,2,7,0,2,1,2,1,
202100039794,130 452,B01,2,7,0,2,9,2,2,
202100039794,130 453,A01,2,7,0,2,4,2,1,
202100039795,130 449,A01,1,7,0,2,7,17,1,
202100039795,130 450,B01,1,7,0,2,1,1,1,
202100039796,130 444,A01,2,7,0,2,1,1,1,
202100039796,130 445,B01,2,7,0,2,4,1,1,
202100039796,130 446,C01,2,7,0,2,4,1,1,
202100039796,130 447,D01,2,7,0,2,4,0,1,
202100039796,130 448,E01,2,7,0,2,4,0,1,
202100039797,130 443,A01,1,7,13,0,1,14,1,
202100039798,130 442,A01,1,7,0,1,2,1,1,
202100039799,130 441,A01,1,7,0,0,0,1,1,
202100039800,130 439,B01,1,7,0,2,3,1,1,
202100039800,130 440,A01,1,7,0,2,1,1,1,
202100039801,130 437,B01,1,7,0,2,3,1,1,
202100039801,130 438,A01,1,7,0,2,2,1,1,
202100039802,130 435,B01,1,7,0,2,4,2,1,
202100039802,130 436,A01,1,7,0,2,1,2,1,
202100039803,130 433,A01,2,7,0,2,1,17,1,
202100039803,130 434,B01,1,7,0,2,3,2,1,
202100039804,130 431,A01,2,1,0,2,7,1,5,
202100039804,130 432,B01,2,7,0,2,3,1,1,
202100039805,130 429,A01,3,7,0,2,1,15,1,
202100039805,130 430,B01,3,2,0,2,1,1,1,
202100039806,130 427,A01,1,7,0,2,6,17,1,
202100039806,130 428,B01,1,7,0,2,2,1,3,
202100039807,130 425,A01,3,7,0,9,2,1,1,
202100039807,130 426,Y01,3,1,0,2,1,1,0,
202100039808,130 424,A01,1,99,8,0,2,13,1,
202100039809,130 422,B01,3,32,0,2,1,17,1,
202100039809,130 423,A01,3,7,0,2,8,15,1,
202100039810,130 421,A01,3,7,17,0,0,1,-1,
202100039811,130 419,B01,1,2,0,2,4,23,1,
202100039811,130 420,A01,1,7,0,2,0,0,0,
202100039812,130 415,A01,2,10,0,9,7,16,1,
202100039812,130 416,B01,2,1,0,2,0,0,5,
202100039813,130 413,A01,2,7,0,2,1,1,1,
202100039813,130 414,B01,1,50,0,2,0,5,3,
202100039814,130 411,B01,1,7,0,2,6,2,1,
202100039814,130 412,A01,1,7,1,2,2,2,1,
202100039815,130 409,A01,1,7,0,2,1,1,1,
202100039815,130 410,B01,2,2,0,2,8,7,1,
202100039816,130 407,A01,2,2,0,9,1,1,1,
202100039816,130 408,B01,2,1,0,2,3,19,0,
202100039817,130 406,A01,0,7,2,0,2,1,1,
202100039818,130 404,A01,0,7,0,2,1,1,1,
202100039818,130 405,B01,0,7,0,2,5,1,1,
202100039819,130 402,A01,1,7,0,2,3,15,1,
202100039819,130 403,B01,0,1,0,0,0,0,5,
202100039820,130 401,A01,1,7,0,1,1,26,1,
202100039821,130 400,A01,1,7,8,0,7,1,1,
202100039822,130 398,B01,1,7,0,2,8,1,1,
202100039822,130 399,A01,1,50,0,2,0,13,3,
202100039823,130 396,A01,0,30,0,2,7,9,1,
202100039823,130 397,B01,0,30,0,0,0,1,1,
202100039824,130 394,A01,0,7,0,2,3,15,1,
202100039824,130 395,B01,0,7,0,2,3,15,1,
202100039825,130 392,B01,2,7,0,2,1,2,1,
202100039825,130 393,A01,1,7,0,2,7,13,1,
202100039826,130 389,B01,2,7,0,2,2,15,1,
202100039826,130 390,A01,2,7,0,2,1,1,1,
202100039826,130 391,C01,1,7,0,2,3,1,1,
202100039827,130 388,A01,1,7,13,0,1,26,1,
202100039828,130 386,A01,1,7,0,2,1,1,1,
202100039828,130 387,B01,2,7,0,2,1,15,1,
202100039829,130 385,A01,1,3,0,0,0,9,0,
202100039830,130 383,B01,3,7,0,2,5,1,1,
202100039830,130 384,A01,3,10,0,2,1,1,0,
202100039831,130 382,A01,1,7,0,0,1,0,1,
202100039832,130 380,B01,1,33,0,2,7,1,1,
202100039832,130 381,A01,3,7,0,2,8,20,1,
202100039833,130 379,A01,1,7,0,1,1,15,1,
202100039834,130 378,A01,3,7,3,0,3,26,1,
202100039835,130 377,A01,1,7,0,1,1,1,1,
202100039836,130 375,B01,3,10,0,2,1,1,1,
202100039836,130 376,A01,3,10,0,2,7,1,1,
202100039837,130 372,A01,1,7,0,2,9,1,1,
202100039837,130 373,B01,2,7,0,2,1,1,1,
202100039837,130 374,C01,2,7,0,2,4,23,1,
202100039838,130 370,B01,0,10,0,2,3,1,1,
202100039838,130 371,A01,1,43,0,2,3,1,1,
202100039839,130 369,A01,1,30,0,0,7,21,1,
202100039840,130 367,A01,2,7,0,2,2,1,1,
202100039840,130 368,B01,1,33,0,2,1,1,1,
202100039841,130 366,A01,2,7,1,0,2,14,1,
202100039842,130 363,A01,1,10,0,2,1,1,1,
202100039842,130 364,B01,1,7,0,2,4,1,1,
202100039842,130 365,C01,1,7,0,2,4,1,3,
202100039843,130 361,A01,2,30,0,2,1,17,1,
202100039843,130 362,B01,2,7,0,2,8,15,1,
202100039844,130 359,A01,1,7,0,2,3,1,1,
202100039844,130 360,B01,2,7,0,2,6,1,1,
202100039845,130 358,A01,0,50,0,0,0,19,3,
202100039846,130 356,A01,0,7,0,2,7,19,1,
202100039846,130 357,B01,3,37,0,2,1,1,1,1.0
202100039847,130 354,A01,1,31,0,2,8,1,1,
202100039847,130 355,B01,2,7,0,2,4,10,1,
202100039848,130 352,A01,2,1,0,2,1,1,5,
202100039848,130 353,B01,3,7,0,2,3,1,1,
202100039849,130 351,A01,2,7,9,0,1,15,1,
202100039850,130 349,A01,1,1,0,2,1,26,0,
202100039850,130 350,B01,1,7,0,9,3,15,1,
202100039851,130 347,B01,0,7,0,2,1,1,1,
202100039851,130 348,A01,0,7,0,2,7,15,1,
202100039852,130 345,B01,3,7,0,2,3,2,1,
202100039852,130 346,A01,3,10,3,2,5,1,1,
202100039853,130 344,A01,3,7,1,1,1,18,1,
202100039854,130 342,B01,1,7,0,2,4,1,1,
202100039854,130 343,A01,1,7,0,2,1,11,1,
202100039855,130 340,A01,1,7,0,2,6,24,1,
202100039855,130 341,B01,1,1,1,0,6,1,5,
202100039856,130 338,A01,2,7,0,2,3,13,1,
202100039856,130 339,B01,1,38,0,2,3,1,1,3.0
202100039857,130 337,A01,1,7,13,0,1,13,1,
202100039858,130 336,A01,3,50,0,0,0,1,3,
202100039859,130 335,A01,1,7,13,0,2,1,1,
202100039860,130 334,A01,2,33,0,0,0,1,1,
202100039861,130 332,A01,2,7,9,2,3,6,1,
202100039861,130 333,B01,1,7,12,2,3,1,1,
202100039862,130 330,A01,1,36,13,0,0,2,1,
202100039862,130 331,B01,1,36,0,0,0,2,1,
202100039863,130 329,A01,3,7,2,0,2,1,1,
202100039864,130 328,A01,1,10,6,0,1,1,1,
202100039865,130 326,A01,0,7,0,2,3,15,1,
202100039865,130 327,B01,2,33,0,2,1,1,1,
202100039866,130 325,A01,1,7,2,0,7,1,1,
202100039867,130 322,C01,2,7,0,2,4,1,1,
202100039867,130 323,B01,2,7,0,2,2,17,1,
202100039867,130 324,A01,2,33,0,2,1,11,1,
202100039868,130 320,B01,1,7,0,2,3,1,1,
202100039868,130 321,A01,2,7,0,2,8,1,1,
202100039869,130 319,A01,2,7,2,0,1,1,1,
202100039870,130 318,A01,1,7,2,0,2,1,1,
202100039871,130 317,A01,2,7,6,0,1,0,1,
202100039872,130 316,A01,1,33,0,0,7,1,1,
202100039873,130 315,A01,1,1,0,0,0,0,5,
202100039874,130 314,A01,0,2,1,0,1,26,1,
202100039875,130 313,A01,3,31,14,0,0,0,1,
202100039876,130 311,A01,1,2,0,2,7,14,1,
202100039876,130 312,B01,3,7,0,2,3,23,1,
202100039877,130 310,A01,2,7,2,0,1,1,0,
202100039878,130 308,A01,3,7,0,2,2,1,1,
202100039878,130 309,B01,3,33,0,2,1,19,1,
202100039879,130 305,A01,1,7,0,2,2,1,1,
202100039879,130 306,B01,1,7,0,0,3,1,1,
202100039880,130 304,A01,2,33,3,0,1,0,1,
202100039881,130 302,A01,1,7,0,2,3,1,1,
202100039881,130 303,B01,1,2,0,2,1,19,1,
202100039882,130 299,A01,2,7,0,2,2,12,1,
202100039882,130 300,B01,2,33,0,2,3,3,1,
202100039883,130 297,B01,2,7,0,0,2,0,1,
202100039883,130 298,A01,1,7,0,0,1,1,1,
202100039884,130 296,A01,1,33,8,0,7,1,1,
202100039885,130 294,A01,2,13,0,2,1,1,1,
202100039885,130 295,B01,1,7,0,2,1,1,1,
202100039886,130 293,A01,1,7,13,0,0,1,1,
202100039887,130 292,A01,2,7,15,0,4,19,1,
202100039888,130 290,A01,2,1,0,2,2,15,5,
202100039888,130 291,B01,1,7,0,9,2,1,1,
202100039889,130 289,A01,3,7,2,0,1,1,1,
202100039890,130 287,A01,1,7,0,2,1,5,1,
202100039890,130 288,B01,1,33,0,2,1,2,1,
202100039891,130 286,A01,2,7,13,0,3,14,1,
202100039892,130 284,B01,0,7,15,2,1,1,1,
202100039892,130 285,A01,3,10,15,2,2,1,1,
202100039893,130 283,A01,1,10,10,0,2,1,1,
202100039894,130 280,A01,1,7,15,0,2,1,1,
202100039895,130 277,B01,2,7,0,2,1,2,1,
202100039895,130 278,A01,2,7,0,2,4,1,1,
202100039896,130 275,A01,1,7,0,2,2,14,1,
202100039896,130 276,B01,1,7,4,0,0,0,1,
202100039897,130 274,A01,1,7,4,0,1,1,1,
202100039898,130 272,A01,2,7,0,2,1,2,1,
202100039898,130 273,B01,2,7,0,2,4,2,1,
202100039899,130 271,A01,1,7,4,0,2,1,1,
202100039900,130 270,A01,1,7,3,0,1,1,1,
202100039901,130 269,A01,1,7,4,0,1,9,1,
202100039902,130 267,B01,2,7,0,2,4,1,1,
202100039902,130 268,A01,2,7,0,2,1,1,1,
202100039903,130 265,B01,2,17,0,2,4,26,1,
202100039903,130 266,A01,2,10,0,2,1,26,1,
202100039904,130 263,B01,1,7,0,2,2,16,1,
202100039904,130 264,A01,1,32,0,2,1,7,1,
202100039905,130 261,B01,1,7,15,2,1,1,1,
202100039905,130 262,A01,2,7,9,2,1,15,1,
202100039906,130 257,B01,2,10,0,2,4,23,1,
202100039906,130 258,A01,2,10,0,2,1,1,1,
202100039906,130 259,D01,2,10,0,2,4,23,1,
202100039906,130 260,C01,2,7,0,2,4,23,1,
202100039907,130 256,A01,1,7,0,1,2,1,1,
202100039908,130 254,B01,3,7,0,2,4,1,1,
202100039908,130 255,A01,2,2,0,2,1,1,1,
202100039909,130 252,A01,2,7,0,2,1,2,1,
202100039909,130 253,B01,2,7,0,2,4,2,1,
202100039910,130 250,B01,1,33,0,2,2,0,1,
202100039910,130 251,A01,1,7,0,2,2,15,1,
202100039911,130 248,B01,1,7,0,2,3,2,1,
202100039911,130 249,A01,2,7,0,2,3,15,1,
202100039912,130 246,A01,3,7,0,9,1,1,0,
202100039912,130 247,B01,1,50,0,2,6,25,3,
202100039913,130 245,A01,0,7,0,1,1,1,1,
202100039914,130 242,C01,1,7,0,2,4,2,1,
202100039914,130 243,B01,1,7,0,2,4,2,1,
202100039914,130 244,A01,1,7,0,2,1,2,1,
202100039915,130 240,B01,1,7,0,2,6,1,1,
202100039915,130 241,A01,1,7,0,2,2,9,1,
202100039916,130 238,B01,2,7,1,0,4,23,1,
202100039916,130 239,A01,2,14,1,0,1,23,1,
202100039917,130 237,A01,3,7,0,1,5,23,1,
202100039918,130 235,A01,2,7,0,2,8,1,1,
202100039918,130 236,B01,1,7,0,2,1,1,1,
202100039919,130 233,A01,1,2,0,2,1,16,1,
202100039919,130 234,B01,2,7,0,2,0,5,1,
202100039920,130 232,A01,1,7,0,1,2,16,1,
202100039921,130 230,B01,2,7,0,2,2,1,1,
202100039921,130 231,A01,2,7,11,2,1,6,1,
202100039922,130 227,A01,0,7,0,1,0,19,0,
202100039923,130 225,B01,1,1,0,2,4,1,5,
202100039923,130 226,A01,1,7,0,2,1,9,1,
202100039924,130 223,A01,2,7,0,2,1,9,1,
202100039924,130 224,B01,2,7,0,2,5,1,1,
202100039925,130 220,A01,2,7,0,2,1,0,1,
202100039925,130 221,C01,2,7,0,2,4,23,1,
202100039925,130 222,B01,2,7,0,2,9,0,1,
202100039926,130 218,B01,2,7,0,2,2,1,1,
202100039926,130 219,A01,1,1,0,2,0,19,5,
202100039927,130 216,A01,3,7,0,2,1,15,1,
202100039927,130 217,B01,3,7,0,2,3,2,1,
202100039928,130 214,A01,2,7,0,2,1,1,1,
202100039928,130 215,B01,2,10,0,2,6,23,1,
202100039929,130 213,A01,3,30,0,0,3,1,1,
202100039930,130 211,A01,1,7,0,0,-1,1,1,
202100039930,130 212,B01,2,7,0,9,1,1,1,
202100039931,130 209,B01,0,40,0,0,7,24,3,
202100039931,130 210,A01,2,1,0,4,0,2,5,
202100039932,130 207,B01,1,33,0,2,9,2,1,
202100039932,130 208,A01,1,7,0,2,1,15,1,
202100039933,130 205,A01,2,7,0,2,1,9,1,
202100039933,130 206,B01,1,1,0,2,7,1,5,
202100039934,130 204,A01,1,7,0,1,2,15,1,
202100039935,130 203,A01,1,7,15,0,1,0,1,
202100039936,130 201,B01,2,10,0,2,8,19,1,
202100039936,130 202,A01,2,7,0,2,1,19,1,
202100039937,130 200,A01,0,7,6,0,1,16,1,
202100039938,130 199,A01,1,7,0,1,1,19,1,
202100039939,130 197,A01,2,7,0,2,1,9,1,
202100039939,130 198,B01,2,7,0,2,3,1,1,
202100039940,130 195,A01,1,1,1,0,1,17,5,
202100039940,130 196,B01,1,7,1,0,3,22,1,
202100039941,130 194,A01,3,7,0,1,2,26,1,
202100039942,130 192,A01,1,7,0,2,3,9,1,
202100039942,130 193,B01,2,2,0,2,7,1,1,
202100039943,130 190,B01,1,7,0,2,3,1,1,
202100039943,130 191,A01,1,1,0,2,1,1,5,
202100039944,130 188,B01,2,7,0,2,8,1,1,
202100039944,130 189,A01,2,7,0,2,3,1,1,
202100039945,130 187,A01,2,7,0,1,2,1,1,
202100039946,130 184,C01,2,7,0,2,3,1,1,
202100039946,130 185,B01,1,7,0,2,5,2,1,
202100039946,130 186,A01,1,7,0,2,3,2,2,
202100039947,130 182,B01,0,37,0,2,0,1,1,1.0
202100039947,130 183,A01,0,30,0,2,0,0,1,
202100039948,130 180,B01,2,1,0,2,1,1,5,
202100039948,130 181,A01,2,7,0,2,6,9,1,
202100039949,130 178,A01,1,7,0,2,2,1,1,
202100039949,130 179,B01,1,31,0,2,3,1,1,
202100039950,130 177,A01,1,7,6,2,1,14,1,
202100039951,130 175,B01,2,7,0,2,1,1,1,
202100039951,130 176,A01,1,7,0,2,1,1,1,
202100039952,130 173,Z01,3,7,0,2,1,2,1,
202100039952,130 174,B01,1,7,0,2,4,1,1,
202100039953,130 172,A01,1,33,0,1,1,0,1,
202100039954,130 170,B01,1,33,0,2,1,17,1,
202100039954,130 171,A01,3,7,0,2,6,13,1,
202100039955,130 169,A01,2,7,2,0,2,14,1,
202100039956,130 168,A01,3,30,6,0,1,15,1,
202100039957,130 166,B01,2,7,0,2,1,1,1,
202100039957,130 167,A01,1,7,0,2,1,15,1,
202100039958,130 164,B01,2,33,0,2,1,17,1,
202100039958,130 165,A01,2,7,0,2,8,10,1,
202100039959,130 163,A01,1,1,4,0,1,1,5,
202100039960,130 161,A01,1,43,0,2,2,1,1,
202100039960,130 162,B01,1,7,0,2,8,22,2,
202100039961,130 159,A01,1,7,0,2,5,12,1,
202100039961,130 160,B01,1,32,0,2,1,3,1,
202100039962,130 158,A01,3,32,14,0,1,15,1,
202100039963,130 156,A01,1,7,0,2,6,19,1,
202100039963,130 157,B01,2,2,0,2,1,1,1,
202100039964,130 154,B01,1,7,0,2,3,16,1,
202100039964,130 155,A01,3,7,0,2,2,1,1,
202100039965,130 152,B01,1,7,0,2,8,1,1,
202100039965,130 153,A01,2,14,0,2,3,1,1,
202100039966,130 150,B01,1,33,0,2,4,2,1,
202100039966,130 151,A01,1,7,0,2,1,1,1,
202100039967,130 148,B01,1,10,0,2,4,23,1,
202100039967,130 149,A01,1,7,0,2,1,2,1,
202100039968,130 147,A01,2,33,0,0,0,26,1,
202100039969,130 145,B01,1,32,0,2,2,5,1,
202100039969,130 146,A01,1,7,0,2,3,15,1,
202100039970,130 143,A01,3,30,0,2,0,0,1,
202100039970,130 144,B01,1,7,0,0,0,0,1,
202100039971,130 142,A01,3,7,0,1,2,1,1,
202100039972,130 140,B01,2,7,0,2,3,15,1,
202100039972,130 141,A01,2,33,0,2,2,1,1,
202100039973,130 139,A01,1,7,1,0,3,5,0,
202100039974,130 137,A01,1,37,0,2,6,1,1,1.0
202100039974,130 138,B01,2,30,0,2,1,1,1,
202100039975,130 136,A01,2,10,0,1,1,7,1,
202100039976,130 135,A01,1,2,0,0,8,1,1,
202100039977,130 134,A01,1,30,14,0,1,19,1,
202100039978,130 133,A01,2,15,0,0,2,0,1,
202100039979,130 131,A01,1,7,3,2,5,5,1,
202100039979,130 132,B01,2,7,0,2,2,1,1,
202100039980,130 129,B01,2,7,0,0,4,2,1,
202100039980,130 130,A01,2,17,0,2,1,2,1,
202100039981,130 127,A01,1,33,0,2,1,2,1,
202100039981,130 128,B01,1,33,0,0,4,2,1,
202100039982,130 125,A01,1,7,2,0,3,13,1,
202100039982,130 126,B01,2,2,0,2,1,1,1,
202100039983,130 124,A01,1,7,15,9,1,16,1,
202100039984,130 123,A01,1,33,12,0,1,1,1,
202100039985,130 121,B01,2,3,0,2,3,15,1,
202100039985,130 122,A01,2,33,0,2,2,17,1,