Num_Acc,id_vehicule,num_veh,senc,catv,obs,obsm,choc,manv,motor,occutc
202100040594,129 055,A01,1,7,0,2,2,26,1,
202100040594,129 056,B01,1,34,1,2,1,0,1,
202100040595,129 053,A01,1,33,0,2,0,15,1,
202100040595,129 054,B01,1,33,0,1,0,1,1,
202100040596,129 052,A01,1,33,0,0,0,1,1,
202100040597,129 050,B01,2,7,0,0,4,23,1,
202100040597,129 051,A01,2,31,0,2,1,1,1,
202100040598,129 048,A01,1,7,0,2,1,26,1,
202100040598,129 049,B01,1,7,0,1,4,26,1,
202100040599,129 046,A01,3,1,0,2,1,25,5,
202100040599,129 047,B01,3,7,0,2,2,26,1,
202100040600,129 042,A01,3,7,0,2,1,15,1,
202100040600,129 043,B01,3,7,0,2,2,1,1,
202100040601,129 040,A01,1,7,0,2,8,10,1,
202100040601,129 041,B01,1,32,0,2,1,1,1,
202100040602,129 038,B01,0,7,0,2,1,19,1,
202100040602,129 039,A01,0,60,0,2,0,1,5,
202100040603,129 036,B01,2,7,0,0,5,0,1,
202100040603,129 037,A01,2,33,0,2,5,26,1,
202100040604,129 034,B01,2,99,0,2,1,1,6,
202100040604,129 035,A01,1,7,0,2,1,5,1,
202100040605,129 032,A01,2,7,0,2,0,1,1,
202100040605,129 033,B01,2,32,0,2,0,2,1,
202100040606,129 031,A01,1,7,0,9,2,0,0,
202100040607,129 029,B01,2,7,0,2,2,1,1,
202100040607,129 030,A01,2,7,0,2,1,0,1,
202100040608,129 027,B01,1,2,0,2,1,0,1,
202100040608,129 028,A01,1,7,0,2,5,26,1,
202100040609,129 026,A01,3,36,0,0,0,14,1,
202100040610,129 025,A01,2,80,0,0,0,2,3,
202100040611,129 024,A01,3,50,0,0,0,1,3,
202100040612,129 023,A01,2,7,0,0,9,2,1,
202100040613,129 022,A01,2,7,13,0,7,14,1,
202100040614,129 018,A01,1,7,0,2,1,1,1,
202100040614,129 019,B01,1,7,0,2,8,1,2,
202100040615,129 017,A01,1,7,12,0,2,14,1,
202100040616,129 014,A01,1,7,0,2,1,13,1,
202100040616,129 015,C01,2,7,0,2,1,1,1,
202100040616,129 016,B01,1,7,0,2,3,1,1,
202100040617,129 011,C01,1,33,0,2,1,2,1,
202100040617,129 012,B01,1,7,0,2,9,2,1,
202100040617,129 013,A01,1,7,0,2,4,26,2,
202100040618,129 009,B01,1,2,0,2,1,26,1,
202100040618,129 010,A01,2,7,0,2,3,15,1,
202100040619,129 007,B01,2,10,0,2,2,19,1,
202100040619,129 008,A01,2,7,0,2,7,1,1,
202100040620,129 005,A01,1,10,0,2,1,15,1,
202100040620,129 006,B01,1,7,0,2,1,1,1,
202100040621,129 004,A01,2,7,0,1,3,1,1,
202100040622,129 002,A01,3,7,0,2,1,15,1,
202100040622,129 003,B01,3,31,0,2,6,15,1,
202100040623,129 000,Z01,2,7,0,2,8,22,0,
202100040623,129 001,A01,2,31,0,2,5,3,1,
202100040624,128 998,B01,1,7,0,2,4,2,1,
202100040624,128 999,A01,1,32,0,2,1,2,1,
202100040625,128 996,B01,2,50,0,2,1,1,3,
202100040625,128 997,A01,0,7,0,2,1,15,1,
202100040626,128 994,A01,1,7,0,2,5,15,1,
202100040626,128 995,B01,3,1,0,2,1,1,5,
202100040627,128 993,A01,2,7,0,1,2,1,1,
202100040628,128 991,A01,1,30,0,2,3,9,1,
202100040628,128 992,B01,1,7,0,2,2,7,1,
202100040629,128 989,A01,2,7,0,2,3,15,2,
202100040629,128 990,B01,1,30,0,2,3,1,1,
202100040630,128 987,A01,1,7,0,2,3,10,1,
202100040630,128 988,B01,1,34,0,2,2,2,1,
202100040631,128 985,A01,1,7,0,2,2,1,1,
202100040631,128 986,B01,2,10,0,2,2,15,1,
202100040632,128 983,B01,2,32,0,2,1,1,1,
202100040632,128 984,A01,1,7,0,2,1,1,1,
202100040633,128 981,A01,2,1,0,2,8,1,5,
202100040633,128 982,Z01,2,7,0,2,0,17,0,
202100040634,128 978,A01,0,7,0,2,1,1,1,
202100040634,128 979,C01,0,99,0,0,0,0,0,
202100040634,128 980,B01,0,99,0,0,0,0,0,
202100040635,128 976,B01,2,34,0,2,1,1,1,
202100040635,128 977,A01,1,7,0,2,7,1,1,
202100040636,128 975,A01,3,7,0,1,3,1,0,
202100040637,128 973,A01,3,34,0,2,1,19,1,
202100040637,128 974,B01,3,7,0,2,1,9,1,
202100040638,128 972,A01,1,10,0,1,3,1,1,
202100040639,128 971,A01,2,7,15,0,9,0,1,
202100040640,128 970,A01,1,7,2,0,1,14,1,
202100040641,128 968,A01,1,7,0,2,3,15,1,
202100040641,128 969,B01,1,30,0,2,1,1,0,
202100040642,128 967,A01,0,2,13,0,2,1,1,
202100040643,128 965,B01,2,33,0,2,3,1,1,
202100040643,128 966,A01,1,7,0,2,3,20,1,
202100040644,128 964,A01,1,7,6,0,1,7,1,
202100040645,128 963,A01,2,7,0,0,9,0,1,
202100040646,128 962,A01,2,10,0,1,2,1,1,
202100040647,128 960,A01,3,10,0,2,1,15,1,
202100040647,128 961,B01,3,31,0,2,3,1,1,
202100040648,128 959,A01,0,1,0,0,0,0,5,
202100040649,128 958,A01,3,31,0,0,7,1,1,
202100040650,128 957,A01,2,33,0,0,0,1,1,
202100040651,128 955,A01,2,10,0,9,8,15,1,
202100040651,128 956,B01,2,32,0,2,2,17,1,
202100040652,128 954,A01,1,7,8,0,1,14,1,
202100040653,128 952,B01,1,21,0,0,0,19,1,
202100040653,128 953,A01,2,33,0,0,2,1,1,
202100040654,128 950,B01,1,33,0,2,1,13,1,
202100040654,128 951,A01,1,7,0,2,3,11,1,
202100040655,128 949,A01,-1,7,13,0,1,1,1,
202100040656,128 948,A01,1,7,13,0,1,13,1,
202100040657,128 947,A01,2,33,10,0,8,16,1,
202100040658,128 946,A01,1,33,0,0,0,1,1,
202100040659,128 944,B01,0,7,0,2,1,1,1,
202100040659,128 945,A01,3,7,0,2,6,16,2,
202100040660,128 942,A01,1,7,0,2,1,1,1,
202100040660,128 943,B01,2,7,2,2,1,1,0,
202100040661,128 940,B01,2,10,0,2,3,21,1,
202100040661,128 941,A01,1,7,0,2,1,13,1,
202100040662,128 939,A01,3,7,0,0,0,0,1,
202100040663,128 938,A01,2,1,0,0,8,1,5,
202100040664,128 937,A01,1,2,6,1,1,1,1,
202100040665,128 935,A01,1,7,0,2,1,15,1,
202100040665,128 936,B01,1,7,0,2,1,1,1,
202100040666,128 933,B01,0,7,0,2,1,19,1,
202100040666,128 934,A01,2,21,0,2,5,1,1,
202100040667,128 932,A01,1,10,2,0,3,1,1,
202100040668,128 930,A01,3,2,5,0,2,0,1,
202100040669,128 927,C01,1,7,0,2,8,1,1,
202100040669,128 928,B01,1,1,0,2,1,1,6,
202100040669,128 929,A01,1,1,0,2,1,1,6,
202100040670,128 926,A01,1,7,2,0,8,1,1,
202100040671,128 925,A01,2,33,0,0,5,0,0,
202100040672,128 924,A01,1,33,8,0,1,1,1,
202100040673,128 922,B01,2,1,0,2,9,1,5,
202100040673,128 923,A01,1,1,0,2,1,1,5,
202100040674,128 920,B01,2,33,0,2,1,1,1,
202100040674,128 921,A01,1,7,0,2,3,19,1,
202100040675,128 919,A01,1,31,0,0,1,13,1,
202100040676,128 917,A01,1,7,0,2,7,17,1,
202100040676,128 918,B01,1,7,0,2,3,10,1,
202100040677,128 915,B01,2,33,0,2,0,17,1,
202100040677,128 916,A01,2,21,0,0,0,15,1,
202100040678,128 913,B01,1,2,0,2,8,1,1,
202100040678,128 914,A01,1,10,0,2,2,15,1,
202100040679,128 912,A01,0,2,8,0,1,1,1,
202100040680,128 910,B01,1,7,0,2,4,2,1,
202100040680,128 911,A01,1,7,0,2,1,2,1,
202100040681,128 908,B01,2,7,0,2,1,2,1,
202100040681,128 909,A01,0,7,0,2,2,19,1,
202100040682,128 906,A01,2,7,0,2,1,13,1,
202100040682,128 907,B01,1,7,0,2,8,1,1,
202100040683,128 903,B01,1,1,0,2,8,1,5,
202100040683,128 904,A01,2,7,0,2,3,1,0,
202100040684,128 902,A01,3,32,13,0,0,26,1,
202100040685,128 900,A01,2,10,0,2,8,13,1,
202100040685,128 901,B01,2,33,0,2,7,1,1,
202100040686,128 899,A01,1,10,2,0,1,1,1,
202100040687,128 897,B01,1,7,0,0,4,0,1,
202100040687,128 898,A01,1,33,0,2,1,1,1,
202100040688,128 896,A01,1,32,0,0,0,0,1,
202100040689,128 895,A01,2,7,13,0,0,1,1,
202100040690,128 893,A01,1,7,0,2,2,19,1,
202100040690,128 894,B01,1,33,0,2,1,1,1,
202100040691,128 891,B01,2,7,0,2,3,1,1,
202100040691,128 892,A01,1,7,0,2,3,1,0,
202100040692,128 889,B01,2,33,0,0,1,1,1,
202100040692,128 890,A01,2,7,0,0,4,1,1,
202100040693,128 887,A01,0,43,0,2,3,1,1,
202100040693,128 888,B01,0,99,0,2,3,0,1,
202100040694,128 885,B01,1,7,0,2,3,1,1,
202100040694,128 886,A01,2,7,0,2,3,13,1,
202100040695,128 883,B01,1,1,0,0,2,1,5,
202100040695,128 884,A01,2,7,0,2,2,15,1,
202100040696,128 882,A01,1,2,0,6,1,1,0,
202100040697,128 880,B01,2,7,0,2,3,1,1,
202100040697,128 881,A01,1,33,0,2,1,5,1,
202100040698,128 877,A01,3,21,0,0,0,1,1,
202100040699,128 873,B01,-1,10,3,2,1,0,1,
202100040699,128 874,A01,-1,7,0,2,7,13,1,
202100040700,128 871,A01,1,7,1,2,1,1,0,
202100040700,128 872,B01,0,1,0,2,5,19,0,
202100040701,128 867,C01,1,7,6,2,1,1,1,
202100040701,128 868,A01,2,7,4,2,1,2,1,
202100040701,128 869,D01,2,7,0,2,0,2,1,
202100040701,128 870,B01,2,7,0,2,6,2,1,
202100040702,128 865,A01,1,7,0,2,4,24,1,
202100040702,128 866,B01,1,15,1,0,1,1,1,
202100040703,128 863,A01,1,10,0,2,6,2,1,
202100040703,128 864,B01,1,7,0,2,1,13,1,
202100040704,128 861,B01,1,33,0,2,3,2,1,
202100040704,128 862,A01,1,7,0,2,6,1,1,
202100040705,128 859,B01,1,7,4,2,4,23,1,
202100040705,128 860,A01,1,7,0,2,1,12,1,
202100040706,128 855,C01,1,7,0,2,4,2,1,
202100040706,128 856,B01,1,10,0,2,4,2,1,
202100040706,128 857,D01,1,7,0,2,4,2,1,
202100040706,128 858,A01,1,37,0,2,1,1,1,1.0
202100040707,128 852,C01,2,7,0,2,6,2,1,
202100040707,128 853,B01,2,7,0,2,5,2,1,
202100040707,128 854,A01,2,7,4,2,1,21,1,
202100040708,128 850,A01,2,34,0,2,1,2,1,
202100040708,128 851,B01,2,7,0,2,6,2,1,
202100040709,128 848,A01,2,7,0,2,1,26,1,
202100040709,128 849,B01,2,7,0,2,6,1,1,
202100040710,128 845,A01,2,7,0,2,1,1,1,
202100040710,128 846,C01,2,7,0,2,5,1,1,
202100040710,128 847,B01,2,33,0,2,1,3,1,
202100040711,128 843,B01,2,7,0,2,4,2,1,
202100040711,128 844,A01,2,7,0,2,1,2,1,
202100040712,128 842,A01,1,33,0,0,7,1,1,
202100040713,128 839,C01,1,7,0,2,5,1,1,
202100040713,128 840,B01,1,43,0,2,2,3,1,
202100040713,128 841,A01,1,7,0,2,3,11,1,
202100040714,128 837,B01,2,7,0,2,4,2,1,
202100040714,128 838,A01,2,7,4,2,1,14,1,
202100040715,128 834,A01,2,7,0,2,1,2,1,
202100040715,128 835,B01,2,7,0,2,1,26,1,
202100040715,128 836,C01,2,7,0,2,4,23,1,
202100040716,128 833,A01,1,33,13,0,9,14,1,
202100040717,128 830,C01,2,7,0,2,8,17,1,
202100040717,128 831,B01,2,33,0,2,7,3,1,
202100040717,128 832,A01,2,7,0,2,4,1,1,
202100040718,128 828,B01,2,33,0,2,1,13,1,
202100040718,128 829,A01,2,7,0,2,6,1,1,
202100040719,128 826,B01,1,10,0,2,3,1,1,
202100040719,128 827,A01,0,7,0,2,2,19,1,
202100040720,128 824,B01,1,33,0,2,1,1,1,
202100040720,128 825,A01,2,7,0,2,7,15,1,
202100040721,128 823,A01,2,34,9,0,1,1,1,
202100040722,128 821,A01,1,7,0,2,1,15,1,
202100040722,128 822,B01,2,1,0,2,1,7,5,
202100040723,128 820,A01,1,30,12,0,3,16,1,
202100040724,128 819,A01,3,7,6,0,1,13,1,
202100040725,128 817,A01,1,37,0,2,3,26,1,1.0
202100040725,128 818,B01,1,7,0,2,2,0,0,
202100040726,128 816,A01,1,7,0,1,2,19,1,
202100040727,128 815,A01,3,7,0,1,4,26,1,
202100040728,128 811,B01,2,33,0,2,5,5,0,
202100040728,128 812,A01,2,7,0,2,1,1,0,
202100040729,128 804,A01,2,7,0,2,2,17,1,
202100040729,128 805,B01,2,7,0,0,6,2,1,
202100040729,128 806,C01,1,7,0,2,8,5,1,
202100040730,128 803,A01,3,33,14,0,1,0,1,
202100040731,128 802,A01,0,7,6,0,1,13,1,
202100040732,128 801,A01,1,7,0,0,0,1,1,
202100040733,128 799,A01,0,7,0,2,1,1,1,
202100040733,128 800,B01,0,7,0,2,8,1,1,
202100040734,128 798,A01,1,30,0,1,1,25,0,
202100040735,128 797,A01,2,7,0,1,1,1,1,
202100040736,128 796,A01,3,7,0,1,2,16,1,
202100040737,128 794,B01,0,7,0,2,3,0,1,
202100040737,128 795,A01,0,7,0,2,3,16,1,
202100040738,128 792,B01,2,30,0,2,8,5,1,
202100040738,128 793,A01,2,30,0,2,7,5,1,
202100040739,128 790,A01,2,7,0,2,3,15,1,
202100040739,128 791,B01,2,31,0,2,1,17,1,
202100040740,128 789,A01,1,7,0,1,2,1,1,
202100040741,128 788,A01,1,7,0,1,2,19,1,
202100040742,128 786,A01,3,7,0,0,0,0,1,
202100040742,128 787,B01,3,2,0,0,0,0,1,
202100040743,128 784,B01,2,7,0,2,8,15,2,
202100040743,128 785,A01,1,30,0,2,1,1,1,
202100040744,128 782,B01,1,7,0,2,1,1,1,
202100040744,128 783,A01,2,7,0,2,2,15,1,
202100040745,128 780,B01,2,7,0,2,4,23,1,
202100040745,128 781,A01,2,2,0,2,7,2,1,
202100040746,128 776,A01,3,7,0,2,2,15,1,
202100040746,128 777,B01,3,1,0,2,1,1,5,
202100040747,128 774,Z01,3,7,0,2,1,0,0,
202100040747,128 775,A01,3,1,0,2,1,26,5,
202100040748,128 772,Z01,2,7,0,2,1,2,1,
202100040748,128 773,A01,2,7,0,2,4,23,1,
202100040749,128 771,A01,1,7,1,0,4,4,1,
202100040750,128 769,B01,3,33,0,2,1,1,1,
202100040750,128 770,A01,3,7,0,2,8,15,1,
202100040751,128 767,B01,1,7,0,2,1,1,1,
202100040751,128 768,A01,1,10,0,2,5,9,0,
202100040752,128 766,A01,2,33,1,0,1,5,1,
202100040753,128 764,B01,1,31,0,2,4,2,1,
202100040753,128 765,A01,1,7,0,2,1,2,1,
202100040754,128 762,B01,0,37,0,2,1,1,1,2.0
202100040754,128 763,A01,0,14,0,2,7,19,1,
202100040755,128 761,A01,1,7,1,0,1,1,1,
202100040756,128 759,B01,1,7,14,0,1,1,1,
202100040756,128 760,A01,1,7,11,0,1,1,1,
202100040757,128 757,B01,1,7,0,2,3,2,1,
202100040757,128 758,A01,1,33,0,2,1,2,1,
202100040758,128 756,A01,3,7,2,0,0,26,1,
202100040759,128 755,A01,1,7,0,1,2,26,1,
202100040760,128 754,A01,1,7,4,0,3,26,1,
202100040761,128 751,C01,1,43,0,2,3,3,1,
202100040761,128 752,B01,1,7,0,2,4,2,3,
202100040761,128 753,A01,1,7,0,2,1,2,1,
202100040762,128 749,B01,1,7,0,2,4,23,1,
202100040762,128 750,A01,1,10,0,2,1,2,1,
202100040763,128 747,A01,1,7,0,1,2,2,1,
202100040763,128 748,B01,1,7,0,2,1,2,1,
202100040764,128 746,A01,2,7,0,1,2,1,1,
202100040765,128 744,B01,2,30,0,2,4,13,1,
202100040765,128 745,A01,2,32,0,2,8,21,1,
202100040766,128 743,A01,3,33,0,0,0,1,1,
202100040767,128 741,B01,1,10,0,2,1,1,1,
202100040767,128 742,A01,1,30,0,2,9,1,1,
202100040768,128 739,B01,1,1,0,2,7,1,5,
202100040768,128 740,A01,1,10,0,2,8,15,1,
202100040769,128 738,A01,1,10,15,0,1,13,1,
202100040770,128 736,A01,1,32,0,2,6,9,1,
202100040770,128 737,B01,1,7,0,2,1,1,1,
202100040771,128 733,B01,1,7,0,2,3,22,1,
202100040771,128 734,C01,1,7,0,2,2,1,2,
202100040771,128 735,A01,1,32,0,2,1,18,1,
202100040772,128 732,A01,2,1,0,0,0,21,5,
202100040773,128 730,A01,1,7,0,2,6,15,1,
202100040773,128 731,B01,1,1,0,2,1,1,5,
202100040774,128 728,A01,2,7,0,2,3,13,1,
202100040774,128 729,B01,2,33,0,2,2,1,1,
202100040775,128 727,A01,2,1,0,1,2,1,5,
202100040776,128 726,A01,1,33,0,1,1,26,1,
202100040777,128 725,A01,1,7,0,1,6,20,1,
202100040778,128 723,A01,2,30,0,2,1,15,1,
202100040778,128 724,B01,2,1,0,2,2,1,5,
202100040779,128 721,B01,3,10,0,2,1,1,1,
202100040779,128 722,A01,3,33,0,2,8,1,1,
202100040780,128 719,A01,2,7,0,2,5,22,1,
202100040780,128 720,B01,2,1,1,0,1,1,5,
202100040781,128 717,B01,3,36,0,2,8,26,1,
202100040781,128 718,A01,2,7,0,2,1,1,1,
202100040782,128 715,B01,1,33,0,2,8,17,1,
202100040782,128 716,A01,1,7,0,2,7,17,1,
202100040783,128 714,A01,1,33,0,0,0,14,1,
202100040784,128 713,A01,1,7,13,0,2,1,1,
202100040785,128 712,A01,2,7,0,0,1,13,1,
202100040786,128 710,B01,0,1,0,2,1,26,5,
202100040786,128 711,A01,0,2,15,9,1,26,1,
202100040787,128 708,A01,1,7,0,2,6,11,1,
202100040787,128 709,B01,1,7,0,2,2,1,1,
202100040788,128 706,A01,1,7,0,2,1,2,1,
202100040788,128 707,B01,1,7,0,0,4,1,1,
202100040789,128 705,A01,2,7,2,0,1,15,1,
202100040790,128 704,A01,2,33,13,0,2,2,1,
202100040791,128 700,D01,1,7,0,0,6,1,1,
202100040791,128 701,C01,2,7,0,0,0,21,1,
202100040791,128 702,B01,2,7,0,2,1,1,1,
202100040791,128 703,A01,1,7,0,2,3,17,1,
202100040792,128 698,A01,3,7,9,0,5,9,1,
202100040792,128 699,B01,1,7,0,0,1,1,1,
202100040793,128 696,A01,1,7,0,2,1,1,1,
202100040793,128 697,B01,2,1,0,2,1,5,5,
202100040794,128 695,A01,2,7,8,0,1,1,1,
202100040795,128 694,A01,1,33,0,0,0,1,1,
202100040796,128 693,A01,3,33,13,0,1,17,1,
202100040797,128 692,A01,2,33,15,0,1,15,1,
202100040798,128 691,A01,1,33,0,0,0,1,1,
202100040799,128 689,A01,2,43,13,0,1,13,1,
202100040800,128 687,A01,3,7,0,2,1,16,0,
202100040800,128 688,B01,1,33,0,2,8,1,0,
202100040801,128 686,A01,2,33,0,0,1,2,1,
202100040802,128 684,B01,2,2,0,2,6,15,1,
202100040802,128 685,A01,2,2,0,2,1,1,1,
202100040803,128 683,A01,3,7,13,0,9,2,1,
202100040804,128 682,A01,2,7,15,0,9,13,1,
202100040805,128 681,A01,3,7,0,0,1,1,1,
202100040806,128 680,A01,1,33,14,0,1,1,1,
202100040807,128 679,A01,2,33,3,0,2,2,1,
202100040808,128 677,A01,1,2,0,2,1,5,1,
202100040808,128 678,B01,1,7,0,2,5,1,1,
202100040809,128 676,A01,2,7,6,0,5,0,1,
202100040810,128 674,B01,1,7,3,2,0,0,1,
202100040810,128 675,A01,1,7,3,2,0,0,1,
202100040811,128 672,B01,1,43,0,2,1,16,1,
202100040811,128 673,A01,1,7,0,0,4,1,1,
202100040812,128 670,A01,1,31,13,0,0,1,1,
202100040813,128 669,A01,1,1,0,0,8,0,5,
202100040814,128 668,A01,3,7,13,0,3,13,1,
202100040815,128 667,A01,2,7,16,0,1,1,1,
202100040816,128 665,A01,1,2,0,2,1,13,1,
202100040816,128 666,B01,2,7,0,2,1,5,1,
202100040817,128 664,A01,2,1,0,0,0,1,5,
202100040818,128 663,A01,2,7,0,1,1,1,1,
202100040819,128 661,A01,2,33,0,2,1,2,1,
202100040819,128 662,B01,2,7,0,0,6,2,1,
202100040820,128 660,A01,1,7,13,0,7,1,1,
202100040821,128 659,A01,2,31,13,0,8,1,1,
202100040822,128 657,A01,3,7,0,2,3,16,1,
202100040822,128 658,B01,3,1,0,2,1,1,5,
202100040823,128 656,A01,1,33,13,0,0,1,1,
202100040824,128 655,A01,2,1,0,0,0,21,6,
202100040825,128 654,A01,0,7,2,0,1,1,1,
202100040826,128 653,A01,2,34,0,9,9,1,1,
202100040827,128 652,A01,1,7,13,0,1,1,1,
202100040828,128 650,A01,2,7,0,1,1,16,1,
202100040829,128 648,A01,1,7,4,2,3,1,0,
202100040829,128 649,B01,1,7,0,2,2,1,1,
202100040830,128 647,A01,1,10,13,0,2,14,1,
202100040831,128 646,A01,1,2,8,0,1,14,1,
202100040832,128 645,A01,1,7,16,1,2,1,1,
202100040833,128 643,B01,2,7,0,2,2,1,1,
202100040833,128 644,A01,1,33,0,2,1,13,1,
202100040834,128 642,A01,3,31,6,0,1,1,1,
202100040835,128 641,A01,1,1,1,0,1,26,5,
202100040836,128 639,A01,2,33,2,0,1,14,1,
202100040836,128 640,B01,2,33,13,0,0,14,1,
202100040837,128 638,A01,1,7,5,0,2,1,1,
202100040838,128 637,A01,1,33,8,0,1,1,1,
202100040839,128 636,A01,1,7,3,0,1,0,1,
202100040840,128 634,A01,1,7,0,2,2,15,1,
202100040840,128 635,B01,2,34,0,2,1,18,1,
202100040841,128 632,A01,1,33,0,2,2,1,1,
202100040841,128 633,B01,3,7,0,2,3,16,1,
202100040842,128 631,A01,1,32,13,0,1,0,1,
202100040843,128 629,A01,2,33,0,2,1,1,1,
202100040843,128 630,B01,2,33,0,2,8,15,1,
202100040844,128 628,A01,1,33,0,0,9,1,1,
202100040845,128 626,B01,3,33,0,2,1,26,1,
202100040845,128 627,A01,3,7,0,0,3,9,1,
202100040846,128 623,C01,1,7,0,2,6,1,1,
202100040846,128 624,B01,1,10,0,2,6,1,1,
202100040846,128 625,A01,2,33,0,2,0,13,1,
202100040847,128 621,A01,1,2,0,9,2,14,1,
202100040847,128 622,B01,1,1,0,2,8,1,5,
202100040848,128 619,A01,2,7,0,2,8,10,1,
202100040848,128 620,B01,2,7,0,2,2,17,1,
202100040849,128 617,B01,1,1,0,0,4,0,5,
202100040849,128 618,A01,1,33,0,2,1,0,1,
202100040850,128 615,A01,1,7,0,2,1,15,1,
202100040850,128 616,B01,2,31,0,2,1,1,1,
202100040851,128 614,A01,1,7,6,0,3,21,1,
202100040852,128 611,C01,1,7,0,2,4,1,1,
202100040852,128 612,B01,1,7,0,2,4,1,1,
202100040852,128 613,A01,1,10,0,2,1,12,1,
202100040853,128 608,C01,2,7,0,2,1,2,1,
202100040853,128 609,B01,2,7,0,2,1,1,1,
202100040853,128 610,A01,2,7,0,2,4,1,1,
202100040854,128 606,A01,1,7,0,2,7,12,1,
202100040854,128 607,B01,1,34,0,2,8,1,1,
202100040855,128 604,B01,2,7,4,2,3,1,1,
202100040855,128 605,A01,2,14,0,2,7,12,1,
202100040856,128 602,B01,1,7,0,2,1,1,1,
202100040856,128 603,A01,1,7,0,2,4,11,1,
202100040857,128 600,B01,2,7,0,2,8,11,1,
202100040857,128 601,A01,2,32,0,2,7,17,1,
202100040858,128 598,B01,2,7,0,2,4,2,1,
202100040858,128 599,A01,2,7,0,2,1,2,1,
202100040859,128 595,A01,1,31,0,2,7,3,1,
202100040859,128 596,B01,1,7,0,2,8,1,1,
202100040859,128 597,C01,1,7,0,2,7,1,1,
202100040860,128 593,A01,1,33,0,2,1,3,1,
202100040860,128 594,B01,1,31,0,2,6,3,1,
202100040861,128 590,A01,1,33,0,2,2,3,1,
202100040861,128 591,B01,1,7,0,2,6,1,1,
202100040861,128 592,C01,1,7,0,2,5,1,1,
202100040862,128 588,A01,1,7,0,2,1,2,1,
202100040862,128 589,B01,1,7,0,2,4,2,0,
202100040863,128 586,B01,3,33,0,2,1,1,1,
202100040863,128 587,A01,3,7,0,2,7,15,1,
202100040864,128 583,A01,3,7,0,1,3,1,1,
202100040865,128 581,B01,3,1,0,2,1,1,5,
202100040865,128 582,A01,3,1,0,2,1,13,5,
202100040866,128 579,B01,1,2,0,2,2,1,1,
202100040866,128 580,A01,2,7,0,2,3,15,1,
202100040867,128 577,B01,3,7,0,2,2,2,1,
202100040867,128 578,A01,3,30,0,2,5,2,1,
202100040868,128 575,Z01,2,2,0,2,0,1,0,
202100040868,128 576,A01,1,7,0,2,7,16,1,
202100040869,128 573,B01,1,7,0,2,8,1,1,
202100040869,128 574,A01,1,2,0,2,1,5,1,
202100040870,128 571,B01,2,30,0,2,0,0,0,
202100040870,128 572,A01,2,50,0,2,3,1,3,
202100040871,128 568,A01,2,7,1,0,2,14,0,
202100040871,128 569,B01,2,7,1,0,6,0,0,
202100040871,128 570,C01,2,7,1,2,4,0,1,
202100040872,128 567,A01,2,7,8,0,1,16,1,
202100040873,128 565,A01,2,7,0,2,1,15,1,
202100040873,128 566,B01,1,7,0,2,2,1,1,
202100040874,128 563,B01,2,99,0,2,4,13,3,
202100040874,128 564,A01,2,30,0,2,4,17,1,
202100040875,128 561,B01,2,43,0,2,0,0,1,
202100040875,128 562,A01,1,32,0,2,0,26,1,
202100040876,128 559,A01,1,7,0,0,3,1,0,
202100040876,128 560,B01,1,7,15,0,1,1,0,
202100040877,128 557,A01,1,7,4,0,1,19,1,
202100040878,128 555,B01,1,1,0,2,1,0,0,
202100040878,128 556,A01,2,7,0,9,3,26,1,
202100040879,128 554,A01,2,7,0,1,1,1,2,
202100040880,128 552,A01,1,7,0,2,1,2,1,
202100040880,128 553,B01,1,7,0,2,4,2,1,
202100040881,128 551,A01,1,7,1,0,1,1,1,
202100040882,128 550,A01,1,3,0,1,3,1,1,
202100040883,128 548,A01,2,31,0,2,1,17,1,
202100040883,128 549,B01,1,7,0,2,3,9,1,
202100040884,128 546,A01,2,7,0,2,1,2,1,
202100040884,128 547,B01,1,7,0,2,4,2,1,
202100040885,128 544,B01,1,7,0,2,1,2,1,
202100040885,128 545,A01,1,7,0,2,4,2,1,
202100040886,128 543,A01,0,7,0,1,2,1,1,
202100040887,128 541,B01,0,7,0,2,3,15,1,
202100040887,128 542,A01,0,7,0,2,0,0,0,
202100040888,128 539,A01,3,7,0,9,3,2,1,
202100040888,128 540,B01,3,1,0,2,8,19,5,
202100040889,128 538,A01,2,31,0,2,8,1,1,
202100040890,128 537,A01,0,7,0,1,2,1,1,
202100040891,128 535,B01,3,60,0,2,7,1,5,
202100040891,128 536,A01,3,7,0,2,2,1,1,
202100040892,128 534,A01,2,7,0,1,1,1,1,
202100040893,128 533,A01,1,10,0,1,4,20,6,
202100040894,128 531,A01,1,7,0,2,2,10,1,
202100040894,128 532,B01,1,1,0,2,1,1,5,
202100040895,128 529,B01,1,7,0,2,5,16,1,
202100040895,128 530,A01,1,1,0,2,1,1,5,
202100040896,128 527,A01,1,10,0,2,1,9,1,
202100040896,128 528,B01,2,1,0,2,7,1,5,
202100040897,128 526,A01,1,7,0,1,1,1,1,
202100040898,128 524,FA01,0,7,0,2,8,1,1,
202100040898,128 525,B01,1,33,0,2,0,0,0,
202100040899,128 523,A01,1,7,0,1,3,1,1,
202100040900,128 519,B01,1,33,0,2,7,1,1,
202100040900,128 520,A01,2,7,0,2,1,15,1,
202100040901,128 517,B01,1,80,0,2,7,1,3,
202100040901,128 518,A01,3,7,0,2,1,9,1,
202100040902,128 515,A01,1,7,0,9,7,17,1,