Num_Acc,id_vehicule,num_veh,senc,catv,obs,obsm,choc,manv,motor,occutc
202100041183,127 985,A01,2,7,0,2,1,13,1,
202100041183,127 986,B01,1,7,0,2,1,1,1,
202100041184,127 982,A01,3,7,13,0,0,16,1,
202100041184,127 983,B01,3,7,13,0,7,19,1,
202100041185,127 981,A01,1,2,6,0,1,21,1,
202100041186,127 979,B01,1,7,0,2,1,1,1,
202100041186,127 980,A01,2,7,0,2,1,5,2,
202100041187,127 978,A01,3,7,2,0,0,1,1,
202100041188,127 976,B01,3,7,0,2,2,19,1,
202100041188,127 977,A01,1,7,0,2,1,1,1,
202100041189,127 974,A01,1,33,0,2,1,9,1,
202100041189,127 975,B01,2,7,0,2,2,9,1,
202100041190,127 973,A01,3,7,0,1,2,1,1,
202100041191,127 971,A01,1,7,0,2,1,1,1,
202100041191,127 972,B01,1,21,0,2,4,15,1,
202100041192,127 969,B01,2,33,0,2,1,1,1,
202100041192,127 970,A01,1,7,0,2,7,15,1,
202100041193,127 968,A01,2,7,8,0,1,1,1,
202100041194,127 967,A01,1,10,6,0,1,14,1,
202100041195,127 965,A01,1,7,0,2,3,15,1,
202100041195,127 966,B01,1,7,0,2,2,1,1,
202100041196,127 964,A01,3,31,13,0,1,1,1,
202100041197,127 963,A01,3,7,13,0,2,1,1,
202100041198,127 961,B01,3,1,0,2,1,26,5,
202100041198,127 962,A01,3,7,0,2,3,9,1,
202100041199,127 960,A01,2,10,8,0,2,1,1,
202100041200,127 959,A01,1,7,2,0,2,1,1,
202100041201,127 958,A01,1,10,0,1,4,20,1,
202100041202,127 957,A01,0,10,0,1,0,0,1,
202100041203,127 956,A01,1,7,3,0,1,1,1,
202100041204,127 954,B01,1,10,0,2,3,15,1,
202100041204,127 955,A01,2,2,0,2,1,17,1,
202100041205,127 952,A01,0,10,0,0,2,9,1,
202100041205,127 953,B01,0,7,8,0,3,1,1,
202100041206,127 951,A01,1,7,2,0,1,1,1,
202100041207,127 949,A01,1,7,0,9,3,15,1,
202100041207,127 950,B01,1,33,0,0,7,17,1,
202100041208,127 947,B01,2,10,0,0,6,12,1,
202100041208,127 948,A01,2,33,0,2,1,3,1,
202100041209,127 945,B01,1,15,0,2,3,1,0,
202100041209,127 946,A01,2,7,0,2,3,13,1,
202100041210,127 943,B01,1,1,0,2,8,1,5,
202100041210,127 944,A01,2,7,0,9,1,19,1,
202100041211,127 941,B01,1,7,0,2,1,1,2,
202100041211,127 942,A01,2,7,0,2,1,13,1,
202100041212,127 940,A01,1,7,0,0,3,1,1,
202100041213,127 938,B01,3,31,0,2,0,1,0,
202100041213,127 939,A01,3,7,0,2,3,1,1,
202100041214,127 936,A01,1,38,0,2,4,23,1,1.0
202100041214,127 937,B01,1,2,1,2,1,26,1,
202100041215,127 934,A01,2,7,0,2,1,1,1,
202100041215,127 935,B01,1,7,0,2,1,1,1,
202100041216,127 932,A01,2,7,0,2,1,26,1,
202100041216,127 933,B01,1,7,0,2,2,1,1,
202100041217,127 931,A01,3,1,6,0,3,0,5,
202100041218,127 927,B01,0,15,0,2,1,1,1,
202100041218,127 928,A01,0,7,0,2,1,13,1,
202100041219,127 925,A01,2,15,0,2,1,2,1,
202100041219,127 926,B01,2,7,0,2,4,2,1,
202100041220,127 923,B01,2,2,0,2,1,9,0,
202100041220,127 924,A01,2,7,0,2,3,9,1,
202100041221,127 920,A01,1,7,0,2,4,1,1,
202100041221,127 921,B01,1,7,0,2,4,1,3,
202100041221,127 922,C01,1,7,0,2,1,1,1,
202100041222,127 918,A01,1,7,0,2,4,2,1,
202100041222,127 919,B01,1,7,0,2,1,2,1,
202100041223,127 915,A01,2,17,0,2,1,2,1,
202100041223,127 916,B01,2,7,0,2,4,2,1,
202100041223,127 917,C01,2,7,0,2,4,2,1,
202100041224,127 914,A01,1,7,0,0,9,13,1,
202100041225,127 912,A01,1,31,0,2,1,2,1,
202100041225,127 913,B01,1,10,0,2,6,2,1,
202100041226,127 910,B01,2,10,0,2,7,1,1,
202100041226,127 911,A01,2,10,0,2,3,1,1,
202100041227,127 909,A01,1,33,0,0,4,1,1,
202100041228,127 908,A01,1,7,4,0,9,1,1,
202100041229,127 907,A01,1,10,3,0,1,1,1,
202100041230,127 905,A01,1,7,0,2,0,11,1,
202100041230,127 906,B01,1,7,0,2,0,0,1,
202100041231,127 904,A01,1,33,0,2,0,26,1,
202100041232,127 902,A01,1,7,0,2,4,2,1,
202100041232,127 903,B01,1,10,0,2,1,2,1,
202100041233,127 898,D01,2,7,0,2,2,1,1,
202100041233,127 899,C01,2,33,0,2,6,2,1,
202100041233,127 900,B01,2,33,0,2,2,2,1,
202100041233,127 901,A01,2,32,0,2,3,9,1,
202100041234,127 895,C01,1,7,0,2,9,9,1,
202100041234,127 896,B01,1,14,0,2,5,1,1,
202100041234,127 897,A01,1,7,0,2,1,1,1,
202100041235,127 893,B01,2,31,0,2,1,2,1,
202100041235,127 894,A01,2,7,0,2,5,2,1,
202100041236,127 892,A01,1,7,4,0,3,26,1,
202100041237,127 889,C01,2,7,0,2,4,2,1,
202100041237,127 890,B01,2,7,0,2,4,1,1,
202100041237,127 891,A01,2,7,0,2,1,26,1,
202100041238,127 888,A01,2,7,4,0,1,1,1,
202100041239,127 886,A01,1,7,0,2,5,12,1,
202100041239,127 887,B01,1,33,0,2,6,3,1,
202100041240,127 885,A01,2,7,0,1,7,1,1,
202100041241,127 883,A01,1,7,0,2,7,17,1,
202100041241,127 884,B01,1,1,0,0,8,13,5,
202100041242,127 881,A01,3,7,0,1,1,1,1,
202100041243,127 880,A01,3,30,0,1,1,26,1,
202100041244,127 878,A01,1,30,0,2,1,1,1,
202100041244,127 879,B01,2,1,0,2,1,1,5,
202100041245,127 876,A01,1,30,12,2,1,1,1,
202100041245,127 877,B01,2,30,12,2,1,26,1,
202100041246,127 875,A01,3,7,8,0,1,13,1,
202100041247,127 873,B01,2,2,0,2,1,1,1,
202100041247,127 874,A01,1,7,0,2,8,9,1,
202100041248,127 871,B01,1,32,0,2,1,1,1,
202100041248,127 872,A01,1,7,0,2,2,16,1,
202100041249,127 869,A01,1,7,0,2,3,15,2,
202100041249,127 870,B01,1,1,0,2,1,1,5,
202100041250,127 865,A01,1,7,0,2,1,1,1,
202100041250,127 866,B01,1,7,0,2,4,1,1,
202100041250,127 867,C01,1,7,0,2,4,1,1,
202100041250,127 868,D01,1,7,0,2,4,1,1,
202100041251,127 864,A01,3,7,1,0,1,16,1,
202100041252,127 862,A01,0,7,0,2,3,26,1,
202100041252,127 863,B01,0,41,0,0,1,1,1,
202100041253,127 860,B01,2,7,0,2,2,1,2,
202100041253,127 861,A01,1,10,0,2,5,15,1,
202100041254,127 858,A01,3,7,0,2,7,26,1,
202100041254,127 859,B01,3,7,0,2,1,1,1,
202100041255,127 856,A01,2,7,0,2,4,1,1,
202100041255,127 857,B01,2,34,0,2,2,17,1,
202100041256,127 853,B01,1,7,0,2,6,2,1,
202100041256,127 854,A01,1,30,0,2,1,12,1,
202100041257,127 851,B01,0,7,0,2,4,2,1,
202100041257,127 852,A01,0,7,0,2,1,2,1,
202100041258,127 850,A01,2,7,0,1,3,15,1,
202100041259,127 849,A01,2,99,8,0,1,1,1,
202100041260,127 848,A01,3,7,0,1,1,15,3,
202100041261,127 845,B01,1,50,0,2,1,1,3,
202100041261,127 846,A01,2,10,0,2,4,4,1,
202100041262,127 843,B01,0,7,0,2,8,0,1,
202100041262,127 844,A01,0,33,0,2,7,10,1,
202100041263,127 842,A01,1,7,0,1,1,1,1,
202100041264,127 841,A01,1,7,0,1,1,9,1,
202100041265,127 840,A01,3,7,0,1,1,2,1,
202100041266,127 839,A01,0,7,0,1,7,9,1,
202100041267,127 837,A01,3,1,0,2,1,9,5,
202100041267,127 838,B01,3,7,0,2,3,23,1,
202100041268,127 835,A01,3,7,0,2,2,9,1,
202100041268,127 836,B01,1,34,0,2,2,1,1,
202100041269,127 834,A01,1,30,0,0,8,2,1,
202100041270,127 833,A01,1,33,0,0,8,21,1,
202100041271,127 831,A01,3,7,0,2,3,13,1,
202100041271,127 832,B01,3,33,0,2,2,17,1,
202100041272,127 830,A01,1,7,8,0,1,13,1,
202100041273,127 828,B01,3,2,0,2,3,5,1,
202100041273,127 829,A01,3,7,0,2,3,15,1,
202100041274,127 826,B01,2,7,0,2,1,1,1,
202100041274,127 827,A01,2,7,0,2,8,15,1,
202100041275,127 824,A01,2,33,0,2,1,26,1,
202100041275,127 825,B01,2,7,0,2,6,2,1,
202100041276,127 823,A01,1,31,0,0,7,1,1,
202100041277,127 822,A01,3,7,15,1,4,20,1,
202100041278,127 821,A01,3,7,12,0,2,14,1,
202100041279,127 819,A01,1,7,0,2,1,2,1,
202100041279,127 820,B01,1,7,0,2,4,2,1,
202100041280,127 817,A01,0,7,0,2,3,13,1,
202100041280,127 818,B01,0,30,0,2,1,13,3,
202100041281,127 815,B01,0,7,0,2,3,16,1,
202100041281,127 816,A01,0,7,0,2,7,1,1,
202100041282,127 814,A01,3,7,9,0,1,26,1,
202100041283,127 813,A01,3,2,0,0,8,1,3,
202100041284,127 812,A01,3,7,0,1,2,1,1,
202100041285,127 811,A01,1,7,0,1,3,1,1,
202100041286,127 809,A01,1,7,0,2,2,1,1,
202100041286,127 810,B01,2,1,0,2,8,0,5,
202100041287,127 807,B01,0,7,0,2,1,1,1,
202100041287,127 808,A01,0,1,0,2,8,19,5,
202100041288,127 806,A01,3,7,0,1,1,16,1,
202100041289,127 804,A01,1,33,0,2,1,1,0,
202100041289,127 805,B01,1,7,0,2,4,23,1,
202100041290,127 803,A01,0,7,0,1,2,1,1,
202100041291,127 802,A01,1,33,2,0,2,2,1,
202100041292,127 800,A01,0,7,0,2,1,6,1,
202100041292,127 801,B01,1,7,0,2,1,1,1,
202100041293,127 799,A01,1,7,0,1,1,1,1,
202100041294,127 797,A01,1,7,0,2,7,16,0,
202100041294,127 798,B01,1,1,0,2,3,1,5,
202100041295,127 796,A01,1,7,6,0,1,1,1,
202100041296,127 793,A01,1,7,0,2,3,13,1,
202100041296,127 794,B01,2,7,0,2,6,1,1,
202100041296,127 795,C01,2,10,0,2,6,1,1,
202100041297,127 791,A01,0,32,0,2,1,1,1,
202100041297,127 792,B01,0,30,0,2,6,13,1,
202100041298,127 789,A01,2,7,0,2,3,15,1,
202100041298,127 790,B01,1,32,0,2,1,1,1,
202100041299,127 787,B01,1,7,0,2,6,0,1,
202100041299,127 788,A01,2,7,0,2,1,21,1,
202100041300,127 785,A01,1,30,0,2,1,17,1,
202100041300,127 786,B01,1,30,0,2,8,15,1,
202100041301,127 782,A01,1,7,0,2,4,1,1,
202100041301,127 783,B01,1,7,0,2,4,1,1,
202100041301,127 784,C01,1,7,0,2,1,1,1,
202100041302,127 781,A01,2,7,0,1,2,1,1,
202100041303,127 780,A01,3,7,0,1,1,16,1,
202100041304,127 779,A01,1,37,0,1,2,21,1,1.0
202100041305,127 777,B01,2,33,0,2,1,1,1,
202100041305,127 778,A01,1,7,0,2,2,15,1,
202100041306,127 774,A01,2,32,0,2,8,11,1,
202100041306,127 775,B01,2,33,0,2,2,3,1,
202100041306,127 776,C01,2,7,0,2,6,1,1,
202100041307,127 772,B01,3,33,0,2,4,9,1,
202100041307,127 773,A01,3,7,0,2,1,1,1,
202100041308,127 770,A01,3,30,0,2,8,18,1,
202100041308,127 771,B01,3,7,0,2,2,12,2,
202100041309,127 767,C01,1,7,0,2,4,2,1,
202100041309,127 768,B01,1,7,0,2,4,2,2,
202100041309,127 769,A01,1,7,0,2,1,2,1,
202100041310,127 766,A01,1,7,0,1,7,15,1,
202100041311,127 765,A01,1,30,0,1,1,17,1,
202100041312,127 763,A01,1,32,0,2,7,1,1,
202100041312,127 764,B01,3,10,0,2,1,1,1,
202100041313,127 760,A01,1,10,0,2,3,15,1,
202100041313,127 761,B01,1,33,0,2,2,17,1,
202100041313,127 762,C01,2,10,0,2,3,23,1,
202100041314,127 759,A01,2,31,0,1,1,1,1,
202100041315,127 758,A01,2,32,0,0,7,16,1,
202100041316,127 757,A01,2,7,0,1,1,1,1,
202100041317,127 755,B01,2,7,0,2,5,15,1,
202100041317,127 756,A01,1,32,0,2,3,1,1,
202100041318,127 753,A01,2,2,0,2,1,2,3,
202100041318,127 754,B01,2,7,0,2,4,23,1,
202100041319,127 751,A01,1,7,0,2,1,2,1,
202100041319,127 752,B01,1,1,0,2,4,2,5,
202100041320,127 750,A01,1,33,0,1,2,1,1,
202100041321,127 748,B01,1,30,0,2,1,1,1,
202100041321,127 749,A01,1,30,0,2,1,10,1,
202100041322,127 746,A01,1,30,0,2,2,18,1,
202100041322,127 747,B01,1,7,0,2,7,1,1,
202100041323,127 743,A01,1,7,0,2,3,22,1,
202100041323,127 744,B01,1,33,0,2,2,3,1,
202100041323,127 745,C01,2,7,0,2,1,1,1,
202100041324,127 741,A01,2,80,0,2,7,1,3,
202100041324,127 742,B01,1,7,0,2,1,1,1,
202100041325,127 739,B01,1,2,0,2,2,2,1,
202100041325,127 740,A01,1,7,0,0,1,9,1,
202100041326,127 737,A01,2,1,0,2,1,5,5,
202100041326,127 738,B01,1,7,0,2,1,15,1,
202100041327,127 735,B01,3,10,0,2,3,1,0,
202100041327,127 736,A01,3,14,0,2,2,16,0,
202100041328,127 733,B01,2,50,0,2,8,25,3,
202100041328,127 734,A01,1,7,0,2,1,9,1,
202100041329,127 731,B01,2,31,0,2,1,1,1,
202100041329,127 732,A01,2,7,0,2,4,1,1,
202100041330,127 728,A01,2,7,0,2,3,2,1,
202100041330,127 729,B01,2,7,0,2,4,23,1,
202100041330,127 730,C01,2,7,0,2,4,23,2,
202100041331,127 727,A01,2,1,0,1,1,1,5,
202100041332,127 726,A01,1,37,0,1,2,15,1,1.0
202100041333,127 725,A01,3,30,0,0,1,1,1,
202100041334,127 723,B01,3,10,0,2,0,0,0,
202100041334,127 724,A01,3,33,1,2,8,1,0,
202100041335,127 722,A01,2,7,0,1,1,1,1,
202100041336,127 720,B01,2,32,0,2,3,1,1,
202100041336,127 721,A01,2,7,0,2,7,16,1,
202100041337,127 719,A01,2,1,0,1,1,1,5,
202100041338,127 717,A01,3,7,0,2,4,1,1,
202100041338,127 718,B01,3,7,0,2,1,2,0,
202100041339,127 716,A01,3,7,0,1,8,1,1,
202100041340,127 714,A01,1,32,0,2,2,16,3,
202100041340,127 715,B01,2,7,0,2,6,16,1,
202100041341,127 712,B01,2,7,0,2,1,1,1,
202100041341,127 713,A01,1,7,0,2,1,13,1,
202100041342,127 710,B01,0,7,0,2,3,1,1,
202100041342,127 711,A01,3,7,0,2,3,1,1,
202100041343,127 709,A01,0,7,0,1,1,9,1,
202100041344,127 707,A01,1,31,0,2,3,1,1,
202100041344,127 708,B01,2,14,0,2,8,13,1,
202100041345,127 706,A01,2,33,5,0,1,1,1,
202100041346,127 704,A01,1,7,0,2,3,16,1,
202100041346,127 705,B01,2,30,0,2,1,1,1,
202100041347,127 702,B01,3,7,5,0,8,15,1,
202100041347,127 703,A01,3,10,15,2,1,1,1,
202100041348,127 700,A01,2,7,0,2,8,15,1,
202100041348,127 701,B01,1,10,0,2,1,0,1,
202100041349,127 699,A01,1,7,0,0,1,1,1,
202100041350,127 697,B01,2,7,0,2,1,1,1,
202100041350,127 698,A01,2,14,0,2,7,19,1,
202100041351,127 696,A01,1,1,14,9,1,1,5,
202100041352,127 694,B01,2,7,0,2,1,15,1,
202100041352,127 695,A01,1,7,7,2,1,1,1,
202100041353,127 692,A01,0,7,0,2,1,1,1,
202100041353,127 693,B01,0,7,0,2,3,16,3,
202100041354,127 690,B01,2,7,0,2,8,2,1,
202100041354,127 691,A01,2,33,0,2,2,17,1,
202100041355,127 689,A01,1,7,0,1,3,1,3,
202100041356,127 686,A01,1,10,0,2,1,17,1,
202100041356,127 687,B01,2,7,0,2,1,1,1,
202100041356,127 688,C01,1,7,0,2,6,23,1,
202100041357,127 684,A01,0,2,0,2,7,1,1,
202100041357,127 685,B01,0,7,0,2,1,1,1,
202100041358,127 682,A01,3,7,0,2,2,19,1,
202100041358,127 683,B01,3,1,0,2,1,1,5,
202100041359,127 680,B01,1,7,0,2,1,1,1,
202100041359,127 681,A01,2,7,0,2,1,26,1,
202100041360,127 676,A01,2,7,0,2,3,13,1,
202100041360,127 677,C01,1,7,0,2,8,1,1,
202100041360,127 678,B01,1,7,0,2,8,1,1,
202100041360,127 679,D01,1,13,0,9,1,1,1,
202100041361,127 674,B01,2,7,0,2,4,2,1,
202100041361,127 675,A01,2,33,0,2,1,2,1,
202100041362,127 673,A01,2,7,0,1,3,15,1,
202100041363,127 671,B01,2,7,0,2,8,1,1,
202100041363,127 672,A01,1,33,0,2,8,1,1,
202100041364,127 669,A01,1,7,0,2,2,17,1,
202100041364,127 670,B01,1,7,0,2,3,15,1,
202100041365,127 668,A01,2,7,0,0,9,1,1,
202100041366,127 667,A01,2,7,8,0,1,13,1,
202100041367,127 665,B01,1,33,0,2,1,1,1,
202100041367,127 666,A01,2,7,0,2,2,15,1,
202100041368,127 663,B01,1,38,0,2,2,1,1,1.0
202100041368,127 664,A01,2,7,0,2,1,19,1,
202100041369,127 661,B01,1,10,0,2,6,9,1,
202100041369,127 662,A01,1,7,0,2,5,17,1,
202100041370,127 658,C01,2,7,0,2,1,1,1,
202100041370,127 659,B01,2,33,0,2,1,1,1,
202100041370,127 660,A01,1,7,0,2,1,5,1,
202100041371,127 656,A01,1,15,0,2,1,1,1,
202100041371,127 657,B01,3,7,13,2,8,19,1,
202100041372,127 654,B01,2,7,0,2,1,11,1,
202100041372,127 655,A01,1,7,0,2,1,1,1,
202100041373,127 652,B01,2,7,0,2,1,1,1,
202100041373,127 653,A01,1,10,0,2,1,13,1,
202100041374,127 650,A01,2,20,16,2,9,1,1,
202100041374,127 651,B01,1,7,0,9,8,1,1,
202100041375,127 649,A01,3,7,0,1,1,0,1,
202100041376,127 647,B01,3,15,0,2,8,9,1,
202100041376,127 648,A01,1,34,4,2,2,1,1,
202100041377,127 645,A01,2,7,0,2,1,13,1,
202100041377,127 646,B01,1,7,0,2,1,1,1,
202100041378,127 644,A01,1,7,2,0,8,17,1,
202100041379,127 643,A01,3,7,0,1,4,4,1,
202100041380,127 642,A01,2,7,13,0,2,1,1,
202100041381,127 640,A01,2,7,0,2,1,15,1,
202100041381,127 641,B01,1,7,0,2,8,1,1,
202100041382,127 638,A01,3,13,0,2,4,1,1,
202100041382,127 639,B01,3,7,6,2,3,0,1,
202100041383,127 636,A01,0,7,0,2,3,15,1,
202100041383,127 637,B01,1,2,0,2,1,17,1,
202100041384,127 635,A01,2,33,4,0,3,13,1,
202100041385,127 634,A01,2,7,0,0,0,26,1,
202100041386,127 631,B01,2,15,0,2,4,23,1,
202100041386,127 632,C01,2,15,0,2,4,23,1,
202100041386,127 633,A01,2,15,0,2,1,2,1,
202100041387,127 629,A01,2,10,0,2,2,11,1,
202100041387,127 630,B01,2,33,0,2,8,1,1,
202100041388,127 625,D01,2,7,0,2,4,2,1,
202100041388,127 626,C01,2,7,0,2,1,2,1,
202100041388,127 627,B01,2,7,0,2,4,2,1,
202100041388,127 628,A01,2,7,0,2,1,2,1,
202100041389,127 624,A01,2,33,0,0,0,1,1,
202100041390,127 622,B01,1,7,0,2,5,2,1,
202100041390,127 623,A01,1,7,0,2,3,2,1,
202100041391,127 620,B01,2,34,0,2,3,1,1,
202100041391,127 621,A01,2,7,0,2,5,12,1,
202100041392,127 618,B01,2,14,0,2,4,1,1,
202100041392,127 619,A01,2,7,0,2,1,1,1,
202100041393,127 616,B01,2,33,0,2,4,3,1,
202100041393,127 617,A01,2,7,0,2,2,14,1,
202100041394,127 613,A01,1,33,0,2,1,3,1,
202100041394,127 614,B01,1,7,0,2,4,1,1,
202100041394,127 615,C01,1,7,0,2,4,1,1,
202100041395,127 611,A01,2,7,0,2,1,26,1,
202100041395,127 612,B01,2,7,0,2,5,1,1,
202100041396,127 610,A01,2,7,4,0,8,1,1,
202100041397,127 607,C01,2,7,0,2,4,2,1,
202100041397,127 608,B01,2,7,0,2,4,2,1,
202100041397,127 609,A01,2,7,0,2,1,0,1,
202100041398,127 605,B01,1,7,0,0,0,0,1,
202100041398,127 606,A01,1,7,4,9,1,18,1,
202100041399,127 601,A01,2,14,0,2,1,1,6,
202100041399,127 602,C01,2,7,0,2,4,23,6,
202100041399,127 603,B01,2,7,0,2,4,23,1,
202100041399,127 604,D01,2,7,0,0,4,23,0,
202100041400,127 599,A01,2,14,0,2,2,16,1,
202100041400,127 600,B01,2,2,0,2,8,18,1,
202100041401,127 597,A01,1,33,0,2,4,17,1,
202100041401,127 598,B01,1,7,0,2,3,15,0,
202100041402,127 595,A01,1,30,0,2,3,9,1,
202100041402,127 596,B01,1,7,0,2,7,13,1,
202100041403,127 594,A01,2,37,0,1,5,1,1,1.0
202100041404,127 593,A01,1,7,0,1,4,4,1,
202100041405,127 592,Z01,2,7,0,1,0,1,0,
202100041406,127 590,B01,2,30,0,2,1,1,1,
202100041406,127 591,A01,1,7,0,2,5,15,3,
202100041407,127 588,A01,2,7,0,2,5,16,1,
202100041407,127 589,B01,2,2,0,2,8,1,1,
202100041408,127 586,B01,2,30,0,2,1,1,3,
202100041408,127 587,A01,2,7,0,2,8,15,1,
202100041409,127 584,A01,3,33,0,2,1,1,1,
202100041409,127 585,B01,3,7,0,2,5,12,1,
202100041410,127 582,B01,0,1,0,2,0,18,5,
202100041410,127 583,A01,0,7,0,2,2,14,1,
202100041411,127 580,B01,2,32,1,2,1,1,1,
202100041411,127 581,A01,2,10,0,2,8,22,1,
202100041412,127 578,B01,3,33,0,2,1,1,1,
202100041412,127 579,A01,3,10,0,2,5,14,1,
202100041413,127 577,A01,1,80,14,0,2,12,3,
202100041414,127 576,A01,2,33,0,0,0,1,1,
202100041415,127 574,A01,1,7,0,2,1,2,1,
202100041415,127 575,B01,1,7,0,2,4,2,1,
202100041416,127 572,A01,1,7,0,2,8,15,1,
202100041416,127 573,B01,0,33,0,2,1,17,1,
202100041417,127 571,A01,1,7,9,0,1,26,1,
202100041418,127 569,A01,2,7,0,2,3,1,1,
202100041418,127 570,B01,1,2,0,2,0,16,1,
202100041419,127 567,A01,1,7,0,2,2,1,1,
202100041419,127 568,B01,1,7,0,2,0,1,1,
202100041420,127 565,A01,3,10,0,2,6,4,1,
202100041420,127 566,B01,3,30,0,2,1,1,1,
202100041421,127 564,A01,-1,31,0,1,5,26,0,
202100041422,127 563,A01,1,7,0,1,2,1,2,
202100041423,127 561,A01,1,33,0,2,2,21,1,
202100041423,127 562,B01,3,1,0,2,3,9,5,
202100041424,127 560,A01,1,7,0,1,4,20,1,
202100041425,127 558,B01,2,31,0,2,1,3,3,
202100041425,127 559,A01,2,7,0,2,3,0,1,
202100041426,127 556,B01,1,43,0,2,7,1,1,
202100041426,127 557,A01,1,7,0,2,1,9,1,
202100041427,127 554,A01,1,13,0,2,3,15,0,
202100041427,127 555,B01,1,2,0,2,2,17,1,
202100041428,127 552,A01,2,33,0,2,2,17,1,
202100041428,127 553,B01,2,7,0,2,3,15,1,
202100041429,127 550,A01,1,7,0,2,8,10,1,
202100041429,127 551,B01,1,34,0,2,2,3,1,
202100041430,127 548,A01,2,7,0,2,7,1,1,
202100041430,127 549,B01,2,2,0,2,1,1,1,
202100041431,127 546,A01,1,10,0,2,3,15,1,
202100041431,127 547,B01,1,33,0,2,6,15,1,
202100041432,127 543,A01,1,33,0,2,5,3,1,
202100041432,127 544,B01,1,10,0,2,5,1,1,
202100041432,127 545,C01,1,14,0,2,6,1,1,
202100041433,127 541,B01,1,32,0,0,4,1,1,
202100041433,127 542,A01,1,7,0,2,1,2,1,
202100041434,127 539,A01,3,7,0,2,2,19,1,
202100041434,127 540,B01,2,7,0,2,3,1,1,
202100041435,127 537,B01,3,7,0,2,3,1,1,
202100041435,127 538,A01,3,33,0,2,1,0,1,
202100041436,127 536,B01,1,17,1,1,2,2,1,
202100041437,127 533,A01,1,10,0,2,1,2,1,
202100041437,127 534,B01,1,10,0,0,4,2,1,
202100041437,127 535,C01,1,10,0,2,9,2,1,
202100041438,127 532,A01,1,7,13,0,9,1,2,
202100041439,127 530,B01,2,2,0,2,1,1,1,
202100041439,127 531,A01,1,7,0,2,2,15,1,
202100041440,127 528,B01,1,7,0,9,3,1,1,
202100041440,127 529,A01,2,2,0,2,1,13,1,
202100041441,127 527,A01,2,33,13,0,0,1,1,
202100041442,127 525,A01,0,33,0,2,8,9,1,
202100041442,127 526,B01,1,7,0,2,1,1,1,
202100041443,127 523,A01,1,7,0,2,1,5,1,
202100041443,127 524,B01,2,7,0,2,1,1,1,
202100041444,127 522,A01,2,33,15,0,1,1,1,
202100041445,127 521,A01,1,33,14,0,9,1,1,
202100041446,127 519,A01,2,7,0,2,1,13,1,
202100041446,127 520,B01,1,7,0,2,1,1,1,
202100041447,127 517,B01,2,15,0,2,3,1,1,
202100041447,127 518,A01,1,7,0,2,3,13,1,
202100041448,127 516,A01,1,33,8,0,3,14,1,
202100041449,127 515,A01,2,7,13,0,3,1,1,
202100041450,127 514,A01,1,7,10,0,1,1,1,
202100041451,127 513,A01,0,7,13,0,9,16,1,
202100041452,127 512,A01,2,10,11,0,1,1,1,
202100041453,127 511,A01,1,15,16,0,0,1,1,
202100041454,127 509,A01,1,33,0,2,3,1,1,
202100041454,127 510,B01,2,7,0,2,3,13,1,
202100041455,127 507,B01,2,10,0,2,2,17,1,
202100041455,127 508,A01,2,7,0,0,6,1,1,
202100041456,127 505,B01,3,1,0,2,4,15,5,
202100041456,127 506,A01,1,7,0,2,2,1,1,
202100041457,127 503,B01,3,7,0,2,1,15,1,
202100041457,127 504,A01,2,7,0,2,9,1,1,
202100041458,127 501,A01,1,7,0,2,3,11,1,
202100041458,127 502,B01,2,7,6,2,3,13,1,
202100041459,127 499,B01,3,1,0,2,7,19,5,
202100041459,127 500,A01,3,7,0,2,1,1,1,
202100041460,127 498,A01,1,31,7,0,1,17,1,
202100041461,127 496,B01,1,14,0,2,2,12,1,
202100041461,127 497,A01,1,7,4,2,6,2,1,
202100041462,127 495,A01,1,7,13,0,1,1,1,
202100041463,127 492,B01,1,7,0,2,2,17,1,
202100041463,127 493,C01,2,20,0,2,8,1,1,
202100041463,127 494,A01,1,17,0,2,6,17,1,
202100041464,127 491,A01,0,10,0,0,0,1,1,
202100041465,127 489,B01,3,2,0,2,1,2,1,
202100041465,127 490,A01,3,2,0,0,4,23,1,
202100041466,127 487,A01,2,33,0,0,1,2,1,
202100041466,127 488,B01,2,10,0,0,8,2,1,
202100041467,127 485,B01,2,33,0,2,1,1,1,
202100041467,127 486,A01,1,7,0,2,7,15,1,
202100041468,127 484,A01,3,7,0,1,8,1,1,
202100041469,127 483,A01,3,7,13,0,7,1,1,
202100041470,127 480,A01,1,7,0,2,4,1,1,
202100041470,127 481,B01,1,7,0,2,4,1,1,
202100041470,127 482,C01,1,7,0,2,1,1,1,
202100041471,127 476,A01,2,33,0,2,5,1,1,
202100041471,127 477,B01,2,33,0,2,1,2,1,
202100041471,127 478,C01,2,10,0,2,0,1,1,
202100041471,127 479,D01,2,7,0,2,1,1,1,
202100041472,127 474,A01,2,33,0,2,1,2,1,
202100041472,127 475,B01,2,7,0,2,4,1,1,
202100041473,127 473,A01,1,7,4,0,0,0,1,
202100041474,127 472,A01,2,7,0,2,8,2,1,
202100041475,127 471,A01,1,7,4,0,1,2,1,
202100041476,127 470,A01,2,33,4,0,8,1,1,
202100041477,127 468,A01,1,7,0,2,1,2,1,
202100041477,127 469,B01,1,7,0,2,4,2,1,
202100041478,127 466,A01,1,33,0,2,3,3,1,