Num_Acc,id_vehicule,num_veh,senc,catv,obs,obsm,choc,manv,motor,occutc
202100042087,126 398,A01,1,7,2,0,1,6,1,
202100042088,126 397,A01,3,7,9,1,3,4,1,
202100042089,126 396,A01,1,43,9,0,1,14,1,
202100042090,126 395,A01,2,21,0,1,5,17,1,
202100042091,126 394,A01,1,7,0,1,3,15,1,
202100042092,126 392,B01,2,3,0,2,3,1,1,
202100042092,126 393,A01,2,7,0,2,5,17,0,
202100042093,126 391,A01,0,2,13,0,0,1,1,
202100042094,126 389,B01,1,7,0,2,7,1,1,
202100042094,126 390,A01,1,33,0,2,3,9,1,
202100042095,126 387,A01,0,21,0,2,1,19,1,
202100042095,126 388,B01,0,7,0,2,8,1,0,
202100042096,126 385,A01,3,7,0,2,3,16,1,
202100042096,126 386,B01,0,7,0,1,3,1,1,
202100042097,126 382,B01,2,7,0,2,2,1,1,
202100042097,126 383,A01,2,7,0,0,6,1,1,
202100042097,126 384,C01,1,7,0,2,1,1,1,
202100042098,126 380,A01,0,7,0,2,2,1,1,
202100042098,126 381,B01,2,33,0,2,1,1,1,
202100042099,126 378,B01,1,1,0,2,1,1,5,
202100042099,126 379,A01,2,2,0,2,5,15,1,
202100042100,126 377,A01,2,7,2,0,2,0,1,
202100042101,126 374,A01,1,7,0,0,3,1,1,
202100042101,126 375,B01,1,7,0,0,3,1,1,
202100042102,126 372,B01,2,10,0,0,0,1,1,
202100042102,126 373,A01,1,2,0,2,0,1,1,
202100042103,126 371,A01,3,1,6,0,1,15,5,
202100042104,126 370,A01,1,7,3,0,9,1,1,
202100042105,126 368,A01,2,7,0,2,1,1,1,
202100042105,126 369,B01,2,2,0,2,2,1,1,
202100042106,126 366,A01,1,7,0,2,3,1,1,
202100042106,126 367,B01,2,2,0,2,1,1,1,
202100042107,126 365,A01,2,7,16,0,2,17,1,
202100042108,126 363,B01,0,1,0,2,1,19,0,
202100042108,126 364,A01,1,7,12,2,2,1,1,
202100042109,126 361,B01,0,1,0,2,8,2,5,
202100042109,126 362,A01,3,1,0,2,8,2,5,
202100042110,126 359,B01,0,7,0,2,7,14,1,
202100042110,126 360,A01,0,37,0,2,3,1,1,1.0
202100042111,126 357,B01,2,17,0,2,6,12,1,
202100042111,126 358,A01,2,7,0,2,1,21,1,
202100042112,126 354,B01,1,7,0,2,4,2,1,
202100042112,126 355,A01,1,7,0,0,4,1,1,
202100042112,126 356,C01,1,7,0,2,1,1,1,
202100042113,126 351,C01,1,10,0,2,1,1,1,
202100042113,126 352,B01,1,7,0,2,4,2,1,
202100042113,126 353,A01,1,7,0,0,4,2,1,
202100042114,126 349,A01,2,7,0,2,1,15,1,
202100042114,126 350,B01,3,7,0,2,7,1,1,
202100042115,126 347,B01,1,7,0,9,6,2,3,
202100042115,126 348,A01,1,32,0,2,1,2,0,
202100042116,126 346,A01,0,32,0,0,0,15,1,
202100042117,126 345,A01,1,7,0,1,2,15,1,
202100042118,126 344,A01,1,17,0,0,0,15,1,
202100042119,126 341,C01,1,7,0,2,1,1,1,
202100042119,126 342,B01,2,10,0,2,3,1,1,
202100042119,126 343,A01,1,10,0,2,1,13,1,
202100042120,126 340,A01,1,30,0,1,1,19,1,
202100042121,126 339,A01,1,7,12,0,2,1,1,
202100042122,126 337,B01,2,10,0,2,3,1,1,
202100042122,126 338,A01,1,33,0,2,1,17,1,
202100042123,126 335,B01,2,33,0,2,1,1,1,
202100042123,126 336,A01,1,7,0,2,3,15,1,
202100042124,126 333,A01,2,2,0,2,1,17,1,
202100042124,126 334,B01,3,10,0,2,3,19,1,
202100042125,126 331,B01,1,2,0,2,1,10,0,
202100042125,126 332,A01,1,1,0,2,1,1,5,
202100042126,126 328,B01,1,7,0,2,7,1,1,
202100042126,126 329,C01,2,7,0,2,3,1,1,
202100042126,126 330,A01,1,7,0,2,1,1,1,
202100042127,126 327,A01,1,7,7,0,1,1,1,
202100042128,126 325,A01,2,7,0,2,1,1,1,
202100042128,126 326,B01,1,7,6,2,3,1,1,
202100042129,126 323,A01,1,10,0,2,1,0,1,
202100042129,126 324,B01,2,7,0,2,1,0,1,
202100042130,126 319,A01,2,33,0,2,1,1,1,
202100042130,126 320,B01,1,7,0,2,8,19,1,
202100042131,126 318,A01,3,10,0,1,6,4,1,
202100042132,126 317,A01,3,7,0,1,4,4,1,
202100042133,126 315,A01,3,1,0,0,4,9,5,
202100042133,126 316,B01,3,7,0,2,2,1,1,
202100042134,126 313,A01,3,7,0,2,1,2,1,
202100042134,126 314,B01,3,33,0,0,4,23,1,
202100042135,126 312,A01,3,2,12,0,1,1,1,
202100042136,126 310,B01,1,7,0,2,1,9,1,
202100042136,126 311,A01,1,2,0,2,1,1,1,
202100042137,126 308,A01,1,7,14,0,1,1,1,
202100042138,126 307,A01,1,7,0,2,7,1,1,
202100042139,126 305,B01,2,7,0,2,6,1,1,
202100042139,126 306,A01,2,17,0,2,5,14,1,
202100042140,126 301,A01,2,7,0,9,9,26,1,
202100042140,126 302,B01,2,7,0,2,2,0,1,
202100042140,126 303,C01,2,7,0,2,4,23,1,
202100042140,126 304,D01,2,7,0,2,4,23,1,
202100042141,126 299,A01,2,15,0,2,2,12,1,
202100042141,126 300,B01,2,7,0,2,6,1,1,
202100042142,126 297,B01,1,15,0,2,2,14,1,
202100042142,126 298,A01,1,7,0,2,6,13,1,
202100042143,126 295,A01,1,10,0,2,0,14,1,
202100042143,126 296,B01,1,7,0,2,0,1,1,
202100042144,126 294,A01,2,33,0,0,9,2,1,
202100042145,126 292,A01,1,32,1,0,1,12,1,
202100042145,126 293,B01,1,10,0,2,4,26,1,
202100042146,126 290,A01,1,33,0,2,1,1,1,
202100042146,126 291,B01,1,7,0,2,0,17,1,
202100042147,126 288,A01,1,10,0,2,1,1,1,
202100042147,126 289,B01,1,7,0,2,4,1,1,
202100042148,126 286,B01,1,30,0,2,1,1,1,
202100042148,126 287,A01,1,7,0,9,6,9,1,
202100042149,126 284,B01,2,7,0,2,8,1,1,
202100042149,126 285,A01,1,0,0,0,8,26,0,
202100042150,126 282,B01,1,7,0,2,4,9,1,
202100042150,126 283,A01,1,30,0,2,1,18,1,
202100042151,126 280,B01,2,60,0,2,1,0,5,
202100042151,126 281,A01,1,1,0,2,1,25,0,
202100042152,126 278,B01,2,2,0,2,1,2,1,
202100042152,126 279,A01,2,7,0,9,8,15,1,
202100042153,126 276,B01,2,1,0,2,0,1,5,
202100042153,126 277,A01,1,7,0,2,1,15,1,
202100042154,126 274,A01,2,31,1,2,2,17,1,
202100042154,126 275,B01,2,10,0,2,3,26,1,
202100042155,126 272,A01,1,7,14,2,1,1,1,
202100042155,126 273,B01,1,7,14,2,4,15,1,
202100042156,126 270,B01,1,7,0,2,1,2,1,
202100042156,126 271,A01,1,7,0,2,4,26,1,
202100042157,126 268,B01,0,7,0,2,5,17,1,
202100042157,126 269,A01,0,37,0,2,3,15,1,2.0
202100042158,126 266,A01,2,7,0,2,1,19,1,
202100042158,126 267,B01,2,7,0,2,8,1,1,
202100042159,126 264,A01,1,36,0,2,1,19,1,
202100042159,126 265,B01,1,7,0,2,8,0,0,
202100042160,126 263,A01,1,33,15,0,2,26,1,
202100042161,126 261,B01,3,7,0,2,2,1,1,
202100042161,126 262,A01,3,7,0,2,8,9,1,
202100042162,126 257,A01,3,33,0,2,9,13,1,
202100042162,126 258,B01,3,7,0,2,7,1,1,
202100042163,126 256,A01,3,7,0,1,2,26,1,
202100042164,126 255,A01,1,7,0,1,1,1,1,
202100042165,126 254,A01,2,7,2,0,3,13,1,
202100042166,126 251,A01,3,7,0,1,1,15,1,
202100042167,126 250,A01,2,7,0,0,1,14,1,
202100042168,126 248,B01,1,2,0,0,0,0,1,
202100042168,126 249,A01,1,7,0,2,2,16,1,
202100042169,126 246,A01,1,37,8,1,7,16,1,1.0
202100042170,126 244,B01,2,1,0,2,1,1,5,
202100042170,126 245,A01,1,7,0,2,1,16,1,
202100042171,126 242,B01,1,7,0,2,5,1,1,
202100042171,126 243,A01,2,7,0,2,1,1,1,
202100042172,126 240,B01,2,10,0,2,0,19,-1,
202100042172,126 241,A01,0,1,0,2,0,19,-1,
202100042173,126 238,B01,3,1,0,2,4,2,0,
202100042173,126 239,A01,3,7,0,2,1,2,1,
202100042174,126 237,A01,3,7,0,1,1,1,1,
202100042175,126 234,B01,3,7,0,2,3,19,1,
202100042175,126 235,A01,3,7,0,2,1,19,1,
202100042176,126 231,A01,1,15,13,0,7,14,1,
202100042177,126 230,A01,3,7,13,0,9,14,1,
202100042178,126 229,A01,2,30,1,0,2,1,1,
202100042179,126 228,A01,3,7,0,1,3,1,1,
202100042180,126 227,A01,1,7,12,0,1,9,1,
202100042181,126 226,A01,1,7,0,1,8,1,1,
202100042182,126 224,A01,3,60,0,0,0,21,5,
202100042182,126 225,Z01,3,7,0,-1,-1,1,-1,
202100042183,126 222,A01,3,7,0,2,2,15,1,
202100042183,126 223,B01,3,1,0,2,8,1,5,
202100042184,126 221,A01,2,7,6,2,9,14,1,
202100042185,126 220,A01,3,7,0,0,2,1,1,
202100042186,126 218,B01,1,1,0,2,1,15,5,
202100042186,126 219,A01,1,7,0,2,3,15,1,
202100042187,126 216,A01,1,10,0,0,7,9,1,
202100042187,126 217,B01,1,1,0,2,8,12,5,
202100042188,126 214,B01,1,2,0,2,1,1,1,
202100042188,126 215,A01,1,7,0,2,8,15,1,
202100042189,126 212,A01,1,1,0,2,4,19,5,
202100042189,126 213,Z01,2,7,0,2,0,1,0,
202100042190,126 210,A01,1,33,0,2,2,16,1,
202100042190,126 211,B01,1,7,0,2,3,1,1,
202100042191,126 207,C01,2,7,0,2,1,0,1,
202100042191,126 208,B01,2,7,0,2,6,9,1,
202100042191,126 209,A01,2,7,0,2,1,26,1,
202100042192,126 205,B01,1,7,1,2,3,1,1,
202100042192,126 206,A01,2,7,0,2,3,15,1,
202100042193,126 202,A01,1,7,2,0,2,14,1,
202100042194,126 200,A01,2,33,0,2,1,1,1,
202100042194,126 201,B01,2,2,0,2,8,15,1,
202100042195,126 198,B01,1,1,0,2,1,1,0,
202100042195,126 199,A01,1,10,0,2,7,16,1,
202100042196,126 196,A01,1,7,0,2,3,15,1,
202100042196,126 197,B01,1,7,0,2,1,1,1,
202100042197,126 195,A01,1,7,6,0,2,1,1,
202100042198,126 193,B01,1,7,0,2,1,1,1,
202100042198,126 194,A01,1,7,0,2,8,10,1,
202100042199,126 191,A01,0,32,5,2,0,18,1,
202100042199,126 192,B01,3,7,0,2,0,0,1,
202100042200,126 189,B01,3,38,0,2,3,1,1,1.0
202100042200,126 190,A01,3,7,0,2,3,5,1,
202100042201,126 188,A01,2,7,9,0,1,26,1,
202100042202,126 186,B01,1,1,0,2,7,1,5,
202100042202,126 187,A01,2,7,0,2,1,9,1,
202100042203,126 185,A01,0,2,0,0,0,15,1,
202100042204,126 184,A01,3,7,0,0,3,13,1,
202100042205,126 183,A01,1,7,8,0,3,1,1,
202100042206,126 181,B01,3,7,0,2,5,23,1,
202100042206,126 182,A01,3,32,14,0,1,1,1,
202100042207,126 179,B01,1,32,0,2,2,12,1,
202100042207,126 180,A01,1,33,0,2,3,3,1,
202100042208,126 177,A01,1,32,0,2,1,2,1,
202100042208,126 178,B01,1,10,0,2,4,2,3,
202100042209,126 176,A01,2,2,0,1,8,1,1,
202100042210,126 174,A01,2,7,0,2,7,22,1,
202100042210,126 175,B01,2,1,0,2,2,1,5,
202100042211,126 172,A01,1,10,0,2,8,22,1,
202100042211,126 173,B01,1,80,0,2,1,17,3,
202100042212,126 171,A01,2,1,0,1,1,1,5,
202100042213,126 169,B01,1,33,0,2,2,1,1,
202100042213,126 170,A01,1,7,0,2,3,15,1,
202100042214,126 167,A01,3,7,0,2,2,1,1,
202100042214,126 168,B01,2,10,0,2,8,1,1,
202100042215,126 165,A01,1,1,0,2,1,5,5,
202100042215,126 166,B01,1,1,0,2,1,1,5,
202100042216,126 163,B01,2,1,0,2,7,19,5,
202100042216,126 164,A01,2,32,0,2,2,21,1,
202100042217,126 162,A01,1,7,0,1,5,2,1,
202100042218,126 161,A01,2,31,0,1,1,1,1,
202100042219,126 160,A01,1,7,0,1,1,2,1,
202100042220,126 159,A01,3,7,0,1,2,1,1,
202100042221,126 157,A01,2,1,0,2,4,15,6,
202100042221,126 158,B01,2,7,0,9,2,15,1,
202100042222,126 155,B01,-1,7,0,2,3,15,1,
202100042222,126 156,A01,-1,7,0,2,1,1,1,
202100042223,126 153,B01,2,7,0,2,2,15,2,
202100042223,126 154,A01,1,34,0,2,3,18,1,
202100042224,126 151,A01,1,37,0,2,3,9,1,1.0
202100042224,126 152,B01,1,10,0,2,5,17,1,
202100042225,126 150,A01,1,7,0,1,2,1,1,
202100042226,126 148,A01,2,7,0,2,8,10,1,
202100042226,126 149,B01,2,33,0,2,1,1,1,
202100042227,126 145,C01,2,7,0,9,1,21,1,
202100042227,126 146,A01,1,10,0,2,3,26,0,
202100042227,126 147,B01,2,37,0,2,3,0,0,1.0
202100042228,126 144,A01,2,7,0,1,1,10,1,
202100042229,126 142,A01,2,30,0,2,1,26,1,
202100042229,126 143,B01,2,7,0,2,5,2,1,
202100042230,126 140,A01,1,7,0,2,1,9,1,
202100042230,126 141,B01,2,1,0,2,3,1,5,
202100042231,126 138,A01,1,7,0,2,7,21,1,
202100042231,126 139,B01,1,1,0,2,8,1,5,
202100042232,126 136,A01,1,43,0,2,1,2,1,
202100042232,126 137,B01,1,7,0,2,4,1,1,
202100042233,126 134,Y01,3,1,0,2,1,1,5,
202100042233,126 135,A01,3,10,0,2,2,14,1,
202100042234,126 133,A01,2,7,0,1,1,1,2,
202100042235,126 132,A01,1,32,12,0,1,13,0,
202100042236,126 130,B01,1,33,0,2,4,12,1,
202100042236,126 131,A01,1,10,0,2,2,1,1,
202100042237,126 128,B01,2,2,0,2,1,1,1,
202100042237,126 129,A01,1,7,0,2,1,17,1,
202100042238,126 127,A01,1,33,0,0,8,1,1,
202100042239,126 126,A01,1,2,0,0,2,1,1,
202100042240,126 124,A01,2,10,0,2,9,1,1,
202100042240,126 125,B01,1,10,0,2,3,13,1,
202100042241,126 122,A01,1,7,0,2,2,15,1,
202100042241,126 123,B01,2,7,0,2,3,1,1,
202100042242,126 121,A01,2,7,0,0,9,19,1,
202100042243,126 120,A01,3,31,13,0,0,17,1,
202100042244,126 118,B01,1,7,0,2,3,1,1,
202100042244,126 119,A01,2,33,3,2,8,1,1,
202100042245,126 117,A01,2,33,14,0,1,0,1,
202100042246,126 115,B01,0,7,0,0,2,1,1,
202100042246,126 116,A01,0,2,0,2,1,5,1,
202100042247,126 114,A01,3,33,13,0,1,1,1,
202100042248,126 112,B01,2,7,8,2,3,1,1,
202100042248,126 113,A01,2,7,0,2,2,19,1,
202100042249,126 110,A01,1,2,0,2,1,13,1,
202100042249,126 111,B01,1,7,0,2,6,11,1,
202100042250,126 109,A01,1,7,6,0,2,1,1,
202100042251,126 107,A01,3,7,0,9,2,1,1,
202100042251,126 108,B01,0,2,0,2,7,15,1,
202100042252,126 105,A01,1,33,0,2,1,17,1,
202100042252,126 106,B01,1,21,0,2,6,15,1,
202100042253,126 104,A01,3,37,0,1,7,1,1,1.0
202100042254,126 102,A01,3,7,0,2,1,13,1,
202100042254,126 103,B01,3,7,0,2,1,1,1,
202100042255,126 100,A01,1,7,0,2,8,19,1,
202100042255,126 101,B01,1,31,0,2,1,1,1,
202100042256,126 097,A01,2,7,0,2,1,1,1,
202100042256,126 098,B01,1,10,0,2,1,1,1,
202100042256,126 099,C01,1,7,0,2,1,1,1,
202100042257,126 095,B01,3,7,0,2,1,1,1,
202100042257,126 096,A01,3,7,6,2,1,1,1,
202100042258,126 093,B01,1,7,0,0,4,16,1,
202100042258,126 094,A01,1,2,0,2,1,1,1,
202100042259,126 091,A01,2,10,0,2,1,11,1,
202100042259,126 092,B01,1,7,0,2,1,1,1,
202100042260,126 090,A01,1,7,2,0,1,15,1,
202100042261,126 088,A01,3,7,0,2,1,1,1,
202100042261,126 089,B01,3,60,0,2,0,19,5,
202100042262,126 086,A01,2,10,0,2,2,13,1,
202100042262,126 087,B01,1,7,0,2,2,1,1,
202100042263,126 085,A01,2,10,3,0,1,26,1,
202100042264,126 083,B01,2,1,0,2,2,26,5,
202100042264,126 084,A01,1,7,0,9,3,1,1,
202100042265,126 082,A01,2,7,6,0,1,13,1,
202100042266,126 080,A01,2,7,0,2,2,21,1,
202100042266,126 081,B01,1,10,0,2,3,1,1,
202100042267,126 079,A01,1,7,13,0,2,1,1,
202100042268,126 077,B01,1,50,0,2,1,9,3,
202100042268,126 078,A01,1,10,0,2,1,1,1,
202100042269,126 076,A01,3,2,0,0,0,1,1,
202100042270,126 074,A01,2,7,0,2,1,2,1,
202100042270,126 075,B01,1,7,9,0,4,1,1,
202100042271,126 071,B01,1,7,0,0,7,26,1,
202100042271,126 072,A01,1,7,0,2,3,26,1,
202100042272,126 069,B01,3,10,0,0,3,1,1,
202100042272,126 070,A01,3,33,0,0,0,0,1,
202100042273,126 068,A01,2,34,3,0,2,0,1,
202100042274,126 067,A01,2,7,4,0,1,0,1,
202100042275,126 065,A01,1,7,4,2,3,13,1,
202100042275,126 066,B01,1,15,0,2,6,1,1,
202100042276,126 063,B01,2,7,0,2,2,1,1,
202100042276,126 064,A01,2,7,0,2,3,11,1,
202100042277,126 059,B01,1,33,0,2,8,2,1,
202100042277,126 060,D01,1,7,0,2,4,2,1,
202100042277,126 061,C01,1,7,0,2,8,2,1,
202100042277,126 062,A01,1,7,0,2,7,1,1,
202100042278,126 054,A01,1,14,0,2,2,2,1,
202100042278,126 055,B01,1,10,0,2,4,2,1,
202100042278,126 056,C01,1,7,0,2,4,2,1,
202100042278,126 057,D01,1,37,0,2,2,1,1,1.0
202100042278,126 058,E01,1,7,0,2,4,2,1,
202100042279,126 052,A01,0,7,0,2,1,1,1,
202100042279,126 053,B01,1,7,0,2,4,1,1,
202100042280,126 051,A01,2,7,0,1,1,1,1,
202100042281,126 049,A01,0,7,0,2,0,0,1,
202100042281,126 050,B01,0,15,0,2,3,0,1,
202100042282,126 047,A01,3,7,0,2,5,26,1,
202100042282,126 048,B01,3,7,1,0,2,26,1,
202100042283,126 046,A01,1,30,0,0,8,1,1,
202100042284,126 045,Z01,3,0,0,2,1,1,6,
202100042285,126 044,A01,1,7,0,1,1,1,1,
202100042286,126 042,A01,2,7,0,2,1,13,0,
202100042286,126 043,B01,1,2,0,2,1,1,1,
202100042287,126 040,A01,1,7,0,2,6,15,1,
202100042287,126 041,B01,1,33,0,2,1,17,1,
202100042288,126 036,B01,1,7,0,2,1,2,1,
202100042288,126 037,C01,1,7,0,2,3,2,1,
202100042288,126 038,A01,1,7,0,2,6,2,1,
202100042289,126 035,A01,1,7,1,0,3,13,1,
202100042290,126 033,A01,1,7,0,2,1,2,1,
202100042290,126 034,B01,1,14,0,2,4,23,1,
202100042291,126 031,B01,1,32,0,2,1,1,1,
202100042291,126 032,A01,1,7,0,2,3,20,1,
202100042292,126 030,A01,1,10,12,0,1,13,1,
202100042293,126 027,A01,1,99,0,2,1,2,1,
202100042293,126 028,B01,1,10,0,9,4,23,1,
202100042294,126 025,B01,2,2,0,2,3,1,1,
202100042294,126 026,A01,1,7,0,2,3,1,1,
202100042295,126 022,B01,2,7,0,2,0,0,0,
202100042295,126 023,C01,2,7,0,2,4,23,1,
202100042295,126 024,A01,2,7,0,2,4,23,1,
202100042296,126 021,A01,2,7,0,1,5,1,1,
202100042297,126 020,A01,0,10,0,1,1,15,1,
202100042298,126 018,A01,3,2,0,2,8,1,1,
202100042298,126 019,B01,3,2,0,2,1,1,1,
202100042299,126 016,A01,2,7,0,2,1,1,1,
202100042299,126 017,B01,1,10,0,2,1,1,1,
202100042300,126 015,A01,2,7,0,1,0,21,1,
202100042301,126 013,A01,1,30,0,2,1,26,1,
202100042301,126 014,B01,1,7,0,2,4,2,1,
202100042302,126 011,A01,2,7,0,2,1,2,1,
202100042302,126 012,B01,2,10,0,2,4,23,1,
202100042303,126 009,A01,2,7,0,2,2,1,1,
202100042303,126 010,B01,1,7,0,2,3,1,1,
202100042304,126 007,B01,2,7,2,2,1,1,1,
202100042304,126 008,A01,2,7,0,2,3,15,1,
202100042305,126 005,B01,3,15,0,2,4,24,1,
202100042305,126 006,A01,3,7,1,0,1,1,1,
202100042306,126 003,A01,1,7,0,0,0,1,1,
202100042306,126 004,B01,1,33,0,0,1,1,1,
202100042307,126 001,A01,1,32,0,2,7,17,1,
202100042307,126 002,B01,2,7,0,2,3,15,2,
202100042308,125 999,B01,3,7,0,2,2,15,1,
202100042308,126 000,A01,3,10,0,2,1,9,1,
202100042309,125 998,A01,3,7,13,0,3,1,1,
202100042310,125 997,A01,3,7,0,1,4,4,1,
202100042311,125 995,A01,1,7,0,9,7,16,1,
202100042311,125 996,B01,1,50,0,2,1,1,3,
202100042312,125 993,A01,3,7,0,2,1,15,1,
202100042312,125 994,B01,3,7,0,2,3,1,1,
202100042313,125 989,A01,2,7,0,2,1,2,1,
202100042313,125 990,D01,2,7,0,2,4,2,1,
202100042313,125 991,C01,2,7,0,2,4,2,1,
202100042313,125 992,B01,2,7,0,2,4,2,1,
202100042314,125 988,A01,3,7,0,1,2,1,1,
202100042315,125 986,B01,1,1,0,2,1,15,5,
202100042315,125 987,A01,0,7,0,2,1,15,1,
202100042316,125 984,A01,3,32,0,2,1,17,1,
202100042316,125 985,B01,3,7,0,2,8,15,1,
202100042317,125 982,A01,1,13,0,2,8,1,1,
202100042317,125 983,B01,2,7,0,2,3,1,1,
202100042318,125 980,A01,2,7,0,2,2,15,1,
202100042318,125 981,B01,2,2,0,2,1,18,1,
202100042319,125 978,A01,0,7,0,2,2,15,1,
202100042319,125 979,B01,0,33,0,0,0,0,1,
202100042320,125 977,A01,2,7,0,1,3,15,1,
202100042321,125 975,B01,3,2,0,2,1,1,1,
202100042321,125 976,A01,1,7,0,2,3,9,1,
202100042322,125 973,B01,3,7,0,2,1,2,1,
202100042322,125 974,A01,3,7,0,2,1,0,1,
202100042323,125 971,B01,0,1,0,2,7,17,5,
202100042323,125 972,A01,0,7,0,2,3,15,1,
202100042324,125 970,A01,1,14,0,1,4,4,1,
202100042325,125 969,A01,3,31,3,0,7,21,1,
202100042326,125 968,A01,3,7,0,1,7,1,1,
202100042327,125 965,A01,0,7,0,1,2,1,1,
202100042328,125 962,B01,1,7,0,2,0,0,3,
202100042328,125 963,A01,1,7,0,2,4,2,1,
202100042328,125 964,C01,1,7,0,2,2,2,1,
202100042329,125 960,B01,1,7,0,2,1,1,1,
202100042329,125 961,A01,1,7,0,2,1,1,1,
202100042330,125 959,A01,1,34,0,1,1,1,1,
202100042331,125 957,B01,2,7,0,2,0,0,1,
202100042331,125 958,A01,2,50,0,2,1,26,3,
202100042332,125 955,B01,1,7,0,2,8,1,1,
202100042332,125 956,A01,2,30,0,2,8,13,1,
202100042333,125 954,A01,1,7,1,1,2,9,1,
202100042334,125 952,A01,3,7,0,2,7,1,1,
202100042334,125 953,B01,3,7,0,2,1,1,1,
202100042335,125 951,A01,3,3,0,1,3,15,1,
202100042336,125 949,A01,3,7,0,2,8,13,1,
202100042336,125 950,B01,3,10,0,2,0,0,1,
202100042337,125 947,A01,0,50,0,-1,1,15,3,
202100042337,125 948,B01,0,40,0,2,3,1,3,
202100042338,125 945,A01,1,7,0,2,1,2,1,
202100042338,125 946,B01,1,7,0,2,4,2,1,
202100042339,125 941,A01,0,7,0,2,7,14,1,
202100042339,125 942,B01,3,7,1,2,6,1,1,
202100042339,125 943,D01,3,7,0,2,3,24,1,
202100042339,125 944,C01,3,7,0,2,1,24,1,
202100042340,125 940,A01,2,7,4,0,1,1,1,
202100042341,125 938,B01,1,7,0,2,3,1,1,
202100042341,125 939,A01,1,7,0,2,3,9,1,
202100042342,125 937,A01,2,31,14,0,8,1,1,
202100042343,125 935,A01,1,32,0,2,1,15,1,
202100042343,125 936,B01,2,31,0,2,8,1,3,
202100042344,125 933,B01,2,1,0,2,4,17,5,
202100042344,125 934,A01,2,7,0,2,1,1,1,
202100042345,125 932,A01,1,50,0,0,0,21,3,
202100042346,125 930,A01,1,32,0,2,7,1,1,
202100042346,125 931,Z01,0,7,0,2,7,11,0,
202100042347,125 928,A01,1,33,0,2,1,1,1,
202100042347,125 929,B01,2,1,0,2,8,1,5,
202100042348,125 927,A01,1,30,0,0,3,15,1,
202100042349,125 925,A01,2,33,0,2,7,14,1,
202100042349,125 926,B01,2,7,0,2,8,1,1,
202100042350,125 923,A01,1,7,0,2,5,1,1,
202100042350,125 924,B01,1,43,0,2,1,1,1,
202100042351,125 921,B01,3,7,0,2,3,16,1,
202100042351,125 922,A01,3,2,0,2,2,17,1,
202100042352,125 919,A01,2,1,0,2,7,1,5,
202100042352,125 920,B01,2,7,0,0,8,1,1,
202100042353,125 918,A01,2,50,0,1,1,21,3,
202100042354,125 916,B01,2,7,0,2,3,1,1,
202100042354,125 917,A01,1,32,0,2,1,1,1,
202100042355,125 914,B01,2,43,0,2,5,17,1,
202100042355,125 915,A01,2,1,0,2,1,15,5,
202100042356,125 912,A01,1,30,0,2,8,13,1,
202100042356,125 913,B01,1,7,0,2,5,2,1,
202100042357,125 911,A01,1,31,0,1,1,1,1,
202100042358,125 910,A01,2,50,0,0,0,7,3,
202100042359,125 909,A01,1,1,0,0,0,1,5,
202100042360,125 908,Z01,0,31,0,1,1,1,0,
202100042361,125 907,Z01,1,50,0,1,1,25,3,
202100042362,125 906,Z01,1,14,0,1,4,4,1,
202100042363,125 905,A01,1,37,0,1,0,1,0,1.0
202100042364,125 903,B01,2,32,0,2,1,1,1,
202100042364,125 904,A01,1,30,0,2,2,1,1,
202100042365,125 901,B01,3,50,14,0,7,2,3,
202100042365,125 902,A01,3,7,14,0,1,2,1,
202100042366,125 899,A01,2,34,0,2,7,0,1,
202100042366,125 900,B01,2,50,0,2,7,1,3,
202100042367,125 897,B01,3,7,0,2,7,9,1,
202100042367,125 898,A01,3,7,0,2,2,1,1,
202100042368,125 895,A01,1,2,14,0,1,17,1,
202100042368,125 896,B01,3,1,0,2,8,1,5,
202100042369,125 893,Y01,-1,0,0,2,0,0,0,
202100042369,125 894,A01,1,10,0,1,0,20,1,
202100042370,125 891,A01,3,10,0,9,8,23,1,
202100042370,125 892,B01,3,1,0,2,1,25,5,
202100042371,125 889,A01,2,7,0,2,3,15,1,
202100042371,125 890,B01,2,2,0,2,7,1,1,
202100042372,125 887,B01,2,7,12,2,3,14,0,
202100042372,125 888,A01,1,7,0,2,3,26,1,
202100042373,125 886,A01,3,7,0,1,2,15,1,
202100042374,125 884,B01,3,2,0,2,1,17,1,
202100042374,125 885,A01,3,7,0,2,3,13,1,
202100042375,125 882,A01,3,32,0,2,1,0,1,
202100042375,125 883,B01,3,7,0,2,4,1,1,
202100042376,125 881,A01,1,34,1,1,1,1,1,
202100042377,125 880,A01,1,7,0,1,6,19,1,
202100042378,125 879,A01,1,31,15,0,1,13,1,
202100042379,125 878,A01,1,1,0,1,1,1,5,
202100042380,125 876,B01,1,7,0,2,5,16,1,
202100042380,125 877,A01,1,1,0,2,1,1,5,
202100042381,125 874,A01,0,50,0,2,0,26,3,
202100042381,125 875,B01,2,7,0,2,2,1,2,
202100042382,125 872,A01,3,2,0,2,1,16,1,
202100042382,125 873,B01,3,7,0,2,1,1,1,
202100042383,125 870,A01,3,21,0,0,2,1,1,
202100042383,125 871,B01,3,33,0,2,1,1,1,
202100042384,125 868,B01,2,7,0,2,6,15,1,
202100042384,125 869,A01,1,33,8,2,1,1,1,
202100042385,125 867,A01,2,33,0,0,1,1,1,
202100042386,125 866,A01,1,10,2,0,1,1,1,