Num_Acc,id_vehicule,num_veh,senc,catv,obs,obsm,choc,manv,motor,occutc
202100042387,125 864,B01,1,7,0,2,1,1,1,
202100042387,125 865,A01,2,7,0,2,3,15,1,
202100042388,125 863,A01,1,10,9,0,2,1,1,
202100042389,125 861,B01,1,10,0,2,3,15,1,
202100042389,125 862,A01,2,33,0,2,8,1,1,
202100042390,125 860,A01,3,7,2,0,1,0,1,
202100042391,125 857,C01,1,7,0,2,1,1,1,
202100042391,125 858,B01,1,13,0,2,2,1,1,
202100042391,125 859,A01,1,20,0,0,6,1,1,
202100042392,125 855,A01,2,7,7,2,1,1,1,
202100042392,125 856,B01,3,7,0,2,8,1,1,
202100042393,125 853,B01,3,2,0,2,1,1,1,
202100042393,125 854,A01,3,10,0,2,2,6,1,
202100042394,125 852,A01,1,2,0,0,8,1,1,
202100042395,125 850,A01,2,7,0,2,3,1,1,
202100042395,125 851,B01,2,7,0,2,8,9,1,
202100042396,125 847,A01,0,7,0,0,5,17,1,
202100042396,125 848,B01,0,7,0,2,3,2,1,
202100042397,125 845,B01,1,7,0,2,1,1,1,
202100042397,125 846,A01,3,7,0,2,3,15,1,
202100042398,125 844,A01,2,33,13,0,1,17,1,
202100042399,125 843,A01,2,7,2,0,2,1,1,
202100042400,125 841,A01,1,33,0,2,8,1,1,
202100042400,125 842,B01,1,7,0,2,1,19,1,
202100042401,125 839,B01,0,30,0,2,1,1,1,
202100042401,125 840,A01,0,7,0,2,4,26,1,
202100042402,125 838,A01,3,2,0,1,1,1,1,
202100042403,125 837,A01,2,7,0,0,2,1,1,
202100042404,125 835,B01,1,33,0,0,0,1,1,
202100042404,125 836,A01,1,33,0,0,0,1,1,
202100042405,125 833,A01,1,2,0,2,1,1,1,
202100042405,125 834,B01,2,7,0,2,3,1,1,
202100042406,125 832,A01,3,33,0,0,0,1,1,
202100042407,125 830,B01,1,15,0,2,3,1,1,
202100042407,125 831,A01,2,7,0,2,1,13,1,
202100042408,125 828,A01,0,50,0,2,1,17,3,
202100042408,125 829,B01,0,7,0,9,6,15,1,
202100042409,125 827,A01,1,7,0,1,3,1,1,
202100042410,125 821,A01,1,7,3,2,7,13,1,
202100042410,125 822,B01,2,17,0,2,3,1,1,
202100042411,125 819,B01,2,32,0,2,3,1,1,
202100042411,125 820,A01,2,7,0,2,1,15,1,
202100042412,125 818,A01,3,33,0,0,1,1,1,
202100042413,125 815,A01,2,7,6,2,9,0,1,
202100042413,125 816,B01,1,7,6,2,1,0,1,
202100042414,125 811,A01,2,7,0,2,1,2,1,
202100042414,125 812,B01,2,7,0,2,4,2,1,
202100042414,125 813,D01,2,7,0,2,4,2,1,
202100042414,125 814,C01,1,7,0,2,4,2,1,
202100042415,125 808,Z01,1,7,0,0,0,0,0,
202100042415,125 809,B01,1,34,0,2,1,2,1,
202100042415,125 810,A01,1,33,4,2,2,3,1,
202100042416,125 805,A01,2,7,0,2,4,23,3,
202100042416,125 806,B01,2,7,0,2,1,1,1,
202100042416,125 807,C01,2,7,0,2,1,1,1,
202100042417,125 804,A01,1,7,4,0,8,1,1,
202100042418,125 802,A01,1,7,0,2,6,11,1,
202100042418,125 803,B01,1,14,0,2,2,1,1,
202100042419,125 800,A01,2,7,0,2,5,26,1,
202100042419,125 801,B01,1,15,0,2,3,21,1,
202100042420,125 798,B01,2,7,0,2,5,2,1,
202100042420,125 799,A01,2,15,0,2,3,2,1,
202100042421,125 797,A01,2,7,3,2,2,1,1,
202100042422,125 795,B01,2,7,0,2,6,23,1,
202100042422,125 796,A01,2,33,0,2,1,12,1,
202100042423,125 790,A01,1,7,9,2,1,2,1,
202100042423,125 791,B01,1,7,0,2,6,2,1,
202100042424,125 788,B01,1,7,0,2,4,23,1,
202100042424,125 789,A01,1,10,0,2,2,2,1,
202100042425,125 786,B01,1,7,0,2,2,0,1,
202100042425,125 787,A01,1,7,0,2,4,4,1,
202100042426,125 784,A01,1,7,0,2,1,9,1,
202100042426,125 785,B01,1,1,0,2,0,26,5,
202100042427,125 782,A01,3,30,0,2,4,26,1,
202100042427,125 783,B01,3,7,0,0,4,23,1,
202100042428,125 780,A01,1,1,0,2,8,1,5,
202100042428,125 781,B01,1,7,0,2,1,1,1,
202100042429,125 779,A01,2,7,3,0,1,1,1,
202100042430,125 778,A01,1,99,9,0,0,2,6,
202100042431,125 775,C01,1,7,0,0,4,1,1,
202100042431,125 776,B01,1,7,0,2,1,1,1,
202100042431,125 777,A01,1,7,0,2,1,21,1,
202100042432,125 774,A01,1,33,0,9,8,21,1,
202100042433,125 772,A01,1,1,0,2,1,2,5,
202100042433,125 773,B01,1,7,0,1,4,23,1,
202100042434,125 770,A01,1,7,1,2,5,1,1,
202100042434,125 771,B01,1,31,0,2,1,1,1,
202100042435,125 769,A01,1,7,0,1,2,1,1,
202100042436,125 768,A01,1,30,0,0,7,1,1,
202100042437,125 766,A01,1,43,0,2,1,1,1,
202100042437,125 767,B01,1,7,0,2,4,23,1,
202100042438,125 765,A01,3,2,0,0,8,21,1,
202100042439,125 764,A01,2,32,0,0,0,1,1,
202100042440,125 762,B01,0,7,0,2,6,1,1,
202100042440,125 763,A01,0,50,0,2,1,5,3,
202100042441,125 760,B01,1,32,0,2,0,1,0,
202100042441,125 761,A01,1,10,0,2,4,4,0,
202100042442,125 756,B01,3,7,3,2,2,1,1,
202100042442,125 757,A01,3,7,8,2,1,19,1,
202100042443,125 753,A01,0,7,0,2,1,1,1,
202100042443,125 754,Z01,0,99,0,0,0,0,0,
202100042444,125 748,A01,1,7,0,2,2,12,1,
202100042444,125 749,B01,1,7,0,2,4,1,1,
202100042444,125 750,C01,1,7,0,2,4,1,1,
202100042444,125 751,E01,1,7,0,2,4,1,1,
202100042444,125 752,D01,1,7,0,2,1,1,1,
202100042445,125 746,A01,0,7,0,2,2,15,1,
202100042445,125 747,B01,3,7,0,2,1,1,1,
202100042446,125 745,A01,0,33,1,0,1,14,1,
202100042447,125 744,A01,2,2,12,0,2,1,1,
202100042448,125 743,A01,3,1,0,0,0,1,5,
202100042449,125 742,A01,1,33,0,1,0,1,0,
202100042450,125 740,A01,1,10,0,2,2,17,1,
202100042450,125 741,B01,1,7,0,2,3,9,1,
202100042451,125 738,A01,3,7,0,9,3,1,1,
202100042451,125 739,B01,3,1,0,2,1,1,5,
202100042452,125 736,B01,1,32,0,2,1,12,1,
202100042452,125 737,A01,3,7,0,2,1,0,1,
202100042453,125 734,B01,1,1,0,2,2,1,5,
202100042453,125 735,A01,1,7,0,2,4,20,1,
202100042454,125 732,B01,2,1,0,2,5,1,5,
202100042454,125 733,A01,1,30,0,2,1,1,3,
202100042455,125 730,A01,1,7,0,2,1,26,1,
202100042455,125 731,B01,2,31,0,2,2,15,1,
202100042456,125 728,B01,2,10,0,2,1,2,1,
202100042456,125 729,A01,1,7,0,2,7,15,1,
202100042457,125 726,A01,1,7,0,2,0,9,1,
202100042457,125 727,B01,2,1,0,2,0,1,5,
202100042458,125 725,A01,2,30,11,0,8,1,1,
202100042459,125 723,A01,0,30,0,2,0,0,-1,
202100042459,125 724,B01,0,7,0,2,0,0,-1,
202100042460,125 722,A01,0,2,6,0,1,0,1,
202100042461,125 720,A01,2,7,0,2,8,24,1,
202100042461,125 721,B01,2,1,1,0,1,1,5,
202100042462,125 718,A01,3,1,0,4,7,21,5,
202100042462,125 719,B01,3,39,0,2,3,1,3,
202100042463,125 716,B01,2,1,0,2,7,1,5,
202100042463,125 717,Z01,2,7,0,0,1,15,0,
202100042464,125 715,A01,3,7,6,0,1,1,1,
202100042465,125 713,A01,0,50,0,0,0,0,3,
202100042465,125 714,B01,1,7,0,2,7,1,1,
202100042466,125 712,A01,1,2,0,0,7,1,1,
202100042467,125 710,B01,2,50,0,2,1,1,3,
202100042467,125 711,A01,2,7,0,2,2,16,1,
202100042468,125 708,Z01,1,7,0,2,1,9,1,
202100042468,125 709,B01,1,1,0,2,1,1,5,
202100042469,125 706,B01,3,7,0,2,0,0,1,
202100042469,125 707,A01,3,7,0,2,7,26,1,
202100042470,125 705,A01,2,40,0,1,1,9,3,
202100042471,125 703,A01,3,7,0,2,1,1,1,
202100042471,125 704,B01,3,32,0,2,1,1,1,
202100042472,125 701,A01,3,80,0,2,3,0,3,
202100042472,125 702,B01,3,7,0,2,3,15,1,
202100042473,125 699,A01,3,7,0,2,7,16,1,
202100042473,125 700,B01,3,1,0,2,0,1,5,
202100042474,125 698,A01,1,7,0,1,1,1,1,
202100042475,125 696,A01,1,7,0,2,2,20,1,
202100042475,125 697,B01,1,33,0,2,8,1,1,
202100042476,125 695,A01,1,7,0,1,2,1,1,
202100042477,125 694,A01,3,30,14,0,1,1,1,
202100042478,125 692,B01,3,1,0,2,8,0,0,
202100042478,125 693,A01,3,7,0,9,1,1,1,
202100042479,125 691,A01,0,33,0,0,8,15,1,
202100042480,125 689,B01,1,10,0,2,2,2,1,
202100042480,125 690,A01,1,3,0,2,6,2,1,
202100042481,125 687,B01,2,7,0,2,1,1,0,
202100042481,125 688,A01,2,7,0,2,4,23,0,
202100042482,125 685,B01,2,7,0,2,3,16,1,
202100042482,125 686,A01,2,34,0,2,7,1,1,
202100042483,125 684,A01,1,7,0,1,3,1,1,
202100042484,125 682,B01,1,10,0,2,1,1,1,
202100042484,125 683,A01,1,30,0,2,1,1,1,
202100042485,125 679,Z01,1,31,0,2,1,2,1,
202100042485,125 680,B01,1,7,0,2,6,23,1,
202100042485,125 681,C01,1,33,0,2,1,1,1,
202100042486,125 677,A01,2,7,0,2,0,20,0,
202100042486,125 678,B01,1,2,0,2,1,2,1,
202100042487,125 675,B01,2,37,0,2,5,1,1,2.0
202100042487,125 676,Z01,3,7,0,2,1,1,1,
202100042488,125 674,Z01,2,7,0,1,1,16,0,
202100042489,125 672,A01,2,10,0,2,2,1,1,
202100042489,125 673,B01,2,10,0,2,3,0,1,
202100042490,125 670,A01,1,7,0,2,1,15,1,
202100042490,125 671,B01,1,7,8,2,2,1,2,
202100042491,125 669,A01,2,33,3,0,7,1,1,
202100042492,125 666,A01,2,7,0,2,2,10,1,
202100042492,125 667,C01,2,7,0,0,5,24,1,
202100042492,125 668,B01,2,33,1,0,3,1,1,
202100042493,125 664,B01,2,32,0,2,1,18,1,
202100042493,125 665,A01,2,33,0,2,7,16,1,
202100042494,125 662,B01,2,1,0,2,3,1,5,
202100042494,125 663,A01,1,10,0,2,4,4,1,
202100042495,125 661,A01,1,30,0,1,1,1,1,
202100042496,125 660,A01,2,14,0,1,1,1,1,
202100042497,125 658,B01,2,7,0,2,8,15,2,
202100042497,125 659,A01,2,34,1,2,9,17,1,
202100042498,125 657,A01,1,32,0,0,7,16,1,
202100042499,125 654,A01,1,34,1,2,4,2,1,
202100042499,125 655,Z01,1,7,0,2,4,23,0,
202100042499,125 656,B01,1,10,0,2,5,24,1,
202100042500,125 652,A01,1,30,0,2,8,13,1,
202100042500,125 653,Z01,1,7,0,2,7,1,0,
202100042501,125 650,A01,3,33,0,2,6,18,1,
202100042501,125 651,B01,3,10,0,2,2,1,1,
202100042502,125 648,B01,2,7,0,2,7,1,1,
202100042502,125 649,A01,2,30,0,2,8,13,1,
202100042503,125 646,A01,1,7,0,2,3,15,1,
202100042503,125 647,B01,2,33,0,2,8,1,1,
202100042504,125 645,A01,1,34,0,1,1,1,1,
202100042505,125 643,B01,1,32,0,2,3,1,1,
202100042505,125 644,A01,2,10,0,2,5,4,1,
202100042506,125 640,A01,1,7,0,2,1,2,1,
202100042506,125 641,C01,1,7,0,2,2,2,1,
202100042506,125 642,B01,1,30,0,2,4,23,1,
202100042507,125 639,A01,1,1,0,0,0,1,5,
202100042508,125 637,B01,1,1,0,2,1,1,5,
202100042508,125 638,A01,1,7,0,2,2,16,1,
202100042509,125 635,A01,1,7,0,2,8,1,1,
202100042509,125 636,B01,2,1,0,2,1,1,1,
202100042510,125 634,A01,1,7,14,0,1,14,1,
202100042511,125 633,A01,2,3,0,1,7,1,1,
202100042512,125 631,B01,2,7,0,2,7,1,1,
202100042512,125 632,A01,2,7,0,2,1,26,1,
202100042513,125 629,B01,1,3,14,9,3,13,1,
202100042513,125 630,A01,2,3,0,2,3,26,1,
202100042514,125 627,A01,1,34,0,2,2,1,1,
202100042514,125 628,B01,2,7,0,2,3,9,1,
202100042515,125 626,A01,-1,37,0,1,7,9,2,1.0
202100042516,125 624,A01,1,30,0,2,1,18,1,
202100042516,125 625,B01,1,7,0,2,2,16,1,
202100042517,125 622,B01,2,2,0,2,6,15,1,
202100042517,125 623,A01,2,7,0,2,6,15,1,
202100042518,125 620,A01,1,7,0,2,3,13,1,
202100042518,125 621,B01,2,38,0,2,3,21,1,1.0
202100042519,125 619,A01,1,7,13,0,3,1,1,
202100042520,125 618,A01,1,7,15,0,1,13,1,
202100042521,125 616,A01,2,33,0,2,8,15,1,
202100042521,125 617,B01,1,7,0,0,2,2,0,
202100042522,125 615,A01,0,2,6,9,0,13,1,
202100042523,125 613,B01,1,1,0,0,1,1,5,
202100042523,125 614,A01,2,21,0,0,6,1,0,
202100042524,125 611,A01,1,14,0,0,5,15,1,
202100042524,125 612,B01,1,10,0,2,1,13,1,
202100042525,125 610,A01,1,7,2,0,3,0,1,
202100042526,125 609,A01,2,7,0,1,3,1,1,
202100042527,125 608,A01,1,1,13,0,1,19,5,
202100042528,125 606,B01,3,1,0,2,1,19,5,
202100042528,125 607,A01,3,7,0,2,7,1,1,
202100042529,125 605,A01,3,2,6,0,1,13,1,
202100042530,125 604,A01,0,3,0,1,1,1,0,
202100042531,125 602,A01,2,7,0,0,7,15,1,
202100042531,125 603,B01,1,1,0,2,1,1,5,
202100042532,125 600,B01,3,7,0,2,1,19,1,
202100042532,125 601,A01,2,7,0,2,2,1,1,
202100042533,125 598,B01,2,10,0,2,3,1,1,
202100042533,125 599,A01,1,2,0,2,1,1,1,
202100042534,125 596,B01,3,2,0,2,1,1,1,
202100042534,125 597,A01,3,7,0,2,2,19,1,
202100042535,125 594,A01,1,7,0,2,3,13,1,
202100042535,125 595,B01,2,7,0,2,3,1,1,
202100042536,125 593,A01,1,7,13,0,9,17,1,
202100042537,125 592,A01,1,1,0,0,7,2,5,
202100042538,125 591,A01,3,7,0,0,0,1,1,
202100042539,125 589,B01,1,7,0,2,3,1,1,
202100042539,125 590,A01,2,21,0,2,4,1,1,
202100042540,125 588,A01,1,7,0,1,5,15,1,
202100042541,125 586,A01,2,7,0,2,2,15,1,
202100042541,125 587,B01,1,33,0,2,1,1,1,
202100042542,125 584,B01,0,7,0,0,8,24,1,
202100042542,125 585,A01,0,7,1,0,5,4,1,
202100042543,125 582,A01,0,7,0,2,3,15,1,
202100042543,125 583,B01,0,2,0,2,1,17,1,
202100042544,125 580,A01,1,10,0,9,2,20,1,
202100042544,125 581,B01,1,1,0,2,1,0,5,
202100042545,125 579,A01,2,17,3,0,1,1,1,
202100042546,125 578,A01,0,33,0,0,9,26,1,
202100042547,125 577,A01,1,17,3,0,7,14,1,
202100042548,125 575,A01,1,10,0,2,3,11,1,
202100042548,125 576,B01,2,15,0,2,3,1,1,
202100042549,125 573,A01,1,7,0,0,1,17,1,
202100042549,125 574,B01,2,7,0,0,1,0,1,
202100042550,125 571,A01,3,7,0,0,3,15,1,
202100042550,125 572,B01,3,31,0,0,2,17,1,
202100042551,125 569,A01,2,7,0,2,8,9,1,
202100042551,125 570,B01,2,1,0,2,7,1,5,
202100042552,125 568,A01,2,7,2,0,3,1,3,
202100042553,125 567,A01,1,10,0,1,3,1,1,
202100042554,125 565,B01,0,2,0,2,3,2,1,
202100042554,125 566,A01,0,7,0,2,2,17,1,
202100042555,125 564,A01,1,1,0,0,1,18,5,
202100042556,125 561,A01,1,7,0,0,4,2,1,
202100042556,125 562,B01,1,7,0,2,4,2,1,
202100042556,125 563,C01,1,10,0,2,1,2,1,
202100042557,125 557,A01,3,7,0,2,1,1,2,
202100042557,125 558,B01,3,1,0,2,0,9,5,
202100042558,125 555,A01,1,21,0,2,3,15,1,
202100042558,125 556,B01,1,2,0,2,1,17,1,
202100042559,125 553,A01,1,33,0,2,2,1,1,
202100042559,125 554,B01,1,7,0,2,3,19,1,
202100042560,125 551,A01,2,7,0,9,7,17,1,
202100042560,125 552,B01,2,1,0,2,3,1,5,
202100042561,125 550,A01,3,99,0,1,4,4,1,
202100042562,125 548,B01,1,7,0,0,4,1,1,
202100042562,125 549,A01,1,7,0,2,1,1,1,
202100042563,125 546,B01,2,7,0,2,1,2,1,
202100042563,125 547,A01,2,10,13,2,4,1,1,
202100042564,125 544,A01,2,14,0,2,1,2,1,
202100042564,125 545,B01,2,15,0,2,4,1,1,
202100042565,125 543,A01,2,33,3,0,9,2,1,
202100042566,125 541,B01,2,7,0,2,4,2,1,
202100042566,125 542,A01,2,7,0,2,1,2,1,
202100042567,125 539,A01,1,10,0,2,5,14,1,
202100042567,125 540,B01,1,33,0,2,3,3,1,
202100042568,125 536,A01,1,7,0,2,1,2,1,
202100042568,125 537,C01,1,7,0,2,4,2,1,
202100042568,125 538,B01,1,7,0,2,1,2,1,
202100042569,125 534,B01,1,33,0,2,1,1,1,
202100042569,125 535,A01,1,7,0,2,2,12,1,
202100042570,125 530,A01,2,7,4,2,1,5,1,
202100042570,125 531,D01,1,10,0,2,8,1,1,
202100042570,125 532,C01,1,10,0,2,6,12,1,
202100042570,125 533,B01,1,7,4,2,2,17,1,
202100042571,125 528,A01,1,7,0,2,1,13,1,
202100042571,125 529,B01,2,7,0,2,8,1,1,
202100042572,125 526,B01,2,7,0,2,4,23,1,
202100042572,125 527,A01,2,7,0,2,1,23,1,
202100042573,125 524,B01,1,30,0,0,0,2,1,
202100042573,125 525,A01,1,10,0,0,0,18,1,
202100042574,125 523,A01,1,7,10,0,2,14,1,
202100042575,125 521,A01,2,7,0,2,1,1,1,
202100042575,125 522,B01,2,60,0,2,3,19,5,
202100042576,125 519,A01,2,33,0,2,3,13,1,
202100042576,125 520,B01,2,7,0,2,8,1,1,
202100042577,125 518,A01,3,7,0,1,0,26,1,
202100042578,125 516,B01,1,7,0,2,4,0,1,
202100042578,125 517,A01,1,7,0,2,1,0,1,
202100042579,125 514,B01,3,10,0,2,4,9,1,
202100042579,125 515,A01,3,7,0,2,2,14,1,
202100042580,125 513,A01,0,7,0,1,1,19,1,
202100042581,125 511,A01,2,7,0,2,1,15,1,
202100042581,125 512,B01,1,33,0,2,1,1,1,
202100042582,125 509,B01,2,60,0,2,8,7,5,
202100042582,125 510,A01,1,20,0,2,8,1,1,
202100042583,125 507,A01,2,7,0,2,1,1,1,
202100042583,125 508,B01,2,7,0,2,4,1,1,
202100042584,125 504,A01,2,50,12,1,8,13,3,
202100042585,125 502,A01,2,2,0,2,0,1,1,
202100042585,125 503,B01,2,2,0,2,1,1,1,
202100042586,125 500,A01,3,31,0,2,1,1,1,
202100042586,125 501,B01,3,7,0,2,8,15,1,
202100042587,125 499,A01,0,32,0,1,0,0,1,
202100042588,125 497,A01,0,7,0,2,1,15,1,
202100042588,125 498,B01,0,7,0,2,1,1,1,
202100042589,125 495,A01,3,7,0,2,3,15,1,
202100042589,125 496,B01,3,33,0,2,1,1,1,
202100042590,125 493,B01,3,7,0,2,3,15,1,
202100042590,125 494,A01,3,33,0,2,1,17,1,
202100042591,125 492,A01,1,7,3,0,1,13,1,
202100042592,125 490,B01,1,7,0,2,1,1,1,
202100042592,125 491,A01,2,7,0,2,3,1,1,
202100042593,125 488,B01,3,7,0,2,1,1,1,
202100042593,125 489,A01,2,7,0,2,3,15,1,
202100042594,125 486,B01,1,7,0,2,1,1,1,
202100042594,125 487,A01,2,2,0,2,3,1,1,
202100042595,125 484,A01,2,7,0,2,1,1,1,
202100042595,125 485,B01,1,1,0,2,1,13,5,
202100042596,125 483,A01,3,31,0,0,0,9,1,
202100042597,125 481,A01,3,31,0,2,1,2,1,
202100042597,125 482,B01,0,1,0,0,4,15,0,
202100042598,125 480,A01,1,32,0,0,0,0,1,
202100042599,125 478,A01,1,1,0,1,4,25,5,
202100042600,125 476,A01,3,7,0,9,5,16,1,
202100042600,125 477,B01,3,1,0,0,0,0,0,
202100042601,125 474,A01,2,7,0,2,3,1,2,
202100042601,125 475,B01,2,1,0,2,1,1,5,
202100042602,125 472,A01,1,7,0,2,8,15,1,
202100042602,125 473,B01,1,33,0,2,1,17,1,
202100042603,125 470,A01,2,7,0,2,5,16,1,
202100042603,125 471,B01,2,1,0,2,1,1,5,
202100042604,125 469,A01,2,7,4,0,2,14,1,
202100042605,125 467,B01,2,34,0,2,2,17,1,
202100042605,125 468,A01,2,7,0,2,3,10,1,
202100042606,125 465,A01,1,7,0,2,3,1,1,
202100042606,125 466,B01,2,1,0,2,1,1,5,
202100042607,125 463,B01,2,7,0,2,4,2,1,
202100042607,125 464,A01,2,7,0,2,1,2,1,
202100042608,125 461,A01,2,7,0,9,1,15,2,
202100042608,125 462,B01,1,60,0,2,8,1,5,
202100042609,125 459,B01,3,7,0,2,7,1,1,
202100042609,125 460,A01,1,7,0,2,1,1,1,
202100042610,125 458,A01,1,32,0,1,2,19,1,
202100042611,125 457,A01,2,7,0,1,3,1,1,
202100042612,125 456,A01,3,1,0,0,0,1,5,
202100042613,125 455,A01,0,1,0,0,1,1,5,
202100042614,125 454,A01,2,32,0,0,8,16,1,
202100042615,125 452,B01,1,7,0,2,1,2,1,
202100042615,125 453,A01,0,43,0,2,1,2,1,
202100042616,125 450,B01,1,7,0,2,2,15,1,
202100042616,125 451,A01,2,7,0,2,5,1,1,
202100042617,125 446,A01,1,7,0,2,9,13,1,
202100042617,125 447,B01,1,43,0,2,4,1,1,
202100042617,125 448,C01,1,7,0,2,4,1,1,
202100042617,125 449,D01,1,7,0,2,6,1,2,
202100042618,125 444,A01,3,7,0,2,3,1,1,
202100042618,125 445,B01,3,2,0,2,3,1,1,
202100042619,125 443,A01,2,33,0,0,0,1,1,
202100042620,125 441,A01,3,33,0,2,1,17,1,
202100042620,125 442,B01,3,7,0,2,3,15,1,
202100042621,125 440,A01,2,7,2,0,3,1,1,
202100042622,125 439,A01,2,7,3,6,1,21,1,
202100042623,125 438,A01,3,2,6,0,1,26,1,
202100042624,125 435,B01,2,33,0,2,1,11,1,
202100042624,125 436,A01,2,7,6,2,6,15,1,
202100042624,125 437,C01,2,33,0,2,1,1,1,
202100042625,125 433,B01,2,31,0,2,8,1,1,
202100042625,125 434,A01,1,7,0,2,9,1,1,
202100042626,125 431,A01,1,7,0,2,2,1,1,
202100042626,125 432,B01,1,1,0,0,3,1,0,
202100042627,125 429,A01,3,7,0,2,8,10,1,
202100042627,125 430,B01,3,33,0,2,0,0,1,
202100042628,125 428,A01,1,14,4,0,1,1,1,
202100042629,125 427,A01,3,36,0,0,0,26,1,
202100042630,125 425,A01,3,7,0,2,3,1,1,
202100042630,125 426,B01,0,1,0,2,1,15,-1,
202100042631,125 424,A01,1,33,7,0,1,1,1,
202100042632,125 423,A01,1,33,6,0,1,0,1,
202100042633,125 422,A01,2,15,0,1,1,1,1,
202100042634,125 421,A01,2,7,15,0,1,14,1,
202100042635,125 420,A01,1,7,8,0,9,1,1,
202100042636,125 419,A01,1,7,13,0,1,13,1,
202100042637,125 418,A01,2,36,0,0,3,1,1,
202100042638,125 416,A01,1,2,0,0,0,21,1,
202100042638,125 417,B01,2,7,0,0,0,5,0,
202100042639,125 413,C01,0,7,14,2,6,1,0,
202100042639,125 414,B01,0,7,0,2,4,15,0,
202100042639,125 415,A01,0,15,0,2,3,1,0,
202100042640,125 409,B01,2,1,0,2,3,1,5,
202100042640,125 410,A01,2,7,0,2,8,16,1,
202100042641,125 407,B01,1,7,0,2,1,15,1,
202100042641,125 408,A01,2,2,0,2,1,1,1,
202100042642,125 406,A01,1,36,0,0,0,16,1,
202100042643,125 404,B01,3,37,0,2,6,1,1,1.0
202100042643,125 405,A01,3,1,11,2,8,17,5,
202100042644,125 402,B01,2,7,0,0,8,1,1,
202100042644,125 403,A01,1,2,0,0,8,1,1,
202100042645,125 401,A01,2,7,13,0,1,1,1,
202100042646,125 400,A01,2,7,4,0,3,2,1,
202100042647,125 399,A01,1,7,1,0,2,0,1,
202100042648,125 398,A01,3,7,5,0,1,1,1,
202100042649,125 397,A01,0,33,0,0,8,0,1,
202100042650,125 395,A01,1,7,0,2,1,13,1,
202100042650,125 396,B01,2,7,0,2,1,1,1,
202100042651,125 393,B01,1,7,0,2,3,1,1,
202100042651,125 394,A01,2,2,0,2,1,13,1,
202100042652,125 392,A01,1,7,8,0,1,1,1,
202100042653,125 391,A01,2,7,2,0,7,0,1,
202100042654,125 389,A01,2,7,0,2,6,1,3,
202100042654,125 390,B01,2,10,0,2,2,12,1,
202100042655,125 385,D01,1,7,1,0,1,1,1,
202100042655,125 386,C01,1,10,1,0,3,13,1,
202100042655,125 387,B01,1,7,0,2,0,1,1,
202100042655,125 388,A01,1,7,4,0,2,11,1,
202100042656,125 383,A01,1,7,0,2,1,26,1,
202100042656,125 384,B01,1,7,0,2,4,0,1,
202100042657,125 380,C01,2,7,0,2,4,26,1,
202100042657,125 381,A01,2,7,0,2,1,26,1,
202100042657,125 382,B01,2,7,0,2,4,17,1,
202100042658,125 379,A01,2,33,3,0,0,13,1,
202100042659,125 378,A01,2,33,0,2,1,2,1,
202100042660,125 376,A01,2,7,0,2,8,11,1,
202100042660,125 377,B01,2,33,0,2,7,2,1,
202100042661,125 375,A01,1,33,4,0,3,1,1,
202100042662,125 374,A01,2,33,3,0,3,1,1,
202100042663,125 373,A01,2,7,8,0,4,0,1,
202100042664,125 371,A01,1,7,0,2,1,2,1,
202100042664,125 372,B01,1,7,0,2,4,23,1,
202100042665,125 369,B01,1,10,0,2,3,1,1,
202100042665,125 370,A01,2,7,0,2,2,15,1,
202100042666,125 367,A01,1,33,0,2,1,2,1,
202100042666,125 368,B01,1,10,0,2,4,2,1,
202100042667,125 365,Z01,2,7,0,2,2,1,0,
202100042667,125 366,B01,1,2,0,2,1,1,1,
202100042668,125 363,B01,1,7,0,2,1,1,1,
202100042668,125 364,A01,2,50,0,2,1,5,3,
202100042669,125 361,A01,1,31,0,2,1,26,1,
202100042669,125 362,B01,1,7,0,2,7,1,1,
202100042670,125 359,A01,3,7,0,2,1,5,1,
202100042670,125 360,B01,3,7,0,2,1,1,1,
202100042671,125 358,A01,2,7,0,1,1,26,0,
202100042672,125 356,A01,1,32,0,2,1,21,1,
202100042672,125 357,B01,1,7,0,2,3,15,1,
202100042673,125 355,A01,2,7,3,0,1,21,1,
202100042674,125 353,B01,1,7,0,2,2,2,1,
202100042674,125 354,A01,1,30,0,2,1,2,1,
202100042675,125 351,A01,1,33,0,2,3,21,1,
202100042675,125 352,B01,1,33,0,2,5,26,1,
202100042676,125 349,A01,1,33,0,2,1,1,1,
202100042676,125 350,B01,1,7,0,2,4,23,1,
202100042677,125 347,A01,0,7,0,1,2,1,1,
202100042678,125 345,A01,3,7,0,1,2,1,1,
202100042679,125 344,A01,2,7,8,0,1,21,1,
202100042680,125 343,A01,0,33,14,0,1,1,1,
202100042681,125 342,A01,1,7,2,0,6,13,1,
202100042682,125 337,A01,3,30,0,2,3,14,1,
202100042682,125 338,B01,3,7,0,2,2,0,1,
202100042683,125 336,A01,3,34,0,0,0,9,1,
202100042684,125 334,B01,1,7,0,9,8,1,1,
202100042684,125 335,A01,1,1,0,2,7,1,5,
202100042685,125 332,A01,1,7,0,2,1,1,1,
202100042685,125 333,B01,1,7,0,2,1,1,1,
202100042686,125 331,A01,3,7,0,1,2,21,1,
202100042687,125 330,A01,3,7,0,1,0,26,0,
202100042688,125 328,B01,3,7,0,2,6,15,1,
202100042688,125 329,A01,3,33,0,2,1,17,1,
202100042689,125 327,A01,1,32,0,0,3,0,1,