Num_Acc,id_vehicule,num_veh,senc,catv,obs,obsm,choc,manv,motor,occutc
202100042690,125 325,B01,1,2,0,2,4,1,1,
202100042690,125 326,Z01,1,7,0,2,1,2,1,
202100042691,125 323,B01,2,34,0,2,1,1,1,
202100042691,125 324,A01,1,7,0,2,7,19,1,
202100042692,125 322,A01,2,7,0,1,1,1,1,
202100042693,125 321,A01,3,7,13,0,2,14,1,
202100042694,125 317,ZZ01,1,7,0,2,1,2,1,
202100042694,125 318,D01,1,7,0,2,4,2,1,
202100042694,125 319,C01,1,7,0,2,4,2,1,
202100042694,125 320,Z01,1,7,0,2,1,2,1,
202100042695,125 315,A01,3,30,0,2,1,5,1,
202100042695,125 316,B01,3,7,0,2,1,1,1,
202100042696,125 313,B01,2,32,0,2,1,1,1,
202100042696,125 314,A01,1,7,0,2,1,15,1,
202100042697,125 312,A01,1,7,1,0,1,14,1,
202100042698,125 310,B01,1,32,0,2,2,1,1,
202100042698,125 311,A01,2,7,0,2,8,9,1,
202100042699,125 307,B01,1,1,0,2,5,2,5,
202100042699,125 308,A01,1,1,0,2,1,2,5,
202100042699,125 309,C01,1,1,0,2,1,2,5,
202100042700,125 305,A01,3,14,0,2,2,1,1,
202100042700,125 306,B01,3,1,0,2,8,18,5,
202100042701,125 304,A01,3,7,0,1,7,4,1,
202100042702,125 302,B01,1,33,0,2,1,1,1,
202100042702,125 303,A01,1,7,0,2,2,15,1,
202100042703,125 300,B01,3,1,0,2,2,1,5,
202100042703,125 301,A01,3,7,0,2,3,9,1,
202100042704,125 298,B01,1,1,0,2,8,19,5,
202100042704,125 299,A01,1,1,0,2,1,1,5,
202100042705,125 296,A01,1,7,0,2,7,15,1,
202100042705,125 297,B01,2,1,0,2,1,1,5,
202100042706,125 294,B01,1,10,0,2,3,15,1,
202100042706,125 295,A01,1,31,0,2,7,17,1,
202100042707,125 292,A01,2,32,0,2,1,1,1,
202100042707,125 293,B01,2,7,0,2,4,16,1,
202100042708,125 290,A01,1,7,0,2,4,1,3,
202100042708,125 291,B01,1,1,0,2,4,12,5,
202100042709,125 289,A01,0,7,1,0,2,1,3,
202100042710,125 288,A01,1,7,0,1,1,15,1,
202100042711,125 287,A01,3,7,4,0,2,0,1,
202100042712,125 286,A01,3,30,15,0,0,0,1,
202100042713,125 285,A01,1,7,0,1,3,16,1,
202100042714,125 283,A01,3,32,0,2,1,26,1,
202100042714,125 284,B01,1,7,0,2,4,26,1,
202100042715,125 279,C01,1,7,0,0,0,0,1,
202100042715,125 280,B01,1,7,0,0,0,0,1,
202100042715,125 281,A01,1,10,0,0,0,0,0,
202100042715,125 282,D01,1,7,0,0,0,0,1,
202100042716,125 278,A01,1,20,0,1,2,15,0,
202100042717,125 277,A01,1,7,1,0,2,17,1,
202100042718,125 276,A01,1,7,0,2,1,1,1,
202100042719,125 274,A01,3,7,0,2,1,2,1,
202100042719,125 275,B01,3,7,0,2,4,1,1,
202100042720,125 272,A01,0,7,0,2,3,20,1,
202100042720,125 273,B01,0,7,0,2,2,1,1,
202100042721,125 271,A01,1,30,7,0,1,1,1,
202100042722,125 270,A01,1,50,0,0,0,1,3,
202100042723,125 268,B01,3,33,0,2,2,1,1,
202100042723,125 269,A01,3,7,0,2,1,23,1,
202100042724,125 266,B01,1,7,0,2,4,1,1,
202100042724,125 267,A01,1,7,0,2,1,2,1,
202100042725,125 265,A01,1,7,0,1,5,4,1,
202100042726,125 263,A01,1,36,1,0,1,1,6,
202100042726,125 264,B01,0,7,0,2,7,23,0,
202100042727,125 262,A01,1,33,6,0,1,1,1,
202100042728,125 261,A01,1,7,0,0,9,21,1,
202100042729,125 259,A01,2,7,0,2,2,2,1,
202100042729,125 260,B01,2,1,0,0,4,2,5,
202100042730,125 258,A01,1,33,6,0,1,1,6,
202100042731,125 257,A01,2,33,13,0,1,1,1,
202100042732,125 255,A01,0,10,0,2,3,1,1,
202100042732,125 256,B01,0,7,15,2,7,1,1,
202100042733,125 253,B01,1,7,0,2,3,13,1,
202100042733,125 254,A01,2,7,0,2,3,1,1,
202100042734,125 251,A01,1,7,0,9,1,1,1,
202100042734,125 252,B01,0,1,0,2,1,0,5,
202100042735,125 249,B01,2,31,0,2,3,1,1,
202100042735,125 250,A01,1,7,0,2,3,17,0,
202100042736,125 247,A01,3,31,0,2,1,19,0,
202100042736,125 248,B01,0,7,0,2,2,1,0,
202100042737,125 244,A01,3,7,0,0,9,1,1,
202100042738,125 243,A01,2,7,2,0,1,1,1,
202100042739,125 241,B01,3,2,0,2,1,1,1,
202100042739,125 242,A01,1,7,0,2,3,15,1,
202100042740,125 240,A01,3,10,0,1,2,20,0,
202100042741,125 239,A01,1,7,2,0,3,1,1,
202100042742,125 238,A01,2,7,3,0,1,14,1,
202100042743,125 236,A01,3,33,0,2,1,5,1,
202100042743,125 237,B01,3,7,0,2,1,1,1,
202100042744,125 234,A01,1,2,0,2,4,1,1,
202100042744,125 235,B01,2,7,0,2,3,1,1,
202100042745,125 233,A01,1,7,0,1,2,1,1,
202100042746,125 232,A01,2,33,3,0,3,0,1,
202100042747,125 231,A01,1,34,6,0,1,1,1,
202100042748,125 229,A01,1,7,13,2,2,16,1,
202100042748,125 230,B01,2,7,0,2,1,1,1,
202100042749,125 227,B01,2,21,0,2,3,15,1,
202100042749,125 228,A01,1,33,0,2,3,1,1,
202100042750,125 226,A01,0,32,0,0,2,0,1,
202100042751,125 225,A01,1,7,8,0,1,14,1,
202100042752,125 224,A01,3,2,17,0,1,0,1,
202100042753,125 223,A01,2,31,0,0,0,0,1,
202100042754,125 221,B01,2,7,0,2,3,2,1,
202100042754,125 222,A01,2,2,0,0,8,0,1,
202100042755,125 220,A01,2,32,0,1,1,1,1,
202100042756,125 219,A01,2,33,0,0,0,1,1,
202100042757,125 218,A01,0,33,1,0,1,1,1,
202100042758,125 216,B01,1,7,0,2,3,1,1,
202100042758,125 217,A01,2,7,0,2,3,13,1,
202100042759,125 215,A01,1,7,8,0,3,13,1,
202100042760,125 214,A01,1,7,2,0,3,1,1,
202100042761,125 212,A01,1,33,15,0,3,17,1,
202100042762,125 210,A01,2,7,2,0,7,13,1,
202100042763,125 208,A01,1,33,0,2,1,2,1,
202100042763,125 209,B01,1,10,0,0,7,16,1,
202100042764,125 206,A01,1,7,3,0,9,1,1,
202100042765,125 204,A01,1,7,5,2,5,19,1,
202100042765,125 205,B01,1,7,5,2,1,1,1,
202100042766,125 203,A01,2,10,0,1,2,1,1,
202100042767,125 202,A01,3,7,13,0,2,14,1,
202100042768,125 201,A01,1,7,3,0,2,1,0,
202100042769,125 199,B01,3,7,0,2,8,1,1,
202100042769,125 200,A01,3,33,0,2,8,13,1,
202100042770,125 197,B01,3,7,8,0,6,23,1,
202100042770,125 198,A01,3,7,1,0,2,1,1,
202100042771,125 195,B01,2,7,0,2,2,1,1,
202100042771,125 196,A01,1,10,0,2,0,13,1,
202100042772,125 193,B01,2,10,0,2,8,1,1,
202100042772,125 194,A01,1,2,0,2,3,1,1,
202100042773,125 192,A01,1,7,0,0,0,12,1,
202100042774,125 190,B01,1,33,0,2,1,2,1,
202100042774,125 191,A01,1,7,0,2,2,15,1,
202100042775,125 189,A01,1,2,0,0,0,1,1,
202100042776,125 188,A01,1,2,12,0,1,1,1,
202100042777,125 187,A01,2,33,0,1,7,17,1,
202100042778,125 185,B01,1,7,0,2,3,1,1,
202100042778,125 186,A01,2,7,0,2,3,13,1,
202100042779,125 183,A01,1,33,0,2,8,10,1,
202100042779,125 184,B01,1,33,0,2,1,1,1,
202100042780,125 182,A01,1,33,12,0,7,1,1,
202100042781,125 181,A01,2,36,13,0,2,1,1,
202100042782,125 180,A01,2,33,15,0,9,1,1,
202100042783,125 178,B01,0,1,0,2,1,9,5,
202100042783,125 179,A01,3,7,0,9,3,1,1,
202100042784,125 177,A01,0,7,13,0,1,1,1,
202100042785,125 176,A01,2,33,6,0,1,14,1,
202100042786,125 175,A01,1,30,8,0,1,10,1,
202100042787,125 174,A01,1,33,13,0,1,1,1,
202100042788,125 173,A01,3,33,2,0,1,0,1,
202100042789,125 172,A01,3,31,0,0,0,17,1,
202100042790,125 171,A01,3,33,0,0,0,0,1,
202100042791,125 169,A01,2,7,0,2,2,17,1,
202100042791,125 170,B01,2,1,0,0,4,1,5,
202100042792,125 168,A01,1,7,9,0,1,12,1,
202100042793,125 167,A01,2,7,6,0,1,1,1,
202100042794,125 165,B01,1,7,0,2,1,19,1,
202100042794,125 166,A01,1,7,0,2,1,1,1,
202100042795,125 164,A01,2,7,0,0,1,1,1,
202100042796,125 162,B01,2,7,0,2,1,2,1,
202100042796,125 163,A01,2,7,0,2,4,2,1,
202100042797,125 161,A01,2,7,3,0,1,14,1,
202100042798,125 159,A01,2,7,0,2,1,1,1,
202100042798,125 160,B01,2,7,0,2,4,1,1,
202100042799,125 155,D01,1,7,0,2,1,1,1,
202100042799,125 156,C01,1,10,0,2,4,1,1,
202100042799,125 157,B01,1,10,0,2,4,1,1,
202100042799,125 158,A01,1,7,0,2,4,1,1,
202100042800,125 153,B01,2,2,0,2,4,1,1,
202100042800,125 154,A01,2,7,0,2,1,1,1,
202100042801,125 152,A01,2,33,0,0,7,9,1,
202100042802,125 151,A01,3,33,0,1,7,0,0,
202100042803,125 149,A01,1,7,0,2,3,13,1,
202100042803,125 150,B01,2,2,0,2,1,2,1,
202100042804,125 148,A01,1,32,0,0,8,1,1,
202100042805,125 146,B01,1,2,0,2,1,16,1,
202100042805,125 147,A01,1,7,0,9,8,1,1,
202100042806,125 144,B01,1,2,0,2,1,1,1,
202100042806,125 145,A01,1,7,0,2,7,15,1,
202100042807,125 143,A01,3,99,13,0,1,26,1,
202100042808,125 141,B01,3,1,0,2,1,1,5,
202100042808,125 142,A01,3,7,0,2,2,15,1,
202100042809,125 139,A01,2,7,0,2,3,15,1,
202100042809,125 140,B01,1,1,0,2,3,1,5,
202100042810,125 137,A01,1,10,0,2,5,2,1,
202100042810,125 138,B01,1,32,0,2,7,2,1,
202100042811,125 135,A01,3,7,1,2,1,26,1,
202100042811,125 136,B01,3,7,0,2,8,1,1,
202100042812,125 133,A01,2,2,0,2,1,5,1,
202100042812,125 134,B01,1,7,0,2,3,1,1,
202100042813,125 131,A01,1,30,0,2,1,1,1,
202100042813,125 132,B01,3,7,0,2,2,1,1,
202100042814,125 129,B01,1,7,0,2,4,2,1,
202100042814,125 130,A01,1,43,0,2,1,2,1,
202100042815,125 128,A01,1,33,16,2,0,21,1,
202100042816,125 127,A01,1,7,0,1,7,1,1,
202100042817,125 126,A01,3,1,0,1,7,0,5,
202100042818,125 124,A01,2,7,0,2,3,26,1,
202100042818,125 125,B01,2,2,0,2,7,12,1,
202100042819,125 123,A01,3,39,0,1,3,1,3,
202100042820,125 122,A01,2,1,0,0,0,1,6,
202100042821,125 121,Z01,2,7,9,1,1,14,1,
202100042822,125 119,B01,1,7,0,2,8,15,1,
202100042822,125 120,A01,1,33,0,2,1,17,1,
202100042823,125 117,B01,1,34,0,2,7,1,1,
202100042823,125 118,A01,3,7,0,2,3,9,1,
202100042824,125 115,B01,0,7,0,2,1,1,1,
202100042824,125 116,A01,0,30,0,2,1,5,1,
202100042825,125 114,A01,0,7,0,1,3,1,1,
202100042826,125 112,A01,3,7,0,2,3,15,1,
202100042826,125 113,B01,1,1,0,2,1,1,5,
202100042827,125 110,B01,1,7,0,2,5,2,1,
202100042827,125 111,A01,1,33,0,2,1,2,1,
202100042828,125 108,B01,0,7,0,2,2,0,1,
202100042828,125 109,A01,0,33,0,2,1,0,1,
202100042829,125 106,A01,0,31,0,2,6,23,1,
202100042829,125 107,B01,0,15,0,2,1,0,1,
202100042830,125 105,A01,0,7,2,0,1,1,1,
202100042831,125 104,A01,0,32,8,0,2,13,1,
202100042832,125 103,A01,3,33,12,0,1,0,1,
202100042833,125 102,A01,2,7,0,0,2,0,0,
202100042834,125 100,B01,1,1,0,2,3,1,5,
202100042834,125 101,A01,1,32,0,2,2,9,1,
202100042835,125 098,A01,2,31,0,2,1,19,1,
202100042835,125 099,B01,1,7,0,2,3,19,1,
202100042836,125 096,A01,1,7,0,2,3,13,1,
202100042836,125 097,B01,2,7,0,2,3,1,1,
202100042837,125 094,B01,2,32,0,9,1,1,1,
202100042837,125 095,A01,2,1,0,2,8,15,5,
202100042838,125 092,A01,1,7,0,2,3,10,1,
202100042838,125 093,B01,1,1,0,2,3,2,0,
202100042839,125 091,A01,1,7,0,1,1,1,1,
202100042840,125 090,A01,1,30,0,1,1,1,1,
202100042841,125 088,B01,2,40,0,2,1,1,3,
202100042841,125 089,A01,1,7,0,4,5,1,1,
202100042842,125 086,B01,2,13,0,2,1,15,1,
202100042842,125 087,A01,1,7,0,2,3,15,1,
202100042843,125 084,B01,2,7,0,2,8,1,1,
202100042843,125 085,A01,1,7,11,2,3,13,1,
202100042844,125 083,A01,1,10,0,1,7,1,1,
202100042845,125 082,A01,1,7,0,1,3,15,1,
202100042846,125 080,Z01,2,7,0,0,0,0,0,
202100042846,125 081,A01,1,50,0,2,1,1,3,
202100042847,125 078,B01,2,30,0,2,1,1,1,
202100042847,125 079,A01,1,7,0,2,3,15,1,
202100042848,125 077,A01,1,7,1,0,2,14,1,
202100042849,125 075,A01,2,7,0,2,2,15,1,
202100042849,125 076,B01,1,1,0,2,1,1,5,
202100042850,125 073,B01,2,1,0,2,7,1,5,
202100042850,125 074,A01,2,7,0,2,3,9,1,
202100042851,125 071,B01,1,1,0,2,8,1,5,
202100042851,125 072,Z01,1,7,0,0,0,0,1,
202100042852,125 069,A01,1,7,0,2,1,1,1,
202100042852,125 070,B01,2,7,0,2,3,15,1,
202100042853,125 067,A01,3,7,0,9,1,0,1,
202100042853,125 068,B01,3,1,0,2,5,2,5,
202100042854,125 065,A01,1,7,0,2,6,15,1,
202100042854,125 066,B01,1,33,0,2,1,17,1,
202100042855,125 063,B01,2,1,0,2,1,5,5,
202100042855,125 064,A01,1,7,0,2,1,1,1,
202100042856,125 061,A01,1,7,0,2,8,9,1,
202100042856,125 062,B01,1,33,0,2,1,1,1,
202100042857,125 059,B01,2,7,0,0,5,2,1,
202100042857,125 060,A01,2,2,0,2,1,2,1,
202100042858,125 058,A01,3,31,8,0,0,26,0,
202100042859,125 057,A01,1,7,0,1,1,1,1,
202100042860,125 055,A01,1,7,0,2,8,10,0,
202100042860,125 056,B01,0,33,0,2,1,1,1,
202100042861,125 053,B01,1,7,0,2,3,17,1,
202100042861,125 054,A01,1,7,0,2,2,17,1,
202100042862,125 052,A01,3,30,0,0,0,15,0,
202100042863,125 050,B01,3,32,0,2,1,2,0,
202100042863,125 051,A01,3,7,0,2,3,11,0,
202100042864,125 047,Z01,2,7,0,2,2,5,1,
202100042864,125 048,B01,1,7,0,2,0,0,1,
202100042864,125 049,C01,1,10,0,2,0,0,1,
202100042865,125 045,B01,2,7,0,2,4,1,1,
202100042865,125 046,A01,2,7,0,2,1,2,1,
202100042866,125 044,A01,0,7,1,0,9,26,1,
202100042867,125 042,B01,1,7,0,2,3,15,1,
202100042867,125 043,A01,1,2,0,2,7,17,1,
202100042868,125 040,B01,1,33,0,2,4,1,1,
202100042868,125 041,A01,1,7,0,9,2,1,1,
202100042869,125 039,A01,3,7,0,1,1,16,1,
202100042870,125 037,B01,2,2,0,2,3,1,1,
202100042870,125 038,A01,1,17,0,2,3,15,1,
202100042871,125 036,A01,1,30,0,0,1,26,1,
202100042872,125 034,A01,1,7,0,2,0,0,1,
202100042872,125 035,B01,1,2,0,2,0,0,1,
202100042873,125 031,A01,1,33,0,2,1,1,1,
202100042873,125 032,B01,2,7,0,2,3,23,0,
202100042873,125 033,C01,2,7,0,2,6,23,0,
202100042874,125 030,Z01,3,32,0,1,1,2,0,
202100042875,125 029,A01,3,31,0,0,8,1,1,
202100042876,125 027,B01,3,33,0,2,7,1,1,
202100042876,125 028,A01,3,7,0,2,2,9,1,
202100042877,125 026,A01,2,7,0,1,0,1,1,
202100042878,125 024,A01,3,37,0,2,3,1,1,3.0
202100042878,125 025,B01,1,7,0,2,0,1,1,
202100042879,125 022,B01,3,50,0,2,0,19,3,
202100042879,125 023,A01,3,7,0,2,3,1,1,
202100042880,125 017,C01,2,7,0,2,8,24,1,
202100042880,125 018,B01,2,10,0,2,1,1,1,
202100042880,125 019,A01,2,7,1,2,2,13,1,
202100042880,125 020,E01,2,10,0,2,1,24,1,
202100042880,125 021,D01,2,10,0,2,6,24,1,
202100042881,125 016,D01,0,7,1,0,1,24,1,
202100042882,125 014,B01,3,7,0,2,7,1,1,
202100042882,125 015,A01,3,30,0,2,1,5,1,
202100042883,125 012,B01,1,21,0,0,4,9,1,
202100042883,125 013,A01,2,7,0,2,0,9,1,
202100042884,125 010,A01,1,7,0,2,2,1,1,
202100042884,125 011,B01,3,7,0,2,3,16,1,
202100042885,125 008,B01,3,7,0,2,1,1,1,
202100042885,125 009,A01,3,7,0,2,1,1,1,
202100042886,125 006,B01,0,33,0,2,1,1,1,
202100042886,125 007,A01,3,7,0,2,3,15,1,
202100042887,125 004,A01,1,7,0,2,4,15,1,
202100042887,125 005,B01,1,7,0,2,1,2,1,
202100042888,125 003,A01,3,7,15,0,1,16,1,
202100042889,125 001,Z01,2,7,0,2,0,1,0,
202100042889,125 002,B01,2,30,0,2,8,19,1,
202100042890,124 999,B01,1,7,0,2,8,0,1,
202100042890,125 000,A01,1,30,0,2,1,26,1,
202100042891,124 998,A01,2,30,0,9,1,1,1,
202100042892,124 996,Z01,0,7,0,2,1,0,0,
202100042892,124 997,B01,0,31,0,2,3,1,1,
202100042893,124 995,A01,0,7,9,0,1,15,1,
202100042894,124 994,A01,2,2,0,0,0,1,1,
202100042895,124 992,A01,3,1,0,2,8,1,5,
202100042895,124 993,B01,3,7,0,2,2,1,1,
202100042896,124 989,A01,1,7,0,2,2,1,1,
202100042896,124 990,B01,1,33,4,2,7,1,1,
202100042896,124 991,C01,1,10,0,2,6,13,1,
202100042897,124 987,B01,2,7,0,2,8,22,1,
202100042897,124 988,A01,2,1,1,0,1,26,5,
202100042898,124 986,A01,1,7,0,1,3,26,1,
202100042899,124 985,A01,2,99,0,0,0,26,5,
202100042900,124 983,A01,1,7,0,0,0,0,0,
202100042900,124 984,B01,1,31,0,2,1,15,1,
202100042901,124 982,A01,2,33,17,0,1,1,1,
202100042902,124 980,B01,1,7,0,2,8,12,1,
202100042902,124 981,A01,1,43,0,2,3,3,1,
202100042903,124 977,A01,2,33,0,2,1,3,1,
202100042903,124 978,B01,2,7,0,2,7,12,1,
202100042903,124 979,C01,2,7,0,2,5,1,1,
202100042904,124 975,A01,1,14,0,2,6,11,1,
202100042904,124 976,B01,1,43,0,2,2,1,1,
202100042905,124 974,A01,2,2,0,1,1,1,1,
202100042906,124 973,A01,3,7,0,1,1,1,2,
202100042907,124 971,B01,2,10,0,2,8,22,1,
202100042907,124 972,A01,2,1,0,2,1,1,5,
202100042908,124 970,Z01,2,7,0,1,1,1,0,
202100042909,124 968,B01,1,50,0,2,5,19,3,
202100042909,124 969,A01,2,31,0,2,1,1,1,
202100042910,124 967,A01,1,30,0,1,2,1,1,
202100042911,124 965,B01,1,7,0,2,3,1,1,
202100042911,124 966,A01,2,30,0,2,1,13,1,
202100042912,124 963,B01,1,30,0,2,4,24,3,
202100042912,124 964,A01,1,32,0,2,1,1,1,
202100042913,124 962,A01,1,33,0,1,1,1,1,
202100042914,124 960,A01,1,1,0,2,1,1,5,
202100042914,124 961,B01,1,7,0,2,3,22,1,
202100042915,124 958,A01,1,1,0,2,1,2,5,
202100042915,124 959,B01,1,7,0,2,6,23,2,
202100042916,124 957,A01,3,14,0,1,6,16,1,
202100042917,124 955,B01,1,7,0,2,6,16,1,
202100042917,124 956,A01,1,30,0,2,2,1,1,
202100042918,124 954,A01,1,30,7,0,1,13,3,
202100042919,124 953,A01,1,7,1,9,2,26,1,
202100042920,124 951,B01,3,1,0,2,8,0,5,
202100042920,124 952,Z01,3,7,0,2,0,1,0,
202100042921,124 949,B01,3,1,0,9,1,1,5,
202100042921,124 950,A01,3,1,0,2,1,1,5,
202100042922,124 947,A01,2,7,0,2,3,23,1,
202100042922,124 948,B01,2,10,0,2,2,9,1,
202100042923,124 944,B01,1,33,0,2,1,1,1,
202100042923,124 945,A01,2,15,0,2,3,15,1,
202100042923,124 946,C01,1,80,0,2,1,23,3,
202100042924,124 942,B01,1,7,2,2,1,1,1,
202100042924,124 943,A01,2,7,0,2,2,15,1,
202100042925,124 940,B01,1,30,0,9,0,0,1,
202100042925,124 941,A01,1,50,0,2,7,1,3,
202100042926,124 939,A01,1,7,0,1,1,1,1,
202100042927,124 937,A01,1,7,0,2,3,1,2,
202100042927,124 938,B01,1,31,6,0,7,1,3,
202100042928,124 935,B01,1,30,0,2,7,26,1,
202100042928,124 936,A01,1,7,0,2,1,1,1,
202100042929,124 934,A01,3,10,14,0,3,15,1,
202100042930,124 932,B01,1,32,0,2,1,1,1,
202100042930,124 933,A01,1,7,0,2,3,26,1,
202100042931,124 931,A01,0,10,8,0,1,26,1,
202100042932,124 930,A01,3,10,0,1,1,15,1,
202100042933,124 928,B01,1,30,0,2,1,1,1,
202100042933,124 929,A01,1,7,0,2,5,12,1,
202100042934,124 926,A01,1,7,0,2,4,23,1,
202100042934,124 927,B01,1,30,0,2,1,2,1,
202100042935,124 924,A01,2,7,0,2,3,16,0,
202100042935,124 925,B01,2,2,0,2,3,1,1,
202100042936,124 922,B01,1,7,0,2,1,2,2,
202100042936,124 923,A01,1,7,0,2,4,1,1,
202100042937,124 920,A01,2,80,0,2,3,1,3,
202100042937,124 921,B01,1,1,0,2,3,1,5,
202100042938,124 918,A01,1,10,0,2,1,1,1,
202100042938,124 919,B01,1,7,0,2,2,1,1,
202100042939,124 916,B01,1,30,0,2,2,1,1,
202100042939,124 917,A01,1,7,0,2,3,20,1,
202100042940,124 915,A01,2,7,0,1,2,16,1,
202100042941,124 914,A01,2,33,14,0,8,1,1,
202100042942,124 912,A01,1,1,0,2,1,1,5,
202100042942,124 913,B01,2,7,0,9,3,15,1,
202100042943,124 910,A01,1,7,0,2,3,17,1,
202100042943,124 911,B01,2,1,0,0,1,1,5,
202100042944,124 908,A01,2,34,0,2,1,17,1,
202100042944,124 909,B01,2,7,0,2,8,15,1,
202100042945,124 906,A01,2,33,0,2,1,5,1,
202100042945,124 907,B01,1,7,4,2,1,21,1,
202100042946,124 904,B01,1,15,0,0,7,1,1,
202100042946,124 905,A01,1,50,0,2,1,19,3,
202100042947,124 903,A01,2,7,0,1,1,1,1,
202100042948,124 901,A01,3,33,0,2,1,17,1,
202100042948,124 902,B01,3,7,0,2,6,15,1,
202100042949,124 898,B01,2,7,0,2,4,15,1,
202100042949,124 899,C01,1,7,0,2,1,1,1,
202100042949,124 900,A01,2,10,0,2,1,1,1,
202100042950,124 897,A01,2,7,2,0,1,1,1,
202100042951,124 896,A01,0,33,13,0,0,1,1,
202100042952,124 894,A01,2,7,0,9,1,1,1,
202100042952,124 895,B01,2,1,0,2,7,1,5,
202100042953,124 892,A01,0,43,0,0,2,15,1,
202100042953,124 893,B01,1,33,0,2,1,1,1,
202100042954,124 890,B01,3,21,0,2,2,1,1,
202100042954,124 891,A01,3,2,0,2,1,5,1,
202100042955,124 888,A01,3,7,0,2,8,19,1,
202100042955,124 889,B01,1,7,0,2,1,1,3,
202100042956,124 886,A01,2,33,0,2,1,13,1,
202100042956,124 887,B01,1,7,0,2,3,1,1,
202100042957,124 885,A01,1,7,15,0,7,1,1,
202100042958,124 884,A01,1,2,13,0,0,14,1,
202100042959,124 882,B01,1,30,0,2,7,17,1,
202100042959,124 883,A01,1,20,0,2,3,11,1,
202100042960,124 881,A01,1,7,0,0,9,1,1,
202100042961,124 879,B01,0,21,0,0,6,15,1,
202100042961,124 880,A01,0,2,0,2,1,17,1,
202100042962,124 878,A01,1,7,2,0,2,1,1,
202100042963,124 876,A01,1,2,0,0,4,0,1,
202100042963,124 877,B01,1,7,0,2,3,2,1,
202100042964,124 875,A01,2,1,0,9,1,0,5,
202100042965,124 873,A01,1,33,0,2,1,13,1,
202100042965,124 874,B01,2,7,0,2,3,1,1,
202100042966,124 871,B01,2,7,0,0,5,23,1,
202100042966,124 872,A01,2,2,0,2,1,1,1,
202100042967,124 869,B01,1,7,0,2,1,1,1,
202100042967,124 870,A01,2,7,0,2,1,15,1,
202100042968,124 868,A01,1,2,0,5,7,21,1,
202100042969,124 867,A01,1,7,13,0,2,0,1,
202100042970,124 862,A01,2,7,0,2,1,1,1,
202100042970,124 863,B01,1,7,0,2,1,5,1,
202100042971,124 860,A01,0,7,0,2,1,1,1,
202100042971,124 861,B01,1,7,0,2,8,1,1,
202100042972,124 858,B01,1,33,0,2,1,1,1,
202100042972,124 859,A01,2,7,0,2,7,15,1,
202100042973,124 857,A01,2,33,0,0,9,15,1,
202100042974,124 856,A01,1,7,3,0,1,13,1,
202100042975,124 855,A01,2,7,4,0,3,13,1,
202100042976,124 852,A01,2,7,0,2,1,17,1,
202100042976,124 853,B01,1,1,0,2,1,1,5,
202100042976,124 854,C01,1,1,0,2,0,1,5,
202100042977,124 849,A01,2,7,0,2,1,1,1,
202100042977,124 850,B01,1,33,0,2,1,1,1,
202100042977,124 851,C01,1,10,0,2,3,1,1,
202100042978,124 848,A01,2,34,0,0,9,0,1,
202100042979,124 847,A01,3,7,0,1,1,17,1,
202100042980,124 845,B01,1,30,0,2,7,17,1,
202100042980,124 846,A01,1,3,0,2,8,15,1,
202100042981,124 843,B01,3,1,0,2,2,0,0,
202100042981,124 844,A01,3,13,0,2,6,0,0,
202100042982,124 842,A01,1,7,0,1,1,16,1,
202100042983,124 840,A01,1,7,0,0,4,15,1,
202100042983,124 841,B01,1,10,0,2,3,17,1,
202100042984,124 839,A01,2,7,6,0,7,13,1,
202100042985,124 837,A01,3,7,0,2,7,19,1,
202100042985,124 838,B01,2,7,8,2,1,1,1,
202100042986,124 835,A01,2,1,0,0,0,1,5,
202100042987,124 833,B01,1,1,0,2,1,1,5,
202100042987,124 834,A01,2,7,0,2,3,15,1,
202100042988,124 831,A01,3,7,0,2,3,1,1,
202100042988,124 832,B01,3,10,0,2,3,1,1,
202100042989,124 830,A01,1,7,6,0,1,16,1,
202100042990,124 829,A01,2,21,13,0,3,0,1,
202100042991,124 824,E01,2,10,0,2,0,2,1,
202100042991,124 825,D01,2,7,0,2,1,2,1,
202100042991,124 826,C01,2,7,0,2,1,2,1,
202100042991,124 827,B01,2,7,0,2,1,1,1,
202100042991,124 828,A01,2,7,0,2,4,26,2,
202100042992,124 823,A01,1,7,3,0,2,1,1,
202100042993,124 822,A01,1,31,0,2,1,1,1,
202100042994,124 821,A01,2,7,0,0,9,26,1,
202100042995,124 819,B01,1,7,0,2,2,16,1,
202100042995,124 820,A01,1,31,0,2,1,7,1,
202100042996,124 817,Z01,2,7,0,2,1,2,1,
202100042996,124 818,B01,2,7,0,2,4,2,1,
202100042997,124 816,A01,3,30,0,0,8,1,1,
202100042998,124 814,Z01,2,7,0,2,0,15,1,
202100042998,124 815,A01,1,30,0,2,1,1,1,
202100042999,124 812,A01,1,7,0,2,1,1,1,
202100042999,124 813,B01,1,7,0,2,4,1,1,
202100043000,124 810,B01,3,30,0,2,1,1,1,
202100043000,124 811,A01,3,7,0,2,7,15,1,
202100043001,124 809,A01,2,7,0,1,3,19,1,
202100043002,124 806,B01,1,31,12,2,8,21,1,
202100043002,124 807,A01,2,7,0,2,8,9,0,
202100043003,124 804,B01,1,7,0,2,1,1,1,
202100043003,124 805,A01,2,7,0,2,2,15,1,
202100043004,124 803,A01,2,7,0,1,1,1,1,