Num_Acc,id_vehicule,num_veh,senc,catv,obs,obsm,choc,manv,motor,occutc
202100043903,123 194,B01,3,32,0,2,4,23,1,
202100043904,123 191,A01,2,33,0,2,4,2,1,
202100043904,123 192,Z01,2,7,0,2,1,2,1,
202100043905,123 190,A01,2,80,0,2,0,21,3,
202100043906,123 188,B01,2,7,0,2,2,1,1,
202100043906,123 189,A01,2,50,0,2,3,13,3,
202100043907,123 186,A01,2,32,0,2,1,1,1,
202100043907,123 187,B01,2,1,0,2,4,21,5,
202100043908,123 184,B01,2,1,0,2,4,17,5,
202100043908,123 185,A01,2,7,0,2,1,17,1,
202100043909,123 181,B01,1,10,0,2,5,2,1,
202100043909,123 182,A01,1,33,0,2,1,2,1,
202100043909,123 183,C01,1,7,0,2,6,1,1,
202100043910,123 179,B01,2,7,0,2,1,15,1,
202100043910,123 180,A01,1,34,0,2,3,7,1,
202100043911,123 178,A01,1,50,0,1,1,1,3,
202100043912,123 177,A01,1,32,9,0,5,13,1,
202100043913,123 175,A01,1,33,0,2,4,23,1,
202100043913,123 176,Z01,1,32,0,2,1,2,1,
202100043914,123 173,A01,1,10,0,2,2,16,1,
202100043914,123 174,B01,1,1,0,2,1,1,5,
202100043915,123 172,A01,2,7,0,1,4,4,1,
202100043916,123 171,A01,3,7,0,1,7,4,2,
202100043917,123 170,A01,2,10,7,0,3,1,1,
202100043918,123 169,A01,3,7,0,1,1,15,1,
202100043919,123 167,A01,1,7,0,2,3,2,1,
202100043919,123 168,B01,3,1,0,2,0,0,5,
202100043920,123 166,A01,1,7,0,1,0,0,6,
202100043921,123 164,A01,3,7,0,2,1,1,0,
202100043921,123 165,B01,3,17,0,2,4,23,0,
202100043922,123 162,A01,1,30,0,2,4,11,1,
202100043922,123 163,B01,1,7,0,2,1,1,1,
202100043923,123 161,X01,0,0,0,1,0,0,0,
202100043924,123 159,A01,1,30,0,2,2,17,1,
202100043924,123 160,B01,2,10,0,2,3,15,1,
202100043925,123 157,B01,1,7,0,2,4,15,1,
202100043925,123 158,A01,1,7,0,2,1,23,1,
202100043926,123 155,A01,2,10,0,2,1,1,1,
202100043926,123 156,B01,2,7,0,0,4,1,1,
202100043927,123 154,A01,2,7,0,1,3,1,1,
202100043928,123 153,A01,1,10,0,1,1,1,1,
202100043929,123 151,B01,2,34,0,2,8,18,1,
202100043929,123 152,A01,2,37,0,2,2,16,0,1.0
202100043930,123 149,A01,1,7,0,2,3,16,1,
202100043930,123 150,B01,2,1,0,2,1,1,0,
202100043931,123 147,B01,2,31,0,2,1,1,1,
202100043931,123 148,A01,1,7,0,9,2,10,1,
202100043932,123 145,A01,-1,7,0,2,3,15,1,
202100043932,123 146,B01,-1,2,0,2,1,17,1,
202100043933,123 144,A01,3,37,0,2,2,17,1,1.0
202100043934,123 143,A01,2,7,0,1,2,1,2,
202100043935,123 142,A01,3,1,13,0,1,26,0,
202100043936,123 140,A01,1,7,0,2,3,13,1,
202100043936,123 141,B01,2,1,0,2,3,21,6,
202100043937,123 139,A01,2,30,0,1,1,7,1,
202100043938,123 137,B01,2,1,1,0,1,1,5,
202100043938,123 138,A01,2,7,0,9,6,22,1,
202100043939,123 136,A01,2,7,8,0,1,13,1,
202100043940,123 135,A01,3,14,0,1,5,4,1,
202100043941,123 134,A01,2,1,0,1,3,1,5,
202100043942,123 132,B01,2,32,0,2,1,1,1,
202100043942,123 133,A01,2,7,0,2,3,15,1,
202100043943,123 130,B01,1,7,0,2,3,1,1,
202100043943,123 131,A01,2,7,0,2,3,1,1,
202100043944,123 128,B01,3,10,0,2,8,19,1,
202100043944,123 129,A01,2,7,0,2,1,1,1,
202100043945,123 127,A01,2,7,0,0,0,0,1,
202100043946,123 125,B01,0,2,0,2,1,1,1,
202100043946,123 126,A01,0,2,0,2,1,1,1,
202100043947,123 123,A01,1,7,0,2,2,15,1,
202100043947,123 124,B01,2,7,13,2,3,1,1,
202100043948,123 121,A01,2,7,13,0,9,1,1,
202100043949,123 119,A01,1,7,0,2,8,15,1,
202100043949,123 120,B01,2,2,0,2,1,17,1,
202100043950,123 117,B01,1,7,0,2,2,1,1,
202100043950,123 118,A01,1,1,0,0,4,1,5,
202100043951,123 115,A01,1,17,0,2,4,1,1,
202100043951,123 116,B01,1,10,0,2,1,2,1,
202100043952,123 113,B01,1,2,0,2,1,1,1,
202100043952,123 114,A01,0,7,0,2,4,20,1,
202100043953,123 112,A01,1,2,13,0,1,0,1,
202100043954,123 110,B01,1,10,0,2,3,15,1,
202100043954,123 111,A01,1,7,0,2,1,17,1,
202100043955,123 108,A01,3,7,0,2,2,13,1,
202100043955,123 109,B01,3,10,0,2,2,11,1,
202100043956,123 107,A01,2,7,13,0,2,1,1,
202100043957,123 106,A01,1,7,0,0,0,0,3,
202100043958,123 104,A01,1,7,0,0,0,17,0,
202100043958,123 105,B01,1,17,13,0,3,21,1,
202100043959,123 103,A01,3,7,6,0,3,1,1,
202100043960,123 101,A01,3,31,0,2,2,13,1,
202100043960,123 102,B01,3,7,0,2,2,1,1,
202100043961,123 100,A01,1,7,15,0,1,2,1,
202100043962,123 099,A01,3,7,0,1,3,2,1,
202100043963,123 098,A01,1,7,0,1,3,1,1,
202100043964,123 096,A01,0,60,0,2,0,23,5,
202100043964,123 097,B01,0,41,0,2,0,2,0,
202100043965,123 094,A01,3,7,0,0,3,1,1,
202100043965,123 095,B01,3,7,0,0,3,1,1,
202100043966,123 092,B01,1,10,0,2,2,2,1,
202100043966,123 093,A01,1,7,0,2,3,19,1,
202100043967,123 091,A01,2,13,13,0,1,1,1,
202100043968,123 089,A01,1,7,0,0,4,0,1,
202100043968,123 090,B01,1,10,0,2,1,1,1,
202100043969,123 086,A01,1,7,6,0,2,1,1,
202100043970,123 084,A01,2,2,0,2,1,21,1,
202100043970,123 085,B01,3,10,0,2,8,9,0,
202100043971,123 082,B01,1,7,0,2,2,15,1,
202100043971,123 083,A01,1,7,13,2,1,1,1,
202100043972,123 080,A01,1,7,0,2,3,19,1,
202100043972,123 081,B01,2,37,0,2,2,1,2,1.0
202100043973,123 079,A01,1,33,0,2,1,2,1,
202100043974,123 077,B01,2,15,0,2,1,1,1,
202100043974,123 078,A01,1,7,0,2,1,13,1,
202100043975,123 075,A01,2,10,0,2,1,2,1,
202100043975,123 076,B01,2,7,0,2,4,15,1,
202100043976,123 074,A01,1,7,11,0,1,2,1,
202100043977,123 073,A01,1,80,0,0,9,1,3,
202100043978,123 072,A01,2,15,0,0,9,1,1,
202100043979,123 071,A01,1,2,9,9,1,1,1,
202100043980,123 069,A01,2,7,0,0,3,1,1,
202100043980,123 070,B01,3,10,0,2,2,25,3,
202100043981,123 068,A01,1,7,0,0,9,1,1,
202100043982,123 065,B01,2,15,0,2,1,1,1,
202100043982,123 066,A01,1,10,0,2,1,5,1,
202100043983,123 064,A01,1,7,6,0,1,13,1,
202100043984,123 062,B01,1,1,0,2,1,1,5,
202100043984,123 063,A01,1,7,0,2,2,16,1,
202100043985,123 061,A01,2,7,13,0,2,1,1,
202100043986,123 059,B01,1,2,0,0,8,1,1,
202100043986,123 060,A01,2,7,0,2,3,15,1,
202100043987,123 057,A01,2,7,0,2,1,15,1,
202100043987,123 058,B01,1,7,0,2,1,1,1,
202100043988,123 055,A01,1,7,0,2,1,1,1,
202100043988,123 056,B01,2,7,0,2,7,19,1,
202100043989,123 053,A01,1,13,6,0,1,1,1,
202100043990,123 050,C01,1,7,0,2,1,2,1,
202100043990,123 051,B01,1,7,0,2,4,2,1,
202100043990,123 052,A01,1,7,0,2,4,1,1,
202100043991,123 049,A01,2,10,6,0,1,14,1,
202100043992,123 044,C01,2,10,0,2,4,2,1,
202100043992,123 045,E01,2,7,0,2,4,2,1,
202100043992,123 046,D01,2,7,0,2,1,0,1,
202100043992,123 047,B01,2,7,0,2,4,2,1,
202100043992,123 048,A01,2,7,0,2,1,2,1,
202100043993,123 042,B01,1,7,0,2,4,1,1,
202100043993,123 043,A01,1,7,0,2,1,1,1,
202100043994,123 039,A01,2,10,0,2,1,2,1,
202100043994,123 040,B01,2,7,0,2,4,2,1,
202100043994,123 041,C01,2,7,0,2,4,2,1,
202100043995,123 037,A01,2,7,0,2,3,9,1,
202100043995,123 038,B01,2,31,0,2,1,3,1,
202100043996,123 035,Z01,1,7,0,2,6,9,0,
202100043996,123 036,A01,1,7,0,2,1,1,1,
202100043997,123 033,A01,1,7,0,2,4,2,1,
202100043997,123 034,B01,1,15,0,2,1,2,0,
202100043998,123 030,C01,2,7,0,2,4,1,1,
202100043998,123 031,A01,2,10,0,2,1,1,1,
202100043998,123 032,B01,2,7,0,2,4,1,1,
202100043999,123 027,A01,2,30,0,2,7,17,1,
202100043999,123 028,C01,2,7,0,2,8,1,1,
202100043999,123 029,B01,2,30,0,2,9,17,1,
202100044000,123 026,A01,3,7,0,1,3,1,1,
202100044001,123 024,A01,2,7,0,2,4,26,1,
202100044001,123 025,B01,2,1,0,2,5,0,0,
202100044002,123 023,A01,3,7,0,1,1,15,0,
202100044003,123 021,A01,1,7,2,2,1,2,1,
202100044003,123 022,B01,1,7,1,2,4,2,1,
202100044004,123 019,A01,1,10,8,2,1,19,1,
202100044004,123 020,B01,1,7,0,2,3,1,1,
202100044005,123 017,A01,1,7,0,2,3,15,1,
202100044005,123 018,B01,1,43,0,2,7,1,1,
202100044006,123 016,A01,3,7,0,1,1,9,1,
202100044007,123 015,A01,1,7,0,1,3,20,1,
202100044008,123 013,A01,1,33,0,2,2,17,1,
202100044008,123 014,B01,1,7,0,2,3,15,2,
202100044009,123 011,B01,1,7,0,2,3,1,1,
202100044009,123 012,A01,1,33,0,2,2,16,1,
202100044010,123 010,A01,2,7,0,1,3,1,1,
202100044011,123 007,C01,2,10,0,2,4,2,1,
202100044011,123 008,B01,2,7,0,2,4,2,1,
202100044011,123 009,A01,2,7,0,2,1,1,1,
202100044012,123 005,B01,1,1,0,2,1,1,5,
202100044012,123 006,A01,1,7,0,2,7,20,1,
202100044013,123 003,A01,1,7,0,2,1,2,1,
202100044013,123 004,B01,1,7,0,2,4,23,1,
202100044014,123 002,A01,2,7,0,1,1,13,1,
202100044015,123 001,A01,1,30,0,1,7,26,1,
202100044016,122 999,B01,0,7,0,2,4,23,1,
202100044016,123 000,A01,0,7,0,2,1,2,1,
202100044017,122 997,B01,0,2,0,2,1,1,1,
202100044017,122 998,A01,0,7,0,2,3,9,1,
202100044018,122 996,A01,1,7,8,0,2,1,1,
202100044019,122 994,A01,1,7,0,2,2,15,1,
202100044019,122 995,B01,1,32,0,2,1,21,1,
202100044020,122 992,A01,2,7,0,2,3,15,1,
202100044020,122 993,B01,3,7,0,2,4,9,1,
202100044021,122 990,A01,1,10,1,2,7,19,1,
202100044021,122 991,B01,1,7,0,2,1,1,1,
202100044022,122 989,A01,1,33,0,0,0,14,1,
202100044023,122 988,A01,1,1,16,0,0,21,5,
202100044024,122 985,C01,2,7,0,2,4,26,1,
202100044024,122 986,B01,1,7,0,2,4,0,1,
202100044024,122 987,A01,2,7,0,2,1,1,1,
202100044025,122 984,A01,1,10,2,0,3,26,1,
202100044026,122 982,A01,1,7,0,2,1,20,1,
202100044026,122 983,B01,1,31,0,2,1,1,1,
202100044027,122 980,B01,0,7,0,2,5,16,1,
202100044027,122 981,A01,0,33,0,2,1,1,1,
202100044028,122 978,B01,2,10,0,2,4,1,1,
202100044028,122 979,A01,2,30,0,2,1,1,1,
202100044029,122 976,B01,0,80,0,2,8,19,3,
202100044029,122 977,A01,0,7,0,2,1,1,1,
202100044030,122 974,B01,3,17,0,2,4,2,1,
202100044030,122 975,A01,3,37,0,2,1,2,6,1.0
202100044031,122 972,B01,1,7,0,2,1,1,1,
202100044031,122 973,A01,2,7,0,2,7,1,1,
202100044032,122 970,A01,3,33,0,2,8,18,1,
202100044032,122 971,B01,3,7,0,2,2,2,1,
202100044033,122 968,B01,1,7,0,2,3,15,1,
202100044033,122 969,A01,1,32,0,2,2,17,1,
202100044034,122 965,C01,3,7,0,2,4,24,1,
202100044034,122 966,A01,1,7,0,2,2,0,1,
202100044034,122 967,B01,1,31,0,2,0,0,1,
202100044035,122 963,B01,1,7,0,2,2,1,1,
202100044035,122 964,A01,2,32,0,2,1,13,1,
202100044036,122 961,A01,1,30,0,2,5,2,1,
202100044036,122 962,B01,1,7,0,2,5,2,1,
202100044037,122 959,B01,1,31,0,2,1,2,1,
202100044037,122 960,A01,1,7,0,2,2,12,1,
202100044038,122 958,A01,1,7,0,1,1,1,1,
202100044039,122 957,A01,1,7,4,0,1,14,1,
202100044040,122 955,B01,2,32,0,2,4,1,1,
202100044040,122 956,A01,2,7,0,2,1,1,1,
202100044041,122 954,A01,1,33,0,0,3,1,1,
202100044042,122 952,A01,1,7,0,2,6,15,1,
202100044042,122 953,B01,1,33,0,2,2,1,1,
202100044043,122 950,B01,2,7,0,2,3,1,1,
202100044043,122 951,A01,1,30,0,2,1,17,1,
202100044044,122 948,Z01,1,2,0,2,6,19,1,
202100044044,122 949,A01,2,1,0,2,1,5,5,
202100044045,122 946,A01,1,30,0,2,1,18,1,
202100044045,122 947,B01,1,14,0,2,7,22,1,
202100044046,122 944,B01,2,33,0,2,1,1,1,
202100044046,122 945,A01,2,33,0,2,8,10,1,
202100044047,122 943,A01,1,1,0,2,1,21,5,
202100044048,122 941,A01,2,50,0,2,3,15,3,
202100044048,122 942,B01,2,7,0,2,2,2,1,
202100044049,122 939,B01,1,1,0,2,1,1,5,
202100044049,122 940,A01,2,50,0,2,1,5,3,
202100044050,122 938,A01,2,1,0,1,8,5,5,
202100044051,122 936,A01,1,32,0,2,1,2,1,
202100044051,122 937,B01,1,32,0,2,0,2,1,
202100044052,122 935,A01,2,1,12,0,1,14,5,
202100044053,122 933,B01,1,1,0,2,8,7,5,
202100044053,122 934,A01,1,10,0,2,2,16,1,
202100044054,122 931,B01,1,7,0,2,1,1,1,
202100044054,122 932,A01,1,33,0,2,3,1,1,
202100044055,122 930,A01,3,43,0,1,1,1,0,
202100044056,122 928,B01,1,15,0,0,3,0,1,
202100044056,122 929,A01,1,7,0,2,3,2,1,
202100044057,122 926,A01,-1,7,0,2,2,26,1,
202100044057,122 927,B01,-1,33,0,2,3,1,1,
202100044058,122 925,A01,1,10,0,1,1,16,1,
202100044059,122 923,B01,3,10,0,0,1,1,6,
202100044059,122 924,A01,3,2,15,2,1,16,1,
202100044060,122 921,A01,1,10,0,2,6,20,1,
202100044060,122 922,B01,1,2,2,2,3,24,0,
202100044061,122 919,A01,2,10,0,2,8,2,1,
202100044061,122 920,B01,1,2,0,2,1,1,1,
202100044062,122 917,A01,1,7,0,1,1,15,1,
202100044063,122 915,A01,2,32,0,2,4,1,1,
202100044063,122 916,B01,2,7,0,2,3,2,1,
202100044064,122 914,A01,2,10,0,1,1,1,1,
202100044065,122 912,B01,3,7,0,2,1,1,1,
202100044065,122 913,A01,3,7,0,2,3,10,1,
202100044066,122 910,A01,1,7,0,2,3,9,1,
202100044066,122 911,B01,1,1,0,2,1,1,6,
202100044067,122 908,B01,2,7,0,2,6,1,1,
202100044067,122 909,A01,3,36,0,2,2,9,1,
202100044068,122 906,A01,1,10,0,2,1,3,1,
202100044068,122 907,B01,2,2,0,2,1,1,1,
202100044069,122 904,B01,3,33,0,2,3,13,1,
202100044069,122 905,A01,3,7,0,2,3,1,1,
202100044070,122 903,A01,1,2,3,0,7,1,1,
202100044071,122 902,A01,2,33,3,0,3,1,1,
202100044072,122 900,A01,1,10,0,2,1,1,1,
202100044072,122 901,B01,1,1,0,0,8,15,5,
202100044073,122 899,A01,1,7,0,1,1,1,1,
202100044074,122 894,A01,1,7,0,2,3,17,1,
202100044074,122 895,B01,2,7,5,2,3,1,1,
202100044074,122 896,C01,2,7,0,2,3,1,1,
202100044075,122 893,A01,2,7,0,1,2,1,1,
202100044076,122 891,B01,2,10,0,2,2,1,1,
202100044076,122 892,A01,1,7,0,2,3,13,1,
202100044077,122 888,A01,0,7,0,2,1,13,1,
202100044077,122 889,B01,0,7,0,2,3,1,1,
202100044077,122 890,C01,0,7,0,2,1,1,1,
202100044078,122 886,B01,1,7,0,2,3,1,1,
202100044078,122 887,A01,3,7,0,2,2,1,1,
202100044079,122 885,A01,1,33,13,0,1,1,1,
202100044080,122 884,A01,3,7,13,0,2,1,1,
202100044081,122 882,A01,2,17,0,2,6,13,1,
202100044081,122 883,B01,1,17,0,2,3,1,1,
202100044082,122 881,A01,1,7,13,0,1,3,1,
202100044083,122 879,B01,1,7,0,2,3,1,1,
202100044083,122 880,A01,2,7,0,2,3,1,1,
202100044084,122 877,B01,2,10,0,2,2,1,1,
202100044084,122 878,A01,2,32,0,2,8,19,1,
202100044085,122 876,A01,3,7,0,1,3,1,1,
202100044086,122 874,A01,1,7,0,2,6,9,1,
202100044086,122 875,B01,1,33,0,2,1,1,1,
202100044087,122 871,A01,2,7,0,2,1,13,1,
202100044087,122 872,B01,1,7,0,2,1,1,0,
202100044088,122 870,A01,3,7,2,0,3,1,1,
202100044089,122 869,A01,2,7,6,0,0,1,1,
202100044090,122 866,A01,2,10,0,2,3,17,1,
202100044090,122 867,B01,1,7,0,2,3,1,1,
202100044090,122 868,C01,2,17,0,2,3,1,1,
202100044091,122 863,B01,2,15,0,2,2,1,1,
202100044091,122 864,C01,1,7,0,2,6,1,1,
202100044091,122 865,A01,1,7,0,2,1,13,1,
202100044092,122 862,A01,2,33,0,0,1,2,1,
202100044093,122 860,A01,1,33,0,2,8,1,1,
202100044093,122 861,B01,2,7,8,2,1,15,1,
202100044094,122 858,A01,2,7,4,2,3,11,1,
202100044094,122 859,B01,2,7,0,0,4,1,1,
202100044095,122 856,B01,3,80,0,2,3,1,3,
202100044095,122 857,A01,3,33,2,2,1,11,1,
202100044096,122 855,A01,1,33,13,0,1,1,1,
202100044097,122 854,A01,3,7,0,1,3,1,1,
202100044098,122 850,A01,2,50,0,0,2,1,3,
202100044098,122 851,B01,1,7,0,2,3,16,1,
202100044099,122 849,A01,2,7,0,0,1,1,2,
202100044100,122 847,A01,3,1,0,2,1,5,5,
202100044100,122 848,B01,3,7,0,2,1,1,1,
202100044101,122 845,A01,2,7,1,0,1,14,1,
202100044101,122 846,B01,2,15,0,2,4,24,1,
202100044102,122 843,A01,1,7,0,2,1,2,1,
202100044102,122 844,B01,1,15,0,0,4,2,1,
202100044103,122 841,B01,1,13,0,9,7,1,1,
202100044103,122 842,A01,1,1,0,2,8,9,5,
202100044104,122 840,A01,1,7,0,0,9,1,1,
202100044105,122 838,B01,2,7,0,2,2,1,1,
202100044105,122 839,A01,2,7,0,2,3,11,1,
202100044106,122 836,A01,2,7,0,2,1,26,1,
202100044106,122 837,B01,2,7,0,2,4,26,1,
202100044107,122 834,A01,2,10,1,0,2,1,1,
202100044107,122 835,B01,2,7,0,2,6,24,1,
202100044108,122 832,A01,1,2,0,2,2,15,1,
202100044108,122 833,B01,2,10,0,2,3,1,1,
202100044109,122 830,B01,1,33,0,2,8,1,1,
202100044109,122 831,A01,0,7,0,2,2,9,1,
202100044110,122 828,A01,3,10,0,9,2,14,1,
202100044110,122 829,B01,3,80,0,2,2,1,3,
202100044111,122 825,A01,1,7,0,2,6,26,1,
202100044111,122 826,B01,2,7,0,2,4,26,1,
202100044111,122 827,C01,1,7,0,2,1,26,1,
202100044112,122 824,A01,2,80,0,0,0,2,3,
202100044113,122 822,B01,1,7,0,2,5,15,1,
202100044113,122 823,A01,1,30,0,2,1,0,1,
202100044114,122 820,B01,2,30,0,2,8,16,1,
202100044114,122 821,A01,2,7,0,2,7,17,1,
202100044115,122 818,B01,1,2,0,2,1,1,1,
202100044115,122 819,A01,0,7,0,2,1,15,1,
202100044116,122 817,A01,1,30,0,2,4,2,1,
202100044117,122 815,A01,1,7,0,2,7,22,1,
202100044117,122 816,B01,1,2,0,2,3,1,1,
202100044118,122 813,A01,2,2,0,2,1,1,0,
202100044118,122 814,B01,3,1,0,2,8,1,5,
202100044119,122 811,B01,3,32,0,2,1,17,1,
202100044119,122 812,A01,3,7,0,2,8,15,1,
202100044120,122 809,B01,1,1,14,2,1,2,5,
202100044120,122 810,A01,1,7,0,2,4,26,1,
202100044121,122 808,A01,3,7,0,1,5,4,1,
202100044122,122 806,B01,1,34,0,2,7,17,1,
202100044122,122 807,A01,3,7,0,2,1,15,1,
202100044123,122 805,A01,1,37,0,1,3,21,0,1.0
202100044124,122 803,A01,1,32,0,2,1,17,1,
202100044124,122 804,B01,1,10,0,2,3,15,1,
202100044125,122 802,A01,1,7,0,1,1,19,1,
202100044126,122 800,A01,3,31,0,2,1,1,1,
202100044126,122 801,B01,3,7,0,0,5,23,1,
202100044127,122 799,A01,1,33,3,0,9,0,1,
202100044128,122 797,B01,3,1,0,2,0,1,0,
202100044128,122 798,A01,0,7,0,2,0,15,0,
202100044129,122 795,A01,3,39,0,1,3,1,0,
202100044130,122 793,B01,1,1,0,2,1,1,5,
202100044130,122 794,A01,1,10,0,2,3,9,1,
202100044131,122 791,B01,1,7,8,2,2,15,1,
202100044131,122 792,A01,0,33,0,2,7,17,6,
202100044132,122 789,A01,3,7,0,2,3,1,1,
202100044132,122 790,B01,3,7,0,2,7,15,1,
202100044133,122 787,A01,1,7,0,2,3,15,1,
202100044133,122 788,B01,2,7,0,2,3,1,1,
202100044134,122 785,A01,1,7,0,2,1,15,1,
202100044134,122 786,B01,1,7,0,2,4,15,1,
202100044135,122 783,B01,0,7,0,2,4,2,2,
202100044135,122 784,A01,0,7,0,2,1,2,1,
202100044136,122 782,A01,3,30,8,0,1,13,1,
202100044137,122 780,B01,2,7,0,2,4,1,2,
202100044137,122 781,A01,2,7,0,2,1,1,1,
202100044138,122 779,A01,1,7,0,0,2,1,1,
202100044139,122 778,A01,1,30,0,0,8,9,1,
202100044140,122 775,A01,2,7,0,2,1,1,1,
202100044140,122 776,B01,2,99,0,2,7,1,0,
202100044140,122 777,C01,2,7,0,2,8,23,1,
202100044141,122 773,A01,2,7,0,2,7,15,1,
202100044141,122 774,B01,2,7,0,2,1,1,1,
202100044142,122 772,A01,1,7,15,0,1,14,1,
202100044143,122 771,A01,2,1,0,1,2,1,5,
202100044144,122 770,A01,1,7,13,0,2,15,1,
202100044145,122 769,A01,1,7,2,0,1,13,1,
202100044146,122 768,A01,2,7,13,0,2,14,1,
202100044147,122 767,A01,1,7,0,1,3,1,1,
202100044148,122 765,A01,1,30,0,2,0,15,1,
202100044148,122 766,B01,2,7,0,2,3,1,1,
202100044149,122 763,B01,1,50,0,2,8,19,3,
202100044149,122 764,A01,1,7,0,2,1,1,1,
202100044150,122 761,A01,3,10,0,2,1,15,1,
202100044150,122 762,B01,3,7,0,2,4,15,1,
202100044151,122 757,B01,1,33,0,2,1,17,1,
202100044151,122 758,A01,3,7,0,2,3,15,1,
202100044152,122 755,B01,2,7,0,2,8,15,2,
202100044152,122 756,A01,2,31,0,2,7,3,1,
202100044153,122 749,A01,2,7,0,2,1,2,1,
202100044153,122 750,B01,2,7,0,2,4,2,1,
202100044153,122 751,C01,2,32,0,2,4,2,1,
202100044153,122 752,D01,2,7,0,2,4,2,0,
202100044154,122 747,A01,0,7,0,2,1,9,1,
202100044154,122 748,B01,0,32,0,2,2,3,1,
202100044155,122 746,A01,2,43,6,0,0,2,1,
202100044156,122 744,B01,2,80,0,2,3,25,5,
202100044156,122 745,A01,2,7,0,2,2,25,1,
202100044157,122 742,B01,3,7,0,2,1,9,1,
202100044157,122 743,A01,2,7,6,0,0,0,1,
202100044158,122 740,A01,1,7,0,2,1,2,3,
202100044158,122 741,B01,1,10,0,2,4,2,1,
202100044159,122 738,B01,1,33,0,2,2,17,1,
202100044159,122 739,A01,1,7,0,2,3,15,1,
202100044160,122 737,A01,2,1,0,1,1,1,5,
202100044161,122 735,B01,0,30,0,2,2,1,1,
202100044161,122 736,Z01,0,7,0,2,0,14,0,
202100044162,122 733,B01,2,2,0,2,2,1,1,
202100044162,122 734,A01,2,7,0,2,4,20,1,
202100044163,122 732,A01,2,30,0,2,0,21,1,
202100044164,122 730,B01,2,7,0,2,2,15,1,
202100044164,122 731,A01,1,43,0,2,1,7,1,
202100044165,122 728,B01,1,32,0,2,3,1,1,
202100044165,122 729,A01,1,30,0,2,5,12,1,
202100044166,122 726,A01,3,7,0,2,1,1,1,
202100044166,122 727,B01,3,7,0,2,4,23,1,
202100044167,122 725,A01,3,80,0,0,0,1,3,
202100044168,122 724,A01,1,30,0,1,7,1,3,
202100044169,122 722,A01,1,32,0,2,1,1,1,
202100044169,122 723,B01,0,1,0,2,8,9,5,
202100044170,122 720,B01,1,7,0,2,2,16,1,
202100044170,122 721,A01,1,32,0,2,3,18,1,
202100044171,122 718,B01,3,7,0,2,7,1,1,
202100044171,122 719,A01,2,1,0,2,1,15,5,
202100044172,122 716,B01,1,7,0,2,4,2,1,
202100044172,122 717,A01,1,14,0,2,1,2,1,
202100044173,122 714,A01,3,7,0,2,4,2,1,
202100044173,122 715,B01,2,10,1,9,4,2,1,
202100044174,122 712,B01,2,7,0,2,4,2,1,
202100044174,122 713,A01,2,30,0,2,1,2,1,
202100044175,122 710,B01,3,7,0,2,8,1,3,
202100044175,122 711,A01,3,7,0,2,1,19,1,
202100044176,122 709,Z01,2,50,0,1,1,25,3,
202100044177,122 707,A01,3,32,0,2,1,1,1,
202100044177,122 708,B01,3,7,0,2,3,15,1,
202100044178,122 706,A01,1,7,1,0,2,14,1,
202100044179,122 704,A01,1,7,0,2,2,2,1,
202100044179,122 705,B01,1,7,0,2,0,0,1,
202100044180,122 702,A01,2,32,0,2,1,21,1,
202100044180,122 703,B01,1,7,0,2,3,21,1,
202100044181,122 700,A01,1,7,12,2,3,15,1,
202100044181,122 701,B01,2,30,0,2,1,1,1,
202100044182,122 698,B01,2,33,0,2,6,1,1,
202100044182,122 699,A01,1,7,0,2,3,2,0,
202100044183,122 696,B01,1,50,1,0,1,1,3,
202100044183,122 697,A01,1,7,0,2,8,22,1,
202100044184,122 694,A01,3,7,0,2,3,16,1,
202100044184,122 695,B01,3,1,0,2,3,5,0,
202100044185,122 693,A01,1,7,0,0,5,23,1,
202100044186,122 691,A01,1,10,0,2,3,16,1,
202100044186,122 692,B01,3,1,0,2,1,19,5,
202100044187,122 690,A01,2,50,0,1,0,19,3,
202100044188,122 689,A01,1,30,0,0,9,1,1,
202100044189,122 688,A01,1,7,0,1,1,9,1,
202100044190,122 686,B01,2,33,0,2,7,1,1,
202100044190,122 687,A01,1,7,0,2,1,1,1,
202100044191,122 684,B01,1,7,0,2,1,1,1,
202100044191,122 685,A01,2,7,3,2,1,13,1,
202100044192,122 682,B01,3,1,0,2,3,1,5,
202100044192,122 683,A01,3,7,13,2,3,1,1,
202100044193,122 680,A01,0,7,0,0,6,10,1,
202100044193,122 681,B01,2,33,0,2,1,1,1,
202100044194,122 678,A01,2,33,0,0,1,2,1,
202100044194,122 679,B01,2,21,0,2,5,15,1,
202100044195,122 677,A01,1,7,3,0,2,2,0,
202100044196,122 675,A01,2,7,0,2,1,17,1,
202100044196,122 676,B01,1,33,0,2,1,1,1,
202100044197,122 674,A01,1,2,0,0,0,1,1,
202100044198,122 672,A01,2,7,0,2,3,1,1,
202100044198,122 673,B01,1,7,0,2,3,1,1,
202100044199,122 670,B01,2,13,0,2,2,1,1,
202100044199,122 671,A01,1,10,0,2,2,13,1,
202100044200,122 669,A01,1,10,13,0,7,1,1,
202100044201,122 667,B01,3,7,0,2,3,14,1,
202100044201,122 668,A01,3,7,0,2,3,13,1,
202100044202,122 666,A01,1,7,0,0,9,1,1,
202100044203,122 664,B01,1,7,0,2,1,1,1,
202100044203,122 665,A01,1,7,0,2,3,9,1,