Num_Acc,id_vehicule,num_veh,senc,catv,obs,obsm,choc,manv,motor,occutc
202100044204,122 663,A01,3,32,0,0,9,14,1,
202100044205,122 661,A01,2,7,0,2,3,13,2,
202100044205,122 662,B01,1,15,0,2,3,1,1,
202100044206,122 659,B01,1,10,0,0,4,1,1,
202100044206,122 660,A01,1,10,0,2,1,2,1,
202100044207,122 655,D01,2,7,5,0,1,0,1,
202100044207,122 656,C01,2,10,0,2,1,0,1,
202100044207,122 657,B01,2,10,1,0,1,0,1,
202100044207,122 658,A01,2,7,3,0,0,0,1,
202100044208,122 652,A01,2,7,0,2,2,5,1,
202100044208,122 653,C01,1,7,0,2,1,2,1,
202100044208,122 654,B01,1,7,0,2,1,5,1,
202100044209,122 648,B01,3,10,0,2,1,15,1,
202100044209,122 649,A01,3,1,0,2,1,1,5,
202100044210,122 646,B01,1,2,0,2,2,2,1,
202100044210,122 647,A01,2,7,0,2,3,9,1,
202100044211,122 644,A01,1,33,0,2,8,21,1,
202100044211,122 645,B01,1,15,0,2,2,16,1,
202100044212,122 642,B01,1,2,0,2,1,1,1,
202100044212,122 643,A01,2,7,0,2,2,15,1,
202100044213,122 640,B01,2,7,0,2,3,1,1,
202100044213,122 641,A01,1,10,0,2,6,13,1,
202100044214,122 639,A01,3,7,0,1,2,1,1,
202100044215,122 638,A01,2,7,0,1,5,4,1,
202100044216,122 637,A01,1,7,13,0,1,1,1,
202100044217,122 636,A01,1,7,13,0,9,1,1,
202100044218,122 634,A01,1,7,0,2,4,1,1,
202100044218,122 635,B01,1,33,0,2,1,1,1,
202100044219,122 632,A01,1,10,0,2,1,1,1,
202100044219,122 633,B01,1,7,0,2,4,1,1,
202100044220,122 630,A01,1,7,0,2,1,2,1,
202100044220,122 631,B01,1,7,0,2,4,1,1,
202100044221,122 628,B01,2,15,0,2,3,11,1,
202100044221,122 629,A01,2,7,0,2,2,1,1,
202100044222,122 627,A01,1,7,4,0,2,26,1,
202100044223,122 625,A01,1,7,0,2,1,1,1,
202100044223,122 626,B01,1,7,0,2,4,2,1,
202100044224,122 623,A01,1,33,0,2,0,26,1,
202100044224,122 624,B01,1,7,0,2,2,0,1,
202100044225,122 621,B01,2,7,0,2,1,2,1,
202100044225,122 622,A01,2,7,0,2,4,2,1,
202100044226,122 614,A01,2,10,0,2,4,2,1,
202100044226,122 615,B01,2,13,0,2,1,2,1,
202100044226,122 616,C01,2,7,0,2,4,0,1,
202100044226,122 617,D01,2,10,0,2,1,1,1,
202100044226,122 618,E01,2,7,0,2,4,2,1,
202100044226,122 619,F01,2,7,0,2,8,2,1,
202100044226,122 620,G01,2,7,0,2,0,2,1,
202100044227,122 612,B01,1,7,0,2,0,21,1,
202100044227,122 613,A01,1,7,0,2,6,26,1,
202100044228,122 611,A01,2,33,3,0,9,1,1,
202100044229,122 608,C01,1,7,0,2,6,1,1,
202100044229,122 609,A01,1,7,0,2,3,11,1,
202100044229,122 610,B01,1,7,0,2,2,1,1,
202100044230,122 606,A01,1,10,0,2,3,12,1,
202100044230,122 607,B01,1,15,0,2,5,11,1,
202100044231,122 603,B01,1,10,0,2,4,2,1,
202100044231,122 604,A01,1,10,0,2,1,2,1,
202100044231,122 605,C01,1,7,0,2,4,2,1,
202100044232,122 601,A01,1,14,0,2,3,2,1,
202100044232,122 602,B01,1,7,3,2,5,12,1,
202100044233,122 599,A01,1,7,0,2,1,26,1,
202100044233,122 600,B01,1,7,0,2,4,26,1,
202100044234,122 596,B01,2,2,0,2,1,1,1,
202100044234,122 597,A01,2,7,0,2,7,15,1,
202100044235,122 595,A01,1,30,0,1,1,1,1,
202100044236,122 594,A01,1,7,0,1,2,1,1,
202100044237,122 593,A01,1,2,0,0,9,1,1,
202100044238,122 591,B01,1,7,0,2,1,0,1,
202100044238,122 592,A01,1,7,0,2,4,0,1,
202100044239,122 590,A01,1,50,0,2,8,26,3,
202100044240,122 589,A01,1,7,4,0,2,1,1,
202100044241,122 587,A01,1,33,0,2,1,2,1,
202100044241,122 588,B01,1,7,0,2,4,2,1,
202100044242,122 585,B01,1,7,0,2,4,1,0,
202100044242,122 586,A01,1,36,1,2,1,1,1,
202100044243,122 584,A01,2,7,0,1,1,19,1,
202100044244,122 583,A01,3,10,14,0,3,1,1,
202100044245,122 581,B01,2,1,0,2,1,1,5,
202100044245,122 582,A01,1,7,0,2,5,15,1,
202100044246,122 579,B01,1,2,0,2,7,1,1,
202100044246,122 580,A01,1,7,0,2,8,11,1,
202100044247,122 577,A01,1,10,0,9,2,26,1,
202100044247,122 578,B01,1,1,0,2,7,26,5,
202100044248,122 576,A01,0,7,0,1,1,16,1,
202100044249,122 574,B01,0,7,0,2,7,0,1,
202100044249,122 575,A01,2,7,0,2,7,1,1,
202100044250,122 572,A01,1,7,0,2,6,22,1,
202100044250,122 573,B01,1,50,0,2,1,1,3,
202100044251,122 570,A01,1,7,0,2,8,1,1,
202100044251,122 571,B01,0,50,0,2,1,19,3,
202100044252,122 568,A01,1,10,0,2,1,9,1,
202100044252,122 569,B01,2,33,0,2,2,1,1,
202100044253,122 566,B01,1,7,0,2,8,19,1,
202100044253,122 567,A01,1,7,0,2,1,19,1,
202100044254,122 563,A01,1,7,0,2,1,2,1,
202100044254,122 564,B01,1,7,0,2,4,23,1,
202100044254,122 565,C01,1,7,0,2,4,23,1,
202100044255,122 562,A01,2,7,15,0,2,14,1,
202100044256,122 560,A01,2,7,0,2,3,1,1,
202100044256,122 561,B01,1,7,0,2,2,1,1,
202100044257,122 558,B01,1,7,0,2,7,1,1,
202100044257,122 559,A01,1,2,0,2,1,19,1,
202100044258,122 555,C01,2,7,0,2,1,2,1,
202100044258,122 556,B01,2,7,0,2,4,2,1,
202100044258,122 557,A01,2,7,0,2,4,15,1,
202100044259,122 553,B01,-1,1,0,2,1,19,5,
202100044259,122 554,A01,2,7,0,2,1,1,1,
202100044260,122 551,B01,2,1,1,0,1,1,5,
202100044260,122 552,A01,2,10,0,2,8,22,1,
202100044261,122 549,A01,1,7,1,2,1,2,1,
202100044261,122 550,B01,2,7,0,2,4,2,1,
202100044262,122 548,B01,2,2,0,0,7,26,3,
202100044263,122 546,B01,1,80,0,2,1,1,3,
202100044263,122 547,A01,2,7,0,2,2,15,1,
202100044264,122 545,A01,3,7,8,0,3,5,1,
202100044265,122 544,A01,3,33,1,0,1,26,0,
202100044266,122 542,A01,3,50,0,2,1,1,3,
202100044266,122 543,B01,3,7,0,2,3,1,1,
202100044267,122 540,A01,1,7,0,9,1,1,1,
202100044267,122 541,B01,1,1,0,2,8,1,5,
202100044268,122 538,A01,0,10,0,2,1,1,1,
202100044268,122 539,B01,0,7,0,2,5,1,1,
202100044269,122 536,B01,0,7,0,2,1,1,1,
202100044269,122 537,A01,0,7,0,2,1,13,0,
202100044270,122 534,B01,1,2,0,2,0,0,1,
202100044270,122 535,A01,1,7,0,2,1,15,1,
202100044271,122 532,A01,2,7,0,2,2,15,1,
202100044271,122 533,B01,1,33,0,2,1,1,1,
202100044272,122 530,B01,1,7,0,2,4,23,1,
202100044272,122 531,A01,1,7,0,2,1,2,1,
202100044273,122 529,A01,1,10,3,0,7,14,1,
202100044274,122 527,B01,1,31,0,2,1,1,1,
202100044274,122 528,A01,2,7,0,2,7,1,1,
202100044275,122 525,A01,1,7,0,2,1,2,1,
202100044275,122 526,B01,1,7,0,2,4,23,1,
202100044276,122 524,A01,2,7,8,0,1,1,1,
202100044277,122 522,B01,1,7,0,2,5,16,1,
202100044277,122 523,A01,1,31,0,2,1,7,1,
202100044278,122 520,B01,1,7,0,2,2,15,1,
202100044278,122 521,A01,2,32,0,2,1,1,1,
202100044279,122 518,A01,3,33,0,0,0,0,1,
202100044279,122 519,B01,3,7,0,0,0,0,1,
202100044280,122 517,A01,3,7,0,1,4,4,1,
202100044281,122 515,A01,2,1,0,2,1,19,5,
202100044281,122 516,B01,1,7,0,2,7,1,1,
202100044282,122 512,Z01,1,7,0,2,2,12,1,
202100044282,122 513,B01,1,7,0,2,7,1,1,
202100044282,122 514,A01,1,38,0,2,3,1,1,1.0
202100044283,122 511,A01,3,7,0,1,6,4,1,
202100044284,122 509,A01,3,7,0,2,1,2,1,
202100044284,122 510,B01,3,7,0,2,4,23,1,
202100044285,122 507,B01,1,30,0,2,9,0,1,
202100044285,122 508,A01,2,7,0,2,1,1,1,
202100044286,122 504,A01,3,7,0,2,1,26,1,
202100044286,122 505,C01,3,7,0,2,2,24,1,
202100044286,122 506,B01,3,7,0,2,7,1,1,
202100044287,122 502,B01,3,7,0,2,3,15,1,
202100044287,122 503,A01,3,30,0,2,7,17,1,
202100044288,122 501,A01,2,10,0,1,1,1,1,
202100044289,122 499,A01,2,2,0,2,1,1,1,
202100044289,122 500,B01,2,7,0,2,5,15,1,
202100044290,122 497,D01,3,60,0,2,1,19,5,
202100044290,122 498,A01,1,7,0,2,2,1,1,
202100044291,122 494,B01,1,43,0,2,4,3,1,
202100044291,122 495,C01,1,7,0,2,8,1,1,
202100044291,122 496,A01,1,33,0,2,1,3,1,
202100044292,122 492,B01,1,7,0,2,1,2,2,
202100044292,122 493,A01,1,7,0,2,4,2,1,
202100044293,122 490,Z01,1,33,0,2,0,1,1,
202100044293,122 491,A01,1,1,0,2,3,1,5,
202100044294,122 488,B01,1,1,0,2,8,19,5,
202100044294,122 489,A01,2,7,0,2,3,15,1,
202100044295,122 486,B01,2,2,0,2,5,1,1,
202100044295,122 487,A01,2,7,0,2,3,10,1,
202100044296,122 484,B01,2,7,0,2,8,22,1,
202100044296,122 485,A01,2,1,0,2,1,1,5,
202100044297,122 482,B01,3,30,0,2,1,17,1,
202100044297,122 483,A01,3,80,0,2,8,19,3,
202100044298,122 480,A01,2,7,0,2,3,2,1,
202100044298,122 481,B01,2,32,0,2,5,2,1,
202100044299,122 479,A01,1,50,0,1,1,5,3,
202100044300,122 477,B01,2,7,0,2,2,16,1,
202100044300,122 478,A01,2,32,0,2,3,18,1,
202100044301,122 475,B01,2,33,0,2,8,1,1,
202100044301,122 476,A01,1,7,0,2,3,15,1,
202100044302,122 474,A01,2,50,0,1,1,25,3,
202100044303,122 473,A01,2,1,0,1,1,1,5,
202100044304,122 471,B01,1,30,0,2,4,23,1,
202100044304,122 472,A01,1,7,0,2,1,2,1,
202100044305,122 470,A01,1,7,0,1,4,4,1,
202100044306,122 469,A01,1,7,0,1,3,1,1,
202100044307,122 467,B01,1,7,0,2,0,0,1,
202100044307,122 468,A01,1,7,0,2,0,19,1,
202100044308,122 466,A01,2,7,0,1,3,1,1,
202100044309,122 463,C01,3,7,0,2,0,0,1,
202100044309,122 464,B01,-1,7,0,2,8,1,1,
202100044309,122 465,A01,-1,32,0,2,1,1,3,
202100044310,122 462,A01,1,10,0,1,3,11,0,
202100044311,122 461,A01,1,7,0,1,0,11,0,
202100044312,122 459,A01,1,7,0,2,3,15,1,
202100044312,122 460,B01,1,43,0,2,1,17,1,
202100044313,122 458,A01,1,7,0,1,2,1,1,
202100044314,122 457,A01,2,1,0,1,1,1,5,
202100044315,122 456,A01,0,7,1,0,2,26,1,
202100044316,122 454,A01,1,30,0,2,1,1,1,
202100044316,122 455,B01,2,10,0,2,3,19,1,
202100044317,122 453,A01,1,33,0,1,1,1,1,
202100044318,122 451,A01,1,7,0,2,3,9,1,
202100044318,122 452,B01,1,1,0,2,7,1,5,
202100044319,122 449,A01,2,7,0,2,7,15,1,
202100044319,122 450,B01,1,37,0,2,2,1,1,1.0
202100044320,122 447,A01,1,3,0,2,1,1,1,
202100044320,122 448,B01,1,1,0,2,4,15,5,
202100044321,122 445,A01,1,7,0,2,3,19,1,
202100044321,122 446,B01,2,2,0,0,8,1,1,
202100044322,122 443,A01,0,7,0,2,2,1,1,
202100044322,122 444,B01,0,2,0,2,3,1,1,
202100044323,122 442,A01,3,2,0,0,8,15,1,
202100044324,122 440,A01,3,21,0,2,2,16,1,
202100044324,122 441,B01,3,2,0,2,1,18,1,
202100044325,122 436,C01,1,10,0,2,1,2,1,
202100044325,122 437,B01,1,7,0,2,3,1,1,
202100044325,122 438,D01,1,7,0,2,1,2,1,
202100044325,122 439,A01,2,7,0,2,3,13,1,
202100044326,122 434,B01,2,7,0,2,7,1,1,
202100044326,122 435,A01,3,7,0,2,1,19,1,
202100044327,122 433,A01,2,7,2,0,1,1,1,
202100044328,122 431,A01,1,0,0,2,0,0,0,
202100044328,122 432,B01,1,1,0,0,4,1,5,
202100044329,122 429,A01,3,7,1,2,7,13,1,
202100044329,122 430,B01,3,7,0,2,1,1,1,
202100044330,122 428,A01,2,7,13,0,1,14,1,
202100044331,122 426,A01,1,17,0,2,1,17,1,
202100044331,122 427,B01,1,7,0,2,8,26,1,
202100044332,122 425,A01,2,2,2,0,2,1,1,
202100044333,122 423,A01,1,7,0,2,1,1,1,
202100044333,122 424,B01,2,7,0,2,8,14,1,
202100044334,122 422,A01,1,7,2,0,3,13,1,
202100044335,122 420,A01,0,7,0,9,4,2,1,
202100044335,122 421,B01,3,1,0,0,4,1,5,
202100044336,122 418,A01,2,7,0,0,8,19,1,
202100044336,122 419,B01,2,31,0,2,3,21,1,
202100044337,122 416,A01,1,10,0,2,2,0,1,
202100044337,122 417,B01,1,10,0,2,6,0,0,
202100044338,122 414,B01,1,10,0,9,1,17,1,
202100044338,122 415,A01,1,17,0,2,0,1,1,
202100044339,122 413,A01,3,7,16,0,9,26,1,
202100044340,122 412,A01,3,21,0,1,5,17,1,
202100044341,122 411,A01,1,7,13,0,1,5,1,
202100044342,122 410,A01,2,7,13,0,1,1,1,
202100044343,122 409,A01,1,7,5,0,0,2,1,
202100044344,122 407,B01,1,7,0,2,1,1,1,
202100044344,122 408,A01,2,7,0,2,1,13,1,
202100044345,122 406,A01,1,7,0,0,1,1,1,
202100044346,122 405,A01,2,14,3,0,7,14,1,
202100044347,122 403,B01,2,10,0,2,8,21,1,
202100044347,122 404,A01,1,7,0,2,3,13,1,
202100044348,122 400,A01,1,7,0,2,7,2,1,
202100044349,122 398,B01,1,10,0,2,6,2,1,
202100044349,122 399,A01,1,33,0,2,1,2,1,
202100044350,122 396,A01,1,10,0,2,1,1,1,
202100044350,122 397,B01,1,15,0,2,4,2,1,
202100044351,122 394,A01,2,7,4,2,1,5,1,
202100044351,122 395,B01,1,7,4,2,1,1,1,
202100044352,122 393,A01,3,7,12,0,2,0,1,
202100044353,122 392,A01,2,2,9,0,0,1,3,
202100044354,122 390,A01,1,7,0,2,1,15,1,
202100044354,122 391,B01,2,7,8,2,3,1,2,
202100044355,122 388,B01,2,7,12,2,7,21,1,
202100044355,122 389,A01,2,7,0,1,1,9,1,
202100044356,122 386,B01,2,7,0,2,4,1,1,
202100044356,122 387,A01,2,2,0,2,2,1,1,
202100044357,122 385,A01,3,30,16,0,1,1,1,
202100044358,122 382,A01,2,7,0,2,1,16,1,
202100044358,122 383,B01,2,7,1,2,2,1,1,
202100044359,122 381,A01,2,7,3,0,1,16,0,
202100044360,122 379,B01,2,7,9,2,2,1,1,
202100044360,122 380,A01,1,7,0,2,2,15,1,
202100044361,122 378,A01,1,7,0,1,2,16,1,
202100044362,122 377,A01,3,10,2,0,3,1,1,
202100044363,122 373,C01,1,7,0,2,1,1,1,
202100044363,122 374,B01,1,33,3,2,1,1,1,
202100044363,122 375,A01,1,7,3,0,1,1,1,
202100044363,122 376,D01,1,7,0,2,3,1,1,
202100044364,122 371,A01,1,7,0,2,3,15,0,
202100044364,122 372,B01,1,7,0,2,3,1,0,
202100044365,122 369,B01,1,7,0,2,1,1,1,
202100044365,122 370,A01,1,1,0,2,8,15,1,
202100044366,122 367,A01,1,7,0,2,2,15,1,
202100044366,122 368,B01,1,7,0,2,3,1,2,
202100044367,122 363,A01,1,10,0,1,7,23,1,
202100044367,122 364,B01,1,10,0,2,1,2,1,
202100044368,122 362,A01,3,30,0,0,0,1,1,
202100044369,122 360,B01,1,30,0,2,1,1,1,
202100044369,122 361,A01,2,30,0,2,2,15,1,
202100044370,122 358,A01,1,7,0,2,2,1,1,
202100044370,122 359,B01,1,37,0,2,1,1,1,1.0
202100044371,122 356,B01,1,30,0,2,1,2,1,
202100044371,122 357,A01,1,31,0,2,4,23,1,
202100044372,122 355,A01,1,0,0,1,6,20,0,
202100044373,122 354,A01,2,7,1,0,2,14,1,
202100044374,122 352,B01,3,7,0,2,2,26,1,
202100044374,122 353,A01,2,30,0,2,2,26,0,
202100044375,122 350,A01,0,10,0,2,1,9,1,
202100044375,122 351,B01,0,10,0,2,8,1,1,
202100044376,122 349,A01,1,7,1,0,1,1,1,
202100044377,122 347,A01,1,1,0,2,1,1,5,
202100044377,122 348,B01,0,3,0,2,3,9,1,
202100044378,122 346,A01,2,7,8,0,3,13,1,
202100044379,122 344,B01,2,7,0,2,1,1,1,
202100044379,122 345,A01,2,7,0,2,6,13,1,
202100044380,122 343,A01,2,7,2,0,3,13,1,
202100044381,122 342,A01,2,7,4,0,6,1,1,
202100044382,122 341,A01,3,7,13,0,1,14,1,
202100044383,122 339,A01,1,2,0,2,8,13,1,
202100044383,122 340,B01,2,10,0,2,8,14,1,
202100044384,122 338,A01,1,2,0,0,0,1,1,
202100044385,122 337,A01,2,7,8,0,2,1,1,
202100044386,122 336,A01,2,2,6,0,2,1,1,
202100044387,122 335,A01,0,7,3,0,1,0,1,
202100044388,122 333,B01,1,7,0,2,3,15,1,
202100044388,122 334,A01,2,33,0,2,1,17,1,
202100044389,122 332,B01,1,7,0,1,1,16,1,
202100044390,122 330,A01,1,7,0,2,1,15,1,
202100044390,122 331,B01,2,7,0,2,1,1,1,
202100044391,122 329,A01,1,7,13,0,9,13,1,
202100044392,122 328,A01,1,7,12,0,1,2,1,
202100044393,122 327,A01,1,1,0,0,9,1,5,
202100044394,122 326,A01,2,7,13,0,2,0,1,
202100044395,122 325,A01,1,7,8,0,2,1,1,
202100044396,122 321,D01,2,7,13,0,7,1,1,
202100044396,122 322,C01,1,7,13,0,1,1,1,
202100044396,122 323,B01,1,10,0,2,3,1,1,
202100044396,122 324,A01,1,10,0,2,3,5,1,
202100044397,122 319,B01,2,7,0,2,1,1,1,
202100044397,122 320,A01,2,7,0,2,2,15,1,
202100044398,122 318,A01,2,33,0,0,0,1,1,
202100044399,122 316,A01,1,33,0,2,8,1,1,
202100044399,122 317,B01,2,7,0,2,8,0,1,
202100044400,122 315,A01,2,33,0,0,9,14,1,
202100044401,122 313,B01,3,7,13,2,1,1,1,
202100044401,122 314,A01,3,7,0,2,1,1,1,
202100044402,122 311,A01,1,7,0,2,3,13,1,
202100044402,122 312,B01,2,7,13,2,3,1,1,
202100044403,122 309,A01,2,7,2,0,2,1,1,
202100044404,122 308,A01,1,7,0,1,2,16,1,
202100044405,122 306,A01,2,37,0,0,3,1,1,1.0
202100044405,122 307,B01,3,7,0,0,1,15,1,
202100044406,122 305,A01,2,7,0,1,1,2,1,
202100044407,122 304,A01,2,7,2,0,1,14,1,
202100044408,122 303,A01,3,7,0,1,1,16,1,
202100044409,122 301,B01,2,10,0,2,3,0,1,
202100044409,122 302,A01,1,10,0,2,3,0,1,
202100044410,122 300,B01,2,17,13,0,8,1,0,
202100044411,122 299,A01,1,7,2,0,4,4,1,
202100044412,122 297,A01,1,7,13,2,7,13,1,
202100044412,122 298,B01,2,7,0,2,1,1,1,
202100044413,122 295,B01,2,10,0,2,5,23,1,
202100044413,122 296,A01,2,30,0,2,1,2,1,
202100044414,122 294,A01,2,15,3,0,3,2,1,
202100044415,122 292,B01,1,7,0,2,3,15,1,
202100044415,122 293,A01,1,7,13,2,2,17,1,
202100044416,122 290,B01,1,7,0,2,1,1,1,
202100044416,122 291,A01,1,2,0,2,4,2,1,
202100044417,122 289,A01,2,7,17,0,1,1,1,
202100044418,122 287,B01,2,10,0,2,3,1,1,
202100044418,122 288,A01,1,7,0,2,3,13,1,
202100044419,122 286,A01,1,33,0,0,9,1,1,
202100044420,122 284,A01,1,7,0,0,6,15,1,
202100044420,122 285,B01,1,2,0,2,3,1,1,
202100044421,122 283,A01,1,2,1,0,3,1,1,
202100044422,122 281,A01,1,17,0,0,3,1,1,
202100044423,122 279,B01,2,7,0,2,3,1,1,
202100044423,122 280,A01,2,7,0,2,7,4,1,
202100044424,122 278,A01,1,7,5,0,0,1,1,
202100044425,122 276,Z01,2,7,0,2,1,0,0,
202100044425,122 277,A01,2,7,0,2,4,1,1,
202100044426,122 273,B01,1,7,0,2,3,1,1,
202100044426,122 274,A01,1,7,0,2,1,17,1,
202100044426,122 275,C01,1,7,0,2,4,1,1,
202100044427,122 271,A01,2,7,0,2,2,1,1,
202100044427,122 272,B01,2,33,0,2,9,26,1,
202100044428,122 270,A01,2,7,0,0,3,13,1,
202100044429,122 269,A01,1,7,4,0,2,1,1,
202100044430,122 266,B01,1,7,0,2,6,2,1,
202100044430,122 267,A01,2,7,0,2,1,1,1,
202100044430,122 268,C01,2,7,0,2,1,1,1,
202100044431,122 265,A01,1,7,4,0,1,1,1,
202100044432,122 264,A01,2,7,0,0,9,1,1,
202100044433,122 262,A01,1,7,0,2,1,1,1,
202100044433,122 263,B01,1,7,0,2,4,2,1,
202100044434,122 261,A01,2,7,4,0,1,1,1,
202100044435,122 260,A01,2,7,4,0,1,1,1,
202100044436,122 258,A01,1,7,3,0,9,11,1,
202100044436,122 259,B01,1,7,0,9,0,0,1,
202100044437,122 255,B01,2,7,0,2,4,1,1,
202100044437,122 256,C01,2,7,0,2,4,1,1,
202100044437,122 257,A01,2,7,1,2,1,1,1,
202100044438,122 254,A01,2,7,3,0,9,1,1,
202100044439,122 253,A01,1,7,0,1,2,15,1,
202100044440,122 250,A01,2,7,0,2,3,15,1,
202100044440,122 251,B01,1,2,0,2,1,1,1,
202100044441,122 249,A01,0,30,1,0,2,26,1,
202100044442,122 247,A01,1,7,0,0,0,0,1,
202100044442,122 248,B01,1,32,0,0,0,0,1,
202100044443,122 246,A01,3,10,16,0,1,1,1,
202100044444,122 244,A01,2,2,0,2,8,1,1,
202100044444,122 245,B01,2,7,0,2,0,0,1,
202100044445,122 243,A01,2,7,4,0,1,1,1,
202100044446,122 242,A01,1,7,0,1,2,1,0,
202100044447,122 240,B01,1,7,0,2,7,2,1,
202100044447,122 241,A01,1,7,0,2,9,16,1,
202100044448,122 239,A01,1,50,12,0,8,26,3,
202100044449,122 238,A01,1,7,1,0,2,1,1,
202100044450,122 237,A01,3,7,0,1,0,1,1,
202100044451,122 235,A01,3,7,0,2,3,15,1,
202100044451,122 236,B01,3,33,0,2,1,1,1,
202100044452,122 233,A01,1,7,0,2,0,23,1,
202100044452,122 234,B01,1,1,1,0,7,1,5,
202100044453,122 232,A01,1,7,6,0,1,15,1,
202100044454,122 231,A01,1,3,8,0,3,14,1,
202100044455,122 229,B01,1,2,0,2,7,23,1,
202100044455,122 230,A01,3,7,0,2,5,20,6,
202100044456,122 227,A01,2,7,0,2,3,13,1,
202100044456,122 228,B01,1,17,0,2,3,21,0,
202100044457,122 225,A01,1,1,0,2,1,16,5,
202100044457,122 226,B01,1,7,0,9,8,1,1,
202100044458,122 224,A01,0,2,0,0,0,1,1,
202100044459,122 223,A01,2,7,3,0,6,15,1,
202100044460,122 221,A01,2,7,0,2,1,9,1,
202100044460,122 222,B01,2,33,0,2,7,1,1,
202100044461,122 219,B01,3,33,12,0,4,1,1,
202100044461,122 220,A01,3,7,0,2,2,2,1,
202100044462,122 217,A01,2,7,0,2,2,26,1,
202100044462,122 218,B01,1,34,0,2,1,1,1,
202100044463,122 215,A01,1,7,0,2,1,15,1,
202100044463,122 216,B01,1,7,0,2,3,0,1,
202100044464,122 213,A01,2,1,0,2,1,25,5,
202100044464,122 214,B01,2,37,0,2,2,1,2,1.0
202100044465,122 211,B01,1,7,0,2,4,1,1,
202100044465,122 212,A01,1,10,0,2,1,1,1,
202100044466,122 210,A01,3,7,7,0,3,1,1,
202100044467,122 208,A01,2,7,0,2,1,2,1,
202100044467,122 209,B01,2,7,0,2,4,2,1,
202100044468,122 207,A01,1,7,0,1,1,1,1,
202100044469,122 205,A01,3,7,0,2,3,15,1,
202100044469,122 206,B01,3,32,0,2,1,14,1,
202100044470,122 203,B01,0,7,0,2,3,15,1,
202100044470,122 204,A01,0,30,0,2,1,17,1,
202100044471,122 202,A01,1,31,12,0,3,14,1,
202100044472,122 201,A01,2,33,6,0,7,1,1,
202100044473,122 199,A01,2,33,0,2,3,3,1,
202100044473,122 200,Z01,2,10,0,2,5,14,0,
202100044474,122 198,A01,1,32,0,2,8,21,1,
202100044475,122 195,C01,1,7,0,2,4,23,1,
202100044475,122 196,B01,1,7,0,2,4,2,1,
202100044475,122 197,A01,1,10,0,2,1,2,1,
202100044476,122 193,B01,3,33,0,2,4,2,1,
202100044476,122 194,A01,3,33,0,2,1,2,1,
202100044477,122 192,A01,1,7,0,1,1,1,1,
202100044478,122 191,A01,1,7,0,1,1,1,2,
202100044479,122 189,A01,2,50,0,2,1,18,3,
202100044479,122 190,Z01,2,7,0,2,2,22,0,
202100044480,122 187,Z01,2,7,0,2,0,10,0,
202100044480,122 188,A01,1,30,0,2,1,1,1,
202100044481,122 186,A01,2,80,0,1,7,1,3,
202100044482,122 184,B01,2,1,0,2,1,1,5,
202100044482,122 185,A01,2,7,0,2,3,9,2,
202100044483,122 182,A01,2,7,0,2,7,16,1,
202100044483,122 183,B01,2,1,0,2,1,1,5,
202100044484,122 180,A01,1,7,0,2,2,15,1,
202100044484,122 181,B01,2,32,0,2,1,1,1,
202100044485,122 178,A01,2,7,0,2,3,15,1,
202100044485,122 179,B01,2,30,0,2,2,17,1,
202100044486,122 177,A01,1,7,7,0,1,1,1,
202100044487,122 176,A01,2,1,0,0,0,1,5,
202100044488,122 174,B01,1,7,0,2,1,1,2,
202100044488,122 175,A01,1,2,0,2,2,7,1,
202100044489,122 172,A01,1,7,0,9,7,16,1,
202100044489,122 173,B01,1,1,0,2,8,1,0,
202100044490,122 171,A01,3,30,4,0,3,17,1,
202100044491,122 169,A01,1,7,0,2,8,22,1,
202100044491,122 170,B01,1,2,14,2,1,17,1,
202100044492,122 168,A01,0,31,0,0,7,1,3,
202100044493,122 166,B01,2,1,14,2,3,1,5,
202100044493,122 167,A01,2,7,0,2,5,4,1,
202100044494,122 164,B01,1,10,0,2,5,23,1,
202100044494,122 165,A01,1,30,0,2,1,1,1,
202100044495,122 163,A01,0,36,0,0,2,0,1,
202100044496,122 162,A01,2,7,8,0,1,1,1,
202100044497,122 161,A01,2,33,0,0,0,1,1,
202100044498,122 160,A01,2,7,4,0,2,1,1,
202100044499,122 158,B01,1,7,0,2,1,1,1,
202100044499,122 159,A01,1,7,0,2,1,5,1,
202100044500,122 157,A01,1,7,2,0,1,1,1,
202100044501,122 156,A01,3,7,13,0,0,1,1,
202100044502,122 155,A01,3,7,0,0,9,0,1,
202100044503,122 154,A01,2,7,0,0,0,0,1,
202100044504,122 153,A01,2,7,17,0,1,1,1,
202100044505,122 152,A01,1,7,13,0,1,1,1,
202100044506,122 150,A01,3,1,0,2,7,2,5,
202100044506,122 151,B01,3,1,0,2,1,2,5,
202100044507,122 149,A01,1,7,0,5,1,1,1,
202100044508,122 148,A01,2,2,12,0,7,1,1,
202100044509,122 147,A01,2,7,2,0,1,1,1,
202100044510,122 146,A01,1,7,0,0,0,1,1,
202100044511,122 145,A01,2,7,2,0,2,13,1,
202100044512,122 143,B01,1,10,0,2,5,1,1,
202100044512,122 144,A01,1,30,0,2,8,9,1,
202100044513,122 142,A01,2,7,3,0,0,1,1,
202100044514,122 141,A01,1,10,13,0,1,0,1,
202100044515,122 139,B01,0,30,0,2,1,1,1,
202100044515,122 140,A01,3,31,0,2,1,5,1,
202100044516,122 138,A01,3,7,0,1,2,20,1,