Num_Acc,id_vehicule,num_veh,senc,catv,obs,obsm,choc,manv,motor,occutc
202100044815,121 610,A01,2,7,0,1,2,15,1,
202100044816,121 608,A01,1,43,0,2,1,2,1,
202100044816,121 609,B01,1,7,0,2,4,2,1,
202100044817,121 606,A01,2,7,0,2,2,9,1,
202100044817,121 607,B01,1,7,0,2,3,1,1,
202100044818,121 604,B01,3,50,0,2,8,19,3,
202100044818,121 605,A01,3,7,0,2,2,1,1,
202100044819,121 603,A01,0,3,0,1,4,4,3,
202100044820,121 601,B01,3,7,0,2,6,1,3,
202100044820,121 602,A01,3,1,0,2,1,19,5,
202100044821,121 599,B01,1,7,0,2,6,15,0,
202100044821,121 600,A01,1,7,0,2,1,2,1,
202100044822,121 597,B01,2,1,0,2,8,15,5,
202100044822,121 598,A01,1,7,0,2,3,15,1,
202100044823,121 595,A01,3,7,0,2,3,15,1,
202100044823,121 596,B01,3,1,0,2,8,1,5,
202100044824,121 594,A01,0,1,0,0,1,2,5,
202100044825,121 592,B01,2,2,0,2,4,1,1,
202100044825,121 593,A01,2,7,0,2,3,1,1,
202100044826,121 591,A01,1,30,0,1,1,18,1,
202100044827,121 589,B01,3,7,0,2,2,2,0,
202100044827,121 590,A01,3,2,0,2,1,9,1,
202100044828,121 587,A01,3,1,0,2,4,15,0,
202100044828,121 588,Z01,3,7,0,2,0,0,6,
202100044829,121 584,C01,1,7,0,2,4,2,1,
202100044829,121 585,B01,1,10,0,2,4,2,1,
202100044829,121 586,A01,1,10,0,2,1,2,1,
202100044830,121 582,B01,2,43,0,2,6,2,1,
202100044830,121 583,A01,2,7,0,2,1,2,1,
202100044831,121 580,A01,1,10,0,2,1,2,1,
202100044831,121 581,B01,1,10,0,2,4,2,1,
202100044832,121 578,A01,1,10,0,2,8,10,1,
202100044832,121 579,B01,1,32,0,2,2,1,1,
202100044833,121 576,Z01,2,7,0,2,3,10,1,
202100044833,121 577,A01,1,32,0,2,3,1,1,
202100044834,121 574,A01,1,32,0,2,3,18,1,
202100044834,121 575,B01,1,38,0,2,2,12,1,1.0
202100044835,121 573,A01,1,50,0,1,1,1,3,
202100044836,121 572,A01,3,30,8,0,3,16,1,
202100044837,121 571,A01,1,7,0,1,4,4,1,
202100044838,121 569,A01,1,7,0,2,1,1,3,
202100044838,121 570,B01,2,1,0,2,0,9,5,
202100044839,121 567,B01,1,1,0,2,8,18,5,
202100044839,121 568,A01,1,13,0,2,8,15,1,
202100044840,121 565,B01,1,30,1,0,1,17,1,
202100044840,121 566,A01,1,7,0,0,6,23,1,
202100044841,121 564,A01,2,14,0,0,0,0,1,
202100044842,121 562,A01,1,30,0,2,7,9,0,
202100044842,121 563,B01,1,7,0,2,1,1,1,
202100044843,121 560,A01,1,7,0,2,1,1,1,
202100044843,121 561,B01,1,7,0,2,6,1,1,
202100044844,121 559,A01,2,30,15,0,8,13,1,
202100044845,121 557,B01,1,20,0,2,7,24,3,
202100044845,121 558,A01,1,7,1,0,1,1,1,
202100044846,121 556,A01,3,30,0,1,1,17,1,
202100044847,121 554,B01,1,2,0,2,8,1,1,
202100044847,121 555,A01,1,37,0,2,7,14,0,1.0
202100044848,121 552,B01,1,7,0,2,1,26,1,
202100044848,121 553,A01,1,7,0,2,1,26,1,
202100044849,121 551,A01,3,7,0,1,3,26,1,
202100044850,121 549,B01,1,32,0,2,5,17,1,
202100044850,121 550,A01,1,7,0,2,2,9,1,
202100044851,121 548,A01,2,7,0,1,2,1,1,
202100044852,121 545,C01,1,10,0,2,4,1,1,
202100044852,121 546,B01,1,7,0,2,4,1,1,
202100044852,121 547,A01,1,10,0,2,4,1,1,
202100044853,121 544,A01,1,7,0,1,1,16,1,
202100044854,121 542,A01,1,7,0,2,3,15,1,
202100044854,121 543,B01,1,32,0,2,1,1,1,
202100044855,121 540,A01,2,30,0,2,2,1,1,
202100044855,121 541,B01,2,7,0,2,5,16,1,
202100044856,121 538,B01,1,2,0,2,4,15,1,
202100044856,121 539,A01,1,10,0,2,1,15,1,
202100044857,121 537,A01,3,2,0,0,1,1,1,
202100044858,121 535,A01,1,7,0,2,2,1,1,
202100044858,121 536,B01,2,7,0,2,1,1,1,
202100044859,121 533,A01,3,7,0,2,3,1,1,
202100044859,121 534,B01,3,2,0,2,1,0,1,
202100044860,121 532,A01,2,10,0,1,3,15,1,
202100044861,121 530,A01,2,3,0,2,3,19,1,
202100044861,121 531,B01,2,31,0,2,1,1,1,
202100044862,121 528,B01,1,7,0,2,8,1,1,
202100044862,121 529,A01,2,33,0,2,8,13,1,
202100044863,121 526,B01,1,1,0,2,1,19,5,
202100044863,121 527,A01,1,7,0,2,2,1,1,
202100044864,121 524,B01,2,7,0,2,2,24,1,
202100044864,121 525,A01,0,7,1,0,2,21,1,
202100044865,121 522,B01,0,33,0,2,1,21,1,
202100044865,121 523,A01,0,10,0,2,2,19,1,
202100044866,121 520,B01,1,1,0,2,8,15,5,
202100044866,121 521,A01,1,7,0,2,2,17,1,
202100044867,121 519,A01,1,7,0,1,2,1,1,
202100044868,121 517,B01,3,7,0,2,2,1,1,
202100044868,121 518,A01,3,1,0,2,1,19,5,
202100044869,121 516,A01,1,7,13,0,9,1,1,
202100044870,121 515,A01,1,7,13,0,1,13,1,
202100044871,121 511,A01,3,1,0,2,3,9,5,
202100044871,121 512,B01,1,10,0,9,7,1,1,
202100044872,121 510,A01,2,7,16,0,2,1,1,
202100044873,121 508,B01,2,15,0,2,2,1,1,
202100044873,121 509,A01,2,7,0,2,8,10,0,
202100044874,121 506,B01,1,7,0,0,3,23,1,
202100044874,121 507,A01,1,7,0,2,1,6,1,
202100044875,121 505,A01,0,7,0,1,2,0,1,
202100044876,121 503,A01,3,7,0,2,0,1,1,
202100044876,121 504,B01,3,7,0,9,3,1,1,
202100044877,121 501,A01,1,80,0,2,8,13,3,
202100044877,121 502,B01,1,7,0,9,2,17,1,
202100044878,121 500,A01,1,33,16,0,0,1,1,
202100044879,121 499,A01,2,7,0,0,0,1,1,
202100044880,121 497,B01,2,7,0,2,3,1,1,
202100044880,121 498,A01,1,7,0,2,3,13,1,
202100044881,121 495,B01,1,7,0,2,3,1,1,
202100044881,121 496,A01,3,1,0,2,1,19,5,
202100044882,121 493,B01,0,7,0,0,8,9,1,
202100044882,121 494,A01,2,33,1,2,1,1,1,
202100044883,121 490,A01,1,7,13,0,0,0,1,
202100044884,121 489,A01,1,7,0,1,0,1,1,
202100044885,121 487,A01,3,31,0,2,5,26,1,
202100044885,121 488,B01,3,31,0,2,5,26,1,
202100044886,121 486,A01,2,7,2,0,0,1,1,
202100044887,121 484,B01,1,7,0,2,8,23,1,
202100044887,121 485,A01,1,7,6,2,2,13,1,
202100044888,121 482,B01,1,7,0,2,3,1,1,
202100044888,121 483,A01,2,7,0,2,3,1,1,
202100044889,121 480,A01,1,7,0,2,2,17,1,
202100044889,121 481,B01,1,21,0,0,8,15,0,
202100044890,121 478,A01,2,33,0,2,7,17,1,
202100044890,121 479,B01,2,10,0,2,3,15,1,
202100044891,121 477,A01,2,7,4,0,1,1,1,
202100044892,121 475,B01,2,17,0,0,6,2,1,
202100044892,121 476,A01,2,10,0,2,2,1,1,
202100044893,121 474,A01,2,7,0,1,3,11,1,
202100044894,121 473,A01,1,7,0,5,1,1,1,
202100044895,121 472,A01,1,7,0,1,2,2,1,
202100044896,121 470,A01,3,2,0,2,1,1,1,
202100044896,121 471,B01,3,1,0,2,1,2,5,
202100044897,121 469,A01,3,36,6,0,3,1,0,
202100044898,121 467,C01,3,2,0,2,2,26,1,
202100044898,121 468,A01,0,7,0,0,6,9,1,
202100044899,121 465,B01,0,1,0,0,4,2,5,
202100044899,121 466,A01,0,10,0,2,2,1,1,
202100044900,121 463,B01,1,7,0,2,1,1,1,
202100044900,121 464,A01,1,7,0,2,4,9,1,
202100044901,121 461,A01,1,15,0,2,6,1,1,
202100044901,121 462,B01,1,33,0,2,1,3,1,
202100044902,121 460,A01,1,43,0,0,1,21,1,
202100044903,121 459,A01,1,7,0,1,1,1,1,
202100044904,121 458,A01,1,7,0,1,3,15,1,
202100044905,121 456,A01,1,1,0,2,8,26,5,
202100044905,121 457,Z01,1,7,0,2,2,15,0,
202100044906,121 454,B01,2,33,0,2,1,1,1,
202100044906,121 455,A01,2,7,0,2,8,10,1,
202100044907,121 453,A01,1,7,0,1,3,1,1,
202100044908,121 452,A01,3,7,0,1,2,15,1,
202100044909,121 450,A01,2,7,0,2,3,1,2,
202100044909,121 451,Y01,2,1,0,2,7,1,5,
202100044910,121 448,A01,1,7,0,2,5,16,1,
202100044910,121 449,B01,1,37,0,2,3,1,1,3.0
202100044911,121 447,A01,1,7,4,0,1,26,1,
202100044912,121 445,B01,1,1,0,2,0,0,5,
202100044912,121 446,A01,1,7,0,2,3,9,1,
202100044913,121 444,A01,1,7,0,1,2,1,1,
202100044914,121 441,A01,2,30,1,0,1,14,3,
202100044915,121 439,B01,3,33,0,2,1,17,1,
202100044915,121 440,A01,3,7,0,2,2,19,1,
202100044916,121 437,A01,3,31,0,0,1,1,1,
202100044916,121 438,B01,3,7,0,2,4,1,1,
202100044917,121 435,B01,1,43,0,2,2,17,1,
202100044917,121 436,A01,1,7,0,2,3,15,1,
202100044918,121 434,A01,2,3,0,0,1,13,1,
202100044919,121 433,A01,1,7,0,1,1,1,1,
202100044920,121 431,A01,0,37,1,2,1,1,1,1.0
202100044920,121 432,B01,3,1,0,2,1,1,5,
202100044921,121 429,A01,3,7,0,2,3,1,1,
202100044921,121 430,B01,3,60,8,2,2,19,5,
202100044922,121 428,A01,2,7,6,0,1,14,1,
202100044923,121 426,A01,2,7,0,2,3,16,1,
202100044923,121 427,B01,2,7,0,2,2,1,1,
202100044924,121 424,A01,2,7,0,2,1,0,1,
202100044924,121 425,B01,2,7,0,2,4,0,1,
202100044925,121 423,A01,1,7,0,1,1,1,1,
202100044926,121 421,A01,3,7,0,2,7,26,1,
202100044926,121 422,B01,3,7,0,2,1,1,1,
202100044927,121 420,A01,1,7,0,1,3,1,1,
202100044928,121 419,A01,1,7,0,1,3,17,1,
202100044929,121 417,B01,1,32,0,2,7,2,1,
202100044929,121 418,Z01,1,7,0,2,0,2,1,
202100044930,121 415,A01,1,7,0,9,1,1,1,
202100044930,121 416,B01,1,50,0,2,1,19,3,
202100044931,121 413,A01,2,7,0,2,3,1,1,
202100044931,121 414,B01,2,7,0,2,5,16,1,
202100044932,121 411,A01,2,7,0,2,2,15,1,
202100044932,121 412,B01,1,2,0,2,1,1,1,
202100044933,121 410,A01,1,7,0,1,4,4,1,
202100044934,121 408,B01,2,2,0,2,8,1,1,
202100044934,121 409,A01,1,7,0,2,2,15,1,
202100044935,121 407,A01,2,34,0,0,7,1,1,
202100044936,121 406,A01,3,7,0,1,3,1,1,
202100044937,121 405,B01,3,32,0,0,0,1,1,
202100044938,121 404,A01,3,7,1,0,2,13,1,
202100044939,121 403,A01,1,30,0,0,1,1,3,
202100044940,121 402,A01,1,7,13,0,3,13,1,
202100044941,121 401,A01,2,33,0,0,0,1,1,
202100044942,121 399,B01,2,1,0,2,8,1,5,
202100044942,121 400,A01,2,10,0,2,5,17,1,
202100044943,121 397,B01,2,7,0,2,4,1,1,
202100044943,121 398,A01,2,30,0,2,1,2,1,
202100044944,121 395,A01,1,50,0,2,4,0,3,
202100044944,121 396,B01,1,7,0,2,0,0,1,
202100044945,121 393,B01,2,7,0,2,1,1,1,
202100044945,121 394,A01,3,7,0,2,6,20,1,
202100044946,121 391,A01,1,7,0,2,1,2,1,
202100044946,121 392,B01,1,7,0,2,4,2,1,
202100044947,121 389,B01,3,7,0,2,5,15,1,
202100044947,121 390,A01,3,7,0,2,3,1,1,
202100044948,121 388,A01,0,33,13,0,0,26,1,
202100044949,121 386,B01,2,1,0,2,1,1,5,
202100044949,121 387,A01,2,7,0,2,2,9,2,
202100044950,121 384,A01,1,7,0,2,7,1,1,
202100044950,121 385,B01,1,7,0,2,1,1,1,
202100044951,121 383,A01,1,7,0,0,1,1,-1,
202100044952,121 382,A01,3,2,0,0,1,1,-1,
202100044953,121 380,B01,1,7,0,2,4,2,1,
202100044953,121 381,A01,1,7,0,2,1,2,1,
202100044954,121 378,A01,1,7,0,9,3,0,1,
202100044954,121 379,B01,3,1,0,2,1,1,5,
202100044955,121 377,A01,1,33,0,0,1,26,1,
202100044956,121 376,A01,0,33,0,5,5,9,1,
202100044957,121 372,C01,1,7,0,2,4,1,1,
202100044957,121 373,D01,1,7,0,2,4,1,1,
202100044957,121 374,A01,1,10,0,2,1,1,1,
202100044957,121 375,B01,2,7,0,2,4,1,2,
202100044958,121 371,A01,1,30,8,0,1,21,1,
202100044959,121 370,A01,3,33,8,0,0,1,1,
202100044960,121 368,A01,0,7,0,2,2,19,1,
202100044960,121 369,B01,0,7,0,2,2,1,1,
202100044961,121 366,A01,1,7,0,2,3,1,1,
202100044961,121 367,B01,1,33,0,2,2,12,1,
202100044962,121 364,Z01,1,7,0,2,1,1,1,
202100044962,121 365,A01,1,7,0,2,3,15,1,
202100044963,121 362,A01,0,10,0,2,5,15,1,
202100044963,121 363,B01,0,32,0,2,1,1,1,
202100044964,121 360,A01,3,7,0,2,8,0,1,
202100044964,121 361,B01,3,7,0,2,1,0,1,
202100044965,121 358,B01,3,1,0,2,1,1,5,
202100044965,121 359,A01,3,38,0,9,1,26,1,1.0
202100044966,121 356,B01,1,7,0,2,2,20,1,
202100044966,121 357,A01,1,30,0,2,3,18,1,
202100044967,121 354,A01,0,7,0,2,1,13,1,
202100044967,121 355,B01,0,7,0,2,1,1,1,
202100044968,121 352,A01,2,7,0,2,3,15,1,
202100044968,121 353,B01,2,32,0,2,1,17,1,
202100044969,121 350,B01,1,33,0,2,3,17,1,
202100044969,121 351,A01,1,7,0,2,8,10,1,
202100044970,121 346,A01,1,7,0,2,1,1,1,
202100044970,121 347,D01,1,7,0,2,4,1,1,
202100044970,121 348,C01,1,7,0,2,4,1,1,
202100044970,121 349,B01,1,7,0,2,4,1,1,
202100044971,121 345,A01,2,1,12,0,0,15,5,
202100044972,121 343,Z01,3,50,0,2,1,19,3,
202100044972,121 344,A01,1,7,0,2,5,16,2,
202100044973,121 342,A01,3,7,11,0,1,13,1,
202100044974,121 340,A01,1,31,0,1,2,1,1,
202100044974,121 341,B01,2,7,0,2,3,1,1,
202100044975,121 338,B01,2,1,0,2,3,19,5,
202100044975,121 339,A01,2,34,0,2,1,1,1,
202100044976,121 336,B01,2,1,0,2,4,2,5,
202100044976,121 337,A01,2,7,0,2,1,2,1,
202100044977,121 334,A01,1,10,0,2,3,15,1,
202100044977,121 335,B01,1,1,0,2,1,1,5,
202100044978,121 333,A01,1,7,0,1,1,1,1,
202100044979,121 330,A01,1,7,0,2,1,1,1,
202100044979,121 331,B01,1,10,0,2,4,1,1,
202100044980,121 328,B01,1,2,0,2,1,1,1,
202100044980,121 329,A01,2,10,0,2,2,10,1,
202100044981,121 327,A01,1,33,0,1,1,1,1,
202100044982,121 325,B01,1,7,0,2,1,1,1,
202100044982,121 326,A01,1,7,0,2,8,1,1,
202100044983,121 323,A01,0,7,0,2,1,0,0,
202100044983,121 324,Y01,2,60,0,2,7,19,5,
202100044984,121 321,B01,3,14,1,0,4,23,1,
202100044984,121 322,A01,3,34,14,0,1,14,1,
202100044985,121 319,A01,2,7,0,2,5,15,1,
202100044985,121 320,B01,1,2,0,2,1,1,1,
202100044986,121 318,A01,1,7,2,0,1,0,1,
202100044987,121 316,B01,-1,7,0,2,1,1,1,
202100044987,121 317,A01,-1,7,0,2,7,15,1,
202100044988,121 314,B01,2,2,0,2,3,0,1,
202100044988,121 315,A01,2,7,0,2,2,16,1,
202100044989,121 312,B01,2,7,0,2,8,1,1,
202100044989,121 313,A01,1,30,0,2,1,15,1,
202100044990,121 310,A01,1,7,0,2,3,19,1,
202100044990,121 311,B01,1,7,0,2,2,19,1,
202100044991,121 308,A01,3,10,0,2,5,26,1,
202100044991,121 309,B01,3,30,0,2,1,0,1,
202100044992,121 306,B01,1,50,0,2,1,1,3,
202100044992,121 307,A01,2,7,0,2,8,10,1,
202100044993,121 304,B01,2,43,0,2,1,1,1,
202100044993,121 305,A01,2,2,0,2,6,9,1,
202100044994,121 302,B01,2,15,0,2,8,1,1,
202100044994,121 303,A01,1,2,0,2,8,13,1,
202100044995,121 300,A01,0,2,0,2,2,1,1,
202100044995,121 301,B01,0,7,0,2,3,10,1,
202100044996,121 298,B01,2,1,0,2,1,1,5,
202100044996,121 299,A01,1,7,0,9,2,15,1,
202100044997,121 297,A01,1,7,0,0,9,0,1,
202100044998,121 295,B01,1,80,0,2,8,1,3,
202100044998,121 296,A01,1,7,0,2,2,1,1,
202100044999,121 292,A01,1,7,0,2,3,1,1,
202100044999,121 293,B01,2,2,0,2,1,1,1,
202100044999,121 294,C01,2,2,0,2,1,13,1,
202100045000,121 291,A01,3,2,0,0,1,0,1,
202100045001,121 290,A01,0,14,2,0,1,1,1,
202100045002,121 288,B01,1,16,0,2,3,1,1,
202100045002,121 289,A01,2,16,3,2,1,13,1,
202100045003,121 286,B01,2,13,0,2,3,1,1,
202100045003,121 287,A01,1,10,0,2,8,10,1,
202100045004,121 283,A01,1,7,0,2,1,13,1,
202100045004,121 284,B01,1,14,0,2,1,1,1,
202100045004,121 285,C01,1,7,0,2,1,1,1,
202100045005,121 281,B01,1,33,0,2,1,1,1,
202100045005,121 282,A01,2,7,0,2,3,15,1,
202100045006,121 279,B01,1,7,0,9,1,1,1,
202100045006,121 280,A01,2,7,0,2,1,15,1,
202100045007,121 278,A01,2,7,13,0,2,1,1,
202100045008,121 277,A01,2,7,3,0,3,1,1,
202100045009,121 275,A01,2,7,0,2,7,2,1,
202100045009,121 276,B01,2,10,0,2,8,2,1,
202100045010,121 273,B01,2,7,0,2,5,2,1,
202100045010,121 274,A01,2,10,0,2,1,2,1,
202100045011,121 271,B01,2,7,0,2,5,1,1,
202100045011,121 272,A01,2,7,0,2,0,1,1,
202100045012,121 268,A01,1,7,0,2,8,11,1,
202100045012,121 269,C01,1,10,0,2,3,1,1,
202100045012,121 270,B01,1,34,0,2,2,3,1,
202100045013,121 265,A01,2,33,0,2,1,3,1,
202100045013,121 266,C01,2,7,0,2,4,2,1,
202100045013,121 267,B01,2,10,0,2,8,2,1,
202100045014,121 264,A01,1,7,0,1,2,1,1,
202100045015,121 263,A01,1,10,0,1,5,1,1,
202100045016,121 261,B01,1,1,0,2,8,1,5,
202100045016,121 262,A01,2,7,0,2,1,15,1,
202100045017,121 259,A01,2,7,0,2,1,1,1,
202100045017,121 260,B01,1,50,0,2,7,1,3,
202100045018,121 257,A01,1,7,0,2,3,15,1,
202100045018,121 258,B01,2,7,0,2,3,1,1,
202100045019,121 255,A01,2,33,0,2,1,13,1,
202100045019,121 256,B01,1,7,0,2,3,1,1,
202100045020,121 254,A01,1,7,0,1,2,2,1,
202100045021,121 252,B01,1,7,0,2,8,2,1,
202100045021,121 253,A01,1,33,0,2,2,1,1,
202100045022,121 250,A01,1,7,0,2,8,0,0,
202100045022,121 251,B01,1,7,0,2,1,1,1,
202100045023,121 248,B01,1,34,0,2,1,1,1,
202100045023,121 249,A01,1,7,0,2,7,9,1,
202100045024,121 246,A01,1,10,0,2,4,1,1,
202100045024,121 247,B01,1,7,0,2,1,1,1,
202100045025,121 244,A01,3,30,0,2,3,1,1,
202100045025,121 245,B01,3,7,0,2,2,1,1,
202100045026,121 243,A01,2,7,0,1,3,1,1,
202100045027,121 241,B01,1,1,0,2,0,1,5,
202100045027,121 242,A01,1,7,0,2,3,9,1,
202100045028,121 238,C01,1,7,0,2,4,26,1,
202100045028,121 239,B01,2,7,0,2,2,1,1,
202100045028,121 240,A01,2,10,0,2,0,23,1,
202100045029,121 236,B01,2,32,0,2,2,1,1,
202100045029,121 237,A01,2,7,0,2,3,11,1,
202100045030,121 235,A01,1,30,1,0,1,14,1,
202100045031,121 232,A01,0,7,0,2,2,16,0,
202100045031,121 233,B01,0,32,0,2,0,0,1,
202100045031,121 234,C01,0,10,0,2,0,0,6,
202100045032,121 230,A01,1,7,0,2,8,15,1,
202100045032,121 231,B01,1,33,0,2,1,1,1,
202100045033,121 229,A01,1,7,6,0,1,16,1,
202100045034,121 228,A01,2,32,12,0,1,12,1,
202100045035,121 226,A01,3,7,0,2,3,9,1,
202100045035,121 227,B01,3,2,0,2,7,1,1,
202100045036,121 225,A01,1,30,0,1,1,1,1,
202100045037,121 223,B01,1,33,0,2,3,1,1,
202100045037,121 224,A01,1,7,0,2,2,12,1,
202100045038,121 221,B01,1,2,0,2,1,17,1,
202100045038,121 222,A01,2,7,0,2,1,24,2,
202100045039,121 220,Y01,2,1,0,2,2,1,5,
202100045040,121 219,A01,1,7,1,0,3,26,1,
202100045041,121 217,A01,3,7,0,2,1,2,1,
202100045041,121 218,B01,3,7,0,2,4,1,1,
202100045042,121 215,B01,1,7,0,2,6,1,1,
202100045042,121 216,A01,2,7,0,2,1,10,1,
202100045043,121 214,A01,-1,7,0,1,0,0,1,
202100045044,121 213,A01,2,7,9,0,1,9,1,
202100045045,121 211,B01,1,30,0,0,1,21,1,
202100045045,121 212,A01,2,2,0,0,0,26,0,
202100045046,121 209,B01,2,30,0,2,1,1,1,
202100045046,121 210,A01,2,7,0,2,8,1,1,
202100045047,121 207,A01,1,32,0,2,1,2,1,
202100045047,121 208,B01,1,7,0,2,4,1,1,
202100045048,121 205,B01,2,2,0,2,1,17,1,
202100045048,121 206,A01,2,7,0,2,6,15,1,
202100045049,121 204,A01,2,2,6,0,8,13,1,
202100045050,121 203,A01,1,31,0,0,0,14,1,
202100045051,121 201,A01,1,7,0,2,4,15,1,
202100045051,121 202,B01,1,32,0,2,1,2,1,
202100045052,121 199,B01,1,7,0,2,1,1,1,
202100045052,121 200,A01,2,7,0,2,1,5,1,
202100045053,121 198,A01,1,33,0,0,7,0,1,
202100045054,121 197,A01,2,7,8,0,3,1,1,
202100045055,121 195,B01,1,7,0,2,1,1,1,
202100045055,121 196,A01,2,7,0,2,1,17,1,
202100045056,121 193,B01,2,7,0,0,6,15,1,
202100045056,121 194,A01,2,33,0,2,1,17,1,
202100045057,121 190,A01,2,33,0,2,1,2,1,
202100045057,121 191,B01,2,7,0,0,5,1,1,
202100045058,121 188,B01,2,7,0,2,1,1,1,
202100045058,121 189,A01,1,7,0,2,1,5,1,
202100045059,121 187,A01,0,7,0,1,1,1,1,
202100045060,121 185,A01,1,10,0,0,1,15,1,
202100045060,121 186,B01,2,7,0,0,2,1,1,
202100045061,121 184,A01,1,2,12,0,1,1,1,
202100045062,121 181,A01,2,7,1,2,3,1,1,
202100045062,121 182,C01,1,7,0,0,3,1,1,
202100045062,121 183,B01,1,7,0,0,3,1,2,
202100045063,121 179,B01,2,7,0,2,3,15,2,
202100045063,121 180,A01,2,33,0,2,1,17,1,
202100045064,121 178,A01,2,7,13,0,3,1,1,
202100045065,121 177,A01,2,1,0,0,0,0,5,
202100045066,121 176,A01,2,7,10,0,1,13,1,
202100045067,121 173,A01,2,1,0,2,1,2,5,
202100045067,121 174,B01,2,1,0,0,4,2,5,
202100045067,121 175,C01,2,1,0,2,1,2,5,
202100045068,121 171,A01,2,7,0,2,1,1,1,
202100045068,121 172,B01,1,10,0,2,1,1,1,
202100045069,121 170,A01,1,2,0,0,0,1,1,
202100045070,121 169,A01,2,10,15,0,9,2,1,
202100045071,121 167,B01,2,80,0,2,2,1,3,
202100045071,121 168,A01,0,7,0,2,3,9,1,
202100045072,121 166,A01,3,7,0,1,7,1,1,
202100045073,121 165,A01,1,7,0,1,2,0,1,
202100045074,121 164,A01,2,15,16,0,2,1,1,
202100045075,121 162,A01,3,7,0,2,2,1,1,
202100045075,121 163,B01,3,1,0,2,1,16,5,
202100045076,121 161,A01,1,17,3,0,8,19,1,
202100045077,121 159,C01,2,10,0,2,1,1,1,
202100045077,121 160,A01,2,7,1,2,2,12,1,
202100045078,121 157,B01,2,31,0,2,1,2,1,
202100045078,121 158,A01,1,7,0,2,1,5,1,
202100045079,121 156,A01,1,10,13,0,1,14,1,
202100045080,121 155,A01,3,10,0,0,9,15,1,
202100045081,121 152,A01,1,33,0,0,8,1,1,
202100045081,121 153,B01,1,36,0,2,1,10,1,
202100045082,121 150,A01,1,10,0,2,1,1,1,
202100045082,121 151,B01,2,7,5,2,2,5,1,
202100045083,121 147,C01,2,10,0,2,8,23,1,
202100045083,121 148,A01,1,7,0,2,1,15,1,
202100045083,121 149,B01,2,10,0,2,1,1,1,
202100045084,121 146,A01,2,33,10,0,9,1,1,
202100045085,121 145,A01,2,1,0,0,0,1,5,
202100045086,121 144,A01,2,7,0,1,2,0,1,
202100045087,121 142,A01,2,33,0,2,1,1,1,
202100045087,121 143,B01,1,7,0,0,3,1,1,
202100045088,121 140,A01,2,7,5,0,2,0,1,
202100045089,121 138,A01,2,1,0,0,1,1,5,
202100045089,121 139,B01,2,1,0,9,4,1,5,
202100045090,121 136,B01,1,1,0,2,3,15,5,
202100045090,121 137,A01,1,2,0,9,2,1,1,
202100045091,121 135,A01,1,2,2,0,1,1,1,
202100045092,121 129,A01,1,7,0,2,1,2,1,
202100045092,121 130,B01,1,7,0,2,0,2,1,
202100045092,121 131,E01,1,7,0,2,0,2,1,
202100045092,121 132,F01,1,7,0,2,0,1,3,
202100045092,121 133,C01,1,7,0,2,0,2,1,
202100045092,121 134,D01,1,7,0,2,0,2,1,
202100045093,121 128,A01,2,7,3,0,1,16,1,
202100045094,121 127,A01,1,7,4,0,2,2,1,
202100045095,121 125,A01,2,17,0,2,7,12,1,
202100045095,121 126,B01,2,7,0,2,8,2,1,
202100045096,121 124,A01,2,7,4,0,3,1,1,
202100045097,121 123,A01,1,7,0,1,1,1,1,
202100045098,121 122,A01,1,7,0,0,1,13,1,
202100045099,121 121,A01,3,7,0,1,4,26,1,
202100045100,121 120,A01,3,7,0,1,8,1,1,
202100045101,121 119,A01,2,7,12,1,1,26,2,
202100045102,121 118,A01,0,10,0,1,1,1,1,
202100045103,121 117,A01,1,32,0,1,1,0,1,
202100045104,121 112,D01,2,7,14,0,1,1,1,
202100045104,121 113,E01,2,7,1,0,1,1,1,
202100045104,121 114,A01,2,7,0,2,1,2,1,
202100045104,121 115,B01,2,7,0,0,4,2,1,
202100045104,121 116,C01,2,7,0,2,1,21,1,
202100045105,121 111,A01,1,37,0,1,5,26,1,1.0
202100045106,121 109,A01,-1,7,0,2,1,1,1,
202100045106,121 110,B01,-1,7,0,2,8,1,1,
202100045107,121 108,A01,2,10,0,1,1,1,1,
202100045108,121 106,B01,1,30,0,2,1,17,1,
202100045108,121 107,A01,2,7,0,2,8,15,1,
202100045109,121 105,A01,1,7,8,0,1,14,1,
202100045110,121 103,B01,2,33,0,2,1,1,1,
202100045110,121 104,A01,2,50,0,2,4,12,3,
202100045111,121 102,A01,2,33,0,0,7,26,1,
202100045112,121 100,B01,1,7,0,0,4,1,1,
202100045112,121 101,A01,1,0,0,2,1,1,0,
202100045113,121 099,A01,2,30,0,0,7,1,1,
202100045114,121 098,A01,3,7,0,1,1,1,1,
202100045115,121 097,A01,2,2,0,1,1,17,3,
202100045116,121 095,A01,3,33,0,2,2,17,1,
202100045116,121 096,B01,3,7,0,2,3,2,1,
202100045117,121 093,B01,1,30,0,2,1,1,1,
202100045117,121 094,A01,1,30,0,2,1,17,1,
202100045118,121 091,A01,2,7,0,2,5,15,1,
202100045118,121 092,B01,1,33,0,2,1,2,1,
202100045119,121 089,A01,1,7,0,9,1,16,1,
202100045119,121 090,B01,1,1,0,2,7,1,5,
202100045120,121 084,A01,1,7,2,0,1,13,1,
202100045121,121 082,A01,2,31,11,0,1,1,1,