Num_Acc,id_vehicule,num_veh,senc,catv,obs,obsm,choc,manv,motor,occutc
202100045121,121 083,B01,2,31,11,0,1,1,1,
202100045122,121 080,A01,2,7,0,2,1,1,1,
202100045122,121 081,B01,1,7,0,2,7,1,1,
202100045123,121 077,C01,3,7,0,2,3,23,1,
202100045123,121 078,A01,2,7,0,2,7,19,1,
202100045123,121 079,B01,1,7,0,2,1,1,1,
202100045124,121 075,A01,2,7,0,2,1,13,1,
202100045124,121 076,B01,1,7,0,2,3,1,1,
202100045125,121 073,B01,2,7,0,2,1,1,1,
202100045125,121 074,A01,2,7,0,2,7,15,1,
202100045126,121 072,A01,2,33,7,0,6,13,1,
202100045127,121 070,B01,1,1,0,2,8,15,5,
202100045127,121 071,A01,1,7,0,2,1,1,1,
202100045128,121 068,B01,1,80,0,2,8,1,3,
202100045128,121 069,A01,1,7,0,9,3,9,1,
202100045129,121 066,A01,3,7,0,2,2,19,1,
202100045129,121 067,B01,3,7,0,2,1,0,1,
202100045130,121 064,A01,2,7,0,2,4,1,1,
202100045130,121 065,B01,2,7,0,2,1,2,1,
202100045131,121 061,A01,2,7,0,2,2,1,1,
202100045131,121 062,B01,2,1,0,2,1,1,5,
202100045132,121 059,B01,1,7,0,2,3,10,1,
202100045132,121 060,A01,1,7,0,2,1,1,1,
202100045133,121 058,A01,1,32,12,0,1,1,1,
202100045134,121 056,B01,1,33,0,2,0,0,1,
202100045134,121 057,A01,1,7,0,2,0,26,1,
202100045135,121 054,B01,1,33,0,2,1,1,1,
202100045135,121 055,A01,1,7,0,2,7,15,1,
202100045136,121 052,B01,1,7,0,2,3,15,1,
202100045136,121 053,A01,1,30,0,2,1,17,1,
202100045137,121 050,B01,3,7,0,2,2,15,1,
202100045137,121 051,A01,3,33,1,2,1,1,1,
202100045138,121 048,A01,2,7,0,2,3,15,1,
202100045138,121 049,B01,2,2,0,2,2,1,1,
202100045139,121 046,A01,2,7,0,2,2,12,1,
202100045139,121 047,B01,2,31,0,2,8,3,1,
202100045140,121 045,A01,1,33,0,0,0,3,1,
202100045141,121 043,B01,2,30,0,2,1,1,1,
202100045141,121 044,A01,2,7,0,2,3,9,1,
202100045142,121 042,A01,2,1,0,1,1,21,5,
202100045143,121 039,B01,2,7,0,2,8,1,1,
202100045143,121 040,C01,1,7,0,2,6,1,1,
202100045143,121 041,A01,2,7,0,2,1,1,1,
202100045144,121 038,A01,3,1,8,0,1,21,5,
202100045145,121 037,A01,1,30,9,0,1,15,1,
202100045146,121 035,B01,2,7,0,0,6,23,1,
202100045146,121 036,A01,2,7,0,2,2,2,1,
202100045147,121 033,A01,3,1,0,2,1,1,5,
202100045147,121 034,B01,3,7,0,9,2,2,1,
202100045148,121 031,B01,2,0,0,2,7,14,1,
202100045148,121 032,A01,2,31,0,2,2,1,1,
202100045149,121 029,B01,1,7,0,0,4,23,1,
202100045149,121 030,A01,1,30,0,2,1,1,1,
202100045150,121 027,A01,0,7,0,2,2,9,1,
202100045150,121 028,B01,2,7,1,2,2,1,1,
202100045151,121 025,A01,2,7,0,2,1,1,1,
202100045151,121 026,B01,2,7,0,2,4,23,1,
202100045152,121 023,B01,0,60,0,2,0,26,5,
202100045152,121 024,A01,1,7,0,2,1,19,1,
202100045153,121 021,B01,-1,30,0,2,8,15,1,
202100045153,121 022,A01,-1,7,0,0,8,15,1,
202100045154,121 019,B01,1,7,0,2,4,9,0,
202100045154,121 020,A01,1,7,0,2,1,9,0,
202100045155,121 017,A01,1,33,0,2,4,15,1,
202100045155,121 018,B01,1,30,0,2,1,17,1,
202100045156,121 015,A01,3,7,0,9,2,1,1,
202100045156,121 016,B01,3,1,0,2,1,1,0,
202100045157,121 013,B01,2,7,0,2,1,1,1,
202100045157,121 014,A01,1,10,9,2,3,15,1,
202100045158,121 012,A01,-1,7,4,0,1,19,1,
202100045159,121 010,B01,1,7,0,2,3,15,1,
202100045159,121 011,A01,1,7,0,2,3,1,1,
202100045160,121 008,A01,1,7,0,2,1,0,1,
202100045160,121 009,B01,1,7,0,2,4,0,1,
202100045161,121 006,A01,0,7,0,2,1,1,1,
202100045161,121 007,B01,0,31,0,2,3,15,1,
202100045162,121 004,A01,1,32,0,2,1,1,1,
202100045162,121 005,B01,2,7,0,2,2,15,0,
202100045163,121 003,A01,2,7,6,0,1,1,1,
202100045164,121 002,A01,2,7,5,0,0,1,1,
202100045165,121 001,A01,2,33,0,0,0,1,1,
202100045166,120 999,B01,1,33,0,2,1,1,1,
202100045166,121 000,A01,2,7,0,2,3,15,1,
202100045167,120 998,A01,1,7,15,0,2,2,1,
202100045168,120 996,A01,1,10,8,0,6,16,1,
202100045168,120 997,B01,2,7,0,2,1,19,1,
202100045169,120 995,A01,1,7,0,0,9,1,1,
202100045170,120 994,A01,2,7,13,0,1,1,1,
202100045171,120 989,A01,2,7,0,2,3,11,1,
202100045171,120 990,B01,1,7,0,2,3,1,1,
202100045172,120 988,A01,1,33,0,0,0,1,1,
202100045173,120 986,B01,2,7,0,2,3,1,1,
202100045173,120 987,A01,1,2,0,2,3,13,1,
202100045174,120 985,A01,3,33,3,0,7,1,1,
202100045175,120 984,A01,0,7,0,1,2,1,1,
202100045176,120 983,A01,2,33,0,0,9,17,1,
202100045177,120 981,A01,2,10,0,2,1,17,1,
202100045177,120 982,B01,2,7,6,2,6,15,1,
202100045178,120 980,A01,2,7,1,0,1,13,1,
202100045179,120 979,A01,1,33,13,0,2,1,1,
202100045180,120 977,A01,1,7,0,2,1,15,1,
202100045180,120 978,B01,1,33,0,2,7,1,1,
202100045181,120 976,A01,3,33,0,0,1,1,1,
202100045182,120 975,A01,1,36,6,0,2,1,1,
202100045183,120 974,A01,2,7,13,0,3,1,1,
202100045184,120 972,B01,2,1,0,2,1,1,5,
202100045184,120 973,A01,1,7,0,2,1,1,1,
202100045185,120 970,B01,1,2,0,2,1,17,1,
202100045185,120 971,A01,1,7,0,2,3,15,1,
202100045186,120 969,A01,2,7,3,0,2,14,1,
202100045187,120 968,A01,1,2,0,0,0,1,1,
202100045188,120 966,B01,1,7,0,2,3,1,1,
202100045188,120 967,A01,2,1,0,2,1,13,5,
202100045189,120 965,A01,1,7,0,1,5,1,1,
202100045190,120 963,A01,3,7,0,2,1,19,1,
202100045190,120 964,B01,1,33,0,2,8,1,1,
202100045191,120 961,A01,1,7,0,2,2,1,1,
202100045191,120 962,B01,2,1,0,2,1,5,5,
202100045192,120 959,A01,1,7,0,9,2,17,1,
202100045192,120 960,B01,1,1,0,2,3,2,0,
202100045193,120 957,A01,1,7,0,2,1,0,1,
202100045193,120 958,B01,1,33,0,2,4,0,1,
202100045194,120 954,C01,1,7,0,2,1,1,1,
202100045194,120 955,B01,1,7,0,2,8,1,1,
202100045194,120 956,A01,2,7,0,2,7,17,1,
202100045195,120 952,A01,1,31,0,2,3,1,1,
202100045195,120 953,B01,2,31,0,2,3,0,1,
202100045196,120 951,A01,1,7,13,0,1,1,1,
202100045197,120 950,A01,1,7,15,0,2,14,1,
202100045198,120 949,A01,3,7,0,0,9,1,1,
202100045199,120 944,A01,2,7,0,2,4,2,1,
202100045199,120 945,B01,2,7,0,2,4,2,1,
202100045199,120 946,C01,2,7,0,2,4,2,1,
202100045199,120 947,D01,2,7,0,2,4,2,1,
202100045199,120 948,E01,2,7,0,2,1,2,1,
202100045200,120 943,A01,2,7,13,0,1,1,1,
202100045201,120 938,Z01,1,7,0,2,0,0,0,
202100045201,120 939,D01,1,7,0,2,1,1,1,
202100045201,120 940,C01,2,7,0,2,1,1,1,
202100045201,120 941,B01,2,7,0,2,4,1,1,
202100045201,120 942,A01,2,7,0,2,4,1,1,
202100045202,120 937,A01,2,7,0,5,2,21,1,
202100045203,120 936,A01,1,33,4,0,2,14,1,
202100045204,120 935,A01,1,7,0,1,7,1,1,
202100045205,120 928,B01,1,7,0,2,6,16,1,
202100045205,120 929,C01,2,7,0,2,6,16,1,
202100045205,120 930,E01,1,7,0,2,3,1,1,
202100045205,120 931,D01,1,7,0,2,1,1,1,
202100045205,120 932,A01,1,7,0,2,3,15,1,
202100045206,120 926,A01,1,7,0,4,8,26,1,
202100045206,120 927,B01,2,40,0,2,1,1,3,
202100045207,120 925,A01,3,7,0,1,2,26,1,
202100045208,120 924,A01,1,7,8,0,2,26,1,
202100045209,120 922,A01,1,7,0,2,1,2,1,
202100045209,120 923,B01,1,10,0,2,4,2,1,
202100045210,120 920,A01,2,7,0,2,2,15,1,
202100045210,120 921,B01,1,2,0,2,1,1,1,
202100045211,120 918,A01,1,38,0,2,0,1,0,1.0
202100045211,120 919,B01,3,50,0,2,7,19,3,
202100045212,120 914,D01,2,7,0,2,4,23,1,
202100045212,120 915,C01,2,7,0,2,4,23,0,
202100045212,120 916,B01,2,7,0,2,4,23,1,
202100045212,120 917,A01,2,7,0,2,1,1,1,
202100045213,120 912,A01,1,7,0,2,3,15,2,
202100045213,120 913,B01,2,31,0,2,6,18,1,
202100045214,120 910,A01,2,10,0,2,7,1,1,
202100045214,120 911,B01,2,33,0,2,3,13,1,
202100045215,120 907,A01,1,7,0,2,5,16,1,
202100045215,120 908,B01,1,37,0,2,3,9,1,6.0
202100045216,120 905,A01,1,7,0,2,3,15,1,
202100045216,120 906,B01,2,30,0,2,0,1,1,
202100045217,120 903,A01,1,7,0,2,7,1,1,
202100045217,120 904,B01,2,7,0,2,1,1,1,
202100045218,120 901,A01,1,30,0,0,2,9,1,
202100045218,120 902,B01,2,7,0,2,1,1,1,
202100045219,120 899,A01,1,7,0,2,8,10,1,
202100045219,120 900,B01,1,7,0,2,1,1,1,
202100045220,120 894,B01,2,2,0,2,1,1,1,
202100045220,120 895,A01,1,7,0,2,7,15,1,
202100045221,120 892,B01,1,7,0,2,4,1,1,
202100045221,120 893,A01,1,2,0,2,1,1,1,
202100045222,120 891,B01,1,1,0,0,0,26,5,
202100045223,120 889,B01,1,2,0,2,2,0,6,
202100045223,120 890,A01,1,7,0,2,0,0,0,
202100045224,120 887,A01,1,7,1,2,2,11,1,
202100045224,120 888,B01,2,7,0,2,2,21,1,
202100045225,120 885,B01,1,37,0,0,0,0,2,1.0
202100045225,120 886,A01,1,31,0,2,1,1,1,
202100045226,120 883,B01,3,31,0,2,7,15,1,
202100045226,120 884,A01,3,7,0,2,1,1,1,
202100045227,120 882,A01,1,7,0,0,0,2,0,
202100045228,120 880,A01,3,7,0,2,1,1,1,
202100045228,120 881,B01,3,7,0,2,4,1,1,
202100045229,120 878,B01,2,50,0,2,8,1,3,
202100045229,120 879,A01,2,7,0,2,1,17,1,
202100045230,120 877,A01,3,10,0,1,1,1,1,
202100045231,120 875,B01,1,7,0,2,3,15,1,
202100045231,120 876,A01,0,30,0,2,1,17,1,
202100045232,120 871,B01,2,10,0,2,4,23,1,
202100045232,120 872,A01,2,7,0,2,1,1,1,
202100045233,120 869,A01,0,7,0,2,1,9,1,
202100045233,120 870,B01,0,99,0,2,4,4,0,
202100045234,120 868,A01,1,7,0,1,1,1,1,
202100045235,120 867,A01,0,3,0,1,4,4,3,
202100045236,120 865,A01,1,30,0,2,1,2,1,
202100045236,120 866,B01,1,7,0,2,5,1,1,
202100045237,120 864,A01,1,30,0,1,1,1,1,
202100045238,120 862,A01,3,7,0,2,2,1,1,
202100045238,120 863,B01,2,43,0,2,2,1,1,
202100045239,120 860,A01,2,7,0,2,2,1,1,
202100045239,120 861,B01,2,1,0,2,1,9,5,
202100045240,120 858,A01,2,7,0,2,2,1,1,
202100045240,120 859,B01,2,50,0,2,1,9,3,
202100045241,120 857,A01,3,32,1,0,2,13,1,
202100045242,120 854,A01,2,7,0,2,2,1,2,
202100045242,120 855,B01,2,2,0,2,8,1,1,
202100045242,120 856,Z01,2,7,0,2,8,1,2,
202100045243,120 852,A01,2,7,0,2,1,1,1,
202100045243,120 853,B01,1,2,0,2,8,15,1,
202100045244,120 850,B01,1,10,0,2,0,16,1,
202100045244,120 851,A01,1,1,8,2,8,21,5,
202100045245,120 848,B01,3,7,0,2,1,5,0,
202100045245,120 849,A01,3,34,0,2,1,23,1,
202100045246,120 846,B01,1,30,0,2,7,5,1,
202100045246,120 847,A01,2,30,0,2,2,1,1,
202100045247,120 844,Z01,1,7,0,2,1,2,1,
202100045247,120 845,A01,3,7,0,0,5,15,1,
202100045248,120 842,A01,2,2,0,1,3,17,3,
202100045249,120 840,A01,3,7,0,2,5,22,2,
202100045249,120 841,B01,3,1,0,2,0,16,5,
202100045250,120 838,B01,1,7,0,2,3,2,1,
202100045250,120 839,A01,2,50,0,2,1,19,3,
202100045251,120 836,B01,1,7,0,2,5,23,1,
202100045251,120 837,A01,1,2,0,2,1,2,1,
202100045252,120 834,A01,2,7,0,2,3,15,1,
202100045252,120 835,B01,2,2,0,2,6,1,1,
202100045253,120 832,B01,2,7,0,2,3,1,1,
202100045253,120 833,A01,2,33,0,2,1,1,1,
202100045254,120 831,A01,2,30,0,1,2,1,1,
202100045255,120 829,B01,3,10,0,1,1,26,1,
202100045255,120 830,A01,3,7,0,1,6,26,1,
202100045256,120 827,A01,2,10,0,2,8,1,1,
202100045256,120 828,B01,1,7,0,2,1,1,1,
202100045257,120 825,A01,3,30,0,2,1,26,1,
202100045257,120 826,B01,1,7,0,2,3,19,1,
202100045258,120 823,A01,0,7,0,2,1,19,1,
202100045258,120 824,B01,0,7,0,2,1,1,1,
202100045259,120 822,A01,2,7,1,0,1,14,1,
202100045260,120 820,B01,2,7,0,2,7,17,1,
202100045260,120 821,A01,2,7,0,2,3,15,1,
202100045261,120 818,A01,1,1,0,2,8,1,5,
202100045261,120 819,B01,1,7,0,2,2,16,0,
202100045262,120 816,B01,3,10,0,2,2,1,3,
202100045262,120 817,A01,3,10,0,2,3,1,0,
202100045263,120 814,B01,2,34,0,2,1,1,1,
202100045263,120 815,A01,1,7,0,2,2,15,0,
202100045264,120 812,A01,2,30,0,2,1,1,3,
202100045264,120 813,B01,3,1,0,2,8,10,5,
202100045265,120 810,B01,3,43,0,2,8,9,1,
202100045265,120 811,A01,3,30,0,2,1,1,1,
202100045266,120 807,C01,2,1,0,2,1,5,5,
202100045266,120 808,B01,2,1,0,2,1,5,5,
202100045266,120 809,A01,1,33,0,2,1,13,1,
202100045267,120 806,A01,3,7,13,0,4,1,1,
202100045268,120 804,B01,2,7,0,2,4,19,1,
202100045268,120 805,A01,2,33,0,2,1,1,1,
202100045269,120 802,B01,2,7,0,2,3,1,2,
202100045269,120 803,A01,3,10,0,2,2,1,1,
202100045270,120 801,A01,1,33,15,0,3,1,1,
202100045271,120 799,B01,2,7,0,0,3,1,1,
202100045271,120 800,A01,1,7,0,2,3,1,1,
202100045272,120 797,A01,2,30,0,2,1,17,1,
202100045272,120 798,B01,2,3,0,2,2,1,1,
202100045273,120 795,A01,2,7,0,2,6,15,1,
202100045273,120 796,B01,2,33,0,2,1,17,1,
202100045274,120 794,A01,1,7,6,0,3,16,1,
202100045275,120 792,B01,2,1,0,2,3,15,5,
202100045275,120 793,A01,2,7,0,9,2,2,1,
202100045276,120 790,B01,2,7,0,2,1,2,1,
202100045276,120 791,A01,2,7,0,2,5,1,1,
202100045277,120 789,A01,1,7,13,0,1,1,1,
202100045278,120 787,A01,3,7,0,2,3,1,1,
202100045278,120 788,B01,3,1,0,2,1,1,6,
202100045279,120 785,B01,2,7,0,0,4,15,1,
202100045279,120 786,A01,2,7,0,2,1,2,1,
202100045280,120 783,A01,1,7,0,2,4,17,1,
202100045280,120 784,B01,1,1,0,2,1,1,5,
202100045281,120 782,A01,1,2,2,0,1,1,1,
202100045282,120 781,A01,2,7,2,0,1,1,1,
202100045283,120 780,A01,1,33,0,1,2,1,1,
202100045284,120 778,B01,1,33,0,2,1,1,1,
202100045284,120 779,A01,3,7,0,2,3,15,1,
202100045285,120 777,A01,1,7,0,1,1,1,1,
202100045286,120 774,C01,1,10,0,2,1,1,1,
202100045286,120 775,A01,1,7,0,0,4,23,1,
202100045286,120 776,B01,1,7,0,2,4,1,1,
202100045287,120 772,B01,1,7,0,2,8,15,1,
202100045287,120 773,A01,1,33,0,2,1,17,1,
202100045288,120 769,C01,2,7,0,9,1,1,1,
202100045288,120 770,B01,1,7,0,2,6,2,1,
202100045288,120 771,A01,1,2,0,2,1,2,1,
202100045289,120 767,B01,1,2,0,2,7,15,3,
202100045289,120 768,A01,2,7,0,2,2,1,1,
202100045290,120 765,B01,2,33,0,2,1,1,1,
202100045290,120 766,A01,1,7,0,2,2,15,1,
202100045291,120 764,A01,1,21,0,0,0,1,1,
202100045292,120 762,A01,1,7,0,2,1,19,1,
202100045292,120 763,B01,2,7,0,2,3,1,1,
202100045293,120 760,B01,1,7,0,0,8,1,1,
202100045293,120 761,A01,2,10,8,0,1,19,1,
202100045294,120 759,A01,2,7,2,0,1,1,1,
202100045295,120 757,B01,3,36,0,2,1,1,1,
202100045295,120 758,A01,3,35,0,2,1,1,1,
202100045296,120 756,A01,1,7,0,0,0,21,1,
202100045297,120 754,A01,2,7,0,2,3,21,1,
202100045297,120 755,B01,1,7,0,2,2,21,1,
202100045298,120 753,A01,1,32,12,0,1,1,1,
202100045299,120 751,B01,2,33,0,2,1,1,1,
202100045299,120 752,A01,2,35,0,0,4,2,1,
202100045300,120 750,A01,1,1,0,0,0,1,5,
202100045301,120 749,A01,2,33,13,0,1,1,1,
202100045302,120 748,A01,1,31,6,0,2,2,1,
202100045303,120 747,A01,1,7,2,0,1,13,1,
202100045304,120 746,A01,1,7,16,0,0,1,1,
202100045305,120 745,A01,2,7,0,1,1,1,1,
202100045306,120 744,A01,1,7,13,0,9,1,1,
202100045307,120 742,B01,1,7,0,2,3,1,1,
202100045307,120 743,A01,2,7,0,2,3,17,1,
202100045308,120 741,A01,2,31,0,0,0,1,1,
202100045309,120 740,A01,2,33,0,0,0,16,1,
202100045310,120 739,A01,3,2,0,1,1,1,1,
202100045311,120 736,A01,3,7,0,2,3,21,1,
202100045311,120 737,C01,3,1,0,2,4,13,5,
202100045311,120 738,B01,3,1,0,2,1,13,5,
202100045312,120 735,A01,3,14,0,0,8,1,1,
202100045313,120 734,A01,2,33,13,0,2,0,1,
202100045314,120 733,A01,1,7,0,0,2,1,1,
202100045315,120 732,A01,3,7,0,1,2,1,1,
202100045316,120 730,A01,3,7,0,2,3,15,1,
202100045316,120 731,B01,0,31,0,2,1,17,1,
202100045317,120 729,A01,1,7,0,1,3,1,1,
202100045318,120 727,A01,1,7,1,0,8,1,1,
202100045318,120 728,B01,1,7,0,0,5,23,1,
202100045319,120 725,A01,1,50,0,2,3,5,3,
202100045319,120 726,B01,2,7,0,2,8,1,1,
202100045320,120 723,A01,0,7,0,2,1,15,1,
202100045320,120 724,B01,0,33,0,2,7,1,1,
202100045321,120 722,A01,3,7,0,1,2,1,1,
202100045322,120 721,A01,2,33,0,0,0,1,1,
202100045323,120 718,C01,1,1,0,0,0,13,5,
202100045323,120 719,B01,1,33,0,2,1,1,1,
202100045323,120 720,A01,1,7,0,0,4,1,1,
202100045324,120 715,A01,3,7,0,2,0,1,1,
202100045324,120 716,C01,0,7,0,0,4,1,1,
202100045324,120 717,B01,3,7,0,2,4,1,1,
202100045325,120 714,A01,1,36,0,0,2,15,1,
202100045326,120 713,A01,1,33,0,0,8,1,1,
202100045327,120 712,A01,1,7,8,0,0,1,1,
202100045328,120 711,A01,1,7,13,0,1,1,1,
202100045329,120 710,A01,2,7,4,0,1,1,1,
202100045330,120 709,A01,1,7,7,0,1,1,1,
202100045331,120 708,A01,2,7,4,0,3,21,1,
202100045332,120 707,A01,1,7,4,0,9,1,1,
202100045333,120 706,A01,2,7,3,0,1,14,1,
202100045334,120 705,A01,1,7,0,0,9,0,1,
202100045335,120 703,A01,1,15,0,2,2,12,1,
202100045335,120 704,B01,1,7,0,2,6,1,1,
202100045336,120 702,A01,2,33,14,0,9,12,1,
202100045337,120 700,B01,2,7,0,2,4,2,1,
202100045337,120 701,A01,2,10,0,2,1,2,1,
202100045338,120 698,A01,2,7,0,2,1,1,1,
202100045338,120 699,B01,2,7,0,1,4,1,1,
202100045339,120 697,A01,2,7,0,0,1,1,1,
202100045340,120 696,A01,3,37,0,1,2,1,1,1.0
202100045341,120 693,C01,1,7,0,0,0,0,1,
202100045341,120 694,B01,1,7,0,2,4,0,1,
202100045341,120 695,A01,1,7,0,2,1,2,1,
202100045342,120 691,A01,2,7,0,2,3,5,1,
202100045342,120 692,B01,1,7,0,2,3,1,1,
202100045343,120 689,A01,1,43,0,2,1,1,1,
202100045343,120 690,B01,2,7,0,2,3,15,1,
202100045344,120 687,A01,1,7,1,0,3,13,1,
202100045344,120 688,B01,1,7,1,1,5,0,1,
202100045345,120 685,A01,1,7,0,2,3,15,1,
202100045345,120 686,B01,2,31,0,2,1,1,1,
202100045346,120 683,B01,1,7,0,2,1,21,1,
202100045346,120 684,A01,1,7,0,2,3,9,1,
202100045347,120 682,A01,2,40,0,1,2,1,3,
202100045348,120 680,B01,1,50,0,2,7,1,3,
202100045348,120 681,Z01,2,7,0,2,1,1,1,
202100045349,120 679,A01,2,7,0,1,2,1,1,
202100045350,120 678,A01,2,30,14,0,1,13,1,
202100045351,120 676,A01,1,7,0,2,1,2,0,
202100045351,120 677,B01,1,7,0,2,3,16,0,
202100045352,120 675,A01,1,10,0,1,2,16,0,
202100045353,120 673,B01,0,7,0,2,3,9,2,
202100045353,120 674,A01,0,33,0,0,8,1,0,
202100045354,120 672,A01,1,7,0,1,4,26,1,
202100045355,120 669,C01,1,10,4,2,7,1,1,
202100045355,120 670,B01,1,17,0,2,7,1,1,
202100045355,120 671,A01,1,7,3,2,7,9,2,
202100045356,120 668,A01,-1,7,0,0,9,13,1,
202100045357,120 667,A01,1,7,0,1,1,1,1,
202100045358,120 665,A01,2,7,0,2,1,15,1,
202100045358,120 666,B01,1,7,0,2,1,1,1,
202100045359,120 664,A01,2,7,0,1,2,1,1,
202100045360,120 662,A01,2,34,0,2,1,26,1,
202100045360,120 663,B01,2,80,0,2,3,19,3,
202100045361,120 657,A01,0,7,0,2,1,1,1,
202100045361,120 658,D01,0,7,0,2,4,1,1,
202100045361,120 659,C01,0,7,0,2,4,1,1,
202100045361,120 660,B01,0,7,0,2,4,1,1,
202100045362,120 652,D01,0,7,0,2,4,1,1,
202100045362,120 653,E01,0,7,0,2,4,1,1,
202100045362,120 654,A01,0,10,0,2,1,1,1,
202100045362,120 655,B01,0,7,0,2,4,1,1,
202100045362,120 656,C01,0,7,0,2,4,1,1,
202100045363,120 648,B01,2,1,0,2,8,1,5,
202100045363,120 649,A01,3,7,0,2,1,1,1,
202100045364,120 647,A01,1,33,1,0,1,26,1,
202100045365,120 641,B01,1,30,0,2,1,1,1,
202100045365,120 642,A01,1,-1,0,2,8,15,0,
202100045366,120 639,A01,3,7,1,0,4,15,1,
202100045366,120 640,B01,3,33,0,2,4,26,1,
202100045367,120 637,A01,1,1,0,-1,1,19,5,
202100045367,120 638,B01,1,40,0,1,1,1,3,
202100045368,120 635,B01,1,7,0,2,7,1,1,
202100045368,120 636,A01,3,1,0,2,1,19,5,
202100045369,120 634,A01,1,7,0,1,2,9,1,
202100045370,120 632,B01,1,33,0,2,1,1,1,
202100045370,120 633,A01,2,7,0,2,5,15,1,
202100045371,120 630,A01,1,43,0,2,1,2,1,
202100045371,120 631,B01,1,7,0,2,4,2,1,
202100045372,120 628,B01,3,7,0,2,3,1,1,
202100045372,120 629,A01,3,1,0,2,3,1,5,
202100045373,120 627,A01,2,33,12,0,8,21,1,
202100045374,120 625,B01,1,7,0,2,4,23,1,
202100045374,120 626,A01,1,37,0,2,1,26,1,1.0
202100045375,120 624,A01,2,7,0,1,1,26,1,
202100045376,120 623,A01,3,7,0,1,3,1,1,
202100045377,120 621,A01,1,7,0,2,1,13,1,
202100045377,120 622,B01,2,7,0,2,1,1,1,
202100045378,120 620,A01,2,7,12,1,1,1,1,
202100045379,120 618,A01,0,7,0,2,1,17,1,
202100045379,120 619,B01,0,1,0,2,8,15,5,
202100045380,120 616,A01,2,7,0,2,1,18,1,
202100045380,120 617,B01,2,7,0,2,4,1,1,
202100045381,120 614,A01,1,7,0,2,3,1,1,
202100045381,120 615,B01,2,7,0,2,3,16,1,
202100045382,120 612,B01,1,7,0,0,7,2,1,
202100045382,120 613,A01,1,1,0,2,7,15,5,
202100045383,120 610,A01,0,7,0,2,7,19,1,
202100045383,120 611,B01,0,7,0,2,1,1,1,
202100045384,120 608,B01,0,7,1,2,5,1,1,
202100045384,120 609,A01,0,2,0,2,1,2,1,
202100045385,120 607,A01,3,7,0,1,1,1,1,
202100045386,120 605,B01,3,50,0,2,0,1,3,
202100045386,120 606,A01,3,7,0,2,0,0,1,
202100045387,120 604,A01,3,1,0,2,0,1,5,
202100045388,120 602,C01,1,2,0,2,7,14,3,
202100045388,120 603,A01,1,30,1,2,1,18,1,
202100045389,120 600,B01,3,7,1,2,3,16,1,
202100045389,120 601,A01,1,7,0,2,2,1,1,
202100045390,120 599,A01,1,7,0,1,2,1,1,
202100045391,120 597,A01,1,7,0,2,2,15,1,
202100045391,120 598,B01,2,33,0,2,7,1,1,
202100045392,120 596,A01,3,30,0,1,0,1,-1,
202100045393,120 593,A01,1,50,0,2,1,5,3,
202100045393,120 594,B01,2,7,0,9,3,1,1,
202100045394,120 590,A01,3,50,0,0,0,1,3,
202100045395,120 589,A01,1,33,0,0,8,1,1,
202100045396,120 587,A01,2,2,0,2,7,12,1,
202100045396,120 588,B01,2,7,0,2,3,21,1,
202100045397,120 586,A01,2,7,1,0,2,1,1,
202100045398,120 584,A01,1,50,0,2,1,19,3,
202100045398,120 585,B01,1,7,0,2,3,1,1,
202100045399,120 582,B01,2,33,0,2,6,15,1,
202100045399,120 583,A01,2,1,0,2,2,15,0,
202100045400,120 580,B01,1,1,0,4,1,19,5,
202100045400,120 581,A01,1,40,0,2,1,1,3,
202100045401,120 578,A01,2,7,0,2,2,15,1,
202100045401,120 579,B01,2,7,0,2,5,1,1,
202100045402,120 577,A01,1,7,0,1,2,1,3,
202100045403,120 575,A01,3,7,0,2,1,1,1,
202100045403,120 576,B01,3,7,0,2,7,1,1,
202100045404,120 571,D01,2,7,0,2,4,2,1,
202100045404,120 572,C01,2,7,0,2,4,2,1,
202100045404,120 573,B01,2,7,0,2,4,2,1,
202100045404,120 574,A01,2,7,0,2,1,2,1,
202100045405,120 569,B01,1,21,0,2,4,1,1,
202100045405,120 570,A01,1,7,0,2,1,17,1,
202100045406,120 567,A01,2,30,0,2,5,15,1,
202100045406,120 568,B01,1,33,0,2,1,1,1,
202100045407,120 565,A01,1,7,0,2,8,1,1,
202100045407,120 566,B01,1,50,0,2,7,17,3,
202100045408,120 564,A01,0,30,12,0,0,1,1,
202100045409,120 562,B01,2,7,0,2,6,2,1,
202100045409,120 563,A01,1,30,0,2,1,5,1,
202100045410,120 560,B01,2,43,0,2,8,15,1,
202100045410,120 561,A01,1,7,0,2,3,1,1,
202100045411,120 558,Z01,1,7,0,2,1,2,1,
202100045411,120 559,B01,2,50,0,2,1,19,3,
202100045412,120 557,A01,3,10,0,1,7,1,1,
202100045413,120 555,B01,1,7,0,0,6,0,1,
202100045413,120 556,A01,1,10,0,2,1,1,1,
202100045414,120 554,A01,1,7,0,1,2,17,1,
202100045415,120 553,A01,1,2,0,1,1,1,1,
202100045416,120 551,A01,3,7,0,2,2,9,1,
202100045416,120 552,B01,3,33,0,2,1,1,1,
202100045417,120 550,A01,1,10,0,1,1,15,1,
202100045418,120 547,C01,1,7,0,2,6,23,1,
202100045418,120 548,B01,1,7,0,2,2,23,1,
202100045418,120 549,A01,1,32,0,2,3,3,1,
202100045419,120 545,A01,1,7,0,2,2,12,1,
202100045419,120 546,B01,1,31,0,2,3,2,1,