Num_Acc,id_vehicule,num_veh,senc,catv,obs,obsm,choc,manv,motor,occutc
202100045420,120 543,B01,3,10,0,2,1,1,1,
202100045420,120 544,A01,3,7,0,2,2,1,1,
202100045421,120 541,Z01,3,7,0,2,0,1,1,
202100045421,120 542,B01,3,33,0,2,6,1,1,
202100045422,120 540,A01,2,10,0,2,3,1,1,
202100045423,120 538,B01,2,30,0,2,7,17,1,
202100045423,120 539,A01,2,10,0,2,3,15,1,
202100045424,120 535,C01,1,7,0,2,8,23,1,
202100045424,120 536,A01,2,31,0,2,3,15,1,
202100045424,120 537,B01,1,43,0,2,3,23,1,
202100045425,120 533,A01,1,43,0,2,2,1,1,
202100045425,120 534,Z01,3,2,0,2,0,9,0,
202100045426,120 532,A01,1,33,0,1,1,21,1,
202100045427,120 530,B01,3,2,0,2,3,1,1,
202100045427,120 531,A01,3,7,0,2,2,15,1,
202100045428,120 529,A01,2,1,0,1,4,25,5,
202100045429,120 527,B01,2,50,0,2,8,19,3,
202100045429,120 528,A01,1,31,0,2,2,1,1,
202100045430,120 526,A01,1,50,0,1,7,1,3,
202100045431,120 525,A01,2,34,0,0,1,1,1,
202100045432,120 524,Z01,1,30,0,1,0,1,0,
202100045433,120 523,A01,2,33,0,1,3,1,1,
202100045434,120 522,A01,3,1,0,0,0,21,5,
202100045435,120 520,B01,3,7,0,2,1,1,1,
202100045435,120 521,A01,3,7,0,2,2,1,1,
202100045436,120 518,B01,2,7,0,0,6,1,0,
202100045436,120 519,A01,1,33,0,2,3,15,0,
202100045437,120 516,B01,1,7,0,2,7,23,1,
202100045437,120 517,A01,1,50,0,2,1,18,3,
202100045438,120 515,A01,1,7,12,2,2,1,1,
202100045439,120 514,A01,1,7,0,1,2,1,1,
202100045440,120 512,B01,2,60,0,2,1,1,5,
202100045440,120 513,A01,2,10,0,2,2,16,1,
202100045441,120 510,B01,2,7,0,2,3,1,1,
202100045441,120 511,A01,0,7,0,2,1,1,1,
202100045442,120 509,A01,2,3,0,1,3,1,1,
202100045443,120 508,A01,3,7,1,0,1,21,1,
202100045444,120 506,A01,-1,32,0,2,2,1,1,
202100045444,120 507,B01,-1,7,0,2,5,15,1,
202100045445,120 504,A01,1,7,0,9,1,1,1,
202100045445,120 505,B01,-1,50,0,2,7,19,3,
202100045446,120 503,A01,2,7,0,1,0,1,1,
202100045447,120 501,B01,1,1,0,2,1,2,5,
202100045447,120 502,A01,1,7,0,9,3,2,1,
202100045448,120 499,A01,1,7,0,2,3,1,2,
202100045448,120 500,B01,1,1,0,2,7,0,5,
202100045449,120 497,A01,1,7,0,2,1,19,1,
202100045449,120 498,B01,1,32,0,2,8,1,1,
202100045450,120 495,A01,1,7,12,0,5,1,1,
202100045450,120 496,B01,1,7,0,2,3,1,2,
202100045451,120 494,A01,1,7,12,0,3,14,1,
202100045452,120 492,B01,3,34,0,2,1,1,1,
202100045452,120 493,A01,3,7,0,2,7,10,1,
202100045453,120 489,A01,2,33,0,2,9,17,1,
202100045453,120 490,B01,1,7,0,2,8,1,1,
202100045453,120 491,C01,1,10,0,2,3,1,1,
202100045454,120 487,A01,2,7,0,2,1,1,1,
202100045454,120 488,B01,1,32,0,2,8,1,1,
202100045455,120 485,A01,2,80,0,2,1,2,3,
202100045455,120 486,B01,2,7,0,2,4,23,1,
202100045456,120 483,A01,1,1,0,2,1,25,5,
202100045456,120 484,B01,2,7,0,2,7,1,1,
202100045457,120 482,A01,1,34,0,1,1,1,1,
202100045458,120 480,B01,1,7,0,2,4,1,3,
202100045458,120 481,A01,1,33,0,2,1,2,1,
202100045459,120 478,B01,1,34,0,2,3,15,1,
202100045459,120 479,A01,1,30,0,2,1,2,1,
202100045460,120 477,Z01,1,34,0,1,0,19,1,
202100045461,120 475,B01,2,1,0,2,1,1,5,
202100045461,120 476,A01,1,7,0,2,1,16,1,
202100045462,120 473,A01,1,10,0,2,3,15,1,
202100045462,120 474,B01,1,31,0,2,2,1,1,
202100045463,120 471,A01,2,1,0,2,1,13,5,
202100045463,120 472,B01,1,7,0,2,3,1,1,
202100045464,120 469,B01,1,21,0,2,6,1,1,
202100045464,120 470,A01,2,30,0,2,3,13,1,
202100045465,120 467,B01,1,7,0,2,3,1,1,
202100045465,120 468,A01,2,31,0,2,1,13,1,
202100045466,120 466,A01,2,7,3,0,1,0,1,
202100045467,120 464,B01,2,2,0,2,3,1,1,
202100045467,120 465,A01,1,7,0,2,3,1,1,
202100045468,120 463,A01,0,7,2,0,1,1,1,
202100045469,120 461,A01,1,7,0,2,1,2,1,
202100045469,120 462,B01,1,33,3,0,4,2,1,
202100045470,120 459,B01,2,7,0,2,1,1,1,
202100045470,120 460,A01,1,7,0,2,1,17,1,
202100045471,120 458,A01,1,7,16,0,1,0,1,
202100045472,120 456,B01,1,33,0,2,1,1,1,
202100045472,120 457,A01,2,7,0,2,7,15,3,
202100045473,120 454,A01,2,31,0,2,8,9,1,
202100045473,120 455,B01,2,7,0,2,7,1,1,
202100045474,120 452,B01,2,2,0,2,1,13,1,
202100045474,120 453,A01,1,7,0,2,1,1,1,
202100045475,120 450,B01,1,33,0,0,7,1,1,
202100045475,120 451,A01,1,7,0,2,1,9,1,
202100045476,120 449,A01,2,7,0,1,3,1,1,
202100045477,120 447,B01,2,2,0,2,7,2,1,
202100045477,120 448,A01,2,7,0,2,6,2,1,
202100045478,120 445,B01,3,7,0,2,3,1,1,
202100045478,120 446,A01,3,7,0,2,2,19,1,
202100045479,120 444,A01,2,7,15,0,1,1,1,
202100045480,120 442,B01,2,7,0,2,5,15,1,
202100045480,120 443,A01,2,31,0,2,1,1,1,
202100045481,120 440,A01,1,7,0,2,1,1,1,
202100045481,120 441,B01,1,7,0,2,7,1,1,
202100045482,120 439,A01,1,7,15,0,3,1,1,
202100045483,120 438,A01,2,7,13,0,1,1,1,
202100045484,120 437,A01,3,7,0,1,2,1,1,
202100045485,120 434,B01,1,7,0,2,3,1,1,
202100045485,120 435,A01,2,33,0,2,1,15,1,
202100045486,120 433,A01,1,7,1,1,1,17,1,
202100045487,120 432,A01,3,7,13,0,1,1,1,
202100045488,120 429,A01,1,33,13,0,1,26,1,
202100045489,120 427,B01,1,7,0,2,3,1,1,
202100045489,120 428,A01,2,10,0,0,0,1,1,
202100045490,120 424,A01,1,33,0,2,8,1,1,
202100045490,120 425,B01,2,7,0,2,3,1,1,
202100045490,120 426,C01,1,33,16,0,-1,1,1,
202100045491,120 422,B01,2,33,0,2,8,17,1,
202100045491,120 423,A01,1,7,0,2,2,16,1,
202100045492,120 420,B01,2,7,0,0,2,14,1,
202100045492,120 421,A01,1,7,0,2,8,20,1,
202100045493,120 419,A01,3,10,2,0,1,1,1,
202100045494,120 418,A01,1,7,17,0,1,1,1,
202100045495,120 417,A01,2,7,13,0,0,1,1,
202100045496,120 415,B01,1,7,2,2,8,1,1,
202100045496,120 416,A01,1,7,0,2,1,1,1,
202100045497,120 412,A01,1,7,0,2,1,5,1,
202100045497,120 413,B01,2,7,4,2,1,1,1,
202100045498,120 411,A01,0,7,2,0,0,0,0,
202100045499,120 409,B01,1,10,0,2,2,22,1,
202100045499,120 410,A01,2,2,0,2,6,18,1,
202100045500,120 408,A01,2,7,0,1,3,21,1,
202100045501,120 407,A01,1,7,2,0,9,17,1,
202100045502,120 405,B01,1,1,0,2,1,1,5,
202100045502,120 406,A01,1,7,0,2,1,15,1,
202100045503,120 403,A01,1,7,0,2,1,2,1,
202100045503,120 404,B01,1,7,0,0,4,2,1,
202100045504,120 401,B01,2,7,0,2,3,1,1,
202100045504,120 402,A01,1,7,0,2,3,1,1,
202100045505,120 400,A01,2,7,2,0,3,13,1,
202100045506,120 399,A01,1,2,0,0,8,1,1,
202100045507,120 397,B01,1,31,0,9,9,2,0,
202100045507,120 398,A01,1,31,0,9,9,2,0,
202100045508,120 396,A01,2,7,0,1,3,1,1,
202100045509,120 394,A01,1,7,0,2,3,13,1,
202100045509,120 395,B01,2,7,0,2,3,1,1,
202100045510,120 393,A01,1,2,0,0,8,20,1,
202100045511,120 392,A01,1,33,0,6,1,1,1,
202100045512,120 390,B01,2,7,8,2,8,1,1,
202100045512,120 391,A01,1,7,0,2,1,1,1,
202100045513,120 389,A01,3,7,0,1,5,1,1,
202100045514,120 387,B01,3,33,0,2,1,0,1,
202100045514,120 388,A01,3,7,0,2,3,13,1,
202100045515,120 386,A01,3,7,6,0,1,0,1,
202100045516,120 384,A01,1,7,0,2,8,2,2,
202100045516,120 385,B01,1,7,0,2,2,12,1,
202100045517,120 382,A01,1,7,0,2,4,2,1,
202100045517,120 383,B01,1,7,0,2,1,2,1,
202100045518,120 380,B01,1,7,0,2,6,1,2,
202100045518,120 381,A01,1,7,0,2,2,0,1,
202100045519,120 378,A01,2,33,0,2,1,2,1,
202100045519,120 379,B01,2,7,0,2,4,23,1,
202100045520,120 376,A01,2,7,0,2,2,1,1,
202100045520,120 377,B01,2,7,0,2,8,1,1,
202100045521,120 374,B01,1,0,0,2,0,12,-1,
202100045521,120 375,A01,1,7,0,2,4,1,1,
202100045522,120 372,B01,1,7,0,2,6,1,1,
202100045522,120 373,A01,1,7,0,2,3,16,1,
202100045523,120 368,D01,2,7,0,2,4,2,1,
202100045523,120 369,C01,2,7,0,2,4,2,0,
202100045523,120 370,B01,2,10,0,2,4,2,1,
202100045523,120 371,A01,2,7,0,2,1,2,1,
202100045524,120 366,A01,1,31,0,2,0,26,1,
202100045524,120 367,B01,1,10,0,2,0,26,1,
202100045525,120 365,A01,2,7,0,1,3,0,1,
202100045526,120 363,B01,1,34,0,2,5,1,1,
202100045526,120 364,A01,1,7,0,2,3,11,2,
202100045527,120 362,A01,2,32,6,0,7,1,1,
202100045528,120 361,A01,3,7,0,1,1,1,0,
202100045529,120 360,A01,1,37,0,1,2,1,1,1.0
202100045530,120 359,A01,1,7,1,2,2,14,1,
202100045531,120 357,A01,1,30,0,2,2,2,1,
202100045531,120 358,B01,1,7,0,2,4,2,1,
202100045532,120 355,A01,1,31,0,2,2,2,1,
202100045532,120 356,B01,1,7,0,2,6,1,1,
202100045533,120 353,A01,0,7,0,2,7,1,1,
202100045533,120 354,B01,2,1,0,0,0,0,1,
202100045534,120 351,A01,0,7,0,2,7,19,1,
202100045534,120 352,B01,1,2,0,2,1,1,1,
202100045535,120 349,A01,1,1,0,2,1,1,5,
202100045535,120 350,B01,1,7,0,2,4,1,1,
202100045536,120 347,A01,1,7,0,2,2,15,1,
202100045536,120 348,B01,1,7,0,2,1,1,1,
202100045537,120 345,B01,1,7,0,2,8,15,1,
202100045537,120 346,A01,2,50,0,2,1,1,3,
202100045538,120 343,B01,2,1,0,2,1,1,5,
202100045538,120 344,A01,2,7,0,2,2,1,1,
202100045539,120 340,A01,1,7,0,2,1,26,1,
202100045539,120 341,B01,1,7,0,2,4,2,1,
202100045539,120 342,C01,1,7,0,2,4,26,1,
202100045540,120 338,A01,1,7,0,2,1,2,1,
202100045540,120 339,B01,1,7,0,0,0,0,1,
202100045541,120 337,A01,3,7,0,1,2,9,1,
202100045542,120 335,A01,2,7,0,2,3,19,1,
202100045542,120 336,B01,2,7,0,2,1,1,1,
202100045543,120 333,B01,1,31,0,2,1,2,1,
202100045543,120 334,A01,1,7,0,2,8,19,1,
202100045544,120 332,A01,1,33,11,0,1,3,1,
202100045545,120 329,A01,1,7,0,2,4,1,1,
202100045545,120 330,B01,1,7,0,2,4,1,1,
202100045545,120 331,C01,1,7,0,2,4,1,1,
202100045546,120 327,A01,3,7,9,2,3,13,1,
202100045546,120 328,B01,3,7,0,2,8,0,1,
202100045547,120 326,A01,1,7,0,1,2,17,1,
202100045548,120 323,B01,1,7,12,2,7,26,1,
202100045548,120 324,C01,1,7,0,2,1,26,1,
202100045548,120 325,A01,2,37,0,2,1,26,1,1.0
202100045549,120 321,A01,2,32,0,2,8,3,1,
202100045549,120 322,Z01,2,7,0,2,8,22,0,
202100045550,120 319,B01,1,7,0,2,3,15,1,
202100045550,120 320,A01,1,7,0,2,7,17,1,
202100045551,120 317,B01,1,50,0,2,7,1,3,
202100045551,120 318,A01,1,7,0,2,1,1,1,
202100045552,120 315,A01,1,33,0,2,8,2,1,
202100045552,120 316,B01,1,7,0,0,5,1,1,
202100045553,120 314,A01,1,10,0,1,2,1,1,
202100045554,120 312,B01,2,7,0,2,6,15,1,
202100045554,120 313,A01,2,2,0,2,2,15,3,
202100045555,120 310,A01,0,7,0,2,7,24,1,
202100045555,120 311,B01,0,50,1,0,0,1,3,
202100045556,120 309,A01,2,33,0,0,7,9,1,
202100045557,120 308,A01,3,1,0,1,1,1,5,
202100045558,120 306,A01,1,30,1,0,0,1,1,
202100045558,120 307,B01,1,7,1,0,0,1,1,
202100045559,120 295,A01,2,33,0,2,1,17,1,
202100045559,120 296,B01,1,7,0,2,3,15,1,
202100045560,120 293,A01,0,7,0,2,7,15,1,
202100045560,120 294,B01,0,32,0,2,3,1,1,
202100045561,120 292,A01,2,10,0,1,0,26,1,
202100045562,120 291,A01,1,3,6,0,3,1,1,
202100045563,120 289,A01,1,7,0,2,1,9,1,
202100045563,120 290,B01,1,1,0,2,7,1,5,
202100045564,120 287,B01,1,1,1,0,1,1,5,
202100045564,120 288,A01,1,7,0,2,8,22,1,
202100045565,120 285,B01,1,7,0,2,3,1,1,
202100045565,120 286,A01,3,7,0,2,3,20,1,
202100045566,120 283,A01,2,1,0,2,1,16,5,
202100045566,120 284,B01,2,7,0,2,3,1,1,
202100045567,120 281,B01,1,2,0,2,1,1,1,
202100045567,120 282,A01,2,7,0,2,2,15,1,
202100045568,120 278,A01,1,31,0,2,1,17,3,
202100045568,120 279,B01,1,7,0,2,3,13,1,
202100045569,120 277,A01,1,7,0,1,2,17,1,
202100045570,120 276,A01,3,31,12,0,2,14,1,
202100045571,120 273,A01,2,7,0,2,7,15,1,
202100045571,120 274,C01,3,7,8,0,8,23,1,
202100045571,120 275,B01,1,7,0,2,1,1,1,
202100045572,120 272,A01,1,7,0,1,1,1,1,
202100045573,120 271,A01,1,10,0,1,4,20,1,
202100045574,120 269,A01,1,7,0,2,1,19,1,
202100045574,120 270,B01,1,33,0,2,8,1,1,
202100045575,120 267,A01,1,7,0,2,2,15,1,
202100045575,120 268,B01,2,32,0,2,1,5,1,
202100045576,120 265,A01,1,60,0,2,0,2,5,
202100045576,120 266,Z01,0,7,0,0,0,0,0,
202100045577,120 264,A01,3,7,12,0,8,26,1,
202100045578,120 262,B01,2,34,0,2,1,1,0,
202100045578,120 263,A01,1,7,0,2,5,15,0,
202100045579,120 260,A01,1,7,0,2,1,16,1,
202100045579,120 261,B01,1,1,0,2,1,19,5,
202100045580,120 257,C01,1,7,0,9,0,1,1,
202100045580,120 258,B01,1,31,0,2,1,1,1,
202100045580,120 259,A01,1,7,0,2,1,17,1,
202100045581,120 255,A01,1,7,0,9,2,1,1,
202100045581,120 256,B01,1,33,0,2,1,0,1,
202100045582,120 253,B01,1,43,0,2,1,1,1,
202100045582,120 254,A01,1,7,0,9,8,15,1,
202100045583,120 250,C01,1,7,0,2,4,1,1,
202100045583,120 251,B01,1,7,0,2,4,1,1,
202100045583,120 252,A01,1,7,0,2,1,1,1,
202100045584,120 248,B01,1,10,0,2,2,1,1,
202100045584,120 249,A01,1,7,0,2,8,22,1,
202100045585,120 247,A01,3,7,0,0,2,14,1,
202100045586,120 246,A01,2,33,0,1,1,1,1,
202100045587,120 244,A01,3,7,0,2,1,1,1,
202100045587,120 245,B01,3,1,0,2,1,1,5,
202100045588,120 243,A01,3,7,0,1,3,1,1,
202100045589,120 239,A01,1,33,0,2,1,17,1,
202100045589,120 240,B01,1,7,0,2,6,15,1,
202100045590,120 237,A01,1,33,0,2,1,1,1,
202100045590,120 238,B01,1,7,0,2,4,1,1,
202100045591,120 236,A01,1,31,12,0,1,14,1,
202100045592,120 234,B01,1,60,0,2,1,1,5,
202100045592,120 235,A01,3,7,0,2,8,22,1,
202100045593,120 232,A01,1,50,0,2,1,25,3,
202100045593,120 233,B01,1,7,0,2,2,9,1,
202100045594,120 230,A01,3,30,0,2,1,13,1,
202100045594,120 231,B01,3,7,0,2,2,1,1,
202100045595,120 228,B01,2,1,0,2,1,1,5,
202100045595,120 229,A01,2,7,0,2,7,16,1,
202100045596,120 226,B01,1,33,0,2,3,1,1,
202100045596,120 227,A01,2,7,0,2,3,15,1,
202100045597,120 224,A01,1,7,0,2,2,17,1,
202100045597,120 225,B01,1,1,0,2,8,1,5,
202100045598,120 223,A01,1,7,0,1,2,15,1,
202100045599,120 222,A01,1,7,9,0,1,1,1,
202100045600,120 220,A01,2,10,0,2,8,10,1,
202100045600,120 221,B01,1,32,0,2,1,1,1,
202100045601,120 219,A01,2,30,0,0,1,1,1,
202100045602,120 218,A01,3,99,0,0,0,26,3,
202100045603,120 217,A01,3,7,0,1,4,20,1,
202100045604,120 215,B01,2,31,0,2,1,1,1,
202100045604,120 216,A01,1,7,0,2,6,15,1,
202100045605,120 213,A01,1,31,0,2,1,13,1,
202100045605,120 214,B01,2,7,0,2,3,1,1,
202100045606,120 212,A01,0,30,0,1,1,1,1,
202100045607,120 210,B01,2,2,0,2,1,1,1,
202100045607,120 211,A01,1,7,0,2,0,13,1,
202100045608,120 208,A01,3,7,0,9,7,15,1,
202100045608,120 209,B01,3,50,0,2,1,0,3,
202100045609,120 207,A01,0,7,0,1,3,16,1,
202100045610,120 205,A01,2,7,0,2,2,12,1,
202100045610,120 206,B01,2,2,0,2,3,1,1,
202100045611,120 203,A01,3,7,0,2,3,1,1,
202100045611,120 204,B01,3,7,0,2,3,1,1,
202100045612,120 202,A01,1,30,0,1,1,14,1,
202100045613,120 201,A01,1,7,14,1,4,26,1,
202100045614,120 199,B01,1,1,0,2,8,16,5,
202100045614,120 200,A01,3,15,0,2,5,16,1,
202100045615,120 198,A01,1,7,0,1,2,1,1,
202100045616,120 196,B01,2,7,0,2,8,1,1,
202100045616,120 197,A01,0,7,0,2,1,15,1,
202100045617,120 194,A01,1,30,0,2,1,1,1,
202100045617,120 195,B01,1,10,0,2,7,12,1,
202100045618,120 192,A01,3,2,0,2,1,1,1,
202100045618,120 193,B01,3,7,0,2,4,1,1,
202100045619,120 190,B01,1,33,1,2,1,1,1,
202100045619,120 191,A01,1,7,0,2,3,15,1,
202100045620,120 189,A01,2,10,0,1,1,1,2,
202100045621,120 187,A01,1,30,0,2,1,15,1,
202100045621,120 188,B01,1,30,0,2,3,1,1,
202100045622,120 186,A01,1,7,1,0,3,13,1,
202100045623,120 185,A01,1,10,0,1,7,16,1,
202100045624,120 183,A01,1,7,0,2,3,9,1,
202100045624,120 184,B01,1,33,0,2,2,1,1,
202100045625,120 181,A01,1,10,0,2,8,10,1,
202100045625,120 182,B01,2,43,0,2,1,1,1,
202100045626,120 179,A01,1,7,0,2,2,2,3,
202100045626,120 180,B01,1,7,0,2,6,23,1,
202100045627,120 177,A01,3,7,0,2,2,15,1,
202100045627,120 178,B01,3,32,0,2,1,1,1,
202100045628,120 176,A01,2,37,0,0,0,21,2,2.0
202100045629,120 175,A01,1,1,12,0,1,1,5,
202100045630,120 174,A01,1,80,0,1,1,1,3,
202100045631,120 172,B01,1,7,0,2,8,7,2,
202100045631,120 173,A01,2,1,0,2,8,13,5,
202100045632,120 170,A01,1,32,0,2,7,15,1,
202100045632,120 171,B01,1,10,0,2,8,15,1,
202100045633,120 168,A01,3,30,0,2,0,11,1,
202100045633,120 169,B01,3,7,0,2,2,17,1,
202100045634,120 167,A01,2,1,0,1,2,5,5,
202100045635,120 165,B01,1,50,0,2,1,1,3,
202100045635,120 166,A01,1,10,0,2,2,16,1,
202100045636,120 164,A01,2,1,0,0,1,16,5,
202100045637,120 162,A01,1,7,0,2,2,17,1,
202100045637,120 163,B01,1,1,0,2,0,13,5,
202100045638,120 160,B01,2,1,0,2,8,23,5,
202100045638,120 161,A01,1,7,0,2,7,1,1,
202100045639,120 158,A01,1,33,0,2,2,1,1,
202100045639,120 159,B01,1,10,0,2,1,1,1,
202100045640,120 156,A01,1,1,0,2,0,2,5,
202100045640,120 157,B01,1,1,0,2,4,2,5,
202100045641,120 154,B01,3,33,0,2,8,1,1,
202100045641,120 155,A01,3,7,0,2,2,14,1,
202100045642,120 152,A01,3,7,0,2,3,15,1,
202100045642,120 153,B01,3,32,0,2,2,13,1,
202100045643,120 150,B01,1,7,0,2,5,1,2,
202100045643,120 151,A01,1,32,0,2,1,2,1,
202100045644,120 149,A01,1,2,0,1,3,1,0,
202100045645,120 147,B01,2,10,0,2,2,1,1,
202100045645,120 148,A01,1,60,0,2,3,26,5,
202100045646,120 145,A01,1,34,0,2,3,18,1,
202100045646,120 146,B01,1,7,0,2,2,16,1,
202100045647,120 143,A01,2,7,0,2,1,5,1,
202100045647,120 144,B01,2,7,0,0,8,1,1,
202100045648,120 141,B01,2,7,0,2,5,1,1,
202100045648,120 142,A01,2,7,0,2,3,15,1,
202100045649,120 140,A01,1,7,1,0,3,1,1,
202100045650,120 138,B01,2,7,0,2,4,23,1,
202100045650,120 139,A01,2,7,1,2,1,2,2,
202100045651,120 137,A01,2,33,1,0,1,0,1,
202100045652,120 136,Z01,0,2,9,2,0,25,0,
202100045653,120 135,A01,1,7,0,1,3,16,1,
202100045654,120 133,B01,1,7,0,2,7,0,1,
202100045654,120 134,A01,1,30,0,2,7,19,3,
202100045655,120 132,A01,3,43,0,1,1,1,1,
202100045656,120 130,A01,2,7,0,2,3,0,1,
202100045656,120 131,B01,1,7,0,2,3,0,1,
202100045657,120 128,B01,2,50,1,0,1,18,3,
202100045657,120 129,A01,2,10,0,2,2,23,1,
202100045658,120 126,A01,3,99,0,2,1,0,0,
202100045658,120 127,B01,3,7,0,0,3,20,1,
202100045659,120 125,A01,3,7,0,1,1,25,1,
202100045660,120 123,A01,2,7,0,2,0,26,1,
202100045660,120 124,EB01,2,7,0,2,0,0,1,
202100045661,120 121,A01,1,7,0,2,2,16,1,
202100045661,120 122,B01,1,1,0,2,1,1,5,
202100045662,120 119,B01,0,7,0,2,4,16,1,
202100045662,120 120,A01,0,37,0,2,2,16,2,4.0
202100045663,120 118,A01,0,60,0,9,0,1,5,
202100045664,120 117,A01,0,50,0,0,0,0,3,
202100045665,120 115,B01,1,1,0,2,1,5,5,
202100045665,120 116,A01,1,7,0,2,3,1,1,
202100045666,120 113,B01,1,7,0,2,2,15,1,
202100045666,120 114,A01,2,30,0,2,3,1,1,
202100045667,120 109,B01,1,7,12,2,0,1,1,
202100045667,120 110,C01,1,7,6,2,0,1,1,
202100045667,120 111,D01,1,10,0,2,1,1,1,
202100045667,120 112,Z01,2,30,0,0,0,5,1,
202100045668,120 106,B01,1,10,0,0,8,1,1,
202100045668,120 107,A01,1,33,8,2,0,17,0,
202100045668,120 108,C01,2,1,0,0,0,1,6,
202100045669,120 105,A01,3,7,0,1,1,1,1,
202100045670,120 104,A01,1,33,5,0,1,1,1,
202100045671,120 103,A01,1,1,0,0,0,13,5,
202100045672,120 099,C01,1,7,0,2,8,1,1,
202100045672,120 100,B01,2,15,0,2,3,1,1,
202100045672,120 101,A01,1,7,0,2,1,13,1,
202100045673,120 098,A01,2,33,12,0,1,17,1,
202100045674,120 096,B01,3,80,0,2,2,1,3,
202100045674,120 097,A01,3,80,0,2,6,13,3,
202100045675,120 095,A01,3,7,13,0,1,1,0,
202100045676,120 093,B01,1,7,0,2,4,15,1,
202100045676,120 094,A01,1,7,0,2,1,17,1,
202100045677,120 092,A01,3,2,0,0,0,1,1,
202100045678,120 090,A01,0,3,0,0,2,15,1,
202100045678,120 091,B01,0,7,0,2,2,1,1,
202100045679,120 089,A01,1,33,13,0,1,1,1,
202100045680,120 088,A01,2,21,0,0,0,1,0,
202100045681,120 087,A01,1,33,0,6,1,1,1,
202100045682,120 085,B01,2,7,7,2,3,1,1,
202100045682,120 086,A01,1,7,0,2,2,11,1,
202100045683,120 084,A01,1,33,13,0,1,0,1,
202100045684,120 080,D01,1,7,0,2,6,21,1,
202100045684,120 081,C01,1,15,0,2,3,1,1,
202100045684,120 082,B01,2,7,0,2,1,1,1,
202100045684,120 083,A01,1,7,0,2,1,17,1,
202100045685,120 079,A01,1,34,0,0,2,1,1,
202100045686,120 076,A01,1,33,0,2,8,11,1,
202100045686,120 077,B01,1,33,8,0,4,1,1,
202100045686,120 078,C01,2,7,0,2,8,1,1,
202100045687,120 075,A01,1,1,0,1,1,2,5,
202100045688,120 072,C01,1,7,0,2,1,1,1,
202100045688,120 073,B01,1,7,0,2,1,1,1,
202100045688,120 074,A01,2,7,0,2,1,13,1,
202100045689,120 071,A01,2,7,13,6,1,21,1,
202100045690,120 070,A01,2,7,13,0,1,1,1,
202100045691,120 069,A01,2,7,13,0,1,0,1,
202100045692,120 068,A01,1,7,3,0,2,1,1,
202100045693,120 066,A01,2,7,0,0,2,15,1,
202100045693,120 067,B01,1,1,0,2,1,25,5,
202100045694,120 065,A01,2,7,13,0,1,26,1,
202100045695,120 063,B01,2,7,0,9,1,2,1,
202100045695,120 064,A01,2,1,0,0,4,2,5,
202100045696,120 061,B01,1,33,0,2,1,17,1,
202100045696,120 062,A01,1,7,0,2,8,15,1,
202100045697,120 059,A01,1,43,0,2,2,21,1,
202100045697,120 060,B01,3,7,0,2,3,16,1,
202100045698,120 057,A01,2,7,0,2,3,17,1,
202100045698,120 058,B01,1,33,0,2,1,26,1,
202100045699,120 055,B01,1,1,0,2,5,1,5,
202100045699,120 056,A01,3,7,0,2,1,9,1,
202100045700,120 053,A01,2,14,0,2,1,1,1,
202100045700,120 054,B01,2,7,0,2,4,15,1,
202100045701,120 052,A01,2,7,16,0,9,1,1,
202100045702,120 051,A01,2,7,0,1,1,15,1,
202100045703,120 050,A01,3,36,0,0,0,1,1,
202100045704,120 049,A01,2,7,0,1,3,15,1,
202100045705,120 047,B01,2,7,8,2,3,15,1,
202100045705,120 048,A01,2,33,8,2,1,17,1,
202100045706,120 045,B01,1,30,0,2,3,2,1,
202100045706,120 046,A01,1,10,0,2,5,2,1,
202100045707,120 044,A01,2,7,13,0,9,1,1,
202100045708,120 042,A01,3,7,0,2,3,1,1,
202100045708,120 043,B01,3,33,0,2,3,13,1,
202100045709,120 040,A01,1,10,0,9,2,1,1,
202100045709,120 041,B01,1,1,0,0,4,1,5,
202100045710,120 039,A01,1,32,0,0,7,1,1,
202100045711,120 038,A01,3,3,0,1,2,20,0,
202100045712,120 036,B01,2,33,6,2,1,2,1,
202100045712,120 037,A01,2,7,6,2,4,2,1,
202100045713,120 035,A01,2,7,0,0,9,1,1,
202100045714,120 033,B01,2,31,0,2,4,2,1,
202100045714,120 034,A01,2,7,0,2,1,2,1,
202100045715,120 032,A01,2,7,3,0,0,2,1,
202100045716,120 028,D01,1,7,0,2,4,2,1,
202100045716,120 029,C01,1,7,0,2,4,2,1,
202100045716,120 030,B01,1,7,0,2,4,2,1,
202100045716,120 031,A01,1,7,0,2,1,1,1,
202100045717,120 027,A01,2,7,13,2,1,1,1,
202100045718,120 026,A01,1,32,14,0,7,1,1,
202100045719,120 024,A01,2,7,0,2,8,9,1,
202100045719,120 025,B01,2,17,0,2,2,1,1,
202100045720,120 023,A01,3,7,0,1,4,26,1,
202100045721,120 022,A01,1,7,0,1,1,9,1,
202100045722,120 021,A01,2,33,0,1,3,1,1,
202100045723,120 020,A01,1,7,0,1,1,1,1,
202100045724,120 018,B01,2,7,0,2,3,1,1,
202100045724,120 019,A01,1,7,0,2,3,15,1,
202100045725,120 017,A01,3,33,0,0,0,1,1,
202100045726,120 015,A01,2,7,0,2,1,2,1,
202100045726,120 016,B01,2,7,0,2,4,23,1,
202100045727,120 014,A01,0,7,0,1,1,15,1,