Num_Acc,id_vehicule,num_veh,senc,catv,obs,obsm,choc,manv,motor,occutc
202100045728,120 013,A01,1,7,8,0,2,0,1,
202100045729,120 011,A01,1,7,0,9,2,15,1,
202100045729,120 012,B01,2,1,0,2,2,15,5,
202100045730,120 009,B01,3,37,0,2,3,1,2,7.0
202100045730,120 010,A01,3,7,0,9,2,19,1,
202100045731,120 008,B01,2,34,0,0,0,1,1,
202100045732,120 007,A01,1,30,0,0,0,16,3,
202100045733,120 006,A01,0,30,0,1,1,26,1,
202100045734,120 003,A01,2,10,0,2,6,19,1,
202100045734,120 004,B01,2,2,0,2,0,19,1,
202100045735,120 001,B01,1,80,0,2,1,9,3,
202100045735,120 002,A01,1,7,0,2,2,1,1,
202100045736,120 000,A01,3,34,0,1,0,26,0,
202100045737,119 999,A01,0,1,0,1,1,1,5,
202100045738,119 997,A01,1,7,0,2,1,1,1,
202100045738,119 998,B01,1,7,0,2,7,1,1,
202100045739,119 995,B01,3,7,0,2,8,15,1,
202100045739,119 996,A01,3,31,0,2,1,17,1,
202100045740,119 993,A01,2,10,0,2,1,1,1,
202100045740,119 994,B01,2,7,0,2,2,1,1,
202100045741,119 991,B01,2,10,0,2,5,1,1,
202100045741,119 992,A01,2,7,0,2,1,1,1,
202100045742,119 989,A01,1,7,0,2,1,1,1,
202100045742,119 990,B01,1,1,0,2,8,19,5,
202100045743,119 987,B01,2,1,0,2,6,19,5,
202100045743,119 988,A01,1,7,0,2,3,1,1,
202100045744,119 984,B01,1,7,0,2,4,12,1,
202100045744,119 985,A01,1,7,0,2,1,2,1,
202100045744,119 986,C01,1,7,0,2,4,1,1,
202100045745,119 982,B01,2,7,0,2,1,1,1,
202100045745,119 983,A01,2,10,0,2,1,15,1,
202100045746,119 981,A01,1,7,0,1,1,2,1,
202100045747,119 979,B01,1,7,0,2,3,15,1,
202100045747,119 980,A01,1,30,0,2,2,17,1,
202100045748,119 977,B01,2,7,0,2,8,1,1,
202100045748,119 978,A01,1,30,0,2,8,21,1,
202100045749,119 975,A01,1,7,0,2,8,11,3,
202100045749,119 976,B01,1,33,0,2,7,1,1,
202100045750,119 973,B01,3,7,0,2,6,2,1,
202100045750,119 974,A01,1,32,0,2,1,1,1,
202100045751,119 971,A01,2,7,0,2,1,19,1,
202100045751,119 972,B01,2,31,0,2,7,1,1,
202100045752,119 969,B01,1,7,0,2,1,1,1,
202100045752,119 970,A01,1,2,0,2,4,17,1,
202100045753,119 967,A01,1,7,0,2,1,13,1,
202100045753,119 968,B01,2,7,6,2,1,10,1,
202100045754,119 965,A01,2,7,0,2,1,1,1,
202100045754,119 966,B01,2,7,0,2,8,1,1,
202100045755,119 964,A01,2,7,0,0,3,26,1,
202100045756,119 963,A01,1,1,12,0,1,14,5,
202100045757,119 960,B01,2,7,0,2,4,1,1,
202100045757,119 961,C01,2,7,0,2,4,1,1,
202100045757,119 962,A01,2,7,0,2,1,2,1,
202100045758,119 958,A01,3,17,0,9,7,1,1,
202100045758,119 959,B01,3,1,0,2,8,1,5,
202100045759,119 957,A01,3,1,8,0,1,1,5,
202100045760,119 955,B01,1,33,0,2,8,15,1,
202100045760,119 956,A01,2,7,0,2,3,13,1,
202100045761,119 954,A01,2,30,0,0,8,15,1,
202100045762,119 952,A01,1,7,0,2,3,1,1,
202100045762,119 953,B01,2,7,0,2,3,1,1,
202100045763,119 950,B01,3,7,0,2,4,1,1,
202100045763,119 951,A01,3,33,0,2,1,1,1,
202100045764,119 948,A01,3,17,0,2,2,2,1,
202100045764,119 949,B01,3,7,0,2,4,9,1,
202100045765,119 947,B01,3,34,0,1,1,1,1,
202100045766,119 946,Z01,1,7,0,1,2,2,0,
202100045767,119 944,B01,1,33,0,2,7,1,1,
202100045767,119 945,A01,1,7,0,2,8,10,1,
202100045768,119 942,A01,2,30,0,2,1,1,1,
202100045768,119 943,B01,2,7,0,2,4,1,1,
202100045769,119 940,B01,0,7,0,0,3,1,1,
202100045769,119 941,A01,0,50,0,2,1,1,3,
202100045770,119 937,A01,1,7,0,1,2,9,1,
202100045771,119 935,B01,2,80,0,2,8,1,3,
202100045771,119 936,A01,1,7,0,2,3,15,1,
202100045772,119 933,A01,1,30,0,2,1,1,1,
202100045772,119 934,B01,1,7,0,2,1,15,1,
202100045773,119 931,A01,1,7,0,2,1,1,1,
202100045773,119 932,B01,1,1,0,2,1,1,5,
202100045774,119 930,A01,0,7,13,0,9,13,1,
202100045775,119 928,A01,1,7,0,2,1,26,1,
202100045775,119 929,B01,1,7,0,2,1,1,1,
202100045776,119 926,A01,0,10,0,2,1,1,1,
202100045776,119 927,B01,0,7,0,2,4,23,1,
202100045777,119 924,B01,0,0,0,2,1,0,0,
202100045777,119 925,A01,0,7,0,2,4,23,1,
202100045778,119 922,B01,3,7,0,2,4,2,1,
202100045778,119 923,A01,3,2,0,2,1,21,1,
202100045779,119 921,A01,0,7,0,1,3,1,1,
202100045780,119 919,A01,2,32,0,2,2,1,1,
202100045780,119 920,B01,2,7,0,2,1,1,1,
202100045781,119 917,A01,1,10,0,2,0,15,1,
202100045781,119 918,B01,0,32,0,2,0,21,1,
202100045782,119 915,A01,1,7,0,0,0,9,1,
202100045782,119 916,B01,1,33,0,0,0,1,1,
202100045783,119 914,A01,3,7,0,0,0,26,1,
202100045784,119 912,B01,2,33,0,2,8,1,1,
202100045784,119 913,A01,2,7,0,2,2,12,1,
202100045785,119 910,A01,1,7,0,2,2,1,1,
202100045785,119 911,B01,1,7,0,2,6,11,1,
202100045786,119 908,A01,3,7,0,2,1,1,1,
202100045786,119 909,B01,3,7,0,2,7,1,2,
202100045787,119 906,A01,1,7,0,2,3,22,1,
202100045787,119 907,B01,1,1,0,2,1,7,5,
202100045788,119 904,A01,3,43,0,2,2,1,1,
202100045788,119 905,B01,1,7,0,2,3,1,1,
202100045789,119 902,A01,1,7,0,2,3,1,1,
202100045789,119 903,B01,1,30,0,2,2,17,1,
202100045790,119 901,A01,3,1,0,0,0,1,5,
202100045791,119 900,A01,2,7,0,1,2,15,1,
202100045792,119 899,A01,3,1,0,1,1,1,5,
202100045793,119 897,A01,1,7,0,2,2,10,1,
202100045793,119 898,B01,1,32,0,2,1,1,1,
202100045794,119 895,B01,1,2,9,2,8,1,1,
202100045794,119 896,A01,1,7,0,2,7,12,1,
202100045795,119 893,B01,2,33,0,2,4,23,1,
202100045795,119 894,A01,2,7,0,2,1,16,1,
202100045796,119 892,A01,2,7,0,1,2,1,1,
202100045797,119 890,B01,1,50,0,2,7,16,3,
202100045797,119 891,A01,1,1,0,2,8,18,5,
202100045798,119 888,B01,2,1,0,2,4,23,5,
202100045798,119 889,A01,2,1,0,2,1,1,5,
202100045799,119 887,A01,1,1,0,0,0,21,5,
202100045800,119 886,A01,1,7,0,1,3,15,1,
202100045801,119 884,B01,1,7,0,2,4,23,1,
202100045801,119 885,A01,1,2,0,2,1,1,1,
202100045802,119 882,D01,2,60,0,2,1,13,5,
202100045802,119 883,A01,2,1,0,2,1,1,5,
202100045803,119 881,A01,3,34,14,0,2,1,1,
202100045804,119 880,A01,3,2,0,0,0,1,1,
202100045805,119 879,A01,3,3,0,1,2,1,0,
202100045806,119 877,A01,1,10,0,9,1,1,1,
202100045806,119 878,B01,1,1,0,2,0,0,0,
202100045807,119 876,A01,0,7,0,1,3,9,1,
202100045808,119 874,A01,3,7,0,2,0,2,1,
202100045808,119 875,B01,3,1,0,0,0,0,0,
202100045809,119 873,A01,3,7,12,1,1,2,2,
202100045810,119 871,B01,-1,33,0,2,1,0,1,
202100045810,119 872,A01,-1,7,0,2,6,15,1,
202100045811,119 869,B01,0,10,0,2,2,1,0,
202100045811,119 870,A01,0,32,0,2,1,1,0,
202100045812,119 867,A01,2,7,0,2,3,1,2,
202100045812,119 868,B01,3,33,0,1,3,1,1,
202100045813,119 865,A01,2,30,0,0,8,21,1,
202100045813,119 866,B01,-1,7,1,0,0,22,1,
202100045814,119 864,A01,1,7,0,1,3,15,1,
202100045815,119 862,B01,1,32,0,2,1,0,1,
202100045815,119 863,A01,1,7,0,2,8,15,1,
202100045816,119 860,B01,2,7,0,0,6,1,1,
202100045816,119 861,A01,2,14,0,0,1,9,1,
202100045817,119 858,A01,0,7,0,2,5,10,2,
202100045817,119 859,B01,0,33,0,2,1,2,1,
202100045818,119 856,A01,1,7,0,2,2,15,1,
202100045818,119 857,B01,2,34,0,2,1,1,1,
202100045819,119 854,B01,2,32,0,2,1,1,1,
202100045819,119 855,A01,2,7,0,2,5,16,1,
202100045820,119 853,Z01,1,7,0,1,2,15,0,
202100045821,119 851,B01,1,10,0,2,7,15,1,
202100045821,119 852,A01,2,30,0,2,1,1,1,
202100045822,119 849,B01,2,33,0,2,1,1,1,
202100045822,119 850,A01,2,7,0,2,3,15,2,
202100045823,119 847,B01,1,7,0,2,2,16,1,
202100045823,119 848,A01,1,32,0,2,1,18,1,
202100045824,119 845,A01,1,7,0,2,2,15,1,
202100045824,119 846,B01,2,80,0,2,7,1,3,
202100045825,119 843,A01,2,7,0,2,3,1,1,
202100045825,119 844,B01,1,21,0,2,6,1,1,
202100045826,119 840,B01,3,7,0,2,3,21,0,
202100045826,119 841,A01,3,7,0,2,3,23,0,
202100045827,119 838,B01,1,2,0,2,1,2,1,
202100045827,119 839,A01,1,7,0,0,6,23,1,
202100045828,119 836,B01,1,1,0,2,1,25,5,
202100045828,119 837,A01,2,10,0,2,2,16,1,
202100045829,119 834,B01,-1,1,0,2,8,2,5,
202100045829,119 835,A01,-1,7,0,2,2,2,1,
202100045830,119 832,A01,3,7,0,2,1,1,1,
202100045830,119 833,B01,3,1,0,2,1,5,5,
202100045831,119 830,B01,2,7,0,2,6,15,1,
202100045831,119 831,A01,2,10,0,2,1,17,1,
202100045832,119 828,A01,2,7,0,2,1,0,1,
202100045832,119 829,B01,2,15,0,0,4,0,1,
202100045833,119 827,A01,2,7,13,0,9,1,1,
202100045834,119 825,B01,2,7,0,2,3,15,1,
202100045834,119 826,A01,2,33,0,2,2,17,1,
202100045835,119 823,A01,1,33,2,2,2,17,1,
202100045835,119 824,B01,1,7,0,2,3,17,1,
202100045836,119 821,A01,2,13,0,2,1,1,1,
202100045836,119 822,B01,2,15,0,0,4,1,1,
202100045837,119 819,A01,2,10,0,2,2,15,0,
202100045837,119 820,B01,1,31,0,2,1,1,1,
202100045838,119 818,A01,1,36,0,0,0,0,1,
202100045839,119 817,A01,2,33,0,0,1,19,0,
202100045840,119 815,A01,2,7,0,2,2,10,1,
202100045840,119 816,B01,2,33,0,2,1,13,1,
202100045841,119 814,A01,2,33,0,5,1,1,1,
202100045842,119 813,A01,2,7,0,0,0,1,1,
202100045843,119 812,A01,2,7,16,0,1,1,1,
202100045844,119 810,A01,1,7,0,2,1,1,1,
202100045844,119 811,B01,3,2,0,2,3,1,1,
202100045845,119 808,A01,3,7,0,9,1,5,1,
202100045845,119 809,B01,3,1,0,2,1,1,5,
202100045846,119 806,B01,0,2,0,2,1,0,1,
202100045846,119 807,A01,3,7,0,2,3,19,1,
202100045847,119 804,B01,2,7,0,2,1,15,1,
202100045847,119 805,A01,3,10,13,2,3,1,1,
202100045848,119 802,A01,1,7,0,2,3,9,0,
202100045848,119 803,B01,2,80,0,2,7,15,3,
202100045849,119 801,A01,2,33,0,0,1,13,1,
202100045850,119 799,A01,0,2,0,2,3,9,1,
202100045850,119 800,B01,0,7,0,2,2,20,1,
202100045851,119 798,A01,2,10,6,0,3,13,1,
202100045852,119 796,B01,2,1,0,2,1,1,5,
202100045852,119 797,A01,2,7,0,2,2,19,1,
202100045853,119 794,A01,2,7,0,0,4,1,1,
202100045853,119 795,B01,2,7,0,2,1,1,1,
202100045854,119 791,A01,3,7,0,9,1,5,1,
202100045854,119 792,B01,3,50,0,2,1,1,3,
202100045855,119 789,A01,0,7,15,2,1,1,1,
202100045855,119 790,B01,0,7,0,0,7,23,1,
202100045856,119 786,B01,1,1,0,2,4,2,5,
202100045856,119 787,A01,1,7,0,9,3,2,1,
202100045857,119 785,A01,3,2,1,0,1,0,1,
202100045858,119 783,A01,1,7,0,2,8,9,1,
202100045858,119 784,B01,1,1,0,2,2,26,5,
202100045859,119 782,A01,1,7,2,0,1,1,1,
202100045860,119 780,B01,1,7,0,0,2,1,1,
202100045860,119 781,A01,1,35,0,0,8,19,0,
202100045861,119 778,A01,1,2,0,0,0,2,1,
202100045861,119 779,B01,1,7,0,0,0,0,1,
202100045862,119 776,B01,2,1,0,2,4,2,5,
202100045862,119 777,A01,2,7,0,2,5,2,1,
202100045863,119 774,B01,2,7,0,2,3,1,1,
202100045863,119 775,A01,1,7,0,2,3,17,1,
202100045864,119 772,B01,3,14,0,2,3,2,1,
202100045864,119 773,A01,3,31,0,2,0,21,1,
202100045865,119 771,A01,1,7,8,0,1,21,1,
202100045866,119 770,A01,2,33,0,0,0,1,1,
202100045867,119 769,A01,2,7,0,1,2,1,1,
202100045868,119 767,A01,1,7,0,2,7,9,1,
202100045868,119 768,B01,1,33,0,2,7,15,1,
202100045869,119 766,A01,0,37,0,1,2,1,1,1.0
202100045870,119 764,B01,3,80,0,2,7,17,3,
202100045870,119 765,A01,3,1,0,2,8,13,5,
202100045871,119 762,A01,2,33,17,2,1,14,1,
202100045871,119 763,B01,1,7,0,2,3,1,1,
202100045872,119 760,B01,1,30,0,2,3,1,1,
202100045872,119 761,A01,1,7,0,2,2,15,1,
202100045873,119 758,A01,0,10,0,2,3,13,1,
202100045873,119 759,B01,0,7,0,2,2,1,1,
202100045874,119 757,A01,1,7,8,0,1,0,1,
202100045875,119 756,A01,1,7,0,1,2,1,1,
202100045876,119 754,A01,3,7,0,0,7,15,1,
202100045876,119 755,B01,3,1,0,0,1,1,5,
202100045877,119 753,A01,1,7,13,0,1,13,1,
202100045878,119 751,A01,1,7,0,2,2,15,1,
202100045878,119 752,B01,2,2,0,2,1,1,1,
202100045879,119 750,A01,0,1,0,0,0,1,5,
202100045880,119 749,A01,2,7,0,0,1,1,1,
202100045881,119 746,A01,2,7,0,2,6,11,1,
202100045881,119 747,B01,2,10,0,2,2,1,1,
202100045881,119 748,C01,2,7,0,2,6,1,1,
202100045882,119 745,A01,1,31,4,0,8,2,1,
202100045883,119 743,B01,1,33,0,2,3,1,1,
202100045883,119 744,A01,1,7,0,2,5,9,1,
202100045884,119 740,A01,1,10,0,2,1,2,1,
202100045884,119 741,B01,1,7,0,2,4,2,1,
202100045884,119 742,C01,1,7,0,2,4,2,1,
202100045885,119 738,A01,2,7,0,2,1,21,1,
202100045885,119 739,B01,2,7,0,2,4,21,1,
202100045886,119 733,C01,1,33,0,2,7,17,1,
202100045886,119 734,B01,1,7,1,2,2,13,1,
202100045886,119 735,A01,1,7,0,2,6,23,1,
202100045887,119 732,A01,1,7,0,1,1,1,1,
202100045888,119 731,A01,1,7,0,1,8,19,6,
202100045889,119 730,A01,2,10,0,0,6,20,0,
202100045890,119 729,A01,1,7,0,1,2,1,6,
202100045891,119 728,A01,0,7,0,1,1,1,0,
202100045892,119 727,A01,3,7,0,1,1,1,1,
202100045893,119 726,A01,1,33,0,1,1,1,1,
202100045894,119 725,A01,2,34,0,1,1,1,1,
202100045895,119 723,B01,1,10,0,2,4,1,1,
202100045895,119 724,A01,1,10,0,2,1,1,1,
202100045896,119 721,A01,2,33,0,2,0,21,1,
202100045896,119 722,B01,2,10,0,0,0,14,1,
202100045897,119 719,B01,1,7,0,0,4,0,1,
202100045897,119 720,A01,1,7,0,2,1,1,0,
202100045898,119 716,A01,1,7,0,1,2,14,1,
202100045899,119 711,B01,1,7,0,2,1,1,1,
202100045899,119 712,A01,1,7,0,2,8,1,1,
202100045899,119 713,Z01,1,7,0,2,2,12,0,
202100045900,119 710,A01,1,1,0,1,1,25,5,
202100045901,119 708,T01,2,7,1,0,0,23,1,
202100045901,119 709,A01,2,43,0,1,1,1,1,
202100045902,119 706,A01,2,7,0,2,3,9,1,
202100045902,119 707,B01,2,30,0,2,1,2,1,
202100045903,119 704,A01,2,33,0,2,1,15,1,
202100045903,119 705,B01,2,7,0,2,3,0,0,
202100045904,119 703,A01,1,33,0,0,0,3,1,
202100045905,119 701,B01,3,7,0,2,4,23,0,
202100045905,119 702,A01,3,7,0,2,1,1,1,
202100045906,119 699,B01,1,37,0,2,5,23,1,1.0
202100045906,119 700,A01,1,99,0,2,3,2,1,
202100045907,119 697,B01,1,31,0,2,2,0,1,
202100045907,119 698,A01,1,7,1,0,1,15,1,
202100045908,119 695,A01,1,20,0,2,2,19,1,
202100045908,119 696,B01,2,10,0,2,1,1,1,
202100045909,119 694,A01,1,32,0,9,0,15,1,
202100045910,119 692,A01,0,7,0,2,1,14,1,
202100045910,119 693,B01,0,10,0,0,1,0,0,
202100045911,119 690,A01,2,7,0,2,1,2,1,
202100045911,119 691,B01,2,99,0,2,4,23,1,
202100045912,119 688,B01,2,7,0,2,1,1,1,
202100045912,119 689,A01,1,7,0,2,7,15,1,
202100045913,119 687,A01,2,30,14,0,0,0,1,
202100045914,119 686,A01,2,33,0,1,2,1,1,
202100045915,119 684,B01,2,30,0,2,4,23,1,
202100045915,119 685,A01,1,7,0,2,1,26,1,
202100045916,119 683,A01,3,7,0,1,3,1,2,
202100045917,119 682,A01,1,7,0,1,3,1,1,
202100045918,119 680,B01,3,7,0,2,2,1,1,
202100045918,119 681,A01,0,7,0,2,3,16,1,
202100045919,119 679,A01,3,7,0,1,2,1,1,
202100045920,119 677,A01,0,2,0,2,2,18,1,
202100045920,119 678,B01,0,7,0,0,2,1,1,
202100045921,119 675,B01,0,7,0,2,8,1,1,
202100045921,119 676,A01,0,2,0,2,7,17,1,
202100045922,119 673,B01,0,7,0,2,3,16,1,
202100045922,119 674,A01,0,7,0,2,3,15,1,
202100045923,119 671,B01,3,33,0,2,3,1,1,
202100045923,119 672,A01,3,7,0,2,6,15,1,
202100045924,119 669,B01,2,1,0,2,0,0,5,
202100045924,119 670,A01,2,34,0,2,0,0,1,
202100045925,119 665,B01,1,7,0,2,3,1,1,
202100045925,119 666,A01,1,10,0,2,7,1,1,
202100045926,119 663,A01,3,7,0,2,3,9,2,
202100045926,119 664,B01,2,1,0,2,7,1,5,
202100045927,119 661,B01,2,1,0,2,1,1,5,
202100045927,119 662,A01,1,7,0,2,1,9,1,
202100045928,119 659,B01,2,1,0,0,0,0,5,
202100045928,119 660,A01,2,7,0,2,0,0,1,
202100045929,119 657,Z01,1,7,0,2,0,0,0,
202100045929,119 658,B01,1,33,0,2,1,0,1,
202100045930,119 655,A01,1,1,0,2,1,19,5,
202100045930,119 656,B01,2,7,0,2,3,1,2,
202100045931,119 653,B01,1,7,0,2,1,1,1,
202100045931,119 654,A01,2,10,0,2,8,15,1,
202100045932,119 650,A01,1,7,0,2,1,26,1,
202100045932,119 651,B01,1,34,0,2,4,1,1,
202100045932,119 652,C01,1,7,0,2,4,26,1,
202100045933,119 648,A01,1,7,0,2,5,15,1,
202100045933,119 649,B01,2,33,0,2,1,1,1,
202100045934,119 647,A01,1,7,0,1,1,1,1,
202100045935,119 646,A01,3,7,15,0,1,16,0,
202100045936,119 643,C01,3,7,0,2,3,0,1,
202100045936,119 644,B01,3,33,0,2,8,9,1,
202100045936,119 645,A01,3,7,0,2,3,9,1,
202100045937,119 641,A01,3,10,0,9,8,1,1,
202100045937,119 642,B01,3,30,0,2,8,1,3,
202100045938,119 640,A01,1,7,15,1,1,26,1,
202100045939,119 638,B01,3,7,0,2,7,1,1,
202100045939,119 639,A01,3,7,0,2,1,1,1,
202100045940,119 636,B01,1,2,0,2,3,1,1,
202100045940,119 637,A01,2,7,0,2,2,1,1,
202100045941,119 635,A01,2,7,0,1,2,1,1,
202100045942,119 633,B01,1,1,0,2,1,1,5,
202100045942,119 634,A01,1,7,0,2,2,16,1,
202100045943,119 632,A01,2,7,15,0,1,14,1,
202100045944,119 630,B01,1,1,0,2,7,19,5,
202100045944,119 631,A01,1,7,0,2,1,16,1,
202100045945,119 629,A01,2,30,0,0,0,1,3,
202100045946,119 627,B01,2,1,0,2,1,1,5,
202100045946,119 628,A01,2,7,0,2,5,16,1,
202100045947,119 625,A01,1,7,0,2,1,15,1,
202100045947,119 626,B01,2,33,0,2,1,1,1,
202100045948,119 622,B01,3,7,0,2,7,16,1,
202100045948,119 623,D01,0,7,0,0,0,0,1,
202100045948,119 624,Z01,2,7,1,2,1,18,1,
202100045949,119 620,B01,1,7,0,2,3,1,1,
202100045949,119 621,A01,0,10,0,2,1,19,1,
202100045950,119 618,A01,2,7,0,2,1,2,1,
202100045950,119 619,B01,2,7,0,2,4,1,1,
202100045951,119 616,A01,2,14,0,2,5,12,1,
202100045951,119 617,B01,2,7,0,2,3,1,1,
202100045952,119 615,A01,1,7,3,0,2,14,1,
202100045953,119 614,A01,1,7,0,5,0,21,1,
202100045954,119 612,A01,3,7,0,9,0,1,1,
202100045954,119 613,B01,0,1,0,2,0,15,5,
202100045955,119 611,A01,3,31,0,1,2,21,1,
202100045956,119 609,B01,0,32,0,2,8,1,1,
202100045956,119 610,A01,0,7,0,2,8,15,1,
202100045957,119 605,A01,1,7,0,1,0,0,1,
202100045958,119 603,A01,3,32,0,2,1,1,1,
202100045958,119 604,B01,0,7,0,2,3,16,1,
202100045959,119 601,B01,2,7,0,2,8,1,1,
202100045959,119 602,A01,1,7,0,2,1,13,1,
202100045960,119 600,Z01,1,7,0,1,1,1,1,
202100045961,119 598,A01,3,7,0,2,2,9,1,
202100045961,119 599,B01,1,33,1,2,3,1,1,
202100045962,119 596,A01,2,7,0,2,4,15,1,
202100045962,119 597,B01,2,33,0,2,1,2,1,
202100045963,119 594,B01,1,2,0,2,1,1,1,
202100045963,119 595,A01,2,7,0,2,2,15,1,
202100045964,119 592,B01,2,7,0,2,5,16,1,
202100045964,119 593,A01,2,30,0,2,1,1,1,
202100045965,119 591,A01,1,10,0,1,1,1,1,
202100045966,119 589,A01,3,7,0,2,1,2,1,
202100045966,119 590,B01,3,7,0,2,5,2,1,
202100045967,119 587,B01,2,7,0,2,6,9,1,
202100045967,119 588,A01,2,33,0,2,1,17,1,
202100045968,119 585,B01,1,7,0,2,3,11,1,
202100045968,119 586,A01,1,33,0,2,2,3,1,
202100045969,119 584,A01,2,14,0,1,1,1,1,
202100045970,119 582,B01,1,1,0,2,7,16,5,
202100045970,119 583,A01,1,33,0,2,1,7,1,
202100045971,119 581,A01,1,7,0,1,4,1,1,
202100045972,119 579,A01,3,32,0,2,1,15,1,
202100045972,119 580,Z01,3,33,0,2,1,1,1,
202100045973,119 577,A01,1,2,0,2,1,17,1,
202100045973,119 578,B01,1,7,0,2,3,9,1,
202100045974,119 575,A01,1,34,0,2,6,18,1,
202100045974,119 576,Z01,3,10,0,2,7,16,0,
202100045975,119 574,A01,2,7,6,0,1,15,1,
202100045976,119 572,Z01,2,7,0,2,2,17,1,
202100045976,119 573,A01,2,50,0,2,6,1,3,
202100045977,119 570,B01,1,33,0,2,1,1,1,
202100045977,119 571,A01,1,7,0,2,8,10,2,
202100045978,119 568,A01,1,1,0,2,3,15,5,
202100045978,119 569,B01,1,7,0,2,2,1,1,
202100045979,119 566,B01,2,1,0,2,3,15,5,
202100045979,119 567,A01,2,37,0,2,2,13,2,1.0
202100045980,119 564,B01,2,7,0,2,4,23,1,
202100045980,119 565,A01,1,33,0,2,1,1,1,
202100045981,119 562,B01,2,1,0,2,7,1,5,
202100045981,119 563,A01,2,1,0,2,8,18,5,
202100045982,119 561,A01,1,10,0,1,1,15,1,
202100045983,119 560,A01,3,1,12,0,0,14,5,
202100045984,119 559,A01,1,7,0,1,8,1,1,
202100045985,119 558,A01,2,1,0,0,0,1,5,
202100045986,119 557,A01,1,2,0,1,1,1,1,
202100045987,119 556,A01,1,50,0,0,0,1,3,
202100045988,119 555,A01,1,7,0,1,3,1,1,
202100045989,119 553,B01,2,7,0,2,3,9,1,
202100045989,119 554,A01,1,30,0,2,1,21,1,
202100045990,119 551,A01,0,7,0,2,3,26,0,
202100045990,119 552,B01,1,43,0,2,1,1,1,
202100045991,119 549,A01,0,10,0,2,1,0,0,
202100045991,119 550,B01,1,7,0,2,1,0,0,
202100045992,119 547,B01,3,33,0,2,8,2,1,
202100045992,119 548,A01,3,7,0,2,3,0,1,
202100045993,119 545,A01,1,7,1,2,2,9,1,
202100045993,119 546,B01,1,33,1,2,3,2,1,
202100045994,119 543,A01,1,10,0,2,1,19,1,
202100045994,119 544,B01,1,1,0,2,1,19,5,
202100045995,119 541,B01,2,7,0,2,7,15,1,
202100045995,119 542,A01,1,33,0,2,1,1,1,
202100045996,119 539,B01,1,33,0,2,3,1,1,
202100045996,119 540,A01,2,7,0,0,2,10,1,
202100045997,119 537,B01,1,1,1,0,1,1,5,
202100045997,119 538,A01,1,7,0,2,8,24,1,
202100045998,119 535,B01,1,7,0,2,1,15,1,
202100045998,119 536,A01,2,32,0,2,1,1,1,
202100045999,119 534,A01,1,7,0,1,2,1,1,
202100046000,119 530,D01,2,7,1,0,4,24,2,
202100046000,119 531,A01,2,33,0,2,1,1,1,
202100046000,119 532,C01,2,7,1,0,8,24,1,
202100046000,119 533,B01,2,7,1,2,3,16,1,
202100046001,119 528,B01,2,2,0,2,1,23,1,
202100046001,119 529,A01,2,2,0,2,4,1,3,
202100046002,119 526,B01,1,32,0,2,2,1,1,
202100046002,119 527,A01,2,50,0,2,1,25,3,
202100046003,119 525,A01,2,7,2,0,8,26,1,
202100046004,119 524,A01,1,7,1,0,1,1,1,
202100046005,119 522,A01,2,10,3,0,2,11,1,
202100046006,119 521,A01,1,7,0,1,3,1,0,
202100046007,119 519,B01,1,7,0,0,4,1,1,
202100046007,119 520,A01,2,33,0,2,1,2,1,
202100046008,119 518,A01,3,7,0,1,1,1,1,
202100046009,119 517,A01,0,1,14,0,0,1,5,
202100046010,119 515,B01,2,2,0,2,1,1,1,
202100046010,119 516,A01,0,7,0,2,3,14,1,
202100046011,119 513,A01,2,10,3,2,1,0,1,
202100046011,119 514,B01,2,15,0,2,7,1,1,
202100046012,119 511,B01,1,7,0,6,4,1,1,
202100046012,119 512,A01,1,37,0,2,1,1,1,1.0
202100046013,119 509,B01,2,10,0,2,1,1,1,
202100046013,119 510,A01,1,7,0,2,1,13,1,
202100046014,119 508,A01,1,7,8,0,1,1,1,
202100046015,119 506,B01,1,7,0,0,2,1,1,
202100046015,119 507,A01,2,7,0,0,3,15,1,
202100046016,119 505,A01,1,33,0,0,9,1,1,
202100046017,119 503,B01,2,1,0,2,8,1,5,
202100046017,119 504,A01,1,7,0,9,1,15,1,
202100046018,119 501,B01,2,1,0,2,8,13,5,
202100046018,119 502,A01,2,7,0,9,7,17,1,
202100046019,119 499,A01,2,7,0,2,3,9,1,
202100046019,119 500,B01,0,33,0,0,7,1,1,
202100046020,119 498,A01,2,33,0,0,0,1,1,
202100046021,119 497,A01,3,7,0,1,0,19,1,
202100046022,119 496,A01,2,7,2,0,8,1,1,
202100046023,119 494,A01,1,2,0,2,1,2,1,
202100046023,119 495,B01,1,7,0,0,4,2,1,
202100046024,119 492,A01,2,10,0,2,3,1,1,
202100046024,119 493,B01,1,31,0,2,1,13,1,
202100046025,119 490,A01,1,7,9,0,1,9,1,
202100046025,119 491,B01,0,7,0,0,3,1,2,
202100046026,119 488,B01,2,33,0,0,4,23,1,
202100046026,119 489,A01,2,33,0,2,1,2,1,
202100046027,119 486,B01,2,2,0,2,3,1,1,
202100046027,119 487,A01,1,7,0,2,3,15,1,
202100046028,119 484,B01,2,2,0,2,1,1,1,
202100046028,119 485,A01,1,7,0,2,6,26,1,
202100046029,119 483,A01,3,43,0,1,0,1,1,
202100046030,119 481,A01,1,7,0,0,0,9,0,