Num_Acc,id_vehicule,num_veh,senc,catv,obs,obsm,choc,manv,motor,occutc
202100046030,119 482,B01,1,33,0,0,8,1,1,
202100046031,119 478,B01,2,10,0,2,2,2,4,
202100046031,119 479,A01,2,17,0,0,6,2,1,
202100046032,119 476,B01,3,33,0,2,2,1,1,
202100046032,119 477,A01,3,7,0,2,3,16,1,
202100046033,119 474,A01,1,7,0,2,3,15,1,
202100046033,119 475,B01,2,2,0,2,1,1,0,
202100046034,119 473,A01,2,7,6,0,1,16,1,
202100046035,119 471,A01,1,1,0,0,2,1,5,
202100046035,119 472,B01,1,1,0,0,4,1,5,
202100046036,119 470,A01,0,10,0,1,3,26,1,
202100046037,119 468,A01,1,32,0,2,1,17,1,
202100046037,119 469,B01,1,7,0,0,6,13,1,
202100046038,119 466,B01,1,10,0,2,2,21,1,
202100046038,119 467,A01,1,1,0,2,8,19,5,
202100046039,119 465,A01,2,7,8,0,8,19,1,
202100046040,119 463,A01,1,7,0,2,2,15,1,
202100046040,119 464,B01,2,2,0,2,3,1,1,
202100046041,119 461,B01,1,7,0,0,4,23,1,
202100046041,119 462,A01,1,7,0,2,1,2,2,
202100046042,119 459,A01,2,7,0,2,3,15,1,
202100046042,119 460,B01,2,31,0,2,1,17,1,
202100046043,119 457,B01,0,7,0,9,6,4,1,
202100046043,119 458,A01,0,1,0,0,1,2,5,
202100046044,119 453,E01,1,7,0,0,6,1,1,
202100046044,119 454,D01,1,7,4,0,5,1,1,
202100046044,119 455,A01,1,7,3,2,7,1,1,
202100046044,119 456,B01,1,7,0,0,8,1,1,
202100046045,119 451,A01,2,7,0,2,3,1,1,
202100046045,119 452,B01,1,7,0,2,1,15,1,
202100046046,119 448,A01,0,1,0,0,0,0,5,
202100046047,119 447,A01,1,32,0,0,0,2,1,
202100046048,119 445,B01,1,33,0,2,3,1,1,
202100046048,119 446,A01,1,7,0,2,7,12,1,
202100046049,119 444,A01,1,7,0,0,1,1,1,
202100046050,119 441,C01,1,17,0,2,6,1,1,
202100046050,119 442,A01,1,10,0,2,1,1,1,
202100046050,119 443,B01,1,7,0,2,4,23,1,
202100046051,119 440,A01,1,7,11,0,1,13,1,
202100046052,119 438,Z01,1,7,0,2,0,0,0,
202100046052,119 439,A01,1,2,0,2,4,2,1,
202100046053,119 435,C01,2,17,0,2,6,23,1,
202100046053,119 436,B01,2,10,0,2,6,23,1,
202100046053,119 437,A01,2,7,0,2,2,2,1,
202100046054,119 433,A01,2,7,0,2,2,12,1,
202100046054,119 434,B01,2,7,0,2,6,1,1,
202100046055,119 431,A01,1,7,0,2,7,14,1,
202100046055,119 432,B01,1,31,0,2,1,18,1,
202100046056,119 427,A01,2,10,0,2,1,2,1,
202100046056,119 428,D01,2,7,0,2,4,2,1,
202100046056,119 429,C01,2,7,0,2,4,2,1,
202100046056,119 430,B01,2,10,0,2,4,2,1,
202100046057,119 424,B01,1,7,0,2,5,23,1,
202100046057,119 425,C01,1,7,0,2,1,1,1,
202100046057,119 426,A01,1,33,0,2,1,3,1,
202100046058,119 421,A01,1,10,0,1,1,1,1,
202100046059,119 420,A01,2,7,0,1,2,15,1,
202100046060,119 419,A01,1,31,0,1,8,1,1,
202100046061,119 417,A01,2,43,0,0,6,9,1,
202100046061,119 418,B01,2,15,0,2,3,15,1,
202100046062,119 415,A01,2,33,0,2,1,1,1,
202100046062,119 416,B01,2,7,0,2,3,15,1,
202100046063,119 413,A01,3,7,0,2,7,19,1,
202100046063,119 414,B01,3,7,0,2,2,1,1,
202100046064,119 411,A01,3,33,0,2,3,9,1,
202100046064,119 412,B01,3,7,0,2,5,12,1,
202100046065,119 409,B01,2,32,0,2,5,1,1,
202100046065,119 410,A01,1,7,0,2,5,0,1,
202100046066,119 408,A01,3,7,1,0,1,1,2,
202100046067,119 407,A01,1,7,1,1,1,1,1,
202100046068,119 405,Z01,2,7,0,0,3,13,1,
202100046068,119 406,B01,1,7,0,2,6,1,1,
202100046069,119 403,B01,1,7,0,2,1,1,1,
202100046069,119 404,A01,1,33,0,2,4,2,1,
202100046070,119 401,A01,0,33,0,2,8,17,1,
202100046070,119 402,Z01,3,10,0,2,7,17,1,
202100046071,119 399,A01,2,7,0,1,3,26,1,
202100046072,119 398,A01,2,3,6,0,1,13,1,
202100046073,119 396,B01,2,34,0,2,1,17,1,
202100046073,119 397,A01,2,7,0,2,8,15,1,
202100046074,119 395,A01,1,7,0,1,1,1,1,
202100046075,119 393,A01,1,30,0,2,7,2,1,
202100046075,119 394,B01,1,7,0,2,3,15,1,
202100046076,119 391,A01,1,7,0,2,2,15,1,
202100046076,119 392,B01,2,7,0,2,1,1,1,
202100046077,119 389,B01,1,1,0,2,7,0,5,
202100046077,119 390,A01,1,7,0,2,1,9,1,
202100046078,119 387,B01,1,7,0,2,4,2,1,
202100046078,119 388,A01,1,7,0,2,1,2,1,
202100046079,119 386,A01,2,30,14,0,8,26,1,
202100046080,119 385,A01,1,7,0,1,1,1,1,
202100046081,119 384,A01,1,10,8,0,2,26,1,
202100046082,119 382,B01,1,7,0,2,2,1,1,
202100046082,119 383,A01,1,7,0,2,1,9,1,
202100046083,119 380,A01,2,7,0,2,7,17,1,
202100046083,119 381,B01,2,7,0,2,8,15,1,
202100046084,119 379,A01,1,7,0,1,2,21,1,
202100046085,119 377,B01,3,7,0,2,3,1,1,
202100046085,119 378,A01,3,30,0,2,2,1,1,
202100046086,119 376,A01,1,7,0,1,1,1,1,
202100046087,119 375,A01,1,31,13,0,1,1,1,
202100046088,119 373,A01,1,7,1,2,2,15,1,
202100046088,119 374,C01,2,1,0,2,1,1,5,
202100046089,119 372,A01,2,2,1,0,1,14,3,
202100046090,119 370,B01,2,7,0,2,8,16,1,
202100046090,119 371,A01,2,2,0,2,1,1,1,
202100046091,119 368,A01,1,7,0,2,3,15,1,
202100046091,119 369,B01,2,31,0,2,1,1,1,
202100046092,119 366,B01,0,1,0,2,3,1,5,
202100046092,119 367,A01,0,10,0,2,3,16,1,
202100046093,119 365,A01,2,7,8,0,2,1,3,
202100046094,119 364,A01,1,7,1,0,2,16,1,
202100046095,119 362,B01,2,7,0,2,8,1,1,
202100046095,119 363,A01,2,1,0,2,1,1,5,
202100046096,119 361,A01,0,7,6,0,2,1,1,
202100046097,119 360,A01,2,7,13,0,1,14,1,
202100046098,119 358,B01,1,33,0,2,1,26,1,
202100046098,119 359,A01,2,7,0,9,8,9,1,
202100046099,119 357,A01,2,33,12,0,1,13,1,
202100046100,119 356,A01,3,7,2,0,1,26,1,
202100046101,119 353,C01,3,7,0,2,4,1,2,
202100046101,119 354,A01,3,7,0,2,1,1,1,
202100046101,119 355,B01,3,7,0,2,9,1,1,
202100046102,119 352,A01,3,1,0,9,0,1,5,
202100046103,119 351,A01,2,7,13,0,1,16,1,
202100046104,119 349,B01,3,7,0,2,8,23,1,
202100046104,119 350,A01,3,7,0,2,1,21,1,
202100046105,119 348,B01,1,7,0,1,5,1,1,
202100046106,119 346,B01,1,33,0,2,1,1,1,
202100046106,119 347,A01,2,7,0,2,2,15,1,
202100046107,119 344,B01,2,1,0,2,1,1,5,
202100046107,119 345,A01,1,7,0,2,5,15,1,
202100046108,119 343,A01,2,7,0,1,3,1,1,
202100046109,119 342,Z01,3,99,0,1,1,26,0,
202100046110,119 340,A01,3,7,0,2,3,16,1,
202100046110,119 341,B01,3,33,0,2,2,1,1,
202100046111,119 339,A01,3,7,0,1,4,4,1,
202100046112,119 337,A01,2,7,0,2,7,15,1,
202100046112,119 338,B01,1,34,0,2,1,1,1,
202100046113,119 336,A01,3,7,2,0,1,1,1,
202100046114,119 334,A01,3,7,0,2,1,15,1,
202100046114,119 335,B01,3,7,0,2,3,1,1,
202100046115,119 332,A01,3,7,0,2,1,1,1,
202100046115,119 333,B01,0,7,0,2,7,9,1,
202100046116,119 331,A01,2,7,0,1,2,15,1,
202100046117,119 330,A01,1,7,15,0,1,14,1,
202100046118,119 329,A01,1,7,0,1,2,1,0,
202100046119,119 327,B01,3,33,0,2,1,1,1,
202100046119,119 328,A01,3,7,0,2,3,5,0,
202100046120,119 325,B01,2,7,0,0,5,2,1,
202100046120,119 326,A01,2,7,1,2,1,2,1,
202100046121,119 323,A01,1,7,0,2,1,16,1,
202100046121,119 324,B01,1,2,0,2,1,1,1,
202100046122,119 321,B01,0,34,0,2,1,1,1,
202100046122,119 322,A01,3,7,0,2,7,15,1,
202100046123,119 319,A01,2,32,0,2,1,13,1,
202100046123,119 320,B01,1,7,0,0,3,0,1,
202100046124,119 318,A01,2,34,0,1,1,1,1,
202100046125,119 316,A01,1,7,0,2,1,0,0,
202100046125,119 317,B01,1,7,0,2,4,1,0,
202100046126,119 315,A01,3,7,1,0,1,13,1,
202100046127,119 312,B01,1,30,0,2,4,1,1,
202100046127,119 313,C01,1,7,0,2,4,0,1,
202100046127,119 314,Z01,1,7,0,2,1,2,0,
202100046128,119 310,A01,2,7,0,2,3,9,2,
202100046128,119 311,B01,3,1,0,2,5,15,0,
202100046129,119 308,A01,1,7,0,2,1,1,1,
202100046129,119 309,B01,1,1,0,2,4,19,6,
202100046130,119 306,A01,1,7,0,2,7,15,1,
202100046130,119 307,B01,2,33,0,2,1,1,1,
202100046131,119 305,A01,1,3,9,0,1,14,1,
202100046132,119 302,A01,3,7,0,2,2,15,1,
202100046132,119 303,C01,3,7,0,2,6,26,0,
202100046132,119 304,B01,3,7,0,2,3,1,1,
202100046133,119 300,B01,3,7,0,2,6,1,1,
202100046133,119 301,A01,3,7,0,2,8,13,1,
202100046134,119 298,A01,1,33,0,2,7,1,1,
202100046134,119 299,B01,1,7,0,2,6,11,1,
202100046135,119 296,B01,1,7,0,2,4,23,1,
202100046135,119 297,A01,1,7,0,2,1,2,1,
202100046136,119 294,B01,3,1,0,2,7,9,5,
202100046136,119 295,A01,2,1,0,2,1,1,5,
202100046137,119 292,A01,1,33,1,2,2,17,1,
202100046137,119 293,B01,1,7,0,2,3,13,1,
202100046138,119 290,A01,2,7,0,2,2,1,1,
202100046138,119 291,B01,2,1,0,2,1,19,5,
202100046139,119 288,B01,1,7,0,2,4,2,1,
202100046139,119 289,A01,1,7,0,2,1,2,1,
202100046140,119 286,A01,3,34,0,2,1,2,1,
202100046140,119 287,B01,3,43,0,2,4,2,1,
202100046141,119 285,A01,1,7,1,0,1,13,1,
202100046142,119 283,Z01,1,7,0,2,8,22,1,
202100046142,119 284,A01,1,1,0,2,1,1,5,
202100046143,119 281,B01,1,7,0,2,1,1,1,
202100046143,119 282,A01,3,1,0,2,8,19,5,
202100046144,119 279,A01,1,10,0,2,2,5,1,
202100046144,119 280,B01,3,1,0,2,8,26,5,
202100046145,119 278,A01,2,7,0,1,7,1,1,
202100046146,119 276,B01,1,7,0,2,7,1,1,
202100046146,119 277,A01,2,10,0,2,3,1,1,
202100046147,119 274,A01,1,10,0,2,2,9,1,
202100046147,119 275,B01,1,2,0,2,8,1,1,
202100046148,119 273,A01,1,36,0,0,0,26,0,
202100046149,119 272,Z01,3,7,0,1,0,26,0,
202100046150,119 271,A01,1,10,1,0,1,17,1,
202100046151,119 269,A01,2,7,0,2,1,1,1,
202100046151,119 270,B01,1,7,0,2,1,20,1,
202100046152,119 268,A01,0,7,0,1,0,0,-1,
202100046153,119 266,B01,1,34,0,2,7,1,1,
202100046153,119 267,A01,1,30,0,2,1,10,1,
202100046154,119 265,A01,3,32,0,0,0,26,1,
202100046155,119 264,A01,1,7,1,0,2,16,2,
202100046156,119 263,A01,1,30,0,0,0,0,1,
202100046157,119 261,A01,2,30,0,2,1,5,1,
202100046157,119 262,B01,1,7,0,2,3,19,1,
202100046158,119 260,A01,2,1,0,0,0,5,6,
202100046159,119 258,Y01,2,60,0,2,8,19,5,
202100046159,119 259,A01,2,33,0,1,1,1,1,
202100046160,119 257,A01,0,7,0,1,2,1,1,
202100046161,119 254,B01,1,10,0,2,3,1,1,
202100046161,119 255,A01,1,1,0,2,8,19,5,
202100046162,119 253,A01,2,7,8,0,1,5,1,
202100046163,119 251,A01,1,31,0,2,3,11,0,
202100046163,119 252,B01,1,7,0,2,5,1,1,
202100046164,119 249,A01,1,33,0,2,1,17,1,
202100046164,119 250,B01,2,7,0,2,3,1,1,
202100046165,119 248,A01,1,7,13,0,2,14,1,
202100046166,119 246,A01,1,7,0,0,5,23,1,
202100046166,119 247,B01,1,7,0,2,3,1,1,
202100046167,119 244,A01,3,2,13,0,1,1,1,
202100046168,119 243,A01,1,7,0,1,2,1,1,
202100046169,119 241,B01,2,7,0,2,1,1,1,
202100046169,119 242,A01,2,7,0,0,4,1,1,
202100046170,119 239,A01,3,7,0,2,2,15,1,
202100046170,119 240,B01,3,7,0,2,1,1,1,
202100046171,119 237,B01,2,7,0,0,8,15,1,
202100046171,119 238,A01,2,33,0,2,1,17,1,
202100046172,119 235,A01,2,2,0,2,1,17,1,
202100046172,119 236,B01,2,7,0,2,6,15,1,
202100046173,119 234,A01,3,7,6,0,7,1,1,
202100046174,119 232,A01,2,7,0,0,4,23,1,
202100046174,119 233,B01,2,2,0,2,1,1,1,
202100046175,119 231,A01,2,7,2,0,8,1,1,
202100046176,119 230,A01,1,7,13,0,2,0,1,
202100046177,119 228,A01,1,7,0,2,3,19,1,
202100046177,119 229,B01,2,10,6,2,8,1,1,
202100046178,119 227,A01,1,7,0,1,3,1,1,
202100046179,119 225,B01,2,15,0,2,3,1,1,
202100046179,119 226,A01,1,7,0,2,3,13,6,
202100046180,119 223,A01,3,14,0,2,0,17,1,
202100046180,119 224,B01,3,1,0,2,0,2,5,
202100046181,119 221,B01,2,2,0,2,1,1,1,
202100046181,119 222,A01,1,7,0,2,3,15,1,
202100046182,119 220,A01,3,7,0,1,7,1,1,
202100046183,119 219,A01,2,33,0,6,1,1,1,
202100046184,119 218,A01,1,7,1,0,1,12,1,
202100046185,119 217,A01,0,2,0,0,0,0,1,
202100046186,119 216,A01,1,33,0,0,0,0,1,
202100046187,119 214,A01,2,7,0,2,3,21,1,
202100046187,119 215,B01,1,7,0,2,3,17,1,
202100046188,119 213,A01,1,7,2,0,2,13,1,
202100046189,119 209,A01,0,7,0,1,3,2,1,
202100046190,119 207,B01,2,15,0,0,4,1,1,
202100046190,119 208,A01,2,14,0,2,1,2,1,
202100046191,119 205,B01,2,7,0,0,1,19,1,
202100046191,119 206,A01,1,1,0,0,7,1,5,
202100046192,119 202,A01,0,99,0,0,0,1,6,
202100046193,119 201,A01,2,31,11,0,2,1,1,
202100046194,119 199,B01,1,10,15,0,5,15,1,
202100046194,119 200,A01,2,7,0,0,2,1,1,
202100046195,119 197,B01,3,33,0,2,1,17,1,
202100046195,119 198,A01,3,2,0,0,4,15,1,
202100046196,119 194,A01,0,10,0,2,2,11,1,
202100046196,119 195,B01,0,33,0,2,1,1,1,
202100046197,119 193,A01,3,7,0,0,3,0,1,
202100046198,119 192,A01,2,36,8,0,2,26,1,
202100046199,119 190,B01,3,1,0,0,0,14,5,
202100046199,119 191,A01,3,7,0,0,0,21,1,
202100046200,119 188,B01,2,7,0,2,1,2,1,
202100046200,119 189,A01,2,7,0,2,4,2,1,
202100046201,119 184,B01,2,10,3,2,6,0,1,
202100046201,119 185,A01,2,7,0,2,1,2,1,
202100046202,119 182,A01,2,7,0,2,3,13,1,
202100046202,119 183,B01,2,10,0,2,5,1,1,
202100046203,119 180,B01,2,7,0,2,2,21,1,
202100046203,119 181,A01,1,7,0,2,1,13,1,
202100046204,119 178,B01,1,15,0,2,6,2,1,
202100046204,119 179,A01,1,7,0,2,1,2,1,
202100046205,119 177,A01,2,33,0,0,0,15,1,
202100046206,119 175,B01,1,7,0,2,1,1,1,
202100046206,119 176,A01,1,7,3,2,3,19,1,
202100046207,119 174,A01,2,7,0,2,1,26,1,
202100046208,119 171,B01,2,7,0,2,8,17,1,
202100046208,119 172,A01,2,7,0,2,8,17,1,
202100046209,119 169,A01,1,7,0,2,2,14,1,
202100046209,119 170,B01,1,7,0,2,3,16,1,
202100046210,119 167,A01,1,7,0,2,1,13,1,
202100046210,119 168,B01,1,7,0,2,3,1,1,
202100046211,119 165,B01,2,7,14,0,6,1,1,
202100046211,119 166,A01,2,32,14,0,1,11,1,
202100046212,119 163,B01,2,7,0,2,1,15,1,
202100046212,119 164,A01,1,7,0,2,2,1,1,
202100046213,119 162,A01,1,7,6,0,2,1,1,
202100046214,119 160,A01,1,13,0,2,1,2,1,
202100046214,119 161,B01,1,7,0,9,4,2,1,
202100046215,119 158,A01,0,7,0,2,7,9,1,
202100046215,119 159,B01,1,31,0,2,6,1,1,
202100046216,119 157,A01,2,30,0,1,1,1,1,
202100046217,119 155,A01,1,99,0,2,4,9,2,
202100046217,119 156,B01,1,10,0,9,0,2,1,
202100046218,119 154,A01,2,7,0,1,1,9,1,
202100046219,119 153,A01,2,33,1,0,3,13,1,
202100046220,119 152,A01,0,7,0,1,3,9,1,
202100046221,119 151,A01,1,99,0,0,0,16,0,
202100046222,119 149,B01,3,7,0,2,1,2,1,
202100046222,119 150,A01,3,34,0,2,8,2,1,
202100046223,119 147,A01,2,7,0,2,1,15,1,
202100046223,119 148,B01,1,33,0,2,1,1,1,
202100046224,119 146,A01,3,7,0,1,2,1,1,
202100046225,119 145,A01,0,7,0,1,4,20,1,
202100046226,119 143,B01,3,7,0,2,3,26,1,
202100046226,119 144,A01,3,7,0,2,1,26,1,
202100046227,119 141,B01,0,7,0,2,4,9,1,
202100046227,119 142,A01,3,7,0,2,1,1,1,
202100046228,119 140,A01,1,7,12,0,3,13,1,
202100046229,119 139,A01,3,33,0,0,7,17,1,
202100046230,119 137,Z01,0,7,0,2,4,15,0,
202100046230,119 138,B01,0,2,0,2,1,18,0,
202100046231,119 135,B01,2,7,0,2,3,23,1,
202100046231,119 136,A01,1,30,0,2,1,5,1,
202100046232,119 133,Z01,2,7,0,2,1,14,1,
202100046232,119 134,A01,2,34,0,2,4,13,1,
202100046233,119 131,B01,1,32,0,2,1,1,1,
202100046233,119 132,A01,0,7,0,2,5,15,1,
202100046234,119 129,B01,1,33,0,2,1,2,1,
202100046234,119 130,A01,1,2,0,2,6,15,1,
202100046235,119 127,A01,0,10,0,2,1,2,1,
202100046235,119 128,B01,0,7,0,2,4,2,1,
202100046236,119 125,A01,1,7,0,2,1,10,1,
202100046236,119 126,B01,1,2,0,2,1,1,0,
202100046237,119 124,A01,1,7,5,0,0,0,1,
202100046238,119 122,A01,3,30,0,2,0,0,1,
202100046238,119 123,B01,1,7,0,2,3,9,1,
202100046239,119 119,B01,3,43,0,9,4,0,1,
202100046239,119 120,A01,3,7,0,2,3,26,1,
202100046239,119 121,Z01,3,7,0,2,1,26,0,
202100046240,119 118,A01,1,33,6,0,1,1,1,
202100046241,119 116,B01,3,7,0,2,4,2,1,
202100046241,119 117,A01,3,7,0,2,1,2,1,
202100046242,119 115,A01,2,33,0,0,0,1,1,
202100046243,119 114,A01,1,7,1,0,1,13,1,
202100046244,119 113,A01,1,1,12,0,1,14,5,
202100046245,119 111,B01,1,2,0,2,1,1,1,
202100046245,119 112,A01,1,7,0,2,1,15,1,
202100046246,119 109,B01,2,7,0,2,6,1,1,
202100046246,119 110,A01,2,30,0,2,1,1,1,
202100046247,119 107,B01,2,37,0,2,4,23,1,1.0
202100046247,119 108,A01,2,7,14,0,1,2,1,
202100046248,119 105,B01,1,7,0,2,3,1,1,
202100046248,119 106,A01,2,31,0,2,2,15,1,
202100046249,119 103,Y01,0,50,0,2,7,0,3,
202100046249,119 104,A01,3,7,0,2,6,20,1,
202100046250,119 102,A01,2,7,1,0,1,1,1,
202100046251,119 100,A01,2,7,0,0,1,9,1,
202100046251,119 101,B01,1,7,0,0,8,1,1,
202100046252,119 099,A01,1,1,12,0,1,1,5,
202100046253,119 098,A01,2,32,0,1,1,1,0,
202100046254,119 097,A01,1,7,0,1,1,1,1,
202100046255,119 095,B01,0,50,0,2,1,1,3,
202100046255,119 096,A01,0,7,0,0,4,9,1,
202100046256,119 093,A01,0,33,0,2,1,1,1,
202100046256,119 094,B01,0,37,0,2,8,1,2,2.0
202100046257,119 091,B01,1,7,0,2,8,1,1,
202100046257,119 092,A01,1,33,0,2,7,17,1,
202100046258,119 090,A01,3,33,3,0,2,1,1,
202100046259,119 088,B01,2,10,0,0,7,15,1,
202100046259,119 089,A01,1,33,0,2,1,1,1,
202100046260,119 087,A01,2,7,0,1,2,1,1,
202100046261,119 086,A01,0,36,2,0,1,0,0,
202100046262,119 082,A01,1,7,0,2,4,1,1,
202100046262,119 083,B01,2,7,0,2,1,2,1,
202100046263,119 080,B01,1,7,0,2,3,1,1,
202100046263,119 081,A01,2,7,0,2,3,13,1,
202100046264,119 079,A01,1,33,0,0,1,1,1,
202100046265,119 077,A01,1,7,0,2,1,13,1,
202100046265,119 078,B01,2,7,0,2,1,1,1,
202100046266,119 075,A01,2,7,3,2,2,13,1,
202100046266,119 076,B01,1,7,0,2,1,1,1,
202100046267,119 072,A01,1,2,0,0,5,0,1,
202100046267,119 073,B01,1,2,0,2,2,2,1,
202100046268,119 070,A01,1,7,0,2,1,15,1,
202100046268,119 071,B01,2,7,12,2,3,1,1,
202100046269,119 069,A01,3,7,13,0,1,1,2,
202100046270,119 067,B01,2,7,0,0,0,0,-1,
202100046270,119 068,A01,2,30,16,0,4,1,1,
202100046271,119 066,A01,2,31,0,0,0,1,1,
202100046272,119 064,B01,1,31,0,2,7,17,3,
202100046272,119 065,A01,1,7,0,2,8,17,1,
202100046273,119 062,A01,1,7,0,2,1,13,1,
202100046273,119 063,B01,2,7,0,2,1,1,1,
202100046274,119 061,A01,0,31,13,0,3,1,1,
202100046275,119 060,A01,1,2,0,0,0,1,1,
202100046276,119 059,A01,2,7,17,0,9,1,1,
202100046277,119 057,A01,2,33,0,2,1,17,1,
202100046277,119 058,B01,2,1,0,2,4,15,5,
202100046278,119 054,B01,3,7,13,2,1,1,1,
202100046278,119 055,A01,3,7,13,2,2,19,1,
202100046279,119 052,A01,1,7,0,9,2,2,1,
202100046279,119 053,B01,2,1,0,0,4,1,5,
202100046280,119 051,A01,1,7,2,0,1,14,1,
202100046281,119 050,A01,0,7,13,0,1,0,0,
202100046282,119 049,A01,2,7,0,1,3,1,1,
202100046283,119 048,A01,1,7,2,0,1,13,1,
202100046284,119 046,A01,2,7,0,2,1,1,1,
202100046284,119 047,B01,3,7,0,2,3,15,1,
202100046285,119 045,A01,1,7,13,0,2,21,1,
202100046286,119 040,A01,2,7,0,2,1,13,1,
202100046286,119 041,B01,1,33,0,2,1,1,1,
202100046286,119 042,C01,1,33,0,2,1,1,1,
202100046286,119 043,D01,1,33,0,2,1,1,1,
202100046286,119 044,E01,1,33,0,9,1,1,1,
202100046287,119 039,A01,2,2,13,0,0,1,1,
202100046288,119 038,A01,1,7,13,0,3,1,1,
202100046289,119 037,A01,1,33,0,0,0,1,1,
202100046290,119 035,B01,2,33,0,2,1,1,1,
202100046290,119 036,A01,1,17,0,2,3,15,1,
202100046291,119 034,A01,3,7,0,1,1,1,1,
202100046292,119 033,A01,3,33,0,0,7,1,1,
202100046293,119 031,B01,1,7,0,2,1,1,1,
202100046293,119 032,A01,1,7,0,2,3,15,1,
202100046294,119 030,A01,1,10,4,0,0,0,1,
202100046295,119 028,B01,2,33,0,2,7,17,1,
202100046295,119 029,A01,2,7,0,2,8,11,1,
202100046296,119 027,A01,2,7,4,0,1,1,1,
202100046297,119 025,B01,2,10,0,0,4,15,1,
202100046297,119 026,A01,2,31,0,2,1,17,1,
202100046298,119 023,B01,2,7,0,0,8,15,1,
202100046298,119 024,A01,2,2,0,2,2,17,1,
202100046299,119 022,A01,1,7,7,9,1,1,1,
202100046300,119 020,A01,2,7,0,2,3,1,1,
202100046300,119 021,B01,2,7,0,2,1,17,1,
202100046301,119 018,A01,1,33,0,2,1,1,1,
202100046301,119 019,B01,1,7,0,2,3,15,1,
202100046302,119 015,A01,2,31,0,2,2,17,1,
202100046302,119 016,B01,2,7,0,0,8,15,1,
202100046303,119 013,B01,2,7,0,2,3,1,1,
202100046303,119 014,A01,1,7,0,2,3,1,1,
202100046304,119 011,B01,2,10,0,2,1,1,1,
202100046304,119 012,A01,1,33,0,2,1,13,1,
202100046305,119 008,C01,2,33,0,2,3,0,1,
202100046305,119 009,B01,1,33,0,2,1,0,1,
202100046305,119 010,A01,2,33,0,2,1,17,1,
202100046306,119 006,B01,2,33,0,2,7,1,1,
202100046306,119 007,A01,2,10,0,2,2,19,1,
202100046307,119 005,A01,1,10,0,0,1,26,1,
202100046308,119 003,B01,1,2,0,2,1,17,1,
202100046308,119 004,A01,1,21,0,2,3,15,1,
202100046309,119 001,B01,2,7,0,2,3,1,1,
202100046309,119 002,A01,1,1,0,2,1,19,5,
202100046310,118 999,B01,3,10,0,2,3,0,1,
202100046310,119 000,A01,3,7,0,2,2,19,1,
202100046311,118 997,B01,1,32,0,2,7,3,1,
202100046311,118 998,A01,1,7,0,2,8,13,1,
202100046312,118 995,B01,2,1,0,2,1,15,5,
202100046312,118 996,A01,1,7,0,2,3,1,1,
202100046313,118 994,A01,3,2,13,0,1,14,1,
202100046314,118 992,B01,1,43,3,2,1,1,1,
202100046314,118 993,A01,2,10,0,2,3,1,1,
202100046315,118 990,B01,0,2,0,2,1,1,1,
202100046315,118 991,A01,0,7,0,0,5,20,1,
202100046316,118 988,B01,2,33,0,2,1,2,1,
202100046316,118 989,A01,2,7,0,2,4,1,1,
202100046317,118 986,B01,2,7,0,1,1,26,1,
202100046317,118 987,A01,2,7,15,0,0,1,1,
202100046318,118 984,B01,1,7,0,2,1,2,1,
202100046318,118 985,A01,1,7,0,2,4,9,1,
202100046319,118 983,A01,2,33,3,0,1,18,1,
202100046320,118 981,A01,1,7,0,2,2,12,1,
202100046320,118 982,B01,1,7,0,2,8,1,1,
202100046321,118 979,A01,2,7,4,2,3,1,1,
202100046321,118 980,B01,2,7,0,2,4,1,1,
202100046322,118 974,D01,2,10,0,2,4,23,1,
202100046322,118 975,E01,2,7,0,2,1,2,1,
202100046322,118 976,C01,2,10,0,2,4,23,1,
202100046322,118 977,B01,2,7,0,2,4,23,1,
202100046322,118 978,A01,2,13,0,2,4,23,1,
202100046323,118 970,D01,2,7,0,2,1,2,1,
202100046323,118 971,A01,2,7,0,2,4,23,1,
202100046323,118 972,B01,2,7,0,2,4,23,1,
202100046323,118 973,C01,2,7,0,2,4,23,1,
202100046324,118 969,A01,1,7,5,0,2,14,1,
202100046325,118 968,A01,2,7,0,0,0,1,1,
202100046326,118 964,D01,1,7,0,2,1,0,1,
202100046326,118 965,C01,2,10,0,2,2,0,1,
202100046326,118 966,B01,1,10,0,2,8,0,1,
202100046326,118 967,A01,1,7,0,2,2,3,1,
202100046327,118 962,B01,2,7,0,2,4,2,1,
202100046327,118 963,Z01,2,7,0,2,1,1,1,
202100046328,118 960,A01,2,7,0,2,3,1,1,
202100046328,118 961,B01,2,7,0,2,5,2,1,
202100046329,118 957,A01,1,7,15,0,7,1,1,
202100046330,118 955,B01,2,7,0,2,2,15,1,
202100046330,118 956,A01,1,7,0,2,1,1,1,
202100046331,118 954,A01,1,30,0,2,7,1,1,
202100046332,118 952,B01,1,7,14,0,1,1,1,
202100046332,118 953,A01,1,7,0,2,1,26,1,
202100046333,118 951,A01,1,7,4,0,1,1,1,
202100046334,118 949,A01,2,7,0,2,8,10,1,
202100046334,118 950,B01,1,33,0,2,1,1,1,
202100046335,118 948,A01,3,13,0,1,1,15,1,
202100046336,118 947,A01,1,10,12,0,1,14,1,
202100046337,118 945,A01,1,7,0,2,2,16,1,
202100046337,118 946,B01,2,30,0,2,1,1,1,
202100046338,118 944,A01,2,30,9,0,1,1,1,