Num_Acc,id_vehicule,num_veh,senc,catv,obs,obsm,choc,manv,motor,occutc
202100046339,118 942,A01,1,7,6,2,1,13,1,
202100046339,118 943,B01,2,7,6,2,3,1,1,
202100046340,118 940,B01,3,7,0,2,8,15,1,
202100046340,118 941,A01,3,7,0,2,1,17,1,
202100046341,118 939,A01,2,34,0,0,8,9,1,
202100046342,118 938,A01,3,50,0,0,0,25,3,
202100046343,118 936,A01,1,7,0,2,1,1,1,
202100046343,118 937,B01,1,7,0,2,4,0,1,
202100046344,118 934,A01,1,7,0,2,4,4,1,
202100046344,118 935,B01,1,7,0,2,1,1,1,
202100046345,118 931,C01,1,7,0,2,0,0,1,
202100046345,118 932,B01,1,7,0,2,8,0,1,
202100046345,118 933,A01,1,7,0,2,2,21,1,
202100046346,118 929,B01,1,7,0,2,8,1,1,
202100046346,118 930,A01,2,7,0,2,2,1,1,
202100046347,118 927,A01,2,30,0,2,1,1,1,
202100046347,118 928,B01,2,7,0,2,4,1,1,
202100046348,118 925,B01,2,7,0,2,2,1,1,
202100046348,118 926,A01,1,7,9,2,3,1,1,
202100046349,118 923,B01,1,7,0,2,3,1,1,
202100046349,118 924,A01,2,30,0,2,3,17,1,
202100046350,118 921,A01,2,7,16,2,3,10,1,
202100046350,118 922,B01,2,7,0,2,1,1,1,
202100046351,118 919,B01,3,33,0,2,4,1,1,
202100046351,118 920,A01,3,7,0,2,3,2,1,
202100046352,118 917,B01,3,7,0,2,3,2,1,
202100046352,118 918,A01,3,7,0,2,6,15,1,
202100046353,118 915,B01,1,7,0,2,5,15,1,
202100046353,118 916,A01,1,30,0,2,8,1,1,
202100046354,118 913,A01,1,7,0,2,4,2,1,
202100046354,118 914,B01,1,7,0,2,1,2,0,
202100046355,118 909,A01,3,33,0,0,0,2,1,
202100046356,118 908,A01,2,7,1,0,2,15,1,
202100046357,118 906,B01,0,32,1,2,1,6,1,
202100046357,118 907,A01,0,7,0,2,3,9,1,
202100046358,118 904,B01,1,31,0,2,2,1,1,
202100046358,118 905,A01,1,7,0,2,3,11,1,
202100046359,118 902,B01,1,30,0,2,1,1,1,
202100046359,118 903,A01,2,30,0,2,8,19,1,
202100046360,118 900,A01,2,33,0,2,7,17,1,
202100046360,118 901,B01,3,7,0,2,2,15,1,
202100046361,118 899,A01,3,32,0,1,1,1,1,
202100046362,118 897,A01,1,7,1,0,4,23,1,
202100046362,118 898,B01,1,7,14,2,1,1,1,
202100046363,118 895,B01,2,34,0,2,7,17,1,
202100046363,118 896,A01,2,10,0,2,8,9,1,
202100046364,118 893,A01,1,7,0,2,1,1,1,
202100046364,118 894,B01,1,32,0,2,8,1,1,
202100046365,118 891,B01,1,30,0,2,1,2,1,
202100046365,118 892,A01,1,1,0,2,4,2,5,
202100046366,118 890,A01,1,34,0,0,8,1,1,
202100046367,118 887,C01,3,80,0,2,1,1,3,
202100046367,118 888,B01,2,80,0,2,1,1,3,
202100046367,118 889,A01,1,80,0,2,1,5,3,
202100046368,118 886,A01,1,30,0,0,0,1,1,
202100046369,118 885,A01,2,43,0,0,8,1,1,
202100046370,118 883,B01,2,30,0,2,1,9,1,
202100046370,118 884,A01,2,32,0,2,3,7,1,
202100046371,118 881,Z01,1,7,0,2,2,22,1,
202100046371,118 882,A01,1,1,0,2,8,1,5,
202100046372,118 879,B01,3,2,0,2,8,11,1,
202100046372,118 880,A01,3,7,0,2,2,1,1,
202100046373,118 878,A01,1,7,1,0,7,14,1,
202100046374,118 877,A01,3,7,11,0,9,1,1,
202100046375,118 875,B01,2,1,0,2,1,1,5,
202100046375,118 876,A01,1,1,0,2,1,14,5,
202100046376,118 874,A01,1,50,0,0,0,26,3,
202100046377,118 872,A01,2,32,0,2,1,1,1,
202100046377,118 873,Z01,2,1,0,2,5,1,5,
202100046378,118 869,C01,2,32,0,2,1,7,1,
202100046378,118 870,B01,2,31,0,2,5,7,3,
202100046378,118 871,A01,2,32,0,2,5,23,1,
202100046379,118 867,B01,2,1,0,2,7,1,5,
202100046379,118 868,A01,2,10,0,2,3,22,1,
202100046380,118 865,B01,1,50,0,2,0,21,3,
202100046380,118 866,A01,1,10,0,2,0,22,1,
202100046381,118 864,A01,1,33,1,0,1,14,1,
202100046382,118 863,A01,1,34,0,1,1,1,1,
202100046383,118 861,B01,1,1,0,2,1,1,5,
202100046383,118 862,A01,1,7,0,2,3,22,1,
202100046384,118 859,A01,1,7,0,2,2,1,2,
202100046384,118 860,B01,1,33,0,2,1,16,1,
202100046385,118 857,B01,2,50,0,2,8,7,3,
202100046385,118 858,A01,2,37,0,2,7,14,2,1.0
202100046386,118 855,A01,1,33,0,2,3,15,1,
202100046386,118 856,B01,1,50,0,2,2,1,3,
202100046387,118 854,A01,1,1,0,1,1,1,5,
202100046388,118 853,A01,2,7,1,0,2,14,1,
202100046389,118 851,B01,2,3,0,2,3,1,1,
202100046389,118 852,Y01,2,1,0,2,1,2,5,
202100046390,118 849,A01,2,7,0,2,2,15,1,
202100046390,118 850,B01,1,31,0,2,0,0,1,
202100046391,118 848,B01,3,32,0,2,8,1,1,
202100046392,118 847,A01,3,7,0,1,3,1,1,
202100046393,118 845,B01,1,1,0,2,7,15,5,
202100046393,118 846,A01,1,7,0,2,3,1,1,
202100046394,118 843,B01,3,33,0,2,1,1,1,
202100046394,118 844,A01,1,7,0,2,3,0,1,
202100046395,118 841,A01,1,7,8,2,3,26,1,
202100046395,118 842,B01,1,30,8,2,7,17,0,
202100046396,118 840,A01,2,7,0,1,8,1,1,
202100046397,118 838,A01,1,7,0,2,3,15,1,
202100046397,118 839,B01,1,34,0,2,7,17,1,
202100046398,118 836,A01,-1,7,0,2,3,15,0,
202100046398,118 837,B01,-1,7,8,2,3,1,1,
202100046399,118 834,B01,0,7,0,2,1,0,0,
202100046399,118 835,A01,0,30,0,2,4,1,1,
202100046400,118 833,A01,3,7,8,0,2,15,0,
202100046401,118 831,A01,3,7,0,0,4,1,0,
202100046401,118 832,B01,3,0,0,2,1,1,0,
202100046402,118 829,B01,3,2,0,2,2,1,1,
202100046402,118 830,A01,3,7,0,2,3,19,1,
202100046403,118 828,A01,1,32,1,0,1,26,1,
202100046404,118 826,A01,2,7,0,2,8,15,1,
202100046404,118 827,B01,2,2,0,2,1,1,1,
202100046405,118 824,B01,1,31,0,2,1,1,1,
202100046405,118 825,A01,2,7,0,2,3,1,1,
202100046406,118 822,A01,1,7,0,2,3,14,1,
202100046406,118 823,B01,1,33,0,2,1,17,1,
202100046407,118 820,B01,2,7,0,2,3,0,1,
202100046407,118 821,A01,2,7,0,2,1,0,1,
202100046408,118 819,A01,2,7,0,1,1,1,1,
202100046409,118 818,A01,1,7,6,0,0,0,3,
202100046410,118 817,A01,2,33,3,6,1,1,1,
202100046411,118 816,A01,1,7,13,0,1,1,1,
202100046412,118 815,A01,2,7,2,0,0,1,1,
202100046413,118 813,B01,1,10,0,2,5,15,1,
202100046413,118 814,A01,2,33,0,2,1,1,0,
202100046414,118 811,B01,1,7,0,0,3,2,1,
202100046414,118 812,A01,1,7,4,2,3,11,1,
202100046415,118 809,B01,1,33,0,2,1,1,1,
202100046415,118 810,A01,2,10,0,0,8,11,1,
202100046416,118 808,A01,2,7,2,0,3,1,1,
202100046417,118 806,B01,2,7,0,2,3,1,1,
202100046417,118 807,A01,1,33,0,2,4,1,1,
202100046418,118 805,A01,2,7,2,0,4,13,1,
202100046419,118 803,A01,2,7,0,2,1,13,1,
202100046419,118 804,B01,2,37,0,2,3,21,1,1.0
202100046420,118 802,A01,0,2,0,0,0,0,0,
202100046421,118 800,A01,1,2,0,2,1,1,1,
202100046421,118 801,B01,1,7,0,0,8,1,1,
202100046422,118 799,A01,1,7,13,0,0,1,1,
202100046423,118 797,B01,2,36,0,2,1,1,1,
202100046423,118 798,A01,1,33,0,2,1,1,1,
202100046424,118 795,B01,2,1,0,2,4,2,5,
202100046424,118 796,A01,2,7,0,2,1,2,1,
202100046425,118 792,B01,1,7,0,2,3,2,1,
202100046425,118 793,C01,2,7,0,0,8,1,1,
202100046425,118 794,A01,1,7,0,2,1,1,1,
202100046426,118 791,A01,2,7,2,0,2,1,1,
202100046427,118 790,A01,2,33,3,0,1,1,1,
202100046428,118 789,A01,1,33,0,0,1,1,1,
202100046429,118 788,A01,1,32,0,0,7,16,1,
202100046430,118 787,A01,1,7,0,0,2,1,1,
202100046431,118 785,A01,2,7,0,2,1,13,1,
202100046431,118 786,B01,1,7,0,2,1,1,1,
202100046432,118 783,A01,2,7,0,2,7,2,1,
202100046432,118 784,B01,2,1,0,2,8,2,0,
202100046433,118 781,B01,0,7,0,2,3,0,1,
202100046433,118 782,A01,0,2,0,2,2,0,1,
202100046434,118 779,B01,2,7,0,9,3,1,1,
202100046434,118 780,A01,1,31,0,2,0,13,1,
202100046435,118 778,A01,2,33,10,0,7,14,1,
202100046436,118 776,A01,1,10,0,0,7,19,0,
202100046436,118 777,B01,1,33,0,2,1,1,1,
202100046437,118 775,A01,3,7,2,0,2,14,1,
202100046438,118 774,A01,2,1,0,2,1,1,5,
202100046439,118 772,B01,2,7,0,2,3,1,1,
202100046439,118 773,A01,1,7,0,2,1,17,1,
202100046440,118 771,A01,0,33,13,0,1,1,1,
202100046441,118 769,B01,2,31,0,2,1,1,1,
202100046441,118 770,A01,1,7,0,2,3,15,1,
202100046442,118 768,A01,2,7,13,0,1,1,1,
202100046443,118 767,A01,3,7,6,0,0,1,1,
202100046444,118 765,B01,3,7,0,2,3,26,1,
202100046444,118 766,A01,3,2,0,2,3,16,1,
202100046445,118 764,A01,1,36,5,0,3,1,1,
202100046446,118 763,A01,1,33,0,1,1,13,1,
202100046447,118 760,A01,0,2,13,0,1,0,1,
202100046448,118 756,C01,2,1,0,2,7,1,5,
202100046448,118 757,B01,2,1,0,2,2,1,5,
202100046448,118 758,A01,2,10,0,2,6,4,1,
202100046449,118 754,B01,2,1,0,2,1,1,5,
202100046449,118 755,A01,1,7,0,0,7,15,1,
202100046450,118 753,A01,3,2,0,0,0,1,1,
202100046451,118 752,A01,0,7,0,1,3,1,1,
202100046452,118 750,A01,2,7,0,2,3,15,1,
202100046452,118 751,B01,2,2,0,2,1,1,1,
202100046453,118 749,A01,1,7,0,0,9,13,1,
202100046454,118 747,A01,0,7,0,2,3,9,1,
202100046454,118 748,B01,2,31,0,2,1,2,1,
202100046455,118 746,A01,3,2,0,6,1,1,1,
202100046456,118 745,A01,2,7,16,0,9,1,1,
202100046457,118 743,A01,2,7,0,2,1,2,1,
202100046457,118 744,B01,2,7,0,0,4,1,1,
202100046458,118 741,B01,1,7,0,2,1,1,1,
202100046458,118 742,A01,1,7,0,2,3,19,1,
202100046459,118 739,B01,1,15,0,0,3,1,1,
202100046459,118 740,A01,2,7,0,2,1,13,1,
202100046460,118 737,A01,2,7,0,0,4,15,1,
202100046460,118 738,B01,2,2,0,2,1,2,1,
202100046461,118 735,B01,2,34,0,2,1,17,1,
202100046461,118 736,A01,1,7,0,2,2,1,1,
202100046462,118 733,B01,2,1,0,2,1,17,5,
202100046462,118 734,A01,1,33,0,9,1,0,1,
202100046463,118 730,C01,2,7,0,2,1,1,1,
202100046463,118 731,B01,2,7,0,2,3,1,1,
202100046463,118 732,A01,1,7,0,0,1,1,1,
202100046464,118 729,A01,1,7,13,0,1,0,1,
202100046465,118 727,A01,2,7,15,0,1,0,0,
202100046466,118 726,A01,1,1,0,0,0,1,5,
202100046467,118 725,A01,1,31,11,0,8,1,0,
202100046468,118 724,A01,2,7,6,0,3,13,1,
202100046469,118 723,A01,1,7,2,0,0,0,1,
202100046470,118 721,A01,1,7,0,0,4,23,1,
202100046470,118 722,B01,1,7,0,2,1,23,1,
202100046471,118 719,A01,2,33,0,2,1,1,1,
202100046471,118 720,B01,2,30,0,2,4,15,1,
202100046472,118 718,A01,2,1,13,0,1,1,5,
202100046473,118 717,A01,1,2,6,0,8,19,1,
202100046474,118 716,A01,2,7,2,0,2,1,1,
202100046475,118 714,B01,2,7,5,2,8,1,1,
202100046475,118 715,A01,2,17,0,2,2,12,1,
202100046476,118 711,A01,2,7,3,0,1,13,1,
202100046476,118 712,B01,2,10,3,0,1,2,1,
202100046476,118 713,C01,2,7,14,0,3,21,1,
202100046477,118 708,C01,1,7,0,2,0,0,1,
202100046477,118 709,B01,1,7,0,2,0,0,1,
202100046477,118 710,A01,1,7,0,2,0,0,1,
202100046478,118 706,A01,1,7,0,2,1,1,1,
202100046478,118 707,B01,1,10,0,2,4,1,1,
202100046479,118 704,B01,1,7,0,2,2,2,1,
202100046479,118 705,A01,1,10,4,2,6,11,1,
202100046480,118 701,B01,1,7,0,2,4,2,1,
202100046480,118 702,A01,1,7,0,2,1,1,1,
202100046480,118 703,C01,1,7,0,2,4,2,1,
202100046481,118 698,A01,2,33,0,2,1,1,1,
202100046481,118 699,B01,2,7,0,2,4,2,1,
202100046481,118 700,C01,1,7,4,2,1,2,1,
202100046482,118 697,A01,2,7,3,0,1,11,1,
202100046483,118 696,A01,1,33,0,2,3,14,1,
202100046484,118 695,A01,1,7,4,0,1,21,1,
202100046485,118 694,A01,3,7,0,1,4,26,1,
202100046486,118 693,A01,1,7,0,1,2,1,1,
202100046487,118 692,B01,1,32,0,1,1,26,0,
202100046488,118 691,A01,2,33,0,0,1,1,1,
202100046489,118 690,A01,1,7,0,1,2,1,1,
202100046490,118 688,B01,1,7,0,2,1,2,1,
202100046490,118 689,A01,1,10,0,2,4,1,1,
202100046491,118 686,A01,3,50,0,2,1,19,3,
202100046491,118 687,B01,3,7,0,2,3,15,1,
202100046492,118 684,B01,3,7,0,2,1,23,1,
202100046492,118 685,A01,1,3,0,2,1,13,1,
202100046493,118 682,A01,3,7,0,2,2,15,1,
202100046493,118 683,B01,3,30,0,2,1,1,1,
202100046494,118 679,Z01,1,7,0,2,1,1,1,
202100046494,118 680,B01,1,7,0,2,4,1,1,
202100046494,118 681,C01,1,7,0,2,4,1,1,
202100046495,118 678,A01,2,1,0,0,0,1,5,
202100046496,118 677,A01,1,7,10,0,1,1,1,
202100046497,118 675,Y01,2,50,0,2,4,15,3,
202100046497,118 676,A01,1,7,0,9,3,15,1,
202100046498,118 674,A01,1,7,0,1,1,26,1,
202100046499,118 672,A01,1,7,0,2,7,15,1,
202100046499,118 673,B01,2,33,0,2,1,1,1,
202100046500,118 668,B01,3,7,0,2,8,1,0,
202100046500,118 669,A01,3,7,0,2,1,17,0,
202100046501,118 666,A01,3,7,0,2,5,1,1,
202100046501,118 667,B01,2,1,0,2,1,1,5,
202100046502,118 665,A01,0,7,0,1,0,1,1,
202100046503,118 663,A01,1,7,0,2,1,26,1,
202100046503,118 664,B01,2,7,0,2,7,15,1,
202100046504,118 662,A01,0,7,0,1,2,1,1,
202100046505,118 659,C01,1,7,0,2,8,1,1,
202100046505,118 660,B01,2,10,0,2,6,23,1,
202100046505,118 661,A01,2,30,0,2,1,1,1,
202100046506,118 656,C01,1,7,0,2,1,1,1,
202100046506,118 657,A01,2,33,0,2,7,17,1,
202100046506,118 658,B01,1,7,0,2,3,15,1,
202100046507,118 654,B01,1,32,0,2,6,1,1,
202100046507,118 655,A01,1,7,0,2,2,12,1,
202100046508,118 653,A01,1,30,0,0,7,26,1,
202100046509,118 651,B01,2,33,0,2,1,21,1,
202100046509,118 652,A01,1,1,0,2,6,2,5,
202100046510,118 649,B01,2,7,0,2,6,1,1,
202100046510,118 650,A01,1,2,0,2,1,1,1,
202100046511,118 647,A01,1,7,0,2,7,15,1,
202100046511,118 648,B01,1,32,0,2,7,1,1,
202100046512,118 645,B01,2,7,0,2,2,0,1,
202100046512,118 646,A01,2,1,0,2,7,26,5,
202100046513,118 643,B01,1,1,0,2,7,1,5,
202100046513,118 644,A01,2,7,0,2,1,26,1,
202100046514,118 641,A01,2,32,0,2,1,21,1,
202100046514,118 642,B01,1,7,0,2,1,1,1,
202100046515,118 640,A01,1,7,0,1,1,1,1,
202100046516,118 638,A01,2,1,0,2,1,13,6,
202100046516,118 639,B01,2,7,0,2,3,0,1,
202100046517,118 637,A01,1,7,14,0,1,1,1,
202100046518,118 634,C01,1,17,0,9,1,1,1,
202100046518,118 635,B01,1,10,0,9,6,1,1,
202100046518,118 636,A01,1,33,0,2,1,1,1,
202100046519,118 633,A01,1,10,0,1,4,20,1,
202100046520,118 631,A01,1,37,0,2,4,1,1,1.0
202100046520,118 632,B01,1,7,0,2,1,1,1,
202100046521,118 629,B01,1,7,0,2,1,1,1,
202100046521,118 630,A01,1,7,0,2,7,15,1,
202100046522,118 627,B01,0,50,0,2,2,15,3,
202100046522,118 628,A01,0,7,0,2,8,0,1,
202100046523,118 625,A01,3,30,0,2,1,0,1,
202100046523,118 626,B01,3,7,0,2,8,1,1,
202100046524,118 623,B01,0,7,0,2,1,1,1,
202100046524,118 624,A01,0,2,0,2,1,1,1,
202100046525,118 621,A01,3,7,0,2,1,1,1,
202100046525,118 622,B01,3,10,0,2,1,1,1,
202100046526,118 619,A01,3,33,0,2,1,1,1,
202100046526,118 620,B01,3,10,0,2,4,1,1,
202100046527,118 618,A01,3,50,0,0,0,1,3,
202100046528,118 616,B01,2,7,0,2,3,1,1,
202100046528,118 617,A01,1,7,6,2,2,1,1,
202100046529,118 615,A01,3,7,0,1,2,16,1,
202100046530,118 614,A01,3,7,0,1,4,4,1,
202100046531,118 612,A01,2,60,0,2,8,19,5,
202100046531,118 613,B01,1,43,0,2,1,1,1,
202100046532,118 609,A01,2,10,0,2,1,1,1,
202100046532,118 610,B01,2,7,0,2,4,23,1,
202100046532,118 611,C01,2,7,0,2,4,23,1,
202100046533,118 607,A01,3,32,0,2,2,15,1,
202100046533,118 608,B01,2,2,0,2,1,7,1,
202100046534,118 605,A01,0,7,0,2,2,1,1,
202100046534,118 606,B01,0,7,0,2,1,16,1,
202100046535,118 603,A01,1,7,0,2,3,15,1,
202100046535,118 604,B01,1,2,0,2,0,2,1,
202100046536,118 601,A01,1,31,0,2,1,2,1,
202100046536,118 602,B01,1,17,6,0,4,2,1,
202100046537,118 599,A01,1,7,0,2,2,15,1,
202100046537,118 600,B01,2,2,0,2,1,1,1,
202100046538,118 597,B01,2,7,0,2,4,15,1,
202100046538,118 598,A01,2,7,0,2,1,1,1,
202100046539,118 594,C01,3,10,0,2,3,1,1,
202100046539,118 595,B01,3,33,0,2,2,1,1,
202100046539,118 596,A01,3,10,0,2,7,15,1,
202100046540,118 592,B01,1,60,0,2,4,1,5,
202100046540,118 593,Z01,1,7,0,9,1,2,0,
202100046541,118 590,B01,0,7,0,2,1,9,1,
202100046541,118 591,A01,0,1,0,2,3,25,5,
202100046542,118 586,A01,1,34,0,2,1,1,1,
202100046542,118 587,B01,2,10,0,2,6,0,1,
202100046543,118 583,B01,2,33,0,2,6,23,1,
202100046543,118 584,A01,2,32,0,2,1,1,1,
202100046543,118 585,C01,2,7,0,2,2,15,0,
202100046544,118 581,B01,1,7,0,2,8,1,1,
202100046544,118 582,A01,1,7,0,2,1,19,1,
202100046545,118 580,A01,1,14,0,1,1,26,1,
202100046546,118 578,B01,2,7,0,0,4,2,1,
202100046546,118 579,A01,1,7,0,2,1,1,1,
202100046547,118 577,A01,3,10,0,1,3,15,1,
202100046548,118 575,A01,1,7,0,2,2,15,1,
202100046548,118 576,B01,2,33,0,2,1,26,1,
202100046549,118 571,A01,1,7,0,2,4,1,1,
202100046549,118 572,C01,1,10,0,2,0,0,1,
202100046549,118 573,D01,1,7,0,2,0,0,1,
202100046549,118 574,B01,1,7,0,2,0,0,1,
202100046550,118 568,C01,1,7,0,2,1,2,1,
202100046550,118 569,A01,0,7,0,2,4,2,1,
202100046550,118 570,B01,1,7,0,2,4,2,1,
202100046551,118 561,G01,1,7,0,2,4,1,1,
202100046551,118 562,F01,1,7,0,2,9,1,1,
202100046551,118 563,E01,1,7,0,2,9,1,1,
202100046551,118 564,D01,1,10,0,2,1,1,1,
202100046551,118 565,C01,1,7,0,2,9,1,1,
202100046551,118 566,B01,1,7,0,2,5,1,2,
202100046551,118 567,A01,1,15,0,2,6,1,1,
202100046552,118 558,B01,1,7,0,2,4,23,1,
202100046552,118 559,C01,1,7,0,2,2,2,1,
202100046552,118 560,A01,1,10,0,2,1,2,1,
202100046553,118 555,A01,2,10,0,2,7,12,1,
202100046553,118 556,C01,2,15,0,2,4,24,1,
202100046553,118 557,B01,2,7,0,2,8,1,1,
202100046554,118 554,A01,2,17,3,0,1,13,1,
202100046555,118 552,A01,2,33,0,2,1,0,1,
202100046555,118 553,B01,2,7,0,2,5,0,1,
202100046556,118 551,A01,1,7,4,0,2,1,1,
202100046557,118 550,A01,2,7,0,9,1,9,1,
202100046558,118 547,C01,1,7,0,2,1,2,1,
202100046558,118 548,B01,1,7,0,2,1,1,0,
202100046558,118 549,A01,1,7,0,2,0,1,0,
202100046559,118 546,A01,3,7,0,1,1,25,1,
202100046560,118 544,A01,2,30,0,2,7,1,1,
202100046560,118 545,B01,1,7,0,2,1,1,1,
202100046561,118 542,Z01,2,14,0,2,2,1,1,
202100046561,118 543,B01,2,50,13,2,8,1,3,
202100046562,118 540,A01,1,7,0,0,0,16,1,
202100046562,118 541,B01,1,2,0,2,0,1,1,
202100046563,118 538,A01,1,2,0,2,8,1,1,
202100046563,118 539,B01,2,7,0,9,8,1,1,
202100046564,118 536,A01,2,7,0,2,1,21,0,
202100046564,118 537,B01,2,30,0,2,4,1,1,
202100046565,118 535,A01,3,33,0,2,0,1,0,
202100046566,118 534,A01,1,7,0,1,1,2,1,
202100046567,118 531,A01,1,7,0,2,1,1,1,
202100046567,118 532,B01,1,7,0,2,4,23,1,
202100046567,118 533,C01,1,7,0,2,6,15,1,
202100046568,118 529,B01,3,1,0,2,1,0,0,
202100046568,118 530,A01,3,7,0,2,3,26,1,
202100046569,118 528,A01,2,30,0,0,0,9,1,
202100046570,118 526,A01,1,7,0,9,8,1,1,
202100046570,118 527,B01,1,50,0,2,7,0,3,
202100046571,118 525,A01,3,10,0,1,1,1,1,
202100046572,118 523,A01,2,7,0,2,1,2,1,
202100046572,118 524,B01,2,7,0,2,6,2,1,
202100046573,118 521,A01,1,33,0,2,0,14,1,
202100046573,118 522,B01,1,33,0,2,0,0,1,
202100046574,118 519,A01,1,7,0,2,2,9,1,
202100046574,118 520,B01,2,7,0,2,1,1,1,
202100046575,118 517,A01,1,2,0,2,8,18,1,
202100046575,118 518,B01,1,2,0,2,5,23,1,
202100046576,118 516,A01,3,7,2,0,1,26,6,
202100046577,118 515,A01,3,7,0,1,1,16,1,
202100046578,118 514,A01,0,7,0,1,1,1,1,
202100046579,118 512,A01,1,10,0,2,4,20,1,
202100046579,118 513,B01,1,30,0,2,1,21,1,
202100046580,118 510,B01,0,1,0,0,0,0,5,
202100046580,118 511,A01,0,7,0,2,7,22,1,
202100046581,118 508,B01,0,7,0,0,0,0,1,
202100046581,118 509,A01,0,7,0,2,3,1,1,
202100046582,118 507,A01,0,7,0,1,1,1,1,
202100046583,118 506,A01,3,7,0,1,1,21,1,
202100046584,118 503,A01,2,33,6,0,0,26,1,
202100046585,118 501,A01,1,7,0,2,4,2,1,
202100046585,118 502,B01,1,7,0,2,4,1,1,
202100046586,118 499,C01,1,1,0,2,1,15,5,
202100046586,118 500,A01,2,7,0,2,3,16,1,
202100046587,118 495,D01,1,7,0,2,4,1,1,
202100046587,118 496,B01,1,7,0,2,1,1,1,
202100046587,118 497,A01,1,7,0,2,1,2,1,
202100046587,118 498,C01,1,7,0,2,1,1,1,
202100046588,118 493,A01,1,7,0,2,3,9,1,
202100046588,118 494,B01,1,2,0,2,1,16,1,
202100046589,118 491,A01,2,10,0,2,1,15,1,
202100046589,118 492,B01,2,7,0,2,2,1,1,
202100046590,118 489,A01,2,7,0,2,2,9,1,
202100046590,118 490,B01,2,1,0,2,1,1,6,
202100046591,118 487,A01,1,50,0,2,1,15,3,
202100046591,118 488,B01,2,7,0,2,1,1,1,
202100046592,118 485,B01,1,7,0,2,8,1,1,
202100046592,118 486,A01,2,7,0,2,2,1,1,
202100046593,118 483,B01,1,7,0,2,4,2,1,
202100046593,118 484,A01,1,7,0,2,1,2,1,
202100046594,118 481,B01,3,7,0,2,3,19,1,
202100046594,118 482,A01,3,32,0,2,7,19,1,
202100046595,118 479,B01,2,10,0,2,3,26,1,
202100046595,118 480,A01,2,33,0,2,5,16,1,
202100046596,118 477,A01,2,7,0,2,2,1,1,
202100046596,118 478,Y01,2,1,0,0,0,0,5,
202100046597,118 475,B01,2,7,0,2,1,9,1,
202100046597,118 476,A01,1,7,0,2,2,1,1,
202100046598,118 473,B01,0,60,0,2,8,19,5,
202100046598,118 474,A01,0,7,0,2,1,1,1,
202100046599,118 472,A01,3,7,0,1,1,1,1,
202100046600,118 471,A01,1,3,0,1,1,16,1,
202100046601,118 470,A01,0,7,1,0,1,1,1,
202100046602,118 469,A01,3,1,0,1,1,1,5,
202100046603,118 468,A01,1,7,0,1,3,13,1,
202100046604,118 464,A01,2,7,0,2,1,1,1,
202100046604,118 465,B01,1,10,0,2,1,0,1,
202100046604,118 466,C01,2,10,0,2,0,0,1,
202100046604,118 467,D01,2,10,0,2,0,0,1,
202100046605,118 463,A01,2,7,0,1,1,15,1,
202100046606,118 461,B01,3,40,0,2,1,1,3,
202100046606,118 462,A01,3,34,0,4,7,19,1,
202100046607,118 459,B01,2,1,0,2,8,0,5,
202100046607,118 460,A01,2,14,0,2,7,16,1,
202100046608,118 458,A01,2,7,6,0,1,1,1,
202100046609,118 455,B01,1,7,0,2,4,23,1,
202100046609,118 456,C01,1,10,0,2,4,23,1,
202100046609,118 457,Z01,1,7,0,2,1,1,1,
202100046610,118 453,A01,2,15,0,2,4,9,1,
202100046610,118 454,B01,2,7,0,2,7,1,1,
202100046611,118 451,B01,3,31,0,2,1,1,1,
202100046611,118 452,A01,3,7,0,2,3,20,1,
202100046612,118 449,B01,2,7,0,2,6,2,3,
202100046612,118 450,A01,2,32,0,2,7,17,6,
202100046613,118 447,A01,3,30,0,2,1,19,1,
202100046613,118 448,B01,3,7,0,2,2,1,1,
202100046614,118 446,A01,1,7,0,1,1,16,1,
202100046615,118 443,A01,1,7,0,1,1,1,1,
202100046616,118 441,A01,2,10,0,2,3,15,1,
202100046616,118 442,B01,2,1,0,2,2,1,5,
202100046617,118 439,A01,3,7,0,2,5,16,1,
202100046617,118 440,Z01,3,1,0,2,0,0,5,
202100046618,118 438,A01,1,7,3,0,7,1,1,
202100046619,118 436,B01,1,32,0,2,1,1,1,
202100046619,118 437,A01,2,7,0,2,7,15,1,
202100046620,118 434,A01,1,7,0,2,3,6,1,
202100046620,118 435,B01,1,7,0,2,2,1,1,
202100046621,118 432,A01,0,7,0,2,7,15,1,
202100046621,118 433,B01,0,33,0,2,1,1,1,
202100046622,118 430,B01,0,7,0,9,1,1,1,
202100046622,118 431,A01,0,31,0,2,1,13,1,
202100046623,118 428,B01,3,10,0,2,3,1,1,
202100046623,118 429,A01,3,33,0,2,1,1,1,
202100046624,118 427,A01,2,7,0,1,3,1,6,
202100046625,118 425,A01,1,7,0,9,4,23,1,
202100046625,118 426,B01,1,7,0,2,1,2,1,
202100046626,118 423,B01,3,1,0,9,4,21,5,
202100046626,118 424,A01,3,1,0,9,1,1,5,
202100046627,118 422,A01,1,7,0,1,2,1,1,
202100046628,118 420,B01,0,31,0,2,4,23,1,
202100046628,118 421,A01,2,7,0,2,3,1,1,
202100046629,118 417,B01,1,7,0,2,6,1,1,
202100046629,118 418,C01,1,7,0,2,1,1,2,
202100046629,118 419,A01,1,15,0,2,2,12,1,
202100046630,118 415,B01,2,7,0,2,5,12,1,
202100046630,118 416,A01,2,43,0,2,1,1,1,
202100046631,118 413,A01,2,43,0,2,1,3,1,