Num_Acc,id_vehicule,num_veh,senc,catv,obs,obsm,choc,manv,motor,occutc
202100046930,117 887,B01,1,7,0,2,1,1,1,
202100046930,117 888,A01,2,10,0,2,8,15,1,
202100046931,117 886,A01,3,7,0,1,1,9,1,
202100046932,117 884,B01,2,7,0,0,4,2,3,
202100046932,117 885,A01,2,7,0,2,1,2,1,
202100046933,117 883,A01,1,7,3,2,1,21,1,
202100046934,117 881,B01,2,33,0,2,1,1,1,
202100046934,117 882,A01,1,7,0,2,3,15,1,
202100046935,117 880,A01,1,10,0,1,1,1,1,
202100046936,117 878,B01,2,2,0,2,7,1,1,
202100046936,117 879,A01,2,7,0,2,8,11,1,
202100046937,117 876,A01,0,7,1,0,7,1,1,
202100046937,117 877,B01,1,7,0,2,3,15,1,
202100046938,117 874,B01,0,7,0,2,1,0,1,
202100046938,117 875,A01,0,7,0,2,1,0,1,
202100046939,117 872,B01,1,33,0,2,7,2,1,
202100046939,117 873,A01,1,7,0,2,1,9,1,
202100046940,117 870,A01,1,7,0,2,7,15,1,
202100046940,117 871,B01,1,33,0,2,1,1,1,
202100046941,117 868,B01,3,7,0,2,3,1,0,
202100046941,117 869,A01,3,7,0,2,3,1,1,
202100046942,117 866,A01,3,3,0,2,8,2,0,
202100046942,117 867,B01,2,1,0,2,1,14,0,
202100046943,117 864,A01,1,7,0,2,8,15,1,
202100046943,117 865,B01,1,2,0,2,7,17,1,
202100046944,117 862,B01,1,32,0,2,1,1,1,
202100046944,117 863,A01,2,7,0,2,7,15,1,
202100046945,117 861,A01,1,7,0,1,1,1,1,
202100046946,117 860,A01,1,1,0,1,3,1,5,
202100046947,117 859,Z01,2,7,0,1,0,1,0,
202100046948,117 857,B01,3,1,0,2,8,19,5,
202100046948,117 858,A01,2,32,0,2,1,5,1,
202100046949,117 856,A01,1,1,0,0,0,21,5,
202100046950,117 854,A01,1,7,0,2,5,23,1,
202100046950,117 855,B01,1,2,0,2,3,7,1,
202100046951,117 852,A01,3,7,0,2,5,2,1,
202100046951,117 853,B01,3,32,0,2,4,2,1,
202100046952,117 851,A01,2,1,0,1,3,1,5,
202100046953,117 849,A01,2,30,0,2,3,18,1,
202100046953,117 850,B01,2,7,0,2,2,16,1,
202100046954,117 847,A01,1,50,7,2,2,17,3,
202100046954,117 848,B01,1,50,0,2,8,1,3,
202100046955,117 845,A01,2,7,0,2,6,23,1,
202100046955,117 846,B01,2,33,0,2,2,2,1,
202100046956,117 843,A01,2,32,0,2,1,18,1,
202100046956,117 844,B01,2,7,0,2,2,16,1,
202100046957,117 841,B01,2,7,0,2,3,9,1,
202100046957,117 842,A01,2,33,0,2,1,17,1,
202100046958,117 840,A01,2,60,1,0,1,17,5,
202100046959,117 839,A01,2,7,0,1,3,26,1,
202100046960,117 838,A01,3,7,0,1,2,1,1,
202100046961,117 836,A01,1,10,0,2,2,1,1,
202100046961,117 837,B01,1,7,1,0,4,23,1,
202100046962,117 834,A01,3,30,0,2,8,16,3,
202100046962,117 835,B01,3,37,0,2,1,1,1,1.0
202100046963,117 833,A01,1,10,0,1,5,4,1,
202100046964,117 832,A01,1,7,0,1,2,1,1,
202100046965,117 830,B01,1,7,0,2,2,0,1,
202100046965,117 831,A01,3,31,0,2,1,26,1,
202100046966,117 829,A01,1,31,14,0,1,14,1,
202100046967,117 827,A01,2,10,8,2,2,16,1,
202100046967,117 828,B01,2,50,8,2,3,18,3,
202100046968,117 825,A01,2,7,0,2,0,26,1,
202100046968,117 826,B01,2,33,0,2,0,0,1,
202100046969,117 824,A01,3,1,0,1,1,25,5,
202100046970,117 823,A01,2,7,15,0,1,1,1,
202100046971,117 821,B01,1,1,0,2,8,1,5,
202100046971,117 822,A01,1,7,0,2,7,17,1,
202100046972,117 818,A01,2,7,0,0,6,15,1,
202100046972,117 819,B01,1,7,0,2,1,1,1,
202100046972,117 820,C01,2,33,0,2,4,2,1,
202100046973,117 816,A01,0,7,0,9,5,16,1,
202100046973,117 817,B01,0,1,0,2,1,23,5,
202100046974,117 814,A01,1,7,0,2,3,15,1,
202100046974,117 815,B01,1,33,0,2,0,1,1,
202100046975,117 813,A01,2,7,0,0,1,1,1,
202100046976,117 812,A01,1,7,0,1,3,1,1,
202100046977,117 810,A01,2,33,0,0,8,17,1,
202100046977,117 811,B01,2,21,0,0,6,15,1,
202100046978,117 809,A01,0,33,0,0,0,1,1,
202100046979,117 808,A01,2,33,0,0,1,1,1,
202100046980,117 807,A01,3,7,0,0,2,1,1,
202100046981,117 804,C01,2,33,0,2,1,1,1,
202100046981,117 805,B01,2,7,0,2,3,1,1,
202100046981,117 806,A01,1,7,0,2,7,9,2,
202100046982,117 802,A01,2,7,0,2,3,13,1,
202100046982,117 803,B01,1,17,0,2,3,1,1,
202100046983,117 801,A01,1,7,8,0,5,13,1,
202100046984,117 798,B01,1,10,0,2,5,1,1,
202100046984,117 799,A01,1,33,0,2,1,1,1,
202100046985,117 796,B01,2,7,0,2,1,1,1,
202100046985,117 797,A01,1,7,0,2,1,15,1,
202100046986,117 794,B01,1,2,0,2,1,1,1,
202100046986,117 795,A01,2,2,0,2,8,9,1,
202100046987,117 793,A01,3,7,0,1,1,1,1,
202100046988,117 792,A01,2,10,13,0,7,21,1,
202100046989,117 790,A01,0,1,0,2,1,19,5,
202100046989,117 791,B01,3,7,0,9,7,1,1,
202100046990,117 788,A01,2,2,0,2,1,1,1,
202100046990,117 789,B01,1,10,0,0,6,16,1,
202100046991,117 787,A01,2,7,4,0,1,16,1,
202100046992,117 786,A01,3,7,0,1,1,20,1,
202100046993,117 784,A01,2,17,0,2,1,1,1,
202100046993,117 785,B01,2,17,0,0,4,1,1,
202100046994,117 782,A01,2,7,0,0,7,13,1,
202100046994,117 783,B01,1,7,0,2,2,15,1,
202100046995,117 777,E01,1,7,0,0,4,2,1,
202100046995,117 778,D01,1,7,0,2,4,2,1,
202100046995,117 779,C01,1,7,0,2,4,2,1,
202100046995,117 780,A01,1,7,0,2,1,2,1,
202100046995,117 781,B01,1,7,0,2,4,2,1,
202100046996,117 775,B01,1,37,0,0,6,24,1,2.0
202100046996,117 776,A01,1,7,1,0,1,1,1,
202100046997,117 774,A01,2,7,4,0,2,17,1,
202100046998,117 772,B01,1,10,0,2,1,1,1,
202100046998,117 773,A01,1,7,0,2,4,23,1,
202100046999,117 771,A01,2,7,0,1,2,1,1,
202100047000,117 770,A01,2,7,0,0,9,1,1,
202100047001,117 764,A01,1,7,0,2,1,1,1,
202100047001,117 765,E01,1,7,0,2,1,2,1,
202100047001,117 766,D01,1,7,0,2,1,2,1,
202100047001,117 767,B01,1,7,0,2,4,2,1,
202100047001,117 768,C01,1,10,0,2,4,2,1,
202100047002,117 762,B01,1,7,0,2,7,1,1,
202100047002,117 763,A01,1,10,0,2,3,13,1,
202100047003,117 759,C01,1,7,0,2,4,2,1,
202100047003,117 760,B01,1,7,0,2,4,2,2,
202100047003,117 761,A01,1,7,0,2,1,2,1,
202100047004,117 757,A01,1,10,0,2,1,1,1,
202100047004,117 758,B01,1,7,0,2,4,2,1,
202100047005,117 755,A01,1,7,0,2,1,2,1,
202100047005,117 756,B01,1,7,0,2,4,1,1,
202100047006,117 754,A01,1,15,0,0,9,1,1,
202100047007,117 752,B01,1,7,0,2,4,2,1,
202100047007,117 753,A01,1,32,0,2,1,2,1,
202100047008,117 751,A01,2,7,0,0,9,1,1,
202100047009,117 749,A01,1,7,0,2,3,9,1,
202100047009,117 750,B01,1,7,0,2,2,1,1,
202100047010,117 747,B01,2,33,0,2,1,1,1,
202100047010,117 748,A01,2,7,0,2,5,1,1,
202100047011,117 746,A01,1,7,4,0,2,12,1,
202100047012,117 743,A01,2,14,0,2,2,12,1,
202100047012,117 744,C01,2,7,0,2,5,1,1,
202100047012,117 745,B01,2,7,0,2,8,1,1,
202100047013,117 740,C01,2,15,0,2,1,1,1,
202100047013,117 741,A01,2,15,0,2,4,23,1,
202100047013,117 742,B01,2,7,0,2,1,1,0,
202100047014,117 738,B01,2,7,0,2,6,1,1,
202100047014,117 739,A01,2,33,0,2,1,1,1,
202100047015,117 736,A01,1,7,0,2,3,15,1,
202100047015,117 737,B01,2,33,0,2,8,1,1,
202100047016,117 734,B01,3,7,0,2,3,15,0,
202100047016,117 735,A01,1,2,0,2,3,3,0,
202100047017,117 732,A01,1,7,0,2,2,1,1,
202100047017,117 733,B01,3,50,0,2,1,19,3,
202100047018,117 730,B01,2,10,0,2,0,0,1,
202100047018,117 731,A01,1,7,7,0,7,15,1,
202100047019,117 728,A01,1,7,0,2,1,13,1,
202100047019,117 729,B01,2,7,0,2,1,1,1,
202100047020,117 726,B01,1,7,0,0,4,2,1,
202100047020,117 727,A01,1,7,0,2,1,17,1,
202100047021,117 724,B01,1,7,0,2,4,2,1,
202100047021,117 725,A01,1,31,0,2,1,2,1,
202100047022,117 722,A01,1,34,8,0,1,1,1,
202100047022,117 723,B01,1,33,0,0,4,2,1,
202100047023,117 720,B01,2,7,0,2,3,15,1,
202100047023,117 721,A01,0,34,0,2,2,2,1,
202100047024,117 718,A01,1,7,0,2,3,15,1,
202100047024,117 719,B01,1,33,0,2,1,17,1,
202100047025,117 717,A01,2,7,15,0,2,1,1,
202100047026,117 714,C01,3,7,0,0,-1,1,-1,
202100047026,117 715,B01,2,33,0,2,1,9,1,
202100047026,117 716,A01,1,7,0,2,3,15,1,
202100047027,117 713,A01,1,60,0,0,7,1,5,
202100047028,117 711,A01,0,7,0,1,1,1,1,
202100047029,117 709,A01,0,1,0,2,1,25,5,
202100047029,117 710,B01,0,7,0,2,1,5,1,
202100047030,117 707,A01,3,30,0,2,1,1,1,
202100047030,117 708,B01,-1,2,0,2,7,-1,1,
202100047031,117 705,A01,0,10,0,2,7,10,1,
202100047031,117 706,B01,0,7,0,2,1,1,1,
202100047032,117 703,B01,2,37,0,9,4,1,1,1.0
202100047032,117 704,A01,2,80,0,2,1,16,3,
202100047033,117 701,A01,2,7,0,2,1,15,1,
202100047033,117 702,B01,1,2,0,2,3,1,1,
202100047034,117 699,A01,2,33,0,2,7,1,1,
202100047034,117 700,B01,1,7,0,2,5,15,1,
202100047035,117 698,Z01,3,7,0,1,0,0,0,
202100047036,117 695,A01,3,7,0,1,1,26,1,
202100047037,117 694,A01,1,33,16,0,3,13,1,
202100047038,117 692,A01,2,10,0,0,1,0,1,
202100047038,117 693,B01,2,7,0,0,4,0,1,
202100047039,117 690,A01,1,7,0,2,1,0,1,
202100047039,117 691,B01,2,2,0,2,1,1,1,
202100047040,117 689,A01,2,99,0,1,4,26,1,
202100047041,117 687,A01,0,7,0,2,2,15,1,
202100047041,117 688,B01,1,33,0,2,7,1,1,
202100047042,117 685,B01,2,7,0,2,2,1,0,
202100047042,117 686,A01,3,7,0,2,2,1,1,
202100047043,117 683,B01,1,7,0,2,5,1,1,
202100047043,117 684,A01,1,3,0,2,2,1,1,
202100047044,117 681,B01,1,33,0,2,4,1,1,
202100047044,117 682,A01,1,10,0,2,2,1,1,
202100047045,117 678,B01,2,7,0,2,4,2,2,
202100047045,117 679,C01,2,7,0,0,4,2,1,
202100047045,117 680,A01,2,7,0,2,1,1,1,
202100047046,117 677,A01,3,7,0,1,1,1,1,
202100047047,117 676,A01,2,7,0,1,3,26,1,
202100047048,117 674,A01,0,7,12,2,7,15,1,
202100047048,117 675,B01,0,7,12,2,1,1,1,
202100047049,117 673,A01,1,7,0,1,2,1,1,
202100047050,117 671,B01,1,50,0,2,8,19,3,
202100047050,117 672,A01,1,7,0,2,1,1,1,
202100047051,117 669,A01,2,7,0,2,1,1,1,
202100047051,117 670,B01,2,7,0,2,4,1,1,
202100047052,117 667,A01,2,33,1,0,8,26,1,
202100047052,117 668,B01,2,10,0,0,4,23,1,
202100047053,117 666,A01,1,30,0,0,7,15,1,
202100047054,117 664,A01,2,1,0,2,1,1,5,
202100047054,117 665,B01,1,1,0,2,2,15,5,
202100047055,117 660,A01,1,30,0,2,2,12,1,
202100047055,117 661,B01,1,7,0,2,3,1,1,
202100047056,117 658,A01,2,10,0,2,1,9,1,
202100047056,117 659,B01,2,7,0,2,2,1,1,
202100047057,117 655,C01,2,7,0,2,4,23,1,
202100047057,117 656,B01,2,7,0,2,4,23,1,
202100047057,117 657,A01,2,7,0,2,1,2,1,
202100047058,117 654,A01,2,7,0,1,1,1,1,
202100047059,117 652,A01,1,10,0,2,2,15,1,
202100047059,117 653,B01,1,1,0,2,2,1,5,
202100047060,117 651,A01,2,1,0,1,1,1,5,
202100047061,117 649,B01,2,33,0,2,0,1,1,
202100047061,117 650,A01,2,7,0,2,0,0,1,
202100047062,117 647,A01,1,7,0,2,2,9,1,
202100047062,117 648,B01,1,50,0,2,1,9,3,
202100047063,117 645,A01,2,7,0,2,7,1,1,
202100047063,117 646,B01,2,30,0,2,8,3,0,
202100047064,117 643,B01,1,7,0,2,2,1,0,
202100047064,117 644,A01,1,7,0,2,1,1,0,
202100047065,117 642,A01,3,7,0,1,4,26,1,
202100047066,117 641,A01,1,2,0,0,0,1,1,
202100047067,117 638,A01,1,7,1,2,2,14,1,
202100047067,117 639,B01,1,7,0,2,6,0,1,
202100047067,117 640,C01,2,7,0,2,1,1,1,
202100047068,117 636,B01,2,2,0,2,2,17,1,
202100047068,117 637,A01,2,7,0,2,6,15,1,
202100047069,117 634,B01,2,7,0,2,1,1,1,
202100047069,117 635,A01,1,7,0,6,1,13,1,
202100047070,117 633,A01,0,7,7,0,1,0,1,
202100047071,117 631,B01,1,7,0,2,8,1,1,
202100047071,117 632,A01,1,7,0,2,3,1,2,
202100047072,117 630,A01,2,1,0,0,1,0,5,
202100047073,117 628,A01,1,7,0,0,3,0,1,
202100047073,117 629,B01,2,7,0,2,2,0,1,
202100047074,117 626,A01,1,3,0,2,1,1,1,
202100047074,117 627,B01,1,10,0,2,7,1,1,
202100047075,117 624,A01,2,33,0,2,1,2,1,
202100047075,117 625,B01,2,99,0,0,4,2,1,
202100047076,117 623,A01,3,7,0,1,1,1,1,
202100047077,117 620,C01,1,7,0,0,3,1,1,
202100047077,117 621,A01,2,31,0,2,1,21,1,
202100047077,117 622,B01,1,7,0,0,6,1,1,
202100047078,117 619,A01,3,10,0,1,2,1,1,
202100047079,117 617,B01,1,10,0,2,6,1,1,
202100047079,117 618,A01,1,7,0,2,2,14,2,
202100047080,117 615,A01,2,7,0,2,1,15,1,
202100047080,117 616,B01,1,33,0,2,1,1,1,
202100047081,117 613,B01,0,1,0,2,4,2,5,
202100047081,117 614,A01,0,7,0,9,1,2,1,
202100047082,117 611,B01,2,7,0,2,3,11,1,
202100047082,117 612,A01,2,7,0,2,7,12,1,
202100047083,117 609,A01,3,7,0,0,3,16,1,
202100047083,117 610,B01,1,7,0,2,2,9,1,
202100047084,117 608,A01,2,7,6,0,1,13,1,
202100047085,117 606,B01,3,2,0,2,1,1,1,
202100047085,117 607,A01,3,7,0,2,3,16,1,
202100047086,117 605,A01,2,7,0,1,2,1,1,
202100047087,117 604,A01,0,1,0,0,0,0,5,
202100047088,117 600,A01,1,17,0,2,1,1,1,
202100047088,117 601,D01,1,7,0,0,4,1,1,
202100047088,117 602,C01,1,7,0,2,4,1,1,
202100047088,117 603,B01,1,7,0,2,4,1,1,
202100047089,117 598,A01,1,7,13,2,1,19,1,
202100047089,117 599,B01,1,7,13,2,8,1,1,
202100047090,117 597,A01,2,7,0,1,2,16,1,
202100047091,117 595,A01,1,7,0,2,3,5,1,
202100047091,117 596,B01,2,7,0,2,8,1,1,
202100047092,117 594,A01,2,2,0,0,0,21,0,
202100047093,117 592,A01,2,7,0,2,3,15,1,
202100047093,117 593,B01,1,33,0,2,7,1,1,
202100047094,117 591,A01,1,7,2,0,8,13,1,
202100047095,117 590,A01,0,2,0,0,0,1,1,
202100047096,117 588,A01,3,7,16,2,2,9,1,
202100047096,117 589,B01,3,2,16,2,1,1,1,
202100047097,117 586,A01,2,33,0,2,1,3,1,
202100047097,117 587,B01,2,7,0,2,8,15,1,
202100047098,117 584,B01,1,7,0,2,1,26,1,
202100047098,117 585,A01,2,33,0,2,1,13,1,
202100047099,117 583,A01,3,2,0,1,1,25,1,
202100047100,117 581,B01,2,10,0,2,3,1,1,
202100047100,117 582,A01,1,3,0,2,3,13,1,
202100047101,117 579,A01,0,38,0,2,8,9,1,1.0
202100047101,117 580,B01,2,33,0,2,1,1,1,
202100047102,117 577,A01,2,7,0,0,6,1,1,
202100047102,117 578,B01,1,7,0,2,2,15,1,
202100047103,117 576,A01,3,31,0,0,3,15,1,
202100047104,117 572,B01,1,7,0,0,4,2,1,
202100047104,117 573,A01,1,7,0,2,1,2,1,
202100047105,117 570,B01,1,7,0,2,9,1,1,
202100047105,117 571,A01,1,15,0,2,5,12,1,
202100047106,117 567,C01,1,7,0,2,1,2,1,
202100047106,117 568,B01,1,7,0,2,1,2,1,
202100047106,117 569,A01,1,33,0,2,4,2,1,
202100047107,117 566,A01,2,7,3,0,1,2,1,
202100047108,117 564,A01,1,17,0,2,1,2,1,
202100047108,117 565,B01,1,7,0,2,0,0,1,
202100047109,117 563,A01,2,32,0,0,9,9,1,
202100047110,117 562,A01,2,7,3,0,1,13,1,
202100047111,117 560,B01,1,7,0,2,4,2,1,
202100047111,117 561,A01,1,7,0,2,1,1,1,
202100047112,117 558,B01,2,7,0,2,4,2,1,
202100047112,117 559,A01,2,10,0,2,1,2,2,
202100047113,117 556,A01,2,7,0,2,8,11,2,
202100047113,117 557,B01,2,33,0,2,7,1,1,
202100047114,117 553,C01,2,7,0,2,4,1,2,
202100047114,117 554,B01,2,7,0,2,4,1,3,
202100047114,117 555,A01,2,7,0,2,1,1,1,
202100047115,117 551,B01,1,7,0,2,2,1,1,
202100047115,117 552,A01,1,7,0,2,9,11,3,
202100047116,117 549,B01,1,1,0,2,7,1,5,
202100047116,117 550,A01,1,7,0,2,1,1,1,
202100047117,117 548,A01,1,7,0,1,3,1,1,
202100047118,117 546,A01,1,33,12,0,0,14,1,
202100047119,117 544,B01,3,1,0,2,4,1,5,
202100047119,117 545,A01,3,7,0,9,3,9,1,
202100047120,117 542,A01,1,1,0,2,7,26,5,
202100047120,117 543,Z01,1,7,0,2,1,9,1,
202100047121,117 540,B01,2,7,6,2,7,1,1,
202100047121,117 541,A01,2,7,0,2,1,1,1,
202100047122,117 538,B01,0,33,0,2,5,9,0,
202100047122,117 539,A01,0,7,0,2,3,2,0,
202100047123,117 536,A01,1,7,0,2,2,1,1,
202100047123,117 537,B01,1,7,0,2,8,15,1,
202100047124,117 534,A01,1,31,0,2,1,1,1,
202100047124,117 535,B01,2,7,0,2,6,15,1,
202100047125,117 532,A01,1,7,0,9,7,14,1,
202100047125,117 533,B01,1,1,0,2,0,0,0,
202100047126,117 530,B01,2,7,0,2,4,23,1,
202100047126,117 531,A01,2,7,14,0,1,2,1,
202100047127,117 528,B01,2,2,0,2,1,16,1,
202100047127,117 529,A01,1,10,0,2,1,9,1,
202100047128,117 527,A01,2,7,1,0,2,14,1,
202100047129,117 525,B01,1,2,0,0,8,1,0,
202100047129,117 526,A01,1,7,0,2,1,1,1,
202100047130,117 523,B01,1,2,1,2,3,15,1,
202100047130,117 524,A01,2,10,1,2,2,1,1,
202100047131,117 521,A01,2,33,0,2,1,26,0,
202100047131,117 522,B01,1,31,0,2,1,1,1,
202100047132,117 519,B01,3,32,0,2,2,17,1,
202100047132,117 520,A01,3,10,0,2,3,13,1,
202100047133,117 518,A01,2,7,0,1,1,1,1,
202100047134,117 516,A01,3,7,0,2,3,15,1,
202100047134,117 517,B01,3,7,0,2,2,1,1,
202100047135,117 514,B01,1,31,0,2,7,9,1,
202100047135,117 515,A01,1,7,8,2,1,9,1,
202100047136,117 513,A01,1,30,0,1,1,1,1,
202100047137,117 511,A01,2,33,0,2,1,1,1,
202100047137,117 512,B01,2,7,0,2,1,15,1,
202100047138,117 509,Z01,3,7,0,2,0,9,0,
202100047138,117 510,A01,3,1,0,2,0,25,5,
202100047139,117 507,A01,1,7,0,2,2,22,1,
202100047139,117 508,B01,1,1,0,2,1,1,5,
202100047140,117 505,A01,1,30,0,2,1,2,1,
202100047140,117 506,B01,1,7,0,2,5,2,1,
202100047141,117 504,A01,3,1,0,0,0,1,5,
202100047142,117 502,A01,2,30,0,2,7,5,1,
202100047142,117 503,B01,2,7,0,2,1,9,1,
202100047143,117 500,A01,1,7,0,2,3,13,1,
202100047143,117 501,B01,1,33,0,2,1,17,1,
202100047144,117 498,A01,1,7,0,2,7,10,2,
202100047144,117 499,B01,1,50,0,2,3,1,3,
202100047145,117 497,A01,1,7,0,1,1,1,1,
202100047146,117 495,B01,1,2,0,2,4,1,1,
202100047146,117 496,A01,1,7,0,2,1,2,1,
202100047147,117 494,A01,0,1,0,0,0,26,5,
202100047148,117 491,A01,2,7,0,2,3,5,1,
202100047148,117 492,B01,1,33,0,2,3,5,1,
202100047149,117 490,A01,1,7,4,0,9,17,1,
202100047150,117 488,B01,1,7,3,0,1,26,1,
202100047150,117 489,A01,1,10,3,0,1,1,1,
202100047151,117 486,B01,1,1,0,2,3,1,5,
202100047151,117 487,A01,1,33,0,9,2,1,1,
202100047152,117 484,B01,1,7,0,2,1,1,1,
202100047152,117 485,A01,2,7,0,2,1,17,1,
202100047153,117 482,A01,3,1,0,0,0,1,5,
202100047154,117 481,A01,3,7,0,1,2,1,1,
202100047155,117 478,C01,2,7,0,2,1,21,1,
202100047155,117 479,B01,2,7,0,2,6,21,1,
202100047155,117 480,A01,1,7,0,2,1,5,1,
202100047156,117 476,B01,1,7,0,0,8,1,1,
202100047156,117 477,A01,1,7,0,2,1,1,1,
202100047157,117 474,B01,3,21,0,1,5,24,1,
202100047157,117 475,A01,3,7,0,9,2,17,1,
202100047158,117 472,B01,2,15,0,4,7,23,1,
202100047158,117 473,A01,0,39,1,0,3,1,0,
202100047159,117 470,B01,2,1,2,2,8,1,5,
202100047159,117 471,A01,2,10,0,9,2,17,1,
202100047160,117 469,A01,3,10,0,1,1,23,1,
202100047161,117 468,A01,3,7,17,0,3,0,1,
202100047162,117 467,A01,2,7,8,0,4,1,1,
202100047163,117 466,A01,3,10,0,1,8,18,0,
202100047164,117 464,A01,1,7,12,0,3,2,1,
202100047165,117 462,A01,1,7,0,2,3,1,1,
202100047165,117 463,B01,2,1,0,2,1,5,5,
202100047166,117 460,A01,2,7,0,0,8,15,1,
202100047166,117 461,B01,2,7,0,2,2,2,1,
202100047167,117 459,A01,3,36,1,0,1,1,1,
202100047168,117 457,B01,2,7,0,2,3,1,1,
202100047168,117 458,A01,1,7,0,2,3,13,1,
202100047169,117 454,A01,2,7,0,2,3,9,1,
202100047169,117 455,B01,1,2,0,2,1,1,1,
202100047170,117 453,A01,2,17,0,1,6,20,1,
202100047171,117 451,A01,0,7,0,2,5,15,1,
202100047171,117 452,B01,0,34,0,2,1,17,1,
202100047172,117 449,A01,1,7,0,2,2,1,1,
202100047172,117 450,B01,2,7,0,2,3,15,1,
202100047173,117 447,B01,2,7,0,2,3,1,1,
202100047173,117 448,A01,1,37,0,2,3,21,1,1.0
202100047174,117 444,B01,2,14,0,2,1,1,1,
202100047174,117 445,A01,1,33,0,2,1,17,1,
202100047175,117 442,B01,1,7,0,0,4,1,1,
202100047175,117 443,A01,1,10,0,2,1,1,1,
202100047176,117 440,B01,2,10,0,2,1,1,1,
202100047176,117 441,A01,1,7,0,2,1,13,1,
202100047177,117 438,B01,2,7,0,2,4,2,1,
202100047177,117 439,A01,2,7,4,2,1,17,1,
202100047178,117 435,C01,1,7,0,2,1,1,1,
202100047178,117 436,B01,1,7,0,2,3,1,2,
202100047178,117 437,A01,2,7,0,2,1,13,1,
202100047179,117 434,A01,1,34,12,0,0,1,1,
202100047180,117 432,A01,1,10,0,2,7,15,1,
202100047180,117 433,B01,2,33,0,2,1,1,1,
202100047181,117 431,A01,2,7,0,0,9,17,1,
202100047182,117 425,A01,1,33,0,2,1,2,1,
202100047182,117 426,B01,1,7,0,0,4,2,1,
202100047182,117 427,C01,2,7,0,2,3,1,1,
202100047183,117 424,A01,1,7,0,1,1,1,1,
202100047184,117 423,A01,3,35,7,0,1,1,1,
202100047185,117 422,A01,2,33,17,0,1,1,1,
202100047186,117 421,A01,1,7,0,1,1,1,1,
202100047187,117 420,A01,2,10,0,1,1,15,1,
202100047188,117 418,A01,1,7,0,9,9,1,1,
202100047188,117 419,B01,1,10,0,2,2,1,1,
202100047189,117 416,A01,1,7,0,2,4,1,3,
202100047189,117 417,B01,1,33,0,2,1,2,1,
202100047190,117 414,A01,2,10,0,2,3,11,1,
202100047190,117 415,B01,2,33,0,2,1,1,1,
202100047191,117 412,A01,2,7,0,2,3,13,1,
202100047191,117 413,B01,2,7,0,2,7,1,1,
202100047192,117 411,A01,2,7,4,0,3,26,1,
202100047193,117 409,A01,2,7,0,2,2,14,1,
202100047193,117 410,B01,2,10,0,2,3,1,1,
202100047194,117 407,A01,2,7,0,2,1,2,1,
202100047194,117 408,B01,2,7,0,2,4,2,1,
202100047195,117 406,A01,1,7,4,0,3,26,1,
202100047196,117 404,B01,1,7,0,2,4,2,1,
202100047196,117 405,A01,1,33,0,2,1,2,1,
202100047197,117 402,B01,1,17,0,2,8,13,1,
202100047197,117 403,A01,1,7,0,2,7,2,1,
202100047198,117 401,A01,2,7,8,0,1,18,1,
202100047199,117 399,A01,3,7,0,2,3,9,1,
202100047199,117 400,B01,3,2,0,2,1,1,1,
202100047200,117 397,B01,1,7,0,2,3,9,1,
202100047200,117 398,A01,2,1,0,2,1,5,6,
202100047201,117 395,A01,1,7,0,2,0,1,1,
202100047201,117 396,B01,1,7,0,2,0,9,0,
202100047202,117 393,A01,0,7,0,9,1,1,1,
202100047202,117 394,B01,1,7,0,2,3,1,1,
202100047203,117 391,B01,2,7,0,2,3,1,1,
202100047203,117 392,A01,1,7,0,2,2,15,1,
202100047204,117 389,B01,2,7,0,2,8,24,1,
202100047204,117 390,A01,2,80,1,0,2,1,3,
202100047205,117 388,B01,3,7,0,1,2,1,1,
202100047206,117 385,B01,1,7,0,2,4,26,1,
202100047206,117 386,C01,1,7,3,0,4,26,1,
202100047206,117 387,A01,1,7,0,2,1,26,1,
202100047207,117 384,A01,3,7,0,1,1,15,1,
202100047208,117 382,A01,1,14,0,2,2,1,1,
202100047208,117 383,B01,1,7,0,2,3,1,1,
202100047209,117 380,B01,2,7,0,2,4,23,1,
202100047209,117 381,Z01,2,7,0,2,1,2,1,
202100047210,117 378,A01,1,7,0,2,3,15,0,
202100047210,117 379,B01,1,30,0,2,7,17,0,
202100047211,117 376,B01,2,7,0,2,2,1,1,
202100047211,117 377,A01,2,7,0,2,3,9,1,
202100047212,117 374,A01,1,30,0,2,1,7,1,
202100047212,117 375,B01,1,7,0,2,7,16,1,
202100047213,117 372,A01,1,30,0,2,1,17,1,
202100047213,117 373,B01,2,7,0,2,1,1,1,
202100047214,117 370,A01,1,33,0,2,1,1,1,
202100047214,117 371,B01,1,33,0,2,4,23,1,
202100047215,117 368,A01,1,7,0,2,7,1,1,
202100047215,117 369,B01,2,2,0,2,1,1,3,
202100047216,117 365,D01,2,7,0,2,1,1,-1,
202100047216,117 366,B01,1,7,0,2,6,0,1,
202100047216,117 367,A01,1,33,0,2,1,26,0,
202100047217,117 364,A01,2,7,0,1,3,16,1,
202100047218,117 362,B01,1,32,0,2,1,2,1,
202100047218,117 363,A01,2,7,0,2,8,10,1,
202100047219,117 361,A01,3,7,8,0,1,1,1,
202100047220,117 359,A01,3,30,0,2,1,1,1,
202100047220,117 360,B01,0,7,0,2,3,15,1,
202100047221,117 357,A01,1,7,0,2,2,15,1,
202100047221,117 358,B01,2,33,0,0,0,0,1,
202100047222,117 355,B01,3,33,0,2,2,1,1,