Num_Acc,id_vehicule,num_veh,senc,catv,obs,obsm,choc,manv,motor,occutc
202100047222,117 356,A01,3,7,0,2,3,9,3,
202100047223,117 354,A01,1,7,12,0,1,1,1,
202100047224,117 352,Z01,1,7,0,2,1,19,1,
202100047224,117 353,[01,2,60,0,2,8,19,5,
202100047225,117 349,A01,2,32,0,2,3,2,1,
202100047225,117 350,C01,1,7,0,2,3,1,1,
202100047225,117 351,B01,2,7,0,2,6,1,1,
202100047226,117 345,D01,1,7,0,2,8,1,1,
202100047226,117 346,C01,2,7,0,2,1,1,1,
202100047226,117 347,A01,1,33,0,2,9,17,1,
202100047226,117 348,B01,1,7,0,2,3,17,1,
202100047227,117 343,B01,1,7,0,2,3,0,1,
202100047227,117 344,A01,1,7,0,2,1,19,1,
202100047228,117 341,B01,1,7,0,2,2,26,1,
202100047228,117 342,A01,1,2,0,2,1,1,1,
202100047229,117 340,A01,1,7,3,0,3,21,1,
202100047230,117 339,A01,1,7,1,0,7,1,1,
202100047231,117 337,B01,3,7,0,2,6,0,1,
202100047231,117 338,A01,1,7,0,2,3,2,1,
202100047232,117 335,B01,3,33,0,2,8,0,1,
202100047232,117 336,A01,3,7,0,2,2,15,1,
202100047233,117 334,A01,1,7,0,1,0,1,1,
202100047234,117 332,A01,2,7,0,2,0,19,0,
202100047234,117 333,B01,1,7,0,2,2,1,1,
202100047235,117 330,A01,2,2,0,2,4,26,1,
202100047235,117 331,Z01,2,7,0,9,1,26,1,
202100047236,117 328,A01,2,7,0,2,3,9,1,
202100047236,117 329,B01,1,32,0,2,3,1,1,
202100047237,117 325,C01,1,7,0,2,1,23,1,
202100047237,117 326,B01,1,7,0,2,0,23,1,
202100047237,117 327,A01,2,7,14,2,1,1,1,
202100047238,117 323,A01,1,7,0,2,3,1,1,
202100047238,117 324,B01,3,7,0,2,2,11,1,
202100047239,117 321,A01,1,7,0,2,3,15,0,
202100047239,117 322,B01,2,33,0,2,8,1,1,
202100047240,117 317,D01,3,7,0,9,1,1,1,
202100047240,117 318,C01,3,7,0,2,3,1,1,
202100047240,117 319,B01,3,7,0,2,6,1,1,
202100047240,117 320,A01,3,33,0,2,3,21,1,
202100047241,117 316,A01,2,31,8,0,1,6,1,
202100047242,117 314,B01,3,7,0,2,8,0,1,
202100047242,117 315,A01,2,7,0,2,1,0,1,
202100047243,117 313,A01,1,37,2,0,1,14,3,10.0
202100047244,117 312,A01,2,10,0,1,2,1,1,
202100047245,117 310,A01,1,50,0,2,1,1,3,
202100047245,117 311,B01,1,1,0,2,8,19,5,
202100047246,117 309,A01,3,1,0,1,1,1,5,
202100047247,117 307,A01,2,80,0,2,4,19,3,
202100047247,117 308,B01,2,37,0,2,6,1,1,1.0
202100047248,117 306,A01,3,7,11,0,1,1,1,
202100047249,117 304,B01,1,32,0,2,1,7,1,
202100047249,117 305,A01,2,1,0,2,1,5,5,
202100047250,117 302,A01,2,7,0,2,5,10,1,
202100047250,117 303,B01,1,33,0,2,1,1,1,
202100047251,117 300,A01,1,1,0,2,1,1,5,
202100047251,117 301,B01,1,7,0,2,5,1,1,
202100047252,117 298,B01,2,7,0,2,6,23,1,
202100047252,117 299,A01,2,32,0,2,2,1,1,
202100047253,117 296,A01,3,32,0,2,5,17,1,
202100047253,117 297,B01,3,7,0,2,3,15,1,
202100047254,117 295,A01,1,1,0,9,1,1,5,
202100047255,117 293,B01,1,10,15,0,4,2,1,
202100047255,117 294,A01,1,33,0,2,1,26,1,
202100047256,117 291,B01,1,80,1,0,1,1,3,
202100047256,117 292,A01,1,7,0,2,4,24,0,
202100047257,117 290,A01,2,7,0,1,0,0,1,
202100047258,117 288,A01,1,30,0,2,1,2,1,
202100047258,117 289,B01,1,7,0,2,0,0,1,
202100047259,117 287,B01,1,7,0,1,1,2,1,
202100047260,117 285,B01,3,1,0,2,1,26,6,
202100047260,117 286,A01,3,7,0,2,7,16,1,
202100047261,117 283,B01,1,7,0,2,4,0,1,
202100047261,117 284,A01,1,7,14,2,1,26,1,
202100047262,117 281,B01,3,7,1,2,2,1,1,
202100047262,117 282,A01,1,10,0,2,3,26,1,
202100047263,117 279,B01,-1,10,0,2,3,1,1,
202100047263,117 280,A01,2,7,0,2,1,1,1,
202100047264,117 277,A01,3,30,0,2,8,1,1,
202100047264,117 278,B01,0,7,0,2,2,9,0,
202100047265,117 276,A01,2,7,0,1,2,19,1,
202100047266,117 275,A01,1,7,0,1,3,1,1,
202100047267,117 273,B01,1,32,0,2,1,17,1,
202100047267,117 274,A01,1,7,0,2,3,15,1,
202100047268,117 271,A01,1,1,0,2,1,2,5,
202100047268,117 272,B01,1,10,0,0,5,1,1,
202100047269,117 269,B01,1,1,0,2,1,1,5,
202100047269,117 270,A01,2,7,0,2,3,15,2,
202100047270,117 267,A01,1,32,0,2,7,25,1,
202100047270,117 268,B01,2,7,0,2,2,9,1,
202100047271,117 265,B01,2,7,9,2,1,1,1,
202100047271,117 266,A01,1,7,0,2,1,1,1,
202100047272,117 264,A01,1,33,0,0,8,1,1,
202100047273,117 262,A01,2,2,0,0,8,15,1,
202100047273,117 263,B01,2,7,15,2,5,17,1,
202100047274,117 261,A01,2,7,8,0,9,14,1,
202100047275,117 259,A01,2,2,0,2,1,1,1,
202100047275,117 260,B01,1,10,0,2,7,15,1,
202100047276,117 257,A01,0,7,0,2,3,15,1,
202100047276,117 258,B01,0,33,0,2,1,1,1,
202100047277,117 254,A01,1,7,0,2,3,9,1,
202100047277,117 255,B01,1,33,0,2,1,17,1,
202100047278,117 252,A01,2,7,0,2,5,2,1,
202100047278,117 253,B01,2,2,0,2,1,2,1,
202100047279,117 250,B01,2,7,0,2,3,1,1,
202100047279,117 251,A01,1,10,0,2,3,1,1,
202100047280,117 248,B01,2,7,0,2,8,1,1,
202100047280,117 249,A01,1,33,0,2,8,1,1,
202100047281,117 247,A01,1,7,0,0,0,1,1,
202100047282,117 246,A01,3,7,0,1,1,0,1,
202100047283,117 245,A01,3,7,1,0,1,13,1,
202100047284,117 243,B01,2,2,0,0,6,20,1,
202100047284,117 244,A01,2,2,0,2,1,1,1,
202100047285,117 242,A01,1,1,0,0,9,1,2,
202100047286,117 240,A01,1,2,0,2,1,2,1,
202100047286,117 241,B01,1,7,0,0,4,2,1,
202100047287,117 238,A01,1,7,0,2,3,13,1,
202100047287,117 239,B01,2,7,0,2,2,21,1,
202100047288,117 236,A01,3,7,0,2,1,0,1,
202100047288,117 237,B01,3,7,0,2,1,0,1,
202100047289,117 234,B01,1,7,0,2,2,1,1,
202100047289,117 235,A01,2,33,0,2,1,13,1,
202100047290,117 232,A01,2,7,0,9,3,1,1,
202100047290,117 233,B01,1,1,0,2,8,16,5,
202100047291,117 231,A01,2,7,13,0,2,1,1,
202100047292,117 230,A01,3,7,13,0,3,1,1,
202100047293,117 229,A01,1,2,0,0,0,1,1,
202100047294,117 227,B01,3,7,0,2,8,1,1,
202100047294,117 228,A01,3,7,0,2,1,1,1,
202100047295,117 226,A01,1,7,5,0,2,15,1,
202100047296,117 225,A01,3,7,2,0,2,1,1,
202100047297,117 223,B01,2,2,6,2,7,1,1,
202100047297,117 224,A01,1,7,0,2,2,15,1,
202100047298,117 221,B01,1,17,8,2,2,21,1,
202100047298,117 222,A01,2,7,6,0,8,15,1,
202100047299,117 220,A01,1,7,0,0,9,1,1,
202100047300,117 219,A01,2,7,0,1,3,21,1,
202100047301,117 217,B01,3,32,0,2,8,10,1,
202100047301,117 218,A01,3,31,0,2,1,21,1,
202100047302,117 216,A01,1,31,12,0,1,15,1,
202100047303,117 214,A01,2,33,0,2,1,1,1,
202100047303,117 215,B01,1,7,0,2,4,1,1,
202100047304,117 212,A01,1,33,0,2,1,1,1,
202100047304,117 213,B01,2,7,0,2,5,15,1,
202100047305,117 211,A01,1,7,9,0,1,0,1,
202100047306,117 210,A01,1,7,0,1,1,1,1,
202100047307,117 206,B01,1,7,0,2,2,1,1,
202100047307,117 207,A01,2,31,0,2,1,1,1,
202100047307,117 208,C01,2,2,0,2,1,1,1,
202100047307,117 209,D01,2,7,0,0,6,24,1,
202100047308,117 205,A01,1,7,8,0,0,1,1,
202100047309,117 203,A01,1,7,0,0,8,15,1,
202100047309,117 204,B01,1,33,13,2,9,17,1,
202100047310,117 202,A01,2,7,9,0,1,1,1,
202100047311,117 200,A01,2,33,0,2,6,1,1,
202100047311,117 201,Z01,2,7,0,2,7,12,1,
202100047312,117 198,B01,2,7,0,2,1,1,1,
202100047312,117 199,A01,2,7,0,2,4,1,1,
202100047313,117 197,A01,2,7,0,9,9,1,1,
202100047314,117 194,C01,2,7,0,2,4,1,1,
202100047314,117 195,B01,2,7,0,2,4,2,1,
202100047314,117 196,A01,2,14,0,2,3,2,1,
202100047315,117 192,B01,2,14,0,2,4,1,1,
202100047315,117 193,A01,2,7,0,2,1,13,1,
202100047316,117 190,A01,1,10,0,2,2,14,1,
202100047316,117 191,B01,1,7,0,2,6,1,1,
202100047317,117 188,A01,1,7,3,2,4,26,1,
202100047317,117 189,Z01,1,7,0,2,1,1,1,
202100047318,117 186,Z01,2,7,0,2,0,0,0,
202100047318,117 187,A01,2,33,0,2,7,26,1,
202100047319,117 184,B01,1,7,0,2,4,0,1,
202100047319,117 185,A01,2,7,0,2,1,0,1,
202100047320,117 183,A01,2,31,0,0,9,26,1,
202100047321,117 181,B01,1,2,0,2,8,1,1,
202100047321,117 182,A01,1,7,0,2,3,1,1,
202100047322,117 179,B01,1,7,2,0,0,14,1,
202100047322,117 180,A01,2,30,14,0,0,13,1,
202100047323,117 178,A01,3,7,0,1,1,19,1,
202100047324,117 176,A01,3,7,8,2,4,4,1,
202100047324,117 177,B01,1,10,0,2,1,1,1,
202100047325,117 174,A01,3,14,0,2,2,1,1,
202100047325,117 175,B01,3,7,0,2,3,1,1,
202100047326,117 173,A01,1,37,0,1,3,1,1,1.0
202100047327,117 172,A01,2,32,8,0,1,2,1,
202100047328,117 171,A01,0,30,1,0,7,16,3,
202100047329,117 166,A01,0,7,0,2,1,1,1,
202100047329,117 167,B01,0,7,0,2,2,1,1,
202100047330,117 164,A01,1,7,0,2,1,19,1,
202100047330,117 165,B01,1,7,0,2,8,15,1,
202100047331,117 162,B01,1,7,0,2,4,23,1,
202100047331,117 163,A01,1,7,0,2,1,2,1,
202100047332,117 161,A01,1,7,0,1,1,1,1,
202100047333,117 159,A01,1,32,0,2,1,2,1,
202100047333,117 160,B01,1,7,0,2,4,2,1,
202100047334,117 156,C01,1,7,0,2,4,1,1,
202100047334,117 157,B01,1,17,0,2,4,1,1,
202100047334,117 158,A01,1,10,0,2,1,2,1,
202100047335,117 155,A01,1,7,0,1,1,15,1,
202100047336,117 153,A01,1,30,0,2,1,2,1,
202100047336,117 154,B01,1,7,0,2,4,0,1,
202100047337,117 151,A01,1,33,0,2,1,2,1,
202100047337,117 152,B01,1,7,0,2,4,2,1,
202100047338,117 149,A01,1,7,0,2,1,9,1,
202100047338,117 150,B01,1,2,0,2,8,0,1,
202100047339,117 148,A01,1,7,0,1,1,26,1,
202100047340,117 147,A01,1,7,1,1,1,20,1,
202100047341,117 146,A01,1,1,12,0,1,16,5,
202100047342,117 144,B01,1,7,0,2,7,1,1,
202100047342,117 145,A01,1,7,0,2,8,1,1,
202100047343,117 142,A01,1,7,0,9,1,1,1,
202100047343,117 143,B01,1,1,0,2,8,19,5,
202100047344,117 141,A01,1,7,0,2,7,1,1,
202100047345,117 140,A01,1,1,0,1,1,25,5,
202100047346,117 138,Z01,2,7,0,0,0,14,0,
202100047346,117 139,A01,2,2,12,0,1,1,1,
202100047347,117 137,A01,3,7,0,1,4,26,1,
202100047348,117 135,A01,3,7,0,2,1,1,1,
202100047348,117 136,B01,3,1,0,2,4,2,5,
202100047349,117 134,A01,3,7,14,0,0,1,-1,
202100047350,117 133,A01,3,7,0,1,1,1,1,
202100047351,117 131,B01,3,10,0,2,4,23,0,
202100047351,117 132,A01,3,10,0,2,1,1,0,
202100047352,117 130,A01,1,7,6,0,1,22,1,
202100047353,117 129,B01,2,33,0,0,0,21,1,
202100047354,117 127,A01,2,14,0,2,1,26,1,
202100047354,117 128,B01,2,7,0,2,4,26,1,
202100047355,117 125,A01,2,7,0,2,3,9,1,
202100047355,117 126,B01,1,30,0,2,7,9,1,
202100047356,117 123,A01,1,7,0,2,2,9,1,
202100047356,117 124,B01,1,2,0,2,8,17,1,
202100047357,117 121,A01,1,7,0,2,7,1,1,
202100047357,117 122,B01,3,2,0,2,8,9,1,
202100047358,117 120,A01,1,10,14,1,5,16,1,
202100047359,117 119,A01,2,7,0,1,2,17,1,
202100047360,117 117,A01,2,7,0,2,2,16,1,
202100047360,117 118,B01,2,2,0,2,3,1,1,
202100047361,117 116,A01,0,7,0,1,2,1,3,
202100047362,117 114,A01,1,15,0,2,2,16,1,
202100047362,117 115,B01,1,80,0,2,3,1,3,
202100047363,117 112,B01,2,1,0,2,1,1,5,
202100047363,117 113,A01,2,7,0,9,5,16,1,
202100047364,117 110,B01,0,1,0,0,0,0,5,
202100047364,117 111,A01,0,7,0,2,5,2,1,
202100047365,117 108,B01,3,1,0,2,4,16,5,
202100047365,117 109,A01,3,7,0,2,2,16,1,
202100047366,117 107,A01,1,2,0,0,0,16,1,
202100047367,117 106,A01,2,7,1,0,1,1,1,
202100047368,117 104,B01,1,7,0,2,1,1,2,
202100047368,117 105,A01,0,33,0,2,7,15,1,
202100047369,117 102,A01,1,7,0,2,1,13,1,
202100047369,117 103,B01,2,7,0,2,1,1,1,
202100047370,117 100,A01,0,7,0,2,6,26,0,
202100047370,117 101,B01,0,7,8,2,3,2,0,
202100047371,117 099,A01,1,0,0,1,1,26,0,
202100047372,117 097,A01,2,7,0,2,7,15,1,
202100047372,117 098,B01,1,32,0,2,1,1,1,
202100047373,117 095,B01,3,33,1,2,6,1,1,
202100047373,117 096,A01,3,7,0,2,1,19,1,
202100047374,117 093,B01,0,34,0,2,0,0,1,
202100047374,117 094,A01,0,7,0,2,3,20,1,
202100047375,117 091,B01,2,10,0,2,1,1,1,
202100047375,117 092,A01,1,7,0,2,8,19,1,
202100047376,117 089,B01,2,32,0,2,2,2,1,
202100047376,117 090,A01,1,7,0,2,3,9,1,
202100047377,117 087,B01,1,32,0,2,2,17,3,
202100047377,117 088,A01,2,7,0,2,3,10,1,
202100047378,117 085,B01,2,50,1,0,1,26,3,
202100047378,117 086,A01,1,38,0,2,7,24,1,1.0
202100047379,117 082,A01,1,7,0,2,1,2,1,
202100047379,117 083,B01,1,7,0,2,4,2,1,
202100047379,117 084,C01,1,7,0,2,6,2,1,
202100047380,117 080,A01,3,7,0,2,1,16,1,
202100047380,117 081,B01,2,7,0,2,5,1,1,
202100047381,117 078,A01,3,7,0,2,1,0,2,
202100047381,117 079,B01,3,7,0,2,5,0,1,
202100047382,117 076,B01,1,7,0,2,4,23,1,
202100047382,117 077,A01,1,30,0,2,1,2,1,
202100047383,117 073,C01,1,10,0,2,6,23,1,
202100047383,117 074,B01,1,7,0,2,7,1,1,
202100047383,117 075,A01,1,33,0,2,3,3,1,
202100047384,117 071,A01,1,7,0,2,1,1,1,
202100047384,117 072,B01,1,17,0,2,5,1,1,
202100047385,117 069,A01,2,7,0,2,3,1,1,
202100047385,117 070,B01,2,10,0,2,2,1,1,
202100047386,117 067,A01,2,80,0,2,7,1,3,
202100047386,117 068,B01,2,10,0,2,8,22,1,
202100047387,117 065,A01,2,7,1,2,2,9,1,
202100047387,117 066,B01,2,43,0,2,3,3,1,
202100047388,117 064,A01,3,7,0,1,3,1,1,
202100047389,117 063,A01,3,10,0,1,3,15,1,
202100047390,117 061,A01,1,7,0,2,5,15,2,
202100047390,117 062,B01,2,33,0,2,3,1,1,
202100047391,117 059,B01,3,7,0,2,5,2,1,
202100047391,117 060,A01,3,34,0,2,3,2,1,
202100047392,117 058,Z01,1,1,0,1,1,1,0,
202100047393,117 056,A01,2,50,0,2,7,1,3,
202100047393,117 057,B01,1,10,0,2,1,1,1,
202100047394,117 054,B01,3,10,0,2,8,2,1,
202100047394,117 055,A01,3,33,0,2,7,3,1,
202100047395,117 052,B01,2,43,0,2,7,5,1,
202100047395,117 053,A01,3,7,0,2,3,10,1,
202100047396,117 051,A01,2,1,0,0,0,21,5,
202100047397,117 049,A01,1,7,0,2,3,10,1,
202100047397,117 050,B01,1,30,0,2,1,1,1,
202100047398,117 047,B01,2,32,0,2,1,1,1,
202100047398,117 048,A01,2,7,0,2,3,15,1,
202100047399,117 045,A01,1,34,0,2,5,1,1,
202100047399,117 046,B01,1,7,0,0,1,0,1,
202100047400,117 043,A01,1,7,0,2,7,1,1,
202100047400,117 044,B01,1,1,0,2,8,1,5,
202100047401,117 041,B01,1,33,0,2,4,2,1,
202100047401,117 042,A01,1,7,0,2,1,2,1,
202100047402,117 039,B01,1,30,0,2,4,0,1,
202100047402,117 040,A01,1,7,0,2,1,0,1,
202100047403,117 037,B01,2,7,0,2,3,15,1,
202100047403,117 038,A01,2,33,0,2,1,11,1,
202100047404,117 036,A01,1,7,0,1,6,20,1,
202100047405,117 034,A01,2,7,1,2,0,13,1,
202100047405,117 035,B01,1,7,0,2,1,23,1,
202100047406,117 032,B01,-1,34,0,2,1,1,1,
202100047406,117 033,A01,-1,7,0,2,5,9,1,
202100047407,117 030,B01,0,33,0,2,1,2,1,
202100047407,117 031,A01,0,10,0,2,1,11,0,
202100047408,117 028,A01,1,32,0,2,1,2,1,
202100047408,117 029,B01,1,7,0,2,6,26,2,
202100047409,117 027,A01,1,32,12,0,7,1,1,
202100047410,117 025,A01,2,30,0,2,1,17,1,
202100047410,117 026,B01,2,10,0,2,8,15,1,
202100047411,117 024,A01,2,10,0,1,4,20,1,
202100047412,117 022,B01,1,32,0,2,2,21,1,
202100047412,117 023,A01,1,7,0,2,4,4,1,
202100047413,117 021,A01,2,7,0,1,1,20,1,
202100047414,117 020,A01,3,1,0,1,1,25,5,
202100047415,117 017,A01,1,31,0,2,1,1,1,
202100047415,117 018,B01,1,7,0,2,0,1,1,
202100047415,117 019,C01,1,7,0,2,0,1,1,
202100047416,117 015,A01,3,31,0,2,8,19,1,
202100047416,117 016,B01,3,31,0,2,1,1,1,
202100047417,117 014,A01,3,33,2,0,1,6,1,
202100047418,117 012,A01,1,33,8,2,1,17,1,
202100047418,117 013,B01,1,7,0,2,3,15,1,
202100047419,117 010,A01,1,7,0,2,1,2,1,
202100047419,117 011,B01,1,17,0,0,4,2,1,
202100047420,117 008,A01,2,7,0,2,1,1,1,
202100047420,117 009,B01,1,7,0,0,8,9,1,
202100047421,117 006,A01,2,31,0,2,8,1,1,
202100047421,117 007,B01,1,33,0,2,1,19,1,
202100047422,117 004,B01,0,7,0,2,3,1,1,
202100047422,117 005,A01,3,2,0,2,1,15,1,
202100047423,117 003,A01,2,7,0,0,9,1,1,
202100047424,117 002,A01,3,2,2,0,1,1,1,
202100047425,117 000,A01,2,7,0,2,3,13,1,
202100047425,117 001,B01,1,7,0,2,8,1,1,
202100047426,116 995,B01,1,21,0,2,3,1,1,
202100047426,116 996,A01,1,7,0,9,9,17,1,
202100047427,116 994,A01,2,7,2,0,1,14,1,
202100047428,116 992,B01,2,1,0,0,0,0,5,
202100047428,116 993,A01,1,7,0,9,1,1,0,
202100047429,116 990,B01,2,7,0,2,1,1,1,
202100047429,116 991,A01,2,7,0,2,8,15,1,
202100047430,116 988,A01,1,99,6,2,4,17,1,
202100047430,116 989,B01,1,99,0,2,0,2,1,
202100047431,116 987,A01,1,7,0,0,9,1,1,
202100047432,116 982,B01,1,7,0,9,1,23,1,
202100047432,116 983,A01,2,33,0,2,1,1,1,
202100047433,116 981,A01,1,7,0,0,9,5,1,
202100047434,116 978,A01,3,7,0,2,1,16,1,
202100047434,116 979,B01,3,1,0,2,6,9,5,
202100047435,116 977,A01,2,7,3,0,3,6,1,
202100047436,116 976,A01,1,7,13,0,1,1,1,
202100047437,116 974,A01,3,7,0,9,8,26,1,
202100047437,116 975,B01,3,50,0,2,1,1,3,
202100047438,116 973,A01,1,7,14,0,5,1,1,
202100047439,116 970,B01,2,7,0,2,4,2,1,
202100047439,116 971,A01,2,7,0,0,4,2,1,
202100047439,116 972,C01,2,7,0,2,1,2,1,
202100047440,116 968,B01,2,10,0,2,1,1,1,
202100047440,116 969,A01,1,7,0,2,1,5,1,
202100047441,116 966,A01,2,7,0,2,2,2,1,
202100047441,116 967,B01,2,7,0,0,4,2,1,
202100047442,116 965,A01,2,7,13,0,3,14,1,
202100047443,116 963,B01,0,36,15,0,3,17,1,
202100047443,116 964,A01,3,2,0,0,8,13,1,
202100047444,116 961,A01,3,7,0,2,2,2,1,
202100047444,116 962,B01,3,7,0,1,3,11,1,
202100047445,116 959,A01,1,7,0,2,2,1,1,
202100047445,116 960,B01,1,50,0,2,8,15,3,
202100047446,116 957,B01,2,7,0,2,1,1,1,
202100047446,116 958,A01,1,7,0,2,7,13,1,
202100047447,116 956,A01,1,7,9,0,1,0,1,
202100047448,116 954,A01,1,31,0,2,3,2,1,
202100047448,116 955,B01,1,7,0,0,5,15,0,
202100047449,116 952,B01,1,7,0,2,4,2,1,
202100047449,116 953,A01,1,2,0,2,1,2,1,
202100047450,116 950,A01,0,7,0,2,2,13,1,
202100047450,116 951,B01,0,7,0,2,3,1,1,
202100047451,116 948,A01,2,10,0,2,8,1,1,
202100047451,116 949,B01,1,14,0,2,1,1,1,
202100047452,116 945,A01,1,2,0,0,8,1,1,
202100047453,116 943,A01,2,7,0,2,1,19,1,
202100047453,116 944,B01,2,33,0,2,8,1,1,
202100047454,116 942,A01,2,7,6,0,1,1,1,
202100047455,116 941,A01,1,33,13,0,0,0,1,
202100047456,116 939,B01,1,7,0,2,4,0,1,
202100047456,116 940,A01,1,7,0,2,1,26,1,
202100047457,116 937,B01,2,15,0,2,2,12,1,
202100047457,116 938,A01,1,7,0,2,6,1,1,
202100047458,116 935,A01,1,7,0,2,2,3,1,
202100047458,116 936,B01,1,7,0,2,6,1,1,
202100047459,116 932,C01,1,7,0,2,4,1,1,
202100047459,116 933,B01,1,7,0,2,4,2,1,
202100047459,116 934,A01,1,7,0,2,1,2,1,
202100047460,116 931,A01,1,33,16,0,8,0,1,
202100047461,116 929,A01,2,43,0,2,1,2,1,
202100047461,116 930,B01,2,7,0,2,4,2,1,
202100047462,116 927,B01,1,7,0,2,4,11,1,
202100047462,116 928,A01,1,33,0,2,1,3,1,
202100047463,116 925,B01,1,7,0,2,4,2,1,
202100047463,116 926,A01,1,7,0,2,1,1,1,
202100047464,116 924,A01,1,7,3,0,3,1,1,
202100047465,116 922,A01,2,43,0,2,1,2,1,
202100047465,116 923,B01,2,7,0,2,6,1,2,
202100047466,116 919,B01,2,43,0,2,1,3,1,
202100047466,116 920,C01,2,10,0,2,7,23,1,
202100047466,116 921,A01,2,7,0,2,7,12,1,
202100047467,116 917,A01,1,2,0,2,1,1,1,
202100047467,116 918,B01,1,7,0,2,4,1,1,
202100047468,116 915,B01,2,2,0,2,1,1,1,
202100047468,116 916,A01,1,7,0,9,2,17,1,
202100047469,116 913,A01,3,7,0,2,1,13,1,
202100047469,116 914,B01,3,7,0,2,1,1,1,
202100047470,116 911,B01,1,7,0,9,8,16,1,
202100047470,116 912,A01,1,2,0,2,8,18,1,
202100047471,116 909,B01,2,7,0,2,2,15,1,
202100047471,116 910,A01,1,50,0,2,1,1,3,
202100047472,116 908,A01,2,7,0,1,4,4,1,
202100047473,116 906,A01,1,7,0,2,7,16,1,
202100047473,116 907,B01,1,2,0,2,1,18,1,
202100047474,116 905,A01,2,33,12,0,8,15,1,
202100047475,116 903,A01,1,30,0,2,1,17,1,
202100047475,116 904,B01,1,7,0,2,8,15,1,
202100047476,116 902,A01,1,7,0,1,3,1,1,
202100047477,116 900,A01,1,7,0,2,3,17,1,
202100047477,116 901,B01,2,7,0,2,3,1,1,
202100047478,116 897,C01,2,7,0,2,2,1,1,
202100047478,116 898,A01,1,7,0,2,1,13,1,
202100047478,116 899,B01,1,7,0,2,3,0,1,
202100047479,116 895,A01,2,10,0,4,2,16,1,
202100047479,116 896,B01,3,39,0,2,3,19,3,
202100047480,116 893,A01,0,7,0,2,2,10,1,
202100047480,116 894,B01,0,33,0,2,1,1,1,
202100047481,116 892,A01,0,10,0,1,7,1,1,
202100047482,116 890,B01,0,7,0,2,1,0,1,
202100047482,116 891,A01,0,7,0,2,2,1,1,
202100047483,116 889,A01,3,7,0,1,4,20,1,
202100047484,116 887,A01,1,1,0,2,1,19,5,
202100047484,116 888,B01,2,7,0,2,2,16,1,
202100047485,116 885,A01,0,7,0,2,1,1,1,
202100047485,116 886,B01,1,7,0,2,4,2,1,
202100047486,116 883,B01,2,7,0,2,3,1,1,
202100047486,116 884,A01,1,7,0,2,1,13,1,
202100047487,116 881,A01,2,7,0,2,1,5,1,
202100047487,116 882,B01,1,7,0,2,5,1,1,
202100047488,116 879,A01,1,7,0,2,4,23,2,
202100047488,116 880,B01,1,2,0,2,1,1,1,
202100047489,116 877,B01,3,34,0,2,1,1,1,
202100047489,116 878,A01,3,7,0,2,5,19,1,
202100047490,116 876,A01,2,30,0,0,3,17,1,
202100047491,116 874,A01,1,7,0,2,2,15,1,
202100047491,116 875,B01,2,7,0,2,1,1,1,
202100047492,116 872,A01,2,32,0,2,6,15,1,
202100047492,116 873,B01,2,7,0,2,1,2,1,
202100047493,116 870,A01,2,7,0,2,2,15,1,
202100047493,116 871,B01,1,1,0,2,2,1,5,
202100047494,116 868,A01,3,10,0,2,1,26,1,
202100047494,116 869,B01,3,2,0,2,1,26,1,
202100047495,116 864,D01,2,7,0,2,3,1,1,
202100047495,116 865,C01,1,7,0,2,6,1,1,
202100047495,116 866,B01,1,7,0,2,8,1,1,
202100047495,116 867,A01,1,7,0,2,1,17,1,
202100047496,116 863,A01,1,33,16,0,8,15,1,
202100047497,116 860,B01,2,7,0,2,1,1,1,
202100047497,116 861,C01,2,7,0,2,1,1,1,
202100047497,116 862,A01,2,7,0,2,9,1,1,
202100047498,116 859,A01,3,7,0,0,0,14,1,
202100047499,116 857,A01,2,7,0,2,2,19,1,
202100047499,116 858,B01,2,1,1,2,1,1,0,
202100047500,116 856,A01,3,7,0,1,1,1,1,
202100047501,116 854,A01,2,33,0,2,1,1,1,
202100047501,116 855,B01,1,7,0,2,1,15,1,
202100047502,116 852,A01,1,7,0,2,5,15,1,
202100047502,116 853,B01,2,43,0,2,1,18,1,
202100047503,116 850,A01,1,7,0,2,2,1,1,
202100047503,116 851,C01,1,99,0,2,4,26,1,
202100047504,116 848,A01,1,34,0,2,1,17,1,
202100047504,116 849,B01,1,10,0,2,4,15,1,
202100047505,116 847,Z01,1,7,0,1,2,20,1,
202100047506,116 845,A01,3,10,0,2,4,26,1,
202100047506,116 846,B01,3,21,0,2,7,0,0,
202100047507,116 843,A01,1,30,0,2,7,15,1,
202100047507,116 844,B01,0,7,0,2,2,1,0,
202100047508,116 841,A01,2,7,0,2,7,19,1,
202100047508,116 842,B01,1,7,0,2,3,1,1,
202100047509,116 839,A01,1,7,0,2,7,14,1,
202100047509,116 840,B01,1,30,0,2,8,1,1,
202100047510,116 837,A01,1,7,0,2,1,1,1,
202100047510,116 838,B01,1,7,0,2,4,23,0,
202100047511,116 836,A01,2,10,0,1,3,1,1,
202100047512,116 834,B01,0,1,0,2,8,19,5,
202100047512,116 835,A01,1,34,0,2,1,1,1,
202100047513,116 832,B01,2,7,0,2,4,1,1,
202100047513,116 833,A01,2,1,0,2,1,2,5,
202100047514,116 831,A01,3,10,0,1,2,26,1,
202100047515,116 830,A01,1,7,0,1,5,1,1,
202100047516,116 828,A01,1,7,0,2,8,9,1,
202100047516,116 829,B01,1,32,0,2,8,1,1,