Num_Acc,id_vehicule,num_veh,senc,catv,obs,obsm,choc,manv,motor,occutc
202100047809,116 297,A01,2,30,0,2,0,5,1,
202100047810,116 295,A01,2,7,0,1,4,4,1,
202100047811,116 293,A01,3,7,1,2,6,9,1,
202100047811,116 294,B01,3,10,1,2,1,17,0,
202100047812,116 291,B01,2,32,0,2,1,1,1,
202100047812,116 292,A01,1,7,0,2,3,15,1,
202100047813,116 289,A01,2,43,0,2,1,1,1,
202100047813,116 290,B01,2,7,0,2,3,15,1,
202100047814,116 287,B01,2,7,0,2,3,1,1,
202100047814,116 288,A01,1,7,0,2,3,13,1,
202100047815,116 286,A01,1,7,2,0,1,14,1,
202100047816,116 284,A01,1,7,0,2,1,1,0,
202100047816,116 285,B01,2,7,0,2,1,1,1,
202100047817,116 282,B01,3,43,0,2,1,1,1,
202100047817,116 283,A01,3,7,0,2,2,15,1,
202100047818,116 281,A01,2,7,0,1,3,1,1,
202100047819,116 279,A01,1,7,0,2,3,15,1,
202100047819,116 280,B01,1,2,0,2,1,15,1,
202100047820,116 277,A01,2,7,0,2,3,15,1,
202100047820,116 278,B01,1,43,0,2,1,17,1,
202100047821,116 276,A01,2,7,0,1,2,2,1,
202100047822,116 274,A01,1,30,1,2,1,18,1,
202100047822,116 275,B01,1,7,0,2,1,20,0,
202100047823,116 271,C01,1,7,0,2,3,1,1,
202100047823,116 272,B01,2,7,0,2,6,16,1,
202100047823,116 273,A01,2,30,0,2,1,17,1,
202100047824,116 269,A01,1,10,0,2,1,2,1,
202100047824,116 270,B01,1,7,0,2,4,23,1,
202100047825,116 267,B01,1,33,0,2,1,1,1,
202100047825,116 268,A01,1,7,0,2,6,11,1,
202100047826,116 266,A01,1,7,0,1,3,15,1,
202100047827,116 265,A01,1,30,0,0,0,1,1,
202100047828,116 263,A01,1,7,0,2,1,1,1,
202100047828,116 264,B01,2,43,0,2,8,9,1,
202100047829,116 262,A01,1,10,0,1,1,15,1,
202100047830,116 260,B01,2,32,0,2,1,1,1,
202100047830,116 261,A01,1,7,0,2,5,10,1,
202100047831,116 259,A01,2,7,0,1,2,1,1,
202100047832,116 258,A01,1,33,0,1,1,1,1,
202100047833,116 257,A01,2,60,12,0,1,14,5,
202100047834,116 255,A01,1,7,14,2,6,17,1,
202100047834,116 256,B01,3,7,1,2,1,15,1,
202100047835,116 253,A01,2,7,0,2,4,2,1,
202100047835,116 254,B01,2,7,0,2,1,2,0,
202100047836,116 252,A01,2,32,0,1,1,13,0,
202100047837,116 250,B01,2,30,0,2,1,0,1,
202100047837,116 251,A01,2,10,0,2,4,26,1,
202100047838,116 249,A01,1,7,0,1,1,15,1,
202100047839,116 248,B01,3,0,0,1,7,0,1,
202100047840,116 246,B01,3,7,0,2,8,1,1,
202100047840,116 247,A01,3,30,0,2,2,3,1,
202100047841,116 244,A01,3,7,0,2,8,15,1,
202100047841,116 245,B01,3,10,0,2,2,1,1,
202100047842,116 242,B01,0,7,0,2,1,23,1,
202100047842,116 243,A01,0,7,0,2,3,1,1,
202100047843,116 240,A01,2,33,0,2,1,1,1,
202100047843,116 241,B01,1,7,0,2,2,15,1,
202100047844,116 238,B01,1,1,0,2,1,1,5,
202100047844,116 239,A01,2,7,0,9,7,1,1,
202100047845,116 236,B01,1,80,0,2,1,1,3,
202100047845,116 237,A01,1,7,0,2,3,15,1,
202100047846,116 234,A01,1,30,0,2,7,17,1,
202100047846,116 235,B01,1,7,0,2,8,15,1,
202100047847,116 232,B01,2,33,0,2,1,1,1,
202100047847,116 233,A01,1,7,0,2,5,10,1,
202100047848,116 230,A01,2,2,0,2,1,2,1,
202100047848,116 231,B01,2,33,0,2,4,1,1,
202100047849,116 228,A01,1,7,0,2,3,9,1,
202100047849,116 229,B01,3,50,0,2,2,9,3,
202100047850,116 227,A01,0,7,0,1,1,9,1,
202100047851,116 225,B01,3,99,0,2,1,19,0,
202100047851,116 226,A01,3,7,0,2,1,1,1,
202100047852,116 224,A01,2,7,10,0,2,6,1,
202100047853,116 223,A01,1,31,0,0,0,2,1,
202100047854,116 220,C01,1,7,0,2,3,1,1,
202100047854,116 221,B01,1,7,0,2,1,1,1,
202100047854,116 222,A01,1,7,0,2,1,5,1,
202100047855,116 219,A01,3,2,1,0,1,1,1,
202100047856,116 218,A01,0,31,0,0,0,21,1,
202100047857,116 216,A01,1,7,0,2,1,1,1,
202100047857,116 217,B01,0,7,0,2,7,19,1,
202100047858,116 214,A01,0,7,0,2,2,11,1,
202100047858,116 215,B01,2,7,0,2,2,1,1,
202100047859,116 213,A01,3,32,0,0,0,1,1,
202100047860,116 211,B01,2,7,15,0,8,1,1,
202100047860,116 212,A01,1,7,0,2,7,1,1,
202100047861,116 210,A01,2,7,0,0,9,1,1,
202100047862,116 208,A01,1,7,0,2,1,13,1,
202100047862,116 209,B01,2,10,0,2,1,1,1,
202100047863,116 206,B01,0,7,0,0,6,0,1,
202100047863,116 207,A01,0,33,0,2,1,0,1,
202100047864,116 204,A01,1,34,0,2,8,1,1,
202100047864,116 205,B01,2,10,0,2,6,9,1,
202100047865,116 202,A01,2,10,0,2,3,13,1,
202100047865,116 203,B01,1,37,0,2,3,26,1,1.0
202100047866,116 200,B01,1,7,0,2,1,1,1,
202100047866,116 201,A01,2,7,0,2,3,5,1,
202100047867,116 199,A01,2,7,0,1,7,1,1,
202100047868,116 197,B01,2,14,0,2,1,1,1,
202100047868,116 198,A01,1,7,0,2,1,0,1,
202100047869,116 195,B01,1,1,0,2,1,1,5,
202100047869,116 196,A01,1,1,0,2,4,1,5,
202100047870,116 193,A01,1,1,0,2,1,1,5,
202100047870,116 194,B01,2,7,0,0,7,15,1,
202100047871,116 190,A01,2,15,0,0,0,1,0,
202100047871,116 191,C01,1,7,0,9,1,1,0,
202100047871,116 192,B01,1,7,0,9,6,1,1,
202100047872,116 170,A01,2,7,0,0,0,17,1,
202100047872,116 171,B01,1,7,3,9,3,13,1,
202100047872,116 172,K01,2,1,0,2,0,1,5,
202100047872,116 173,L01,2,1,0,9,0,1,5,
202100047872,116 174,M01,2,1,0,9,0,1,5,
202100047872,116 175,O01,2,1,0,9,0,1,5,
202100047872,116 176,P01,2,1,0,0,0,1,5,
202100047872,116 177,Q01,2,1,0,9,0,1,5,
202100047872,116 178,R01,2,1,0,0,0,1,5,
202100047872,116 179,S01,2,1,0,0,0,1,5,
202100047872,116 180,T01,2,1,0,0,0,1,5,
202100047872,116 181,C01,2,1,0,0,0,1,5,
202100047872,116 182,D01,2,1,0,2,0,1,5,
202100047872,116 183,E01,2,1,0,2,0,1,5,
202100047872,116 184,F01,2,1,0,2,0,1,5,
202100047872,116 185,G01,2,1,0,2,0,1,5,
202100047872,116 186,H01,2,1,0,2,1,1,5,
202100047872,116 187,I01,2,1,0,2,1,0,5,
202100047872,116 188,J01,2,1,0,2,1,0,5,
202100047872,116 189,N01,2,1,0,9,0,1,5,
202100047873,116 169,B01,2,7,1,0,1,2,1,
202100047874,116 167,B01,2,7,0,2,2,0,1,
202100047874,116 168,A01,1,7,0,2,2,13,1,
202100047875,116 166,A01,1,33,0,0,8,1,1,
202100047876,116 164,A01,2,7,3,2,2,17,1,
202100047876,116 165,B01,1,7,0,2,2,1,1,
202100047877,116 162,A01,1,2,0,2,3,1,1,
202100047877,116 163,B01,2,7,0,2,2,15,1,
202100047878,116 161,A01,2,7,2,0,1,14,1,
202100047879,116 160,A01,2,33,8,0,1,1,1,
202100047880,116 158,B01,2,7,7,2,3,2,1,
202100047880,116 159,A01,1,7,7,2,2,2,1,
202100047881,116 156,A01,3,2,0,2,1,13,1,
202100047881,116 157,B01,3,7,0,2,3,1,1,
202100047882,116 154,B01,2,34,0,0,2,2,1,
202100047882,116 155,A01,0,7,0,2,1,9,1,
202100047883,116 149,A01,2,7,0,2,1,13,1,
202100047883,116 150,B01,1,7,0,2,1,1,1,
202100047884,116 147,A01,2,10,0,2,4,1,1,
202100047884,116 148,B01,2,7,0,2,1,2,1,
202100047885,116 146,A01,2,31,14,0,3,1,1,
202100047886,116 143,A01,1,43,0,0,0,26,1,
202100047886,116 144,B01,1,7,0,0,0,0,1,
202100047886,116 145,C01,1,7,0,0,0,0,1,
202100047887,116 142,A01,1,7,4,0,1,14,1,
202100047888,116 140,A01,1,7,0,2,8,11,1,
202100047888,116 141,B01,1,15,0,2,2,1,1,
202100047889,116 137,C01,2,10,0,2,1,2,1,
202100047889,116 138,A01,2,34,0,2,1,2,1,
202100047889,116 139,B01,2,7,0,2,4,2,1,
202100047890,116 135,A01,1,7,0,2,1,1,1,
202100047890,116 136,B01,1,7,0,2,4,2,1,
202100047891,116 134,A01,2,7,3,0,1,13,1,
202100047892,116 132,A01,1,7,0,2,2,17,1,
202100047892,116 133,B01,1,7,0,2,3,26,1,
202100047893,116 128,D01,2,7,0,2,3,2,1,
202100047893,116 129,C01,2,33,0,2,1,2,1,
202100047893,116 130,B01,2,7,0,2,6,13,2,
202100047893,116 131,A01,2,14,0,2,2,2,1,
202100047894,116 125,A01,2,31,0,1,7,1,1,
202100047895,116 124,A01,2,30,0,1,1,1,1,
202100047896,116 122,A01,3,7,0,2,5,1,1,
202100047896,116 123,B01,3,7,0,2,1,1,1,
202100047897,116 120,A01,1,2,0,2,1,2,1,
202100047897,116 121,B01,1,7,0,2,4,15,1,
202100047898,116 118,B01,1,7,0,2,7,16,1,
202100047898,116 119,A01,1,2,0,2,1,9,1,
202100047899,116 115,A01,2,7,1,0,1,1,1,
202100047899,116 116,B01,1,7,1,2,4,0,1,
202100047899,116 117,C01,2,7,0,2,0,0,1,
202100047900,116 113,A01,2,13,0,2,1,1,1,
202100047900,116 114,B01,2,7,0,2,3,16,1,
202100047901,116 112,A01,2,7,8,0,1,1,1,
202100047902,116 111,A01,2,7,8,0,3,17,1,
202100047903,116 110,A01,2,7,4,0,1,13,1,
202100047904,116 108,B01,1,7,0,2,3,1,1,
202100047904,116 109,A01,2,7,0,2,6,19,0,
202100047905,116 106,A01,1,7,0,2,3,9,1,
202100047905,116 107,B01,2,33,0,2,7,2,1,
202100047906,116 105,A01,2,2,0,0,0,0,1,
202100047907,116 103,B01,1,7,0,2,1,1,1,
202100047907,116 104,A01,1,7,0,2,4,9,1,
202100047908,116 101,Z01,2,7,0,2,4,23,0,
202100047908,116 102,A01,2,7,0,2,1,1,1,
202100047909,116 098,C01,2,7,0,9,3,23,1,
202100047909,116 099,A01,2,7,0,2,3,15,1,
202100047909,116 100,B01,1,34,14,2,1,1,1,
202100047910,116 097,A01,3,7,0,1,2,1,1,
202100047911,116 096,A01,0,7,0,1,4,4,1,
202100047912,116 095,A01,2,7,0,1,1,15,1,
202100047913,116 093,A01,1,7,0,2,2,17,1,
202100047913,116 094,B01,1,15,0,2,3,1,1,
202100047914,116 087,A01,2,7,0,2,1,2,1,
202100047914,116 088,B01,2,7,0,2,4,2,1,
202100047914,116 089,C01,2,7,0,2,4,2,1,
202100047914,116 090,D01,2,7,0,2,4,2,1,
202100047914,116 091,E01,2,7,0,2,4,2,1,
202100047915,116 085,A01,1,17,0,2,7,0,1,
202100047915,116 086,B01,1,7,0,2,8,0,1,
202100047916,116 083,A01,3,7,0,2,1,9,1,
202100047916,116 084,B01,3,7,0,2,8,1,1,
202100047917,116 081,A01,2,7,0,2,1,19,1,
202100047917,116 082,B01,1,7,0,2,8,1,1,
202100047918,116 080,A01,2,7,0,1,1,1,1,
202100047919,116 079,A01,2,7,6,0,2,14,1,
202100047920,116 078,A01,1,7,8,0,1,13,2,
202100047921,116 076,A01,2,7,0,2,1,1,1,
202100047921,116 077,B01,2,30,0,0,4,23,1,
202100047922,116 075,A01,2,7,0,1,8,1,1,
202100047923,116 073,A01,1,7,0,2,1,26,1,
202100047923,116 074,B01,1,37,0,2,4,2,1,1.0
202100047924,116 072,A01,3,33,13,0,1,1,1,
202100047925,116 070,B01,2,7,0,2,6,1,1,
202100047925,116 071,A01,2,33,0,2,1,2,1,
202100047926,116 069,A01,3,7,13,0,3,1,1,
202100047927,116 067,A01,1,7,0,2,4,2,1,
202100047927,116 068,B01,1,7,0,2,1,2,1,
202100047928,116 065,A01,1,7,0,2,6,10,1,
202100047928,116 066,B01,2,7,0,2,1,1,1,
202100047929,116 063,B01,2,7,0,2,3,1,1,
202100047929,116 064,A01,1,14,13,2,3,1,1,
202100047930,116 061,B01,2,1,0,2,1,1,5,
202100047930,116 062,A01,2,7,0,9,3,15,1,
202100047931,116 060,A01,2,7,0,1,2,1,1,
202100047932,116 059,A01,0,7,2,0,1,1,1,
202100047933,116 058,A01,1,7,3,0,8,1,1,
202100047934,116 056,B01,2,7,0,2,6,1,1,
202100047934,116 057,A01,2,7,0,2,1,2,1,
202100047935,116 054,A01,1,7,0,2,1,17,1,
202100047935,116 055,B01,2,7,0,2,1,1,1,
202100047936,116 052,A01,2,7,9,2,1,1,1,
202100047936,116 053,B01,2,7,9,2,1,1,1,
202100047937,116 051,A01,1,7,0,1,1,1,1,
202100047938,116 049,B01,2,7,0,2,8,0,2,
202100047938,116 050,A01,1,7,0,2,1,13,1,
202100047939,116 047,B01,3,31,0,2,1,2,1,
202100047939,116 048,A01,3,7,0,2,1,10,1,
202100047940,116 046,A01,1,33,4,0,1,1,1,
202100047941,116 044,A01,0,31,0,2,1,2,1,
202100047941,116 045,B01,0,7,0,2,4,2,1,
202100047942,116 042,B01,1,80,0,2,7,1,3,
202100047942,116 043,A01,1,7,0,2,6,9,1,
202100047943,116 041,A01,1,2,0,0,7,1,1,
202100047944,116 038,B01,2,10,0,2,2,2,3,
202100047944,116 039,A01,2,7,0,2,6,21,1,
202100047945,116 036,A01,1,7,0,2,1,26,1,
202100047945,116 037,B01,1,2,0,2,4,1,1,
202100047946,116 034,B01,3,7,0,2,3,15,1,
202100047946,116 035,A01,3,32,0,2,1,3,1,
202100047947,116 032,B01,3,32,0,2,2,3,1,
202100047947,116 033,A01,3,7,0,2,3,15,1,
202100047948,116 030,A01,3,10,0,2,1,26,1,
202100047948,116 031,B01,3,7,0,2,4,26,1,
202100047949,116 029,A01,1,7,8,0,2,1,1,
202100047950,116 027,A01,2,31,0,2,1,1,1,
202100047950,116 028,B01,2,7,0,0,8,15,1,
202100047951,116 025,A01,0,7,0,2,8,15,1,
202100047951,116 026,B01,0,2,0,2,1,1,1,
202100047952,116 023,A01,1,31,0,2,2,3,1,
202100047952,116 024,B01,1,7,0,2,6,11,1,
202100047953,116 022,A01,2,31,1,0,2,14,1,
202100047954,116 021,A01,1,7,0,1,2,1,1,
202100047955,116 019,B01,1,7,0,2,3,22,1,
202100047955,116 020,A01,1,50,0,2,1,1,3,
202100047956,116 017,A01,2,33,0,2,3,1,1,
202100047956,116 018,B01,3,7,0,2,2,1,1,
202100047957,116 015,A01,2,1,0,2,1,5,5,
202100047957,116 016,B01,1,7,0,2,3,1,1,
202100047958,116 014,A01,1,7,0,1,1,1,1,
202100047959,116 012,A01,1,1,0,2,5,1,5,
202100047959,116 013,B01,1,7,0,2,1,1,1,
202100047960,116 010,B01,2,37,0,2,2,1,1,1.0
202100047960,116 011,A01,1,33,0,2,1,13,1,
202100047961,116 008,A01,3,37,0,2,6,16,2,1.0
202100047961,116 009,B01,3,37,1,0,5,24,1,2.0
202100047962,116 007,A01,0,7,0,1,2,1,1,
202100047963,116 006,A01,3,7,0,1,7,1,1,
202100047964,116 005,A01,1,7,0,1,3,1,1,
202100047965,116 003,A01,1,7,0,9,6,23,1,
202100047965,116 004,B01,1,33,14,0,2,17,0,
202100047966,116 001,A01,1,7,0,2,2,17,1,
202100047966,116 002,B01,1,7,0,2,4,15,1,
202100047967,116 000,A01,3,33,1,0,1,26,1,
202100047968,115 998,A01,2,7,0,2,2,15,1,
202100047968,115 999,B01,1,2,0,2,1,1,1,
202100047969,115 996,B01,1,30,0,2,7,16,1,
202100047969,115 997,A01,1,7,0,2,3,16,1,
202100047970,115 993,C01,2,7,0,2,4,23,1,
202100047970,115 994,B01,2,7,1,2,1,23,1,
202100047970,115 995,A01,2,10,0,2,1,2,1,
202100047971,115 992,A01,3,7,1,0,2,26,1,
202100047972,115 990,B01,1,37,0,2,4,1,1,2.0
202100047972,115 991,A01,1,14,0,2,1,2,1,
202100047973,115 988,A01,2,7,0,2,3,2,1,
202100047973,115 989,B01,2,33,0,2,2,2,1,
202100047974,115 987,A01,1,7,1,0,3,1,1,
202100047975,115 986,B01,1,1,0,2,1,1,0,
202100047976,115 985,A01,2,43,0,0,0,1,1,
202100047977,115 983,B01,2,10,4,2,1,2,1,
202100047977,115 984,A01,2,7,4,0,5,2,1,
202100047978,115 981,A01,2,7,6,2,2,17,1,
202100047978,115 982,B01,2,7,0,2,3,1,1,
202100047979,115 979,A01,1,7,0,9,3,1,1,
202100047979,115 980,B01,2,1,0,2,7,1,5,
202100047980,115 977,A01,3,1,15,2,1,1,6,
202100047980,115 978,B01,3,7,0,9,1,1,1,
202100047981,115 975,B01,1,33,0,2,1,2,1,
202100047981,115 976,A01,1,10,0,2,6,10,1,
202100047982,115 974,A01,1,7,0,9,2,0,1,
202100047983,115 973,A01,2,33,0,0,1,13,1,
202100047984,115 971,A01,1,7,9,2,3,1,1,
202100047984,115 972,B01,2,7,0,2,2,15,1,
202100047985,115 968,A01,1,33,0,2,1,0,1,
202100047985,115 969,B01,2,7,6,2,3,1,1,
202100047986,115 966,B01,2,10,0,2,1,1,1,
202100047986,115 967,A01,1,7,0,2,1,13,1,
202100047987,115 963,A01,3,1,0,2,8,18,5,
202100047987,115 964,C01,3,7,0,2,3,1,1,
202100047987,115 965,B01,3,7,0,2,2,15,1,
202100047988,115 962,A01,2,7,6,0,0,13,1,
202100047989,115 960,A01,2,7,0,2,7,19,1,
202100047989,115 961,B01,2,7,0,2,1,1,1,
202100047990,115 958,A01,1,14,0,2,2,1,1,
202100047990,115 959,B01,1,1,0,2,8,19,5,
202100047991,115 956,A01,1,7,17,0,2,14,1,
202100047992,115 955,A01,2,33,4,0,8,13,1,
202100047993,115 954,A01,2,33,0,0,0,0,1,
202100047994,115 952,B01,0,1,0,2,8,16,0,
202100047994,115 953,A01,0,7,0,2,8,1,1,
202100047995,115 950,A01,1,7,0,2,3,13,1,
202100047995,115 951,B01,2,7,0,2,3,1,1,
202100047996,115 948,A01,2,2,1,0,2,2,1,
202100047996,115 949,B01,2,7,0,0,6,24,1,
202100047997,115 946,B01,2,7,0,2,1,1,1,
202100047997,115 947,A01,0,7,0,2,8,19,1,
202100047998,115 939,A01,3,7,2,0,0,1,1,
202100047999,115 938,A01,1,7,0,1,2,15,1,
202100048000,115 937,A01,2,7,3,0,1,13,1,
202100048001,115 936,A01,2,7,15,0,1,21,1,
202100048002,115 935,A01,1,7,6,0,6,1,1,
202100048003,115 933,A01,2,7,0,2,1,2,1,
202100048003,115 934,B01,2,7,0,2,4,2,1,
202100048004,115 932,A01,1,7,10,0,1,14,1,
202100048005,115 931,A01,1,33,0,0,7,1,1,
202100048006,115 930,A01,1,7,4,0,3,1,1,
202100048007,115 928,B01,1,33,0,2,3,1,1,
202100048007,115 929,A01,1,10,0,2,2,12,1,
202100048008,115 927,A01,2,7,3,0,1,1,1,
202100048009,115 925,A01,1,7,0,2,1,2,1,
202100048009,115 926,B01,1,43,3,2,4,2,1,
202100048010,115 923,A01,1,7,0,2,1,14,1,
202100048010,115 924,B01,1,7,0,2,4,1,1,
202100048011,115 922,A01,2,7,3,0,9,0,1,
202100048012,115 921,A01,1,7,17,0,1,13,1,
202100048013,115 919,A01,1,7,0,2,3,9,1,
202100048013,115 920,B01,1,33,0,2,2,1,1,
202100048014,115 918,A01,2,40,0,1,2,1,3,
202100048015,115 917,A01,1,32,0,1,1,2,1,
202100048016,115 915,A01,2,7,0,2,1,2,1,
202100048016,115 916,B01,2,7,0,2,4,2,1,
202100048017,115 913,B01,1,30,0,2,1,1,1,
202100048017,115 914,A01,2,7,0,2,7,15,1,
202100048018,115 911,A01,3,1,1,0,5,1,5,
202100048018,115 912,B01,3,7,1,2,5,24,1,
202100048019,115 910,A01,1,7,0,1,7,16,1,
202100048020,115 909,A01,1,7,0,1,1,1,1,
202100048021,115 908,A01,2,30,16,0,1,26,0,
202100048022,115 907,A01,3,31,0,1,1,1,1,
202100048023,115 904,A01,0,7,1,0,1,23,2,
202100048023,115 905,C01,0,7,0,0,4,24,1,
202100048023,115 906,B01,0,7,1,0,4,23,1,
202100048024,115 900,B01,1,1,0,2,8,1,5,
202100048024,115 901,A01,1,10,0,2,1,1,1,
202100048025,115 898,B01,1,33,0,2,3,1,1,
202100048025,115 899,A01,2,7,0,2,3,15,1,
202100048026,115 896,A01,0,7,0,2,3,20,1,
202100048026,115 897,B01,0,7,0,2,5,20,0,
202100048027,115 895,A01,3,7,0,1,0,9,1,
202100048028,115 893,A01,1,7,0,2,3,1,1,
202100048028,115 894,B01,1,7,0,2,6,15,1,
202100048029,115 890,A01,2,7,0,2,2,19,1,
202100048029,115 891,B01,1,1,0,2,1,1,5,
202100048029,115 892,C01,1,1,0,2,1,1,5,
202100048030,115 889,A01,1,7,4,0,1,14,1,
202100048031,115 888,A01,2,32,8,0,1,25,1,
202100048032,115 886,A01,1,30,0,2,3,11,1,
202100048032,115 887,B01,1,7,0,2,2,1,1,
202100048033,115 884,A01,1,7,0,2,2,1,1,
202100048033,115 885,B01,1,50,0,2,3,1,3,
202100048034,115 882,B01,3,32,0,2,3,1,1,
202100048034,115 883,A01,3,10,0,2,5,16,1,
202100048035,115 880,A01,2,30,0,2,2,1,1,
202100048035,115 881,B01,2,33,0,2,8,1,1,
202100048036,115 878,B01,2,7,0,2,2,16,1,
202100048036,115 879,A01,2,32,0,2,3,18,1,
202100048037,115 876,B01,2,30,0,2,8,17,3,
202100048037,115 877,A01,1,7,0,2,8,22,1,
202100048038,115 874,Z01,1,1,0,2,0,13,5,
202100048038,115 875,A01,1,50,1,2,1,21,3,
202100048039,115 873,A01,2,30,1,0,7,14,1,
202100048040,115 871,Z01,3,30,0,2,0,1,0,
202100048040,115 872,A01,1,30,0,2,7,1,1,
202100048041,115 870,A01,1,43,1,0,7,21,1,
202100048042,115 868,B01,2,7,0,2,5,23,1,
202100048042,115 869,A01,2,31,0,2,1,2,1,
202100048043,115 867,A01,1,30,0,0,0,1,1,
202100048044,115 865,Z01,1,7,0,2,0,0,1,
202100048044,115 866,A01,1,7,11,0,4,26,1,
202100048045,115 864,V01,0,1,0,1,1,1,5,
202100048046,115 863,A01,2,10,8,0,1,26,0,
202100048047,115 861,B01,0,7,0,2,2,12,2,
202100048047,115 862,A01,0,99,0,2,3,26,1,
202100048048,115 859,B01,1,7,1,2,8,20,1,
202100048048,115 860,A01,1,7,1,2,1,1,1,
202100048049,115 857,B01,2,7,7,0,4,2,1,
202100048049,115 858,A01,2,7,7,2,1,2,1,
202100048050,115 855,B01,3,7,0,9,4,1,0,
202100048050,115 856,A01,0,32,0,2,1,2,1,
202100048051,115 853,B01,1,7,0,2,3,15,1,
202100048051,115 854,A01,1,7,6,1,1,1,1,
202100048052,115 851,A01,1,7,0,2,1,13,1,
202100048052,115 852,B01,2,37,0,2,1,1,1,4.0
202100048053,115 849,A01,1,33,0,2,6,26,1,
202100048053,115 850,B01,1,7,0,2,2,12,1,
202100048054,115 847,B01,2,7,0,2,2,1,2,
202100048054,115 848,A01,1,7,13,2,1,1,1,
202100048055,115 846,A01,2,7,4,0,8,2,2,
202100048056,115 843,A01,1,7,0,2,2,15,1,
202100048056,115 844,B01,2,7,0,2,1,1,1,
202100048056,115 845,C01,1,7,0,2,3,1,1,
202100048057,115 841,B01,1,15,0,0,8,1,1,
202100048057,115 842,A01,1,7,4,2,8,1,1,
202100048058,115 840,A01,2,7,13,0,3,0,1,
202100048059,115 839,A01,1,10,13,0,9,1,1,
202100048060,115 836,A01,2,7,0,0,4,23,1,
202100048060,115 837,B01,2,7,0,2,4,23,1,
202100048060,115 838,C01,2,33,1,0,1,2,1,
202100048061,115 835,A01,2,7,13,0,1,0,1,
202100048062,115 833,A01,1,7,0,2,5,5,1,
202100048062,115 834,B01,2,14,0,2,1,1,1,
202100048063,115 831,A01,2,7,0,2,3,13,1,
202100048063,115 832,B01,2,10,0,2,3,1,1,
202100048064,115 830,A01,1,10,0,1,3,15,1,
202100048065,115 829,A01,2,36,0,0,0,1,1,
202100048066,115 828,A01,1,7,6,0,1,1,1,
202100048067,115 827,A01,2,7,13,0,2,19,1,
202100048068,115 825,A01,1,7,0,0,0,17,1,
202100048068,115 826,B01,1,33,0,0,0,17,1,
202100048069,115 823,A01,1,7,0,2,3,13,1,
202100048069,115 824,B01,2,7,0,2,3,1,1,
202100048070,115 822,A01,2,7,6,0,3,0,1,
202100048071,115 821,A01,1,33,2,0,2,2,1,
202100048072,115 818,A01,2,33,13,0,9,17,1,
202100048073,115 817,A01,1,7,6,0,2,1,1,
202100048074,115 816,A01,1,7,0,0,0,1,0,
202100048075,115 813,A01,1,7,0,2,7,15,1,
202100048075,115 814,C01,1,7,0,2,1,1,1,
202100048075,115 815,B01,2,2,0,2,1,1,1,
202100048076,115 811,B01,0,1,0,0,4,1,5,
202100048076,115 812,A01,0,7,0,2,1,1,1,
202100048077,115 810,A01,1,7,13,0,2,1,1,
202100048078,115 808,A01,3,32,0,2,1,13,1,
202100048078,115 809,B01,3,7,0,2,2,1,1,
202100048079,115 807,A01,2,7,16,0,1,2,1,
202100048080,115 806,A01,2,7,13,0,0,1,1,
202100048081,115 804,B01,1,7,0,0,4,2,1,
202100048081,115 805,A01,1,7,0,2,1,2,1,
202100048082,115 802,B01,2,7,0,2,3,1,1,
202100048082,115 803,A01,1,34,0,2,0,13,0,
202100048083,115 801,A01,2,7,0,1,2,1,1,
202100048084,115 800,A01,2,7,15,0,1,1,1,
202100048085,115 798,A01,2,32,0,2,1,1,1,
202100048085,115 799,B01,2,30,0,2,4,1,1,
202100048086,115 796,A01,1,7,0,2,4,26,1,
202100048086,115 797,B01,1,7,0,2,1,2,1,
202100048087,115 795,A01,1,33,0,0,0,13,1,
202100048088,115 793,B01,3,1,0,0,4,19,5,
202100048088,115 794,A01,2,7,0,2,2,1,1,
202100048089,115 792,A01,2,17,1,0,2,2,1,
202100048090,115 791,A01,0,20,0,1,2,16,1,
202100048091,115 790,A01,1,33,15,0,7,1,1,
202100048092,115 789,A01,2,7,13,0,1,1,1,
202100048093,115 787,B01,2,14,6,2,2,13,1,
202100048093,115 788,A01,1,7,0,2,7,13,1,
202100048094,115 785,B01,1,7,0,2,1,1,1,
202100048094,115 786,A01,1,7,0,0,8,15,1,
202100048095,115 784,A01,1,7,2,0,1,0,1,
202100048096,115 782,A01,1,7,0,2,2,1,1,
202100048096,115 783,B01,1,7,0,0,3,19,1,
202100048097,115 781,A01,1,10,0,1,3,1,1,
202100048098,115 779,A01,1,7,0,2,1,19,1,
202100048098,115 780,B01,2,17,0,2,1,2,1,
202100048099,115 776,C01,2,7,3,2,1,5,1,
202100048099,115 777,B01,2,7,3,2,2,3,1,
202100048099,115 778,A01,2,7,3,2,8,2,1,
202100048100,115 773,B01,1,7,0,2,5,1,1,
202100048100,115 774,A01,1,7,0,2,4,1,2,
202100048100,115 775,C01,1,7,0,2,3,21,2,
202100048101,115 772,A01,1,7,4,0,2,14,1,
202100048102,115 770,B01,2,10,0,2,1,2,1,
202100048102,115 771,A01,2,10,0,2,4,1,1,
202100048103,115 767,A01,1,7,0,2,4,9,1,
202100048103,115 768,B01,1,7,0,0,4,2,1,
202100048103,115 769,C01,1,7,1,0,1,1,1,
202100048104,115 765,B01,2,7,0,2,3,2,1,
202100048104,115 766,A01,2,10,0,2,5,2,1,
202100048105,115 763,A01,2,33,0,2,1,2,1,
202100048105,115 764,B01,2,7,0,2,5,23,1,