Num_Acc,id_vehicule,num_veh,senc,catv,obs,obsm,choc,manv,motor,occutc
202100048409,115 230,A01,3,7,0,1,2,1,1,
202100048410,115 228,A01,3,30,0,2,1,2,1,
202100048410,115 229,B01,3,7,0,2,4,2,1,
202100048411,115 226,B01,3,7,0,2,1,1,1,
202100048411,115 227,A01,0,31,0,2,1,2,1,
202100048412,115 224,A01,1,7,0,2,1,1,6,
202100048412,115 225,B01,1,7,0,2,5,0,1,
202100048413,115 221,B01,1,7,0,2,1,1,1,
202100048413,115 222,A01,1,7,0,2,1,1,1,
202100048413,115 223,C01,1,7,0,2,4,1,1,
202100048414,115 218,A01,3,14,3,2,1,2,1,
202100048414,115 219,B01,3,7,3,2,9,2,2,
202100048414,115 220,C01,3,7,0,2,6,2,1,
202100048415,115 216,A01,1,10,0,2,3,9,1,
202100048415,115 217,B01,1,7,0,2,1,1,1,
202100048416,115 214,A01,1,7,0,2,1,15,1,
202100048416,115 215,B01,1,7,0,2,1,1,1,
202100048417,115 213,A01,1,7,0,9,7,21,1,
202100048418,115 211,A01,0,7,0,2,8,15,1,
202100048418,115 212,B01,2,33,0,2,1,1,1,
202100048419,115 209,A01,1,32,1,2,8,24,1,
202100048419,115 210,Z01,1,7,1,2,0,2,1,
202100048420,115 207,B01,1,2,0,2,1,2,1,
202100048420,115 208,A01,2,7,0,2,2,15,1,
202100048421,115 206,A01,1,31,0,1,1,25,1,
202100048422,115 204,B01,2,34,0,2,4,1,0,
202100048422,115 205,A01,2,7,0,2,1,2,0,
202100048423,115 202,B01,1,1,0,2,1,26,5,
202100048423,115 203,A01,1,7,0,2,7,1,0,
202100048424,115 201,A01,1,34,12,0,1,1,1,
202100048425,115 200,A01,2,7,1,0,1,1,1,
202100048426,115 198,B01,1,7,0,0,4,23,1,
202100048426,115 199,A01,1,7,0,2,1,1,1,
202100048427,115 196,B01,3,10,0,2,8,15,1,
202100048427,115 197,A01,3,33,0,2,1,17,1,
202100048428,115 195,A01,2,7,0,1,1,1,1,
202100048429,115 193,A01,2,33,0,2,3,2,1,
202100048429,115 194,B01,2,10,0,2,5,2,1,
202100048430,115 190,A01,1,33,0,2,1,3,1,
202100048430,115 191,B01,1,33,0,2,4,11,1,
202100048430,115 192,C01,1,10,0,2,7,1,1,
202100048431,115 189,A01,1,7,0,1,2,1,1,
202100048432,115 187,B01,1,80,0,2,8,1,3,
202100048432,115 188,A01,1,7,0,2,7,22,1,
202100048433,115 186,A01,1,7,0,1,2,1,1,
202100048434,115 184,B01,1,7,0,2,5,2,1,
202100048434,115 185,A01,1,30,0,2,1,2,1,
202100048435,115 182,A01,1,1,0,2,0,1,5,
202100048435,115 183,Z01,2,1,0,2,0,1,5,
202100048436,115 180,B01,2,30,0,2,1,1,1,
202100048436,115 181,A01,1,7,0,2,2,15,1,
202100048437,115 178,B01,1,50,0,2,0,1,3,
202100048437,115 179,A01,1,7,0,2,8,15,1,
202100048438,115 176,B01,1,10,0,2,8,22,1,
202100048438,115 177,A01,1,1,0,2,7,1,5,
202100048439,115 174,B01,1,1,0,2,2,2,5,
202100048439,115 175,A01,1,7,0,2,8,22,1,
202100048440,115 171,C01,1,43,0,2,0,1,1,
202100048440,115 172,B01,1,34,0,2,1,1,1,
202100048440,115 173,A01,2,7,0,2,0,15,1,
202100048441,115 169,B01,3,30,0,2,3,15,1,
202100048441,115 170,A01,3,7,0,2,1,1,1,
202100048442,115 168,A01,1,1,0,0,0,21,5,
202100048443,115 166,B01,2,1,0,2,1,1,5,
202100048443,115 167,A01,1,1,0,2,1,17,5,
202100048444,115 165,A01,2,7,0,1,4,20,1,
202100048445,115 164,A01,1,7,0,1,1,26,1,
202100048446,115 162,A01,1,30,0,2,9,1,0,
202100048446,115 163,B01,2,7,0,2,3,1,1,
202100048447,115 161,A01,1,10,7,0,1,1,1,
202100048448,115 159,B01,1,1,0,2,1,1,5,
202100048448,115 160,A01,1,10,0,2,3,13,1,
202100048449,115 156,C01,2,7,0,2,4,1,1,
202100048449,115 157,B01,2,7,0,2,4,1,1,
202100048449,115 158,A01,2,7,0,2,1,1,1,
202100048450,115 155,A01,1,7,0,1,1,15,1,
202100048451,115 154,Z01,0,30,0,2,0,26,0,
202100048452,115 152,A01,-1,14,0,2,8,2,1,
202100048452,115 153,B01,-1,30,0,2,7,2,1,
202100048453,115 150,A01,1,10,8,0,7,26,1,
202100048453,115 151,B01,1,10,0,2,1,0,1,
202100048454,115 149,Z01,0,99,0,1,0,26,0,
202100048455,115 148,A01,1,7,0,1,3,13,1,
202100048456,115 146,A01,1,32,0,2,1,2,1,
202100048456,115 147,B01,1,7,0,2,4,2,1,
202100048457,115 144,A01,2,7,0,2,2,26,1,
202100048457,115 145,B01,2,7,0,2,3,15,1,
202100048458,115 142,A01,2,7,0,2,1,2,1,
202100048458,115 143,B01,1,7,0,2,4,23,1,
202100048459,115 140,A01,2,7,12,1,9,23,2,
202100048459,115 141,B01,2,10,0,2,1,2,1,
202100048460,115 138,B01,1,10,0,2,6,20,1,
202100048460,115 139,A01,1,31,0,2,2,2,1,
202100048461,115 137,A01,0,7,0,0,9,1,1,
202100048462,115 135,B01,1,1,0,2,6,1,5,
202100048462,115 136,A01,1,10,0,2,2,2,1,
202100048463,115 134,A01,2,7,13,0,2,1,1,
202100048464,115 132,B01,1,7,0,2,4,2,1,
202100048464,115 133,A01,1,7,0,2,1,2,1,
202100048465,115 131,A01,1,7,0,0,0,1,1,
202100048466,115 129,A01,2,7,0,2,1,1,1,
202100048466,115 130,B01,1,7,0,2,1,13,1,
202100048467,115 128,A01,1,10,13,0,2,0,1,
202100048468,115 126,B01,1,7,0,2,3,15,1,
202100048468,115 127,A01,1,7,8,2,2,17,1,
202100048469,115 125,A01,2,7,1,0,8,26,1,
202100048470,115 124,A01,2,7,2,0,0,13,1,
202100048471,115 122,A01,2,15,0,2,6,1,1,
202100048471,115 123,B01,1,7,0,2,3,1,1,
202100048472,115 121,A01,1,7,0,1,1,16,0,
202100048473,115 120,A01,2,7,2,0,9,14,1,
202100048474,115 118,B01,1,10,0,2,2,1,1,
202100048474,115 119,A01,2,33,0,2,8,1,1,
202100048475,115 117,A01,1,33,13,0,1,1,1,
202100048476,115 115,B01,2,7,0,2,2,1,1,
202100048476,115 116,A01,2,7,0,2,3,9,1,
202100048477,115 112,C01,2,7,0,2,1,1,1,
202100048477,115 113,B01,2,7,0,2,1,1,1,
202100048477,115 114,A01,1,7,0,2,1,5,1,
202100048478,115 109,A01,1,1,0,2,3,21,5,
202100048478,115 110,C01,1,15,0,0,0,1,1,
202100048478,115 111,B01,2,15,0,2,3,1,1,
202100048479,115 108,A01,2,3,1,0,2,1,1,
202100048480,115 106,B01,2,7,0,0,3,1,1,
202100048480,115 107,A01,1,7,0,0,8,19,1,
202100048481,115 104,B01,2,7,0,2,8,1,1,
202100048481,115 105,A01,1,10,0,2,3,13,1,
202100048482,115 103,A01,2,7,6,0,9,14,1,
202100048483,115 101,A01,3,7,0,2,3,15,1,
202100048483,115 102,B01,2,2,0,2,1,1,1,
202100048484,115 098,A01,2,7,0,2,3,11,1,
202100048484,115 099,B01,2,15,0,0,5,1,1,
202100048484,115 100,C01,2,7,0,2,7,17,1,
202100048485,115 097,A01,2,7,4,0,3,1,1,
202100048486,115 095,B01,1,7,0,2,1,1,1,
202100048486,115 096,A01,2,7,0,2,7,13,1,
202100048487,115 093,A01,1,7,0,0,4,23,1,
202100048487,115 094,B01,1,7,0,0,1,26,1,
202100048488,115 091,A01,1,10,0,0,0,0,1,
202100048489,115 089,A01,2,2,0,2,1,17,1,
202100048489,115 090,B01,1,7,0,2,1,1,1,
202100048490,115 087,B01,1,7,0,0,3,1,1,
202100048490,115 088,A01,2,7,0,0,3,13,1,
202100048491,115 084,B01,2,7,0,2,1,2,1,
202100048491,115 085,A01,2,7,0,2,4,1,1,
202100048492,115 082,A01,1,7,0,2,4,1,1,
202100048492,115 083,B01,1,7,0,2,1,2,1,
202100048493,115 080,A01,1,14,0,2,5,12,1,
202100048493,115 081,B01,1,7,0,2,3,1,1,
202100048494,115 078,B01,2,17,0,2,6,1,1,
202100048494,115 079,A01,2,10,0,2,2,14,1,
202100048495,115 076,A01,2,33,0,2,3,1,1,
202100048495,115 077,B01,2,7,0,2,8,11,1,
202100048496,115 074,A01,2,7,0,0,0,26,1,
202100048496,115 075,B01,2,7,0,0,0,0,1,
202100048497,115 072,A01,2,14,0,2,0,1,1,
202100048497,115 073,B01,2,7,0,2,3,2,1,
202100048498,115 069,A01,2,7,0,2,1,2,1,
202100048498,115 070,B01,2,7,0,2,4,2,1,
202100048498,115 071,C01,2,7,0,2,4,2,2,
202100048499,115 067,B01,1,30,0,2,2,12,1,
202100048499,115 068,A01,1,15,0,2,6,1,1,
202100048500,115 065,A01,2,33,0,2,1,3,1,
202100048500,115 066,B01,2,10,0,2,8,11,1,
202100048501,115 064,A01,0,39,0,1,1,1,0,
202100048502,115 063,A01,2,7,0,1,1,1,1,
202100048503,115 061,A01,2,33,0,2,2,16,1,
202100048503,115 062,B01,1,7,0,2,3,1,1,
202100048504,115 059,A01,2,7,0,2,1,9,1,
202100048504,115 060,B01,2,7,0,2,4,23,1,
202100048505,115 058,A01,3,1,0,1,1,1,5,
202100048506,115 056,B01,3,1,0,0,4,15,0,
202100048506,115 057,A01,3,7,0,9,1,16,1,
202100048507,115 054,B01,1,7,0,2,6,21,1,
202100048507,115 055,A01,1,7,0,2,2,2,1,
202100048508,115 052,A01,1,7,0,2,3,9,1,
202100048508,115 053,B01,3,1,0,2,0,0,5,
202100048509,115 051,Z01,2,7,0,1,1,16,0,
202100048510,115 050,A01,3,7,0,2,1,17,1,
202100048511,115 047,C01,3,7,1,2,8,0,1,
202100048511,115 048,B01,3,2,0,2,3,1,1,
202100048511,115 049,A01,3,7,0,2,1,13,1,
202100048512,115 046,A01,3,32,0,2,3,17,1,
202100048513,115 045,Z01,3,37,0,1,2,1,1,1.0
202100048514,115 043,A01,2,14,0,2,1,1,1,
202100048514,115 044,B01,2,7,0,0,4,1,1,
202100048515,115 041,B01,2,7,0,2,4,0,1,
202100048515,115 042,A01,2,2,0,2,1,1,1,
202100048516,115 039,A01,2,7,0,2,8,9,1,
202100048516,115 040,B01,1,30,0,2,1,1,1,
202100048517,115 037,B01,1,7,0,2,6,23,0,
202100048517,115 038,A01,1,7,0,2,3,1,0,
202100048518,115 035,A01,1,14,0,2,1,13,1,
202100048518,115 036,B01,2,17,0,2,3,1,1,
202100048519,115 032,A01,2,7,15,0,1,1,1,
202100048520,115 030,A01,1,7,1,2,3,23,1,
202100048520,115 031,B01,1,1,14,0,2,25,0,
202100048521,115 027,A01,1,10,0,2,1,2,1,
202100048521,115 028,C01,1,7,0,2,4,23,1,
202100048521,115 029,B01,1,7,0,2,4,23,1,
202100048522,115 025,A01,1,32,0,2,1,1,1,
202100048522,115 026,B01,2,7,0,2,1,15,1,
202100048523,115 023,B01,2,7,0,2,6,15,1,
202100048523,115 024,A01,1,7,0,2,3,1,1,
202100048524,115 021,B01,1,1,0,2,7,19,5,
202100048524,115 022,A01,2,7,0,2,1,1,1,
202100048525,115 019,A01,1,10,0,2,1,1,1,
202100048525,115 020,B01,2,1,0,2,0,0,5,
202100048526,115 017,A01,1,7,0,2,1,15,1,
202100048526,115 018,B01,2,7,0,2,8,1,1,
202100048527,115 015,B01,2,7,0,2,0,0,1,
202100048527,115 016,A01,1,2,0,2,1,13,1,
202100048528,115 012,A01,2,7,8,2,1,1,1,
202100048528,115 013,C01,3,7,0,2,3,1,1,
202100048528,115 014,B01,3,7,0,2,6,1,1,
202100048529,115 010,A01,2,80,0,2,3,15,3,
202100048529,115 011,B01,2,7,0,2,2,23,1,
202100048530,115 008,A01,2,10,0,2,1,1,1,
202100048530,115 009,B01,1,1,0,2,3,15,5,
202100048531,115 006,B01,2,7,0,2,1,1,1,
202100048531,115 007,A01,1,7,0,2,7,15,1,
202100048532,115 004,A01,1,2,0,2,7,15,1,
202100048532,115 005,B01,2,7,0,2,2,1,1,
202100048533,115 002,B01,3,7,0,2,4,1,1,
202100048533,115 003,A01,3,1,0,2,1,2,5,
202100048534,115 000,A01,1,30,0,2,2,12,1,
202100048534,115 001,B01,2,30,0,2,3,1,1,
202100048535,114 998,A01,1,7,0,2,7,12,1,
202100048535,114 999,B01,1,1,0,2,8,0,5,
202100048536,114 995,B01,0,7,0,2,4,23,1,
202100048536,114 996,C01,1,7,0,0,4,23,1,
202100048536,114 997,A01,1,37,0,2,1,2,6,1.0
202100048537,114 993,A01,3,7,0,2,2,21,1,
202100048537,114 994,B01,3,7,0,2,3,9,1,
202100048538,114 991,A01,1,17,0,2,3,15,1,
202100048538,114 992,B01,1,7,0,2,0,1,1,
202100048539,114 989,B01,1,10,0,2,1,1,1,
202100048539,114 990,A01,1,7,0,2,8,16,1,
202100048540,114 987,A01,1,7,8,0,5,13,1,
202100048541,114 985,A01,1,7,0,2,2,1,1,
202100048541,114 986,B01,3,80,0,2,3,19,3,
202100048542,114 984,A01,1,7,0,1,8,1,1,
202100048543,114 983,A01,2,7,14,0,3,13,1,
202100048544,114 980,A01,3,7,0,2,1,2,1,
202100048544,114 981,B01,3,7,0,2,1,2,1,
202100048544,114 982,C01,3,7,0,9,4,2,2,
202100048545,114 979,A01,2,7,0,1,2,16,1,
202100048546,114 977,B01,1,14,0,2,0,0,1,
202100048546,114 978,A01,1,7,4,2,0,9,1,
202100048547,114 975,B01,3,14,0,2,2,1,1,
202100048547,114 976,A01,0,7,9,2,7,15,1,
202100048548,114 973,B01,2,7,0,2,1,1,1,
202100048548,114 974,A01,2,7,0,2,1,1,1,
202100048549,114 971,A01,1,7,0,2,3,15,1,
202100048549,114 972,B01,2,10,0,2,1,1,1,
202100048550,114 969,A01,2,7,0,2,1,0,1,
202100048550,114 970,B01,2,7,0,2,2,1,1,
202100048551,114 968,A01,0,7,0,1,2,1,1,
202100048552,114 966,A01,3,7,0,2,7,19,1,
202100048552,114 967,B01,3,7,0,2,1,26,1,
202100048553,114 962,B01,3,80,0,2,4,1,3,
202100048553,114 963,A01,3,13,0,2,4,4,1,
202100048554,114 959,A01,2,7,0,2,3,1,1,
202100048554,114 960,B01,2,7,0,2,4,0,1,
202100048554,114 961,C01,2,7,0,2,6,1,1,
202100048555,114 958,A01,1,7,0,1,2,1,1,
202100048556,114 957,A01,1,10,0,1,1,1,3,
202100048557,114 955,B01,1,32,0,1,8,1,1,
202100048557,114 956,A01,2,7,0,2,1,19,1,
202100048558,114 953,A01,2,7,0,2,1,19,0,
202100048558,114 954,B01,2,7,0,9,3,23,1,
202100048559,114 952,A01,0,37,0,1,5,14,1,1.0
202100048560,114 950,A01,1,7,0,2,2,1,1,
202100048560,114 951,B01,1,32,0,2,1,1,1,
202100048561,114 949,A01,1,7,0,1,1,1,1,
202100048562,114 948,A01,1,2,0,0,0,7,1,
202100048563,114 947,A01,1,1,12,0,1,9,5,
202100048564,114 945,A01,1,10,0,2,8,13,1,
202100048564,114 946,B01,1,32,0,2,7,1,1,
202100048565,114 943,B01,2,31,0,2,3,1,1,
202100048565,114 944,A01,2,7,0,2,2,1,1,
202100048566,114 941,B01,3,7,0,2,3,1,1,
202100048566,114 942,A01,1,32,1,2,1,1,1,
202100048567,114 939,A01,1,30,0,2,7,1,1,
202100048567,114 940,B01,1,10,0,2,1,15,1,
202100048568,114 938,A01,1,1,0,0,0,1,5,
202100048569,114 936,B01,2,32,0,2,1,1,1,
202100048569,114 937,A01,1,7,0,2,6,10,1,
202100048570,114 934,B01,1,2,0,2,2,17,1,
202100048570,114 935,A01,1,7,0,2,3,1,1,
202100048571,114 932,B01,1,14,0,2,3,13,1,
202100048571,114 933,A01,1,34,0,2,2,17,1,
202100048572,114 930,A01,1,7,0,2,3,9,1,
202100048572,114 931,B01,1,30,0,2,2,1,1,
202100048573,114 929,A01,1,10,0,1,4,20,1,
202100048574,114 927,A01,1,7,0,2,1,1,1,
202100048574,114 928,B01,1,7,0,2,4,24,1,
202100048575,114 926,A01,2,10,0,1,2,16,1,
202100048576,114 924,A01,1,10,0,2,1,1,1,
202100048576,114 925,B01,2,14,0,2,0,1,1,
202100048577,114 922,Z01,1,32,0,2,1,2,1,
202100048577,114 923,A01,1,32,0,2,4,23,1,
202100048578,114 920,A01,2,7,0,2,3,1,1,
202100048578,114 921,B01,1,7,0,2,1,15,1,
202100048579,114 919,Z01,2,80,0,1,1,21,3,
202100048580,114 917,B01,2,10,0,2,8,1,1,
202100048580,114 918,A01,1,7,0,2,1,1,1,
202100048581,114 915,A01,1,10,0,2,0,19,1,
202100048581,114 916,B01,1,50,0,2,6,1,3,
202100048582,114 914,A01,2,7,0,1,3,21,1,
202100048583,114 913,A01,1,30,0,0,1,1,1,
202100048584,114 912,A01,2,2,0,0,8,0,1,
202100048585,114 911,A01,1,7,0,1,2,1,1,
202100048586,114 910,A01,2,43,0,1,7,2,1,
202100048587,114 909,A01,1,34,0,2,2,17,1,
202100048588,114 908,A01,3,10,0,1,4,4,3,
202100048589,114 906,A01,-1,7,0,2,5,15,1,
202100048589,114 907,B01,-1,33,0,2,3,21,1,
202100048590,114 904,B01,2,32,0,2,8,1,1,
202100048590,114 905,A01,1,7,0,2,1,15,1,
202100048591,114 902,Y01,1,1,0,2,1,26,0,
202100048591,114 903,A01,1,7,0,0,3,9,2,
202100048592,114 900,B01,-1,7,0,2,0,0,0,
202100048592,114 901,A01,0,7,0,2,3,9,1,
202100048593,114 899,A01,1,7,1,0,2,1,1,
202100048594,114 897,B01,1,7,0,2,3,15,1,
202100048594,114 898,A01,2,31,0,2,3,1,1,
202100048595,114 895,Z01,1,7,0,2,1,0,0,
202100048595,114 896,A01,1,30,0,2,4,23,1,
202100048596,114 893,A01,2,7,0,2,2,15,1,
202100048596,114 894,B01,1,33,0,2,1,1,1,
202100048597,114 892,A01,2,15,0,1,3,13,1,
202100048598,114 891,A01,1,7,2,0,8,0,1,
202100048599,114 890,A01,2,10,0,1,1,1,1,
202100048600,114 889,A01,3,7,16,0,0,14,1,
202100048601,114 887,A01,1,31,0,2,1,1,1,
202100048601,114 888,B01,2,7,0,2,3,10,1,
202100048602,114 885,A01,1,7,0,2,2,16,1,
202100048602,114 886,B01,2,50,0,0,6,1,3,
202100048603,114 881,A01,1,7,0,2,2,1,1,
202100048603,114 882,B01,1,80,0,2,1,1,3,
202100048604,114 879,B01,2,7,0,2,1,1,1,
202100048604,114 880,A01,1,31,0,2,1,13,1,
202100048605,114 878,A01,2,7,10,0,1,19,1,
202100048606,114 877,A01,3,14,0,1,2,15,1,
202100048607,114 873,B01,2,1,1,0,1,2,5,
202100048607,114 874,A01,2,14,0,0,6,0,0,
202100048608,114 872,A01,1,7,0,1,3,15,1,
202100048609,114 871,A01,3,2,0,0,0,1,1,
202100048610,114 870,A01,1,7,10,0,2,1,1,
202100048611,114 868,A01,2,7,15,2,3,1,1,
202100048611,114 869,B01,0,7,7,2,7,1,1,
202100048612,114 867,A01,3,7,2,0,1,1,1,
202100048613,114 866,A01,2,7,2,0,1,19,1,
202100048614,114 865,A01,2,10,0,1,7,1,1,
202100048615,114 864,A01,1,2,0,0,0,1,1,
202100048616,114 863,A01,1,33,0,0,2,1,1,
202100048617,114 860,A01,0,2,0,0,6,2,1,
202100048618,114 858,B01,1,7,0,2,4,15,1,
202100048618,114 859,A01,1,7,0,2,1,1,1,
202100048619,114 856,B01,2,7,0,2,3,1,1,
202100048619,114 857,A01,1,7,0,2,3,0,1,
202100048620,114 855,A01,1,7,8,0,7,0,1,
202100048621,114 854,A01,1,7,0,1,3,17,2,
202100048622,114 852,A01,1,7,0,2,1,1,1,
202100048622,114 853,B01,1,1,0,2,4,14,5,
202100048623,114 850,B01,1,7,0,0,4,2,1,
202100048623,114 851,A01,1,7,0,0,1,2,1,
202100048624,114 849,A01,2,7,8,0,1,1,1,
202100048625,114 844,E01,1,17,0,0,4,1,1,
202100048625,114 845,A01,1,17,0,2,2,11,1,
202100048625,114 846,B01,1,7,0,2,4,1,1,
202100048625,114 847,C01,1,7,0,2,4,1,1,
202100048625,114 848,D01,1,7,0,2,4,1,1,
202100048626,114 842,B01,1,17,0,2,1,1,1,
202100048626,114 843,A01,2,7,0,2,2,1,1,
202100048627,114 841,A01,1,33,5,0,7,14,1,
202100048628,114 838,B01,0,2,0,2,1,18,1,
202100048628,114 839,A01,0,7,0,2,7,16,1,
202100048629,114 836,B01,1,7,0,2,2,2,1,
202100048629,114 837,A01,1,10,0,2,6,1,1,
202100048630,114 834,B01,3,7,0,2,3,19,1,
202100048630,114 835,A01,2,7,0,2,2,1,1,
202100048631,114 832,A01,2,31,0,2,1,1,1,
202100048631,114 833,B01,2,7,0,2,3,15,1,
202100048632,114 830,B01,2,10,0,2,3,1,1,
202100048632,114 831,A01,1,7,0,2,1,1,1,
202100048633,114 829,A01,1,7,2,0,8,13,1,
202100048634,114 827,A01,2,33,0,2,2,2,1,
202100048634,114 828,B01,2,7,0,2,3,1,1,
202100048635,114 823,B01,2,10,0,2,1,2,1,
202100048635,114 824,A01,2,7,0,2,4,2,3,
202100048636,114 820,B01,2,7,0,2,4,2,1,
202100048636,114 821,A01,2,7,0,2,4,2,1,
202100048636,114 822,C01,2,10,0,2,1,2,1,
202100048637,114 817,C01,1,7,0,2,5,1,0,
202100048637,114 818,B01,2,7,0,2,4,1,1,
202100048637,114 819,A01,2,7,0,2,1,11,1,
202100048638,114 816,A01,2,7,4,0,9,0,1,
202100048639,114 813,A01,1,7,0,2,4,2,1,
202100048639,114 814,C01,1,7,0,2,1,2,1,
202100048639,114 815,B01,1,7,0,2,4,2,1,
202100048640,114 810,A01,2,7,0,2,1,2,1,
202100048640,114 811,B01,2,7,0,2,4,2,1,
202100048640,114 812,C01,2,7,0,2,4,2,1,
202100048641,114 809,A01,2,7,4,0,2,0,1,
202100048642,114 807,B01,1,33,4,2,3,9,1,
202100048642,114 808,A01,1,17,0,2,7,1,1,
202100048643,114 805,B01,2,7,0,2,4,1,1,
202100048643,114 806,A01,2,32,0,2,1,0,1,
202100048644,114 804,A01,3,7,0,1,2,0,1,
202100048645,114 802,A01,1,7,0,2,5,15,1,
202100048645,114 803,B01,1,32,0,2,1,3,1,
202100048646,114 801,A01,3,7,0,1,1,1,1,
202100048647,114 799,B01,1,7,0,2,1,1,1,
202100048647,114 800,A01,1,7,0,2,2,1,1,
202100048648,114 798,A01,1,7,0,1,0,0,0,
202100048649,114 797,A01,3,32,0,1,1,0,1,
202100048650,114 795,B01,2,7,0,2,8,15,1,
202100048650,114 796,A01,2,1,0,2,1,17,5,
202100048651,114 794,A01,2,2,14,0,1,1,1,
202100048652,114 791,A01,1,7,0,2,1,2,1,
202100048652,114 792,B01,1,7,0,2,6,2,1,
202100048652,114 793,C01,1,7,0,2,4,21,1,
202100048653,114 789,A01,2,33,0,2,1,1,1,
202100048653,114 790,B01,2,14,0,2,2,15,1,
202100048654,114 788,A01,3,37,1,1,5,16,1,1.0
202100048655,114 784,A01,1,7,0,2,3,15,1,
202100048655,114 785,B01,1,7,0,2,1,1,1,
202100048655,114 786,C01,1,7,0,2,9,1,1,
202100048655,114 787,D01,1,7,1,0,4,24,1,
202100048656,114 783,A01,2,7,0,0,1,9,1,
202100048657,114 781,B01,1,34,0,2,1,1,1,
202100048657,114 782,A01,2,7,0,2,3,15,1,
202100048658,114 778,B01,3,32,0,2,7,1,1,
202100048658,114 779,A01,3,7,0,2,1,9,1,
202100048659,114 776,B01,2,1,0,2,1,26,5,
202100048659,114 777,A01,0,7,0,2,3,26,1,
202100048660,114 775,A01,2,7,0,1,2,1,1,
202100048661,114 773,B01,3,33,0,2,1,1,0,
202100048661,114 774,A01,3,7,0,2,2,17,0,
202100048662,114 771,A01,0,7,0,2,1,2,1,
202100048662,114 772,B01,3,13,0,2,4,23,1,
202100048663,114 770,A01,2,32,0,0,0,0,1,
202100048664,114 768,B01,2,50,0,2,1,1,3,
202100048664,114 769,A01,1,10,0,2,0,10,3,
202100048665,114 766,B01,1,7,0,2,3,9,1,
202100048665,114 767,A01,1,7,0,2,1,9,1,
202100048666,114 764,A01,2,1,0,2,1,15,5,
202100048666,114 765,B01,1,7,0,2,1,1,1,
202100048667,114 762,A01,1,7,0,2,1,20,1,
202100048667,114 763,B01,3,7,0,2,3,1,1,
202100048668,114 761,A01,2,33,15,0,1,14,1,
202100048669,114 759,A01,1,7,0,2,1,19,1,
202100048669,114 760,B01,3,7,0,2,7,1,1,
202100048670,114 758,A01,1,2,0,2,0,1,3,
202100048671,114 757,Z01,0,7,0,1,3,9,0,
202100048672,114 755,A01,1,2,0,2,8,9,1,
202100048672,114 756,Z01,2,7,0,2,1,26,0,
202100048673,114 754,A01,1,31,0,0,0,23,1,
202100048674,114 752,B01,2,33,0,2,2,12,1,
202100048674,114 753,A01,2,7,0,2,3,13,1,
202100048675,114 749,Z01,3,99,0,1,0,17,6,
202100048676,114 747,B01,3,7,0,2,8,1,1,
202100048676,114 748,A01,2,7,0,2,1,1,1,
202100048677,114 745,A01,3,7,0,2,1,2,1,
202100048677,114 746,B01,3,13,0,2,4,2,1,
202100048678,114 743,A01,1,15,0,2,5,14,1,
202100048678,114 744,B01,1,80,0,2,1,7,3,
202100048679,114 741,B01,1,33,0,2,2,1,1,
202100048679,114 742,A01,1,7,0,2,3,11,1,
202100048680,114 739,A01,1,33,14,0,3,12,1,
202100048680,114 740,B01,1,7,0,2,3,9,1,
202100048681,114 737,A01,1,15,0,2,7,17,1,
202100048681,114 738,B01,1,3,0,2,3,15,1,
202100048682,114 735,B01,3,7,0,2,2,1,0,
202100048682,114 736,A01,3,7,0,2,1,1,1,
202100048683,114 733,B01,1,7,0,2,2,1,1,
202100048683,114 734,A01,2,30,0,2,8,26,1,
202100048684,114 732,A01,0,32,0,1,2,17,1,
202100048685,114 730,B01,2,7,0,2,3,15,1,
202100048685,114 731,A01,2,1,0,2,1,1,5,
202100048686,114 728,A01,1,7,0,2,3,1,0,
202100048686,114 729,Z01,1,7,0,2,0,0,0,
202100048687,114 726,A01,0,34,0,2,1,1,1,
202100048687,114 727,B01,0,7,0,2,6,0,1,
202100048688,114 724,A01,1,7,0,2,0,0,1,
202100048688,114 725,B01,1,3,0,2,0,24,3,
202100048689,114 721,C01,2,7,0,2,8,1,1,
202100048689,114 722,A01,1,30,0,2,1,1,1,
202100048689,114 723,B01,1,32,0,2,1,1,1,
202100048690,114 720,A01,1,34,0,1,2,2,1,
202100048691,114 718,B01,2,32,1,0,1,2,1,
202100048691,114 719,A01,2,15,0,2,6,24,1,
202100048692,114 717,A01,0,30,0,0,0,1,1,
202100048693,114 716,A01,2,10,0,1,2,1,1,
202100048694,114 715,A01,2,30,1,1,1,1,3,
202100048695,114 713,A01,3,7,0,2,6,15,1,
202100048695,114 714,B01,3,32,0,2,7,17,1,
202100048696,114 711,B01,2,50,0,2,1,1,3,
202100048696,114 712,A01,1,7,0,2,5,15,2,
202100048697,114 709,A01,3,34,0,2,1,17,1,
202100048697,114 710,B01,3,7,0,2,8,10,1,
202100048698,114 707,B01,1,7,1,1,0,23,1,
202100048698,114 708,A01,1,7,0,2,1,1,2,
202100048699,114 706,A01,1,7,0,1,2,1,1,
202100048700,114 705,A01,1,1,0,1,1,21,5,
202100048701,114 703,A01,1,1,0,2,1,19,5,
202100048701,114 704,B01,1,7,0,2,6,15,1,
202100048702,114 701,A01,2,7,0,2,8,22,1,
202100048702,114 702,B01,1,1,0,2,1,1,5,
202100048703,114 699,A01,1,7,0,2,1,1,1,
202100048703,114 700,B01,1,7,0,2,1,11,1,
202100048704,114 698,A01,1,7,0,1,3,1,1,