Num_Acc,id_vehicule,num_veh,senc,catv,obs,obsm,choc,manv,motor,occutc
202100048705,114 697,A01,2,7,1,1,3,1,1,
202100048706,114 695,A01,2,33,0,2,1,5,1,
202100048706,114 696,B01,1,7,0,2,1,1,1,
202100048707,114 693,B01,2,10,1,0,1,0,1,
202100048707,114 694,A01,2,7,1,0,0,0,2,
202100048708,114 692,A01,1,7,1,2,7,2,1,
202100048709,114 691,A01,3,7,0,1,2,2,0,
202100048710,114 689,B01,3,30,0,2,3,19,6,
202100048710,114 690,A01,3,32,0,2,5,9,6,
202100048711,114 687,A01,2,10,0,2,2,1,1,
202100048711,114 688,B01,2,99,0,2,3,9,0,
202100048712,114 686,A01,2,34,0,1,0,17,0,
202100048713,114 685,A01,2,7,1,1,3,17,1,
202100048714,114 683,B01,1,30,0,0,0,0,1,
202100048714,114 684,A01,1,7,0,0,1,15,1,
202100048715,114 682,A01,0,7,0,1,2,9,1,
202100048716,114 681,A01,3,7,15,2,1,13,1,
202100048717,114 679,B01,1,60,0,2,7,19,5,
202100048717,114 680,A01,1,30,0,2,1,18,1,
202100048718,114 677,A01,3,7,0,2,1,15,1,
202100048718,114 678,B01,2,1,0,2,1,1,5,
202100048719,114 675,A01,2,17,0,2,8,16,1,
202100048719,114 676,B01,2,33,0,0,0,1,1,
202100048720,114 674,A01,2,7,0,1,0,1,0,
202100048721,114 671,B01,1,32,0,2,1,1,1,
202100048721,114 672,C01,1,7,0,2,7,14,1,
202100048721,114 673,Z01,2,7,0,2,1,15,0,
202100048722,114 669,B01,1,7,0,2,1,15,1,
202100048722,114 670,A01,2,10,0,2,2,1,1,
202100048723,114 667,B01,2,7,0,2,5,1,1,
202100048723,114 668,A01,2,7,0,2,1,1,1,
202100048724,114 666,A01,3,2,13,0,1,1,1,
202100048725,114 665,A01,1,10,0,0,0,13,1,
202100048726,114 663,B01,2,1,0,2,8,2,5,
202100048726,114 664,A01,2,7,0,2,7,2,1,
202100048727,114 661,B01,2,7,0,2,1,1,1,
202100048727,114 662,A01,0,7,7,0,7,19,1,
202100048728,114 659,A01,2,7,0,0,2,1,1,
202100048728,114 660,B01,2,33,0,2,3,11,1,
202100048729,114 657,B01,2,1,0,2,8,1,5,
202100048729,114 658,A01,1,7,0,9,1,15,1,
202100048730,114 655,A01,1,7,0,2,4,2,1,
202100048730,114 656,B01,1,7,0,2,1,2,1,
202100048731,114 654,A01,3,33,0,0,1,1,1,
202100048732,114 653,A01,2,10,2,0,3,0,1,
202100048733,114 651,A01,1,10,0,2,3,15,1,
202100048733,114 652,B01,2,33,0,2,1,1,1,
202100048734,114 649,B01,2,7,0,2,4,1,1,
202100048734,114 650,A01,2,33,0,2,1,1,1,
202100048735,114 648,A01,1,7,6,0,8,1,1,
202100048736,114 646,B01,2,7,0,2,4,1,1,
202100048736,114 647,A01,1,7,0,2,2,1,1,
202100048737,114 644,A01,1,7,0,2,3,1,1,
202100048737,114 645,B01,2,7,0,2,1,19,1,
202100048738,114 643,A01,1,7,2,0,1,1,1,
202100048739,114 642,A01,1,2,13,0,0,1,1,
202100048740,114 641,A01,1,7,8,0,1,0,1,
202100048741,114 639,B01,2,7,0,2,3,1,1,
202100048741,114 640,A01,1,7,0,2,3,13,1,
202100048742,114 637,B01,2,7,0,2,7,1,1,
202100048742,114 638,A01,1,7,0,2,1,1,1,
202100048743,114 635,A01,2,7,0,2,8,19,1,
202100048743,114 636,B01,1,7,0,2,1,1,1,
202100048744,114 633,B01,1,10,3,2,4,11,1,
202100048744,114 634,A01,1,7,0,2,1,17,1,
202100048745,114 631,B01,2,33,0,2,1,1,1,
202100048745,114 632,A01,2,7,0,2,3,10,1,
202100048746,114 630,A01,3,50,14,0,1,1,3,
202100048747,114 628,A01,2,1,0,2,3,2,0,
202100048747,114 629,B01,2,7,0,9,2,0,1,
202100048748,114 626,B01,2,7,0,2,6,15,1,
202100048748,114 627,A01,1,7,0,2,1,1,1,
202100048749,114 624,A01,2,7,0,2,2,13,1,
202100048749,114 625,B01,1,31,0,2,1,0,1,
202100048750,114 623,A01,3,1,0,0,0,0,5,
202100048751,114 621,A01,0,7,0,2,2,19,1,
202100048751,114 622,B01,1,7,0,2,3,1,1,
202100048752,114 619,A01,3,2,0,2,1,1,1,
202100048752,114 620,B01,3,7,0,0,4,1,1,
202100048753,114 618,A01,2,2,17,0,1,1,1,
202100048754,114 617,A01,1,7,13,0,3,13,1,
202100048755,114 616,A01,1,7,0,1,2,2,1,
202100048756,114 615,A01,2,7,0,1,3,15,1,
202100048757,114 614,A01,2,33,0,0,0,0,1,
202100048758,114 612,A01,1,7,14,0,3,1,1,
202100048758,114 613,B01,1,15,0,2,5,23,1,
202100048759,114 609,A01,1,7,0,2,1,2,1,
202100048759,114 610,B01,1,7,0,2,4,21,1,
202100048759,114 611,C01,1,7,0,2,4,2,1,
202100048760,114 607,B01,2,15,0,2,2,12,1,
202100048760,114 608,A01,2,7,0,2,6,1,1,
202100048761,114 606,A01,2,33,0,0,0,0,1,
202100048762,114 604,B01,2,7,0,2,6,11,1,
202100048762,114 605,A01,2,7,0,2,2,1,1,
202100048763,114 603,A01,1,13,3,2,4,2,1,
202100048764,114 602,A01,2,33,0,0,2,1,1,
202100048765,114 600,B01,1,7,0,2,4,2,1,
202100048765,114 601,A01,2,10,0,2,1,2,1,
202100048766,114 598,B01,2,7,4,2,7,1,1,
202100048766,114 599,A01,2,17,0,2,8,11,1,
202100048767,114 596,A01,2,7,0,2,8,11,1,
202100048767,114 597,B01,2,34,0,2,7,1,1,
202100048768,114 594,A01,1,32,0,2,1,3,1,
202100048768,114 595,B01,1,7,0,2,2,12,1,
202100048769,114 591,C01,1,10,0,2,4,2,1,
202100048769,114 592,A01,1,10,0,2,1,2,1,
202100048769,114 593,B01,1,7,0,2,4,2,1,
202100048770,114 589,A01,1,7,0,2,1,1,1,
202100048770,114 590,B01,1,10,0,2,4,1,1,
202100048771,114 588,A01,1,7,5,0,1,14,1,
202100048772,114 586,B01,1,31,0,2,7,1,1,
202100048772,114 587,A01,2,7,0,2,1,9,1,
202100048773,114 585,A01,3,7,0,1,1,15,1,
202100048774,114 584,A01,1,40,0,1,7,1,3,
202100048775,114 582,A01,1,7,0,2,2,16,1,
202100048775,114 583,B01,1,33,0,2,0,1,1,
202100048776,114 580,A01,2,7,0,2,3,10,1,
202100048776,114 581,B01,2,32,0,2,7,17,1,
202100048777,114 578,B01,3,32,0,2,3,1,1,
202100048777,114 579,A01,3,10,0,2,2,12,1,
202100048778,114 576,A01,2,7,0,2,3,9,1,
202100048778,114 577,B01,2,7,0,2,2,1,1,
202100048779,114 575,Z01,3,1,0,1,1,16,5,
202100048780,114 573,B01,2,1,0,2,4,23,5,
202100048780,114 574,A01,2,1,0,2,1,1,5,
202100048781,114 571,A01,2,1,0,2,6,1,5,
202100048781,114 572,Z01,0,7,0,2,0,14,0,
202100048782,114 570,A01,2,2,0,0,7,1,1,
202100048783,114 568,B01,1,7,0,2,3,1,1,
202100048783,114 569,A01,1,33,0,2,1,1,1,
202100048784,114 567,A01,1,32,0,1,1,1,1,
202100048785,114 566,A01,1,30,0,0,3,1,1,
202100048786,114 564,B01,2,1,0,2,1,1,5,
202100048786,114 565,A01,1,50,0,2,1,13,3,
202100048787,114 563,Z01,1,7,0,1,2,1,0,
202100048788,114 562,A01,2,7,8,0,4,20,1,
202100048789,114 560,B01,2,34,0,2,7,1,1,
202100048789,114 561,A01,3,7,0,2,2,15,1,
202100048790,114 558,A01,1,7,0,2,1,19,1,
202100048790,114 559,B01,3,7,0,2,1,0,1,
202100048791,114 555,B01,3,10,0,2,1,1,1,
202100048791,114 556,A01,-1,7,0,2,8,10,1,
202100048791,114 557,C01,3,7,0,2,2,1,1,
202100048792,114 554,A01,1,7,15,1,1,1,1,
202100048793,114 553,A01,1,7,0,1,1,1,0,
202100048794,114 551,A01,1,7,0,2,2,17,1,
202100048794,114 552,B01,1,99,0,2,8,2,0,
202100048795,114 549,B01,3,31,0,2,2,16,1,
202100048795,114 550,A01,3,30,0,2,3,26,1,
202100048796,114 548,A01,0,10,0,1,1,0,1,
202100048797,114 547,A01,0,50,0,0,0,0,3,
202100048798,114 545,B01,0,1,0,2,8,26,0,
202100048798,114 546,A01,2,7,0,2,2,13,0,
202100048799,114 544,A01,2,2,0,0,8,26,1,
202100048800,114 542,A01,1,7,0,2,1,2,1,
202100048800,114 543,B01,1,7,0,2,4,23,1,
202100048801,114 541,A01,1,7,15,0,1,1,1,
202100048802,114 539,A01,1,7,0,0,0,0,1,
202100048802,114 540,B01,2,80,0,0,0,13,2,
202100048803,114 537,A01,1,7,3,2,1,1,1,
202100048803,114 538,B01,2,7,0,2,1,1,1,
202100048804,114 532,A01,1,7,0,9,3,26,1,
202100048804,114 533,B01,1,1,0,2,7,1,0,
202100048805,114 531,A01,1,7,8,0,1,0,1,
202100048806,114 529,A01,1,33,0,2,1,1,1,
202100048806,114 530,B01,2,3,0,2,3,15,1,
202100048807,114 527,B01,3,7,0,2,1,1,1,
202100048807,114 528,A01,2,7,0,2,8,1,1,
202100048808,114 526,A01,1,7,9,0,3,1,1,
202100048809,114 524,A01,2,7,0,2,8,1,1,
202100048809,114 525,B01,1,7,0,2,1,1,1,
202100048810,114 522,B01,1,7,0,2,1,19,1,
202100048810,114 523,A01,2,7,7,2,8,19,1,
202100048811,114 518,B01,2,14,0,2,8,17,1,
202100048811,114 519,D01,1,17,0,0,0,24,1,
202100048811,114 520,A01,1,31,0,2,1,2,1,
202100048811,114 521,C01,1,10,0,2,6,1,1,
202100048812,114 517,A01,1,1,3,9,1,16,5,
202100048813,114 515,B01,1,7,0,2,3,1,1,
202100048813,114 516,A01,2,10,0,2,3,15,1,
202100048814,114 512,A01,2,30,0,2,1,5,1,
202100048814,114 513,B01,1,2,0,2,1,1,1,
202100048814,114 514,C01,2,7,0,2,8,1,1,
202100048815,114 509,B01,2,7,0,2,3,1,1,
202100048815,114 510,C01,1,7,0,2,1,1,1,
202100048815,114 511,A01,2,7,0,2,1,18,1,
202100048816,114 507,B01,2,7,0,2,1,1,1,
202100048816,114 508,A01,1,7,0,2,1,13,1,
202100048817,114 506,A01,3,2,0,1,1,1,1,
202100048818,114 504,B01,1,80,0,2,8,15,3,
202100048818,114 505,A01,1,7,0,2,2,17,1,
202100048819,114 502,A01,2,10,0,2,2,2,1,
202100048819,114 503,B01,2,80,0,2,4,1,3,
202100048820,114 500,B01,2,13,0,2,5,2,1,
202100048820,114 501,A01,2,10,0,2,1,2,1,
202100048821,114 499,A01,2,7,7,0,2,2,1,
202100048822,114 498,A01,-1,7,0,0,0,1,1,
202100048823,114 495,A01,1,7,0,2,3,13,1,
202100048823,114 496,B01,1,7,0,0,5,1,1,
202100048824,114 493,A01,1,7,0,2,7,10,1,
202100048824,114 494,B01,2,33,0,2,1,1,1,
202100048825,114 491,A01,2,7,0,2,2,12,1,
202100048825,114 492,B01,2,15,0,0,6,1,1,
202100048826,114 490,A01,2,7,2,0,0,1,1,
202100048827,114 488,A01,1,14,0,0,6,15,1,
202100048827,114 489,B01,1,7,0,2,2,17,1,
202100048828,114 486,B01,1,1,0,0,7,1,5,
202100048828,114 487,A01,2,7,0,2,1,15,1,
202100048829,114 483,C01,2,7,0,2,7,17,1,
202100048829,114 484,A01,2,1,0,2,8,1,5,
202100048829,114 485,B01,1,1,0,2,8,1,5,
202100048830,114 477,A01,2,7,0,2,3,1,1,
202100048830,114 478,B01,2,15,0,2,2,14,1,
202100048831,114 475,A01,1,14,0,2,8,11,1,
202100048831,114 476,B01,1,33,0,0,7,2,1,
202100048832,114 473,B01,2,7,0,2,4,2,1,
202100048832,114 474,A01,2,7,0,2,1,2,1,
202100048833,114 471,B01,1,7,0,2,4,2,2,
202100048833,114 472,A01,1,7,0,2,1,2,2,
202100048834,114 470,A01,1,33,0,0,7,11,1,
202100048835,114 468,B01,2,7,0,2,8,2,1,
202100048835,114 469,A01,2,13,0,2,2,14,1,
202100048836,114 467,A01,2,7,4,0,1,1,1,
202100048837,114 465,B01,2,7,0,2,7,26,1,
202100048837,114 466,A01,2,33,0,2,3,18,1,
202100048838,114 463,B01,1,7,0,2,4,2,1,
202100048838,114 464,A01,1,7,0,2,9,1,1,
202100048839,114 461,A01,2,7,0,2,0,0,1,
202100048839,114 462,B01,2,33,0,2,0,0,1,
202100048840,114 459,A01,2,7,0,2,2,1,1,
202100048840,114 460,B01,2,7,0,2,6,23,1,
202100048841,114 458,A01,2,7,0,1,1,19,1,
202100048842,114 457,A01,1,7,0,1,3,1,1,
202100048843,114 455,A01,1,32,0,2,1,26,1,
202100048843,114 456,B01,1,37,0,2,2,15,1,1.0
202100048844,114 453,A01,2,7,0,2,3,9,1,
202100048844,114 454,B01,2,2,0,2,2,0,1,
202100048845,114 452,B01,2,30,1,0,2,13,1,
202100048846,114 450,A01,1,31,0,2,1,2,1,
202100048846,114 451,B01,1,7,0,2,4,23,1,
202100048847,114 449,A01,1,1,0,1,1,1,5,
202100048848,114 448,A01,3,7,8,0,2,26,1,
202100048849,114 445,A01,2,33,0,2,4,2,0,
202100048849,114 446,C01,1,7,0,2,1,1,1,
202100048849,114 447,B01,2,33,0,2,1,2,0,
202100048850,114 443,B01,2,7,0,2,4,23,1,
202100048850,114 444,A01,2,7,0,2,1,2,1,
202100048851,114 441,B01,2,7,0,2,8,15,1,
202100048851,114 442,A01,2,33,0,2,2,17,1,
202100048852,114 438,A01,1,7,1,0,1,1,1,
202100048852,114 439,C01,3,7,0,0,0,0,1,
202100048852,114 440,B01,3,7,0,0,0,0,1,
202100048853,114 436,B01,0,7,0,0,4,15,1,
202100048853,114 437,A01,0,2,0,2,1,15,1,
202100048854,114 435,A01,1,31,0,0,3,1,1,
202100048855,114 433,B01,0,7,0,2,1,1,1,
202100048855,114 434,A01,0,2,0,2,6,15,1,
202100048856,114 431,B01,3,40,0,2,3,1,3,
202100048856,114 432,A01,1,7,0,4,1,1,1,
202100048857,114 429,Y01,2,1,1,0,1,1,5,
202100048857,114 430,A01,2,7,0,2,8,22,1,
202100048858,114 427,A01,3,7,0,2,1,7,1,
202100048858,114 428,B01,3,7,0,2,2,0,1,
202100048859,114 426,A01,1,7,1,0,2,1,1,
202100048860,114 424,B01,1,32,0,2,3,1,1,
202100048860,114 425,A01,1,30,0,2,1,1,1,
202100048861,114 422,A01,1,7,0,2,3,1,1,
202100048861,114 423,B01,1,32,0,2,1,1,1,
202100048862,114 420,A01,3,32,0,2,1,17,1,
202100048862,114 421,B01,3,7,0,2,3,15,1,
202100048863,114 419,A01,1,1,0,0,0,1,5,
202100048864,114 418,A01,3,7,0,1,5,20,1,
202100048865,114 415,A01,1,33,0,2,3,3,1,
202100048865,114 416,B01,1,7,0,2,7,12,1,
202100048865,114 417,C01,1,7,0,2,1,1,1,
202100048866,114 413,B01,1,7,0,2,5,2,2,
202100048866,114 414,A01,1,33,0,2,1,2,1,
202100048867,114 411,B01,1,10,0,2,5,1,1,
202100048867,114 412,A01,1,7,0,2,3,11,3,
202100048868,114 406,B01,2,33,0,2,7,3,1,
202100048868,114 407,A01,2,7,0,2,8,11,1,
202100048868,114 408,E01,2,10,0,2,3,1,1,
202100048868,114 409,D01,2,10,0,2,5,1,1,
202100048868,114 410,C01,2,10,0,2,5,1,1,
202100048869,114 404,B01,2,7,0,2,7,16,1,
202100048869,114 405,A01,2,30,0,2,8,18,1,
202100048870,114 403,A01,1,7,0,1,2,1,1,
202100048871,114 401,A01,2,3,0,2,3,26,1,
202100048871,114 402,B01,2,43,0,2,1,17,1,
202100048872,114 399,A01,1,10,0,9,2,15,1,
202100048872,114 400,B01,2,50,0,2,8,1,3,
202100048873,114 397,A01,1,30,0,2,1,16,1,
202100048873,114 398,B01,1,7,0,2,2,1,1,
202100048874,114 395,B01,2,7,0,2,3,15,1,
202100048874,114 396,A01,2,33,0,2,7,17,1,
202100048875,114 393,A01,3,2,0,2,8,5,1,
202100048875,114 394,B01,3,7,0,2,1,1,1,
202100048876,114 391,B01,2,7,0,2,1,1,1,
202100048876,114 392,A01,2,7,0,0,7,19,1,
202100048877,114 389,B01,1,7,0,2,1,21,1,
202100048877,114 390,A01,2,7,0,2,1,13,1,
202100048878,114 387,A01,1,7,13,0,0,21,1,
202100048879,114 386,A01,3,7,0,0,0,1,1,
202100048880,114 385,A01,1,14,0,0,7,15,1,
202100048881,114 384,A01,1,17,15,0,2,1,1,
202100048882,114 383,A01,2,7,2,0,3,1,1,
202100048883,114 381,B01,2,7,7,2,3,1,1,
202100048883,114 382,A01,1,7,0,2,1,15,1,
202100048884,114 380,A01,2,33,0,1,1,21,1,
202100048885,114 378,A01,1,10,0,0,0,0,1,
202100048886,114 375,A01,3,7,0,2,2,19,1,
202100048886,114 376,B01,3,7,0,2,8,23,1,
202100048886,114 377,C01,2,7,0,2,3,1,1,
202100048887,114 373,A01,1,7,0,2,3,1,1,
202100048887,114 374,B01,2,13,0,2,3,1,1,
202100048888,114 372,A01,1,7,0,0,9,0,1,
202100048889,114 370,B01,2,7,0,2,7,1,1,
202100048889,114 371,A01,2,7,0,2,3,15,1,
202100048890,114 368,B01,1,34,0,2,2,17,1,
202100048890,114 369,A01,1,7,0,2,8,15,1,
202100048891,114 366,B01,2,3,0,0,4,2,1,
202100048891,114 367,A01,2,38,0,2,1,2,1,1.0
202100048892,114 365,A01,3,7,15,0,1,1,1,
202100048893,114 364,A01,1,7,6,0,1,0,1,
202100048894,114 362,A01,3,7,0,2,4,2,1,
202100048894,114 363,B01,0,33,0,2,1,2,1,
202100048895,114 360,B01,1,7,0,2,1,5,1,
202100048895,114 361,A01,2,7,0,0,1,23,1,
202100048896,114 358,B01,1,7,0,2,1,2,1,
202100048896,114 359,A01,2,99,0,2,3,9,1,
202100048897,114 356,B01,1,15,0,2,1,1,1,
202100048897,114 357,A01,2,7,0,2,1,11,1,
202100048898,114 354,A01,1,7,0,2,8,15,1,
202100048898,114 355,B01,1,37,0,2,2,7,1,1.0
202100048899,114 352,B01,2,1,0,2,1,1,5,
202100048899,114 353,A01,1,7,0,2,1,15,1,
202100048900,114 350,A01,1,17,0,2,1,1,1,
202100048900,114 351,B01,2,7,0,2,3,15,1,
202100048901,114 348,B01,1,7,0,2,4,2,1,
202100048901,114 349,A01,1,7,0,2,1,2,1,
202100048902,114 346,B01,2,7,0,0,4,1,1,
202100048902,114 347,A01,2,33,0,2,1,2,1,
202100048903,114 344,A01,1,7,0,2,4,1,1,
202100048903,114 345,B01,1,7,0,2,1,1,1,
202100048904,114 343,A01,1,7,6,0,1,13,1,
202100048905,114 341,A01,1,10,0,2,3,1,1,
202100048905,114 342,B01,1,50,0,2,4,0,3,
202100048906,114 339,A01,1,99,0,2,8,11,1,
202100048906,114 340,B01,1,7,0,2,1,17,1,
202100048907,114 337,A01,2,7,0,2,3,15,1,
202100048907,114 338,B01,1,7,15,2,3,21,1,
202100048908,114 336,A01,3,7,6,0,1,1,1,
202100048909,114 334,A01,1,7,0,2,3,17,1,
202100048909,114 335,B01,2,7,0,2,3,1,1,
202100048910,114 332,A01,2,7,0,0,1,1,1,
202100048910,114 333,B01,1,7,0,0,3,0,1,
202100048911,114 331,A01,2,7,0,1,2,2,1,
202100048912,114 329,A01,1,7,0,2,2,1,1,
202100048912,114 330,B01,1,7,0,2,3,19,1,
202100048913,114 328,A01,1,7,2,0,1,14,1,
202100048914,114 326,A01,1,43,0,2,2,3,1,
202100048914,114 327,B01,1,7,0,2,3,1,1,
202100048915,114 325,A01,2,7,0,0,9,12,1,
202100048916,114 323,A01,2,7,0,2,1,1,1,
202100048916,114 324,B01,2,7,0,2,4,23,1,
202100048917,114 320,C01,2,7,0,0,4,2,1,
202100048917,114 321,B01,2,7,0,2,1,2,1,
202100048917,114 322,A01,2,7,0,2,3,2,1,
202100048918,114 317,Z01,2,10,0,0,0,0,0,
202100048918,114 318,B01,2,33,0,2,0,12,1,
202100048918,114 319,A01,2,7,0,2,3,1,1,
202100048919,114 314,C01,2,33,0,2,6,2,1,
202100048919,114 315,B01,2,7,0,2,5,2,2,
202100048919,114 316,A01,2,32,0,2,3,3,1,
202100048920,114 312,A01,1,7,1,0,1,12,1,
202100048920,114 313,B01,1,7,0,2,4,23,2,
202100048921,114 311,A01,2,7,13,2,6,1,1,
202100048922,114 308,E01,3,7,0,2,6,0,1,
202100048922,114 309,B01,2,7,0,2,8,1,1,
202100048922,114 310,A01,1,7,0,2,1,26,1,
202100048923,114 306,A01,3,30,0,2,1,13,1,
202100048923,114 307,B01,3,7,0,2,3,1,1,
202100048924,114 304,B01,1,7,0,2,3,1,1,
202100048924,114 305,A01,1,1,0,2,7,1,5,
202100048925,114 303,A01,2,7,0,1,3,1,1,
202100048926,114 301,A01,2,7,0,2,3,13,1,
202100048926,114 302,B01,2,7,0,2,3,5,1,
202100048927,114 298,C01,1,10,0,2,3,23,1,
202100048927,114 299,B01,2,7,0,2,3,23,1,
202100048927,114 300,A01,2,7,0,2,1,19,1,
202100048928,114 296,B01,1,10,0,2,3,15,1,
202100048928,114 297,A01,1,33,0,2,7,17,1,
202100048929,114 294,A01,2,7,0,2,3,16,1,
202100048929,114 295,B01,1,33,0,2,1,1,1,
202100048930,114 292,A01,2,30,0,2,1,13,1,
202100048930,114 293,B01,1,7,0,2,2,1,1,
202100048931,114 289,A01,2,7,0,1,2,16,1,
202100048932,114 284,A01,1,30,0,2,1,26,1,
202100048932,114 285,B01,2,7,0,2,3,1,1,
202100048933,114 282,A01,1,7,0,2,6,15,1,
202100048933,114 283,B01,1,33,0,2,1,1,1,
202100048934,114 280,B01,2,7,0,2,2,21,1,
202100048934,114 281,A01,3,80,0,2,1,15,3,
202100048935,114 279,A01,2,33,0,0,0,17,1,
202100048936,114 276,A01,2,7,0,2,2,14,1,
202100048936,114 277,B01,2,7,0,0,4,23,1,
202100048936,114 278,C01,2,7,0,0,6,1,1,
202100048937,114 274,A01,0,7,0,2,3,19,1,
202100048937,114 275,B01,0,1,0,2,2,1,5,
202100048938,114 272,A01,1,31,0,2,1,19,0,
202100048938,114 273,B01,1,7,0,2,1,2,1,
202100048939,114 271,A01,3,33,12,0,1,1,1,
202100048940,114 270,A01,1,7,13,0,1,1,1,
202100048941,114 267,B01,2,7,0,2,2,15,1,
202100048941,114 268,A01,2,7,2,2,1,2,1,
202100048942,114 266,A01,2,7,2,0,8,1,1,
202100048943,114 265,A01,2,7,8,0,1,26,1,
202100048944,114 263,B01,2,50,0,2,1,19,3,
202100048944,114 264,A01,1,7,0,2,4,4,1,
202100048945,114 261,B01,1,15,0,2,0,1,1,
202100048945,114 262,A01,2,7,0,2,3,13,1,
202100048946,114 260,A01,0,7,12,0,2,15,1,
202100048947,114 258,Z01,3,1,0,2,9,2,0,
202100048947,114 259,A01,3,7,0,2,2,2,1,
202100048948,114 256,A01,0,30,0,2,1,3,1,
202100048948,114 257,B01,0,7,0,2,6,1,1,
202100048949,114 255,Z01,1,7,0,1,0,0,0,
202100048950,114 253,A01,2,7,0,2,7,15,1,
202100048950,114 254,B01,3,33,0,2,1,1,1,
202100048951,114 251,A01,2,7,0,2,2,17,1,
202100048951,114 252,B01,2,1,0,2,8,1,5,
202100048952,114 249,A01,1,33,0,2,1,17,1,
202100048952,114 250,B01,1,7,0,2,8,15,1,
202100048953,114 247,A01,1,30,0,2,2,3,1,
202100048953,114 248,B01,1,7,0,2,3,11,1,
202100048954,114 244,C01,1,32,0,2,0,1,1,
202100048954,114 245,B01,1,7,0,2,0,23,1,
202100048954,114 246,A01,1,7,0,2,0,23,1,
202100048955,114 242,A01,3,50,0,2,2,7,3,
202100048955,114 243,B01,1,7,0,2,2,15,1,
202100048956,114 240,B01,1,37,0,2,1,9,2,1.0
202100048956,114 241,A01,2,1,0,2,1,1,5,
202100048957,114 238,A01,2,32,9,2,8,1,1,
202100048957,114 239,B01,2,7,0,2,1,1,1,
202100048958,114 236,B01,1,2,0,2,3,1,1,
202100048958,114 237,A01,2,7,0,2,3,15,1,
202100048959,114 235,A01,2,7,0,1,2,1,2,
202100048960,114 233,B01,2,50,0,2,0,5,3,
202100048960,114 234,A01,1,7,0,2,2,9,1,
202100048961,114 232,A01,1,7,11,0,1,1,1,
202100048962,114 231,A01,1,7,0,1,2,7,1,
202100048963,114 229,A01,3,7,0,2,1,15,1,
202100048963,114 230,B01,0,43,0,2,3,1,1,
202100048964,114 227,A01,3,7,0,2,2,15,1,
202100048964,114 228,B01,3,2,0,2,8,1,1,
202100048965,114 225,A01,1,7,0,2,7,16,1,
202100048965,114 226,B01,1,2,0,2,1,18,1,
202100048966,114 223,B01,3,7,0,2,7,15,1,
202100048966,114 224,A01,2,7,0,2,1,1,0,
202100048967,114 222,A01,0,10,1,2,4,4,1,
202100048968,114 219,A01,1,7,0,2,1,2,1,
202100048968,114 220,B01,1,7,0,2,4,1,1,
202100048968,114 221,C01,1,7,0,2,4,2,1,
202100048969,114 217,B01,1,32,8,0,8,17,1,
202100048969,114 218,A01,1,7,0,2,0,15,1,
202100048970,114 215,A01,-1,7,0,2,5,2,1,
202100048970,114 216,B01,-1,7,0,2,1,2,1,
202100048971,114 213,B01,2,33,0,9,7,1,1,
202100048971,114 214,A01,2,3,0,2,3,9,0,
202100048972,114 211,A01,1,7,0,2,1,15,1,
202100048972,114 212,B01,1,1,0,2,1,16,0,
202100048973,114 209,B01,1,7,0,2,4,1,1,
202100048973,114 210,A01,3,7,0,2,1,1,1,
202100048974,114 208,Z01,1,13,0,1,4,4,0,
202100048975,114 206,A01,1,7,0,2,5,1,1,
202100048975,114 207,B01,1,7,0,2,2,1,1,
202100048976,114 205,A01,-1,7,0,1,1,9,1,
202100048977,114 203,B01,1,34,0,2,1,1,1,
202100048977,114 204,A01,2,7,0,2,3,15,1,
202100048978,114 201,B01,0,1,0,2,4,19,5,
202100048978,114 202,A01,0,10,0,2,3,1,1,
202100048979,114 198,A01,2,34,1,0,3,1,1,
202100048980,114 197,A01,1,31,0,1,2,1,1,
202100048981,114 195,A01,2,32,0,2,1,5,1,
202100048981,114 196,B01,1,7,0,2,3,15,1,
202100048982,114 193,A01,2,7,0,2,3,15,1,
202100048982,114 194,B01,1,1,0,2,1,1,5,
202100048983,114 191,A01,1,7,0,2,8,15,1,
202100048983,114 192,B01,1,2,0,2,1,17,1,
202100048984,114 190,A01,1,31,0,0,8,1,1,
202100048985,114 188,A01,1,7,0,2,1,1,1,
202100048985,114 189,B01,2,7,0,2,1,13,1,
202100048986,114 187,A01,1,7,0,1,7,1,1,
202100048987,114 186,A01,3,2,0,0,0,2,1,
202100048988,114 185,A01,1,7,13,0,2,1,1,
202100048989,114 184,A01,1,7,3,0,1,14,1,
202100048990,114 182,A01,1,7,3,2,5,13,1,
202100048990,114 183,B01,2,7,0,2,1,1,1,
202100048991,114 181,A01,3,31,0,0,8,1,1,
202100048992,114 180,A01,0,7,6,0,1,19,1,
202100048993,114 178,B01,2,33,0,2,1,1,1,
202100048993,114 179,A01,1,7,0,2,5,15,2,
202100048994,114 176,A01,0,31,0,2,1,2,1,
202100048994,114 177,B01,0,33,0,2,4,2,1,
202100048995,114 175,A01,1,1,0,0,1,13,5,
202100048996,114 173,A01,2,7,6,2,1,1,1,
202100048996,114 174,B01,2,7,2,2,1,1,1,
202100048997,114 172,A01,2,7,1,0,1,1,1,
202100048998,114 170,A01,1,10,0,2,3,1,1,
202100048998,114 171,B01,1,1,0,2,4,11,5,
202100048999,114 168,B01,2,21,0,2,3,1,1,
202100048999,114 169,A01,1,7,0,2,3,13,1,
202100049000,114 166,A01,2,7,0,0,5,15,1,
202100049000,114 167,B01,1,1,0,2,1,1,5,
202100049001,114 165,A01,1,33,14,0,7,1,1,