Num_Acc,id_vehicule,num_veh,senc,catv,obs,obsm,choc,manv,motor,occutc
202100049002,114 164,A01,3,7,8,0,3,13,1,
202100049003,114 163,A01,1,7,6,0,2,1,1,
202100049004,114 161,A01,2,7,0,0,5,9,1,
202100049004,114 162,B01,1,33,0,2,1,1,1,
202100049005,114 160,A01,1,7,7,0,0,1,1,
202100049006,114 158,A01,3,7,0,2,3,13,1,
202100049006,114 159,B01,0,7,8,2,3,1,1,
202100049007,114 155,A01,2,7,13,0,9,1,1,
202100049008,114 154,A01,1,7,15,0,0,26,1,
202100049009,114 153,A01,1,2,14,0,1,1,1,
202100049010,114 152,A01,2,7,8,0,1,1,1,
202100049011,114 150,B01,0,7,0,2,1,1,1,
202100049011,114 151,A01,3,30,0,2,1,1,1,
202100049012,114 149,A01,2,7,2,0,5,1,1,
202100049013,114 148,A01,3,1,0,0,1,1,5,
202100049014,114 147,A01,3,33,2,0,1,0,1,
202100049015,114 146,A01,1,10,13,0,1,26,1,
202100049016,114 145,A01,0,7,2,0,3,1,1,
202100049017,114 143,B01,2,7,0,2,4,23,1,
202100049017,114 144,A01,2,7,6,2,2,2,1,
202100049018,114 142,A01,1,7,8,0,1,0,1,
202100049019,114 141,A01,1,7,8,0,3,13,1,
202100049020,114 138,B01,1,7,0,2,3,1,1,
202100049020,114 139,C01,2,7,0,2,1,23,1,
202100049020,114 140,A01,2,7,0,2,2,10,1,
202100049021,114 135,A01,3,2,2,0,1,1,1,
202100049022,114 134,A01,2,7,17,0,1,1,1,
202100049023,114 132,A01,1,7,0,2,1,13,1,
202100049023,114 133,B01,2,7,0,2,1,2,1,
202100049024,114 131,A01,2,7,13,0,1,14,1,
202100049025,114 130,A01,3,33,0,0,0,2,1,
202100049026,114 127,B01,1,7,0,2,1,13,1,
202100049026,114 128,A01,2,7,0,2,5,21,1,
202100049026,114 129,C01,2,33,0,2,1,0,1,
202100049027,114 125,B01,2,7,0,2,3,1,1,
202100049027,114 126,A01,1,7,0,2,3,1,1,
202100049028,114 124,A01,2,7,10,0,3,1,1,
202100049029,114 123,A01,2,7,0,0,0,5,1,
202100049030,114 121,A01,1,33,0,2,1,2,1,
202100049030,114 122,B01,1,7,0,0,4,2,1,
202100049031,114 116,A01,1,7,0,2,8,1,1,
202100049032,114 113,A01,2,7,0,2,1,1,1,
202100049032,114 114,B01,2,7,0,2,4,1,1,
202100049032,114 115,C01,2,7,0,2,4,1,1,
202100049033,114 111,B01,2,7,0,2,4,2,1,
202100049033,114 112,A01,2,10,0,2,1,2,1,
202100049034,114 108,C01,2,7,0,2,4,2,1,
202100049034,114 109,A01,2,7,0,2,1,2,1,
202100049034,114 110,B01,2,7,0,2,4,2,1,
202100049035,114 107,A01,1,33,0,0,9,26,1,
202100049036,114 106,A01,1,33,0,0,9,14,1,
202100049037,114 104,B01,2,10,0,2,4,1,1,
202100049037,114 105,A01,2,7,0,2,1,2,1,
202100049038,114 101,C01,1,7,4,0,4,2,1,
202100049038,114 102,B01,1,7,4,0,4,2,1,
202100049038,114 103,A01,1,7,4,0,1,2,1,
202100049039,114 099,B01,1,15,0,2,3,1,0,
202100049039,114 100,A01,1,7,0,2,2,14,1,
202100049040,114 097,B01,1,7,0,2,4,1,1,
202100049040,114 098,A01,1,7,0,2,1,2,1,
202100049041,114 095,A01,2,33,0,2,8,3,1,
202100049041,114 096,B01,2,7,0,2,7,12,1,
202100049042,114 092,A01,2,7,0,2,4,2,1,
202100049042,114 093,B01,2,10,0,2,1,2,4,
202100049042,114 094,C01,2,13,0,2,4,2,4,
202100049043,114 090,B01,1,7,0,2,1,1,1,
202100049043,114 091,A01,1,7,0,2,7,19,1,
202100049044,114 087,C01,1,7,0,0,4,2,1,
202100049044,114 088,B01,1,7,0,2,4,2,1,
202100049044,114 089,A01,1,7,0,2,1,9,1,
202100049045,114 086,A01,1,7,0,1,1,15,1,
202100049046,114 085,A01,1,10,0,1,3,9,1,
202100049047,114 083,C01,1,7,0,2,8,24,1,
202100049047,114 084,A01,1,10,1,0,9,21,1,
202100049048,114 082,A01,3,3,0,1,4,20,1,
202100049049,114 080,B01,1,7,0,2,3,1,1,
202100049049,114 081,A01,2,7,0,2,3,13,1,
202100049050,114 079,A01,2,7,0,1,2,1,2,
202100049051,114 077,B01,2,7,0,2,6,1,1,
202100049051,114 078,A01,2,33,0,1,1,17,1,
202100049052,114 076,A01,3,7,0,1,2,1,1,
202100049053,114 074,A01,2,33,0,2,1,1,1,
202100049053,114 075,B01,2,7,0,2,2,19,1,
202100049054,114 073,A01,1,31,0,0,0,26,0,
202100049055,114 072,A01,1,34,10,0,7,26,1,
202100049056,114 070,A01,3,80,0,2,8,19,3,
202100049056,114 071,B01,1,7,0,2,2,1,1,
202100049057,114 068,B01,1,10,0,2,8,2,1,
202100049057,114 069,A01,1,33,0,2,7,2,1,
202100049058,114 067,A01,1,10,0,1,4,26,1,
202100049059,114 065,A01,2,7,0,2,3,15,1,
202100049059,114 066,B01,2,2,0,2,7,17,1,
202100049060,114 063,B01,3,7,0,2,1,1,2,
202100049060,114 064,A01,3,30,0,2,7,16,1,
202100049061,114 061,B01,1,34,0,2,5,2,0,
202100049061,114 062,A01,1,7,0,2,2,1,1,
202100049062,114 060,A01,1,7,6,0,1,15,1,
202100049063,114 059,A01,1,30,14,2,3,1,1,
202100049064,114 058,A01,0,7,0,1,3,16,1,
202100049065,114 056,A01,2,1,0,2,8,19,5,
202100049065,114 057,B01,2,7,0,2,1,1,1,
202100049066,114 054,A01,0,30,0,2,1,1,1,
202100049066,114 055,B01,0,7,0,2,4,1,1,
202100049067,114 052,B01,0,7,0,2,1,1,1,
202100049067,114 053,A01,0,7,0,2,3,15,1,
202100049068,114 050,Z01,1,10,0,2,0,0,1,
202100049068,114 051,B01,1,3,0,2,1,0,1,
202100049069,114 048,A01,0,7,1,0,1,16,1,
202100049069,114 049,B01,0,37,0,2,3,24,1,1.0
202100049070,114 047,A01,1,7,5,0,0,1,1,
202100049071,114 045,A01,2,7,0,2,2,15,1,
202100049071,114 046,B01,1,33,0,2,1,1,1,
202100049072,114 044,A01,3,33,15,0,1,1,1,
202100049073,114 042,B01,1,7,0,2,2,1,1,
202100049073,114 043,A01,1,7,0,2,1,15,1,
202100049074,114 041,A01,1,7,0,1,3,26,1,
202100049075,114 038,A01,1,7,0,2,1,2,1,
202100049075,114 039,B01,1,7,0,2,4,2,1,
202100049075,114 040,C01,1,7,0,2,4,2,1,
202100049076,114 037,A01,1,60,0,1,1,1,5,
202100049077,114 035,A01,1,7,1,2,1,16,1,
202100049077,114 036,B01,0,33,1,2,7,1,1,
202100049078,114 034,A01,1,7,13,0,0,14,1,
202100049079,114 033,A01,3,7,0,1,4,4,1,
202100049080,114 030,A01,1,10,0,2,1,2,1,
202100049080,114 031,B01,1,7,0,2,4,2,1,
202100049080,114 032,C01,1,7,0,2,4,2,1,
202100049081,114 028,B01,3,10,0,2,3,1,1,
202100049081,114 029,A01,3,7,0,2,7,12,1,
202100049082,114 027,A01,1,31,15,0,8,1,1,
202100049083,114 023,C01,3,7,0,2,4,15,1,
202100049083,114 024,A01,3,7,9,2,1,9,2,
202100049083,114 025,B01,3,7,0,2,7,10,1,
202100049083,114 026,D01,3,10,0,2,3,1,1,
202100049084,114 021,A01,3,7,0,2,2,16,1,
202100049084,114 022,B01,3,1,0,2,1,1,5,
202100049085,114 017,A01,1,7,0,2,3,26,1,
202100049085,114 018,B01,1,7,0,2,2,1,1,
202100049086,114 015,A01,2,1,0,2,7,1,5,
202100049086,114 016,B01,2,7,0,2,1,1,1,
202100049087,114 013,B01,3,10,0,0,7,0,1,
202100049087,114 014,A01,3,60,0,2,0,0,5,
202100049088,114 011,A01,3,7,1,2,9,16,1,
202100049088,114 012,B01,3,7,0,2,1,0,1,
202100049089,114 009,A01,3,7,0,2,1,15,1,
202100049089,114 010,B01,1,31,0,2,1,1,1,
202100049090,114 008,A01,1,7,0,1,1,15,1,
202100049091,114 005,A01,3,7,1,0,3,9,1,
202100049091,114 006,C01,3,10,1,0,0,0,1,
202100049091,114 007,B01,1,2,1,2,1,1,1,
202100049092,114 003,B01,2,7,0,2,4,23,2,
202100049092,114 004,A01,2,31,0,2,1,2,1,
202100049093,114 001,A01,1,7,0,2,1,13,2,
202100049093,114 002,B01,2,17,0,2,1,1,6,
202100049094,113 999,A01,2,7,0,2,3,1,1,
202100049094,114 000,B01,1,7,0,2,3,1,1,
202100049095,113 997,A01,3,7,0,2,2,1,1,
202100049095,113 998,B01,3,2,0,2,1,1,1,
202100049096,113 996,A01,2,2,0,0,1,1,1,
202100049097,113 993,A01,1,7,12,2,1,9,1,
202100049097,113 994,B01,1,7,0,2,1,1,1,
202100049097,113 995,C01,1,7,0,2,8,1,1,
202100049098,113 991,A01,2,30,0,2,1,18,1,
202100049098,113 992,B01,2,7,0,2,2,16,1,
202100049099,113 990,A01,3,7,0,1,1,1,1,
202100049100,113 989,A01,1,7,0,1,1,21,1,
202100049101,113 987,A01,1,3,0,2,7,15,1,
202100049101,113 988,B01,2,33,0,2,1,1,1,
202100049102,113 985,A01,1,33,0,2,1,2,1,
202100049102,113 986,B01,1,7,0,2,6,23,1,
202100049103,113 984,A01,2,7,6,0,2,14,1,
202100049104,113 983,A01,1,32,0,1,1,1,0,
202100049105,113 981,A01,1,7,0,9,3,15,1,
202100049105,113 982,B01,2,1,0,2,1,1,5,
202100049106,113 979,B01,2,7,0,2,4,2,1,
202100049106,113 980,A01,2,7,0,2,1,2,1,
202100049107,113 977,B01,1,1,0,2,7,26,5,
202100049107,113 978,A01,3,7,0,9,2,9,1,
202100049108,113 975,A01,3,7,0,2,4,4,1,
202100049108,113 976,B01,3,2,0,2,1,1,1,
202100049109,113 974,A01,2,7,0,1,7,1,1,
202100049110,113 970,A01,1,7,0,2,3,14,1,
202100049110,113 971,B01,1,7,0,2,3,11,1,
202100049110,113 972,C01,1,7,0,2,5,1,1,
202100049110,113 973,D01,1,7,0,0,4,1,1,
202100049111,113 969,A01,1,99,0,9,0,26,0,
202100049112,113 967,B01,1,80,0,2,8,19,3,
202100049112,113 968,A01,1,7,0,2,2,26,1,
202100049113,113 965,B01,1,1,0,2,1,1,0,
202100049113,113 966,A01,2,10,0,2,3,15,1,
202100049114,113 963,B01,3,2,1,2,1,18,1,
202100049114,113 964,A01,0,7,0,2,0,0,0,
202100049115,113 961,A01,3,7,0,2,2,15,1,
202100049115,113 962,B01,0,33,0,2,1,1,1,
202100049116,113 959,B01,3,7,0,2,2,1,1,
202100049116,113 960,A01,3,31,0,2,1,5,0,
202100049117,113 957,B01,1,7,0,2,3,15,1,
202100049117,113 958,A01,1,33,0,2,1,13,1,
202100049118,113 955,A01,2,36,0,2,1,2,1,
202100049118,113 956,B01,2,32,0,2,4,23,1,
202100049119,113 953,B01,1,32,14,2,0,0,1,
202100049119,113 954,A01,1,7,14,2,0,0,1,
202100049120,113 952,A01,2,7,1,0,1,26,1,
202100049121,113 950,B01,3,33,0,2,2,1,1,
202100049121,113 951,Z01,3,7,0,2,3,15,1,
202100049122,113 948,A01,2,7,0,2,3,15,1,
202100049122,113 949,B01,2,7,1,0,7,1,1,
202100049123,113 945,A01,3,7,0,2,2,21,1,
202100049123,113 946,Z01,3,7,0,2,3,13,1,
202100049123,113 947,B01,3,7,0,2,5,26,1,
202100049124,113 943,A01,1,7,0,2,1,2,1,
202100049124,113 944,B01,1,7,0,2,4,2,1,
202100049125,113 941,A01,1,32,0,2,8,11,1,
202100049125,113 942,B01,1,32,0,2,7,1,1,
202100049126,113 939,A01,1,33,0,2,7,3,1,
202100049126,113 940,B01,1,10,0,2,8,11,1,
202100049127,113 938,A01,2,32,0,1,1,1,1,
202100049128,113 937,A01,2,1,0,1,1,1,5,
202100049129,113 935,A01,3,7,0,2,7,16,1,
202100049129,113 936,B01,3,33,0,2,0,18,1,
202100049130,113 934,A01,1,1,0,0,0,21,5,
202100049131,113 932,A01,3,2,0,2,6,18,1,
202100049131,113 933,B01,3,7,0,2,0,1,1,
202100049132,113 930,A01,3,7,0,2,2,1,1,
202100049132,113 931,B01,1,37,0,2,3,9,1,2.0
202100049133,113 928,B01,1,43,0,2,2,15,1,
202100049133,113 929,A01,1,30,0,2,3,13,3,
202100049134,113 927,A01,1,7,0,1,1,1,1,
202100049135,113 926,A01,2,1,1,0,1,14,5,
202100049136,113 925,A01,2,7,0,1,2,15,1,
202100049137,113 923,A01,2,7,12,2,1,1,1,
202100049137,113 924,B01,3,7,12,2,8,1,1,
202100049138,113 921,B01,1,7,0,2,3,1,2,
202100049138,113 922,A01,2,30,0,2,1,1,1,
202100049139,113 919,A01,1,10,0,2,8,22,1,
202100049139,113 920,B01,2,60,0,2,1,1,5,
202100049140,113 917,Z01,2,7,0,2,1,2,1,
202100049140,113 918,A01,2,7,0,2,6,2,1,
202100049141,113 916,A01,1,1,0,0,0,1,5,
202100049142,113 915,A01,3,7,0,1,1,15,1,
202100049143,113 914,A01,1,10,0,1,3,2,1,
202100049144,113 913,A01,1,32,0,2,1,17,1,
202100049145,113 912,B01,2,10,0,1,1,1,0,
202100049146,113 909,A01,2,7,0,2,2,14,1,
202100049146,113 910,C01,2,7,0,2,4,0,1,
202100049146,113 911,B01,2,32,0,2,1,3,1,
202100049147,113 907,A01,1,30,0,2,3,3,1,
202100049147,113 908,B01,1,7,0,0,5,26,1,
202100049148,113 903,C01,1,10,1,2,4,23,1,
202100049148,113 904,A01,1,7,1,2,1,26,1,
202100049148,113 905,B01,1,7,0,2,4,23,1,
202100049148,113 906,D01,1,7,0,2,4,23,1,
202100049149,113 901,B01,1,7,0,2,0,0,0,
202100049149,113 902,A01,1,7,0,2,0,0,1,
202100049150,113 899,A01,1,7,1,0,2,1,1,
202100049150,113 900,B01,1,2,1,0,1,1,1,
202100049151,113 898,A01,1,10,0,1,1,17,0,
202100049152,113 896,B01,2,33,0,2,1,1,1,
202100049152,113 897,A01,1,7,0,2,2,10,0,
202100049153,113 894,B01,2,7,0,2,2,1,1,
202100049153,113 895,A01,1,34,0,2,1,1,1,
202100049154,113 892,Z01,3,0,0,2,1,25,0,
202100049154,113 893,A01,2,32,0,2,7,25,1,
202100049155,113 891,A01,2,7,0,1,1,15,1,
202100049156,113 889,A01,1,32,0,2,1,1,1,
202100049156,113 890,B01,1,7,0,2,5,15,1,
202100049157,113 888,A01,2,7,0,1,2,1,1,
202100049158,113 887,A01,2,7,0,1,8,1,1,
202100049159,113 885,B01,1,10,0,2,7,16,1,
202100049159,113 886,A01,1,32,0,2,8,1,1,
202100049160,113 883,B01,1,50,0,2,8,1,3,
202100049160,113 884,A01,2,7,0,2,7,1,1,
202100049161,113 881,B01,1,7,2,2,4,0,1,
202100049161,113 882,A01,1,7,0,2,1,14,1,
202100049162,113 879,B01,1,15,0,2,1,2,1,
202100049162,113 880,A01,1,15,0,0,4,2,1,
202100049163,113 878,A01,2,7,13,0,3,1,1,
202100049164,113 875,C01,2,7,0,2,1,1,1,
202100049164,113 876,B01,2,7,0,2,1,1,1,
202100049164,113 877,A01,1,15,0,2,8,10,1,
202100049165,113 873,A01,1,7,0,2,2,2,1,
202100049165,113 874,B01,1,10,3,1,1,21,1,
202100049166,113 871,A01,2,2,1,0,1,2,1,
202100049166,113 872,B01,2,7,0,0,6,23,1,
202100049167,113 869,A01,1,7,0,2,1,1,1,
202100049167,113 870,B01,3,1,0,2,7,19,5,
202100049168,113 865,A01,2,33,0,2,1,13,1,
202100049168,113 866,D01,1,7,0,2,3,1,1,
202100049168,113 867,C01,1,7,0,2,3,0,1,
202100049168,113 868,B01,2,33,0,2,0,13,0,
202100049169,113 864,A01,2,7,2,0,3,13,1,
202100049170,113 863,A01,1,33,3,0,8,13,1,
202100049171,113 861,A01,1,7,0,0,8,9,1,
202100049171,113 862,B01,2,7,0,0,3,1,1,
202100049172,113 859,B01,2,7,8,2,3,1,1,
202100049172,113 860,A01,2,7,0,2,2,0,1,
202100049173,113 857,A01,1,7,0,2,3,5,1,
202100049173,113 858,B01,2,7,0,2,3,1,1,
202100049174,113 855,A01,2,33,0,2,1,1,1,
202100049174,113 856,B01,3,7,0,2,8,9,1,
202100049175,113 853,B01,2,7,8,2,3,1,1,
202100049175,113 854,A01,1,7,0,2,2,0,1,
202100049176,113 851,A01,2,7,0,2,5,15,1,
202100049176,113 852,B01,1,7,0,2,3,2,1,
202100049177,113 849,B01,1,7,0,2,3,15,1,
202100049177,113 850,A01,1,2,0,2,1,17,1,
202100049178,113 848,A01,1,33,0,0,0,1,1,
202100049179,113 846,A01,1,7,0,2,3,16,1,
202100049179,113 847,B01,2,33,0,2,1,1,0,
202100049180,113 844,A01,2,1,0,9,4,0,5,
202100049180,113 845,B01,2,1,0,2,1,0,5,
202100049181,113 843,A01,2,7,6,0,2,1,1,
202100049182,113 841,B01,1,30,0,2,1,1,1,
202100049182,113 842,A01,2,33,0,0,0,1,1,
202100049183,113 839,B01,1,7,0,2,1,23,1,
202100049183,113 840,A01,1,7,0,0,4,23,1,
202100049184,113 838,A01,1,7,0,1,2,1,1,
202100049185,113 836,A01,0,33,0,2,8,1,1,
202100049185,113 837,B01,0,3,0,2,1,26,1,
202100049186,113 835,A01,1,31,0,0,0,26,1,
202100049187,113 834,A01,1,10,13,0,9,1,1,
202100049188,113 833,A01,3,10,16,0,9,14,1,
202100049189,113 832,A01,1,7,0,1,1,1,1,
202100049190,113 831,A01,2,33,16,0,1,14,1,
202100049191,113 829,B01,2,7,0,2,3,1,1,
202100049191,113 830,A01,1,7,0,2,3,15,1,
202100049192,113 828,A01,2,7,0,1,1,1,1,
202100049193,113 825,A01,1,7,0,2,3,15,1,
202100049193,113 826,B01,2,34,0,2,1,1,1,
202100049193,113 827,C01,2,7,0,2,3,23,1,
202100049194,113 824,A01,1,7,0,1,1,1,1,
202100049195,113 823,A01,0,7,0,1,4,20,0,
202100049196,113 822,A01,1,2,0,0,1,1,1,
202100049197,113 821,A01,1,7,0,1,2,1,1,
202100049198,113 819,A01,3,2,0,2,1,9,1,
202100049198,113 820,B01,3,7,0,2,1,13,0,
202100049199,113 817,B01,2,21,0,2,1,1,1,
202100049199,113 818,A01,1,7,0,2,1,17,1,
202100049200,113 815,A01,2,7,13,2,1,14,1,
202100049200,113 816,B01,3,7,0,0,8,1,2,
202100049201,113 813,B01,2,7,0,2,5,1,1,
202100049201,113 814,A01,1,7,0,2,5,18,1,
202100049202,113 811,A01,2,10,0,2,1,1,1,
202100049202,113 812,B01,2,33,0,2,4,1,1,
202100049203,113 810,A01,2,7,3,0,1,0,1,
202100049204,113 805,C01,1,7,0,2,4,2,0,
202100049204,113 806,D01,1,7,0,2,4,2,0,
202100049204,113 807,E01,1,7,0,2,1,2,0,
202100049204,113 808,A01,1,7,0,2,4,2,0,
202100049204,113 809,B01,1,7,0,2,4,2,0,
202100049205,113 803,A01,1,7,0,2,4,12,1,
202100049205,113 804,B01,1,7,0,2,1,1,1,
202100049206,113 801,B01,1,7,0,2,5,2,3,
202100049206,113 802,A01,1,7,0,2,3,11,1,
202100049207,113 798,C01,1,7,0,2,4,1,1,
202100049207,113 799,A01,1,10,0,2,1,1,1,
202100049207,113 800,B01,1,10,0,2,5,17,1,
202100049208,113 796,B01,1,7,1,0,1,2,1,
202100049208,113 797,A01,1,7,0,2,4,23,1,
202100049209,113 793,C01,2,7,0,2,2,23,1,
202100049209,113 794,A01,2,43,0,2,3,12,1,
202100049209,113 795,B01,2,7,0,2,2,23,1,
202100049210,113 792,A01,1,7,4,0,3,13,1,
202100049211,113 790,B01,2,80,0,2,3,1,3,
202100049211,113 791,A01,1,7,0,2,7,19,1,
202100049212,113 788,B01,2,2,0,2,1,17,1,
202100049212,113 789,A01,2,7,0,2,3,15,1,
202100049213,113 786,A01,1,31,0,2,1,1,1,
202100049213,113 787,B01,1,7,0,2,5,9,1,
202100049214,113 784,B01,1,33,0,2,1,3,1,
202100049214,113 785,A01,1,7,0,2,5,0,1,
202100049215,113 782,B01,1,2,0,2,7,1,1,
202100049215,113 783,A01,1,7,0,9,3,9,1,
202100049216,113 780,A01,3,32,0,2,1,1,1,
202100049216,113 781,B01,3,7,0,2,8,15,1,
202100049217,113 778,B01,0,10,0,2,0,0,1,
202100049217,113 779,A01,0,7,8,0,1,21,1,
202100049218,113 776,A01,2,7,0,2,1,10,1,
202100049218,113 777,B01,2,7,0,2,8,1,1,
202100049219,113 775,A01,3,38,0,1,2,20,1,1.0
202100049220,113 773,A01,1,10,0,2,2,16,1,
202100049220,113 774,B01,1,1,0,2,8,1,5,
202100049221,113 771,B01,1,10,0,2,0,0,1,
202100049221,113 772,A01,1,7,0,2,1,2,1,
202100049222,113 769,B01,3,33,0,2,1,1,1,
202100049222,113 770,A01,3,7,0,2,5,15,1,
202100049223,113 768,A01,2,7,8,0,2,14,1,
202100049224,113 766,B01,1,7,0,2,8,1,1,
202100049224,113 767,A01,1,33,0,2,1,19,1,
202100049225,113 764,B01,2,33,0,2,1,1,1,
202100049225,113 765,A01,1,7,11,2,1,21,0,
202100049226,113 763,A01,2,17,0,1,5,1,1,
202100049227,113 761,B01,1,33,0,0,0,0,0,
202100049227,113 762,A01,1,7,0,2,3,10,1,
202100049228,113 760,A01,2,7,0,1,2,1,1,
202100049229,113 759,A01,2,7,8,0,1,13,1,
202100049230,113 757,A01,1,7,0,2,1,2,1,
202100049230,113 758,B01,1,7,0,2,4,2,1,
202100049231,113 755,B01,1,2,0,2,1,1,1,
202100049231,113 756,A01,3,7,0,2,3,15,1,
202100049232,113 754,A01,2,2,0,1,1,1,0,
202100049233,113 752,B01,1,7,0,2,3,21,1,
202100049233,113 753,A01,2,30,0,2,1,17,1,
202100049234,113 750,B01,2,10,0,2,3,15,1,
202100049234,113 751,A01,2,34,8,2,1,17,1,
202100049235,113 749,A01,3,60,0,1,1,21,5,
202100049236,113 747,A01,1,7,3,2,1,1,1,
202100049236,113 748,B01,1,7,3,2,4,2,1,
202100049237,113 745,A01,1,32,0,2,7,17,1,
202100049237,113 746,B01,1,7,0,2,3,15,3,
202100049238,113 744,A01,1,7,0,1,1,1,1,
202100049239,113 743,Z01,1,30,0,1,1,0,1,
202100049240,113 741,B01,1,7,0,2,2,1,1,
202100049240,113 742,A01,1,7,0,2,1,26,2,
202100049241,113 739,B01,1,7,11,2,2,2,1,
202100049241,113 740,A01,2,10,0,2,5,15,1,
202100049242,113 737,B01,1,7,0,2,4,1,1,
202100049242,113 738,A01,1,30,0,2,2,2,1,
202100049243,113 735,A01,1,2,0,2,1,7,1,
202100049243,113 736,B01,1,7,0,2,3,15,1,
202100049244,113 733,A01,1,33,0,2,1,17,1,
202100049244,113 734,B01,2,7,0,2,3,1,1,
202100049245,113 731,A01,3,7,0,2,2,15,1,
202100049245,113 732,B01,3,80,0,2,1,0,3,
202100049246,113 729,B01,1,7,0,2,5,15,1,
202100049246,113 730,A01,2,31,0,2,3,1,1,
202100049247,113 728,A01,1,7,15,0,1,1,1,
202100049248,113 726,B01,3,7,0,2,3,26,1,
202100049248,113 727,A01,3,7,0,2,6,26,1,
202100049249,113 725,A01,3,7,0,1,1,1,1,
202100049250,113 724,A01,3,7,8,0,1,1,1,
202100049251,113 723,A01,3,33,12,0,0,1,1,
202100049252,113 722,A01,3,31,0,9,0,20,1,
202100049253,113 721,A01,0,7,0,1,1,5,1,
202100049254,113 719,B01,3,7,0,2,1,1,1,
202100049254,113 720,A01,3,10,0,2,2,15,1,
202100049255,113 717,B01,3,2,0,2,8,1,1,
202100049255,113 718,A01,0,7,0,2,2,26,1,
202100049256,113 715,B01,1,7,0,2,6,1,1,
202100049256,113 716,A01,1,1,0,2,1,1,5,
202100049257,113 713,A01,2,7,0,2,2,17,1,
202100049257,113 714,B01,1,33,0,2,2,2,1,
202100049258,113 711,B01,1,1,0,2,1,15,5,
202100049258,113 712,A01,1,7,0,2,7,16,1,
202100049259,113 710,A01,1,7,0,1,1,1,1,
202100049260,113 708,B01,2,30,0,2,1,1,1,
202100049260,113 709,A01,1,7,0,2,2,15,1,
202100049261,113 706,B01,2,7,0,2,4,1,1,
202100049261,113 707,A01,2,7,0,2,1,26,1,
202100049262,113 703,A01,2,32,1,0,1,18,1,
202100049263,113 701,A01,2,7,0,2,1,2,1,
202100049263,113 702,B01,2,7,0,0,4,2,1,
202100049264,113 700,A01,2,7,12,1,2,2,1,
202100049265,113 698,B01,1,32,9,2,1,11,1,
202100049265,113 699,A01,1,7,9,2,4,0,1,
202100049266,113 697,A01,2,99,9,2,0,26,0,
202100049267,113 695,A01,1,33,0,2,1,17,1,
202100049267,113 696,B01,1,7,0,2,8,15,1,
202100049268,113 693,B01,1,33,11,2,1,1,1,
202100049268,113 694,A01,2,7,11,2,2,16,1,
202100049269,113 691,A01,2,33,0,2,6,11,1,
202100049269,113 692,B01,2,7,0,2,2,1,2,
202100049270,113 689,A01,1,7,0,2,3,11,1,
202100049270,113 690,B01,1,32,0,2,2,1,1,
202100049271,113 687,A01,1,7,0,2,4,15,1,
202100049271,113 688,B01,1,2,0,2,1,17,1,
202100049272,113 685,B01,2,32,0,2,1,23,1,
202100049272,113 686,A01,2,7,0,2,4,4,1,
202100049273,113 683,A01,2,7,0,2,2,1,1,
202100049273,113 684,B01,1,1,0,2,8,1,5,
202100049274,113 682,A01,1,1,2,0,1,1,5,
202100049275,113 680,A01,1,30,0,2,2,17,1,
202100049275,113 681,B01,1,7,0,2,3,15,1,
202100049276,113 678,Z01,2,7,0,2,1,1,0,
202100049276,113 679,A01,2,1,0,2,4,1,5,
202100049277,113 677,A01,1,10,11,0,1,1,1,
202100049278,113 675,A01,3,10,0,2,8,22,1,
202100049278,113 676,B01,3,1,0,2,1,1,5,
202100049279,113 673,B01,1,50,0,2,1,1,3,
202100049279,113 674,A01,1,7,0,2,2,1,1,
202100049280,113 672,A01,2,7,0,1,3,1,1,
202100049281,113 670,B01,1,50,0,2,1,1,3,
202100049281,113 671,A01,2,7,0,2,5,15,1,
202100049282,113 669,A01,1,10,0,1,2,1,1,
202100049283,113 668,A01,1,1,0,1,4,1,5,
202100049284,113 666,A01,3,30,0,2,8,18,1,
202100049284,113 667,B01,3,10,0,2,2,16,1,
202100049285,113 663,A01,2,10,0,2,1,23,1,
202100049285,113 664,B01,2,10,0,2,4,23,1,
202100049285,113 665,C01,2,7,0,2,4,1,1,
202100049286,113 662,A01,3,1,0,0,0,1,5,
202100049287,113 660,B01,2,2,0,0,1,1,1,
202100049287,113 661,A01,1,1,0,2,1,5,5,
202100049288,113 659,A01,2,1,0,0,0,13,5,
202100049289,113 657,B01,1,33,0,2,1,1,1,
202100049289,113 658,A01,1,7,0,2,6,11,1,
202100049290,113 655,B01,2,7,8,0,5,2,1,
202100049290,113 656,A01,2,7,0,2,1,2,1,
202100049291,113 652,A01,2,3,0,2,1,26,1,
202100049291,113 653,C01,2,30,0,2,5,2,1,
202100049291,113 654,B01,2,30,0,2,0,0,1,
202100049292,113 650,A01,-1,7,0,2,3,15,1,
202100049292,113 651,B01,-1,1,0,2,1,1,5,
202100049293,113 648,A01,-1,7,0,2,1,2,0,
202100049293,113 649,B01,-1,7,0,0,4,2,0,
202100049294,113 646,A01,3,1,0,2,0,9,5,
202100049294,113 647,Z01,1,7,0,9,0,0,0,
202100049295,113 645,A01,3,7,0,1,3,1,0,
202100049296,113 644,A01,1,32,14,0,1,1,1,
202100049297,113 642,A01,2,37,0,2,1,2,1,2.0
202100049297,113 643,B01,2,7,0,2,4,1,1,
202100049298,113 640,Z01,1,15,0,2,0,0,1,
202100049298,113 641,A01,1,2,0,2,8,19,1,
202100049299,113 638,A01,1,32,0,2,5,3,1,