Num_Acc,id_vehicule,num_veh,senc,catv,obs,obsm,choc,manv,motor,occutc
202100049299,113 639,B01,1,7,0,2,3,15,1,
202100049300,113 636,A01,2,33,0,2,4,1,1,
202100049300,113 637,B01,2,33,0,2,1,2,1,
202100049301,113 634,B01,1,2,0,2,4,1,1,
202100049301,113 635,A01,1,7,0,2,0,0,1,
202100049302,113 632,B01,3,7,0,2,3,1,1,
202100049302,113 633,A01,3,7,0,2,1,16,1,
202100049303,113 630,A01,1,32,0,2,1,1,1,
202100049303,113 631,B01,2,33,0,2,1,5,1,
202100049304,113 628,B01,2,15,0,2,2,1,1,
202100049304,113 629,A01,1,7,0,2,7,15,1,
202100049305,113 627,A01,1,33,0,0,0,17,1,
202100049306,113 625,B01,3,7,0,2,8,15,1,
202100049306,113 626,A01,2,7,0,2,1,1,1,
202100049307,113 624,A01,1,7,2,0,1,1,1,
202100049308,113 623,A01,0,7,13,0,3,13,1,
202100049309,113 621,A01,2,7,0,2,3,15,1,
202100049309,113 622,B01,1,7,0,2,1,1,1,
202100049310,113 619,A01,1,1,0,2,1,0,5,
202100049310,113 620,B01,3,7,0,2,1,1,1,
202100049311,113 617,A01,2,1,0,0,1,1,5,
202100049311,113 618,B01,1,21,0,0,3,1,1,
202100049312,113 615,B01,3,7,0,2,3,0,0,
202100049312,113 616,A01,0,30,0,2,3,1,1,
202100049313,113 614,A01,3,10,13,0,1,1,1,
202100049314,113 613,A01,2,7,0,0,9,1,1,
202100049315,113 612,A01,1,7,0,1,2,14,1,
202100049316,113 611,A01,3,7,0,1,4,4,1,
202100049317,113 609,B01,1,7,0,2,3,1,1,
202100049317,113 610,A01,2,7,0,2,3,13,1,
202100049318,113 608,A01,2,1,0,1,1,1,5,
202100049319,113 607,A01,1,7,8,0,0,1,1,
202100049320,113 605,B01,2,31,0,2,1,17,1,
202100049320,113 606,A01,2,10,0,2,3,15,1,
202100049321,113 603,A01,2,7,0,2,6,12,1,
202100049321,113 604,B01,2,10,0,0,3,1,1,
202100049322,113 601,A01,2,7,0,2,1,17,1,
202100049322,113 602,B01,1,32,0,2,1,1,1,
202100049323,113 599,B01,2,33,0,0,1,1,1,
202100049323,113 600,A01,1,7,0,0,8,15,1,
202100049324,113 598,A01,2,7,2,0,7,21,1,
202100049325,113 596,B01,1,7,0,0,4,1,1,
202100049325,113 597,A01,1,7,0,2,1,0,0,
202100049326,113 594,B01,2,10,0,2,1,17,1,
202100049326,113 595,A01,1,7,0,2,1,1,1,
202100049327,113 592,B01,2,32,0,2,1,13,1,
202100049327,113 593,A01,1,7,0,2,3,1,1,
202100049328,113 590,B01,1,10,0,2,1,1,1,
202100049328,113 591,A01,2,10,0,2,3,5,1,
202100049329,113 588,A01,2,33,0,2,1,17,1,
202100049329,113 589,B01,1,33,0,2,1,1,1,
202100049330,113 585,C01,0,7,0,2,1,1,1,
202100049330,113 586,B01,1,31,0,2,1,1,1,
202100049330,113 587,A01,1,7,0,2,6,15,1,
202100049331,113 583,A01,1,7,0,2,3,13,1,
202100049331,113 584,B01,2,7,0,2,3,1,1,
202100049332,113 581,A01,2,2,0,2,1,1,1,
202100049332,113 582,B01,2,7,0,2,4,1,1,
202100049333,113 579,A01,1,7,0,2,3,1,1,
202100049333,113 580,B01,2,3,0,2,8,9,1,
202100049334,113 578,A01,2,7,0,1,3,15,1,
202100049335,113 577,A01,1,7,0,0,0,0,1,
202100049336,113 573,A01,1,15,0,2,2,12,1,
202100049336,113 574,B01,1,7,0,2,8,1,1,
202100049337,113 571,A01,2,7,0,2,1,1,1,
202100049337,113 572,B01,2,7,0,2,4,2,1,
202100049338,113 569,B01,1,7,0,2,4,2,1,
202100049338,113 570,A01,1,7,0,2,1,1,1,
202100049339,113 567,B01,2,7,3,0,3,1,1,
202100049339,113 568,A01,2,15,0,2,0,0,1,
202100049340,113 565,B01,1,32,0,2,8,1,1,
202100049340,113 566,A01,1,7,0,2,7,12,1,
202100049341,113 563,A01,1,7,0,2,1,2,1,
202100049341,113 564,B01,1,13,0,2,4,2,0,
202100049342,113 562,A01,1,17,4,2,0,26,1,
202100049343,113 561,A01,1,7,0,0,9,12,1,
202100049344,113 558,A01,2,7,0,2,3,1,1,
202100049344,113 559,B01,2,15,0,2,5,1,1,
202100049344,113 560,C01,2,10,4,2,7,1,1,
202100049345,113 556,Z01,2,7,0,2,1,1,1,
202100049345,113 557,B01,2,7,0,2,4,1,1,
202100049346,113 554,B01,2,33,4,2,7,0,1,
202100049346,113 555,A01,2,10,0,2,8,11,1,
202100049347,113 552,A01,2,7,0,2,3,15,1,
202100049347,113 553,B01,1,31,0,2,1,17,1,
202100049348,113 551,A01,1,32,0,9,0,1,1,
202100049349,113 550,A01,1,7,1,2,2,1,1,
202100049350,113 548,A01,1,7,0,2,1,14,1,
202100049350,113 549,B01,1,7,1,2,4,26,1,
202100049351,113 546,B01,1,7,0,2,8,15,1,
202100049351,113 547,A01,1,31,0,2,1,1,1,
202100049352,113 544,B01,1,1,0,2,1,5,0,
202100049352,113 545,A01,1,7,0,2,1,9,0,
202100049353,113 543,A01,1,1,0,0,0,1,5,
202100049354,113 540,B01,1,31,0,2,7,1,1,
202100049354,113 541,C01,1,7,0,2,3,1,1,
202100049354,113 542,A01,1,7,0,2,2,15,1,
202100049355,113 539,A01,2,10,0,9,1,14,1,
202100049356,113 537,A01,1,33,0,2,2,17,1,
202100049356,113 538,B01,1,10,0,0,8,15,1,
202100049357,113 536,A01,2,30,0,0,0,0,1,
202100049358,113 535,Z01,3,7,0,1,0,0,0,
202100049359,113 534,A01,3,7,0,1,2,14,1,
202100049360,113 533,A01,1,7,0,1,2,16,1,
202100049361,113 531,B01,2,2,0,2,1,1,1,
202100049361,113 532,A01,1,7,0,2,3,15,1,
202100049362,113 530,A01,1,7,0,1,2,1,1,
202100049363,113 529,A01,2,33,0,0,0,1,1,
202100049364,113 527,B01,2,2,0,2,1,1,1,
202100049364,113 528,A01,2,7,0,2,6,9,1,
202100049365,113 526,A01,1,2,0,0,8,1,1,
202100049366,113 521,A01,0,7,0,2,4,1,1,
202100049366,113 522,B01,1,7,0,2,4,1,1,
202100049366,113 523,C01,1,7,0,2,1,1,1,
202100049366,113 524,D01,1,7,0,2,4,1,1,
202100049366,113 525,E01,1,7,0,2,4,1,1,
202100049367,113 519,A01,3,7,0,2,1,9,3,
202100049367,113 520,B01,3,1,0,2,7,1,0,
202100049368,113 515,Y01,1,1,0,2,7,9,5,
202100049368,113 516,A01,1,7,0,9,1,9,1,
202100049369,113 513,B01,2,7,0,2,2,1,1,
202100049369,113 514,A01,1,7,0,2,2,15,1,
202100049370,113 511,A01,2,7,0,2,1,15,1,
202100049370,113 512,B01,1,33,0,2,1,1,1,
202100049371,113 509,B01,1,7,0,2,4,23,0,
202100049371,113 510,A01,1,2,1,0,1,2,0,
202100049372,113 507,B01,0,15,0,2,8,1,1,
202100049372,113 508,A01,0,7,0,2,7,17,1,
202100049373,113 506,A01,1,7,0,1,1,1,1,
202100049374,113 505,A01,1,7,13,0,1,1,1,
202100049375,113 504,A01,3,10,0,1,4,4,1,
202100049376,113 502,A01,1,7,0,2,7,15,1,
202100049376,113 503,B01,2,33,0,2,1,1,1,
202100049377,113 500,A01,2,37,0,2,6,15,1,1.0
202100049377,113 501,B01,1,7,0,2,1,1,1,
202100049378,113 498,B01,3,1,0,2,1,1,0,
202100049378,113 499,A01,3,7,0,2,0,1,1,
202100049379,113 496,B01,1,37,0,2,6,1,2,1.0
202100049379,113 497,A01,2,7,0,2,3,16,1,
202100049380,113 494,A01,1,10,0,2,1,2,1,
202100049380,113 495,B01,1,7,0,2,4,0,1,
202100049381,113 492,A01,1,7,0,2,2,15,2,
202100049381,113 493,B01,2,1,0,2,1,1,0,
202100049382,113 490,B01,1,7,0,2,4,2,1,
202100049382,113 491,A01,1,10,0,2,1,2,1,
202100049383,113 488,B01,3,3,0,2,1,15,6,
202100049383,113 489,A01,3,31,0,2,1,1,6,
202100049384,113 486,B01,1,7,0,2,8,1,1,
202100049384,113 487,A01,1,7,0,2,2,1,1,
202100049385,113 484,B01,1,30,0,2,1,1,1,
202100049385,113 485,A01,1,7,0,9,7,1,1,
202100049386,113 482,A01,3,7,0,2,1,2,1,
202100049386,113 483,B01,3,7,0,2,7,1,1,
202100049387,113 481,A01,3,30,0,0,0,1,1,
202100049388,113 479,B01,1,37,0,2,4,23,1,1.0
202100049388,113 480,A01,1,7,0,2,1,2,1,
202100049389,113 478,A01,0,1,0,1,1,26,5,
202100049390,113 476,B01,0,2,0,2,2,0,1,
202100049390,113 477,A01,0,7,0,2,3,15,1,
202100049391,113 474,B01,1,7,0,2,6,15,1,
202100049391,113 475,A01,1,33,0,2,1,1,1,
202100049392,113 472,A01,1,7,0,2,3,9,1,
202100049392,113 473,B01,1,7,0,2,1,1,1,
202100049393,113 469,A01,1,7,0,9,2,21,1,
202100049393,113 470,C01,1,7,0,2,6,23,1,
202100049393,113 471,B01,3,1,1,2,1,19,5,
202100049394,113 468,A01,1,7,0,1,1,20,1,
202100049395,113 466,B01,1,7,0,2,3,15,1,
202100049395,113 467,A01,1,7,0,2,2,1,1,
202100049396,113 464,B01,3,7,0,0,0,0,1,
202100049396,113 465,A01,1,1,0,2,1,19,5,
202100049397,113 462,A01,2,1,0,2,1,9,5,
202100049397,113 463,B01,3,7,0,2,3,9,1,
202100049398,113 459,C01,2,10,0,2,4,2,1,
202100049398,113 460,B01,2,7,0,2,4,2,2,
202100049398,113 461,A01,2,7,0,2,1,2,1,
202100049399,113 456,B01,1,7,0,2,3,15,1,
202100049399,113 457,A01,1,31,0,2,2,17,1,
202100049399,113 458,C01,2,36,1,2,2,0,0,
202100049400,113 454,A01,3,30,0,2,1,13,1,
202100049400,113 455,B01,3,7,0,2,1,2,1,
202100049401,113 453,A01,3,7,0,1,1,2,0,
202100049402,113 451,Z01,1,33,0,2,1,0,0,
202100049402,113 452,B01,1,30,0,2,2,0,1,
202100049403,113 449,B01,0,30,0,2,1,1,1,
202100049403,113 450,A01,0,7,0,2,1,15,1,
202100049404,113 447,A01,3,7,0,2,3,13,1,
202100049404,113 448,B01,2,33,0,2,3,1,1,
202100049405,113 445,A01,2,31,0,2,1,17,1,
202100049405,113 446,B01,1,7,0,2,3,1,1,
202100049406,113 443,B01,2,30,0,2,9,1,1,
202100049406,113 444,A01,3,10,0,2,8,15,1,
202100049407,113 441,A01,2,7,0,2,2,14,1,
202100049407,113 442,B01,2,7,0,2,6,1,1,
202100049408,113 438,B01,1,17,0,2,8,1,1,
202100049408,113 439,C01,1,7,0,2,7,1,1,
202100049408,113 440,A01,1,32,0,2,2,18,1,
202100049409,113 437,A01,1,30,0,1,2,1,3,
202100049410,113 436,A01,1,7,1,0,1,20,3,
202100049411,113 435,A01,0,7,0,1,2,1,1,
202100049412,113 433,B01,1,1,0,2,4,13,5,
202100049412,113 434,A01,1,10,0,2,1,1,1,
202100049413,113 432,Z01,2,1,0,1,0,1,5,
202100049414,113 431,A01,2,1,0,1,1,1,5,
202100049415,113 430,A01,2,80,0,0,0,21,3,
202100049416,113 429,A01,2,10,0,1,5,4,1,
202100049417,113 428,A01,1,7,0,2,3,1,1,
202100049418,113 426,B01,3,60,0,2,1,19,5,
202100049418,113 427,A01,1,33,0,9,2,1,1,
202100049419,113 425,A01,1,38,0,0,0,2,1,3.0
202100049420,113 424,A01,2,7,12,0,2,14,1,
202100049421,113 422,B01,3,7,0,9,2,26,1,
202100049421,113 423,A01,1,1,0,2,8,1,5,
202100049422,113 420,B01,3,1,0,2,2,1,5,
202100049422,113 421,Z01,3,7,0,2,2,26,0,
202100049423,113 418,A01,0,7,0,2,2,17,1,
202100049423,113 419,B01,3,37,0,2,3,1,1,4.0
202100049424,113 416,A01,3,99,0,2,3,10,1,
202100049424,113 417,B01,3,31,0,2,2,12,1,
202100049425,113 414,B01,1,14,0,9,6,0,1,
202100049425,113 415,A01,1,3,0,9,3,9,1,
202100049426,113 412,B01,-1,7,0,2,3,2,1,
202100049426,113 413,A01,2,7,0,2,2,9,1,
202100049427,113 410,A01,2,7,0,2,7,1,1,
202100049427,113 411,B01,1,1,0,2,1,1,5,
202100049428,113 409,A01,1,30,0,1,3,2,1,
202100049429,113 408,A01,1,10,0,1,2,9,1,
202100049430,113 406,B01,2,1,0,2,7,9,5,
202100049430,113 407,A01,2,7,0,2,3,19,1,
202100049431,113 404,A01,2,30,0,2,2,17,3,
202100049431,113 405,B01,2,10,0,2,3,15,1,
202100049432,113 402,A01,3,7,0,2,1,15,1,
202100049432,113 403,B01,3,33,0,2,1,1,1,
202100049433,113 400,B01,0,1,0,2,0,1,5,
202100049433,113 401,A01,3,2,0,9,0,0,0,
202100049434,113 398,A01,3,1,0,2,1,15,5,
202100049434,113 399,B01,3,7,0,9,6,1,1,
202100049435,113 397,A01,1,7,13,0,0,0,1,
202100049436,113 395,B01,1,7,0,2,7,17,1,
202100049436,113 396,A01,1,7,0,2,8,15,1,
202100049437,113 393,B01,1,7,0,9,2,1,1,
202100049437,113 394,A01,1,1,0,2,8,16,5,
202100049438,113 391,A01,2,33,0,2,1,1,1,
202100049438,113 392,B01,1,7,0,0,7,16,1,
202100049439,113 389,B01,2,2,0,2,1,2,1,
202100049439,113 390,A01,2,7,0,2,4,1,1,
202100049440,113 388,A01,2,7,0,0,0,1,1,
202100049441,113 386,A01,2,7,0,2,1,5,1,
202100049441,113 387,B01,1,14,0,2,1,1,1,
202100049442,113 385,A01,1,10,0,1,3,1,1,
202100049443,113 382,A01,2,33,0,2,1,17,1,
202100049443,113 383,B01,2,7,0,0,8,1,1,
202100049443,113 384,C01,1,13,0,0,3,1,1,
202100049444,113 380,B01,0,7,0,2,1,1,1,
202100049444,113 381,A01,1,7,0,2,2,19,1,
202100049445,113 379,A01,2,31,0,0,0,1,1,
202100049446,113 378,A01,1,7,2,0,1,2,1,
202100049447,113 377,A01,3,7,13,0,1,1,1,
202100049448,113 376,A01,1,7,8,0,1,1,1,
202100049449,113 375,A01,2,31,6,0,1,1,1,
202100049450,113 372,A01,1,10,0,2,1,2,1,
202100049450,113 373,C01,1,7,0,0,0,2,1,
202100049450,113 374,B01,1,7,4,0,4,2,1,
202100049451,113 370,A01,2,7,0,2,1,1,1,
202100049451,113 371,B01,2,10,0,2,1,1,1,
202100049452,113 368,A01,1,10,0,2,3,21,1,
202100049452,113 369,B01,1,7,7,0,5,15,1,
202100049453,113 366,A01,0,10,0,2,1,15,1,
202100049453,113 367,B01,0,1,0,2,1,1,5,
202100049454,113 364,A01,1,7,0,2,3,1,1,
202100049454,113 365,B01,2,7,15,2,1,13,1,
202100049455,113 362,B01,3,7,0,2,1,19,1,
202100049455,113 363,A01,2,7,0,0,2,19,1,
202100049456,113 361,A01,3,7,0,1,2,1,1,
202100049457,113 359,B01,2,10,0,2,1,15,1,
202100049457,113 360,A01,1,33,0,2,1,17,1,
202100049458,113 358,A01,1,7,7,0,1,2,1,
202100049459,113 357,A01,1,7,4,0,9,1,1,
202100049460,113 354,A01,2,7,5,0,3,12,1,
202100049460,113 355,X01,2,15,0,2,2,12,1,
202100049460,113 356,B01,2,15,0,2,0,0,1,
202100049461,113 353,A01,1,7,0,1,1,2,1,
202100049462,113 350,C01,2,7,0,2,4,1,1,
202100049462,113 351,B01,2,33,4,2,1,11,1,
202100049462,113 352,A01,2,33,0,2,1,21,1,
202100049463,113 348,B01,2,7,0,2,4,2,1,
202100049463,113 349,A01,2,32,0,2,1,2,1,
202100049464,113 347,A01,2,7,0,0,9,1,1,
202100049465,113 343,A01,2,33,0,2,1,3,1,
202100049465,113 344,B01,2,7,0,2,2,12,1,
202100049465,113 345,C01,2,7,0,2,5,1,1,
202100049465,113 346,D01,2,7,0,2,6,1,1,
202100049466,113 340,A01,1,7,3,2,1,9,1,
202100049466,113 341,B01,1,7,3,2,1,1,1,
202100049466,113 342,C01,1,7,3,2,1,1,1,
202100049467,113 338,B01,1,31,0,2,4,23,1,
202100049467,113 339,A01,1,7,0,2,1,9,1,
202100049468,113 337,A01,1,33,0,2,1,26,1,
202100049469,113 336,A01,3,7,0,1,6,20,1,
202100049470,113 334,A01,1,7,0,9,8,15,1,
202100049470,113 335,B01,1,2,0,2,1,2,1,
202100049471,113 332,B01,1,2,0,2,3,1,1,
202100049471,113 333,A01,2,7,0,2,3,15,1,
202100049472,113 330,B01,1,7,0,2,4,1,1,
202100049472,113 331,A01,1,1,0,2,1,1,0,
202100049473,113 328,B01,1,33,0,2,8,0,1,
202100049473,113 329,A01,3,7,0,2,3,9,1,
202100049474,113 323,A01,1,7,3,2,1,14,1,
202100049474,113 324,B01,1,7,3,2,2,12,1,
202100049474,113 325,C01,1,7,3,2,1,1,1,
202100049474,113 326,D01,1,10,3,2,6,1,1,
202100049474,113 327,E01,1,7,3,2,5,1,1,
202100049475,113 321,A01,1,7,0,1,2,1,1,
202100049476,113 319,B01,2,7,0,2,7,15,1,
202100049476,113 320,A01,1,7,0,2,1,1,1,
202100049477,113 316,B01,2,32,0,2,4,23,1,
202100049477,113 317,C01,2,7,0,2,4,23,1,
202100049477,113 318,A01,2,7,0,2,1,1,0,
202100049478,113 314,A01,2,7,0,0,6,2,1,
202100049478,113 315,B01,2,33,0,2,1,2,1,
202100049479,113 312,B01,2,7,0,2,1,6,1,
202100049479,113 313,A01,1,2,0,2,7,1,1,
202100049480,113 311,A01,0,10,0,1,1,15,1,
202100049481,113 308,A01,1,7,0,2,1,9,1,
202100049481,113 309,B01,1,7,0,2,1,9,1,
202100049481,113 310,C01,1,15,0,2,1,9,1,
202100049482,113 306,B01,1,7,0,2,3,1,1,
202100049482,113 307,A01,2,7,0,2,3,13,2,
202100049483,113 304,A01,3,30,0,2,1,5,1,
202100049483,113 305,B01,3,2,0,2,8,1,1,
202100049484,113 303,A01,3,2,1,0,1,14,1,
202100049485,113 301,B01,0,1,0,2,8,1,5,
202100049485,113 302,A01,0,10,0,2,1,9,1,
202100049486,113 299,B01,1,7,0,2,2,2,1,
202100049486,113 300,A01,1,7,0,2,1,15,1,
202100049487,113 297,B01,1,10,0,9,5,23,3,
202100049487,113 298,A01,1,1,0,2,1,2,5,
202100049488,113 295,A01,2,10,0,2,1,2,1,
202100049488,113 296,B01,2,7,0,2,4,2,1,
202100049489,113 293,A01,1,33,0,2,3,15,1,
202100049489,113 294,B01,2,7,0,2,3,1,1,
202100049490,113 291,A01,2,33,0,2,8,21,1,
202100049490,113 292,Z01,1,10,0,2,8,1,0,
202100049491,113 290,A01,2,7,0,1,7,1,1,
202100049492,113 287,A01,2,7,0,2,3,19,1,
202100049492,113 288,B01,2,7,0,2,3,1,1,
202100049492,113 289,C01,2,7,0,9,3,1,1,
202100049493,113 285,A01,1,7,0,9,8,9,1,
202100049493,113 286,B01,1,50,0,2,1,1,3,
202100049494,113 283,A01,1,7,0,9,3,24,2,
202100049494,113 284,B01,1,1,0,2,1,1,5,
202100049495,113 281,B01,3,2,0,2,1,1,1,
202100049495,113 282,A01,2,7,0,2,2,19,1,
202100049496,113 280,A01,3,7,5,0,1,1,1,
202100049497,113 278,B01,0,40,0,9,3,1,3,
202100049497,113 279,A01,3,50,0,4,1,26,3,
202100049498,113 276,B01,2,30,0,2,1,13,1,
202100049498,113 277,A01,1,7,0,2,3,1,1,
202100049499,113 275,Z01,0,30,0,1,0,1,1,
202100049500,113 273,A01,1,7,0,2,2,1,1,
202100049500,113 274,B01,1,7,0,2,5,1,1,
202100049501,113 271,A01,2,31,0,2,4,1,1,
202100049501,113 272,B01,2,1,0,2,1,1,5,
202100049502,113 269,B01,2,7,0,2,3,15,1,
202100049502,113 270,A01,2,50,0,2,1,15,3,
202100049503,113 267,B01,2,7,0,2,2,15,1,
202100049503,113 268,A01,1,7,0,2,1,1,1,
202100049504,113 265,B01,0,7,0,2,6,1,1,
202100049504,113 266,A01,0,7,0,2,1,19,1,
202100049505,113 263,A01,1,7,0,2,5,9,1,
202100049505,113 264,B01,1,2,0,2,2,1,1,
202100049506,113 261,A01,1,7,0,2,2,2,1,
202100049506,113 262,B01,1,1,0,2,6,1,5,
202100049507,113 260,A01,1,33,6,0,1,1,1,
202100049508,113 256,D01,0,7,0,0,4,23,1,
202100049508,113 257,C01,0,7,0,2,8,23,1,
202100049508,113 258,B01,0,7,0,2,5,23,1,
202100049508,113 259,A01,0,7,0,2,1,1,1,
202100049509,113 255,TA01,1,14,4,0,7,16,1,
202100049510,113 253,A01,1,43,0,2,2,3,1,
202100049510,113 254,B01,1,7,0,2,3,15,1,
202100049511,113 251,B01,2,7,8,1,7,1,1,
202100049511,113 252,A01,2,7,0,2,1,1,0,
202100049512,113 250,A01,0,7,0,1,2,1,1,
202100049513,113 248,A01,2,1,0,2,6,19,0,
202100049513,113 249,B01,2,31,0,2,1,1,1,
202100049514,113 246,A01,1,7,0,2,6,2,1,
202100049514,113 247,B01,2,34,0,2,2,17,3,
202100049515,113 245,A01,1,7,0,1,2,0,1,
202100049516,113 244,A01,3,31,0,0,7,0,1,
202100049517,113 242,B01,3,7,0,2,1,1,1,
202100049517,113 243,A01,1,7,0,2,8,1,1,
202100049518,113 240,A01,2,1,0,2,1,26,0,
202100049518,113 241,B01,2,7,0,2,3,1,1,
202100049519,113 239,A01,1,1,1,0,1,1,5,
202100049520,113 238,A01,1,33,8,0,1,12,1,
202100049521,113 236,A01,1,13,0,2,7,16,1,
202100049521,113 237,B01,1,1,0,2,8,1,5,
202100049522,113 235,A01,1,7,0,1,2,1,3,
202100049523,113 234,A01,1,37,0,1,2,7,2,1.0
202100049524,113 233,A01,1,30,14,0,1,1,1,
202100049525,113 231,B01,1,7,0,2,8,13,1,
202100049525,113 232,A01,1,33,0,2,1,17,1,
202100049526,113 230,A01,1,10,0,1,5,16,1,
202100049527,113 228,A01,3,7,0,2,8,9,1,
202100049527,113 229,B01,3,15,0,2,2,1,1,
202100049528,113 227,A01,1,37,0,1,7,7,1,1.0
202100049529,113 225,A01,1,7,0,2,8,22,1,
202100049529,113 226,B01,1,1,0,2,1,1,5,
202100049530,113 223,B01,1,1,0,2,1,1,5,
202100049530,113 224,A01,2,1,0,2,2,15,5,
202100049531,113 222,A01,2,1,0,1,3,1,5,
202100049532,113 220,A01,1,7,0,2,1,1,1,
202100049532,113 221,B01,1,30,0,2,6,1,1,
202100049533,113 218,B01,0,1,0,2,1,19,5,
202100049533,113 219,A01,1,7,0,2,1,13,1,
202100049534,113 216,A01,2,30,1,2,1,18,1,
202100049534,113 217,B01,2,7,0,2,2,1,1,
202100049535,113 214,A01,1,33,0,2,1,2,1,
202100049535,113 215,B01,1,7,0,2,4,1,1,
202100049536,113 213,A01,2,7,0,1,2,1,1,
202100049537,113 212,A01,1,7,8,0,8,17,1,
202100049538,113 210,B01,1,33,0,2,1,17,0,
202100049538,113 211,A01,1,7,0,2,5,19,0,
202100049539,113 208,B01,2,7,0,2,1,1,1,
202100049539,113 209,A01,2,7,0,2,5,1,1,
202100049540,113 206,B01,2,10,0,2,6,13,0,
202100049540,113 207,A01,2,32,0,2,2,17,6,
202100049541,113 204,A01,2,2,0,2,1,2,1,
202100049541,113 205,B01,2,7,0,2,3,15,1,
202100049542,113 202,B01,1,7,0,2,5,1,1,
202100049542,113 203,A01,1,7,0,2,1,26,1,
202100049543,113 199,A01,3,7,9,1,1,1,1,
202100049544,113 197,A01,1,7,0,2,2,2,2,
202100049544,113 198,B01,1,2,0,2,8,18,1,
202100049545,113 195,B01,2,7,0,2,3,15,1,
202100049545,113 196,A01,2,30,0,2,1,17,0,
202100049546,113 193,B01,3,30,0,2,8,1,1,
202100049546,113 194,A01,2,7,0,2,1,1,2,
202100049547,113 192,A01,3,33,0,1,1,18,1,
202100049548,113 190,A01,2,7,0,2,1,16,1,
202100049548,113 191,B01,3,80,0,2,8,19,3,
202100049549,113 189,A01,1,10,8,0,1,2,1,
202100049550,113 188,A01,0,7,0,0,2,0,1,
202100049551,113 186,A01,1,7,3,2,1,9,1,
202100049551,113 187,B01,1,7,5,0,4,23,1,
202100049552,113 185,A01,2,15,0,0,0,14,6,
202100049553,113 181,D01,1,7,7,0,3,1,1,
202100049553,113 182,C01,1,7,0,2,8,1,1,
202100049553,113 183,B01,1,7,0,2,1,1,1,
202100049553,113 184,A01,2,7,0,2,3,1,1,
202100049554,113 179,A01,1,7,0,2,3,15,1,
202100049554,113 180,B01,1,1,0,2,1,17,5,
202100049555,113 177,A01,2,7,0,2,2,1,1,
202100049555,113 178,B01,2,1,0,2,8,1,5,
202100049556,113 176,A01,2,33,0,0,8,16,1,
202100049557,113 174,B01,1,7,0,2,1,1,1,
202100049557,113 175,A01,2,7,0,2,1,1,1,
202100049558,113 172,B01,2,13,0,2,3,1,1,
202100049558,113 173,A01,1,7,0,2,3,13,1,
202100049559,113 170,A01,2,2,0,2,8,1,1,
202100049559,113 171,B01,2,10,0,2,2,13,1,
202100049560,113 168,B01,2,7,0,0,1,1,1,
202100049560,113 169,A01,1,7,3,2,3,13,1,
202100049561,113 166,A01,1,32,3,2,1,2,1,
202100049561,113 167,B01,1,7,0,0,4,23,1,
202100049562,113 165,A01,1,33,0,0,8,0,1,
202100049563,113 163,B01,1,7,0,0,4,15,1,
202100049563,113 164,A01,1,15,0,0,1,1,1,
202100049564,113 161,B01,2,7,0,2,1,1,1,
202100049564,113 162,A01,2,2,0,0,8,15,1,
202100049565,113 160,A01,3,33,16,0,0,1,0,
202100049566,113 159,A01,2,7,0,1,3,15,1,
202100049567,113 158,A01,0,7,1,0,2,0,1,
202100049568,113 155,A01,3,33,0,2,1,2,1,
202100049568,113 156,B01,3,7,0,0,6,2,1,
202100049568,113 157,C01,3,7,0,2,3,1,1,
202100049569,113 153,A01,1,1,0,2,3,2,5,
202100049569,113 154,B01,1,33,0,2,0,17,1,
202100049570,113 151,A01,1,7,0,9,2,1,1,
202100049570,113 152,B01,3,1,0,2,2,9,5,
202100049571,113 150,A01,1,7,0,9,3,1,1,
202100049572,113 148,A01,1,7,0,2,1,21,1,
202100049572,113 149,B01,1,7,0,2,4,23,1,
202100049573,113 146,B01,1,15,0,2,2,0,1,
202100049573,113 147,A01,1,7,0,2,8,1,2,
202100049574,113 143,A01,1,7,0,2,0,23,1,
202100049574,113 144,B01,1,7,0,2,5,21,1,
202100049574,113 145,C01,1,10,0,2,3,21,1,
202100049575,113 142,A01,1,7,16,0,9,1,1,
202100049576,113 139,C01,1,7,0,2,3,1,1,
202100049576,113 140,B01,1,15,0,2,6,1,1,
202100049576,113 141,A01,1,7,0,2,2,11,1,
202100049577,113 137,A01,2,7,0,2,1,2,1,
202100049577,113 138,B01,2,7,0,2,5,2,1,
202100049578,113 135,A01,1,7,0,2,1,2,1,
202100049578,113 136,B01,1,10,0,2,4,2,1,
202100049579,113 134,A01,2,32,0,0,9,1,1,
202100049580,113 133,A01,2,7,4,0,3,26,1,
202100049581,113 131,B01,2,17,0,2,8,22,2,
202100049581,113 132,A01,2,33,0,2,1,3,1,
202100049582,113 129,A01,2,33,0,2,2,1,1,
202100049582,113 130,B01,2,10,0,2,4,13,1,
202100049583,113 126,C01,1,10,0,2,4,2,1,
202100049583,113 127,B01,1,7,0,2,4,2,1,
202100049583,113 128,A01,1,7,0,2,1,2,1,
202100049584,113 121,D01,2,10,0,2,1,1,1,
202100049584,113 122,E01,2,17,0,2,1,1,1,
202100049584,113 123,A01,2,17,0,2,3,11,1,
202100049584,113 124,B01,2,7,0,2,2,1,1,
202100049584,113 125,C01,2,7,0,2,7,1,1,
202100049585,113 119,B01,2,7,0,2,4,2,1,
202100049585,113 120,A01,2,33,0,2,1,2,1,
202100049586,113 117,A01,1,33,0,2,1,2,1,
202100049586,113 118,B01,1,7,0,2,4,2,1,