Num_Acc,id_vehicule,num_veh,senc,catv,obs,obsm,choc,manv,motor,occutc
202100049876,112 585,A01,2,33,0,2,1,17,1,
202100049877,112 582,B01,1,7,0,2,7,15,1,
202100049877,112 583,A01,2,33,0,2,1,1,1,
202100049878,112 580,A01,2,1,0,2,1,2,5,
202100049878,112 581,B01,2,10,0,2,5,2,1,
202100049879,112 578,A01,0,7,0,2,2,20,1,
202100049879,112 579,B01,0,2,0,2,2,1,1,
202100049880,112 576,A01,3,2,0,2,2,1,1,
202100049880,112 577,B01,1,7,0,2,3,1,1,
202100049881,112 575,A01,2,33,0,0,0,1,1,
202100049882,112 574,A01,1,7,9,0,1,13,1,
202100049883,112 573,A01,2,7,0,0,9,14,1,
202100049884,112 571,A01,1,32,0,2,1,1,1,
202100049884,112 572,B01,2,10,0,2,2,15,1,
202100049885,112 569,A01,1,33,0,2,1,2,1,
202100049885,112 570,B01,1,7,0,2,6,2,1,
202100049886,112 568,A01,2,7,0,1,0,1,1,
202100049887,112 566,B01,1,7,0,2,3,1,1,
202100049887,112 567,A01,1,32,0,2,1,25,1,
202100049888,112 565,A01,1,33,13,0,1,13,1,
202100049889,112 563,B01,0,7,0,2,4,2,1,
202100049889,112 564,A01,2,7,0,2,1,2,1,
202100049890,112 562,A01,1,10,0,1,2,1,1,
202100049891,112 560,B01,0,7,0,2,8,16,0,
202100049891,112 561,A01,0,7,0,2,1,16,0,
202100049892,112 558,B01,1,7,0,2,8,15,1,
202100049892,112 559,A01,1,2,0,2,1,17,1,
202100049893,112 555,C01,2,7,0,0,8,0,1,
202100049893,112 556,B01,1,7,0,0,3,21,1,
202100049893,112 557,A01,1,33,0,0,1,17,1,
202100049894,112 554,A01,1,30,0,0,7,2,3,
202100049895,112 550,A01,3,7,0,0,0,0,1,
202100049895,112 551,B01,3,7,0,2,3,0,1,
202100049896,112 548,Z01,2,7,0,2,4,1,0,
202100049896,112 549,A01,2,2,0,2,1,1,1,
202100049897,112 546,B01,1,31,0,2,1,1,1,
202100049897,112 547,A01,2,7,0,2,3,15,1,
202100049898,112 544,B01,2,33,0,2,3,3,1,
202100049898,112 545,A01,2,7,0,2,1,12,1,
202100049899,112 542,B01,1,7,0,2,4,23,1,
202100049899,112 543,A01,1,7,0,2,1,14,1,
202100049900,112 541,A01,1,10,7,0,1,1,1,
202100049901,112 539,B01,1,7,0,2,3,15,1,
202100049901,112 540,A01,2,30,0,2,7,1,1,
202100049902,112 537,A01,3,33,0,2,8,1,1,
202100049902,112 538,B01,3,7,0,2,0,23,1,
202100049903,112 536,Z01,2,10,0,1,4,4,1,
202100049904,112 535,A01,2,7,0,1,1,20,1,
202100049905,112 533,B01,0,1,0,2,6,1,5,
202100049905,112 534,A01,0,7,0,2,1,1,1,
202100049906,112 531,A01,1,7,0,2,6,2,1,
202100049906,112 532,B01,1,7,0,2,4,23,1,
202100049907,112 529,A01,0,7,0,2,8,15,1,
202100049907,112 530,B01,0,1,0,2,8,19,0,
202100049908,112 527,B01,1,7,0,2,1,0,1,
202100049908,112 528,A01,2,7,0,2,1,26,1,
202100049909,112 526,A01,2,32,11,0,1,13,1,
202100049910,112 524,A01,1,32,0,2,5,1,1,
202100049910,112 525,B01,2,7,0,2,2,15,1,
202100049911,112 521,C01,1,7,0,2,4,1,1,
202100049911,112 522,B01,1,7,0,2,1,2,1,
202100049911,112 523,A01,1,10,0,2,1,2,1,
202100049912,112 520,A01,1,33,10,0,1,1,1,
202100049913,112 519,A01,1,7,0,1,2,1,1,
202100049914,112 517,A01,1,7,0,2,1,2,0,
202100049914,112 518,B01,1,7,0,2,4,2,0,
202100049915,112 516,A01,2,7,4,0,3,1,1,
202100049916,112 514,A01,1,2,0,2,2,9,1,
202100049916,112 515,B01,1,7,0,2,1,1,0,
202100049917,112 512,B01,2,7,0,2,1,0,1,
202100049917,112 513,A01,1,7,0,2,1,11,1,
202100049918,112 511,A01,2,7,6,0,2,1,1,
202100049919,112 510,A01,2,33,15,0,1,16,1,
202100049920,112 509,A01,2,7,0,1,2,1,1,
202100049921,112 507,A01,2,7,0,2,2,1,1,
202100049921,112 508,B01,2,1,0,0,4,1,5,
202100049922,112 506,A01,1,33,0,5,1,1,1,
202100049923,112 503,A01,1,33,0,2,8,13,1,
202100049923,112 504,B01,1,33,0,0,0,1,1,
202100049923,112 505,C01,2,7,0,2,3,1,1,
202100049924,112 501,B01,1,33,0,2,1,1,1,
202100049924,112 502,A01,2,7,0,2,5,15,1,
202100049925,112 500,A01,1,7,13,0,1,15,1,
202100049926,112 499,A01,1,33,16,0,1,1,1,
202100049927,112 497,B01,1,33,0,2,7,13,1,
202100049927,112 498,A01,1,7,0,2,3,15,1,
202100049928,112 495,B01,2,1,0,2,8,1,5,
202100049928,112 496,A01,1,2,0,9,1,15,1,
202100049929,112 494,A01,3,10,13,0,9,1,1,
202100049930,112 493,A01,0,10,13,0,1,1,1,
202100049931,112 492,A01,2,7,2,0,1,1,1,
202100049932,112 490,A01,1,7,0,2,2,15,1,
202100049932,112 491,B01,2,7,0,2,3,1,1,
202100049933,112 488,B01,2,7,0,2,1,1,1,
202100049933,112 489,A01,1,7,0,2,7,13,1,
202100049934,112 486,B01,1,10,0,0,2,1,1,
202100049934,112 487,A01,2,7,0,0,8,19,1,
202100049935,112 484,B01,2,7,0,2,8,1,1,
202100049935,112 485,A01,1,7,0,2,1,13,1,
202100049936,112 483,A01,3,31,8,0,2,1,1,
202100049937,112 481,A01,2,31,0,2,1,1,1,
202100049937,112 482,B01,2,31,0,0,4,1,1,
202100049938,112 480,A01,1,7,13,0,3,13,1,
202100049939,112 479,A01,2,7,5,0,2,2,1,
202100049940,112 478,A01,2,10,0,1,2,15,1,
202100049941,112 476,B01,1,7,0,2,3,15,1,
202100049941,112 477,A01,1,33,0,2,2,17,1,
202100049942,112 475,A01,3,33,0,0,1,1,1,
202100049943,112 473,A01,1,7,0,0,7,26,1,
202100049943,112 474,B01,1,7,13,2,1,2,1,
202100049944,112 472,A01,1,33,3,0,0,1,1,
202100049945,112 470,B01,1,7,0,0,1,1,1,
202100049945,112 471,A01,3,7,0,0,3,15,1,
202100049946,112 469,A01,3,7,6,0,1,0,1,
202100049947,112 468,A01,1,33,0,0,8,1,1,
202100049948,112 466,B01,2,7,0,2,1,1,1,
202100049948,112 467,A01,1,7,0,2,1,15,1,
202100049949,112 465,A01,2,2,15,0,2,1,1,
202100049950,112 464,A01,1,33,14,0,1,1,1,
202100049951,112 463,A01,3,7,0,1,1,1,1,
202100049952,112 461,B01,2,7,0,2,1,1,1,
202100049952,112 462,A01,2,13,0,0,4,1,1,
202100049953,112 459,A01,1,7,0,0,4,1,1,
202100049953,112 460,B01,1,7,0,2,1,1,1,
202100049954,112 458,A01,1,7,3,0,9,14,1,
202100049955,112 456,A01,1,7,0,2,2,21,1,
202100049955,112 457,B01,2,2,0,2,1,13,1,
202100049956,112 454,B01,1,35,0,2,8,19,1,
202100049956,112 455,A01,1,7,0,2,2,1,1,
202100049957,112 453,A01,3,32,6,0,1,1,1,
202100049958,112 451,A01,2,7,0,2,3,13,1,
202100049958,112 452,B01,1,33,0,2,1,1,1,
202100049959,112 449,B01,2,7,0,2,1,5,1,
202100049959,112 450,A01,1,7,0,2,1,1,1,
202100049960,112 447,B01,2,7,0,0,7,19,1,
202100049960,112 448,A01,1,33,0,2,8,1,1,
202100049961,112 446,A01,2,7,9,0,1,12,1,
202100049962,112 444,B01,0,7,0,2,3,2,1,
202100049962,112 445,A01,0,7,0,2,3,13,1,
202100049963,112 443,A01,1,7,13,0,2,1,1,
202100049964,112 441,A01,2,7,1,2,1,2,1,
202100049964,112 442,B01,2,7,0,0,5,2,1,
202100049965,112 438,A01,1,7,0,2,1,13,1,
202100049965,112 439,B01,2,7,0,2,1,1,1,
202100049966,112 436,A01,3,1,0,2,3,15,5,
202100049966,112 437,B01,2,1,0,2,1,1,5,
202100049967,112 435,A01,2,7,4,0,1,0,1,
202100049968,112 433,A01,3,7,0,2,3,1,1,
202100049968,112 434,B01,3,1,0,2,3,17,5,
202100049969,112 432,A01,2,7,2,0,1,13,1,
202100049970,112 431,A01,1,2,0,0,0,2,1,
202100049971,112 430,A01,1,7,6,0,1,1,1,
202100049972,112 425,E01,1,7,0,2,1,2,1,
202100049972,112 426,D01,1,7,0,2,1,1,1,
202100049972,112 427,C01,1,7,0,2,4,23,1,
202100049972,112 428,B01,1,7,0,2,2,21,1,
202100049972,112 429,A01,1,7,0,2,6,26,1,
202100049973,112 423,A01,2,33,0,2,1,2,1,
202100049973,112 424,B01,2,7,0,2,5,1,1,
202100049974,112 419,D01,2,7,0,2,4,2,1,
202100049974,112 420,C01,2,7,0,2,4,2,1,
202100049974,112 421,B01,2,7,0,2,4,2,1,
202100049974,112 422,A01,2,7,0,2,1,2,1,
202100049975,112 417,B01,1,7,0,2,7,12,1,
202100049975,112 418,A01,1,33,0,2,8,3,1,
202100049976,112 411,D01,2,7,0,2,4,2,1,
202100049976,112 412,E01,2,7,0,2,4,2,1,
202100049976,112 413,F01,2,7,0,2,4,2,1,
202100049976,112 414,A01,2,7,0,2,1,2,1,
202100049976,112 415,B01,2,7,0,2,4,2,1,
202100049976,112 416,C01,2,7,0,2,4,2,1,
202100049977,112 409,B01,1,7,0,2,1,1,1,
202100049977,112 410,A01,1,7,0,2,2,21,1,
202100049978,112 407,A01,2,7,0,2,4,2,1,
202100049978,112 408,B01,2,7,0,2,1,1,1,
202100049979,112 405,B01,1,10,0,2,4,1,1,
202100049979,112 406,A01,1,7,0,2,1,1,1,
202100049980,112 403,B01,2,7,0,2,4,2,1,
202100049980,112 404,A01,2,7,0,2,1,2,1,
202100049981,112 401,A01,1,10,0,2,3,13,1,
202100049981,112 402,B01,2,7,0,2,3,1,1,
202100049982,112 400,A01,2,30,12,0,1,14,1,
202100049983,112 398,A01,3,30,0,2,5,13,1,
202100049983,112 399,B01,3,10,0,2,5,1,1,
202100049984,112 395,B01,3,7,0,2,1,1,1,
202100049984,112 396,A01,3,7,0,2,3,15,1,
202100049984,112 397,C01,3,7,0,2,1,0,1,
202100049985,112 393,B01,1,7,0,2,1,1,1,
202100049985,112 394,A01,1,7,0,2,2,1,1,
202100049986,112 391,B01,1,7,0,2,2,17,1,
202100049986,112 392,A01,1,7,0,2,3,10,1,
202100049987,112 390,A01,1,10,1,0,1,1,1,
202100049988,112 389,A01,3,0,0,1,0,1,0,
202100049989,112 388,A01,3,7,15,0,7,9,1,
202100049990,112 387,A01,2,7,0,1,1,15,1,
202100049991,112 386,A01,2,7,0,1,3,15,1,
202100049992,112 384,B01,1,32,0,2,4,2,1,
202100049992,112 385,A01,1,7,0,2,1,2,1,
202100049993,112 382,A01,3,7,1,2,5,1,1,
202100049993,112 383,B01,3,10,0,1,2,1,1,
202100049994,112 380,A01,3,7,0,2,3,15,1,
202100049994,112 381,B01,3,99,0,2,0,0,0,
202100049995,112 379,A01,0,38,1,0,2,24,1,3.0
202100049996,112 376,C01,1,10,0,0,0,0,0,
202100049996,112 377,A01,2,7,0,2,3,13,1,
202100049996,112 378,B01,1,7,0,2,0,0,2,
202100049997,112 374,A01,1,7,0,2,1,2,1,
202100049997,112 375,B01,1,7,0,2,4,2,1,
202100049998,112 373,A01,1,7,0,1,1,2,1,
202100049999,112 371,A01,2,30,0,2,2,17,1,
202100049999,112 372,B01,2,7,0,2,3,15,1,
202100050000,112 369,A01,0,7,0,2,1,2,1,
202100050000,112 370,B01,0,7,0,2,4,2,1,
202100050001,112 368,A01,3,7,0,1,2,0,1,
202100050002,112 367,A01,1,32,12,0,7,1,1,
202100050003,112 365,A01,1,7,0,2,1,15,1,
202100050003,112 366,B01,2,7,0,2,3,1,1,
202100050004,112 363,A01,1,7,0,2,7,15,0,
202100050004,112 364,B01,2,33,0,2,1,1,1,
202100050005,112 360,A01,1,7,0,2,3,9,1,
202100050005,112 361,B01,1,1,0,2,1,1,5,
202100050006,112 359,A01,1,7,0,1,1,1,1,
202100050007,112 358,A01,1,7,0,0,1,1,1,
202100050008,112 356,B01,1,10,0,2,3,9,1,
202100050008,112 357,A01,2,2,0,2,1,17,1,
202100050009,112 354,A01,1,30,0,2,0,0,0,
202100050009,112 355,B01,2,30,0,2,0,0,0,
202100050010,112 352,B01,1,32,0,2,3,1,1,
202100050010,112 353,A01,1,7,0,2,7,9,1,
202100050011,112 350,A01,3,7,0,2,1,9,1,
202100050011,112 351,B01,2,1,0,2,1,25,5,
202100050012,112 348,B01,1,7,0,2,3,16,1,
202100050012,112 349,A01,2,30,0,2,1,1,1,
202100050013,112 345,A01,1,2,1,2,1,17,1,
202100050013,112 346,B01,1,7,0,2,8,20,1,
202100050013,112 347,C01,1,7,0,2,7,24,1,
202100050014,112 344,A01,1,7,0,1,3,19,1,
202100050015,112 342,B01,1,50,0,2,0,0,3,
202100050015,112 343,A01,1,7,0,2,0,26,2,
202100050016,112 340,A01,1,10,0,2,2,16,1,
202100050016,112 341,B01,1,1,0,2,1,1,5,
202100050017,112 338,B01,3,7,0,2,4,2,0,
202100050017,112 339,A01,3,7,0,2,1,2,0,
202100050018,112 336,A01,2,7,0,2,3,9,1,
202100050018,112 337,B01,2,7,0,2,2,1,1,
202100050019,112 335,A01,1,7,0,1,7,1,1,
202100050020,112 333,B01,1,7,0,2,4,2,1,
202100050020,112 334,Z01,1,7,0,2,1,2,1,
202100050021,112 332,A01,1,7,0,1,3,26,1,
202100050022,112 330,A01,1,7,0,2,3,9,1,
202100050022,112 331,B01,1,7,0,2,1,1,1,
202100050023,112 328,A01,3,7,0,2,5,1,1,
202100050023,112 329,B01,2,7,0,2,1,1,1,
202100050024,112 326,A01,1,10,0,2,2,15,1,
202100050024,112 327,B01,2,33,0,2,7,1,1,
202100050025,112 324,A01,3,7,0,2,1,15,1,
202100050025,112 325,Z01,1,7,0,2,1,1,1,
202100050026,112 322,A01,3,7,0,2,7,12,1,
202100050026,112 323,B01,3,32,0,2,7,1,1,
202100050027,112 319,A01,2,33,0,2,1,3,1,
202100050027,112 320,B01,1,7,0,2,1,15,1,
202100050027,112 321,C01,2,7,0,2,8,1,1,
202100050028,112 317,B01,3,7,0,2,1,15,1,
202100050028,112 318,A01,3,10,0,2,2,1,1,
202100050029,112 316,A01,0,7,0,1,2,1,1,
202100050030,112 315,A01,1,31,0,2,9,26,1,
202100050031,112 313,B01,3,10,0,2,8,1,1,
202100050031,112 314,A01,3,33,0,2,3,1,1,
202100050032,112 311,A01,2,7,0,2,3,1,1,
202100050032,112 312,B01,1,2,0,2,1,1,1,
202100050033,112 309,B01,2,30,0,2,8,17,1,
202100050033,112 310,A01,1,7,0,2,8,1,1,
202100050034,112 308,A01,1,7,0,1,2,1,1,
202100050035,112 306,B01,3,33,0,2,7,17,1,
202100050035,112 307,A01,3,7,0,2,3,15,6,
202100050036,112 303,A01,2,7,0,2,1,1,1,
202100050036,112 304,B01,2,7,0,2,4,1,1,
202100050036,112 305,C01,2,7,0,2,4,1,1,
202100050037,112 302,A01,1,99,6,0,1,16,3,
202100050038,112 299,A01,1,10,0,2,2,15,1,
202100050038,112 300,C01,2,7,0,2,1,1,1,
202100050038,112 301,B01,2,7,0,2,1,0,1,
202100050039,112 297,B01,2,7,0,2,3,1,1,
202100050039,112 298,A01,2,30,0,2,1,1,1,
202100050040,112 293,A01,3,7,0,2,1,18,1,
202100050040,112 294,B01,3,7,0,2,5,2,1,
202100050041,112 291,B01,1,7,0,2,1,0,0,
202100050041,112 292,A01,1,31,0,2,1,17,1,
202100050042,112 289,A01,2,7,0,2,1,15,1,
202100050042,112 290,B01,1,33,0,2,1,2,1,
202100050043,112 288,A01,2,7,8,0,1,14,1,
202100050044,112 286,A01,2,7,0,2,8,9,1,
202100050044,112 287,B01,2,3,0,2,7,15,1,
202100050045,112 285,A01,2,7,0,1,1,26,1,
202100050046,112 283,A01,3,7,0,2,3,15,1,
202100050046,112 284,B01,3,7,0,2,0,0,0,
202100050047,112 281,B01,3,30,0,2,1,1,1,
202100050047,112 282,A01,2,7,0,0,0,0,1,
202100050048,112 279,A01,3,7,0,2,3,1,1,
202100050048,112 280,B01,3,7,0,2,1,1,1,
202100050049,112 277,A01,2,7,0,2,1,2,1,
202100050049,112 278,B01,2,7,0,2,4,2,1,
202100050050,112 275,A01,2,1,0,2,4,14,5,
202100050050,112 276,B01,2,7,0,2,3,26,1,
202100050051,112 273,B01,2,2,0,2,1,1,1,
202100050051,112 274,A01,1,7,0,2,2,19,1,
202100050052,112 272,A01,2,10,4,0,1,14,1,
202100050053,112 270,B01,1,7,0,2,3,11,1,
202100050053,112 271,A01,2,33,0,2,7,3,1,
202100050054,112 269,A01,3,33,0,1,1,1,1,
202100050055,112 268,A01,2,7,0,1,1,1,1,
202100050056,112 266,B01,2,33,0,2,2,17,1,
202100050056,112 267,A01,2,7,0,2,3,15,2,
202100050057,112 264,A01,3,50,8,2,7,17,3,
202100050057,112 265,B01,3,1,0,2,8,13,5,
202100050058,112 262,A01,3,1,0,2,1,1,5,
202100050058,112 263,B01,3,7,0,2,5,23,1,
202100050059,112 261,A01,2,31,0,1,1,1,1,
202100050060,112 259,A01,2,7,0,2,0,15,1,
202100050060,112 260,B01,2,1,0,0,0,1,5,
202100050061,112 258,A01,2,7,0,1,1,10,2,
202100050062,112 256,B01,1,7,0,2,2,17,0,
202100050062,112 257,A01,1,30,0,2,3,13,3,
202100050063,112 255,A01,0,50,12,0,1,9,3,
202100050064,112 253,A01,2,10,0,2,8,10,3,
202100050064,112 254,B01,2,2,0,2,1,1,1,
202100050065,112 249,A01,2,10,0,2,2,22,1,
202100050065,112 250,B01,2,1,0,2,7,1,5,
202100050066,112 248,A01,2,33,15,0,1,1,1,
202100050067,112 246,B01,1,1,0,2,8,1,0,
202100050067,112 247,A01,1,7,0,2,7,2,1,
202100050068,112 245,A01,2,7,0,1,2,15,1,
202100050069,112 244,A01,1,30,12,0,3,18,1,
202100050070,112 242,B01,2,33,0,2,3,1,1,
202100050070,112 243,A01,1,7,0,2,1,17,1,
202100050071,112 238,D01,3,7,0,2,3,16,3,
202100050071,112 239,C01,3,7,0,2,9,1,1,
202100050071,112 240,B01,3,7,0,2,9,1,1,
202100050071,112 241,A01,3,10,0,2,1,1,1,
202100050072,112 236,B01,0,33,0,2,1,1,1,
202100050072,112 237,A01,0,7,0,2,6,15,1,
202100050073,112 234,A01,0,30,0,2,1,1,0,
202100050073,112 235,B01,0,7,0,2,5,1,0,
202100050074,112 232,B01,1,2,4,0,0,7,1,
202100050074,112 233,A01,1,7,0,2,0,16,1,
202100050075,112 227,B01,1,10,0,2,0,0,1,
202100050075,112 228,C01,1,7,0,2,4,1,1,
202100050075,112 229,D01,1,10,0,2,4,1,1,
202100050075,112 230,E01,1,7,0,2,1,0,1,
202100050075,112 231,A01,1,10,0,2,4,1,1,
202100050076,112 225,A01,1,7,1,0,3,15,1,
202100050076,112 226,B01,1,2,0,2,1,0,1,
202100050077,112 224,A01,-1,32,0,1,1,1,1,
202100050078,112 222,B01,0,10,0,2,3,0,1,
202100050078,112 223,A01,3,7,0,2,2,0,2,
202100050079,112 221,A01,1,7,0,1,2,20,1,
202100050080,112 218,A01,1,33,0,0,0,23,1,
202100050080,112 219,C01,1,7,0,2,1,1,1,
202100050080,112 220,B01,1,7,0,2,1,2,1,
202100050081,112 217,A01,0,37,0,1,2,16,0,1.0
202100050082,112 216,X01,2,7,0,1,1,21,0,
202100050083,112 215,A01,3,30,12,0,3,21,1,
202100050084,112 213,A01,3,7,0,2,8,22,0,
202100050084,112 214,B01,3,1,1,0,1,1,5,
202100050085,112 211,B01,2,32,0,2,1,1,1,
202100050085,112 212,A01,1,7,0,2,3,9,1,
202100050086,112 209,B01,2,7,0,2,6,1,1,
202100050086,112 210,A01,2,30,0,2,1,2,1,
202100050087,112 207,B01,1,7,0,2,4,1,1,
202100050087,112 208,A01,1,10,0,2,1,2,1,
202100050088,112 205,A01,1,30,0,2,3,1,1,
202100050088,112 206,B01,2,30,0,2,1,1,1,
202100050089,112 203,B01,3,60,0,2,1,25,5,
202100050089,112 204,A01,1,7,0,2,3,23,1,
202100050090,112 202,A01,3,99,16,0,0,1,1,
202100050091,112 200,A01,1,33,0,2,1,1,1,
202100050091,112 201,B01,1,7,0,2,5,23,1,
202100050092,112 198,B01,2,33,12,0,1,17,1,
202100050092,112 199,A01,2,80,12,0,4,15,3,
202100050093,112 196,A01,3,7,0,2,8,2,2,
202100050093,112 197,B01,0,33,0,2,7,2,1,
202100050094,112 195,A01,2,7,0,1,2,1,1,
202100050095,112 193,B01,3,2,0,2,1,1,1,
202100050095,112 194,A01,3,7,0,2,7,1,1,
202100050096,112 192,A01,1,7,7,0,2,0,1,
202100050097,112 191,A01,0,36,15,0,3,1,1,
202100050098,112 189,B01,1,7,2,2,3,1,1,
202100050098,112 190,A01,2,7,0,2,3,1,1,
202100050099,112 187,B01,2,33,0,2,7,1,1,
202100050099,112 188,A01,2,7,0,2,2,15,1,
202100050100,112 185,B01,1,31,0,2,1,1,1,
202100050100,112 186,A01,1,2,0,2,4,15,1,
202100050101,112 183,A01,2,7,6,2,1,13,1,
202100050101,112 184,B01,1,10,3,2,1,1,1,
202100050102,112 181,A01,2,10,0,0,6,2,1,
202100050102,112 182,B01,2,32,0,2,1,2,1,
202100050103,112 179,A01,1,2,0,2,2,17,1,
202100050103,112 180,B01,1,7,0,2,3,15,1,
202100050104,112 177,A01,1,2,0,2,1,2,1,
202100050104,112 178,B01,1,7,0,0,6,2,1,
202100050105,112 175,A01,2,17,0,0,4,1,1,
202100050105,112 176,B01,2,33,0,0,1,1,1,
202100050106,112 173,A01,1,2,0,2,1,1,1,
202100050106,112 174,B01,2,7,0,2,7,15,1,
202100050107,112 172,A01,3,7,8,0,1,14,1,
202100050108,112 170,B01,3,1,0,2,2,19,5,
202100050108,112 171,A01,1,7,0,2,1,1,1,
202100050109,112 169,A01,2,7,0,1,3,15,1,
202100050110,112 167,A01,1,7,0,2,2,15,1,
202100050110,112 168,B01,1,33,0,2,1,1,1,
202100050111,112 166,A01,2,7,2,0,2,1,1,
202100050112,112 164,B01,2,7,0,9,3,15,1,
202100050112,112 165,A01,1,33,0,2,2,1,1,
202100050113,112 162,B01,1,7,0,2,2,1,1,
202100050113,112 163,A01,3,7,0,2,3,15,1,
202100050114,112 160,B01,2,7,0,0,1,1,1,
202100050114,112 161,A01,1,7,0,2,3,15,1,
202100050115,112 159,A01,1,7,3,0,2,1,1,
202100050116,112 157,A01,1,17,0,2,5,1,1,
202100050116,112 158,B01,1,7,4,2,3,12,1,
202100050117,112 156,A01,3,7,0,1,2,16,1,
202100050118,112 151,D01,2,7,0,2,2,1,1,
202100050118,112 152,E01,2,7,0,0,0,1,1,
202100050118,112 153,C01,2,7,0,2,1,1,1,
202100050118,112 154,B01,2,7,3,2,3,1,1,
202100050118,112 155,A01,2,7,0,0,0,11,1,
202100050119,112 148,B01,1,15,3,2,2,1,1,
202100050119,112 149,A01,1,7,0,2,1,9,3,
202100050119,112 150,C01,1,15,0,2,4,1,1,
202100050120,112 146,A01,1,7,0,2,1,14,1,
202100050120,112 147,B01,1,38,0,0,4,1,1,14.0
202100050121,112 142,A01,2,7,0,2,3,1,1,
202100050121,112 143,B01,1,33,0,2,1,1,1,
202100050122,112 141,A01,0,7,0,1,2,0,1,
202100050123,112 138,A01,3,7,0,0,9,1,1,
202100050124,112 136,B01,3,7,0,2,1,1,1,
202100050124,112 137,A01,3,7,0,2,4,1,1,
202100050125,112 134,C01,3,1,0,2,9,15,-1,
202100050125,112 135,A01,3,10,0,2,2,1,1,
202100050126,112 132,B01,0,7,0,0,1,21,1,
202100050126,112 133,A01,0,7,0,0,1,17,1,
202100050127,112 131,A01,3,2,0,1,1,1,1,
202100050128,112 128,C01,2,7,0,2,1,2,1,
202100050128,112 129,B01,2,7,0,2,4,2,1,
202100050128,112 130,A01,2,10,0,2,4,2,1,
202100050129,112 126,T01,1,10,0,0,0,0,1,
202100050129,112 127,A01,1,7,6,2,8,1,1,
202100050130,112 124,A01,2,7,0,2,4,1,1,
202100050130,112 125,B01,2,7,0,2,1,1,1,
202100050131,112 122,A01,1,33,0,2,1,3,1,
202100050131,112 123,B01,1,7,0,2,3,11,1,
202100050132,112 119,A01,1,10,0,2,1,21,1,
202100050132,112 120,B01,1,33,0,2,1,21,1,
202100050132,112 121,C01,1,7,0,2,3,2,1,
202100050133,112 117,A01,1,7,0,2,1,2,1,
202100050133,112 118,B01,1,17,0,2,4,2,1,
202100050134,112 115,A01,1,31,0,2,3,3,1,
202100050134,112 116,B01,1,7,0,2,5,2,0,
202100050135,112 113,B01,1,7,0,2,4,1,1,
202100050135,112 114,A01,1,33,0,2,1,13,1,
202100050136,112 108,A01,1,10,0,2,1,2,1,
202100050136,112 109,B01,1,7,0,2,4,2,1,
202100050136,112 110,C01,1,7,0,2,4,2,1,
202100050136,112 111,D01,1,7,0,2,4,2,1,
202100050136,112 112,E01,1,7,0,2,4,2,1,
202100050137,112 106,A01,2,7,0,2,1,1,1,
202100050137,112 107,B01,2,7,0,2,4,1,1,
202100050138,112 102,B01,1,7,0,2,4,2,1,
202100050138,112 103,A01,1,7,0,2,1,2,1,
202100050138,112 104,D01,1,15,0,2,2,2,1,
202100050138,112 105,C01,1,7,0,2,4,1,1,
202100050139,112 100,A01,2,14,0,2,1,2,1,
202100050139,112 101,B01,2,7,0,2,4,2,1,
202100050140,112 099,A01,1,7,3,0,1,1,1,
202100050141,112 097,B01,3,7,0,2,3,1,1,
202100050141,112 098,A01,3,7,0,2,3,13,1,
202100050142,112 094,A01,3,10,0,2,1,1,0,
202100050142,112 095,B01,3,10,0,2,4,1,0,
202100050142,112 096,C01,3,10,0,2,4,0,1,
202100050143,112 092,B01,3,1,0,2,2,0,5,
202100050143,112 093,A01,3,7,0,9,3,9,3,
202100050144,112 090,B01,1,2,0,2,8,1,1,
202100050144,112 091,A01,1,99,0,2,2,16,6,
202100050145,112 088,B01,2,50,0,2,1,1,3,
202100050145,112 089,A01,1,1,0,2,1,15,5,
202100050146,112 086,B01,1,2,0,2,1,1,1,
202100050146,112 087,A01,2,7,0,2,1,15,1,
202100050147,112 085,A01,1,7,0,1,2,1,1,
202100050148,112 083,B01,3,7,1,2,7,15,1,
202100050148,112 084,A01,2,10,0,2,1,1,3,
202100050149,112 082,A01,2,15,9,0,7,16,1,
202100050150,112 080,A01,1,30,0,2,1,9,1,
202100050150,112 081,B01,1,7,0,2,6,1,1,
202100050151,112 076,D01,2,7,0,0,6,2,1,
202100050151,112 077,C01,2,7,0,2,9,1,1,
202100050151,112 078,B01,2,7,15,0,8,2,1,
202100050151,112 079,A01,2,7,0,2,3,2,1,
202100050152,112 075,A01,1,7,0,1,1,1,1,
202100050153,112 073,B01,3,7,0,2,8,26,1,
202100050153,112 074,A01,3,33,0,2,1,17,1,
202100050154,112 071,B01,1,7,0,2,3,1,1,
202100050154,112 072,A01,1,7,0,2,3,13,1,
202100050155,112 069,B01,2,7,0,2,2,15,1,
202100050155,112 070,A01,1,7,0,2,3,1,1,
202100050156,112 067,B01,0,33,0,2,5,1,1,
202100050156,112 068,A01,2,10,0,2,3,16,1,
202100050157,112 065,B01,1,33,0,2,4,2,1,
202100050157,112 066,A01,1,7,0,2,3,1,1,
202100050158,112 064,A01,0,37,0,1,3,26,1,1.0
202100050159,112 062,B01,2,7,0,2,3,1,1,
202100050159,112 063,A01,1,7,0,2,3,13,1,
202100050160,112 057,A01,1,10,0,1,7,0,1,
202100050161,112 055,A01,3,15,0,2,3,2,1,
202100050161,112 056,B01,3,7,0,2,4,21,1,
202100050162,112 053,A01,1,7,0,2,3,13,1,