Num_Acc,id_vehicule,num_veh,senc,catv,obs,obsm,choc,manv,motor,occutc
202100050162,112 054,B01,2,7,0,2,3,0,1,
202100050163,112 051,A01,0,7,0,2,3,0,1,
202100050163,112 052,B01,0,33,0,2,7,0,1,
202100050164,112 049,A01,2,7,0,2,1,15,1,
202100050164,112 050,B01,1,33,0,2,1,1,1,
202100050165,112 047,B01,1,7,0,2,8,15,1,
202100050165,112 048,A01,1,7,0,2,1,2,1,
202100050166,112 046,A01,3,50,0,1,0,0,3,
202100050167,112 044,B01,1,7,0,2,1,1,1,
202100050167,112 045,A01,1,7,0,2,1,9,1,
202100050168,112 042,A01,3,7,0,2,1,2,1,
202100050168,112 043,B01,3,7,0,2,6,2,1,
202100050169,112 041,A01,1,7,0,2,1,1,1,
202100050170,112 039,B01,1,7,0,2,3,1,1,
202100050170,112 040,A01,1,2,0,2,1,16,1,
202100050171,112 037,B01,2,30,0,2,1,2,1,
202100050171,112 038,A01,2,33,0,2,4,2,1,
202100050172,112 036,A01,1,10,0,1,1,16,1,
202100050173,112 034,B01,0,7,0,2,5,1,1,
202100050173,112 035,A01,0,31,0,2,1,1,1,
202100050174,112 032,B01,0,1,0,0,2,0,5,
202100050174,112 033,A01,0,3,0,2,2,26,1,
202100050175,112 029,B01,2,7,1,0,3,1,1,
202100050175,112 030,C01,3,7,0,2,5,24,1,
202100050175,112 031,A01,2,7,7,2,1,1,1,
202100050176,112 028,A01,1,7,6,2,1,15,1,
202100050177,112 027,A01,1,7,13,0,3,13,1,
202100050178,112 025,B01,1,2,0,2,7,15,1,
202100050178,112 026,A01,2,7,0,2,4,4,1,
202100050179,112 024,A01,2,36,12,0,4,4,1,
202100050180,112 022,A01,3,7,0,2,1,2,1,
202100050180,112 023,B01,3,7,0,1,4,2,1,
202100050181,112 021,A01,3,7,4,0,9,1,1,
202100050182,112 019,B01,3,7,0,2,1,1,1,
202100050182,112 020,A01,3,7,0,2,7,1,1,
202100050183,112 017,A01,1,15,0,2,3,2,1,
202100050183,112 018,B01,1,7,0,2,4,23,1,
202100050184,112 015,B01,1,37,0,2,7,26,1,1.0
202100050184,112 016,A01,1,33,0,2,8,18,1,
202100050185,112 011,D01,1,10,0,2,4,1,1,
202100050185,112 012,A01,1,10,0,2,1,2,1,
202100050185,112 013,B01,1,7,0,2,4,1,1,
202100050185,112 014,C01,1,7,0,2,4,1,1,
202100050186,112 009,B01,2,7,0,2,1,2,1,
202100050186,112 010,A01,2,30,0,2,4,2,1,
202100050187,112 008,A01,0,10,2,0,1,26,1,
202100050188,112 006,A01,3,31,0,2,1,1,1,
202100050188,112 007,B01,3,7,0,2,7,12,1,
202100050189,112 004,A01,1,7,0,2,1,15,1,
202100050189,112 005,B01,2,1,0,2,1,15,0,
202100050190,112 002,B01,3,32,0,2,7,17,1,
202100050190,112 003,A01,3,7,0,2,3,15,1,
202100050191,112 000,A01,1,7,0,2,1,15,1,
202100050191,112 001,B01,2,2,0,2,1,1,1,
202100050192,111 998,A01,2,7,0,2,1,15,1,
202100050192,111 999,B01,1,33,0,2,1,1,1,
202100050193,111 997,A01,3,99,0,1,4,20,1,
202100050194,111 996,A01,0,7,8,0,1,13,1,
202100050195,111 995,A01,1,7,0,1,2,26,1,
202100050196,111 993,A01,3,7,0,2,1,26,1,
202100050196,111 994,B01,3,7,0,2,8,1,1,
202100050197,111 991,B01,2,7,0,2,7,1,1,
202100050197,111 992,A01,2,7,0,2,1,1,1,
202100050198,111 988,C01,1,7,0,2,4,20,1,
202100050198,111 989,B01,1,7,0,2,4,23,1,
202100050198,111 990,A01,1,7,0,2,4,2,1,
202100050199,111 984,A01,3,7,0,2,2,15,1,
202100050199,111 985,B01,3,7,0,2,3,1,1,
202100050200,111 982,B01,1,1,0,2,1,1,5,
202100050200,111 983,A01,1,7,0,2,8,15,1,
202100050201,111 979,A01,1,7,0,2,3,9,1,
202100050201,111 980,B01,1,7,1,2,2,1,1,
202100050201,111 981,C01,1,10,0,2,5,23,1,
202100050202,111 977,B01,2,1,0,2,4,2,5,
202100050202,111 978,A01,2,7,0,2,1,2,1,
202100050203,111 976,A01,3,7,0,1,2,1,1,
202100050204,111 975,A01,3,7,0,1,1,1,1,
202100050205,111 973,B01,2,7,0,2,4,2,1,
202100050205,111 974,A01,2,7,0,2,1,26,1,
202100050206,111 971,B01,2,7,0,2,1,26,1,
202100050206,111 972,A01,2,31,0,2,4,26,1,
202100050207,111 970,A01,2,33,0,2,8,1,1,
202100050208,111 968,Z01,1,7,0,2,3,11,1,
202100050208,111 969,A01,1,43,0,2,2,1,1,
202100050209,111 966,A01,2,43,0,2,2,1,1,
202100050209,111 967,B01,1,7,0,2,3,9,1,
202100050210,111 965,A01,0,30,0,0,0,1,1,
202100050211,111 961,D01,1,7,0,2,2,1,1,
202100050211,111 962,C01,1,7,0,2,4,23,1,
202100050211,111 963,B01,1,10,0,2,4,23,1,
202100050211,111 964,A01,1,7,0,2,4,23,1,
202100050212,111 960,A01,2,13,0,1,2,1,1,
202100050213,111 958,Z01,2,7,0,2,0,1,1,
202100050213,111 959,A01,2,30,0,2,8,1,1,
202100050214,111 956,B01,2,7,0,2,2,16,1,
202100050214,111 957,A01,2,32,0,2,3,18,1,
202100050215,111 954,B01,1,7,0,2,8,1,1,
202100050215,111 955,A01,1,2,0,2,2,17,1,
202100050216,111 952,A01,2,10,0,2,3,1,1,
202100050216,111 953,B01,2,1,0,2,8,1,5,
202100050217,111 951,A01,2,1,0,0,0,1,5,
202100050218,111 950,A01,3,10,0,1,4,4,1,
202100050219,111 948,A01,1,7,0,2,2,15,1,
202100050219,111 949,B01,2,2,0,2,1,1,1,
202100050220,111 946,B01,3,34,0,2,5,23,1,
202100050220,111 947,A01,3,10,0,2,3,15,1,
202100050221,111 944,B01,1,2,0,2,2,17,1,
202100050221,111 945,A01,1,7,0,2,3,13,1,
202100050222,111 942,B01,2,7,0,2,3,1,2,
202100050222,111 943,A01,1,1,0,2,2,1,5,
202100050223,111 940,A01,1,7,0,2,7,1,1,
202100050223,111 941,B01,1,33,0,2,3,3,1,
202100050224,111 937,B01,2,7,0,2,2,15,1,
202100050224,111 938,A01,2,2,0,2,2,17,1,
202100050224,111 939,C01,2,7,0,2,1,0,1,
202100050225,111 935,B01,1,7,0,2,8,10,1,
202100050225,111 936,A01,2,33,0,2,3,1,0,
202100050226,111 933,B01,2,37,0,1,6,24,1,1.0
202100050226,111 934,A01,2,7,0,1,2,1,1,
202100050227,111 932,A01,3,1,0,0,0,0,6,
202100050228,111 930,B01,2,7,0,2,4,23,1,
202100050228,111 931,A01,2,7,0,2,1,1,0,
202100050229,111 928,Z01,1,10,0,0,4,2,0,
202100050229,111 929,A01,1,30,0,2,1,2,3,
202100050230,111 926,A01,-1,7,0,2,3,1,1,
202100050230,111 927,B01,-1,30,0,2,1,16,0,
202100050231,111 925,A01,1,99,0,1,1,1,1,
202100050232,111 924,A01,3,7,0,1,2,1,1,
202100050233,111 923,A01,1,99,0,1,8,21,0,
202100050234,111 921,B01,1,32,0,2,0,2,1,
202100050234,111 922,A01,1,33,0,2,7,23,1,
202100050235,111 919,B01,3,7,0,2,2,0,0,
202100050235,111 920,A01,0,7,0,2,6,9,0,
202100050236,111 917,B01,1,7,0,2,1,19,1,
202100050236,111 918,A01,-1,7,0,2,1,1,1,
202100050237,111 916,A01,1,7,0,0,9,1,1,
202100050238,111 914,B01,1,7,0,2,7,12,1,
202100050238,111 915,A01,1,33,0,2,8,12,1,
202100050239,111 912,A01,3,7,0,2,3,9,1,
202100050239,111 913,B01,0,33,0,2,1,1,1,
202100050240,111 910,B01,2,33,0,2,1,2,1,
202100050240,111 911,A01,2,7,0,2,5,1,1,
202100050241,111 908,B01,2,10,0,2,3,15,1,
202100050241,111 909,A01,2,30,0,2,2,17,1,
202100050242,111 907,A01,1,7,0,1,2,9,1,
202100050243,111 906,A01,2,10,0,1,2,16,1,
202100050244,111 905,A01,1,36,0,0,0,0,1,
202100050245,111 904,A01,2,7,3,0,7,1,1,
202100050246,111 902,A01,1,7,0,2,2,2,1,
202100050246,111 903,B01,1,33,0,0,4,2,1,
202100050247,111 901,A01,1,7,2,0,1,0,1,
202100050248,111 900,A01,1,1,0,0,0,1,5,
202100050249,111 898,B01,1,7,0,0,6,1,1,
202100050249,111 899,A01,3,33,0,2,1,19,1,
202100050250,111 897,A01,2,1,9,0,1,1,5,
202100050251,111 895,A01,1,7,0,2,3,13,1,
202100050251,111 896,B01,2,33,0,2,1,1,1,
202100050252,111 894,A01,2,7,0,1,3,1,1,
202100050253,111 891,C01,2,7,0,2,5,1,1,
202100050253,111 892,B01,1,33,0,2,1,1,1,
202100050253,111 893,A01,1,2,0,2,4,13,1,
202100050254,111 890,A01,0,1,6,0,8,16,5,
202100050255,111 888,B01,3,7,0,2,1,19,1,
202100050255,111 889,A01,2,7,0,2,8,1,1,
202100050256,111 887,A01,0,7,0,1,0,1,1,
202100050257,111 885,A01,1,31,0,2,2,1,1,
202100050257,111 886,B01,2,7,0,2,3,15,1,
202100050258,111 883,B01,1,33,0,2,1,1,1,
202100050258,111 884,A01,2,10,0,2,7,19,1,
202100050259,111 881,B01,2,7,0,2,3,1,1,
202100050259,111 882,A01,1,7,0,2,1,13,0,
202100050260,111 880,A01,2,7,13,0,0,1,1,
202100050261,111 878,A01,1,7,6,2,1,1,1,
202100050261,111 879,B01,1,7,12,2,8,0,1,
202100050262,111 877,A01,2,33,0,0,0,14,0,
202100050263,111 876,A01,2,7,13,0,9,1,1,
202100050264,111 874,A01,3,2,0,2,3,1,1,
202100050264,111 875,B01,3,7,0,2,8,1,1,
202100050265,111 873,A01,1,7,2,0,1,1,1,
202100050266,111 871,A01,2,7,0,2,3,15,1,
202100050266,111 872,B01,1,33,0,2,1,1,1,
202100050267,111 868,A01,1,10,0,1,1,1,1,
202100050268,111 866,B01,3,7,15,2,7,21,1,
202100050268,111 867,A01,2,7,0,2,1,19,1,
202100050269,111 865,A01,1,7,3,0,0,1,1,
202100050270,111 864,A01,1,7,2,6,1,0,1,
202100050271,111 859,A01,1,17,3,0,3,1,1,
202100050271,111 860,B01,1,10,0,9,1,2,1,
202100050272,111 858,A01,2,33,3,0,1,9,1,
202100050273,111 856,A01,0,33,0,0,1,17,1,
202100050273,111 857,B01,0,7,0,0,6,15,1,
202100050274,111 854,A01,1,33,0,2,1,1,1,
202100050274,111 855,B01,1,7,0,0,6,1,1,
202100050275,111 852,B01,1,17,0,0,6,1,1,
202100050275,111 853,A01,1,7,0,2,1,1,1,
202100050276,111 850,B01,2,99,0,2,0,17,0,
202100050276,111 851,A01,2,7,0,0,6,2,1,
202100050277,111 848,A01,1,7,0,2,3,13,1,
202100050277,111 849,B01,2,7,0,2,8,1,1,
202100050278,111 846,B01,1,1,0,2,1,1,5,
202100050278,111 847,A01,2,7,0,9,3,1,1,
202100050279,111 844,B01,1,7,0,0,3,1,1,
202100050279,111 845,A01,2,7,0,0,3,13,1,
202100050280,111 839,A01,1,7,0,2,1,0,1,
202100050280,111 840,B01,2,7,0,2,1,1,1,
202100050280,111 841,C01,2,7,0,2,3,2,1,
202100050281,111 838,A01,1,33,0,6,1,21,1,
202100050282,111 835,A01,2,2,0,2,6,1,1,
202100050282,111 836,B01,2,2,0,0,4,1,1,
202100050282,111 837,C01,1,15,0,9,6,1,1,
202100050283,111 833,B01,1,7,0,2,8,9,1,
202100050283,111 834,A01,1,7,0,2,1,1,1,
202100050284,111 831,A01,1,7,0,2,1,2,1,
202100050284,111 832,B01,1,7,0,2,4,2,1,
202100050285,111 828,C01,1,33,0,2,1,1,1,
202100050285,111 829,B01,1,7,0,2,4,1,1,
202100050285,111 830,A01,1,7,0,2,6,1,1,
202100050286,111 826,B01,2,7,0,2,4,2,1,
202100050286,111 827,A01,2,33,0,2,1,2,1,
202100050287,111 821,A01,1,7,0,2,4,1,1,
202100050287,111 822,B01,1,7,0,2,4,1,1,
202100050287,111 823,C01,1,7,0,2,4,1,1,
202100050287,111 824,D01,1,7,0,2,4,1,1,
202100050287,111 825,E01,1,10,0,2,3,14,6,
202100050288,111 817,A01,2,7,0,2,1,26,1,
202100050288,111 818,B01,1,10,0,2,5,1,1,
202100050288,111 819,C01,1,7,0,2,6,1,1,
202100050288,111 820,D01,1,10,0,2,8,1,1,
202100050289,111 815,A01,2,7,0,2,2,12,1,
202100050289,111 816,B01,2,34,0,2,3,3,1,
202100050290,111 813,A01,1,10,1,0,1,14,1,
202100050290,111 814,B01,1,17,1,0,4,24,1,
202100050291,111 811,A01,1,15,0,2,2,0,1,
202100050291,111 812,B01,1,7,0,2,8,1,1,
202100050292,111 809,A01,1,10,0,2,2,12,1,
202100050292,111 810,B01,1,7,0,2,6,1,1,
202100050293,111 807,B01,1,7,0,0,0,0,1,
202100050293,111 808,A01,1,32,0,0,0,26,1,
202100050294,111 804,A01,2,10,0,2,4,2,1,
202100050294,111 805,B01,2,10,0,2,1,2,1,
202100050294,111 806,C01,2,7,0,2,1,2,1,
202100050295,111 803,A01,2,7,4,0,1,13,1,
202100050296,111 800,A01,2,7,0,2,1,2,1,
202100050296,111 801,B01,2,7,0,2,1,2,1,
202100050296,111 802,C01,2,7,0,2,4,2,1,
202100050297,111 795,B01,2,7,0,2,6,11,1,
202100050297,111 796,A01,2,17,0,2,2,1,1,
202100050297,111 797,E01,2,10,0,2,8,1,1,
202100050297,111 798,D01,2,7,0,2,7,1,1,
202100050297,111 799,C01,2,33,0,2,1,1,1,
202100050298,111 793,A01,2,99,0,9,3,26,1,
202100050298,111 794,B01,1,1,0,2,1,13,6,
202100050299,111 791,B01,3,7,0,2,3,15,1,
202100050299,111 792,A01,3,33,0,2,2,17,1,
202100050300,111 789,B01,1,10,0,2,7,1,1,
202100050300,111 790,A01,2,7,0,2,1,1,1,
202100050301,111 787,A01,3,7,0,2,1,15,1,
202100050301,111 788,B01,3,7,0,2,2,2,1,
202100050302,111 785,B01,2,7,0,2,1,26,1,
202100050302,111 786,A01,2,50,0,2,1,26,3,
202100050303,111 783,B01,2,1,0,2,1,15,5,
202100050303,111 784,A01,2,7,0,2,6,15,1,
202100050304,111 781,B01,2,7,0,2,6,9,1,
202100050304,111 782,A01,2,7,0,2,1,9,1,
202100050305,111 780,A01,2,1,0,0,7,15,5,
202100050306,111 779,A01,2,7,4,0,3,1,1,
202100050307,111 777,B01,2,7,0,2,1,15,1,
202100050307,111 778,A01,1,34,0,0,8,1,1,
202100050308,111 776,A01,0,7,1,0,1,1,1,
202100050309,111 775,A01,2,7,0,1,1,1,1,
202100050310,111 774,A01,3,7,0,1,3,26,1,
202100050311,111 772,B01,2,7,0,2,3,1,1,
202100050311,111 773,A01,1,7,0,2,2,15,1,
202100050312,111 771,A01,2,7,0,1,1,1,1,
202100050313,111 770,A01,1,7,3,0,1,13,1,
202100050314,111 767,A01,0,7,0,2,4,1,1,
202100050314,111 768,B01,0,7,0,2,1,1,1,
202100050314,111 769,C01,0,1,0,2,8,0,0,
202100050315,111 765,A01,1,38,0,2,3,2,1,1.0
202100050315,111 766,B01,1,1,0,2,7,19,6,
202100050316,111 761,A01,1,7,0,2,1,2,1,
202100050316,111 762,B01,1,7,0,2,4,2,1,
202100050316,111 763,C01,1,7,0,2,4,2,1,
202100050316,111 764,D01,1,7,0,2,7,1,1,
202100050317,111 758,B01,2,31,8,0,3,5,1,
202100050317,111 759,A01,1,7,0,2,3,23,1,
202100050318,111 757,A01,1,7,6,0,1,13,1,
202100050319,111 756,A01,1,7,0,1,1,1,1,
202100050320,111 754,A01,2,7,1,0,3,13,1,
202100050320,111 755,B01,1,7,0,2,8,24,1,
202100050321,111 752,A01,1,7,0,2,6,9,1,
202100050321,111 753,B01,1,17,0,2,2,15,1,
202100050322,111 750,A01,2,7,0,2,5,15,1,
202100050322,111 751,B01,1,1,0,2,1,1,5,
202100050323,111 749,A01,1,30,0,0,8,1,1,
202100050324,111 748,A01,1,7,0,1,1,26,1,
202100050325,111 747,A01,3,10,0,1,1,15,1,
202100050326,111 745,A01,2,7,0,2,5,15,1,
202100050326,111 746,B01,1,34,0,2,1,1,0,
202100050327,111 743,A01,2,7,5,2,3,13,1,
202100050327,111 744,B01,2,7,0,2,3,13,1,
202100050328,111 741,B01,3,1,0,2,1,26,5,
202100050328,111 742,A01,1,7,0,9,2,26,1,
202100050329,111 739,A01,1,7,0,2,8,10,1,
202100050329,111 740,B01,1,33,0,2,8,1,1,
202100050330,111 738,A01,1,7,0,1,2,2,1,
202100050331,111 736,A01,0,10,0,2,3,15,1,
202100050331,111 737,B01,0,1,0,2,1,1,5,
202100050332,111 733,A01,3,7,0,2,1,1,1,
202100050332,111 734,B01,3,7,0,2,9,1,1,
202100050332,111 735,C01,3,7,0,2,4,1,1,
202100050333,111 731,A01,1,7,0,2,3,1,1,
202100050333,111 732,B01,3,50,0,2,2,19,3,
202100050334,111 730,A01,1,33,4,0,5,0,1,
202100050335,111 729,A01,1,33,12,0,1,1,1,
202100050336,111 726,Z01,1,10,0,2,1,18,1,
202100050336,111 727,C01,1,7,0,2,4,18,1,
202100050336,111 728,B01,1,1,0,2,4,1,5,
202100050337,111 724,B01,2,7,0,2,4,23,1,
202100050337,111 725,A01,2,30,0,2,1,2,1,
202100050338,111 722,A01,1,2,0,2,1,1,1,
202100050338,111 723,B01,1,7,0,2,4,1,1,
202100050339,111 721,A01,1,7,0,1,3,15,1,
202100050340,111 719,A01,2,7,8,0,1,13,1,
202100050340,111 720,B01,1,7,8,0,1,1,1,
202100050341,111 718,Z01,3,7,0,1,6,26,1,
202100050342,111 717,A01,2,99,0,0,0,1,3,
202100050343,111 715,A01,3,7,0,2,3,15,1,
202100050343,111 716,B01,3,7,0,2,2,1,1,
202100050344,111 713,A01,1,37,0,2,6,2,1,1.0
202100050344,111 714,B01,1,1,0,2,1,2,0,
202100050345,111 710,C01,1,7,0,2,4,1,1,
202100050345,111 711,B01,1,7,0,2,1,1,1,
202100050345,111 712,A01,1,7,0,2,1,1,1,
202100050346,111 709,A01,1,7,0,0,8,1,1,
202100050347,111 707,B01,-1,7,0,2,7,1,1,
202100050347,111 708,A01,2,7,0,2,1,1,1,
202100050348,111 705,A01,1,30,0,2,4,11,1,
202100050348,111 706,Z01,1,7,0,2,1,1,1,
202100050349,111 703,A01,3,7,0,2,3,19,1,
202100050349,111 704,B01,3,33,0,-1,2,1,1,
202100050350,111 701,B01,1,7,0,2,2,15,1,
202100050350,111 702,A01,2,7,0,2,1,9,1,
202100050351,111 699,B01,0,7,0,2,2,15,1,
202100050351,111 700,A01,1,33,1,2,1,1,1,
202100050352,111 697,B01,1,7,0,2,3,15,1,
202100050352,111 698,A01,2,1,0,2,1,1,5,
202100050353,111 696,A01,1,7,0,1,1,16,1,
202100050354,111 693,C01,1,10,0,2,6,23,1,
202100050354,111 694,B01,1,7,0,2,5,23,1,
202100050354,111 695,A01,1,10,0,2,1,1,1,
202100050355,111 691,A01,3,2,0,2,0,26,0,
202100050355,111 692,B01,3,7,0,2,0,1,1,
202100050356,111 688,B01,1,7,0,2,4,2,1,
202100050356,111 689,A01,1,7,0,2,1,2,1,
202100050356,111 690,C01,1,10,0,2,4,2,1,
202100050357,111 686,A01,1,7,0,2,3,15,1,
202100050357,111 687,B01,1,33,0,2,2,3,1,
202100050358,111 684,B01,1,50,0,2,1,1,3,
202100050358,111 685,A01,1,7,0,2,8,22,1,
202100050359,111 682,A01,1,7,0,2,1,1,1,
202100050359,111 683,B01,1,1,0,2,4,23,5,
202100050360,111 680,B01,1,1,0,2,2,1,5,
202100050360,111 681,A01,1,7,0,2,3,22,1,
202100050361,111 678,B01,2,1,0,2,1,1,5,
202100050361,111 679,A01,2,7,0,2,6,15,2,
202100050362,111 676,A01,2,33,0,2,1,17,1,
202100050362,111 677,B01,2,7,0,2,6,15,1,
202100050363,111 674,A01,1,7,0,2,2,22,1,
202100050363,111 675,B01,1,1,0,2,1,1,5,
202100050364,111 672,B01,2,32,0,2,1,1,1,
202100050364,111 673,A01,1,7,0,2,2,15,1,
202100050365,111 670,A01,2,7,0,2,5,15,1,
202100050365,111 671,B01,1,32,0,2,1,1,1,
202100050366,111 668,A01,1,33,0,2,1,2,1,
202100050366,111 669,B01,1,7,0,0,6,2,1,
202100050367,111 666,A01,2,10,9,2,3,1,1,
202100050367,111 667,B01,0,7,0,2,1,1,1,
202100050368,111 665,A01,1,7,1,1,2,1,1,
202100050369,111 663,B01,3,31,0,2,3,0,1,
202100050369,111 664,A01,3,7,0,0,2,9,1,
202100050370,111 661,A01,1,33,0,2,8,3,1,
202100050370,111 662,B01,2,7,0,2,7,2,1,
202100050371,111 660,A01,1,7,0,0,9,2,1,
202100050372,111 657,C01,2,7,0,2,4,23,1,
202100050372,111 658,B01,2,7,0,2,1,2,2,
202100050372,111 659,A01,2,7,0,2,1,2,1,
202100050373,111 655,B01,1,15,0,0,4,1,1,
202100050373,111 656,A01,1,7,0,2,1,1,1,
202100050374,111 654,A01,0,7,0,1,1,15,1,
202100050375,111 653,A01,3,7,0,2,1,19,1,
202100050376,111 652,A01,1,7,0,1,3,16,1,
202100050377,111 650,B01,2,10,0,2,1,1,1,
202100050377,111 651,A01,2,7,0,2,2,1,1,
202100050378,111 648,A01,0,7,0,2,2,16,1,
202100050378,111 649,B01,0,33,0,0,4,23,1,
202100050379,111 646,B01,3,10,8,2,1,19,1,
202100050379,111 647,A01,3,7,0,2,8,2,1,
202100050380,111 645,A01,2,7,0,1,2,1,1,
202100050381,111 643,A01,0,17,0,2,2,9,1,
202100050381,111 644,B01,0,1,0,2,8,18,0,
202100050382,111 641,A01,2,7,9,2,2,16,1,
202100050382,111 642,B01,1,37,0,2,2,1,1,1.0
202100050383,111 639,A01,2,30,0,2,1,1,1,
202100050383,111 640,B01,2,10,0,2,7,1,1,
202100050384,111 637,A01,1,10,0,2,1,2,1,
202100050384,111 638,B01,1,7,0,2,4,23,1,
202100050385,111 635,A01,1,7,0,2,0,23,1,
202100050385,111 636,B01,1,1,0,2,0,1,5,
202100050386,111 632,A01,2,7,0,2,3,17,1,
202100050386,111 633,B01,1,14,0,2,3,1,1,
202100050386,111 634,C01,2,10,0,2,1,2,1,
202100050387,111 630,A01,2,33,0,2,1,17,1,
202100050387,111 631,B01,2,10,0,0,6,15,1,
202100050388,111 629,A01,1,33,16,0,2,1,1,
202100050389,111 626,A01,1,7,0,2,3,1,1,
202100050389,111 627,B01,2,33,0,2,1,17,1,
202100050390,111 625,A01,2,2,6,0,1,1,1,
202100050391,111 622,B01,2,10,0,2,3,2,1,
202100050391,111 623,A01,1,7,0,2,3,5,1,
202100050391,111 624,C01,2,10,0,9,1,2,1,
202100050392,111 619,C01,1,10,0,2,1,1,1,
202100050392,111 620,B01,1,10,0,2,8,1,1,
202100050392,111 621,A01,2,7,0,2,1,13,1,
202100050393,111 618,A01,1,31,0,0,9,1,1,
202100050394,111 616,B01,3,1,0,2,3,1,5,
202100050394,111 617,A01,1,10,0,2,2,1,1,
202100050395,111 614,B01,1,7,0,2,1,1,1,
202100050395,111 615,A01,3,7,0,2,2,19,1,
202100050396,111 612,A01,3,7,0,2,3,16,1,
202100050396,111 613,B01,3,1,0,2,0,26,5,
202100050397,111 610,A01,1,32,0,2,1,1,1,
202100050397,111 611,B01,1,1,0,0,4,11,5,
202100050398,111 608,A01,1,7,6,2,7,17,1,
202100050398,111 609,B01,1,7,0,2,8,17,1,
202100050399,111 607,A01,2,7,8,0,1,1,1,
202100050400,111 606,A01,2,33,12,0,1,0,1,
202100050401,111 604,B01,2,1,0,2,8,1,5,
202100050401,111 605,A01,1,3,0,9,1,1,1,
202100050402,111 602,B01,1,21,0,0,4,1,1,
202100050402,111 603,A01,1,10,0,2,1,2,1,
202100050403,111 601,A01,3,7,2,0,1,13,1,
202100050404,111 600,A01,2,33,0,0,0,1,1,
202100050405,111 598,A01,1,2,0,2,1,1,1,
202100050405,111 599,B01,3,7,0,2,6,19,1,
202100050406,111 596,B01,1,7,0,2,8,2,1,
202100050406,111 597,A01,1,2,0,2,7,2,1,
202100050407,111 595,A01,3,10,0,1,3,9,1,
202100050408,111 593,A01,1,7,0,2,3,10,1,
202100050408,111 594,B01,1,33,0,2,1,17,1,
202100050409,111 592,A01,2,33,16,0,0,1,1,
202100050410,111 590,B01,2,14,0,2,2,1,1,
202100050410,111 591,A01,2,33,0,0,6,23,1,
202100050411,111 589,A01,2,7,13,0,8,1,1,
202100050412,111 588,A01,1,7,0,1,2,1,1,
202100050413,111 587,A01,0,10,6,1,1,1,1,
202100050414,111 585,B01,3,1,0,2,7,1,5,
202100050414,111 586,A01,3,1,0,2,8,13,5,
202100050415,111 583,B01,2,1,0,2,3,15,5,
202100050415,111 584,A01,2,7,0,2,2,1,1,
202100050416,111 581,B01,1,2,0,2,1,1,1,
202100050416,111 582,A01,2,7,0,2,1,15,1,
202100050417,111 579,A01,1,7,0,2,3,1,1,
202100050417,111 580,B01,2,7,13,2,3,1,1,
202100050418,111 578,A01,0,33,15,9,7,1,1,
202100050419,111 576,B01,2,7,0,2,1,1,1,
202100050419,111 577,A01,1,7,0,2,3,13,1,
202100050420,111 574,B01,2,7,0,2,2,0,0,
202100050420,111 575,A01,2,50,0,2,8,0,3,
202100050421,111 571,C01,1,10,0,2,8,1,1,
202100050421,111 572,B01,1,7,0,2,1,1,1,
202100050421,111 573,A01,1,7,0,2,4,12,1,
202100050422,111 568,C01,2,7,0,9,2,1,0,
202100050422,111 569,B01,2,7,0,2,5,1,0,
202100050422,111 570,Z01,2,7,0,2,3,0,0,
202100050423,111 567,A01,1,7,4,0,2,16,1,
202100050424,111 566,A01,2,7,4,0,3,11,1,
202100050425,111 562,A01,1,7,0,2,1,2,1,
202100050425,111 563,B01,1,7,1,2,4,2,1,
202100050425,111 564,C01,1,7,0,2,4,2,1,
202100050425,111 565,D01,1,7,0,2,4,24,1,
202100050426,111 561,A01,2,7,0,1,1,15,1,
202100050427,111 559,B01,1,1,0,2,1,19,5,
202100050427,111 560,A01,1,7,0,2,1,1,1,
202100050428,111 557,A01,0,7,0,2,1,1,1,
202100050428,111 558,B01,2,7,0,2,3,1,1,
202100050429,111 556,A01,1,30,0,0,7,1,1,
202100050430,111 554,A01,1,7,0,2,3,15,1,
202100050430,111 555,B01,1,2,0,2,1,1,1,
202100050431,111 552,A01,0,10,0,2,7,16,6,
202100050431,111 553,B01,3,1,0,2,1,1,0,
202100050432,111 550,B01,2,1,0,2,0,1,5,
202100050432,111 551,A01,2,7,0,2,3,9,1,
202100050433,111 548,A01,3,7,0,9,2,1,1,
202100050433,111 549,B01,3,50,0,2,5,19,3,
202100050434,111 546,B01,1,7,0,2,3,0,1,
202100050434,111 547,A01,1,33,0,2,4,2,1,
202100050435,111 545,A01,2,7,0,0,9,26,1,
202100050436,111 543,A01,2,7,0,2,1,13,6,
202100050436,111 544,B01,1,7,0,2,3,1,1,
202100050437,111 542,A01,1,7,13,0,1,13,1,
202100050438,111 540,A01,0,7,0,2,3,15,1,
202100050438,111 541,B01,0,34,0,2,7,2,1,
202100050439,111 539,A01,1,7,0,1,8,1,1,
202100050440,111 538,A01,2,30,0,0,0,21,1,
202100050441,111 537,A01,2,7,4,0,6,13,1,
202100050442,111 536,A01,3,7,0,1,8,1,1,
202100050443,111 535,A01,3,7,0,1,1,1,1,
202100050444,111 533,A01,1,2,0,2,1,2,1,
202100050444,111 534,B01,1,7,0,2,4,2,1,
202100050445,111 531,B01,1,2,0,2,7,15,0,
202100050445,111 532,A01,1,7,0,2,3,26,0,
202100050446,111 528,A01,3,7,0,2,8,26,1,
202100050446,111 529,B01,3,33,0,2,9,0,1,