Num_Acc,id_vehicule,num_veh,senc,catv,obs,obsm,choc,manv,motor,occutc
202100050446,111 530,C01,3,33,0,2,9,0,1,
202100050447,111 527,A01,1,7,0,1,1,15,0,
202100050448,111 526,A01,1,1,14,0,1,1,5,
202100050449,111 524,B01,1,1,0,2,1,1,5,
202100050449,111 525,A01,2,7,0,2,2,9,1,
202100050450,111 523,A01,1,7,0,1,1,1,1,
202100050451,111 520,C01,2,7,0,2,4,16,1,
202100050451,111 521,B01,2,10,0,2,4,23,1,
202100050451,111 522,A01,2,7,0,2,1,2,1,
202100050452,111 519,A01,2,1,0,0,0,26,6,
202100050453,111 517,A01,2,2,0,2,0,9,1,
202100050453,111 518,B01,3,7,0,2,3,26,1,
202100050454,111 515,B01,1,33,0,2,5,1,1,
202100050454,111 516,A01,1,7,0,2,1,15,1,
202100050455,111 513,A01,3,7,0,2,2,16,1,
202100050455,111 514,B01,3,1,0,2,8,1,5,
202100050456,111 510,C01,1,7,0,2,4,2,1,
202100050456,111 511,B01,1,7,0,2,4,2,1,
202100050456,111 512,A01,1,7,0,2,1,2,1,
202100050457,111 508,B01,1,10,0,2,2,1,1,
202100050457,111 509,A01,2,7,0,2,3,9,1,
202100050458,111 506,B01,2,7,0,2,3,26,1,
202100050458,111 507,A01,1,7,0,2,3,13,1,
202100050459,111 503,A01,1,7,0,2,1,2,1,
202100050459,111 504,B01,1,7,0,2,4,2,1,
202100050459,111 505,C01,1,7,0,0,4,0,1,
202100050460,111 501,B01,2,1,0,2,7,1,0,
202100050460,111 502,A01,2,7,0,2,1,9,1,
202100050461,111 499,A01,1,30,0,2,1,1,6,
202100050461,111 500,B01,1,30,0,2,2,1,0,
202100050462,111 497,B01,3,7,1,2,2,2,1,
202100050462,111 498,A01,3,7,1,2,3,2,1,
202100050463,111 494,A01,1,7,0,2,2,15,1,
202100050463,111 495,B01,2,7,0,2,1,1,1,
202100050463,111 496,C01,1,10,0,2,8,1,1,
202100050464,111 492,B01,1,1,0,2,0,2,5,
202100050464,111 493,A01,1,38,0,2,5,2,1,1.0
202100050465,111 490,B01,2,7,0,2,1,1,1,
202100050465,111 491,A01,1,7,0,2,2,16,1,
202100050466,111 488,B01,2,1,0,2,2,1,5,
202100050466,111 489,A01,2,7,0,2,1,9,1,
202100050467,111 487,A01,1,7,0,1,7,1,1,
202100050468,111 486,A01,2,7,0,1,2,1,2,
202100050469,111 484,B01,3,1,0,2,5,1,5,
202100050469,111 485,A01,3,7,0,9,3,9,1,
202100050470,111 482,A01,3,14,0,2,2,16,0,
202100050470,111 483,B01,3,1,0,2,3,0,5,
202100050471,111 477,B01,2,7,0,2,1,2,1,
202100050471,111 478,C01,1,7,0,2,6,2,1,
202100050471,111 479,A01,1,7,0,2,1,13,1,
202100050472,111 475,Z01,0,7,0,2,1,1,0,
202100050472,111 476,B01,1,50,0,2,7,1,3,
202100050473,111 473,B01,1,2,0,2,8,1,1,
202100050473,111 474,C01,1,10,0,2,2,1,-1,
202100050474,111 472,A01,1,7,0,1,1,1,1,
202100050475,111 470,A01,1,7,0,2,3,15,1,
202100050475,111 471,B01,2,7,0,2,2,1,1,
202100050476,111 469,A01,2,43,0,1,1,1,1,
202100050477,111 467,B01,1,7,0,2,2,26,1,
202100050477,111 468,A01,2,7,0,2,1,9,1,
202100050478,111 466,A01,1,7,6,0,1,1,1,
202100050479,111 464,B01,2,7,0,2,1,1,1,
202100050479,111 465,A01,1,7,0,2,5,1,1,
202100050480,111 463,A01,1,30,0,0,0,16,1,
202100050481,111 461,B01,2,1,0,2,8,7,5,
202100050481,111 462,A01,2,7,0,2,2,15,1,
202100050482,111 459,A01,1,33,0,2,1,1,1,
202100050482,111 460,B01,1,32,0,2,3,1,1,
202100050483,111 458,A01,1,1,0,1,3,1,5,
202100050484,111 456,B01,2,30,0,2,3,15,3,
202100050484,111 457,A01,1,30,0,2,1,17,1,
202100050485,111 454,A01,1,10,0,2,8,20,1,
202100050485,111 455,B01,1,33,1,2,2,1,1,
202100050486,111 452,B01,3,10,0,2,4,23,1,
202100050486,111 453,A01,3,7,0,2,1,2,1,
202100050487,111 450,B01,2,50,0,2,1,1,3,
202100050487,111 451,A01,2,10,0,2,7,22,1,
202100050488,111 449,A01,2,37,0,1,2,26,1,1.0
202100050489,111 448,A01,2,7,0,1,1,19,1,
202100050490,111 447,A01,1,7,0,1,3,26,1,
202100050491,111 445,B01,3,7,0,2,2,1,1,
202100050491,111 446,A01,1,7,9,2,8,1,1,
202100050492,111 443,B01,1,7,6,2,2,1,1,
202100050492,111 444,A01,2,7,0,2,3,15,1,
202100050493,111 441,A01,0,43,0,2,1,26,1,
202100050493,111 442,B01,0,7,0,0,5,11,1,
202100050494,111 440,A01,3,7,0,1,1,1,3,
202100050495,111 438,A01,-1,7,0,0,1,10,1,
202100050495,111 439,B01,-1,2,0,0,1,1,1,
202100050496,111 437,A01,2,7,0,1,1,1,0,
202100050497,111 435,A01,1,7,0,2,1,9,1,
202100050497,111 436,B01,2,1,0,2,8,1,5,
202100050498,111 433,B01,1,50,0,2,4,19,3,
202100050498,111 434,A01,1,10,0,1,1,19,1,
202100050499,111 432,A01,3,30,9,1,1,25,1,
202100050500,111 430,B01,1,7,0,2,1,1,1,
202100050500,111 431,A01,2,30,0,2,7,5,1,
202100050501,111 429,A01,1,30,12,0,8,14,3,
202100050502,111 428,A01,2,30,0,1,1,18,1,
202100050503,111 426,B01,3,10,0,2,1,0,1,
202100050503,111 427,A01,3,7,6,2,1,0,1,
202100050504,111 425,A01,2,7,8,0,1,1,1,
202100050505,111 423,A01,1,17,0,2,2,1,1,
202100050505,111 424,B01,1,7,0,0,4,23,1,
202100050506,111 421,A01,1,10,0,2,1,1,1,
202100050506,111 422,B01,1,7,0,0,4,1,1,
202100050507,111 420,A01,2,17,3,0,3,6,1,
202100050508,111 418,B01,2,1,0,2,1,5,5,
202100050508,111 419,A01,1,7,0,9,1,1,1,
202100050509,111 417,A01,1,7,0,1,2,16,1,
202100050510,111 413,A01,3,7,0,2,3,1,1,
202100050510,111 414,B01,3,10,0,2,2,15,1,
202100050511,111 412,A01,2,33,13,0,9,14,1,
202100050512,111 410,B01,1,7,0,2,1,1,1,
202100050512,111 411,A01,2,7,0,2,1,15,0,
202100050513,111 408,A01,3,1,0,2,1,1,5,
202100050513,111 409,B01,3,7,0,0,1,15,1,
202100050514,111 405,B01,3,7,0,2,1,19,1,
202100050514,111 406,A01,1,7,0,2,6,1,1,
202100050515,111 404,A01,1,33,0,0,0,1,1,
202100050516,111 402,B01,1,1,0,2,1,1,0,
202100050516,111 403,A01,2,7,0,9,7,1,1,
202100050517,111 400,A01,1,33,0,0,1,1,1,
202100050517,111 401,B01,2,10,0,0,5,15,1,
202100050518,111 397,A01,1,1,0,0,0,16,5,
202100050519,111 395,B01,2,33,0,2,1,1,1,
202100050519,111 396,A01,1,14,0,2,7,15,1,
202100050520,111 393,A01,1,7,0,2,8,3,1,
202100050520,111 394,B01,2,33,0,2,8,1,1,
202100050521,111 391,B01,3,7,0,9,6,0,1,
202100050521,111 392,A01,3,31,0,2,3,0,1,
202100050522,111 389,A01,2,7,0,2,5,19,1,
202100050522,111 390,B01,2,10,0,2,1,2,1,
202100050523,111 387,A01,1,7,0,2,1,1,1,
202100050523,111 388,B01,1,21,0,2,6,1,1,
202100050524,111 386,A01,1,1,0,0,0,1,5,
202100050525,111 384,B01,2,2,0,2,8,15,1,
202100050525,111 385,A01,1,7,0,2,1,1,1,
202100050526,111 383,A01,3,43,6,0,2,1,1,
202100050527,111 382,A01,1,31,12,0,1,1,1,
202100050528,111 379,A01,2,33,9,0,1,1,1,
202100050529,111 377,A01,1,17,0,2,8,9,1,
202100050529,111 378,B01,1,10,0,2,2,2,1,
202100050530,111 376,A01,1,7,0,0,9,1,1,
202100050531,111 374,B01,0,1,0,2,7,26,6,
202100050531,111 375,A01,0,7,0,9,3,9,1,
202100050532,111 373,A01,2,7,0,1,2,1,1,
202100050533,111 371,A01,0,33,0,2,1,2,1,
202100050533,111 372,B01,0,7,0,2,5,2,1,
202100050534,111 369,B01,2,7,0,2,2,21,1,
202100050534,111 370,A01,2,7,8,2,8,15,1,
202100050535,111 367,B01,0,2,0,2,2,21,1,
202100050535,111 368,A01,1,7,0,2,6,16,1,
202100050536,111 364,C01,2,10,0,2,1,2,1,
202100050536,111 365,A01,2,7,0,0,4,23,1,
202100050536,111 366,B01,2,7,0,2,4,23,1,
202100050537,111 363,A01,1,7,0,1,2,1,1,
202100050538,111 360,A01,1,7,0,2,4,1,1,
202100050538,111 361,B01,1,7,0,2,1,2,1,
202100050539,111 357,A01,1,13,0,2,4,23,1,
202100050539,111 358,C01,1,7,0,2,1,2,2,
202100050539,111 359,B01,1,7,0,2,4,2,1,
202100050540,111 355,A01,1,7,0,2,1,2,1,
202100050540,111 356,B01,1,7,0,2,4,2,1,
202100050541,111 352,C01,2,10,0,2,7,2,1,
202100050541,111 353,A01,2,43,0,2,7,1,1,
202100050541,111 354,B01,2,7,0,2,8,2,1,
202100050542,111 351,A01,1,7,3,5,1,1,1,
202100050543,111 350,A01,1,7,0,5,1,12,1,
202100050544,111 348,B01,2,15,0,2,6,1,1,
202100050544,111 349,A01,2,32,0,2,1,3,1,
202100050545,111 346,B01,2,7,0,2,4,2,1,
202100050545,111 347,A01,2,33,0,2,1,2,1,
202100050546,111 344,A01,2,7,4,2,7,1,1,
202100050546,111 345,B01,2,14,0,2,3,11,1,
202100050547,111 342,Z01,1,7,1,0,5,12,1,
202100050547,111 343,A01,1,7,0,2,3,23,1,
202100050548,111 338,B01,2,7,0,2,4,2,1,
202100050548,111 339,A01,2,10,0,2,1,0,1,
202100050548,111 340,D01,2,10,0,2,4,2,1,
202100050548,111 341,C01,2,7,0,2,4,2,1,
202100050549,111 335,B01,2,10,0,2,1,2,1,
202100050549,111 336,A01,2,7,0,2,6,2,1,
202100050549,111 337,C01,2,7,0,2,1,2,1,
202100050550,111 330,E01,2,7,0,0,0,0,1,
202100050550,111 331,D01,2,10,0,2,3,1,1,
202100050550,111 332,C01,2,7,0,2,4,1,1,
202100050550,111 333,B01,2,7,0,2,1,1,1,
202100050550,111 334,A01,2,7,0,2,4,2,0,
202100050551,111 328,A01,2,7,0,2,6,1,1,
202100050551,111 329,Z01,2,7,0,2,1,3,0,
202100050552,111 327,A01,2,7,6,0,1,13,1,
202100050553,111 326,A01,2,33,0,6,1,1,1,
202100050554,111 324,B01,1,2,0,2,7,1,1,
202100050554,111 325,A01,2,7,0,2,3,9,1,
202100050555,111 323,A01,2,7,0,1,2,1,1,
202100050556,111 321,A01,3,2,0,2,1,17,1,
202100050556,111 322,B01,3,7,0,2,3,15,1,
202100050557,111 320,A01,1,2,0,0,0,9,1,
202100050558,111 319,A01,1,7,0,1,3,15,1,
202100050559,111 317,B01,1,50,0,2,3,26,3,
202100050559,111 318,A01,1,7,0,9,1,26,0,
202100050560,111 316,A01,1,7,6,1,6,14,1,
202100050561,111 315,A01,2,33,14,0,1,26,1,
202100050562,111 313,A01,1,30,0,2,3,1,1,
202100050562,111 314,B01,1,10,0,2,0,26,0,
202100050563,111 312,A01,3,7,0,1,3,20,1,
202100050564,111 310,B01,3,80,0,2,8,19,3,
202100050564,111 311,A01,2,30,0,2,1,0,1,
202100050565,111 308,A01,1,14,0,2,1,2,1,
202100050565,111 309,B01,1,13,0,1,4,1,1,
202100050566,111 307,A01,2,7,13,0,2,15,1,
202100050567,111 301,A01,2,7,0,2,5,2,1,
202100050567,111 302,B01,2,33,0,2,1,2,1,
202100050568,111 299,B01,0,34,0,2,1,1,1,
202100050568,111 300,A01,0,7,0,2,7,15,1,
202100050569,111 297,A01,2,7,0,2,1,2,1,
202100050569,111 298,B01,2,1,0,2,4,2,5,
202100050570,111 293,B01,2,7,0,2,3,20,2,
202100050570,111 294,A01,1,50,0,2,1,5,3,
202100050571,111 291,B01,2,1,0,2,1,1,5,
202100050571,111 292,A01,1,7,0,2,2,15,1,
202100050572,111 289,B01,2,1,0,2,7,1,5,
202100050572,111 290,A01,2,37,0,2,6,1,1,1.0
202100050573,111 287,B01,2,7,0,2,3,1,1,
202100050573,111 288,A01,1,2,0,2,1,1,1,
202100050574,111 285,A01,3,7,0,2,3,16,1,
202100050574,111 286,B01,3,1,0,2,7,16,5,
202100050575,111 284,A01,3,7,0,1,2,16,1,
202100050576,111 282,B01,1,33,0,2,1,1,1,
202100050576,111 283,A01,1,7,0,2,6,12,1,
202100050577,111 281,A01,2,7,2,0,1,1,1,
202100050578,111 279,A01,2,1,0,2,1,19,5,
202100050578,111 280,B01,1,7,0,2,5,15,0,
202100050579,111 277,A01,2,31,15,2,1,17,1,
202100050579,111 278,B01,2,10,0,2,8,15,1,
202100050580,111 276,A01,2,7,9,1,2,9,1,
202100050581,111 273,A01,1,7,0,2,1,1,1,
202100050581,111 274,B01,1,7,2,0,9,13,1,
202100050581,111 275,C01,2,7,0,2,1,13,1,
202100050582,111 272,A01,2,7,0,1,1,9,2,
202100050583,111 270,D01,2,7,0,2,2,17,1,
202100050583,111 271,A01,2,1,0,2,4,15,5,
202100050584,111 268,A01,2,7,3,2,1,5,1,
202100050584,111 269,B01,2,7,0,2,1,1,1,
202100050585,111 266,B01,1,7,0,2,8,0,0,
202100050585,111 267,A01,1,7,6,2,8,17,0,
202100050586,111 264,A01,1,7,0,2,3,15,1,
202100050586,111 265,B01,1,31,0,2,1,1,1,
202100050587,111 262,B01,3,33,0,2,9,26,1,
202100050587,111 263,A01,3,7,0,2,7,15,1,
202100050588,111 260,A01,2,7,0,2,1,15,1,
202100050588,111 261,B01,1,2,0,2,1,1,1,
202100050589,111 259,A01,3,7,0,1,1,1,1,
202100050590,111 256,A01,2,7,0,2,1,17,1,
202100050590,111 257,B01,1,7,0,2,4,1,1,
202100050590,111 258,C01,2,7,0,2,1,1,2,
202100050591,111 254,A01,2,7,0,2,0,0,1,
202100050591,111 255,B01,3,7,0,0,0,0,1,
202100050592,111 253,A01,1,7,0,1,1,1,1,
202100050593,111 251,B01,2,10,0,2,3,15,1,
202100050593,111 252,A01,2,30,0,2,0,17,1,
202100050594,111 250,Z01,2,0,0,1,0,0,0,
202100050595,111 249,A01,0,7,0,1,6,20,0,
202100050596,111 247,B01,2,10,0,2,2,2,1,
202100050596,111 248,A01,2,7,0,2,3,1,1,
202100050597,111 246,A01,0,37,0,1,3,15,0,1.0
202100050598,111 245,A01,2,33,8,0,3,13,1,
202100050599,111 243,A01,1,7,0,0,0,0,1,
202100050599,111 244,B01,1,10,12,0,0,0,1,
202100050600,111 241,A01,1,7,0,2,1,2,1,
202100050600,111 242,B01,1,7,0,2,4,26,1,
202100050601,111 239,B01,2,7,0,0,4,1,1,
202100050601,111 240,A01,2,7,0,2,1,2,1,
202100050602,111 238,A01,1,3,0,1,1,1,0,
202100050603,111 236,B01,2,50,0,2,1,0,3,
202100050603,111 237,A01,2,7,0,2,6,15,1,
202100050604,111 235,A01,1,7,0,1,2,1,1,
202100050605,111 234,A01,3,7,0,1,1,1,1,
202100050606,111 231,A01,-1,7,0,2,6,23,2,
202100050606,111 232,B01,-1,7,0,2,4,23,0,
202100050606,111 233,C01,-1,7,0,2,2,2,0,
202100050607,111 229,B01,1,30,0,2,7,1,1,
202100050607,111 230,A01,3,7,0,2,1,9,1,
202100050608,111 228,Z01,2,30,0,1,7,1,1,
202100050609,111 226,A01,1,7,0,2,2,16,1,
202100050609,111 227,B01,1,2,0,2,3,18,1,
202100050610,111 224,B01,1,7,0,2,2,1,1,
202100050610,111 225,A01,2,7,0,2,1,13,1,
202100050611,111 223,A01,2,7,8,0,1,1,1,
202100050612,111 221,B01,1,7,0,2,3,1,1,
202100050612,111 222,A01,2,33,0,2,3,11,1,
202100050613,111 219,C01,2,10,0,2,1,14,1,
202100050613,111 220,A01,2,10,0,0,4,1,1,
202100050614,111 218,A01,2,7,0,1,1,0,1,
202100050615,111 217,A01,2,33,13,0,9,1,1,
202100050616,111 216,A01,1,1,0,0,0,16,5,
202100050617,111 214,A01,2,2,1,0,1,1,1,
202100050617,111 215,B01,2,7,0,0,4,0,1,
202100050618,111 213,A01,1,7,0,1,1,19,1,
202100050619,111 211,A01,1,2,0,2,1,1,1,
202100050619,111 212,B01,1,15,0,0,4,15,1,
202100050620,111 209,A01,3,7,8,2,3,1,1,
202100050620,111 210,B01,3,7,0,2,2,1,1,
202100050621,111 207,A01,1,7,0,2,2,1,1,
202100050621,111 208,B01,1,1,0,0,4,1,5,
202100050622,111 205,A01,3,7,0,0,7,19,1,
202100050622,111 206,B01,2,33,0,2,3,0,1,
202100050623,111 203,B01,3,33,0,2,1,1,1,
202100050623,111 204,A01,3,10,0,2,7,15,1,
202100050624,111 199,B01,2,7,0,2,3,0,1,
202100050624,111 200,A01,1,7,0,2,2,15,1,
202100050625,111 198,A01,3,7,0,1,1,1,1,
202100050626,111 196,A01,2,33,0,2,1,17,1,
202100050626,111 197,B01,2,7,0,2,6,15,1,
202100050627,111 194,A01,1,10,0,2,8,13,1,
202100050627,111 195,B01,1,7,0,2,7,17,1,
202100050628,111 192,A01,2,7,0,2,5,15,1,
202100050628,111 193,B01,1,33,0,2,1,1,1,
202100050629,111 190,A01,1,7,0,0,5,11,1,
202100050629,111 191,B01,2,33,0,2,1,1,1,
202100050630,111 189,A01,1,33,0,0,0,0,1,
202100050631,111 187,A01,-1,7,0,9,1,16,1,
202100050631,111 188,B01,-1,1,0,2,0,19,5,
202100050632,111 185,B01,2,1,0,2,8,1,5,
202100050632,111 186,A01,2,7,0,2,7,17,0,
202100050633,111 183,E01,2,33,0,2,1,1,1,
202100050633,111 184,A01,1,7,0,2,1,15,1,
202100050634,111 181,A01,0,33,0,0,1,0,1,
202100050634,111 182,B01,0,7,0,9,3,1,1,
202100050635,111 180,A01,3,7,8,0,6,1,1,
202100050636,111 177,A01,1,17,3,0,5,1,1,
202100050636,111 178,B01,1,7,0,2,1,1,1,
202100050636,111 179,C01,1,10,0,2,1,2,1,
202100050637,111 176,A01,2,7,0,1,1,16,1,
202100050638,111 172,D01,1,7,0,2,5,1,1,
202100050638,111 173,C01,1,7,0,2,3,1,1,
202100050638,111 174,B01,1,7,0,2,6,1,1,
202100050638,111 175,A01,1,33,0,2,1,1,1,
202100050639,111 170,B01,1,15,0,2,3,15,1,
202100050639,111 171,A01,2,33,0,2,8,1,1,
202100050640,111 168,B01,0,1,0,2,1,1,6,
202100050640,111 169,A01,0,7,0,0,2,1,1,
202100050641,111 166,B01,2,7,0,0,5,16,1,
202100050641,111 167,A01,2,7,0,2,1,26,1,
202100050642,111 164,B01,2,33,15,9,1,1,1,
202100050642,111 165,A01,3,7,0,0,2,26,1,
202100050643,111 162,A01,2,7,0,2,1,1,1,
202100050643,111 163,B01,0,1,0,2,7,26,5,
202100050644,111 161,A01,2,7,2,0,2,1,1,
202100050645,111 159,B01,1,7,0,2,2,1,1,
202100050645,111 160,A01,1,1,0,2,3,9,5,
202100050646,111 157,A01,2,7,0,2,3,13,1,
202100050646,111 158,B01,1,7,0,2,3,1,1,
202100050647,111 156,A01,3,10,0,1,3,1,1,
202100050648,111 154,A01,1,7,3,2,1,2,1,
202100050648,111 155,B01,1,7,4,0,4,1,1,
202100050649,111 151,A01,2,7,0,2,1,1,1,
202100050649,111 152,B01,2,7,0,2,9,2,1,
202100050649,111 153,C01,2,7,0,2,4,2,1,
202100050650,111 150,A01,1,7,4,0,2,2,1,
202100050651,111 148,B01,2,7,0,2,4,2,1,
202100050651,111 149,A01,2,7,0,2,1,2,1,
202100050652,111 146,A01,1,17,0,2,1,2,1,
202100050652,111 147,B01,1,7,0,2,4,2,1,
202100050653,111 143,C01,2,7,0,2,4,0,1,
202100050653,111 144,B01,2,7,0,2,3,13,1,
202100050653,111 145,A01,2,10,0,2,1,2,1,
202100050654,111 142,A01,2,7,4,0,1,1,1,
202100050655,111 141,A01,2,7,6,0,1,0,1,
202100050656,111 138,A01,1,37,0,2,7,1,1,1.0
202100050656,111 139,B01,1,30,0,2,1,16,1,
202100050657,111 136,A01,1,7,0,2,2,1,1,
202100050657,111 137,B01,1,10,8,2,3,1,1,
202100050658,111 134,A01,2,7,0,2,2,16,2,
202100050658,111 135,B01,2,1,0,2,3,1,5,
202100050659,111 133,A01,0,3,8,0,1,1,1,
202100050660,111 131,B01,2,7,0,2,1,1,1,
202100050660,111 132,A01,1,7,0,2,3,15,1,
202100050661,111 129,A01,1,30,0,2,1,1,1,
202100050661,111 130,B01,2,7,0,2,2,1,1,
202100050662,111 127,A01,1,33,0,0,0,1,1,
202100050663,111 126,A01,3,7,0,1,1,1,1,
202100050664,111 124,B01,1,2,0,2,1,1,1,
202100050664,111 125,A01,1,7,0,0,4,16,1,
202100050665,111 123,A01,2,7,17,0,2,1,1,
202100050666,111 122,A01,0,7,0,0,1,0,1,
202100050667,111 120,B01,3,1,0,2,4,2,5,
202100050667,111 121,A01,3,7,0,9,2,2,1,
202100050668,111 118,A01,1,33,0,2,1,1,1,
202100050668,111 119,B01,2,7,0,2,2,15,1,
202100050669,111 117,A01,1,7,3,0,3,17,1,
202100050670,111 115,A01,1,7,0,2,1,5,1,
202100050670,111 116,B01,1,10,0,2,2,1,1,
202100050671,111 113,C01,3,7,0,2,3,1,1,
202100050671,111 114,A01,3,2,0,2,1,1,1,
202100050672,111 112,A01,1,33,0,0,8,15,1,
202100050673,111 111,A01,1,7,13,0,2,1,1,
202100050674,111 109,A01,2,7,0,2,2,1,1,
202100050674,111 110,B01,2,1,0,0,1,2,5,
202100050675,111 107,A01,1,7,0,0,8,15,1,
202100050675,111 108,B01,1,33,0,2,1,17,1,
202100050676,111 106,A01,1,7,13,0,8,1,0,
202100050677,111 103,A01,2,7,0,2,3,13,1,
202100050677,111 104,B01,1,17,0,2,3,1,1,
202100050677,111 105,C01,2,7,13,2,8,1,1,
202100050678,111 102,A01,1,7,2,0,3,13,1,
202100050679,111 101,A01,1,33,14,0,1,1,1,
202100050680,111 100,A01,3,1,15,0,0,21,5,
202100050681,111 099,A01,1,7,13,0,3,1,1,
202100050682,111 098,A01,3,7,0,9,1,0,1,
202100050683,111 096,A01,1,7,0,2,1,1,1,
202100050683,111 097,B01,1,7,0,2,4,1,1,
202100050684,111 094,A01,2,2,0,2,0,21,1,
202100050684,111 095,B01,1,21,0,2,0,21,1,
202100050685,111 092,A01,1,10,0,2,1,1,1,
202100050685,111 093,B01,1,7,0,0,4,23,1,
202100050686,111 090,B01,2,30,0,2,7,1,1,
202100050686,111 091,A01,2,7,0,2,3,9,1,
202100050687,111 089,A01,1,7,0,1,3,1,1,
202100050688,111 087,A01,1,7,0,2,2,9,1,
202100050688,111 088,B01,1,33,0,2,1,1,1,
202100050689,111 085,B01,2,7,0,0,1,1,1,
202100050689,111 086,A01,1,7,0,0,1,1,1,
202100050690,111 083,B01,1,20,0,2,3,1,1,
202100050690,111 084,A01,2,10,0,2,3,13,1,
202100050691,111 081,B01,1,7,0,2,3,1,1,
202100050691,111 082,A01,2,7,0,2,3,13,1,
202100050692,111 079,B01,2,7,0,0,1,1,1,
202100050692,111 080,A01,1,7,0,2,1,1,1,
202100050693,111 077,A01,1,33,0,2,1,2,1,
202100050693,111 078,B01,1,33,0,2,4,2,1,
202100050694,111 075,A01,2,10,0,2,8,1,1,
202100050694,111 076,B01,1,33,0,2,8,13,1,
202100050695,111 073,B01,1,33,0,2,1,1,1,
202100050695,111 074,A01,1,7,0,2,6,10,1,
202100050696,111 071,B01,1,10,0,2,1,1,1,
202100050696,111 072,A01,2,7,0,2,1,1,1,
202100050697,111 069,B01,0,33,0,2,1,1,1,
202100050697,111 070,A01,0,7,0,2,8,19,1,
202100050698,111 068,A01,1,32,13,0,7,1,1,
202100050699,111 066,B01,2,7,0,0,4,2,1,
202100050699,111 067,A01,2,7,0,2,1,2,1,
202100050700,111 065,A01,1,10,9,0,1,14,1,
202100050701,111 063,A01,1,33,0,2,3,1,1,
202100050701,111 064,B01,2,7,0,2,2,15,2,
202100050702,111 062,A01,1,7,13,0,1,1,1,
202100050703,111 060,B01,1,33,0,2,1,1,1,
202100050703,111 061,A01,2,7,0,2,2,15,1,
202100050704,111 058,B01,2,7,0,2,3,15,1,
202100050704,111 059,A01,2,32,0,2,1,17,1,
202100050705,111 056,B01,1,33,0,2,1,1,1,
202100050705,111 057,A01,2,7,0,2,3,9,1,
202100050706,111 055,A01,3,2,0,0,9,1,1,
202100050707,111 053,A01,3,7,0,0,6,9,1,
202100050707,111 054,B01,3,33,0,2,1,2,1,
202100050708,111 051,B01,1,38,0,2,3,1,1,1.0
202100050708,111 052,A01,2,7,0,2,3,5,1,
202100050709,111 049,A01,1,7,0,0,5,1,1,
202100050709,111 050,B01,1,2,0,2,1,2,1,
202100050710,111 048,A01,0,36,0,0,6,1,1,
202100050711,111 047,A01,3,36,0,0,1,26,1,
202100050712,111 045,B01,1,33,0,2,1,17,1,
202100050712,111 046,A01,1,7,0,9,6,17,1,
202100050713,111 040,A01,2,10,0,2,0,2,1,
202100050713,111 041,E01,2,7,0,2,1,2,1,
202100050713,111 042,C01,2,7,0,2,4,2,1,
202100050713,111 043,B01,2,7,0,2,4,2,1,
202100050713,111 044,D01,2,7,0,2,4,2,1,
202100050714,111 038,B01,1,10,0,2,9,14,1,
202100050714,111 039,A01,1,13,0,2,6,1,1,
202100050715,111 035,C01,2,7,0,2,7,17,1,
202100050715,111 036,B01,2,7,0,2,2,1,1,
202100050715,111 037,A01,2,7,0,2,3,18,1,
202100050716,111 030,E01,2,10,0,2,1,1,1,
202100050716,111 031,D01,2,7,0,2,1,11,1,
202100050716,111 032,C01,2,7,4,2,7,1,1,
202100050716,111 033,B01,2,7,3,2,8,11,1,
202100050716,111 034,A01,2,7,0,2,6,1,1,
202100050717,111 028,A01,1,7,0,2,1,26,1,
202100050717,111 029,B01,1,7,0,2,4,26,1,
202100050718,111 026,A01,2,7,0,2,8,13,1,
202100050718,111 027,B01,2,7,4,2,2,1,1,
202100050719,111 025,A01,2,7,4,0,3,13,1,
202100050720,111 024,A01,1,32,0,0,0,2,1,
202100050721,111 022,A01,2,20,0,0,0,26,0,
202100050721,111 023,B01,2,31,0,0,0,26,1,
202100050722,111 019,C01,2,7,0,2,4,2,1,
202100050722,111 020,A01,2,7,0,2,1,9,1,
202100050722,111 021,B01,2,7,0,2,4,2,2,
202100050723,111 018,A01,2,32,4,0,8,1,1,
202100050724,111 017,A01,2,7,3,0,1,21,1,
202100050725,111 015,A01,2,7,0,2,1,2,1,
202100050725,111 016,B01,2,7,0,2,4,2,1,
202100050726,111 014,A01,1,7,6,0,0,13,1,
202100050727,111 012,B01,1,31,0,2,7,1,1,
202100050727,111 013,A01,1,7,0,9,8,15,1,
202100050728,111 010,B01,3,33,0,2,2,1,1,
202100050728,111 011,A01,3,7,0,2,8,26,1,
202100050729,111 008,B01,3,7,0,2,1,14,1,
202100050729,111 009,A01,3,30,0,2,1,25,0,
202100050730,111 006,A01,2,7,0,2,1,2,1,
202100050730,111 007,B01,2,7,0,2,4,23,1,
202100050731,111 005,A01,3,37,0,1,5,16,1,1.0
202100050732,111 002,C01,3,7,0,2,4,1,1,
202100050732,111 003,A01,3,7,0,2,2,1,1,
202100050732,111 004,B01,3,7,0,2,6,1,1,
202100050733,111 000,B01,2,7,0,2,8,1,1,
202100050733,111 001,A01,2,7,0,2,1,1,1,
202100050734,110 998,B01,1,33,0,2,4,1,1,
202100050734,110 999,A01,1,7,0,2,3,26,1,
202100050735,110 996,B01,3,7,0,2,3,1,1,
202100050735,110 997,A01,3,30,0,2,4,9,1,
202100050736,110 994,A01,3,2,1,0,1,13,1,
202100050736,110 995,B01,3,7,0,9,2,26,1,