Num_Acc,id_vehicule,num_veh,senc,catv,obs,obsm,choc,manv,motor,occutc
202100050737,110 992,B01,1,7,0,2,6,2,0,
202100050737,110 993,A01,1,32,0,2,0,0,0,
202100050738,110 991,A01,2,33,0,0,1,1,1,
202100050739,110 989,B01,2,14,0,2,6,1,1,
202100050739,110 990,A01,2,30,0,2,0,3,1,
202100050740,110 985,B01,3,33,0,2,1,2,1,
202100050740,110 986,A01,3,7,0,2,3,10,1,
202100050741,110 983,B01,2,7,0,2,3,1,1,
202100050741,110 984,A01,1,2,0,2,3,19,1,
202100050742,110 982,A01,2,7,0,1,4,20,1,
202100050743,110 981,A01,2,7,14,0,3,1,1,
202100050744,110 979,A01,2,2,0,2,1,9,1,
202100050744,110 980,B01,1,7,0,2,5,16,1,
202100050745,110 978,A01,2,33,6,0,3,16,1,
202100050746,110 976,B01,0,1,0,2,1,1,0,
202100050746,110 977,A01,0,7,0,2,3,15,1,
202100050747,110 974,B01,2,99,0,2,2,19,0,
202100050747,110 975,A01,2,99,0,2,1,19,0,
202100050748,110 972,A01,2,30,0,2,7,9,1,
202100050748,110 973,B01,1,7,0,2,3,9,1,
202100050749,110 970,B01,3,7,0,2,4,15,1,
202100050749,110 971,A01,3,30,0,2,1,2,1,
202100050750,110 969,A01,2,7,0,1,2,1,1,
202100050751,110 965,B01,1,33,0,2,1,1,1,
202100050751,110 966,A01,3,7,0,2,3,15,1,
202100050752,110 964,A01,1,7,0,1,1,15,1,
202100050753,110 962,A01,1,7,0,2,3,9,1,
202100050753,110 963,B01,2,1,0,2,1,1,0,
202100050754,110 960,A01,1,7,12,2,2,2,1,
202100050754,110 961,B01,1,7,12,2,6,1,1,
202100050755,110 959,A01,1,7,13,0,1,1,1,
202100050756,110 955,C01,1,7,0,2,6,0,1,
202100050756,110 956,D01,1,31,1,0,1,13,0,
202100050756,110 957,A01,1,7,0,2,6,26,1,
202100050756,110 958,B01,1,7,1,0,2,2,1,
202100050757,110 954,A01,3,36,8,0,5,14,1,
202100050758,110 952,Z01,0,7,0,2,2,1,1,
202100050758,110 953,A01,1,31,0,2,7,20,1,
202100050759,110 950,A01,2,32,8,2,1,17,1,
202100050759,110 951,B01,2,10,0,2,3,15,1,
202100050760,110 948,A01,1,7,0,2,0,0,0,
202100050760,110 949,B01,1,2,0,2,3,15,1,
202100050761,110 945,A01,2,32,0,2,1,3,1,
202100050761,110 946,B01,2,7,0,2,6,1,2,
202100050761,110 947,C01,2,7,0,2,2,1,2,
202100050762,110 942,C01,1,10,0,2,4,2,1,
202100050762,110 943,B01,1,10,0,2,4,2,1,
202100050762,110 944,A01,1,7,0,2,1,2,1,
202100050763,110 941,A01,1,7,0,1,2,1,1,
202100050764,110 939,B01,2,50,0,2,1,1,3,
202100050764,110 940,A01,2,10,0,2,2,16,1,
202100050765,110 938,A01,1,1,0,0,0,21,5,
202100050766,110 937,A01,1,60,0,0,0,25,5,
202100050767,110 934,A01,1,7,0,2,2,15,1,
202100050767,110 935,B01,1,33,0,2,3,1,1,
202100050767,110 936,C01,1,7,0,2,5,23,2,
202100050768,110 932,A01,2,7,0,2,2,15,1,
202100050768,110 933,B01,1,1,0,2,8,1,5,
202100050769,110 930,Z01,1,43,0,2,1,2,1,
202100050769,110 931,A01,1,33,0,2,4,2,1,
202100050770,110 929,A01,1,1,0,1,0,1,5,
202100050771,110 927,B01,1,30,0,2,4,23,1,
202100050771,110 928,A01,1,30,0,2,1,1,3,
202100050772,110 926,A01,1,33,0,0,4,1,1,
202100050773,110 924,A01,1,7,0,2,3,22,1,
202100050773,110 925,B01,1,80,0,2,0,1,3,
202100050774,110 923,A01,1,7,0,1,4,4,1,
202100050775,110 921,B01,3,7,0,2,2,1,1,
202100050775,110 922,A01,3,7,0,2,3,1,1,
202100050776,110 919,A01,1,33,16,0,5,20,1,
202100050776,110 920,Z01,1,2,0,2,3,2,1,
202100050777,110 918,A01,2,32,12,0,1,26,1,
202100050778,110 917,A01,3,33,0,0,0,1,1,
202100050779,110 916,A01,2,7,0,1,5,1,1,
202100050780,110 915,A01,1,7,0,1,1,1,1,
202100050781,110 913,A01,1,7,0,2,5,12,1,
202100050781,110 914,B01,1,33,0,2,3,1,1,
202100050782,110 911,A01,1,7,0,2,2,16,1,
202100050782,110 912,B01,1,34,0,2,5,16,1,
202100050783,110 909,B01,3,33,0,2,6,15,1,
202100050783,110 910,A01,3,7,0,2,0,1,1,
202100050784,110 907,A01,2,2,0,2,8,15,1,
202100050784,110 908,B01,2,32,0,2,7,17,1,
202100050785,110 904,A01,1,7,0,2,2,15,1,
202100050785,110 905,C01,2,7,0,2,1,1,1,
202100050785,110 906,B01,2,7,0,2,6,1,1,
202100050786,110 903,A01,3,2,1,0,0,1,1,
202100050787,110 902,A01,3,7,17,0,2,14,1,
202100050788,110 900,A01,2,7,0,2,1,1,1,
202100050788,110 901,B01,2,7,0,2,4,2,1,
202100050789,110 898,B01,1,17,0,0,4,1,1,
202100050789,110 899,A01,1,7,0,2,1,2,1,
202100050790,110 896,A01,2,7,4,2,3,11,1,
202100050790,110 897,B01,2,7,0,2,3,17,1,
202100050791,110 894,A01,1,2,0,2,1,21,1,
202100050791,110 895,B01,2,10,0,0,8,1,0,
202100050792,110 893,A01,2,7,13,0,1,1,1,
202100050793,110 891,B01,1,33,0,2,1,1,1,
202100050793,110 892,A01,1,7,0,2,3,16,1,
202100050794,110 888,C01,1,7,0,2,8,1,1,
202100050794,110 889,B01,1,7,0,2,8,1,1,
202100050794,110 890,A01,2,32,0,2,8,1,1,
202100050795,110 886,A01,1,7,0,0,1,1,1,
202100050795,110 887,B01,2,1,0,2,1,1,5,
202100050796,110 884,A01,1,2,0,2,3,13,1,
202100050796,110 885,B01,1,7,0,2,6,1,1,
202100050797,110 882,B01,1,1,0,2,4,2,5,
202100050797,110 883,A01,1,7,0,2,1,1,1,
202100050798,110 880,B01,2,7,15,2,1,1,1,
202100050798,110 881,A01,1,7,0,0,3,15,1,
202100050799,110 878,A01,3,7,0,2,3,13,1,
202100050799,110 879,B01,3,2,0,2,3,1,1,
202100050800,110 876,B01,1,7,0,2,1,1,1,
202100050800,110 877,A01,2,7,0,2,1,13,1,
202100050801,110 873,A01,1,7,8,0,1,1,1,
202100050802,110 871,B01,1,1,0,2,8,1,5,
202100050802,110 872,A01,2,7,0,2,1,15,1,
202100050803,110 869,B01,2,33,0,2,1,1,1,
202100050803,110 870,A01,1,7,0,2,3,19,1,
202100050804,110 868,A01,2,7,6,0,3,13,1,
202100050805,110 867,A01,1,7,0,1,1,1,1,
202100050806,110 865,A01,2,33,0,2,7,5,1,
202100050806,110 866,B01,1,7,0,2,1,1,1,
202100050807,110 861,A01,3,7,0,2,1,15,1,
202100050807,110 862,C01,1,7,14,0,1,1,1,
202100050807,110 863,B01,1,7,0,2,2,1,1,
202100050808,110 860,A01,3,2,0,0,0,1,3,
202100050809,110 858,A01,1,7,0,2,1,9,0,
202100050809,110 859,B01,1,1,0,2,7,1,5,
202100050810,110 857,A01,2,33,0,0,8,1,1,
202100050811,110 856,A01,3,31,15,0,1,1,1,
202100050812,110 854,A01,2,33,0,2,3,13,1,
202100050812,110 855,B01,1,7,0,2,8,1,1,
202100050813,110 852,B01,1,33,0,9,1,21,1,
202100050813,110 853,A01,1,33,0,0,0,1,1,
202100050814,110 850,B01,1,1,0,0,0,2,5,
202100050814,110 851,A01,1,1,0,0,0,1,5,
202100050815,110 849,A01,2,7,13,0,1,1,1,
202100050816,110 847,A01,1,33,0,2,1,0,1,
202100050816,110 848,B01,2,7,0,2,3,0,1,
202100050817,110 846,A01,1,7,16,0,3,1,1,
202100050818,110 844,A01,2,7,0,9,2,13,1,
202100050818,110 845,B01,2,80,0,0,4,13,3,
202100050819,110 842,B01,3,31,0,2,1,2,1,
202100050819,110 843,A01,3,7,0,2,6,15,1,
202100050820,110 841,A01,1,3,0,0,0,1,1,
202100050821,110 839,A01,2,1,12,2,7,2,5,
202100050821,110 840,B01,2,1,12,2,8,2,5,
202100050822,110 837,B01,2,1,0,2,8,1,5,
202100050822,110 838,A01,1,7,0,2,3,15,1,
202100050823,110 835,A01,1,32,15,0,1,14,1,
202100050824,110 834,A01,1,7,2,0,1,0,1,
202100050825,110 832,A01,1,7,0,2,3,15,1,
202100050825,110 833,B01,2,7,0,2,1,1,1,
202100050826,110 831,A01,1,30,1,0,0,0,1,
202100050827,110 829,B01,2,7,0,2,0,1,1,
202100050827,110 830,A01,1,7,0,2,8,19,1,
202100050828,110 827,A01,1,7,0,2,1,13,1,
202100050828,110 828,B01,2,7,0,2,2,1,1,
202100050829,110 825,B01,1,33,5,0,1,21,1,
202100050829,110 826,A01,1,33,5,0,1,21,1,
202100050830,110 823,B01,2,15,0,0,4,2,1,
202100050830,110 824,A01,2,7,3,2,1,2,1,
202100050831,110 821,B01,1,1,0,2,4,2,5,
202100050831,110 822,A01,1,7,0,9,2,1,1,
202100050832,110 820,A01,1,33,0,6,1,1,1,
202100050833,110 819,A01,1,33,0,0,3,1,1,
202100050834,110 818,A01,1,7,13,0,2,14,1,
202100050835,110 816,A01,0,7,0,9,1,15,1,
202100050835,110 817,C01,3,50,0,2,1,16,3,
202100050836,110 815,A01,3,1,0,1,1,1,5,
202100050837,110 813,B01,1,7,0,2,3,1,1,
202100050837,110 814,A01,2,0,0,2,0,5,0,
202100050838,110 812,A01,2,33,0,5,1,26,1,
202100050839,110 811,A01,2,7,2,0,1,1,1,
202100050840,110 809,B01,1,33,0,2,2,1,1,
202100050840,110 810,A01,2,7,0,2,2,1,1,
202100050841,110 808,A01,2,7,13,9,1,13,1,
202100050842,110 806,B01,1,7,0,2,8,2,1,
202100050842,110 807,A01,1,15,0,2,2,12,1,
202100050843,110 805,A01,1,33,4,0,1,1,1,
202100050844,110 803,B01,1,7,0,2,4,2,1,
202100050844,110 804,A01,1,32,0,2,1,2,1,
202100050845,110 800,B01,1,7,0,2,4,1,3,
202100050845,110 801,A01,1,7,0,2,1,14,1,
202100050845,110 802,C01,1,7,0,2,4,1,1,
202100050846,110 798,B01,1,7,0,2,6,1,1,
202100050846,110 799,A01,1,7,0,2,2,12,1,
202100050847,110 796,B01,2,33,0,2,0,0,1,
202100050847,110 797,A01,2,10,0,2,0,9,1,
202100050848,110 794,B01,2,7,0,2,6,1,2,
202100050848,110 795,A01,2,7,0,2,1,26,1,
202100050849,110 792,B01,2,0,0,2,0,0,0,
202100050849,110 793,A01,2,32,0,2,8,13,1,
202100050850,110 790,B01,2,7,0,2,6,2,1,
202100050850,110 791,A01,2,14,0,2,2,12,1,
202100050851,110 787,C01,1,10,0,2,6,1,1,
202100050851,110 788,B01,1,7,0,2,4,1,1,
202100050851,110 789,A01,1,17,0,2,1,1,1,
202100050852,110 784,C01,1,7,0,2,4,2,0,
202100050852,110 785,B01,0,7,0,2,4,2,1,
202100050852,110 786,A01,1,7,0,2,1,2,1,
202100050853,110 780,D01,1,7,0,2,4,23,1,
202100050853,110 781,B01,1,7,0,2,4,23,1,
202100050853,110 782,A01,1,7,0,2,1,2,1,
202100050853,110 783,C01,1,7,0,2,4,23,1,
202100050854,110 778,B01,1,2,0,2,1,1,1,
202100050854,110 779,A01,1,10,0,2,5,15,1,
202100050855,110 776,B01,1,33,0,2,1,1,1,
202100050855,110 777,A01,2,7,0,2,3,15,1,
202100050856,110 774,B01,1,7,0,2,2,1,1,
202100050856,110 775,A01,2,1,0,2,7,19,5,
202100050857,110 773,A01,3,7,6,0,1,26,1,
202100050858,110 771,A01,1,10,0,2,4,23,1,
202100050858,110 772,B01,1,7,0,2,1,2,1,
202100050859,110 770,A01,1,30,14,0,1,5,1,
202100050860,110 767,C01,2,7,0,2,2,1,1,
202100050860,110 768,B01,2,7,0,2,8,1,1,
202100050860,110 769,A01,2,7,0,2,6,9,1,
202100050861,110 765,B01,2,33,0,2,8,0,1,
202100050861,110 766,A01,2,7,0,2,3,9,1,
202100050862,110 763,B01,2,7,0,2,4,2,1,
202100050862,110 764,A01,2,7,0,2,1,2,1,
202100050863,110 762,A01,3,7,0,1,1,1,3,
202100050864,110 761,A01,1,30,0,9,1,26,1,
202100050865,110 760,A01,3,10,1,1,4,26,1,
202100050866,110 759,A01,3,7,0,0,4,4,1,
202100050867,110 757,B01,3,2,0,2,1,17,1,
202100050867,110 758,A01,3,7,0,2,3,1,1,
202100050868,110 755,B01,0,2,0,2,7,1,1,
202100050868,110 756,A01,1,7,0,2,2,9,1,
202100050869,110 753,B01,0,7,0,2,4,16,1,
202100050869,110 754,A01,0,33,0,2,1,2,1,
202100050870,110 751,A01,0,7,0,9,0,15,1,
202100050870,110 752,B01,0,50,0,2,8,1,3,
202100050871,110 750,A01,0,7,0,1,1,1,1,
202100050872,110 748,A01,2,7,0,2,1,15,1,
202100050872,110 749,B01,2,33,0,2,8,16,1,
202100050873,110 743,A01,2,7,12,0,1,26,1,
202100050874,110 741,B01,0,2,0,2,7,0,1,
202100050874,110 742,A01,0,10,0,2,8,0,1,
202100050875,110 739,A01,2,3,0,2,4,23,1,
202100050875,110 740,Z01,2,7,0,2,1,1,1,
202100050876,110 736,A01,2,7,0,2,1,2,1,
202100050876,110 737,C01,2,7,0,2,4,2,1,
202100050876,110 738,B01,2,7,0,2,4,2,1,
202100050877,110 734,A01,0,50,0,2,2,19,3,
202100050877,110 735,B01,2,7,0,2,0,0,0,
202100050878,110 732,B01,3,32,0,2,8,1,1,
202100050878,110 733,A01,3,7,0,2,3,9,1,
202100050879,110 730,B01,1,2,0,2,0,2,0,
202100050879,110 731,A01,1,7,0,9,3,9,1,
202100050880,110 729,A01,0,7,0,1,1,9,1,
202100050881,110 727,B01,3,7,0,2,3,1,1,
202100050881,110 728,A01,3,30,0,2,1,1,1,
202100050882,110 725,B01,2,7,0,2,1,15,1,
202100050882,110 726,A01,2,30,0,2,1,1,1,
202100050883,110 723,A01,1,7,0,2,2,1,1,
202100050883,110 724,B01,1,1,0,2,8,13,5,
202100050884,110 722,A01,2,10,0,1,1,1,1,
202100050885,110 720,B01,2,7,0,2,3,16,1,
202100050885,110 721,A01,3,7,0,2,2,1,1,
202100050886,110 718,A01,1,7,0,2,1,1,1,
202100050886,110 719,B01,1,7,0,2,4,1,1,
202100050887,110 716,Z01,1,7,0,9,0,0,1,
202100050887,110 717,B01,1,1,0,2,7,1,5,
202100050888,110 715,Z01,1,7,0,1,1,1,1,
202100050889,110 714,A01,1,7,0,1,7,1,1,
202100050890,110 713,A01,0,10,0,1,1,1,1,
202100050891,110 711,B01,0,7,0,2,3,15,1,
202100050891,110 712,A01,0,34,0,2,1,1,1,
202100050892,110 709,A01,1,7,0,2,1,16,2,
202100050892,110 710,B01,2,1,0,2,4,15,5,
202100050893,110 708,A01,3,7,0,1,1,1,1,
202100050894,110 706,A01,2,10,0,2,3,9,1,
202100050894,110 707,B01,2,2,0,2,1,1,1,
202100050895,110 705,A01,2,2,0,0,1,1,1,
202100050896,110 704,A01,3,7,0,1,5,26,1,
202100050897,110 701,C01,2,1,0,2,7,19,5,
202100050897,110 702,B01,2,7,0,2,4,23,1,
202100050897,110 703,A01,2,7,0,2,1,2,1,
202100050898,110 700,A01,1,7,0,1,0,15,0,
202100050899,110 698,B01,1,1,0,2,1,26,5,
202100050899,110 699,A01,1,7,0,2,3,9,1,
202100050900,110 696,A01,1,7,0,2,1,17,1,
202100050900,110 697,B01,2,7,0,2,1,1,1,
202100050901,110 695,A01,0,1,0,0,0,1,5,
202100050902,110 693,B01,1,7,0,2,1,1,1,
202100050902,110 694,A01,3,10,0,2,8,19,1,
202100050903,110 691,B01,1,7,0,2,2,1,1,
202100050903,110 692,A01,1,7,0,2,1,9,1,
202100050904,110 689,B01,1,7,0,2,4,1,1,
202100050904,110 690,A01,1,7,0,2,1,2,1,
202100050905,110 687,A01,2,30,0,2,2,15,1,
202100050905,110 688,B01,1,30,0,2,1,1,1,
202100050906,110 685,B01,2,7,0,2,1,1,1,
202100050906,110 686,A01,2,30,0,2,4,1,1,
202100050907,110 683,B01,1,33,0,2,9,1,1,
202100050907,110 684,A01,1,33,15,0,1,1,1,
202100050908,110 681,A01,1,33,0,2,1,16,1,
202100050908,110 682,B01,1,7,0,2,8,1,1,
202100050909,110 679,B01,3,1,0,2,8,1,0,
202100050909,110 680,A01,3,7,0,2,2,15,0,
202100050910,110 677,B01,1,1,0,2,4,1,5,
202100050910,110 678,A01,1,7,0,2,1,1,1,
202100050911,110 675,B01,1,30,0,2,2,1,1,
202100050911,110 676,A01,1,7,0,2,3,20,1,
202100050912,110 673,B01,1,15,0,2,4,23,1,
202100050912,110 674,A01,1,7,0,2,3,21,1,
202100050913,110 671,A01,2,32,0,2,1,1,1,
202100050913,110 672,Z01,0,99,0,2,0,0,0,
202100050914,110 669,A01,2,34,0,2,7,17,1,
202100050914,110 670,B01,2,7,0,2,3,17,1,
202100050915,110 667,B01,1,7,0,2,8,2,1,
202100050915,110 668,A01,3,7,0,2,0,26,1,
202100050916,110 665,B01,0,34,0,2,1,1,1,
202100050916,110 666,A01,0,7,0,2,2,15,1,
202100050917,110 663,A01,2,34,0,2,1,1,1,
202100050917,110 664,B01,2,7,0,2,4,2,1,
202100050918,110 661,Z01,3,7,1,0,3,26,0,
202100050918,110 662,B01,3,7,0,2,3,23,1,
202100050919,110 660,A01,2,33,0,0,0,1,1,
202100050920,110 658,A01,1,7,0,2,1,2,1,
202100050920,110 659,B01,1,7,0,0,4,2,1,
202100050921,110 657,A01,2,30,0,0,0,1,1,
202100050922,110 654,C01,1,7,0,2,3,23,1,
202100050922,110 655,A01,2,33,0,2,1,2,1,
202100050922,110 656,B01,2,7,0,2,4,2,1,
202100050923,110 652,A01,1,1,0,2,1,16,5,
202100050923,110 653,B01,1,37,0,2,6,7,2,1.0
202100050924,110 650,B01,1,43,0,2,0,15,1,
202100050924,110 651,A01,1,32,0,2,0,2,1,
202100050925,110 648,A01,3,30,0,2,3,1,1,
202100050925,110 649,Z01,3,7,0,2,0,16,0,
202100050926,110 646,B01,1,7,0,2,6,15,1,
202100050926,110 647,A01,2,50,0,2,1,1,3,
202100050927,110 645,A01,2,32,0,0,0,1,1,
202100050928,110 643,B01,1,7,0,2,1,15,1,
202100050928,110 644,A01,2,30,0,2,7,1,3,
202100050929,110 641,A01,2,1,0,2,2,17,5,
202100050929,110 642,Z01,1,10,0,2,6,4,0,
202100050930,110 639,A01,3,33,0,2,2,1,1,
202100050930,110 640,B01,3,7,0,2,3,1,1,
202100050931,110 637,B01,3,7,0,2,3,16,1,
202100050931,110 638,A01,3,32,0,2,2,18,1,
202100050932,110 635,A01,2,10,0,2,2,16,1,
202100050932,110 636,B01,2,33,0,2,3,7,1,
202100050933,110 633,A01,2,7,0,2,3,22,1,
202100050933,110 634,B01,2,1,0,2,0,1,5,
202100050934,110 632,A01,3,50,12,0,7,1,3,
202100050935,110 631,A01,1,15,1,1,4,20,1,
202100050936,110 630,A01,3,80,0,0,7,1,3,
202100050937,110 628,B01,1,30,0,2,0,15,0,
202100050937,110 629,A01,2,30,0,2,3,1,1,
202100050938,110 627,A01,1,1,0,1,1,1,5,
202100050939,110 626,A01,1,50,15,0,1,25,3,
202100050940,110 625,A01,1,1,0,2,1,1,5,
202100050941,110 624,Z01,1,7,0,1,1,16,0,
202100050942,110 622,A01,3,7,14,2,8,13,1,
202100050942,110 623,B01,1,7,0,2,1,21,1,
202100050943,110 620,A01,1,7,1,2,2,16,1,
202100050943,110 621,B01,1,2,1,2,1,21,1,
202100050944,110 618,B01,2,30,0,2,0,1,1,
202100050944,110 619,A01,2,7,0,2,5,15,1,
202100050945,110 615,B01,2,7,0,2,5,2,1,
202100050945,110 616,T01,2,7,0,0,0,23,1,
202100050945,110 617,A01,2,7,0,2,1,2,1,
202100050946,110 613,B01,2,33,0,2,8,2,1,
202100050946,110 614,A01,1,7,0,2,3,15,1,
202100050947,110 611,B01,2,7,0,2,1,15,1,
202100050947,110 612,A01,1,7,0,2,2,21,1,
202100050948,110 609,A01,3,7,0,2,1,1,1,
202100050948,110 610,B01,1,7,0,2,1,1,1,
202100050949,110 608,A01,1,7,0,0,2,26,0,
202100050950,110 606,B01,1,7,0,2,0,0,1,
202100050950,110 607,A01,1,30,0,2,1,0,1,
202100050951,110 604,A01,3,7,0,2,0,16,0,
202100050951,110 605,B01,3,50,0,2,0,5,3,
202100050952,110 603,A01,1,33,0,1,1,1,1,
202100050953,110 601,A01,1,7,0,2,2,9,1,
202100050953,110 602,B01,1,31,0,2,3,1,1,
202100050954,110 599,A01,1,7,12,2,1,2,1,
202100050954,110 600,B01,1,10,12,2,4,1,1,
202100050955,110 597,Z01,1,1,0,2,8,15,5,
202100050955,110 598,A01,1,30,0,2,2,18,0,
202100050956,110 596,A01,1,33,13,0,8,1,1,
202100050957,110 594,B01,1,7,0,2,5,9,1,
202100050957,110 595,A01,1,7,0,2,3,1,1,
202100050958,110 591,A01,1,7,0,2,1,13,0,
202100050958,110 592,B01,2,7,0,2,1,1,1,
202100050958,110 593,C01,2,7,0,2,3,1,1,
202100050959,110 589,B01,2,2,0,2,1,1,1,
202100050959,110 590,A01,1,7,0,2,3,1,1,
202100050960,110 587,B01,1,31,0,2,1,2,1,
202100050960,110 588,A01,1,33,0,0,6,1,1,
202100050961,110 585,A01,1,7,0,2,2,2,1,
202100050961,110 586,B01,1,1,0,2,4,2,5,
202100050962,110 583,A01,3,7,0,2,1,13,1,
202100050962,110 584,B01,3,7,0,2,1,1,1,
202100050963,110 582,A01,2,7,0,1,3,13,1,
202100050964,110 580,B01,1,33,13,0,1,1,1,
202100050964,110 581,A01,1,33,15,0,1,1,1,
202100050965,110 579,A01,3,2,13,0,0,1,1,
202100050966,110 578,A01,3,7,15,0,0,1,1,
202100050967,110 577,A01,2,33,0,0,0,1,1,
202100050968,110 575,A01,3,7,0,2,6,15,3,
202100050968,110 576,B01,3,10,0,2,3,1,1,
202100050969,110 574,A01,2,7,13,0,7,1,1,
202100050970,110 573,A01,0,7,13,0,1,19,1,
202100050971,110 571,B01,3,7,0,2,3,1,1,
202100050971,110 572,A01,3,33,0,2,1,1,1,
202100050972,110 570,A01,1,33,6,0,7,1,1,
202100050973,110 569,A01,3,1,0,1,1,1,5,
202100050974,110 567,B01,2,7,0,2,3,1,1,
202100050974,110 568,A01,1,7,0,2,1,0,1,
202100050975,110 566,A01,2,2,13,0,1,1,1,
202100050976,110 565,A01,3,31,2,0,1,1,1,
202100050977,110 563,A01,2,7,0,2,8,15,1,
202100050977,110 564,B01,1,7,0,2,1,1,0,
202100050978,110 562,A01,1,7,2,0,1,1,1,
202100050979,110 560,B01,2,1,0,2,8,1,5,
202100050979,110 561,A01,2,7,0,2,7,1,1,
202100050980,110 558,B01,2,2,0,0,4,15,1,
202100050980,110 559,A01,2,34,0,2,1,17,1,
202100050981,110 556,A01,2,7,0,0,1,13,1,
202100050981,110 557,B01,1,10,0,0,1,21,1,
202100050982,110 554,B01,2,7,0,2,1,17,1,
202100050982,110 555,A01,1,10,0,2,1,1,1,
202100050983,110 551,B01,2,7,3,2,2,17,1,
202100050983,110 552,A01,2,15,0,0,6,1,0,
202100050984,110 549,B01,2,32,0,2,2,17,1,
202100050984,110 550,A01,2,10,0,2,3,15,1,
202100050985,110 548,A01,0,7,0,1,4,4,1,
202100050986,110 547,A01,1,10,11,0,3,1,1,
202100050987,110 542,E01,2,7,1,2,3,1,1,
202100050987,110 543,B01,2,7,0,2,2,2,1,
202100050987,110 544,C01,2,7,1,0,2,2,1,
202100050987,110 545,D01,2,7,1,2,3,2,1,
202100050987,110 546,A01,2,7,4,0,5,0,1,
202100050988,110 540,A01,2,2,0,2,3,10,1,
202100050988,110 541,B01,2,7,0,2,1,1,1,
202100050989,110 538,B01,0,7,0,2,1,13,1,
202100050989,110 539,A01,0,14,0,2,3,1,1,
202100050990,110 531,D01,2,15,0,2,0,0,1,
202100050990,110 532,E01,2,15,0,2,4,0,1,
202100050990,110 533,G01,2,7,0,0,4,0,1,
202100050990,110 534,F01,2,7,0,2,4,0,1,
202100050990,110 535,C01,2,15,0,2,4,0,1,
202100050990,110 536,B01,2,15,0,2,1,2,1,
202100050990,110 537,A01,2,15,0,2,3,0,1,
202100050991,110 529,B01,2,7,0,2,1,1,1,
202100050991,110 530,A01,1,7,12,2,1,1,1,
202100050992,110 527,A01,1,33,0,2,1,2,1,
202100050992,110 528,B01,1,7,0,2,6,9,1,
202100050993,110 525,B01,2,1,0,2,4,12,5,
202100050993,110 526,A01,2,7,0,2,1,1,2,
202100050994,110 524,A01,1,7,2,0,3,17,1,
202100050995,110 521,B01,2,7,3,0,8,1,1,
202100050995,110 522,A01,1,7,0,2,8,13,2,
202100050995,110 523,C01,2,7,3,2,1,1,1,
202100050996,110 520,A01,2,33,0,0,0,1,1,
202100050997,110 518,A01,3,1,0,0,0,1,5,
202100050997,110 519,B01,3,7,0,0,0,15,1,
202100050998,110 516,B01,1,7,6,2,1,1,1,
202100050998,110 517,A01,2,7,6,2,7,15,1,
202100050999,110 514,A01,2,7,0,2,1,13,1,
202100050999,110 515,B01,1,7,0,2,1,1,1,
202100051000,110 511,A01,3,7,0,2,1,13,1,
202100051000,110 512,B01,3,7,0,0,8,1,1,
202100051000,110 513,C01,3,7,0,2,3,1,1,
202100051001,110 510,A01,1,10,15,0,1,1,1,
202100051002,110 506,B01,3,2,0,2,6,5,1,
202100051002,110 507,A01,3,7,0,2,3,1,1,
202100051003,110 504,B01,1,15,0,2,2,1,1,
202100051003,110 505,A01,1,7,0,2,8,11,1,
202100051004,110 502,A01,1,10,0,0,4,2,1,
202100051004,110 503,B01,1,7,0,0,4,2,1,
202100051005,110 500,A01,2,7,0,0,8,23,1,
202100051005,110 501,B01,2,32,0,2,7,21,1,
202100051006,110 498,A01,2,7,0,2,1,2,1,
202100051006,110 499,B01,2,15,0,2,4,2,1,
202100051007,110 496,A01,2,33,0,2,1,1,1,
202100051007,110 497,B01,2,7,0,2,4,2,1,
202100051008,110 495,A01,2,17,3,0,9,2,1,
202100051009,110 493,B01,1,7,0,2,4,2,1,
202100051009,110 494,A01,1,7,0,2,1,2,1,
202100051010,110 489,B01,3,7,0,2,0,26,1,
202100051010,110 490,A01,3,31,0,2,0,26,1,
202100051011,110 488,A01,1,7,4,0,3,2,1,
202100051012,110 486,A01,1,10,0,2,1,0,1,
202100051012,110 487,B01,1,7,0,2,4,0,1,
202100051013,110 484,B01,2,7,0,2,4,2,1,
202100051013,110 485,A01,2,7,0,2,1,2,1,
202100051014,110 483,A01,1,7,4,0,1,12,1,
202100051015,110 480,C01,2,7,0,2,1,26,1,
202100051015,110 481,B01,1,7,0,2,1,26,1,
202100051015,110 482,A01,1,7,0,2,2,0,1,
202100051016,110 478,A01,1,7,0,2,3,15,1,
202100051016,110 479,B01,0,33,0,2,7,1,1,
202100051017,110 477,A01,1,7,0,1,2,9,0,
202100051018,110 476,A01,1,31,1,0,2,15,1,
202100051019,110 474,B01,1,1,0,2,8,1,5,
202100051019,110 475,A01,2,7,0,2,2,1,1,
202100051020,110 473,BA01,2,7,0,0,0,14,1,
202100051021,110 472,A01,2,7,0,1,0,1,1,
202100051022,110 470,A01,1,7,0,2,1,1,1,
202100051022,110 471,B01,1,34,0,2,4,1,1,
202100051023,110 468,A01,2,15,0,2,2,2,1,
202100051023,110 469,B01,2,7,0,2,6,23,1,
202100051024,110 467,A01,1,7,0,1,2,16,1,
202100051025,110 465,B01,2,2,1,2,7,1,1,
202100051025,110 466,A01,2,7,1,2,7,20,1,
202100051026,110 463,B01,1,7,0,2,8,1,1,
202100051026,110 464,A01,1,7,0,2,3,1,1,
202100051027,110 462,A01,3,7,7,0,1,14,1,