Num_Acc,id_vehicule,num_veh,senc,catv,obs,obsm,choc,manv,motor,occutc
202100051028,110 460,A01,3,7,0,2,5,15,6,
202100051028,110 461,B01,3,33,0,2,1,13,6,
202100051029,110 456,A01,3,7,0,2,1,1,1,
202100051029,110 457,B01,0,7,0,2,4,1,1,
202100051029,110 458,C01,0,7,0,2,9,0,1,
202100051029,110 459,D01,0,7,0,2,4,1,1,
202100051030,110 455,A01,1,10,0,1,4,4,1,
202100051031,110 454,A01,0,7,0,1,1,1,1,
202100051032,110 452,B01,2,7,0,2,1,1,1,
202100051032,110 453,A01,1,37,0,2,1,15,1,1.0
202100051033,110 447,A01,2,7,0,2,1,2,1,
202100051033,110 448,B01,2,10,0,2,4,23,1,
202100051034,110 446,A01,1,7,8,0,1,14,1,
202100051035,110 444,B01,3,7,0,2,4,1,1,
202100051035,110 445,A01,3,7,0,2,1,26,1,
202100051036,110 443,A01,2,30,0,0,9,9,1,
202100051037,110 441,B01,3,7,0,0,0,0,0,
202100051037,110 442,A01,3,7,0,2,0,0,0,
202100051038,110 440,A01,0,7,1,0,8,24,1,
202100051039,110 438,B01,2,7,0,2,1,0,1,
202100051039,110 439,A01,1,7,0,2,5,19,1,
202100051040,110 437,A01,1,7,0,1,2,1,1,
202100051041,110 435,A01,2,7,0,2,6,15,2,
202100051041,110 436,B01,2,2,0,2,1,2,1,
202100051042,110 434,A01,0,7,0,1,7,1,1,
202100051043,110 432,A01,2,7,1,2,6,22,1,
202100051043,110 433,B01,2,33,0,2,6,17,1,
202100051044,110 431,A01,1,7,9,0,3,1,1,
202100051045,110 429,A01,2,7,0,2,1,9,1,
202100051045,110 430,B01,1,2,0,2,1,1,1,
202100051046,110 427,B01,1,10,0,2,2,1,1,
202100051046,110 428,A01,1,7,0,2,3,1,1,
202100051047,110 426,A01,3,7,0,1,1,14,1,
202100051048,110 425,A01,0,2,13,0,1,1,1,
202100051049,110 424,A01,2,7,0,1,2,1,1,
202100051050,110 422,A01,3,50,0,2,3,19,3,
202100051050,110 423,B01,3,7,0,2,1,1,1,
202100051051,110 421,A01,3,7,0,1,4,20,1,
202100051052,110 419,A01,3,7,0,2,3,11,1,
202100051052,110 420,B01,3,7,0,2,2,1,1,
202100051053,110 417,A01,3,7,0,2,8,9,2,
202100051053,110 418,B01,3,33,0,2,8,9,1,
202100051054,110 415,A01,3,10,0,2,2,15,1,
202100051054,110 416,B01,1,33,0,2,3,1,1,
202100051055,110 414,A01,0,7,0,1,1,9,1,
202100051056,110 412,B01,2,1,0,2,1,25,5,
202100051056,110 413,A01,2,7,0,2,7,9,1,
202100051057,110 411,A01,1,10,0,1,3,15,1,
202100051058,110 409,B01,2,7,0,2,2,1,1,
202100051058,110 410,A01,1,7,7,2,2,1,1,
202100051059,110 407,B01,1,37,0,2,2,1,4,1.0
202100051059,110 408,A01,2,1,0,2,8,19,5,
202100051060,110 405,B01,2,32,0,2,8,1,1,
202100051060,110 406,A01,1,3,0,2,3,15,1,
202100051061,110 403,A01,1,7,0,2,3,9,1,
202100051061,110 404,B01,2,2,0,2,2,1,1,
202100051062,110 401,A01,1,7,0,2,2,15,1,
202100051062,110 402,B01,2,7,0,2,1,1,1,
202100051063,110 399,B01,0,10,0,2,1,1,1,
202100051063,110 400,A01,0,7,0,2,2,1,1,
202100051064,110 397,A01,1,7,0,2,1,26,1,
202100051064,110 398,B01,1,10,0,2,0,9,1,
202100051065,110 395,A01,1,7,0,2,1,1,1,
202100051065,110 396,B01,3,1,0,2,7,1,5,
202100051066,110 394,A01,1,7,0,1,1,16,1,
202100051067,110 392,A01,3,99,0,2,1,19,3,
202100051067,110 393,B01,1,7,0,9,2,1,2,
202100051068,110 390,B01,0,33,0,2,4,2,1,
202100051068,110 391,A01,2,7,0,2,1,2,1,
202100051069,110 389,A01,2,30,0,1,1,3,1,
202100051070,110 387,A01,3,7,0,2,1,9,1,
202100051070,110 388,B01,3,2,0,2,7,16,1,
202100051071,110 385,B01,1,7,0,2,3,15,1,
202100051071,110 386,A01,1,33,0,2,1,17,1,
202100051072,110 383,B01,2,33,0,2,1,1,1,
202100051072,110 384,A01,3,7,0,2,3,15,1,
202100051073,110 381,B01,1,7,0,2,1,1,1,
202100051073,110 382,A01,2,7,0,2,1,15,1,
202100051074,110 380,A01,3,32,0,0,0,26,1,
202100051075,110 379,A01,2,7,0,1,2,1,1,
202100051076,110 377,A01,2,34,0,2,7,17,1,
202100051076,110 378,B01,2,7,0,2,8,15,1,
202100051077,110 376,A01,0,31,0,0,1,2,1,
202100051078,110 374,A01,3,30,0,2,0,1,1,
202100051078,110 375,B01,3,32,0,2,0,1,1,
202100051079,110 372,B01,2,30,0,2,7,1,1,
202100051079,110 373,A01,2,30,0,2,3,9,1,
202100051080,110 371,A01,2,30,0,0,0,21,1,
202100051081,110 369,A01,1,10,0,2,1,1,1,
202100051081,110 370,B01,1,7,0,2,4,23,1,
202100051082,110 367,B01,1,10,0,2,2,1,1,
202100051082,110 368,A01,2,7,0,2,3,1,1,
202100051083,110 366,A01,1,7,0,1,1,1,1,
202100051084,110 365,A01,2,50,0,1,7,1,3,
202100051085,110 363,B01,1,50,0,2,1,18,3,
202100051085,110 364,A01,1,7,0,2,5,22,1,
202100051086,110 362,A01,1,1,0,1,1,1,5,
202100051087,110 360,B01,1,7,0,2,1,1,2,
202100051087,110 361,A01,1,1,8,2,3,15,5,
202100051088,110 358,A01,2,10,0,2,1,1,1,
202100051088,110 359,B01,2,7,0,0,4,1,0,
202100051089,110 356,A01,1,7,0,2,3,15,1,
202100051089,110 357,B01,1,2,0,2,0,0,1,
202100051090,110 355,A01,1,7,0,1,2,1,1,
202100051091,110 353,A01,1,7,8,2,7,6,1,
202100051091,110 354,B01,1,7,0,2,1,6,1,
202100051092,110 351,A01,2,7,0,2,2,15,1,
202100051092,110 352,B01,1,1,0,2,6,19,5,
202100051093,110 348,A01,1,10,0,2,1,0,1,
202100051093,110 349,C01,-1,13,1,2,0,12,1,
202100051093,110 350,B01,2,7,0,2,1,1,1,
202100051094,110 346,A01,1,7,0,2,2,1,1,
202100051094,110 347,B01,1,50,0,2,7,0,3,
202100051095,110 345,A01,1,7,0,1,3,1,1,
202100051096,110 343,B01,-1,7,0,2,8,15,1,
202100051096,110 344,A01,-1,7,0,2,1,1,1,
202100051097,110 341,A01,1,2,0,2,1,1,1,
202100051097,110 342,B01,1,7,0,2,1,9,1,
202100051098,110 339,B01,3,7,0,2,1,1,1,
202100051098,110 340,A01,3,7,15,2,2,1,1,
202100051099,110 337,A01,2,30,0,2,2,26,1,
202100051099,110 338,B01,2,7,0,2,1,19,1,
202100051100,110 335,B01,1,2,0,2,1,1,1,
202100051100,110 336,A01,1,7,0,2,2,1,1,
202100051101,110 333,B01,2,7,0,2,5,1,1,
202100051101,110 334,A01,2,30,0,2,1,2,1,
202100051102,110 332,A01,1,7,0,1,0,24,1,
202100051103,110 330,A01,1,10,0,2,3,15,1,
202100051103,110 331,B01,1,33,0,2,1,17,1,
202100051104,110 328,B01,2,3,0,2,2,1,3,
202100051104,110 329,A01,2,7,0,2,3,15,1,
202100051105,110 325,A01,2,10,0,2,1,2,1,
202100051105,110 326,B01,2,10,0,2,4,2,1,
202100051105,110 327,C01,2,7,0,2,4,1,1,
202100051106,110 323,B01,1,7,0,2,1,1,1,
202100051106,110 324,A01,3,7,0,0,7,19,1,
202100051107,110 321,A01,1,15,0,2,3,1,1,
202100051107,110 322,B01,2,7,0,2,1,5,1,
202100051108,110 319,B01,2,21,0,9,6,1,1,
202100051108,110 320,A01,1,33,0,0,0,0,1,
202100051109,110 317,A01,2,0,0,9,2,21,1,
202100051109,110 318,B01,2,1,0,2,4,2,5,
202100051110,110 315,B01,1,7,0,2,3,1,1,
202100051110,110 316,A01,2,7,0,2,3,17,1,
202100051111,110 312,C01,1,7,0,2,8,1,1,
202100051111,110 313,A01,2,33,0,2,8,17,6,
202100051111,110 314,B01,2,38,0,2,3,1,1,1.0
202100051112,110 311,A01,1,7,0,9,2,1,1,
202100051113,110 309,B01,2,17,0,2,1,1,1,
202100051113,110 310,A01,2,7,0,2,8,16,1,
202100051114,110 307,A01,1,7,0,2,3,26,1,
202100051114,110 308,B01,2,30,0,2,1,1,1,
202100051115,110 306,A01,3,38,0,1,7,1,1,1.0
202100051116,110 304,A01,2,7,0,2,3,15,1,
202100051116,110 305,B01,2,35,7,2,1,17,1,
202100051117,110 302,B01,1,33,0,2,1,1,1,
202100051117,110 303,A01,2,7,0,2,1,11,1,
202100051118,110 301,A01,1,33,0,0,0,14,1,
202100051119,110 300,A01,2,7,13,0,8,1,1,
202100051120,110 298,B01,2,7,0,2,3,1,1,
202100051120,110 299,A01,2,7,0,2,2,15,1,
202100051121,110 296,B01,2,7,0,2,3,1,1,
202100051121,110 297,A01,1,7,0,2,3,13,1,
202100051122,110 295,A01,1,7,0,1,3,1,1,
202100051123,110 294,A01,1,33,13,0,1,14,1,
202100051124,110 293,A01,3,7,0,1,2,1,1,
202100051125,110 291,A01,1,33,0,2,8,1,1,
202100051125,110 292,B01,2,14,0,2,8,1,0,
202100051126,110 290,A01,2,15,0,1,3,19,1,
202100051127,110 289,A01,2,7,3,0,8,1,1,
202100051128,110 287,B01,1,10,0,2,7,1,1,
202100051128,110 288,A01,1,7,3,2,2,14,1,
202100051129,110 285,A01,1,7,0,2,3,17,1,
202100051129,110 286,B01,2,2,0,2,3,1,1,
202100051130,110 283,A01,2,7,0,2,1,1,1,
202100051130,110 284,B01,1,10,0,2,1,17,1,
202100051131,110 282,A01,2,33,0,0,9,1,1,
202100051132,110 279,C01,1,7,0,2,1,17,2,
202100051132,110 280,A01,1,10,6,2,3,1,1,
202100051132,110 281,B01,3,7,6,2,1,16,1,
202100051133,110 277,B01,2,33,0,2,1,1,1,
202100051133,110 278,A01,1,7,0,2,5,15,1,
202100051134,110 275,B01,1,7,0,0,1,1,1,
202100051134,110 276,A01,2,7,0,0,1,15,1,
202100051135,110 273,A01,1,10,0,0,7,9,1,
202100051135,110 274,B01,1,33,0,2,1,1,1,
202100051136,110 271,A01,2,80,0,0,2,16,3,
202100051137,110 268,A01,1,7,0,2,1,1,1,
202100051137,110 269,B01,2,7,0,2,1,1,1,
202100051138,110 265,Z01,2,0,0,2,1,1,6,
202100051138,110 266,B01,2,10,0,2,4,1,1,
202100051138,110 267,A01,2,7,0,2,4,1,1,
202100051139,110 263,B01,2,7,0,0,0,1,1,
202100051139,110 264,A01,1,15,3,0,3,6,1,
202100051140,110 261,A01,1,15,0,2,2,12,1,
202100051140,110 262,B01,1,7,0,2,3,1,1,
202100051141,110 260,A01,2,33,0,0,0,1,1,
202100051142,110 259,A01,1,7,4,0,0,0,1,
202100051143,110 257,A01,2,10,0,2,4,2,1,
202100051143,110 258,Z01,2,7,0,2,1,2,1,
202100051144,110 253,C01,1,7,0,2,1,2,3,
202100051144,110 254,D01,1,7,0,2,1,2,1,
202100051144,110 255,A01,1,7,0,2,1,2,1,
202100051144,110 256,B01,1,7,0,2,1,2,1,
202100051145,110 250,A01,1,7,0,2,1,1,1,
202100051145,110 251,B01,1,7,0,2,4,2,1,
202100051145,110 252,C01,1,7,0,2,1,2,1,
202100051146,110 248,B01,2,33,0,2,8,1,1,
202100051146,110 249,A01,2,7,0,2,7,17,1,
202100051147,110 246,A01,1,7,0,2,8,15,1,
202100051147,110 247,B01,1,30,0,2,1,17,1,
202100051148,110 245,A01,2,30,0,0,0,1,1,
202100051149,110 243,B01,3,50,0,2,0,0,3,
202100051149,110 244,A01,3,7,0,2,2,16,1,
202100051150,110 242,A01,3,7,0,1,2,2,1,
202100051151,110 241,A01,2,33,9,0,1,0,1,
202100051152,110 240,A01,3,33,0,0,7,1,1,
202100051153,110 239,A01,2,7,0,0,7,1,1,
202100051154,110 238,A01,2,99,0,0,1,26,1,
202100051155,110 236,A01,2,7,0,2,1,2,1,
202100051155,110 237,B01,2,7,0,2,4,23,1,
202100051156,110 235,A01,1,7,0,1,1,15,1,
202100051157,110 234,A01,0,15,0,0,0,26,1,
202100051158,110 232,B01,2,7,0,2,4,1,1,
202100051158,110 233,A01,2,7,0,2,1,2,1,
202100051159,110 228,D01,1,7,0,2,0,0,1,
202100051159,110 229,B01,1,7,0,2,2,1,1,
202100051159,110 230,C01,1,7,0,2,8,0,1,
202100051159,110 231,A01,1,7,0,2,3,1,1,
202100051160,110 226,B01,1,30,0,2,4,1,1,
202100051160,110 227,A01,1,7,0,2,1,9,1,
202100051161,110 224,A01,1,30,0,2,7,1,1,
202100051161,110 225,B01,1,7,0,2,1,1,1,
202100051162,110 222,A01,0,7,0,0,0,24,1,
202100051162,110 223,B01,0,1,1,0,8,21,0,
202100051163,110 221,A01,2,33,0,2,7,21,1,
202100051164,110 220,A01,2,7,0,1,1,1,1,
202100051165,110 218,A01,1,7,0,2,2,16,1,
202100051165,110 219,B01,1,1,0,2,4,1,5,
202100051166,110 216,B01,1,2,0,2,8,1,1,
202100051166,110 217,A01,1,7,0,2,0,9,0,
202100051167,110 214,A01,3,7,0,2,0,9,1,
202100051167,110 215,B01,3,1,0,2,0,0,0,
202100051168,110 213,A01,2,31,6,0,1,26,1,
202100051169,110 211,B01,1,7,0,2,7,1,1,
202100051169,110 212,A01,1,7,0,2,2,13,1,
202100051170,110 210,A01,2,30,0,0,0,0,1,
202100051171,110 208,A01,1,30,0,2,1,1,3,
202100051171,110 209,B01,1,7,0,2,3,1,1,
202100051172,110 206,B01,1,7,0,2,3,15,1,
202100051172,110 207,A01,1,43,0,2,1,17,1,
202100051173,110 204,A01,1,15,0,2,6,24,1,
202100051173,110 205,B01,1,7,1,0,2,2,1,
202100051174,110 200,A01,3,7,0,2,1,1,1,
202100051174,110 201,B01,3,10,0,2,8,15,1,
202100051175,110 198,A01,3,7,0,2,8,19,1,
202100051175,110 199,B01,3,34,0,2,1,17,1,
202100051176,110 196,B01,1,10,0,2,6,2,1,
202100051176,110 197,A01,1,33,0,2,1,2,1,
202100051177,110 193,Z01,0,7,0,2,1,13,1,
202100051177,110 194,B01,3,7,0,2,8,1,1,
202100051177,110 195,A01,3,7,0,2,1,1,1,
202100051178,110 190,A01,1,7,0,2,1,1,1,
202100051178,110 191,B01,1,33,0,2,4,1,1,
202100051178,110 192,C01,2,7,0,2,3,1,1,
202100051179,110 188,A01,1,7,0,2,2,15,1,
202100051179,110 189,B01,2,2,0,2,1,1,1,
202100051180,110 185,B01,1,7,0,2,4,2,1,
202100051180,110 186,C01,1,7,0,2,4,2,1,
202100051180,110 187,A01,1,10,0,2,1,2,1,
202100051181,110 184,A01,2,1,0,1,7,1,5,
202100051182,110 183,A01,2,7,0,1,8,1,2,
202100051183,110 181,A01,1,7,0,2,3,10,1,
202100051183,110 182,B01,1,33,0,2,2,17,1,
202100051184,110 180,A01,2,7,0,1,1,17,1,
202100051185,110 179,A01,1,50,0,1,8,1,3,
202100051186,110 177,A01,1,10,0,2,1,15,1,
202100051186,110 178,B01,2,33,0,2,1,1,1,
202100051187,110 175,A01,2,1,0,2,3,19,5,
202100051187,110 176,B01,2,1,0,2,1,1,5,
202100051188,110 174,A01,1,30,0,1,1,1,1,
202100051189,110 172,A01,1,7,0,2,3,15,2,
202100051189,110 173,B01,1,33,0,2,2,17,1,
202100051190,110 171,A01,2,32,0,1,1,1,1,
202100051191,110 169,A01,1,1,0,2,7,15,5,
202100051191,110 170,B01,1,32,0,2,1,1,1,
202100051192,110 167,A01,1,50,0,2,1,16,3,
202100051192,110 168,B01,1,10,0,2,0,1,1,
202100051193,110 166,A01,2,30,12,0,2,14,3,
202100051194,110 165,A01,1,33,0,0,0,15,1,
202100051195,110 163,B01,2,7,1,0,4,23,1,
202100051195,110 164,A01,2,7,0,2,1,1,1,
202100051196,110 162,A01,1,13,0,1,1,9,0,
202100051197,110 161,A01,1,7,0,1,4,4,1,
202100051198,110 159,A01,1,7,0,2,3,15,1,
202100051198,110 160,B01,1,30,0,2,1,1,1,
202100051199,110 157,A01,3,7,0,2,8,15,1,
202100051199,110 158,B01,3,2,0,2,7,17,1,
202100051200,110 155,A01,1,2,0,2,1,2,1,
202100051200,110 156,B01,1,7,14,0,5,23,2,
202100051201,110 152,A01,1,33,1,2,2,17,1,
202100051201,110 153,B01,2,7,0,2,2,9,1,
202100051201,110 154,C01,2,7,0,0,3,0,1,
202100051202,110 151,A01,2,7,0,1,2,1,1,
202100051203,110 150,A01,1,50,0,0,1,19,3,
202100051204,110 148,A01,1,7,0,2,1,19,1,
202100051204,110 149,B01,1,10,0,2,1,19,1,
202100051205,110 147,A01,2,30,0,1,1,1,1,
202100051206,110 146,A01,1,7,13,0,7,14,1,
202100051207,110 144,B01,1,7,3,2,1,14,1,
202100051207,110 145,A01,1,7,0,2,4,23,1,
202100051208,110 143,A01,1,7,0,0,7,2,1,
202100051209,110 142,A01,1,7,2,0,1,1,1,
202100051210,110 141,A01,2,7,0,1,1,1,1,
202100051211,110 139,A01,1,31,0,2,1,13,1,
202100051211,110 140,B01,2,13,0,2,1,1,1,
202100051212,110 137,B01,2,7,0,0,4,1,1,
202100051212,110 138,A01,2,7,0,2,1,0,1,
202100051213,110 135,B01,2,33,0,2,7,1,1,
202100051213,110 136,A01,2,7,0,2,8,11,1,
202100051214,110 134,A01,2,7,13,0,1,1,1,
202100051215,110 132,A01,1,7,0,0,1,13,1,
202100051215,110 133,B01,2,7,0,2,1,1,0,
202100051216,110 129,C01,2,7,0,2,3,1,1,
202100051216,110 130,A01,1,10,0,2,1,21,1,
202100051216,110 131,B01,1,10,0,2,6,1,1,
202100051217,110 127,B01,2,7,0,2,1,1,1,
202100051217,110 128,A01,1,7,0,2,8,17,1,
202100051218,110 124,C01,2,7,0,2,1,1,1,
202100051218,110 125,B01,1,7,0,2,1,13,1,
202100051218,110 126,A01,1,7,0,0,0,17,0,
202100051219,110 122,B01,1,32,0,2,1,1,1,
202100051219,110 123,A01,2,7,0,2,2,15,1,
202100051220,110 121,A01,1,10,0,0,9,1,1,
202100051221,110 120,A01,0,36,0,0,0,0,1,
202100051222,110 118,B01,2,7,0,2,3,2,1,
202100051222,110 119,A01,2,7,0,2,5,15,1,
202100051223,110 116,A01,1,7,0,2,2,2,1,
202100051223,110 117,B01,1,7,0,2,4,2,1,
202100051224,110 115,A01,1,2,12,0,1,1,1,
202100051225,110 114,A01,1,20,2,0,0,21,1,
202100051226,110 113,A01,3,7,2,0,2,1,1,
202100051227,110 111,B01,0,10,0,2,2,15,1,
202100051227,110 112,A01,2,33,0,2,8,2,1,
202100051228,110 109,B01,2,1,0,2,4,1,5,
202100051228,110 110,A01,2,7,0,9,1,16,1,
202100051229,110 108,A01,0,14,0,0,5,0,0,
202100051230,110 107,A01,3,2,0,0,0,0,1,
202100051231,110 106,A01,2,7,13,0,3,13,1,
202100051232,110 105,A01,0,33,12,0,1,9,0,
202100051233,110 104,A01,1,7,15,0,9,1,1,
202100051234,110 103,A01,1,2,0,0,8,26,1,
202100051235,110 102,A01,3,7,0,1,2,16,1,
202100051236,110 100,B01,2,80,12,2,0,2,3,
202100051236,110 101,A01,2,37,0,9,0,2,1,1.0
202100051237,110 098,B01,2,80,0,0,4,2,3,
202100051237,110 099,A01,2,10,6,2,1,1,1,
202100051238,110 096,B01,1,7,0,2,1,1,1,
202100051238,110 097,A01,2,7,0,2,2,15,1,
202100051239,110 094,A01,1,7,0,2,1,17,2,
202100051239,110 095,B01,2,7,0,2,1,1,1,
202100051240,110 092,B01,0,2,0,2,1,1,1,
202100051240,110 093,A01,0,7,0,2,3,15,1,
202100051241,110 091,A01,3,10,0,1,4,4,1,
202100051242,110 089,A01,2,7,0,2,0,26,1,
202100051242,110 090,B01,2,1,0,2,0,1,5,
202100051243,110 088,A01,1,33,15,0,1,1,1,
202100051244,110 086,B01,1,7,0,2,2,1,1,
202100051244,110 087,A01,1,7,0,2,3,15,1,
202100051245,110 084,A01,1,3,0,2,7,19,1,
202100051245,110 085,B01,1,33,0,2,1,1,1,
202100051246,110 083,A01,2,7,16,0,2,21,1,
202100051247,110 081,B01,1,50,0,2,4,2,3,
202100051247,110 082,A01,1,7,0,9,2,2,1,
202100051248,110 079,B01,1,1,0,2,5,1,5,
202100051248,110 080,A01,1,10,0,2,1,9,1,
202100051249,110 077,A01,3,7,0,2,8,19,1,
202100051249,110 078,B01,1,33,0,2,1,1,1,
202100051250,110 075,A01,2,7,0,2,3,9,1,
202100051250,110 076,B01,1,7,0,2,2,1,1,
202100051251,110 072,B01,1,33,0,2,1,2,1,
202100051251,110 073,A01,1,7,0,2,5,2,1,
202100051252,110 068,B01,1,7,0,2,4,1,1,
202100051252,110 069,D01,1,7,0,2,1,2,1,
202100051252,110 070,C01,1,10,0,2,4,1,1,
202100051252,110 071,A01,1,7,0,2,4,1,1,
202100051253,110 066,B01,1,7,0,2,5,1,1,
202100051253,110 067,A01,1,32,0,2,3,3,1,
202100051254,110 065,A01,3,7,1,0,2,15,1,
202100051255,110 063,B01,1,2,0,2,1,1,1,
202100051255,110 064,A01,1,7,0,2,7,1,1,
202100051256,110 061,B01,1,2,0,2,2,1,1,
202100051256,110 062,A01,1,7,0,2,1,3,1,
202100051257,110 059,A01,1,7,0,2,7,1,1,
202100051257,110 060,B01,2,7,0,2,1,1,1,
202100051258,110 057,A01,1,50,0,2,3,1,3,
202100051258,110 058,B01,2,7,0,2,2,1,1,
202100051259,110 056,A01,2,17,0,1,1,1,1,
202100051260,110 055,A01,2,7,4,0,3,13,1,
202100051261,110 053,B01,1,2,0,2,1,1,1,
202100051261,110 054,A01,3,7,0,2,3,15,1,
202100051262,110 052,A01,1,7,0,1,3,1,1,
202100051263,110 050,B01,1,7,0,2,4,23,1,
202100051263,110 051,A01,1,7,0,2,1,1,1,
202100051264,110 048,A01,3,7,0,2,2,1,1,
202100051264,110 049,B01,3,50,0,2,1,1,3,
202100051265,110 043,B01,1,32,0,2,7,1,1,
202100051265,110 044,A01,1,7,0,2,3,9,1,
202100051266,110 042,Z01,1,7,0,1,1,16,1,
202100051267,110 040,A01,2,34,0,2,1,17,1,
202100051267,110 041,B01,2,7,0,2,3,15,1,
202100051268,110 039,B01,2,1,1,0,1,9,5,
202100051269,110 037,B01,2,7,0,2,3,1,1,
202100051269,110 038,A01,1,30,0,2,1,1,1,
202100051270,110 034,B01,2,7,0,2,4,23,1,
202100051270,110 035,A01,2,7,0,2,1,2,1,
202100051270,110 036,C01,2,7,0,2,4,23,1,
202100051271,110 032,B01,2,33,0,2,1,17,0,
202100051271,110 033,A01,3,10,0,2,6,15,0,
202100051272,110 025,B01,1,30,0,2,1,1,1,
202100051272,110 026,A01,2,7,0,2,7,15,1,
202100051272,110 027,C01,2,7,0,2,1,21,1,
202100051273,110 023,A01,1,7,4,2,3,26,1,
202100051273,110 024,B01,1,7,0,2,8,1,1,
202100051274,110 022,A01,2,7,0,1,1,15,1,
202100051275,110 021,A01,2,3,9,0,2,1,1,
202100051276,110 020,A01,2,7,0,1,3,15,1,
202100051277,110 019,A01,1,30,0,5,0,21,1,
202100051278,110 017,B01,1,7,0,2,2,1,1,
202100051278,110 018,A01,3,7,0,2,3,19,1,
202100051279,110 015,Z01,1,7,0,2,6,23,1,
202100051279,110 016,A01,1,1,0,2,0,19,5,
202100051280,110 013,B01,1,7,0,2,1,1,1,
202100051280,110 014,A01,1,10,0,2,4,23,1,
202100051281,110 012,A01,0,7,0,1,1,1,1,
202100051282,110 010,B01,3,7,0,2,8,1,1,
202100051282,110 011,A01,3,7,0,2,1,15,1,
202100051283,110 009,A01,3,30,0,0,3,1,1,
202100051284,110 007,B01,3,7,0,2,8,1,1,
202100051284,110 008,A01,3,30,0,2,1,1,1,
202100051285,110 005,B01,1,33,0,2,2,1,1,
202100051285,110 006,A01,2,7,0,2,3,15,2,
202100051286,110 003,A01,2,10,0,2,2,2,1,
202100051286,110 004,B01,2,7,0,2,6,23,1,
202100051287,110 002,A01,3,7,0,1,1,1,1,
202100051288,109 999,C01,2,7,0,2,2,23,1,
202100051288,110 000,B01,1,7,0,2,3,1,1,
202100051288,110 001,A01,1,7,1,2,3,19,1,
202100051289,109 998,A01,1,7,0,1,3,1,1,
202100051290,109 995,B01,1,7,0,2,4,1,1,
202100051290,109 996,A01,1,7,0,2,1,2,1,
202100051290,109 997,C01,1,7,0,2,6,2,1,
202100051291,109 994,A01,3,30,0,0,7,1,1,
202100051292,109 993,A01,2,7,0,1,3,15,1,
202100051293,109 991,B01,1,1,0,2,7,1,6,
202100051293,109 992,A01,2,7,0,2,3,9,1,
202100051294,109 989,B01,2,33,0,2,2,1,1,
202100051294,109 990,A01,2,10,0,2,8,11,1,
202100051295,109 987,A01,2,7,0,2,2,1,1,
202100051295,109 988,B01,0,60,0,2,3,19,5,
202100051296,109 986,A01,2,7,0,1,1,1,1,
202100051297,109 985,A01,1,7,0,1,3,13,1,
202100051298,109 981,B01,2,7,0,2,3,1,1,
202100051298,109 982,A01,1,7,0,2,3,13,1,
202100051299,109 979,B01,3,33,0,2,1,2,1,
202100051299,109 980,A01,3,7,0,2,1,13,1,
202100051300,109 977,Z01,0,7,0,2,3,0,1,
202100051300,109 978,A01,0,7,0,2,3,1,1,
202100051301,109 975,A01,2,31,0,2,2,17,1,
202100051301,109 976,B01,2,60,0,2,8,1,5,
202100051302,109 972,C01,1,33,3,2,3,1,1,
202100051302,109 973,A01,1,7,0,2,2,26,1,
202100051302,109 974,B01,1,7,0,0,0,1,1,
202100051303,109 970,B01,1,10,0,2,7,1,1,
202100051303,109 971,A01,1,7,0,2,1,1,1,
202100051304,109 968,B01,1,31,0,2,1,1,1,
202100051304,109 969,A01,1,7,0,2,6,23,1,
202100051305,109 966,B01,1,7,0,2,4,2,1,
202100051305,109 967,A01,1,30,0,2,1,2,1,
202100051306,109 964,A01,1,1,0,2,1,1,6,
202100051306,109 965,B01,1,7,0,2,4,1,1,
202100051307,109 962,A01,3,7,0,2,3,13,1,
202100051307,109 963,B01,3,7,0,2,8,1,2,
202100051308,109 960,B01,2,2,0,2,1,26,1,
202100051308,109 961,A01,1,7,0,9,2,15,1,
202100051309,109 957,B01,1,7,0,2,2,1,1,
202100051309,109 958,Z01,1,14,0,2,2,12,0,
202100051309,109 959,A01,1,7,0,2,6,1,1,
202100051310,109 955,A01,2,14,0,2,2,12,1,
202100051310,109 956,B01,2,7,0,2,3,1,1,
202100051311,109 953,A01,2,10,0,2,1,2,1,
202100051311,109 954,B01,2,7,0,2,4,23,1,
202100051312,109 951,A01,1,10,0,2,2,1,1,
202100051312,109 952,B01,2,43,0,2,5,1,1,
202100051313,109 950,Z01,2,7,1,0,1,13,1,
202100051314,109 949,Z01,1,7,0,1,1,1,1,
202100051315,109 945,A01,3,7,0,2,1,2,1,
202100051315,109 946,B01,3,7,0,2,4,2,1,
202100051315,109 947,C01,3,7,0,2,4,23,1,
202100051315,109 948,D01,1,7,0,2,5,23,1,
202100051316,109 943,A01,2,7,0,2,2,15,1,
202100051316,109 944,B01,2,31,0,2,3,1,1,
202100051317,109 941,B01,1,1,0,2,7,1,5,
202100051317,109 942,A01,1,32,0,2,1,1,1,
202100051318,109 940,A01,1,7,0,1,2,1,1,
202100051319,109 938,A01,2,30,0,2,1,1,1,
202100051319,109 939,Z01,1,30,0,2,8,16,1,
202100051320,109 936,B01,3,7,0,2,2,1,1,
202100051320,109 937,A01,3,30,0,2,3,18,1,
202100051321,109 935,A01,1,10,1,0,1,7,1,
202100051322,109 933,B01,2,2,0,2,8,1,1,
202100051322,109 934,A01,1,0,0,2,3,15,0,
202100051323,109 932,A01,2,7,12,0,2,1,1,
202100051324,109 930,A01,1,2,0,2,8,2,1,