Num_Acc,id_vehicule,num_veh,senc,catv,obs,obsm,choc,manv,motor,occutc
202100051324,109 931,B01,2,10,0,2,3,11,1,
202100051325,109 928,A01,2,7,0,2,3,9,1,
202100051325,109 929,B01,2,7,0,2,2,1,1,
202100051326,109 927,A01,2,7,6,0,1,14,1,
202100051327,109 925,A01,1,10,0,2,7,16,1,
202100051327,109 926,B01,2,30,0,2,7,1,1,
202100051328,109 924,A01,3,33,0,1,2,2,1,
202100051329,109 922,A01,1,7,0,1,1,1,1,
202100051330,109 920,A01,1,7,0,2,4,1,1,
202100051330,109 921,B01,1,3,0,2,1,1,1,
202100051331,109 917,C01,-1,7,0,2,1,23,1,
202100051331,109 918,A01,0,10,11,2,1,6,1,
202100051331,109 919,B01,-1,7,0,2,1,23,1,
202100051332,109 916,A01,1,10,0,1,4,4,1,
202100051333,109 914,A01,1,30,0,2,2,1,1,
202100051333,109 915,B01,1,7,0,2,3,1,1,
202100051334,109 913,A01,3,7,0,1,3,15,1,
202100051335,109 912,A01,1,7,7,0,1,1,1,
202100051336,109 910,B01,1,3,0,2,2,1,1,
202100051336,109 911,A01,2,7,0,2,1,13,1,
202100051337,109 909,A01,2,7,0,0,2,1,1,
202100051338,109 906,B01,1,17,0,2,4,2,1,
202100051338,109 907,A01,1,7,0,2,1,2,1,
202100051339,109 904,B01,1,7,0,2,1,1,1,
202100051339,109 905,A01,3,7,0,2,7,1,2,
202100051340,109 903,A01,1,7,2,0,7,14,1,
202100051341,109 901,A01,1,7,9,0,7,15,1,
202100051341,109 902,B01,2,13,0,0,3,1,1,
202100051342,109 899,A01,2,7,0,0,5,10,3,
202100051342,109 900,B01,2,33,0,2,1,1,1,
202100051343,109 897,B01,2,7,0,0,4,23,1,
202100051343,109 898,A01,2,2,0,2,1,2,1,
202100051344,109 896,A01,1,2,7,0,2,1,1,
202100051345,109 894,B01,1,21,0,2,6,15,1,
202100051345,109 895,A01,1,33,0,2,1,17,1,
202100051346,109 892,B01,2,2,0,0,4,1,1,
202100051346,109 893,A01,2,7,0,2,1,1,1,
202100051347,109 890,B01,0,7,0,0,1,0,2,
202100051347,109 891,A01,0,7,0,0,1,0,1,
202100051348,109 889,A01,3,7,0,1,2,1,1,
202100051349,109 888,A01,2,7,16,0,0,13,1,
202100051350,109 887,A01,1,36,11,0,0,1,1,
202100051351,109 885,A01,1,7,0,2,3,1,1,
202100051351,109 886,B01,2,2,0,2,0,1,1,
202100051352,109 884,A01,2,1,0,1,1,1,5,
202100051353,109 883,A01,2,14,10,0,2,14,1,
202100051354,109 882,A01,2,33,0,0,8,1,1,
202100051355,109 881,A01,1,33,13,0,1,1,1,
202100051356,109 879,B01,2,7,0,2,1,1,1,
202100051356,109 880,A01,1,7,0,2,1,1,1,
202100051357,109 878,A01,2,7,16,0,2,14,1,
202100051358,109 877,A01,1,7,6,0,3,1,1,
202100051359,109 876,A01,2,10,12,0,2,21,1,
202100051360,109 874,A01,1,7,0,2,3,1,1,
202100051360,109 875,B01,2,7,0,2,3,1,1,
202100051361,109 870,A01,2,10,0,2,3,2,1,
202100051361,109 871,C01,2,7,0,2,4,2,1,
202100051361,109 872,D01,2,7,0,0,4,1,1,
202100051361,109 873,B01,2,31,0,2,4,2,1,
202100051362,109 868,A01,1,7,0,2,1,17,1,
202100051362,109 869,B01,2,7,0,2,1,1,1,
202100051363,109 867,A01,1,33,0,0,0,2,1,
202100051364,109 865,B01,2,14,0,2,3,1,1,
202100051364,109 866,A01,1,7,0,2,1,1,1,
202100051365,109 864,A01,3,7,2,0,1,1,1,
202100051366,109 862,A01,2,14,0,2,0,15,1,
202100051366,109 863,B01,1,33,0,2,1,1,1,
202100051367,109 861,A01,2,7,13,0,4,2,1,
202100051368,109 860,A01,1,31,0,0,0,1,1,
202100051369,109 858,A01,1,7,0,2,6,11,1,
202100051369,109 859,B01,1,32,0,2,1,3,1,
202100051370,109 857,A01,2,33,0,0,7,1,1,
202100051371,109 855,A01,2,7,0,2,4,23,1,
202100051371,109 856,B01,2,10,0,2,1,1,1,
202100051372,109 853,A01,2,7,14,0,4,2,1,
202100051372,109 854,B01,2,7,14,2,1,9,1,
202100051373,109 851,A01,1,15,0,2,6,26,1,
202100051373,109 852,B01,1,7,0,2,2,2,1,
202100051374,109 850,A01,1,7,0,1,1,2,1,
202100051375,109 847,C01,1,7,0,2,4,2,1,
202100051375,109 848,B01,1,7,0,2,4,2,1,
202100051375,109 849,A01,1,10,0,2,1,2,1,
202100051376,109 846,A01,2,33,0,0,7,9,1,
202100051377,109 844,A01,2,33,0,2,1,3,1,
202100051377,109 845,B01,2,7,0,2,5,1,1,
202100051378,109 842,B01,1,17,0,2,6,2,1,
202100051378,109 843,A01,1,10,0,2,2,2,1,
202100051379,109 841,A01,2,7,4,0,5,1,1,
202100051380,109 839,B01,1,14,0,2,4,1,1,
202100051380,109 840,A01,1,14,0,2,2,12,1,
202100051381,109 838,A01,1,33,4,0,0,11,1,
202100051382,109 836,A01,1,7,0,2,1,26,1,
202100051382,109 837,B01,1,17,0,2,4,2,1,
202100051383,109 835,A01,2,7,0,1,8,16,2,
202100051384,109 833,A01,2,30,0,2,1,1,1,
202100051384,109 834,B01,2,7,0,2,4,1,1,
202100051385,109 831,A01,3,31,0,2,1,13,1,
202100051385,109 832,B01,1,7,0,2,1,1,1,
202100051386,109 830,A01,1,30,0,0,0,2,1,
202100051387,109 829,A01,3,33,14,0,0,1,1,
202100051388,109 827,A01,2,33,0,2,7,13,1,
202100051388,109 828,B01,1,7,0,2,8,5,1,
202100051389,109 826,A01,2,7,4,0,3,13,1,
202100051390,109 824,A01,1,7,0,2,2,2,1,
202100051390,109 825,B01,1,7,0,2,6,2,1,
202100051391,109 822,A01,3,7,0,2,4,20,1,
202100051391,109 823,B01,1,7,0,2,2,1,1,
202100051392,109 820,B01,2,7,0,2,7,1,1,
202100051392,109 821,A01,2,7,0,2,2,15,1,
202100051393,109 819,A01,3,7,0,1,1,1,1,
202100051394,109 818,A01,2,7,0,1,2,1,1,
202100051395,109 816,Z01,2,7,0,2,2,9,1,
202100051395,109 817,B01,3,7,0,2,5,1,1,
202100051396,109 814,A01,1,10,0,2,1,5,1,
202100051396,109 815,B01,2,7,0,2,1,1,1,
202100051397,109 812,A01,2,7,0,2,7,15,1,
202100051397,109 813,B01,1,33,0,2,1,1,1,
202100051398,109 811,A01,2,7,11,0,1,13,1,
202100051399,109 810,A01,1,80,12,0,7,1,3,
202100051400,109 809,A01,3,7,0,1,2,9,1,
202100051401,109 807,B01,1,1,0,9,1,26,5,
202100051401,109 808,A01,2,30,0,9,1,26,1,
202100051402,109 806,A01,2,7,13,0,0,1,1,
202100051403,109 805,A01,1,7,0,1,2,16,1,
202100051404,109 803,A01,1,31,0,2,1,1,1,
202100051404,109 804,B01,1,7,0,2,8,15,1,
202100051405,109 801,B01,0,7,0,2,6,1,1,
202100051405,109 802,A01,0,2,0,2,1,1,1,
202100051406,109 799,B01,0,7,0,2,4,1,1,
202100051406,109 800,A01,0,10,0,2,1,1,1,
202100051407,109 797,A01,0,7,0,2,5,15,1,
202100051407,109 798,B01,0,10,0,2,2,1,1,
202100051408,109 795,B01,2,7,0,2,8,19,1,
202100051408,109 796,A01,1,7,0,2,1,1,1,
202100051409,109 794,A01,0,7,0,0,0,26,1,
202100051410,109 793,A01,1,1,0,1,1,1,5,
202100051411,109 791,B01,2,7,0,2,1,1,1,
202100051411,109 792,A01,2,7,0,2,3,20,1,
202100051412,109 790,A01,2,7,9,0,3,1,1,
202100051413,109 789,A01,3,7,2,0,3,25,1,
202100051414,109 787,B01,1,7,0,2,7,1,1,
202100051414,109 788,A01,1,7,0,2,1,1,1,
202100051415,109 785,B01,1,7,0,2,4,1,1,
202100051415,109 786,A01,1,7,0,2,4,23,1,
202100051416,109 784,A01,1,7,13,0,3,13,1,
202100051417,109 783,A01,0,7,0,1,1,1,1,
202100051418,109 782,A01,0,2,12,0,7,1,1,
202100051419,109 780,A01,0,7,0,2,8,15,1,
202100051419,109 781,B01,0,7,8,2,1,0,1,
202100051420,109 778,B01,1,33,0,2,1,1,1,
202100051420,109 779,A01,0,7,0,2,8,26,1,
202100051421,109 776,B01,2,1,0,2,1,1,5,
202100051421,109 777,A01,1,7,0,2,3,15,0,
202100051422,109 774,B01,2,80,0,2,7,1,3,
202100051422,109 775,A01,2,7,0,2,1,16,1,
202100051423,109 773,A01,2,32,0,0,8,2,1,
202100051424,109 772,A01,1,7,0,1,5,23,1,
202100051425,109 771,A01,2,7,1,0,1,13,1,
202100051426,109 770,A01,1,7,0,1,3,1,1,
202100051427,109 769,A01,2,30,16,0,8,1,1,
202100051428,109 767,A01,1,1,0,2,7,1,5,
202100051428,109 768,B01,1,7,0,9,8,1,1,
202100051429,109 766,A01,1,7,0,1,2,1,1,
202100051430,109 765,A01,0,7,1,0,1,1,1,
202100051431,109 764,A01,2,7,0,1,3,1,3,
202100051432,109 762,B01,2,7,0,2,1,1,1,
202100051432,109 763,A01,1,33,0,2,7,5,1,
202100051433,109 761,A01,3,17,13,0,7,1,1,
202100051434,109 760,A01,2,10,0,1,1,1,1,
202100051435,109 758,B01,0,7,0,2,4,23,1,
202100051435,109 759,A01,0,3,0,2,1,1,1,
202100051436,109 756,B01,1,7,0,2,1,1,1,
202100051436,109 757,A01,1,7,0,2,1,9,1,
202100051437,109 754,A01,1,7,0,2,3,15,1,
202100051437,109 755,B01,2,2,0,2,3,1,1,
202100051438,109 753,A01,3,7,0,1,1,1,1,
202100051439,109 752,A01,1,33,0,0,6,1,1,
202100051440,109 751,A01,3,7,13,0,0,0,1,
202100051441,109 749,A01,3,33,0,2,7,12,1,
202100051441,109 750,B01,3,7,0,2,6,23,1,
202100051442,109 747,B01,1,7,0,2,7,15,1,
202100051442,109 748,A01,1,32,0,2,1,19,1,
202100051443,109 743,A01,1,7,0,9,1,1,1,
202100051443,109 744,B01,2,1,0,2,1,0,0,
202100051444,109 741,B01,3,7,0,2,8,1,1,
202100051444,109 742,A01,3,15,0,2,2,9,1,
202100051445,109 740,A01,3,20,0,1,3,26,1,
202100051446,109 738,A01,1,10,0,2,1,2,1,
202100051446,109 739,B01,1,7,0,2,4,2,1,
202100051447,109 736,A01,1,34,0,2,1,3,1,
202100051447,109 737,B01,1,7,0,2,4,12,1,
202100051448,109 732,D01,1,7,0,2,4,2,1,
202100051448,109 733,C01,1,7,0,2,4,0,1,
202100051448,109 734,B01,1,7,0,2,4,2,1,
202100051448,109 735,A01,1,7,0,2,1,2,1,
202100051449,109 731,A01,3,10,0,1,1,14,3,
202100051450,109 730,A01,1,50,0,1,1,1,3,
202100051451,109 728,B01,2,1,0,2,0,21,5,
202100051451,109 729,A01,2,7,0,2,0,15,1,
202100051452,109 726,A01,1,7,0,2,0,16,1,
202100051452,109 727,B01,1,30,0,2,0,1,1,
202100051453,109 725,A01,1,43,0,0,0,21,1,
202100051454,109 724,A01,2,7,8,1,1,13,3,
202100051455,109 722,A01,2,7,0,2,2,1,1,
202100051455,109 723,B01,2,33,0,2,1,1,1,
202100051456,109 721,A01,2,34,0,0,7,23,1,
202100051457,109 720,C01,0,7,1,0,1,1,1,
202100051458,109 718,A01,0,7,0,2,1,1,2,
202100051458,109 719,B01,2,33,0,2,7,0,1,
202100051459,109 717,A01,0,7,1,1,2,17,1,
202100051460,109 716,A01,2,7,0,1,3,15,1,
202100051461,109 714,A01,1,7,1,2,1,1,1,
202100051461,109 715,B01,2,14,0,2,5,1,1,
202100051462,109 712,B01,2,10,0,2,3,1,1,
202100051462,109 713,A01,2,2,0,2,1,15,1,
202100051463,109 711,A01,1,32,7,0,2,2,1,
202100051464,109 710,A01,1,7,6,0,3,13,1,
202100051465,109 708,B01,3,7,0,9,7,1,1,
202100051465,109 709,A01,3,50,0,2,3,0,3,
202100051466,109 706,A01,1,2,0,0,6,1,1,
202100051466,109 707,B01,1,0,0,2,2,2,0,
202100051467,109 704,B01,3,7,0,0,8,1,1,
202100051467,109 705,A01,0,30,0,2,1,6,1,
202100051468,109 702,A01,2,7,0,2,3,1,1,
202100051468,109 703,B01,1,7,0,2,3,1,1,
202100051469,109 700,B01,1,7,6,2,3,1,1,
202100051469,109 701,A01,2,7,0,0,7,15,1,
202100051470,109 698,A01,1,7,0,0,1,1,1,
202100051470,109 699,B01,2,7,0,2,1,1,1,
202100051471,109 697,A01,2,36,13,0,1,14,1,
202100051472,109 696,A01,1,2,0,0,1,0,1,
202100051473,109 695,A01,1,1,0,0,0,0,5,
202100051474,109 694,B01,3,7,1,0,1,1,1,
202100051475,109 693,A01,0,7,13,0,3,1,1,
202100051476,109 691,A01,1,7,16,0,1,1,1,
202100051477,109 690,A01,2,17,16,0,2,1,1,
202100051478,109 689,A01,2,33,7,0,0,1,1,
202100051479,109 688,A01,2,7,3,0,3,17,1,
202100051480,109 686,B01,2,1,0,2,4,2,0,
202100051480,109 687,A01,2,7,4,2,1,1,1,
202100051481,109 685,A01,1,10,0,1,3,1,1,
202100051482,109 683,A01,2,17,1,0,2,0,1,
202100051482,109 684,B01,2,7,0,0,6,23,1,
202100051483,109 681,A01,2,30,0,2,1,3,1,
202100051483,109 682,B01,2,7,0,2,3,15,1,
202100051484,109 680,A01,2,7,2,0,9,21,1,
202100051485,109 675,D01,2,7,0,2,3,1,1,
202100051485,109 676,C01,2,7,0,2,2,1,1,
202100051485,109 677,A01,2,7,0,2,6,1,1,
202100051485,109 678,B01,2,7,4,0,3,13,1,
202100051485,109 679,E01,2,7,0,2,2,14,0,
202100051486,109 673,B01,2,32,0,2,4,1,1,
202100051486,109 674,A01,2,7,0,0,1,1,1,
202100051487,109 671,A01,2,7,0,2,1,13,1,
202100051487,109 672,B01,1,10,0,2,1,1,1,
202100051488,109 670,A01,3,7,0,1,2,1,1,
202100051489,109 668,A01,1,10,0,2,7,1,6,
202100051489,109 669,B01,2,38,0,2,3,1,1,1.0
202100051490,109 667,A01,2,2,0,0,9,26,1,
202100051491,109 666,A01,1,7,15,0,1,13,1,
202100051492,109 665,A01,2,7,0,1,3,1,1,
202100051493,109 664,A01,2,7,0,1,3,1,1,
202100051494,109 663,A01,2,1,2,0,1,11,5,
202100051495,109 661,A01,1,33,0,2,1,1,1,
202100051495,109 662,B01,2,7,0,2,5,15,1,
202100051496,109 659,A01,2,7,0,0,4,23,1,
202100051496,109 660,B01,2,7,0,0,1,2,1,
202100051497,109 655,A01,1,7,6,0,2,1,1,
202100051498,109 654,A01,1,7,3,0,3,0,1,
202100051499,109 645,C01,2,7,0,2,0,0,1,
202100051499,109 646,F01,2,10,0,0,0,0,1,
202100051499,109 647,E01,2,7,0,0,0,0,1,
202100051499,109 648,D01,2,7,0,2,4,0,1,
202100051499,109 649,B01,2,7,3,0,0,0,1,
202100051499,109 650,A01,2,10,0,2,1,1,1,
202100051500,109 643,B01,1,7,1,0,1,2,1,
202100051500,109 644,A01,1,7,0,2,4,2,1,
202100051501,109 641,B01,2,32,4,2,2,1,1,
202100051501,109 642,A01,2,10,0,2,3,13,1,
202100051502,109 639,B01,2,20,0,9,4,23,1,
202100051502,109 640,A01,2,50,0,2,1,2,3,
202100051503,109 636,C01,1,7,14,0,4,0,1,
202100051503,109 637,B01,1,7,0,2,1,1,1,
202100051503,109 638,A01,1,7,14,0,1,1,1,
202100051504,109 634,A01,1,7,0,2,3,13,1,
202100051504,109 635,B01,2,33,0,2,1,1,1,
202100051505,109 632,A01,1,10,0,2,8,13,1,
202100051505,109 633,B01,1,10,0,2,3,23,2,
202100051506,109 629,B01,2,30,0,2,7,2,1,
202100051506,109 630,A01,2,37,0,2,3,15,1,1.0
202100051507,109 627,B01,1,7,0,2,2,1,2,
202100051507,109 628,A01,2,7,0,2,3,19,1,
202100051508,109 626,A01,2,7,0,1,1,1,1,
202100051509,109 624,A01,0,7,0,2,1,2,1,
202100051509,109 625,B01,0,7,0,2,4,2,1,
202100051510,109 622,B01,2,7,0,2,2,1,1,
202100051510,109 623,A01,1,7,8,2,3,13,1,
202100051511,109 621,A01,1,30,0,1,1,17,1,
202100051512,109 620,A01,1,7,8,0,8,0,1,
202100051513,109 618,A01,0,7,0,2,5,15,1,
202100051513,109 619,B01,0,33,0,2,1,1,1,
202100051514,109 616,A01,1,2,0,2,1,1,1,
202100051514,109 617,B01,1,1,0,2,1,1,0,
202100051515,109 614,B01,2,7,0,2,2,1,1,
202100051515,109 615,A01,2,3,0,2,8,9,1,
202100051516,109 612,A01,2,31,0,2,1,2,1,
202100051516,109 613,B01,2,7,0,2,3,19,1,
202100051517,109 609,C01,2,1,0,2,1,1,5,
202100051517,109 610,A01,1,7,0,2,1,15,1,
202100051517,109 611,B01,1,7,0,2,3,1,1,
202100051518,109 607,A01,2,7,0,2,1,1,1,
202100051518,109 608,B01,1,7,0,2,1,1,1,
202100051519,109 605,A01,1,1,0,2,1,15,5,
202100051519,109 606,Z01,2,30,0,2,1,1,1,
202100051520,109 603,A01,2,10,0,2,5,15,1,
202100051520,109 604,B01,1,2,0,2,1,1,1,
202100051521,109 601,A01,2,7,0,2,3,1,2,
202100051521,109 602,B01,3,1,0,2,1,5,5,
202100051522,109 600,A01,1,10,2,0,1,1,1,
202100051523,109 598,B01,1,31,0,2,1,1,0,
202100051523,109 599,A01,1,33,6,0,8,1,1,
202100051524,109 596,A01,-1,33,0,2,3,21,0,
202100051524,109 597,B01,-1,99,0,2,2,14,0,
202100051525,109 594,A01,1,7,0,0,4,23,1,
202100051525,109 595,Z01,1,0,0,0,0,0,0,
202100051526,109 592,A01,2,7,0,2,7,1,1,
202100051526,109 593,B01,2,37,0,2,1,1,2,4.0
202100051527,109 590,B01,2,32,0,2,1,15,1,
202100051527,109 591,A01,1,7,0,2,5,1,1,
202100051528,109 589,A01,2,7,6,0,1,14,1,
202100051529,109 588,A01,2,33,0,9,0,1,1,
202100051530,109 587,A01,1,7,13,0,9,1,1,
202100051531,109 586,A01,1,7,0,6,2,21,1,
202100051532,109 583,A01,1,7,0,0,4,1,1,
202100051532,109 584,B01,1,7,0,2,1,2,1,
202100051532,109 585,C01,1,7,0,2,1,2,1,
202100051533,109 581,A01,1,10,0,2,6,4,1,
202100051533,109 582,B01,1,33,0,2,8,21,1,
202100051534,109 580,A01,1,33,0,0,8,1,1,
202100051535,109 579,A01,2,7,15,0,0,1,1,
202100051536,109 577,B01,1,33,0,2,8,5,1,
202100051536,109 578,A01,2,31,0,2,3,3,1,
202100051537,109 575,B01,2,7,0,2,1,1,1,
202100051537,109 576,A01,1,7,0,2,1,13,1,
202100051538,109 573,A01,1,17,0,2,6,1,1,
202100051538,109 574,B01,2,7,0,2,3,1,1,
202100051539,109 571,B01,1,7,0,2,1,1,1,
202100051539,109 572,A01,1,7,0,2,1,13,1,
202100051540,109 568,B01,2,7,0,2,6,15,1,
202100051540,109 569,A01,2,10,0,2,1,17,1,
202100051540,109 570,C01,1,7,0,2,3,1,1,
202100051541,109 566,A01,2,7,0,2,8,6,0,
202100051541,109 567,B01,2,33,0,2,1,1,1,
202100051542,109 565,A01,1,7,12,0,1,1,1,
202100051543,109 564,A01,3,7,13,0,2,1,1,
202100051544,109 563,A01,3,7,2,0,1,1,1,
202100051545,109 562,A01,2,7,8,0,3,13,1,
202100051546,109 561,A01,2,7,6,0,8,0,0,
202100051547,109 559,B01,0,10,0,2,1,1,1,
202100051547,109 560,A01,0,7,13,0,2,1,1,
202100051548,109 556,C01,1,7,0,2,1,1,1,
202100051548,109 557,B01,1,7,0,2,3,1,1,
202100051548,109 558,A01,2,10,0,2,1,13,1,
202100051549,109 555,A01,1,7,10,0,3,1,1,
202100051550,109 553,B01,2,14,0,0,6,2,1,
202100051550,109 554,A01,2,7,0,2,1,2,1,
202100051551,109 551,A01,1,7,0,2,1,2,1,
202100051551,109 552,B01,1,7,0,2,4,2,1,
202100051552,109 548,A01,1,7,4,0,1,1,1,
202100051552,109 549,B01,1,7,0,0,4,23,1,
202100051552,109 550,C01,1,7,1,0,1,2,1,
202100051553,109 546,B01,2,10,0,2,2,1,1,
202100051553,109 547,A01,1,33,0,2,0,1,1,
202100051554,109 543,C01,2,7,0,2,3,1,1,
202100051554,109 544,B01,2,21,0,2,6,1,0,
202100051554,109 545,A01,1,7,0,2,1,13,1,
202100051555,109 542,A01,0,33,2,0,1,13,1,
202100051556,109 540,B01,2,1,0,2,6,1,5,
202100051556,109 541,A01,2,7,0,2,7,1,0,
202100051557,109 539,A01,3,2,0,0,7,1,1,
202100051558,109 536,C01,0,7,0,2,3,0,1,
202100051558,109 537,A01,0,7,0,2,3,17,1,
202100051558,109 538,B01,0,15,0,0,8,1,1,
202100051559,109 534,B01,2,33,0,9,0,2,1,
202100051559,109 535,D01,2,0,0,2,-1,1,-1,
202100051560,109 533,A01,1,7,13,0,1,11,1,
202100051561,109 532,A01,2,7,3,0,1,11,1,
202100051562,109 529,A01,1,7,0,2,1,1,1,
202100051562,109 530,B01,1,7,0,2,4,2,1,
202100051562,109 531,C01,1,7,0,2,4,2,1,
202100051563,109 526,B01,2,10,0,2,5,12,1,
202100051563,109 527,C01,2,7,0,2,8,1,1,
202100051563,109 528,A01,2,43,0,2,1,3,1,
202100051564,109 525,A01,2,7,13,0,1,14,1,
202100051565,109 524,A01,0,7,0,1,3,9,1,
202100051566,109 523,A01,1,7,0,1,1,1,1,
202100051567,109 521,B01,1,2,0,2,1,1,3,
202100051567,109 522,A01,2,7,0,2,0,1,0,
202100051568,109 520,A01,2,7,6,0,2,1,1,
202100051569,109 519,A01,2,7,0,1,7,19,1,
202100051570,109 517,B01,2,7,0,2,1,2,0,
202100051570,109 518,A01,1,7,0,2,1,11,0,
202100051571,109 516,A01,1,7,0,1,3,1,1,
202100051572,109 515,A01,1,7,6,0,1,26,1,
202100051573,109 511,A01,3,7,0,2,1,9,1,
202100051573,109 512,B01,3,7,0,2,1,1,1,
202100051574,109 509,A01,2,7,0,2,1,10,1,
202100051574,109 510,B01,2,7,0,2,7,21,1,
202100051575,109 507,A01,1,7,0,2,1,2,1,
202100051575,109 508,B01,1,7,0,2,4,2,1,
202100051576,109 504,C01,0,7,0,0,6,1,1,
202100051576,109 505,A01,3,30,0,2,1,1,1,
202100051576,109 506,B01,3,30,0,2,1,1,1,
202100051577,109 502,A01,0,7,0,2,1,1,1,
202100051577,109 503,B01,0,7,0,2,8,1,1,
202100051578,109 500,A01,1,7,0,2,2,15,2,
202100051578,109 501,B01,1,7,0,2,3,1,1,
202100051579,109 497,A01,3,7,0,2,1,1,1,
202100051579,109 498,C01,1,7,0,2,4,1,1,
202100051579,109 499,B01,1,7,0,2,4,1,1,
202100051580,109 495,A01,3,7,0,2,6,19,1,
202100051580,109 496,C01,1,10,0,2,1,1,1,
202100051581,109 494,A01,1,30,0,1,7,2,0,
202100051582,109 493,A01,1,2,6,0,1,14,1,
202100051583,109 491,A01,2,7,0,2,3,15,1,
202100051583,109 492,B01,1,33,0,2,1,2,1,
202100051584,109 490,A01,2,37,4,0,1,1,1,1.0
202100051585,109 486,B01,2,2,0,2,8,26,1,
202100051585,109 487,A01,0,7,0,2,1,16,0,
202100051586,109 485,A01,2,7,3,0,3,1,1,
202100051587,109 483,A01,1,7,0,2,3,9,1,
202100051587,109 484,B01,1,31,0,2,1,3,1,
202100051588,109 481,B01,1,7,0,2,2,1,1,
202100051588,109 482,A01,1,30,0,2,1,9,1,
202100051589,109 479,A01,2,30,0,2,2,1,1,
202100051589,109 480,Z01,1,7,0,2,0,0,0,
202100051590,109 477,B01,1,7,0,2,1,26,1,
202100051590,109 478,A01,1,32,0,2,1,26,1,
202100051591,109 475,Z01,2,7,0,2,0,1,1,
202100051591,109 476,A01,2,30,1,2,2,17,1,
202100051592,109 473,B01,1,2,0,2,2,17,3,
202100051592,109 474,A01,1,7,0,2,3,15,1,
202100051593,109 472,A01,1,7,0,1,1,1,1,
202100051594,109 470,Z01,1,7,0,2,3,22,1,
202100051594,109 471,A01,1,1,0,2,1,1,5,
202100051595,109 468,B01,2,10,0,2,5,15,1,
202100051595,109 469,A01,1,50,0,2,5,7,3,
202100051596,109 466,B01,1,7,0,2,7,16,1,
202100051596,109 467,A01,1,33,0,2,1,18,1,
202100051597,109 465,A01,3,31,0,0,0,26,1,
202100051598,109 463,A01,3,1,0,2,2,1,5,
202100051598,109 464,B01,3,7,0,2,3,1,2,
202100051599,109 461,A01,1,7,0,2,2,2,1,
202100051599,109 462,B01,3,50,0,2,1,25,3,
202100051600,109 459,A01,1,7,0,2,3,1,1,
202100051600,109 460,B01,2,7,0,2,8,1,1,
202100051601,109 458,A01,0,34,0,0,8,1,0,
202100051602,109 454,A01,1,10,0,2,1,2,1,
202100051602,109 455,B01,1,7,0,2,4,2,1,
202100051602,109 456,C01,1,7,0,2,4,2,1,
202100051602,109 457,D01,1,7,0,2,4,2,1,
202100051603,109 451,C01,2,3,0,2,5,1,1,
202100051603,109 452,B01,2,7,0,2,4,0,1,
202100051603,109 453,A01,1,7,0,2,1,1,1,
202100051604,109 450,A01,1,7,0,1,1,21,1,
202100051605,109 448,B01,-1,7,0,2,8,19,1,
202100051605,109 449,A01,2,30,0,2,7,21,1,
202100051606,109 446,A01,1,7,0,2,2,2,1,
202100051606,109 447,B01,1,10,0,2,6,15,1,
202100051607,109 443,C01,3,7,0,2,4,2,1,
202100051607,109 444,B01,3,7,0,2,4,2,1,
202100051607,109 445,A01,3,7,0,2,1,2,1,
202100051608,109 440,A01,2,10,0,2,4,2,1,
202100051608,109 441,B01,2,7,0,2,1,2,1,
202100051608,109 442,C01,2,7,0,2,1,2,1,
202100051609,109 439,A01,2,30,9,0,3,13,1,
202100051610,109 437,B01,2,7,9,2,2,1,1,
202100051610,109 438,A01,2,7,0,2,3,1,1,
202100051611,109 435,B01,1,1,0,2,4,1,5,
202100051611,109 436,A01,1,3,0,9,2,17,1,
202100051612,109 434,A01,2,7,6,0,3,1,1,
202100051613,109 433,A01,1,32,0,1,1,1,1,
202100051614,109 432,A01,1,7,8,0,2,1,1,
202100051615,109 431,A01,0,7,9,0,1,1,1,
202100051616,109 430,A01,1,7,0,0,9,13,1,
202100051617,109 427,A01,2,7,2,0,1,1,0,
202100051618,109 426,A01,1,7,8,0,1,1,1,
202100051619,109 425,A01,1,7,6,0,1,1,1,
202100051620,109 423,B01,1,7,0,2,2,1,1,
202100051620,109 424,A01,1,10,0,2,3,9,1,
202100051621,109 422,A01,2,7,8,0,1,1,1,
202100051622,109 420,B01,2,7,0,2,6,15,1,
202100051622,109 421,A01,2,33,0,2,2,2,1,
202100051623,109 418,A01,3,7,1,1,8,20,1,
202100051624,109 417,A01,1,33,0,0,0,13,1,
202100051625,109 415,A01,2,33,0,2,1,18,1,
202100051625,109 416,B01,2,7,0,2,7,16,1,
202100051626,109 411,A01,2,7,13,0,1,1,1,
202100051627,109 409,B01,1,7,13,0,3,1,1,
202100051627,109 410,A01,3,7,0,0,1,19,1,
202100051628,109 408,A01,1,33,7,0,0,1,1,
202100051629,109 406,A01,1,7,0,2,1,1,1,
202100051629,109 407,B01,1,7,0,2,4,15,1,
202100051630,109 405,A01,1,7,2,0,1,1,1,
202100051631,109 404,A01,3,99,0,0,0,1,1,
202100051632,109 402,B01,2,10,0,2,3,1,1,
202100051632,109 403,A01,1,7,0,2,3,1,1,
202100051633,109 401,A01,0,33,0,0,0,1,1,
202100051634,109 400,A01,3,7,4,0,1,1,1,
202100051635,109 398,A01,2,7,0,2,1,2,1,
202100051635,109 399,B01,2,7,0,2,4,2,1,
202100051636,109 394,B01,2,7,0,2,4,1,1,
202100051636,109 395,A01,2,7,0,2,1,1,1,
202100051636,109 396,D01,2,7,0,2,4,1,1,
202100051636,109 397,C01,2,7,0,2,4,1,1,
202100051637,109 392,A01,2,7,0,2,1,2,1,