Num_Acc,id_vehicule,num_veh,senc,catv,obs,obsm,choc,manv,motor,occutc
202100051637,109 393,B01,2,10,0,2,4,2,1,
202100051638,109 388,D01,2,10,0,2,4,2,1,
202100051638,109 389,C01,2,7,0,2,4,1,1,
202100051638,109 390,B01,2,7,0,2,4,2,1,
202100051638,109 391,A01,2,7,0,2,1,2,1,
202100051639,109 386,B01,1,7,0,2,2,1,1,
202100051639,109 387,A01,1,7,0,2,3,1,1,
202100051640,109 382,D01,2,7,0,2,1,2,1,
202100051640,109 383,A01,2,10,0,2,1,2,1,
202100051640,109 384,B01,2,7,0,2,4,2,1,
202100051640,109 385,C01,2,7,0,2,4,2,1,
202100051641,109 381,A01,3,30,0,1,1,1,1,
202100051642,109 380,A01,3,33,8,0,2,26,1,
202100051643,109 378,A01,2,10,0,2,3,15,1,
202100051643,109 379,B01,1,7,14,2,6,19,1,
202100051644,109 376,B01,1,10,0,2,1,1,1,
202100051644,109 377,A01,2,10,0,2,7,1,1,
202100051645,109 374,A01,1,7,0,2,8,11,1,
202100051645,109 375,B01,1,30,0,2,7,1,1,
202100051646,109 373,A01,1,7,0,1,1,1,1,
202100051647,109 372,A01,2,7,0,1,1,15,0,
202100051648,109 370,A01,3,7,0,2,3,13,1,
202100051648,109 371,B01,3,7,0,2,3,1,1,
202100051649,109 368,A01,1,7,1,2,3,13,1,
202100051649,109 369,B01,2,7,0,2,6,1,1,
202100051650,109 366,B01,1,2,0,2,1,17,1,
202100051650,109 367,A01,1,7,0,2,8,15,1,
202100051651,109 364,A01,1,37,0,2,7,14,1,1.0
202100051651,109 365,B01,1,50,0,2,8,1,3,
202100051652,109 363,A01,3,10,0,1,4,4,1,
202100051653,109 362,A01,1,37,0,1,1,1,1,1.0
202100051654,109 361,A01,3,7,0,1,1,26,1,
202100051655,109 359,B01,3,7,0,2,6,1,1,
202100051655,109 360,A01,3,7,0,2,5,1,1,
202100051656,109 357,B01,1,1,0,2,4,0,5,
202100051656,109 358,A01,1,7,0,2,0,26,1,
202100051657,109 356,A01,2,7,2,0,3,13,1,
202100051658,109 354,B01,1,10,0,2,4,1,0,
202100051658,109 355,A01,1,7,0,2,1,2,1,
202100051659,109 352,A01,3,7,0,2,3,9,1,
202100051659,109 353,B01,3,2,0,2,1,1,1,
202100051660,109 350,A01,3,7,0,2,3,4,1,
202100051660,109 351,B01,2,33,0,0,3,21,1,
202100051661,109 349,A01,1,33,0,1,7,1,1,
202100051662,109 347,A01,0,7,0,2,0,1,1,
202100051662,109 348,B01,0,50,0,2,4,11,3,
202100051663,109 345,B01,1,1,0,2,8,18,5,
202100051663,109 346,A01,1,14,0,9,7,1,1,
202100051664,109 344,A01,0,7,0,1,1,1,1,
202100051665,109 342,A01,1,33,0,2,3,2,1,
202100051665,109 343,B01,1,10,0,2,5,2,1,
202100051666,109 340,B01,2,32,0,2,5,1,1,
202100051666,109 341,A01,2,7,0,2,3,26,1,
202100051667,109 338,A01,2,30,0,2,2,17,1,
202100051667,109 339,B01,2,7,0,2,3,15,1,
202100051668,109 337,B01,1,7,0,1,2,1,1,
202100051669,109 336,A01,1,7,0,1,1,26,1,
202100051670,109 334,A01,1,7,0,2,1,2,1,
202100051670,109 335,B01,2,7,5,0,4,2,1,
202100051671,109 333,A01,1,10,0,1,1,1,1,
202100051672,109 331,A01,2,50,0,2,1,25,3,
202100051672,109 332,B01,2,7,0,2,3,26,1,
202100051673,109 330,A01,3,1,0,0,0,1,5,
202100051674,109 328,B01,3,7,0,2,4,0,2,
202100051674,109 329,A01,3,7,0,2,1,1,1,
202100051675,109 326,A01,1,10,0,2,1,1,1,
202100051675,109 327,B01,1,7,0,2,4,2,1,
202100051676,109 325,A01,3,7,0,1,1,1,1,
202100051677,109 324,A01,1,7,0,1,1,15,1,
202100051678,109 322,B01,2,7,0,2,1,15,1,
202100051678,109 323,A01,1,33,0,2,1,17,1,
202100051679,109 320,A01,2,10,0,2,8,17,1,
202100051679,109 321,B01,2,1,0,2,1,1,0,
202100051680,109 318,A01,1,7,0,2,8,1,2,
202100051680,109 319,B01,2,7,0,2,1,1,1,
202100051681,109 316,B01,1,7,0,2,1,1,1,
202100051681,109 317,A01,2,7,0,2,1,19,1,
202100051682,109 315,A01,2,7,0,1,1,16,1,
202100051683,109 313,A01,2,7,0,2,1,1,1,
202100051683,109 314,B01,2,7,0,2,4,1,1,
202100051684,109 311,B01,1,10,0,2,4,1,1,
202100051684,109 312,A01,1,30,0,2,1,17,1,
202100051685,109 309,B01,2,7,0,2,6,2,1,
202100051685,109 310,A01,2,0,0,2,0,0,0,
202100051686,109 306,B01,3,7,0,2,5,15,1,
202100051686,109 307,C01,3,7,0,2,3,1,1,
202100051686,109 308,A01,3,33,0,2,1,1,1,
202100051687,109 304,A01,1,7,0,2,1,19,1,
202100051687,109 305,B01,1,7,0,2,2,1,1,
202100051688,109 303,A01,0,40,0,1,2,1,3,
202100051689,109 300,A01,3,30,0,0,8,15,1,
202100051690,109 299,Z01,1,0,0,1,1,1,0,
202100051691,109 297,A01,2,7,0,2,1,19,0,
202100051691,109 298,B01,1,7,0,2,0,0,0,
202100051692,109 294,C01,1,7,0,2,4,2,1,
202100051692,109 295,B01,1,7,0,2,4,2,1,
202100051692,109 296,A01,1,7,0,2,1,2,1,
202100051693,109 292,A01,1,7,0,2,7,10,1,
202100051693,109 293,B01,1,7,0,2,1,2,1,
202100051694,109 290,A01,2,7,0,2,1,1,1,
202100051694,109 291,B01,1,7,0,2,4,1,1,
202100051695,109 288,A01,3,7,0,2,3,13,1,
202100051695,109 289,B01,3,17,0,0,0,0,1,
202100051696,109 286,A01,2,7,0,2,2,17,1,
202100051696,109 287,B01,2,1,0,2,8,15,5,
202100051697,109 284,A01,0,7,0,2,6,9,1,
202100051697,109 285,B01,0,30,0,2,7,1,1,
202100051698,109 282,A01,2,7,0,2,6,2,1,
202100051698,109 283,B01,2,7,0,2,2,2,1,
202100051699,109 281,A01,1,32,0,1,1,1,1,
202100051700,109 279,A01,0,32,0,2,2,13,1,
202100051700,109 280,B01,0,7,0,2,8,15,1,
202100051701,109 277,B01,1,33,0,2,2,11,1,
202100051701,109 278,A01,1,7,0,2,8,11,1,
202100051702,109 275,A01,2,7,0,2,1,15,1,
202100051702,109 276,B01,1,31,0,2,1,1,1,
202100051703,109 273,A01,3,7,0,2,8,19,1,
202100051703,109 274,B01,2,33,0,2,1,1,1,
202100051704,109 272,A01,1,32,0,1,1,26,1,
202100051705,109 270,B01,1,33,0,2,4,23,1,
202100051705,109 271,A01,1,10,0,2,1,2,1,
202100051706,109 268,A01,1,7,0,2,5,14,1,
202100051706,109 269,B01,1,1,0,2,1,1,5,
202100051707,109 267,Z01,2,7,0,1,6,15,2,
202100051708,109 265,A01,2,7,0,2,8,11,1,
202100051708,109 266,B01,2,33,0,2,7,1,1,
202100051709,109 263,Z01,2,10,0,2,8,22,0,
202100051709,109 264,A01,2,80,0,2,1,1,3,
202100051710,109 261,B01,1,7,0,2,4,23,2,
202100051710,109 262,A01,1,2,0,2,1,2,1,
202100051711,109 259,B01,2,1,0,2,1,1,5,
202100051711,109 260,A01,2,7,0,2,3,1,1,
202100051712,109 257,A01,2,7,0,2,7,16,1,
202100051712,109 258,B01,2,33,0,2,3,1,1,
202100051713,109 256,A01,1,7,0,2,3,1,1,
202100051714,109 254,B01,2,33,0,2,1,1,1,
202100051714,109 255,A01,2,7,0,2,3,10,1,
202100051715,109 252,A01,0,7,0,2,1,1,1,
202100051715,109 253,B01,0,7,0,2,8,0,1,
202100051716,109 250,A01,1,7,0,2,1,1,1,
202100051716,109 251,B01,1,7,0,2,4,1,1,
202100051717,109 248,B01,1,1,0,2,8,1,5,
202100051717,109 249,A01,3,7,0,2,2,15,3,
202100051718,109 247,A01,3,7,0,1,2,1,1,
202100051719,109 245,A01,1,10,0,2,2,15,1,
202100051719,109 246,B01,2,7,0,2,3,2,1,
202100051720,109 243,A01,1,7,0,2,1,16,1,
202100051720,109 244,B01,1,37,0,2,3,15,1,2.0
202100051721,109 241,A01,1,7,0,2,3,17,1,
202100051721,109 242,B01,1,7,0,2,3,0,1,
202100051722,109 239,A01,2,7,0,2,1,1,0,
202100051722,109 240,B01,2,7,0,2,4,1,1,
202100051723,109 237,A01,1,7,0,2,2,2,1,
202100051723,109 238,B01,1,2,0,2,3,18,1,
202100051724,109 236,A01,2,10,0,1,3,15,1,
202100051725,109 234,A01,2,15,0,2,0,16,1,
202100051725,109 235,B01,2,1,0,2,2,1,6,
202100051726,109 232,A01,2,10,0,2,1,1,0,
202100051726,109 233,B01,2,7,0,2,4,23,1,
202100051727,109 231,A01,2,7,0,1,3,1,1,
202100051728,109 229,B01,0,7,1,0,5,4,1,
202100051728,109 230,A01,2,32,0,2,1,1,1,
202100051729,109 227,A01,2,7,0,2,2,15,1,
202100051729,109 228,B01,1,7,0,2,2,1,1,
202100051730,109 226,A01,1,7,1,0,4,2,1,
202100051731,109 225,A01,1,7,0,1,2,1,1,
202100051732,109 224,A01,2,1,0,0,0,1,5,
202100051733,109 222,A01,2,7,0,2,1,1,1,
202100051733,109 223,B01,1,7,0,2,3,1,1,
202100051734,109 221,A01,2,7,13,0,0,17,1,
202100051735,109 217,A01,2,7,0,2,1,13,1,
202100051735,109 218,B01,1,7,0,2,1,1,1,
202100051735,109 219,C01,1,7,0,2,2,13,1,
202100051735,109 220,D01,2,7,0,2,6,1,1,
202100051736,109 215,A01,1,7,0,9,3,5,1,
202100051736,109 216,B01,1,80,0,2,1,1,3,
202100051737,109 214,A01,1,7,4,0,1,26,1,
202100051738,109 212,A01,2,10,0,2,1,17,1,
202100051738,109 213,B01,2,17,0,2,6,1,1,
202100051739,109 211,A01,2,7,6,0,7,0,1,
202100051740,109 210,A01,0,7,6,0,1,1,1,
202100051741,109 209,A01,2,7,6,0,1,15,1,
202100051742,109 208,A01,2,7,2,0,3,1,1,
202100051743,109 207,A01,1,7,2,0,1,14,1,
202100051744,109 203,A01,1,7,0,2,7,11,1,
202100051744,109 204,B01,2,2,0,2,1,1,1,
202100051745,109 202,A01,2,7,8,1,2,13,1,
202100051746,109 201,A01,2,7,2,0,1,1,1,
202100051747,109 200,A01,2,7,3,0,3,1,1,
202100051748,109 199,A01,3,10,0,1,2,1,1,
202100051749,109 198,A01,2,10,2,0,2,1,1,
202100051750,109 197,A01,1,7,2,0,1,14,1,
202100051751,109 195,A01,2,7,0,2,2,15,1,
202100051751,109 196,B01,1,2,0,2,1,1,1,
202100051752,109 194,A01,3,2,2,0,1,0,1,
202100051753,109 193,A01,1,7,2,0,1,1,1,
202100051754,109 191,A01,1,15,0,2,1,2,1,
202100051754,109 192,B01,1,10,0,2,4,2,1,
202100051755,109 190,A01,3,7,8,0,7,13,1,
202100051756,109 189,A01,2,7,13,0,2,1,1,
202100051757,109 187,B01,0,7,0,2,1,1,1,
202100051757,109 188,A01,0,33,0,2,1,17,1,
202100051758,109 186,A01,2,30,17,0,4,14,1,
202100051759,109 184,A01,2,10,0,2,1,13,1,
202100051759,109 185,B01,1,7,0,2,1,21,1,
202100051760,109 182,B01,2,14,0,0,4,2,1,
202100051760,109 183,A01,2,7,0,2,1,2,1,
202100051761,109 180,B01,2,7,1,1,2,1,1,
202100051761,109 181,C01,1,7,0,0,6,24,1,
202100051762,109 179,A01,1,31,14,0,1,6,1,
202100051763,109 177,A01,1,7,0,9,3,20,1,
202100051763,109 178,B01,1,80,0,2,2,1,3,
202100051764,109 175,A01,1,7,0,2,1,13,1,
202100051764,109 176,B01,2,7,0,2,1,1,1,
202100051765,109 171,B01,2,17,0,2,3,13,1,
202100051765,109 172,A01,2,7,0,2,3,13,1,
202100051766,109 169,B01,1,7,0,2,0,0,1,
202100051766,109 170,A01,1,7,0,2,1,2,1,
202100051767,109 167,B01,1,7,0,2,5,1,1,
202100051767,109 168,A01,1,7,0,2,1,1,1,
202100051768,109 165,Z01,2,10,0,2,8,13,0,
202100051768,109 166,A01,2,7,0,2,7,1,1,
202100051769,109 163,A01,2,15,0,2,2,12,1,
202100051769,109 164,B01,2,7,0,2,8,18,1,
202100051770,109 161,A01,1,10,0,2,4,2,1,
202100051770,109 162,B01,1,7,0,2,1,2,1,
202100051771,109 159,A01,1,31,0,2,8,15,1,
202100051771,109 160,B01,2,7,0,2,2,1,1,
202100051772,109 158,CA01,1,7,0,1,1,26,1,
202100051773,109 155,PA01,2,99,0,2,1,1,1,
202100051773,109 156,B01,1,7,0,2,4,23,1,
202100051773,109 157,C01,1,15,0,2,6,23,1,
202100051774,109 153,A01,1,30,0,2,3,1,1,
202100051774,109 154,B01,1,7,0,2,3,11,1,
202100051775,109 150,A01,3,7,0,2,3,26,1,
202100051775,109 151,B01,3,7,0,2,1,15,1,
202100051775,109 152,C01,3,7,0,2,3,0,1,
202100051776,109 148,B01,1,7,0,2,7,1,1,
202100051776,109 149,A01,1,7,0,2,1,16,1,
202100051777,109 146,B01,2,7,0,2,3,1,1,
202100051777,109 147,A01,1,7,0,2,2,15,1,
202100051778,109 145,A01,2,7,0,1,3,1,1,
202100051779,109 144,A01,1,7,0,1,3,1,1,
202100051780,109 142,A01,1,7,0,2,6,19,1,
202100051780,109 143,B01,2,7,0,2,1,1,1,
202100051781,109 140,B01,2,43,0,2,4,2,1,
202100051781,109 141,A01,2,7,0,2,3,1,1,
202100051782,109 138,B01,2,7,0,2,9,1,1,
202100051782,109 139,A01,2,7,0,2,2,14,1,
202100051783,109 136,A01,2,10,0,2,1,2,1,
202100051783,109 137,B01,2,7,0,2,4,1,1,
202100051784,109 135,A01,0,7,0,9,1,15,1,
202100051785,109 134,A01,1,30,14,0,1,26,1,
202100051786,109 132,A01,1,7,0,2,1,1,1,
202100051786,109 133,B01,1,7,0,2,4,1,1,
202100051787,109 130,B01,1,7,0,2,1,9,1,
202100051787,109 131,A01,1,7,0,2,2,15,1,
202100051788,109 128,A01,1,7,0,2,1,1,1,
202100051788,109 129,B01,3,80,0,2,8,19,3,
202100051789,109 126,A01,1,7,0,1,1,1,1,
202100051790,109 125,A01,2,7,2,0,1,1,1,
202100051791,109 123,B01,3,7,0,2,5,1,1,
202100051791,109 124,A01,3,30,0,2,8,13,1,
202100051792,109 121,A01,2,7,0,1,1,16,1,
202100051793,109 119,A01,1,7,0,2,1,13,1,
202100051793,109 120,B01,1,7,0,2,1,1,1,
202100051794,109 118,A01,3,7,0,0,9,1,1,
202100051795,109 117,Z01,1,17,0,1,0,1,1,
202100051796,109 115,A01,2,7,0,2,3,15,1,
202100051796,109 116,B01,2,7,0,2,3,0,1,
202100051797,109 113,B01,3,7,0,2,8,15,1,
202100051797,109 114,A01,3,7,0,2,1,1,1,
202100051798,109 111,B01,3,7,0,2,4,23,1,
202100051798,109 112,A01,2,7,0,2,1,2,1,
202100051799,109 109,B01,1,7,1,2,1,1,1,
202100051799,109 110,A01,2,7,0,2,1,26,1,
202100051800,109 108,A01,2,33,0,1,1,17,1,
202100051801,109 106,A01,2,7,0,2,6,15,1,
202100051801,109 107,B01,2,7,0,2,1,2,1,
202100051802,109 103,B01,2,17,16,0,3,1,1,
202100051802,109 104,A01,1,7,16,0,1,17,1,
202100051803,109 102,A01,1,7,4,0,2,26,1,
202100051804,109 100,A01,1,7,0,2,1,2,0,
202100051804,109 101,B01,1,80,0,2,4,2,3,
202100051805,109 098,A01,2,7,0,2,1,2,1,
202100051805,109 099,B01,2,7,0,2,4,2,1,
202100051806,109 097,A01,3,7,0,1,1,1,1,
202100051807,109 095,B01,2,32,0,2,5,1,1,
202100051807,109 096,A01,2,7,0,2,1,19,1,
202100051808,109 094,A01,0,7,0,1,0,0,1,
202100051809,109 093,A01,1,1,1,0,1,1,6,
202100051810,109 091,A01,0,32,0,2,2,3,1,
202100051810,109 092,B01,0,33,0,2,4,23,1,
202100051811,109 089,A01,1,7,0,2,1,2,1,
202100051811,109 090,B01,1,7,0,2,4,23,1,
202100051812,109 088,A01,1,99,0,1,6,19,0,
202100051813,109 086,B01,1,7,0,2,1,1,1,
202100051813,109 087,A01,1,7,0,2,3,15,1,
202100051814,109 085,A01,2,7,0,1,1,0,1,
202100051815,109 083,B01,1,14,0,2,6,23,1,
202100051815,109 084,A01,1,10,1,2,2,1,1,
202100051816,109 081,A01,1,30,0,2,1,1,1,
202100051816,109 082,B01,1,10,0,2,4,1,1,
202100051817,109 079,A01,2,7,0,2,2,21,1,
202100051817,109 080,B01,3,7,0,2,1,0,1,
202100051818,109 077,A01,2,33,0,2,2,9,1,
202100051818,109 078,B01,2,15,0,2,6,1,1,
202100051819,109 076,A01,1,43,0,0,0,21,1,
202100051820,109 075,A01,1,2,0,0,0,1,3,
202100051821,109 073,B01,1,7,0,2,7,2,3,
202100051821,109 074,A01,1,32,0,2,8,2,1,
202100051822,109 072,A01,1,7,1,1,1,1,1,
202100051823,109 071,A01,2,7,0,1,8,1,1,
202100051824,109 069,A01,1,14,0,2,1,2,1,
202100051824,109 070,B01,1,7,0,2,4,23,1,
202100051825,109 068,A01,2,7,0,1,1,1,1,
202100051826,109 067,A01,1,32,0,0,7,14,1,
202100051827,109 065,B01,1,30,0,2,4,23,1,
202100051827,109 066,A01,1,33,1,0,2,1,1,
202100051828,109 063,A01,2,7,1,9,1,17,1,
202100051828,109 064,B01,1,7,1,2,1,1,1,
202100051829,109 061,B01,0,2,0,2,3,26,1,
202100051829,109 062,A01,0,7,0,2,3,26,1,
202100051830,109 060,A01,3,7,0,1,2,1,1,
202100051831,109 059,B01,2,7,0,1,1,19,1,
202100051832,109 057,A01,1,10,0,2,7,22,1,
202100051832,109 058,B01,1,31,0,2,7,18,1,
202100051833,109 054,A01,1,7,0,2,4,1,1,
202100051833,109 055,B01,1,7,0,2,3,1,1,
202100051833,109 056,C01,1,7,0,2,1,1,1,
202100051834,109 051,C01,3,3,0,2,0,0,1,
202100051834,109 052,B01,3,3,0,2,1,0,0,
202100051834,109 053,A01,3,7,0,2,1,2,1,
202100051835,109 050,A01,1,7,0,1,1,15,1,
202100051836,109 048,B01,2,10,0,2,2,9,1,
202100051836,109 049,A01,2,7,0,2,6,9,1,
202100051837,109 046,B01,1,50,0,2,4,1,3,
202100051837,109 047,A01,2,7,0,2,1,2,1,
202100051838,109 045,A01,2,7,3,0,1,13,1,
202100051839,109 043,B01,1,7,0,2,7,11,1,
202100051839,109 044,A01,1,7,0,2,8,2,1,
202100051840,109 041,A01,3,30,0,2,1,13,1,
202100051840,109 042,B01,0,7,0,2,1,1,1,
202100051841,109 039,A01,2,7,0,2,1,15,1,
202100051841,109 040,B01,1,7,0,2,2,1,1,
202100051842,109 037,B01,2,17,0,0,4,1,1,
202100051842,109 038,A01,2,7,0,2,1,1,1,
202100051843,109 035,A01,2,7,0,2,1,1,1,
202100051843,109 036,B01,3,1,0,2,1,1,5,
202100051844,109 034,A01,3,7,0,1,2,16,1,
202100051845,109 032,B01,1,7,0,2,1,1,1,
202100051845,109 033,A01,2,7,0,2,6,16,1,
202100051846,109 029,B01,1,7,0,2,1,1,1,
202100051846,109 030,C01,1,7,0,2,1,1,1,
202100051846,109 031,A01,2,7,0,2,3,26,1,
202100051847,109 027,B01,1,7,8,2,3,1,1,
202100051847,109 028,A01,2,15,6,2,6,1,1,
202100051848,109 025,B01,2,10,0,2,7,15,1,
202100051848,109 026,A01,1,2,0,2,1,1,1,
202100051849,109 023,B01,2,7,0,2,1,1,1,
202100051849,109 024,A01,1,7,0,2,1,13,1,
202100051850,109 021,B01,1,7,0,2,1,1,1,
202100051850,109 022,A01,2,7,5,2,8,1,1,
202100051851,109 019,A01,3,3,0,2,8,1,1,
202100051851,109 020,B01,0,7,0,2,1,19,1,
202100051852,109 018,A01,2,10,0,1,7,1,0,
202100051853,109 017,A01,2,7,3,0,7,1,1,
202100051854,109 014,A01,1,14,0,0,0,19,1,
202100051854,109 015,B01,1,7,0,2,1,21,1,
202100051854,109 016,C01,2,7,0,0,6,23,1,
202100051855,109 013,A01,1,15,0,1,3,1,1,
202100051856,109 012,A01,0,7,0,0,1,1,1,
202100051857,109 010,B01,3,10,0,2,3,1,1,
202100051857,109 011,A01,3,7,0,2,3,1,1,
202100051858,109 008,A01,2,7,0,2,8,14,1,
202100051858,109 009,B01,1,33,0,2,8,17,1,
202100051859,109 006,B01,2,1,0,2,7,19,5,
202100051859,109 007,A01,2,7,0,9,3,1,1,
202100051860,109 004,B01,3,10,0,2,2,15,1,
202100051860,109 005,A01,0,1,0,2,2,14,5,
202100051861,109 003,A01,2,10,2,0,1,2,1,
202100051862,109 001,B01,0,7,13,2,9,5,1,
202100051862,109 002,A01,0,7,0,2,8,1,1,
202100051863,108 998,A01,1,7,0,2,1,1,1,
202100051863,108 999,B01,2,7,0,2,1,1,1,
202100051863,109 000,C01,2,7,0,2,3,1,1,
202100051864,108 995,A01,1,7,0,2,3,13,1,
202100051864,108 996,B01,2,10,0,2,3,1,1,
202100051865,108 993,A01,0,7,0,9,1,15,1,
202100051865,108 994,B01,0,1,0,2,8,1,5,
202100051866,108 992,A01,1,7,6,0,9,1,1,
202100051867,108 991,A01,2,7,5,0,3,9,1,
202100051868,108 989,B01,1,7,0,2,5,2,1,
202100051868,108 990,A01,1,10,0,2,3,2,1,
202100051869,108 986,A01,2,7,0,2,1,2,1,
202100051869,108 987,C01,2,7,0,2,4,2,1,
202100051869,108 988,B01,2,7,0,2,4,2,0,
202100051870,108 984,A01,1,7,0,2,2,2,1,
202100051870,108 985,B01,1,7,0,2,0,1,1,
202100051871,108 982,A01,2,17,0,2,2,12,1,
202100051871,108 983,B01,2,7,0,2,2,1,1,
202100051872,108 980,A01,1,3,0,2,6,11,1,
202100051872,108 981,B01,1,31,0,2,1,1,1,
202100051873,108 978,A01,0,33,0,2,1,1,1,
202100051873,108 979,B01,1,7,0,2,6,15,1,
202100051874,108 976,A01,1,7,0,2,3,1,1,
202100051874,108 977,B01,2,32,0,2,1,15,1,
202100051875,108 974,B01,1,2,0,2,1,1,1,
202100051875,108 975,A01,1,99,0,2,3,15,6,
202100051876,108 972,A01,2,10,0,2,8,15,1,
202100051876,108 973,B01,1,2,0,2,1,1,1,
202100051877,108 970,A01,1,33,0,2,1,2,1,
202100051877,108 971,B01,1,7,0,2,8,15,1,
202100051878,108 968,A01,1,32,0,2,1,1,1,
202100051878,108 969,B01,3,1,0,2,1,15,5,
202100051879,108 967,A01,2,31,0,1,1,5,1,
202100051880,108 964,A01,1,1,0,2,4,26,5,
202100051880,108 965,B01,1,32,1,2,1,1,1,
202100051880,108 966,C01,1,7,1,2,3,0,1,
202100051881,108 962,B01,1,7,0,2,7,1,1,
202100051881,108 963,A01,1,2,0,2,1,26,1,
202100051882,108 960,B01,1,7,0,2,2,1,1,
202100051882,108 961,A01,1,7,4,2,2,1,1,
202100051883,108 958,B01,1,7,0,2,2,1,1,
202100051883,108 959,A01,1,7,0,2,6,11,1,
202100051884,108 956,A01,2,7,0,2,2,15,1,
202100051884,108 957,B01,1,33,0,2,1,1,1,
202100051885,108 955,A01,1,7,0,1,1,15,1,
202100051886,108 954,A01,3,7,0,1,2,1,1,
202100051887,108 953,A01,1,7,6,0,3,16,1,
202100051888,108 952,A01,1,7,15,0,1,1,1,
202100051889,108 951,A01,1,31,1,0,1,13,1,
202100051890,108 949,B01,0,2,0,2,1,17,1,
202100051890,108 950,A01,0,7,0,2,2,9,1,
202100051891,108 948,A01,0,7,0,1,2,16,0,
202100051892,108 946,A01,1,7,6,2,2,15,1,
202100051892,108 947,B01,2,7,0,2,1,1,1,
202100051893,108 944,B01,1,7,0,2,1,1,1,
202100051893,108 945,A01,1,30,0,2,9,5,1,
202100051894,108 942,B01,1,7,0,2,3,1,1,
202100051894,108 943,A01,2,7,0,2,2,19,1,
202100051895,108 941,A01,3,1,0,0,7,1,5,
202100051896,108 939,A01,1,1,0,2,1,13,5,
202100051896,108 940,B01,1,7,0,2,2,1,1,
202100051897,108 937,B01,1,7,0,2,3,13,1,
202100051897,108 938,A01,1,2,0,2,1,17,1,
202100051898,108 936,A01,2,7,0,1,3,15,1,
202100051899,108 935,A01,1,7,0,1,3,26,1,
202100051900,108 933,A01,1,7,0,2,2,1,1,
202100051900,108 934,B01,1,1,0,2,8,1,0,
202100051901,108 931,B01,3,7,0,1,1,1,1,
202100051901,108 932,A01,3,1,0,2,1,9,5,
202100051902,108 929,A01,0,7,0,9,1,26,1,
202100051902,108 930,B01,0,60,0,0,0,0,5,
202100051903,108 925,B01,2,7,0,2,6,1,1,
202100051903,108 926,C01,2,10,0,0,0,0,1,
202100051903,108 927,A01,2,7,0,2,1,1,1,
202100051903,108 928,D01,2,7,0,2,5,1,1,
202100051904,108 923,B01,2,7,0,2,8,16,1,
202100051904,108 924,A01,2,7,0,2,8,1,1,
202100051905,108 921,A01,1,7,0,2,2,15,1,
202100051905,108 922,B01,2,33,0,2,1,1,1,
202100051906,108 919,B01,2,31,0,2,1,1,1,
202100051906,108 920,A01,0,7,0,2,3,15,1,
202100051907,108 917,A01,2,7,0,2,8,1,1,
202100051907,108 918,B01,2,15,0,2,4,1,1,
202100051908,108 915,A01,2,30,0,2,7,15,1,
202100051908,108 916,B01,1,7,0,2,3,9,1,
202100051909,108 914,A01,2,7,7,0,1,2,1,
202100051910,108 912,A01,1,14,0,2,1,1,1,
202100051910,108 913,B01,1,14,0,2,4,9,1,
202100051911,108 910,A01,1,7,0,2,1,15,1,
202100051911,108 911,B01,2,32,0,2,1,0,1,
202100051912,108 909,A01,1,32,0,1,1,26,1,
202100051913,108 907,A01,3,10,0,2,1,26,1,
202100051913,108 908,B01,3,7,0,2,7,6,1,
202100051914,108 906,A01,1,7,0,1,2,1,1,
202100051915,108 905,A01,1,7,0,1,1,1,1,
202100051916,108 904,A01,1,7,8,0,1,1,1,
202100051917,108 902,B01,2,7,0,2,1,0,1,
202100051917,108 903,A01,2,7,0,2,4,23,1,
202100051918,108 901,A01,2,7,0,1,2,17,1,
202100051919,108 899,A01,2,7,0,9,8,9,1,
202100051919,108 900,B01,1,1,0,2,1,9,5,
202100051920,108 898,A01,2,10,0,1,1,1,1,
202100051921,108 896,B01,1,10,0,2,4,23,1,
202100051921,108 897,A01,1,14,0,2,3,2,6,
202100051922,108 894,B01,1,10,0,2,5,1,1,
202100051922,108 895,A01,1,32,0,2,1,3,1,
202100051923,108 893,A01,1,32,0,0,8,1,1,
202100051924,108 891,A01,1,1,0,2,1,1,5,
202100051924,108 892,Z01,1,7,0,2,0,13,1,
202100051925,108 890,A01,1,33,0,0,7,1,1,
202100051926,108 889,A01,2,33,1,0,1,14,1,
202100051927,108 887,B01,2,10,1,2,1,24,1,
202100051927,108 888,A01,2,10,0,2,2,14,1,
202100051928,108 885,A01,1,2,0,2,4,23,1,
202100051928,108 886,B01,1,7,0,2,3,2,1,
202100051929,108 884,Z01,2,1,0,1,7,1,5,
202100051930,108 882,A01,1,7,0,2,1,2,1,
202100051930,108 883,B01,1,32,0,2,4,23,1,
202100051931,108 881,A01,1,7,0,1,2,1,1,
202100051932,108 880,A01,1,33,0,0,7,1,1,
202100051933,108 878,A01,1,7,0,2,5,16,1,
202100051933,108 879,B01,1,30,9,2,1,0,1,
202100051934,108 876,A01,2,7,0,2,3,15,3,
202100051934,108 877,B01,1,7,0,2,3,1,1,
202100051935,108 873,A01,3,7,1,2,1,24,1,
202100051935,108 874,B01,3,7,1,2,1,1,1,
202100051935,108 875,C01,3,7,1,2,1,15,1,
202100051936,108 871,A01,-1,34,0,2,1,9,1,
202100051936,108 872,B01,-1,7,0,2,4,1,1,
202100051937,108 870,A01,2,7,0,1,2,1,1,
202100051938,108 867,A01,3,7,1,1,4,4,0,
202100051938,108 868,B01,3,7,0,2,3,23,0,