Num_Acc,id_vehicule,num_veh,senc,catv,obs,obsm,choc,manv,motor,occutc
202100051938,108 869,C01,3,10,0,2,7,23,0,
202100051939,108 865,A01,1,7,0,2,3,1,1,
202100051939,108 866,B01,2,30,0,2,1,19,0,
202100051940,108 864,A01,1,10,0,1,1,1,1,
202100051941,108 862,B01,1,34,0,2,1,1,1,
202100051941,108 863,A01,2,7,0,2,2,15,1,
202100051942,108 860,B01,1,2,0,2,4,1,1,
202100051942,108 861,A01,1,14,0,2,4,26,0,
202100051943,108 858,A01,1,30,0,0,7,1,1,
202100051944,108 856,A01,3,7,0,2,1,1,1,
202100051944,108 857,B01,0,7,0,0,4,0,1,
202100051945,108 854,A01,1,7,0,2,1,1,1,
202100051945,108 855,B01,1,10,9,2,7,1,1,
202100051946,108 853,A01,3,30,0,0,0,1,1,
202100051947,108 851,B01,2,7,0,2,3,19,1,
202100051947,108 852,A01,1,7,0,2,2,1,1,
202100051948,108 850,A01,1,34,8,0,0,1,1,
202100051949,108 848,B01,2,7,0,0,8,15,1,
202100051949,108 849,A01,2,7,0,2,2,15,1,
202100051950,108 846,B01,1,15,0,2,4,2,1,
202100051950,108 847,A01,1,7,0,2,1,2,1,
202100051951,108 845,A01,3,7,2,0,1,14,1,
202100051952,108 843,A01,1,38,0,2,1,2,0,2.0
202100051952,108 844,B01,1,38,0,0,4,23,0,3.0
202100051953,108 841,A01,1,7,0,2,3,1,1,
202100051953,108 842,B01,2,7,0,2,3,1,1,
202100051954,108 839,A01,1,7,0,2,1,1,1,
202100051954,108 840,B01,2,21,0,2,1,1,1,
202100051955,108 838,A01,1,7,13,0,1,1,1,
202100051956,108 836,B01,1,7,0,2,3,1,1,
202100051956,108 837,A01,2,7,0,2,3,13,1,
202100051957,108 834,B01,2,7,0,0,8,17,0,
202100051957,108 835,A01,1,33,13,0,8,0,1,
202100051958,108 833,A01,3,7,13,0,1,1,1,
202100051959,108 831,B01,1,7,0,2,1,1,1,
202100051959,108 832,A01,2,7,0,2,3,15,1,
202100051960,108 829,A01,1,2,0,2,7,23,1,
202100051960,108 830,B01,2,7,0,2,3,1,1,
202100051961,108 827,A01,2,7,0,2,2,5,3,
202100051961,108 828,B01,1,7,0,2,2,1,1,
202100051962,108 825,B01,2,7,0,2,1,1,1,
202100051962,108 826,A01,1,7,0,2,7,17,1,
202100051963,108 823,A01,2,2,0,2,8,1,0,
202100051963,108 824,B01,3,7,0,2,3,1,1,
202100051964,108 822,A01,2,10,17,0,2,14,1,
202100051965,108 820,B01,2,2,0,2,0,1,1,
202100051965,108 821,A01,2,7,0,2,3,9,1,
202100051966,108 819,A01,1,7,0,1,1,1,1,
202100051967,108 817,B01,1,2,0,2,3,18,1,
202100051967,108 818,A01,1,7,0,2,7,16,1,
202100051968,108 816,A01,3,2,8,0,1,13,1,
202100051969,108 814,B01,1,7,0,2,1,0,1,
202100051969,108 815,A01,2,7,0,2,1,0,1,
202100051970,108 813,A01,2,7,13,0,9,2,1,
202100051971,108 811,A01,2,7,0,2,1,15,1,
202100051971,108 812,B01,1,7,0,2,1,1,1,
202100051972,108 807,B01,2,7,0,2,1,2,1,
202100051972,108 808,A01,2,7,0,2,4,1,1,
202100051973,108 804,A01,1,10,0,2,1,2,1,
202100051973,108 805,C01,1,7,0,2,4,23,1,
202100051973,108 806,B01,1,7,0,2,1,2,1,
202100051974,108 802,B01,1,14,0,2,2,2,1,
202100051974,108 803,A01,1,7,4,2,3,14,1,
202100051975,108 800,A01,2,7,0,2,7,17,1,
202100051975,108 801,B01,2,7,0,2,8,1,1,
202100051976,108 798,B01,2,7,0,2,5,0,1,
202100051976,108 799,A01,2,7,0,2,0,26,1,
202100051977,108 797,A01,2,7,4,0,3,0,1,
202100051978,108 795,A01,2,7,0,2,1,1,1,
202100051978,108 796,B01,1,13,0,2,4,2,1,
202100051979,108 794,A01,1,7,4,0,1,1,1,
202100051980,108 792,B01,1,7,4,0,4,0,1,
202100051980,108 793,A01,2,10,0,2,1,1,1,
202100051981,108 791,A01,2,7,4,0,1,1,1,
202100051982,108 790,A01,1,7,0,1,1,9,1,
202100051983,108 788,A01,3,7,0,2,3,26,1,
202100051983,108 789,B01,3,2,0,2,7,12,1,
202100051984,108 787,A01,2,7,1,0,1,14,1,
202100051985,108 785,B01,2,10,0,2,8,15,1,
202100051985,108 786,A01,1,2,0,2,1,9,1,
202100051986,108 784,A01,1,7,0,1,1,26,1,
202100051987,108 782,B01,2,3,0,2,2,1,1,
202100051987,108 783,A01,1,7,0,2,1,9,1,
202100051988,108 780,A01,1,1,0,2,8,15,5,
202100051988,108 781,B01,1,7,0,2,1,2,1,
202100051989,108 778,A01,1,7,1,0,2,1,3,
202100051989,108 779,B01,1,7,0,2,6,24,3,
202100051990,108 776,A01,1,7,0,2,8,2,1,
202100051990,108 777,B01,1,15,0,2,7,2,1,
202100051991,108 774,A01,1,7,0,2,7,15,1,
202100051991,108 775,B01,2,2,0,2,1,1,1,
202100051992,108 772,B01,2,2,0,2,2,17,1,
202100051992,108 773,A01,2,7,0,2,3,15,1,
202100051993,108 771,A01,2,7,0,0,4,2,0,
202100051994,108 769,B01,1,7,0,2,3,15,1,
202100051994,108 770,A01,2,30,0,2,3,1,1,
202100051995,108 767,B01,1,7,0,2,1,2,1,
202100051995,108 768,A01,1,7,0,2,4,1,1,
202100051996,108 766,A01,3,7,0,1,0,1,1,
202100051997,108 765,A01,1,7,1,0,2,1,1,
202100051998,108 763,A01,1,31,0,2,1,2,1,
202100051998,108 764,B01,1,7,0,2,4,1,1,
202100051999,108 762,A01,0,30,1,0,8,1,1,
202100052000,108 761,A01,0,7,1,0,1,1,1,
202100052001,108 758,B01,3,7,0,2,1,0,1,
202100052001,108 759,A01,3,7,0,2,1,0,1,
202100052002,108 757,A01,3,7,9,0,3,13,1,
202100052003,108 755,B01,2,1,0,2,1,1,5,
202100052003,108 756,A01,2,1,0,1,1,1,5,
202100052004,108 753,B01,1,2,0,2,1,1,1,
202100052004,108 754,A01,3,7,0,2,3,10,1,
202100052005,108 751,B01,1,50,0,2,7,19,3,
202100052005,108 752,A01,1,7,0,2,3,1,1,
202100052006,108 749,A01,1,7,0,2,1,2,1,
202100052006,108 750,B01,1,7,0,1,4,2,1,
202100052007,108 747,A01,1,7,0,2,2,1,1,
202100052007,108 748,B01,1,33,0,2,4,23,1,
202100052008,108 743,A01,1,7,0,2,1,2,1,
202100052008,108 744,B01,1,7,0,2,4,2,1,
202100052008,108 745,C01,1,7,0,2,1,2,1,
202100052008,108 746,D01,1,7,0,2,4,2,1,
202100052009,108 742,A01,1,7,0,0,0,14,1,
202100052010,108 740,B01,2,1,0,2,1,2,5,
202100052010,108 741,A01,2,7,0,2,5,22,1,
202100052011,108 738,B01,2,1,0,2,4,2,0,
202100052011,108 739,A01,1,7,0,2,1,2,1,
202100052012,108 737,A01,0,7,0,1,7,16,6,
202100052013,108 735,A01,0,10,0,2,2,15,1,
202100052013,108 736,B01,0,7,0,2,1,1,1,
202100052014,108 734,A01,1,7,0,1,1,15,1,
202100052015,108 732,B01,1,1,0,2,1,1,0,
202100052015,108 733,A01,2,7,0,2,1,15,1,
202100052016,108 730,A01,1,7,0,2,7,1,1,
202100052016,108 731,B01,0,31,0,2,1,1,1,
202100052017,108 729,A01,1,31,0,0,7,1,1,
202100052018,108 728,A01,1,2,0,2,7,1,1,
202100052019,108 726,A01,1,7,0,2,1,0,1,
202100052019,108 727,B01,1,1,0,2,4,1,5,
202100052020,108 724,A01,1,7,0,2,3,15,1,
202100052020,108 725,B01,1,2,0,2,1,17,1,
202100052021,108 723,A01,2,7,0,1,1,1,1,
202100052022,108 721,B01,1,7,0,2,3,19,1,
202100052022,108 722,A01,1,7,0,2,1,19,1,
202100052023,108 720,A01,1,30,0,0,0,1,1,
202100052024,108 718,A01,2,7,0,2,4,1,1,
202100052024,108 719,B01,2,2,0,2,1,2,1,
202100052025,108 717,A01,2,7,6,0,1,1,0,
202100052026,108 715,A01,1,10,0,2,1,2,1,
202100052026,108 716,B01,1,50,0,2,7,2,3,
202100052027,108 713,B01,3,33,0,2,7,1,1,
202100052027,108 714,A01,3,10,0,2,1,10,1,
202100052028,108 711,A01,3,7,0,2,3,15,1,
202100052028,108 712,B01,3,1,0,2,0,0,0,
202100052029,108 710,A01,3,7,0,1,3,1,1,
202100052030,108 709,A01,2,37,0,1,0,0,1,1.0
202100052031,108 707,B01,2,7,0,2,4,1,1,
202100052031,108 708,A01,2,7,0,2,1,1,1,
202100052032,108 706,B01,3,30,0,1,1,1,1,
202100052033,108 704,Z01,1,10,0,2,5,11,1,
202100052033,108 705,A01,1,43,0,2,3,1,1,
202100052034,108 703,A01,2,31,14,0,1,1,1,
202100052035,108 701,B01,3,7,0,2,3,1,1,
202100052035,108 702,A01,3,7,0,2,2,1,2,
202100052036,108 699,A01,3,7,0,2,1,1,1,
202100052036,108 700,B01,3,32,0,2,4,23,1,
202100052037,108 698,A01,1,7,0,1,8,1,1,
202100052038,108 696,A01,2,7,0,2,8,15,1,
202100052038,108 697,B01,2,34,0,2,7,17,1,
202100052039,108 694,Z01,1,30,0,2,1,5,1,
202100052039,108 695,A01,2,30,0,2,1,1,1,
202100052040,108 693,Z01,1,2,0,1,0,1,0,
202100052041,108 691,B01,2,7,0,2,0,9,1,
202100052041,108 692,A01,2,30,0,2,7,5,1,
202100052042,108 690,A01,1,33,0,0,0,1,1,
202100052043,108 689,A01,1,43,2,0,1,1,1,
202100052044,108 687,A01,2,7,0,0,0,15,1,
202100052044,108 688,B01,1,33,0,2,0,1,1,
202100052045,108 685,A01,3,7,0,2,1,1,1,
202100052045,108 686,B01,3,7,0,2,1,1,1,
202100052046,108 684,A01,2,7,0,1,4,20,1,
202100052047,108 682,B01,2,1,0,2,1,1,5,
202100052047,108 683,A01,1,7,0,9,8,15,1,
202100052048,108 680,A01,1,34,0,2,7,2,1,
202100052048,108 681,B01,1,7,0,2,1,16,1,
202100052049,108 678,B01,1,32,0,2,8,13,1,
202100052049,108 679,A01,1,7,0,2,1,9,0,
202100052050,108 677,A01,1,7,0,1,5,4,2,
202100052051,108 676,A01,3,10,0,1,3,1,1,
202100052052,108 675,A01,1,7,0,1,1,26,1,
202100052053,108 673,A01,1,7,0,2,5,15,1,
202100052053,108 674,B01,1,7,0,2,3,2,1,
202100052054,108 671,B01,2,7,0,2,3,19,1,
202100052054,108 672,A01,2,32,0,2,5,26,1,
202100052055,108 669,B01,1,7,0,2,8,1,1,
202100052055,108 670,A01,1,7,0,2,1,1,1,
202100052056,108 667,A01,1,32,12,2,2,17,1,
202100052056,108 668,B01,1,7,0,2,0,20,1,
202100052057,108 666,A01,2,7,0,1,2,1,1,
202100052058,108 663,A01,2,7,0,1,2,1,1,
202100052059,108 662,A01,1,7,0,1,1,0,1,
202100052060,108 660,A01,2,7,0,2,1,12,1,
202100052060,108 661,B01,2,7,0,0,6,1,1,
202100052061,108 659,B01,1,7,0,1,1,1,1,
202100052062,108 657,A01,2,7,0,2,2,19,1,
202100052062,108 658,B01,1,7,0,2,3,1,1,
202100052063,108 655,B01,1,10,0,2,1,2,1,
202100052063,108 656,A01,1,7,0,0,4,2,1,
202100052064,108 653,B01,0,39,0,2,1,19,3,
202100052064,108 654,A01,1,7,0,4,3,26,1,
202100052065,108 652,A01,2,7,13,0,1,2,1,
202100052066,108 649,B01,1,14,0,2,1,1,1,
202100052066,108 650,A01,2,7,0,2,2,13,1,
202100052066,108 651,C01,1,7,0,2,1,1,1,
202100052067,108 648,A01,1,1,0,0,0,25,5,
202100052068,108 647,A01,2,7,0,0,0,1,1,
202100052069,108 646,A01,2,7,6,0,1,1,2,
202100052070,108 645,A01,2,7,2,0,7,1,1,
202100052071,108 641,A01,1,7,0,9,1,2,1,
202100052071,108 642,B01,1,1,0,0,4,2,5,
202100052072,108 640,A01,2,7,0,0,3,13,1,
202100052073,108 639,A01,3,7,0,1,4,4,1,
202100052074,108 636,A01,1,10,0,2,1,13,1,
202100052074,108 637,B01,2,7,0,2,3,1,1,
202100052074,108 638,C01,2,7,0,2,1,1,1,
202100052075,108 635,A01,1,7,10,0,1,14,1,
202100052076,108 633,A01,1,7,0,2,2,13,1,
202100052076,108 634,B01,1,10,0,2,6,1,1,
202100052077,108 630,A01,2,7,3,2,1,17,1,
202100052077,108 631,B01,2,7,0,2,2,17,1,
202100052077,108 632,C01,2,17,0,2,3,1,1,
202100052078,108 629,A01,1,7,0,0,0,26,1,
202100052079,108 628,A01,2,10,0,0,9,1,1,
202100052080,108 626,A01,1,7,4,2,1,1,1,
202100052080,108 627,B01,1,15,0,0,8,1,1,
202100052081,108 625,A01,1,7,2,0,1,1,1,
202100052082,108 623,B01,1,7,0,2,1,1,1,
202100052082,108 624,A01,2,10,0,2,1,13,1,
202100052083,108 621,A01,3,7,0,2,1,26,1,
202100052083,108 622,B01,3,15,0,2,2,1,1,
202100052084,108 620,A01,3,2,6,0,1,1,1,
202100052085,108 619,A01,3,7,0,0,3,2,1,
202100052086,108 617,B01,1,7,0,2,8,1,1,
202100052086,108 618,A01,2,10,0,2,3,1,1,
202100052087,108 613,A01,2,7,0,2,1,17,1,
202100052087,108 614,C01,1,7,0,2,1,1,1,
202100052087,108 615,D01,1,7,0,2,0,1,1,
202100052087,108 616,B01,-1,7,0,2,0,0,1,
202100052088,108 610,A01,3,7,0,0,4,1,1,
202100052088,108 611,B01,3,7,0,2,4,2,1,
202100052088,108 612,C01,3,7,0,2,1,2,1,
202100052089,108 608,B01,1,1,0,2,4,1,5,
202100052089,108 609,A01,1,7,0,2,1,1,1,
202100052090,108 603,C01,1,7,0,2,0,1,1,
202100052090,108 604,D01,1,7,0,2,0,0,1,
202100052090,108 605,E01,1,7,0,2,1,1,1,
202100052090,108 606,A01,1,7,0,2,4,1,1,
202100052090,108 607,B01,1,7,0,2,0,1,1,
202100052091,108 600,C01,2,10,0,2,1,2,1,
202100052091,108 601,B01,2,7,0,2,4,2,1,
202100052091,108 602,A01,2,7,0,2,4,2,1,
202100052092,108 597,C01,1,7,0,2,1,1,1,
202100052092,108 598,B01,1,10,0,2,4,1,1,
202100052092,108 599,A01,1,7,0,2,4,1,1,
202100052093,108 594,A01,2,7,0,2,1,2,1,
202100052093,108 595,B01,2,7,0,2,4,2,1,
202100052093,108 596,C01,2,7,0,2,4,2,1,
202100052094,108 591,A01,1,10,4,9,4,1,1,
202100052094,108 592,B01,1,15,4,2,1,2,1,
202100052094,108 593,C01,1,10,4,0,4,1,1,
202100052095,108 590,A01,1,7,0,5,1,1,1,
202100052096,108 587,A01,1,7,0,2,3,1,1,
202100052096,108 588,B01,1,7,0,2,4,2,1,
202100052096,108 589,C01,1,10,0,2,1,2,1,
202100052097,108 585,A01,2,7,0,2,6,1,1,
202100052097,108 586,B01,2,17,0,2,3,11,1,
202100052098,108 584,A01,2,33,0,0,7,1,1,
202100052099,108 582,A01,1,2,0,2,3,13,1,
202100052099,108 583,MB01,1,7,0,2,3,26,1,
202100052100,108 580,A01,2,7,0,2,3,20,2,
202100052100,108 581,B01,1,33,0,2,1,17,1,
202100052101,108 578,A01,1,7,0,9,7,16,1,
202100052101,108 579,B01,1,2,0,2,8,2,1,
202100052102,108 576,A01,1,1,0,2,6,1,5,
202100052102,108 577,B01,2,7,0,2,3,1,1,
202100052103,108 575,A01,1,33,0,0,1,2,1,
202100052104,108 573,B01,1,7,8,2,0,1,1,
202100052104,108 574,A01,2,7,0,2,0,15,1,
202100052105,108 572,A01,2,7,0,1,2,1,1,
202100052106,108 571,A01,1,33,0,1,7,21,1,
202100052107,108 569,B01,1,7,0,2,1,1,1,
202100052107,108 570,A01,2,7,0,2,2,15,1,
202100052108,108 567,A01,2,7,0,2,3,10,1,
202100052108,108 568,B01,2,7,0,2,7,1,1,
202100052109,108 565,B01,2,7,0,2,1,24,1,
202100052109,108 566,A01,1,30,1,0,7,14,1,
202100052110,108 563,B01,1,37,0,2,1,23,1,1.0
202100052110,108 564,A01,2,30,14,0,1,26,1,
202100052111,108 561,Z01,3,7,0,2,1,1,1,
202100052111,108 562,B01,3,7,0,2,5,9,1,
202100052112,108 560,A01,3,32,0,1,1,1,1,
202100052113,108 559,A01,2,7,0,1,1,26,1,
202100052114,108 555,B01,0,7,0,2,1,1,1,
202100052114,108 556,A01,0,7,0,2,6,1,1,
202100052115,108 553,B01,0,7,0,2,4,23,1,
202100052115,108 554,A01,0,7,0,2,1,1,1,
202100052116,108 551,A01,0,7,0,2,1,15,1,
202100052116,108 552,B01,0,1,0,2,7,1,5,
202100052117,108 549,A01,0,7,0,2,1,9,1,
202100052117,108 550,B01,0,31,0,2,7,1,1,
202100052118,108 548,Z01,3,7,0,1,1,26,0,
202100052119,108 546,B01,1,7,0,2,2,1,1,
202100052119,108 547,A01,1,7,0,2,5,1,1,
202100052120,108 544,A01,2,2,0,2,3,18,1,
202100052120,108 545,B01,2,7,0,2,5,16,1,
202100052121,108 542,B01,0,80,0,2,8,0,3,
202100052121,108 543,A01,0,7,0,2,7,15,1,
202100052122,108 541,A01,3,50,0,0,0,0,3,
202100052123,108 540,A01,3,1,0,0,1,0,5,
202100052124,108 539,A01,1,0,0,0,0,0,0,
202100052125,108 535,A01,3,10,0,2,1,1,1,
202100052125,108 536,B01,3,7,0,2,4,1,1,
202100052125,108 537,C01,3,7,0,2,4,1,1,
202100052125,108 538,D01,3,7,0,2,4,1,1,
202100052126,108 534,A01,1,7,4,0,3,1,1,
202100052127,108 532,B01,2,7,0,2,1,1,3,
202100052127,108 533,A01,1,7,0,2,1,13,1,
202100052128,108 531,A01,2,30,0,2,7,2,1,
202100052129,108 529,A01,1,7,0,1,2,1,0,
202100052129,108 530,B01,1,7,0,2,1,2,1,
202100052130,108 528,A01,1,7,0,1,3,1,1,
202100052131,108 527,A01,1,7,0,1,1,1,1,
202100052132,108 525,A01,2,7,0,2,1,1,1,
202100052132,108 526,B01,2,7,0,2,4,0,1,
202100052133,108 524,A01,2,7,0,1,1,1,1,
202100052134,108 521,A01,1,30,0,0,0,1,1,
202100052135,108 520,A01,1,33,0,0,7,1,1,
202100052136,108 519,A01,2,7,4,0,1,13,1,
202100052137,108 516,C01,1,7,0,2,4,23,1,
202100052137,108 517,B01,1,7,0,2,4,23,1,
202100052137,108 518,A01,1,7,0,2,1,1,1,
202100052138,108 514,B01,1,7,0,2,3,16,2,
202100052138,108 515,A01,1,31,0,2,1,1,1,
202100052139,108 512,B01,2,1,0,2,8,19,5,
202100052139,108 513,A01,1,1,0,2,1,1,5,
202100052140,108 510,A01,3,7,0,2,3,15,1,
202100052140,108 511,B01,3,30,0,2,1,17,1,
202100052141,108 509,A01,3,34,0,0,3,21,1,
202100052142,108 507,A01,3,7,0,2,3,15,1,
202100052142,108 508,B01,3,32,0,2,3,1,1,
202100052143,108 505,A01,1,30,0,2,1,1,1,
202100052143,108 506,B01,2,1,0,2,3,1,5,
202100052144,108 504,A01,1,1,0,1,1,1,5,
202100052145,108 503,A01,2,32,0,1,7,1,1,
202100052146,108 501,B01,1,50,0,2,0,1,3,
202100052146,108 502,A01,2,7,0,2,0,15,1,
202100052147,108 500,A01,1,7,0,1,1,1,1,
202100052148,108 499,A01,3,7,0,1,5,26,1,
202100052149,108 497,A01,1,33,1,2,1,1,1,
202100052149,108 498,B01,1,7,0,2,3,9,1,
202100052150,108 495,A01,2,7,0,2,1,11,1,
202100052150,108 496,B01,2,32,0,2,1,1,1,
202100052151,108 493,A01,2,7,0,2,3,1,1,
202100052151,108 494,B01,1,33,0,2,1,1,1,
202100052152,108 491,B01,3,60,0,2,7,19,5,
202100052152,108 492,A01,3,7,0,1,3,9,1,
202100052153,108 490,Z01,1,7,1,1,0,0,0,
202100052154,108 488,A01,2,33,0,2,2,17,1,
202100052154,108 489,B01,2,7,0,2,3,15,1,
202100052155,108 487,A01,1,7,0,1,4,26,1,
202100052156,108 485,B01,1,10,0,2,0,15,0,
202100052156,108 486,A01,1,7,9,1,1,1,1,
202100052157,108 483,A01,2,7,0,2,1,1,1,
202100052157,108 484,B01,1,7,0,2,1,13,1,
202100052158,108 481,B01,1,50,0,2,1,25,3,
202100052158,108 482,A01,1,7,0,0,2,2,1,
202100052159,108 479,B01,2,7,0,9,6,1,1,
202100052159,108 480,A01,1,7,0,2,0,1,1,
202100052160,108 477,B01,1,7,0,2,2,1,1,
202100052160,108 478,A01,2,2,0,2,3,15,1,
202100052161,108 475,A01,1,7,0,2,1,13,1,
202100052161,108 476,B01,2,14,0,2,3,1,1,
202100052162,108 473,A01,1,38,0,2,2,1,1,1.0
202100052162,108 474,B01,2,7,0,2,3,15,1,
202100052163,108 471,A01,1,7,0,2,3,1,1,
202100052163,108 472,B01,2,7,0,2,3,1,1,
202100052164,108 469,B01,1,7,0,2,3,16,1,
202100052164,108 470,A01,1,1,0,2,7,1,5,
202100052165,108 468,A01,1,7,0,1,2,26,1,
202100052166,108 466,B01,2,7,0,2,7,15,1,
202100052166,108 467,A01,1,33,0,2,1,1,1,
202100052167,108 465,A01,2,33,6,0,3,1,1,
202100052168,108 462,C01,2,7,0,9,1,2,1,
202100052168,108 463,B01,2,7,0,2,3,1,1,
202100052168,108 464,A01,1,7,0,2,1,1,1,
202100052169,108 460,B01,2,7,0,2,6,15,1,
202100052169,108 461,A01,2,7,0,2,2,17,1,
202100052170,108 457,B01,2,7,0,2,3,1,1,
202100052170,108 458,A01,1,7,0,2,3,1,1,
202100052171,108 455,A01,1,7,0,2,1,13,1,
202100052171,108 456,B01,2,14,0,2,1,1,1,
202100052172,108 453,A01,1,7,0,2,1,1,1,
202100052172,108 454,B01,2,7,0,0,1,1,1,
202100052173,108 450,A01,1,7,0,2,1,2,1,
202100052173,108 451,C01,1,7,0,2,4,23,1,
202100052173,108 452,B01,1,7,0,2,4,23,1,
202100052174,108 448,B01,2,7,8,0,3,1,1,
202100052174,108 449,A01,1,7,0,2,1,2,1,
202100052175,108 447,A01,1,7,2,0,1,1,1,
202100052176,108 445,A01,3,7,0,2,1,2,1,
202100052176,108 446,B01,3,2,0,2,6,1,1,
202100052177,108 444,A01,2,7,2,0,1,1,1,
202100052178,108 443,A01,1,7,10,0,3,1,1,
202100052179,108 441,A01,2,13,0,9,2,16,0,
202100052179,108 442,B01,1,1,0,2,1,26,5,
202100052180,108 439,B01,2,7,0,2,1,1,1,
202100052180,108 440,A01,1,7,0,2,7,15,1,
202100052181,108 436,A01,1,2,0,2,3,2,1,
202100052181,108 437,B01,1,10,0,2,5,1,1,
202100052182,108 434,B01,2,7,0,0,3,1,1,
202100052182,108 435,A01,1,7,0,2,3,1,1,
202100052183,108 433,A01,1,7,4,0,3,1,1,
202100052184,108 432,A01,2,17,0,0,7,1,1,
202100052185,108 431,A01,2,7,0,1,1,1,1,
202100052186,108 429,A01,1,33,0,2,1,5,1,
202100052186,108 430,B01,2,7,0,2,3,26,1,
202100052187,108 428,A01,2,7,2,1,2,14,1,
202100052188,108 426,B01,1,2,0,2,1,1,1,
202100052188,108 427,A01,1,7,0,0,5,26,1,
202100052189,108 425,A01,3,99,1,0,0,14,0,
202100052190,108 422,A01,2,7,0,2,3,17,1,
202100052190,108 423,B01,1,7,3,2,3,1,1,
202100052190,108 424,C01,2,15,0,2,6,1,1,
202100052191,108 421,A01,3,7,0,1,3,1,0,
202100052192,108 419,A01,2,7,0,2,3,9,1,
202100052192,108 420,B01,2,30,0,2,7,1,1,
202100052193,108 417,A01,1,7,0,2,2,5,1,
202100052193,108 418,B01,2,7,0,2,3,1,1,
202100052194,108 415,B01,2,10,0,0,5,1,1,
202100052194,108 416,A01,2,7,2,2,1,2,1,
202100052195,108 413,A01,2,7,0,2,6,15,1,
202100052195,108 414,B01,1,7,0,2,1,1,1,
202100052196,108 411,B01,2,7,0,0,4,1,1,
202100052196,108 412,A01,2,7,0,2,1,1,1,
202100052197,108 408,A01,2,15,0,2,3,1,1,
202100052197,108 409,B01,1,15,0,2,0,1,1,
202100052198,108 407,A01,2,7,12,0,3,26,1,
202100052199,108 405,B01,1,7,0,2,4,2,1,
202100052199,108 406,A01,1,33,0,2,1,2,1,
202100052200,108 402,C01,1,7,0,2,1,2,1,
202100052200,108 403,B01,1,15,0,2,1,2,1,
202100052200,108 404,A01,1,7,0,2,4,2,1,
202100052201,108 400,A01,2,7,0,2,8,9,1,
202100052201,108 401,B01,2,33,0,2,7,1,1,
202100052202,108 399,A01,2,7,4,0,1,1,1,
202100052203,108 397,A01,1,7,0,9,8,19,1,
202100052203,108 398,B01,2,2,0,2,1,1,1,
202100052204,108 394,C01,3,2,0,2,1,1,1,
202100052204,108 395,A01,3,2,0,2,1,26,1,
202100052204,108 396,B01,3,7,0,2,3,1,1,
202100052205,108 393,A01,2,7,8,0,1,16,1,
202100052206,108 391,A01,3,7,0,2,1,1,1,
202100052206,108 392,B01,3,7,0,2,4,1,1,
202100052207,108 390,A01,2,7,7,0,1,13,1,
202100052208,108 388,A01,2,7,0,2,8,19,1,
202100052208,108 389,B01,2,33,0,2,1,1,1,
202100052209,108 387,A01,3,7,0,1,1,1,1,
202100052210,108 384,B01,1,7,12,2,1,1,1,
202100052210,108 385,A01,1,10,12,2,1,1,1,
202100052211,108 382,A01,2,7,0,2,7,20,1,
202100052211,108 383,B01,2,2,0,2,3,7,1,
202100052212,108 380,A01,2,7,0,2,1,1,1,
202100052212,108 381,B01,2,10,0,2,4,23,1,
202100052213,108 379,A01,0,7,8,0,1,1,1,
202100052214,108 377,A01,3,7,4,0,1,1,1,
202100052214,108 378,B01,3,7,0,2,2,1,1,
202100052215,108 375,A01,1,7,0,2,2,20,1,
202100052215,108 376,B01,1,1,0,2,1,1,5,
202100052216,108 373,A01,1,33,0,2,1,2,1,
202100052216,108 374,B01,1,7,0,9,4,1,1,
202100052217,108 371,B01,2,33,0,2,8,1,1,
202100052217,108 372,A01,1,7,0,2,1,19,1,
202100052218,108 368,A01,1,7,6,0,1,14,1,
202100052219,108 365,A01,1,7,0,2,2,15,1,
202100052219,108 366,B01,1,7,0,2,0,2,1,
202100052219,108 367,C01,2,7,0,2,8,2,1,
202100052220,108 364,A01,1,32,0,0,0,1,1,
202100052221,108 362,B01,3,7,0,2,3,1,1,
202100052221,108 363,A01,3,7,0,2,3,15,1,
202100052222,108 361,A01,3,7,6,0,1,2,1,
202100052223,108 357,D01,3,7,0,2,4,2,1,
202100052223,108 358,A01,3,7,0,2,1,2,1,
202100052223,108 359,B01,3,7,0,2,4,2,1,
202100052223,108 360,C01,3,7,0,2,4,2,1,
202100052224,108 355,A01,1,7,0,2,2,1,1,
202100052224,108 356,B01,2,30,0,2,1,1,1,
202100052225,108 352,C01,3,7,0,2,4,1,1,
202100052225,108 353,B01,3,7,0,2,4,1,1,
202100052225,108 354,A01,3,7,0,2,1,1,1,
202100052226,108 350,B01,1,7,0,9,6,13,1,
202100052226,108 351,A01,1,33,0,2,1,1,1,
202100052227,108 348,Z01,1,10,0,2,1,2,0,
202100052227,108 349,A01,1,7,0,2,5,2,1,
202100052228,108 347,A01,1,32,0,1,1,1,1,
202100052229,108 345,B01,1,30,0,2,8,12,1,
202100052229,108 346,A01,1,7,0,2,5,12,1,
202100052230,108 344,Z01,1,80,0,1,0,1,3,
202100052231,108 342,B01,1,7,0,2,2,15,1,
202100052231,108 343,A01,1,30,0,2,1,1,1,
202100052232,108 341,A01,1,1,0,0,0,1,5,
202100052233,108 339,A01,1,7,0,2,3,15,1,
202100052233,108 340,B01,2,2,0,2,1,1,1,
202100052234,108 337,B01,3,7,0,2,8,1,0,
202100052234,108 338,A01,3,30,0,2,1,1,1,
202100052235,108 336,A01,2,2,1,0,2,14,1,
202100052236,108 333,A01,1,7,0,2,4,2,1,
202100052236,108 334,B01,1,7,0,2,4,2,1,