Num_Acc,id_vehicule,num_veh,senc,catv,obs,obsm,choc,manv,motor,occutc
202100052541,107 803,A01,2,7,15,0,1,1,1,
202100052542,107 801,A01,1,7,0,2,2,10,1,
202100052542,107 802,B01,2,33,0,2,1,1,1,
202100052543,107 800,A01,1,80,0,0,0,0,3,
202100052544,107 798,A01,3,7,0,2,3,9,1,
202100052544,107 799,B01,3,1,0,2,7,0,5,
202100052545,107 797,A01,3,7,0,1,2,1,1,
202100052546,107 795,A01,3,7,0,2,1,15,1,
202100052546,107 796,B01,1,80,0,2,8,1,3,
202100052547,107 792,A01,1,15,0,2,1,2,1,
202100052547,107 793,B01,1,7,0,2,4,1,1,
202100052547,107 794,C01,1,15,0,2,4,1,1,
202100052548,107 790,B01,2,7,0,0,4,2,1,
202100052548,107 791,A01,2,7,0,2,1,2,1,
202100052549,107 788,B01,2,7,0,0,0,0,1,
202100052549,107 789,A01,1,1,0,2,0,13,0,
202100052550,107 787,A01,2,7,0,1,3,9,1,
202100052551,107 786,A01,1,7,3,0,2,1,1,
202100052552,107 784,B01,1,7,0,2,2,16,1,
202100052552,107 785,A01,1,30,0,2,1,18,1,
202100052553,107 783,A01,1,15,0,1,0,26,1,
202100052554,107 781,A01,2,10,0,2,8,13,1,
202100052554,107 782,B01,2,33,0,2,7,1,1,
202100052555,107 779,B01,3,7,0,2,7,1,1,
202100052555,107 780,A01,3,7,0,2,1,9,1,
202100052556,107 778,Z01,2,32,0,1,0,1,0,
202100052557,107 776,B01,2,7,0,2,6,15,1,
202100052557,107 777,A01,2,30,0,2,1,17,1,
202100052558,107 774,A01,1,32,0,2,1,1,1,
202100052558,107 775,B01,1,7,0,2,2,10,1,
202100052559,107 773,Z01,1,7,0,1,1,2,1,
202100052560,107 771,B01,2,7,0,2,1,1,1,
202100052560,107 772,A01,1,30,0,2,7,1,1,
202100052561,107 769,A01,3,10,0,2,1,2,1,
202100052561,107 770,B01,3,7,0,2,4,23,1,
202100052562,107 767,B01,1,7,0,2,1,9,1,
202100052562,107 768,A01,2,33,0,2,1,8,1,
202100052563,107 765,B01,2,7,0,2,7,20,1,
202100052563,107 766,A01,2,30,1,2,1,1,1,
202100052564,107 763,A01,2,33,0,2,1,17,1,
202100052564,107 764,B01,2,10,0,2,3,15,1,
202100052565,107 762,A01,1,10,0,1,5,1,1,
202100052566,107 760,B01,3,37,0,2,5,21,2,1.0
202100052566,107 761,A01,3,7,0,2,8,22,1,
202100052567,107 759,A01,1,33,0,1,1,1,1,
202100052568,107 758,A01,1,7,0,1,2,1,1,
202100052569,107 757,A01,3,1,0,1,1,1,5,
202100052570,107 755,B01,1,1,0,2,1,13,5,
202100052570,107 756,A01,2,2,0,2,1,1,1,
202100052571,107 754,A01,2,1,0,1,7,1,5,
202100052572,107 752,B01,0,30,0,2,1,3,1,
202100052572,107 753,A01,3,32,0,2,8,11,1,
202100052573,107 750,B01,2,7,0,2,6,23,1,
202100052573,107 751,A01,2,30,0,2,2,1,1,
202100052574,107 748,A01,2,33,0,2,6,1,1,
202100052574,107 749,B01,2,1,0,2,6,15,5,
202100052575,107 746,A01,1,30,0,2,3,13,1,
202100052575,107 747,B01,1,33,0,2,2,1,1,
202100052576,107 745,A01,2,1,0,1,2,1,5,
202100052577,107 744,A01,1,2,14,0,7,1,1,
202100052578,107 743,A01,2,30,0,0,7,1,1,
202100052579,107 741,A01,1,7,0,2,2,16,1,
202100052579,107 742,B01,1,1,0,2,1,1,5,
202100052580,107 739,B01,2,7,0,1,1,1,1,
202100052580,107 740,A01,2,2,0,1,0,0,0,
202100052581,107 738,A01,1,1,0,1,7,1,5,
202100052582,107 736,B01,3,7,0,2,8,15,1,
202100052582,107 737,A01,3,31,0,2,7,15,1,
202100052583,107 735,B01,1,7,1,2,2,1,1,
202100052584,107 733,B01,1,7,0,2,3,15,1,
202100052584,107 734,A01,1,2,0,2,1,17,1,
202100052585,107 731,A01,2,7,15,0,2,13,1,
202100052585,107 732,B01,2,1,0,0,0,0,5,
202100052586,107 730,A01,3,33,3,0,1,17,1,
202100052587,107 728,B01,2,7,15,0,4,2,1,
202100052587,107 729,A01,2,7,15,0,1,2,1,
202100052588,107 725,C01,2,50,0,2,9,16,3,
202100052588,107 726,A01,1,10,0,2,3,9,1,
202100052588,107 727,B01,2,7,0,2,6,2,1,
202100052589,107 723,B01,3,7,0,0,8,15,1,
202100052589,107 724,A01,3,7,0,2,1,1,1,
202100052590,107 721,A01,0,7,0,0,0,0,1,
202100052590,107 722,B01,0,20,0,0,0,0,0,
202100052591,107 719,B01,-1,7,0,2,5,15,1,
202100052591,107 720,A01,-1,7,0,2,7,1,2,
202100052592,107 717,A01,2,7,0,2,1,2,1,
202100052592,107 718,B01,2,7,0,2,4,2,1,
202100052593,107 715,B01,-1,10,0,2,3,10,1,
202100052593,107 716,A01,-1,7,0,2,2,1,1,
202100052594,107 713,A01,0,7,0,2,2,16,1,
202100052594,107 714,MB01,3,7,0,2,3,0,0,
202100052595,107 711,A01,1,7,0,2,3,15,1,
202100052595,107 712,B01,1,32,0,2,1,1,1,
202100052596,107 709,B01,2,7,0,2,6,15,1,
202100052596,107 710,A01,2,2,0,2,2,0,1,
202100052597,107 707,A01,3,7,0,2,1,15,1,
202100052597,107 708,B01,3,32,0,2,1,1,1,
202100052598,107 705,B01,3,10,0,2,2,10,1,
202100052598,107 706,A01,3,31,0,2,1,1,1,
202100052599,107 703,B01,1,33,0,2,1,1,1,
202100052599,107 704,A01,3,21,0,2,4,19,1,
202100052600,107 701,B01,1,7,6,2,7,1,1,
202100052600,107 702,A01,1,7,6,2,1,19,1,
202100052601,107 700,A01,2,7,0,1,2,1,1,
202100052602,107 698,A01,1,17,0,0,6,24,1,
202100052602,107 699,B01,1,17,1,0,2,26,1,
202100052603,107 696,B01,2,7,0,0,1,1,1,
202100052603,107 697,A01,1,7,4,0,1,1,1,
202100052604,107 694,B01,2,33,0,2,1,1,1,
202100052604,107 695,A01,1,21,0,2,7,15,1,
202100052605,107 692,A01,1,1,0,2,1,1,5,
202100052605,107 693,B01,2,10,0,9,8,1,1,
202100052606,107 686,A01,2,7,0,2,1,2,1,
202100052606,107 687,B01,2,7,0,2,4,2,1,
202100052606,107 688,C01,2,7,0,2,4,2,1,
202100052606,107 689,D01,2,7,0,2,4,2,1,
202100052606,107 690,E01,2,7,0,2,4,2,1,
202100052606,107 691,F01,2,7,0,2,4,2,1,
202100052607,107 685,A01,3,31,8,0,1,1,1,
202100052608,107 683,A01,1,3,0,2,7,2,3,
202100052608,107 684,B01,1,1,0,2,8,2,5,
202100052609,107 682,A01,2,7,2,0,1,14,1,
202100052610,107 680,B01,1,2,0,2,4,1,1,
202100052610,107 681,A01,1,7,0,2,1,1,1,
202100052611,107 678,A01,2,10,0,2,8,15,1,
202100052611,107 679,B01,1,2,0,2,1,1,1,
202100052612,107 677,A01,1,7,2,6,1,1,1,
202100052613,107 676,A01,2,7,13,0,2,1,1,
202100052614,107 675,A01,1,7,0,1,3,1,1,
202100052615,107 674,A01,2,7,12,0,2,1,0,
202100052616,107 673,A01,3,7,0,1,7,2,0,
202100052617,107 672,A01,1,7,6,0,2,14,1,
202100052618,107 670,A01,2,7,0,2,8,15,1,
202100052618,107 671,B01,1,1,0,2,1,1,5,
202100052619,107 668,A01,2,7,0,2,1,1,1,
202100052619,107 669,B01,2,1,0,0,4,1,5,
202100052620,107 666,A01,1,10,0,0,3,17,1,
202100052620,107 667,B01,2,7,0,0,3,14,1,
202100052621,107 665,A01,1,33,13,0,7,13,1,
202100052622,107 661,A01,2,1,0,2,8,9,5,
202100052622,107 662,B01,2,7,0,2,2,1,1,
202100052623,107 659,B01,1,7,0,0,5,1,1,
202100052623,107 660,A01,1,7,9,2,1,12,1,
202100052624,107 658,A01,1,7,3,0,3,17,1,
202100052625,107 657,A01,3,20,0,0,0,0,6,
202100052626,107 656,A01,2,7,16,0,2,1,1,
202100052627,107 655,A01,1,7,0,1,1,1,1,
202100052628,107 654,A01,3,7,6,0,1,16,1,
202100052629,107 653,A01,2,7,0,1,1,1,1,
202100052630,107 652,A01,1,31,8,0,0,1,1,
202100052631,107 649,A01,2,32,0,2,8,2,1,
202100052631,107 650,C01,1,7,0,2,1,2,0,
202100052631,107 651,B01,2,7,0,0,8,2,2,
202100052632,107 648,A01,3,7,13,0,1,1,1,
202100052633,107 646,B01,0,10,0,2,2,1,1,
202100052633,107 647,A01,0,14,0,2,1,1,1,
202100052634,107 644,A01,2,1,0,2,1,1,5,
202100052634,107 645,B01,2,10,0,0,7,1,1,
202100052635,107 642,B01,2,7,0,2,4,2,1,
202100052635,107 643,A01,2,7,0,2,1,1,1,
202100052636,107 640,B01,1,7,0,2,1,9,1,
202100052636,107 641,A01,1,7,0,2,4,9,1,
202100052637,107 638,A01,2,7,0,2,1,26,1,
202100052637,107 639,B01,2,7,0,0,4,2,1,
202100052638,107 636,A01,1,17,0,2,1,12,1,
202100052638,107 637,B01,1,7,0,2,6,1,1,
202100052639,107 634,B01,2,7,0,2,4,23,1,
202100052639,107 635,A01,2,7,0,2,1,1,1,
202100052640,107 633,A01,2,33,1,0,9,1,1,
202100052641,107 631,B01,1,7,0,2,4,2,1,
202100052641,107 632,A01,1,7,0,2,1,2,1,
202100052642,107 629,B01,1,7,0,2,6,11,1,
202100052642,107 630,A01,1,33,0,2,2,3,1,
202100052643,107 628,A01,2,7,4,0,1,1,1,
202100052644,107 625,B01,2,10,0,2,4,1,1,
202100052644,107 626,C01,2,10,0,2,4,1,1,
202100052644,107 627,A01,2,7,0,2,1,21,1,
202100052645,107 623,B01,1,7,0,2,1,1,1,
202100052645,107 624,A01,2,32,0,2,1,1,1,
202100052646,107 622,A01,1,7,14,0,1,15,1,
202100052647,107 620,B01,1,7,0,0,4,2,1,
202100052647,107 621,A01,1,7,0,2,1,2,2,
202100052648,107 618,B01,2,7,0,2,1,1,1,
202100052648,107 619,A01,1,30,0,2,1,21,1,
202100052649,107 616,B01,1,7,0,2,3,1,1,
202100052649,107 617,A01,2,33,0,2,1,1,0,
202100052650,107 614,B01,3,50,0,2,1,25,3,
202100052650,107 615,Z01,3,7,0,2,1,26,1,
202100052651,107 612,B01,2,32,0,2,7,1,1,
202100052651,107 613,A01,1,7,0,2,3,10,0,
202100052652,107 610,A01,3,3,0,2,1,13,1,
202100052652,107 611,B01,3,37,0,2,3,1,1,1.0
202100052653,107 608,B01,3,1,0,2,4,1,5,
202100052653,107 609,A01,3,7,0,2,1,9,0,
202100052654,107 606,B01,1,31,0,2,1,15,0,
202100052654,107 607,A01,1,7,0,2,6,11,1,
202100052655,107 605,A01,2,7,0,1,3,1,1,
202100052656,107 604,A01,3,37,0,1,2,16,1,1.0
202100052657,107 601,C01,2,7,0,2,1,1,1,
202100052657,107 602,A01,1,7,0,2,1,1,1,
202100052657,107 603,B01,2,7,0,2,1,1,1,
202100052658,107 599,A01,0,7,0,2,1,1,1,
202100052658,107 600,B01,0,7,0,2,6,23,1,
202100052659,107 597,B01,2,7,0,2,3,1,0,
202100052659,107 598,A01,1,30,0,2,1,1,0,
202100052660,107 595,A01,3,7,0,2,8,9,1,
202100052660,107 596,B01,1,43,0,2,1,1,1,
202100052661,107 594,A01,1,7,8,0,1,14,1,
202100052662,107 593,A01,1,7,0,1,1,1,1,
202100052663,107 591,B01,2,7,0,2,3,1,1,
202100052663,107 592,A01,1,10,0,2,1,1,1,
202100052664,107 590,A01,2,1,15,0,3,21,5,
202100052665,107 588,B01,3,31,0,2,7,1,1,
202100052665,107 589,A01,3,10,0,2,1,9,1,
202100052666,107 586,B01,1,7,0,2,8,19,1,
202100052666,107 587,A01,2,30,0,2,1,1,1,
202100052667,107 584,A01,1,30,0,2,1,26,1,
202100052667,107 585,B01,1,7,0,0,4,2,0,
202100052668,107 583,A01,2,1,0,0,0,26,5,
202100052669,107 582,A01,1,10,8,0,1,13,1,
202100052670,107 580,B01,0,7,0,2,3,23,1,
202100052670,107 581,A01,0,1,0,2,1,16,5,
202100052671,107 579,A01,1,10,0,1,4,4,1,
202100052672,107 578,A01,3,50,0,0,0,0,3,
202100052673,107 577,A01,3,10,0,1,7,16,1,
202100052674,107 576,A01,2,7,2,0,1,14,1,
202100052675,107 574,Z01,1,7,0,0,1,1,-1,
202100052675,107 575,A01,3,1,0,2,1,1,5,
202100052676,107 572,B01,1,1,0,2,1,1,5,
202100052676,107 573,A01,2,7,0,2,8,1,1,
202100052677,107 570,A01,1,7,6,2,1,1,1,
202100052677,107 571,B01,2,7,0,2,5,1,2,
202100052678,107 569,A01,2,7,0,1,2,1,1,
202100052679,107 567,A01,1,7,0,2,3,17,1,
202100052679,107 568,B01,2,31,0,2,1,1,1,
202100052680,107 565,B01,1,7,0,1,1,1,1,
202100052680,107 566,A01,2,7,0,2,1,1,1,
202100052681,107 564,A01,0,1,6,0,1,17,5,
202100052682,107 562,A01,3,33,0,2,1,17,1,
202100052682,107 563,B01,3,7,0,2,8,15,1,
202100052683,107 561,A01,2,33,0,1,1,1,1,
202100052684,107 559,A01,2,10,0,2,2,15,1,
202100052684,107 560,B01,1,7,0,2,1,1,1,
202100052685,107 557,A01,1,7,0,2,2,12,1,
202100052685,107 558,B01,1,31,0,2,3,1,1,
202100052686,107 555,B01,2,7,0,2,4,2,1,
202100052686,107 556,A01,2,7,0,2,1,2,1,
202100052687,107 553,B01,2,32,0,2,2,3,1,
202100052687,107 554,A01,2,7,0,2,8,11,1,
202100052688,107 551,A01,1,10,0,2,1,1,1,
202100052688,107 552,B01,1,30,0,2,8,1,1,
202100052689,107 549,A01,1,7,0,2,5,10,1,
202100052689,107 550,B01,2,30,0,2,1,1,1,
202100052690,107 545,A01,1,50,0,2,1,5,3,
202100052690,107 546,B01,1,7,0,2,2,15,1,
202100052691,107 543,A01,1,33,0,2,7,5,1,
202100052691,107 544,B01,1,7,0,2,3,15,1,
202100052692,107 541,A01,1,7,0,2,1,1,1,
202100052692,107 542,B01,1,1,0,2,7,1,5,
202100052693,107 539,B01,1,7,0,2,5,23,1,
202100052693,107 540,A01,1,30,0,2,1,2,1,
202100052694,107 538,A01,1,10,0,1,2,15,1,
202100052695,107 537,Z01,1,10,0,1,0,1,0,
202100052696,107 535,A01,2,1,0,2,1,1,5,
202100052696,107 536,B01,3,7,0,9,3,1,1,
202100052697,107 534,A01,2,7,0,1,0,1,2,
202100052698,107 533,A01,3,7,0,1,3,1,1,
202100052699,107 531,A01,3,7,0,2,4,9,1,
202100052699,107 532,B01,3,7,0,2,1,0,1,
202100052700,107 529,B01,3,7,0,2,3,23,1,
202100052700,107 530,A01,2,7,0,2,2,1,1,
202100052701,107 527,B01,0,10,0,2,3,13,1,
202100052701,107 528,A01,0,37,0,2,1,26,1,1.0
202100052702,107 526,A01,1,7,0,1,1,0,1,
202100052703,107 525,A01,1,7,0,1,2,1,1,
202100052704,107 523,A01,1,7,0,2,2,10,1,
202100052704,107 524,B01,2,34,0,2,3,1,1,
202100052705,107 521,B01,2,7,0,2,3,2,1,
202100052705,107 522,A01,2,33,0,2,4,23,1,
202100052706,107 520,A01,1,7,0,1,3,15,1,
202100052707,107 518,B01,3,50,0,2,1,1,3,
202100052707,107 519,A01,1,7,0,2,2,15,2,
202100052708,107 517,A01,1,7,0,1,1,1,2,
202100052709,107 516,A01,3,7,0,1,5,1,1,
202100052710,107 514,A01,1,7,0,2,4,2,0,
202100052710,107 515,B01,1,30,0,2,4,1,1,
202100052711,107 512,B01,1,34,0,2,1,1,1,
202100052711,107 513,A01,1,7,0,2,1,1,1,
202100052712,107 511,A01,1,14,0,0,8,14,1,
202100052713,107 509,A01,2,10,0,2,2,1,1,
202100052713,107 510,B01,2,7,3,0,6,11,1,
202100052714,107 507,A01,0,7,13,2,3,13,1,
202100052714,107 508,B01,0,7,0,2,8,1,1,
202100052715,107 506,A01,1,7,0,1,2,1,1,
202100052716,107 505,A01,1,7,15,0,9,0,1,
202100052717,107 504,A01,2,7,0,0,1,2,1,
202100052718,107 501,A01,2,7,0,9,3,17,1,
202100052718,107 502,B01,1,1,0,2,1,1,5,
202100052718,107 503,C01,1,1,0,2,1,1,5,
202100052719,107 499,A01,1,10,0,2,2,15,1,
202100052719,107 500,B01,2,7,6,2,1,1,1,
202100052720,107 498,A01,2,7,2,0,9,1,1,
202100052721,107 496,A01,2,7,13,0,1,1,1,
202100052722,107 494,A01,2,2,0,2,1,1,1,
202100052722,107 495,B01,2,7,0,2,3,15,1,
202100052723,107 492,B01,1,33,7,2,4,2,1,
202100052723,107 493,A01,1,10,0,2,7,15,1,
202100052724,107 491,A01,1,7,0,1,2,1,1,
202100052725,107 490,A01,1,33,13,0,0,2,1,
202100052726,107 488,B01,1,38,0,2,3,1,1,1.0
202100052726,107 489,A01,2,7,0,2,3,9,1,
202100052727,107 486,A01,2,7,0,2,3,0,1,
202100052727,107 487,B01,1,7,0,2,3,1,1,
202100052728,107 484,A01,1,7,0,2,1,1,1,
202100052728,107 485,B01,2,7,0,2,1,5,1,
202100052729,107 483,A01,2,15,16,0,1,1,1,
202100052730,107 480,A01,1,7,0,2,1,2,1,
202100052730,107 481,C01,1,7,0,0,4,1,1,
202100052730,107 482,B01,1,7,0,2,4,2,1,
202100052731,107 478,A01,1,7,0,2,1,13,1,
202100052731,107 479,B01,2,17,0,2,2,1,1,
202100052732,107 477,A01,2,7,2,9,1,14,0,
202100052733,107 474,C01,1,7,0,1,1,1,1,
202100052733,107 475,A01,2,7,0,2,1,2,1,
202100052733,107 476,B01,2,7,0,0,4,1,1,
202100052734,107 471,A01,2,7,0,2,1,5,1,
202100052734,107 472,B01,1,7,0,2,1,2,1,
202100052734,107 473,C01,1,7,0,2,2,21,1,
202100052735,107 469,A01,3,7,1,0,1,1,1,
202100052735,107 470,B01,0,7,0,0,7,24,1,
202100052736,107 467,A01,3,7,0,2,3,1,1,
202100052736,107 468,B01,3,7,8,2,3,1,1,
202100052737,107 466,A01,1,7,0,1,2,1,1,
202100052738,107 465,A01,0,10,15,1,4,26,1,
202100052739,107 463,A01,1,17,0,2,2,12,1,
202100052739,107 464,B01,1,10,0,2,3,1,0,
202100052740,107 460,A01,2,7,0,2,4,9,1,
202100052740,107 461,B01,2,17,0,2,3,1,1,
202100052740,107 462,C01,2,7,0,2,7,1,1,
202100052741,107 455,A01,2,7,4,0,1,13,1,
202100052742,107 453,B01,1,31,0,2,1,1,1,
202100052742,107 454,A01,3,7,0,2,3,15,1,
202100052743,107 451,A01,1,7,0,2,1,1,1,
202100052743,107 452,B01,2,7,0,2,1,1,1,
202100052744,107 449,B01,2,50,0,2,7,1,3,
202100052744,107 450,A01,2,7,0,2,1,1,1,
202100052745,107 447,A01,2,7,0,2,5,22,1,
202100052745,107 448,B01,2,80,1,0,1,18,3,
202100052746,107 445,B01,1,7,0,2,6,15,1,
202100052746,107 446,A01,1,7,0,2,1,2,1,
202100052747,107 444,A01,1,7,0,1,1,1,1,
202100052748,107 441,C01,2,7,0,2,3,1,1,
202100052748,107 442,B01,2,7,0,2,3,1,1,
202100052748,107 443,A01,2,7,0,2,3,0,1,
202100052749,107 437,D01,1,7,0,2,1,1,1,
202100052749,107 438,C01,1,7,0,2,1,1,1,
202100052749,107 439,B01,2,10,0,2,1,1,1,
202100052749,107 440,A01,2,7,0,2,1,13,1,
202100052750,107 436,A01,2,7,6,0,1,1,1,
202100052751,107 435,A01,1,7,0,0,1,14,1,
202100052752,107 434,A01,1,7,0,1,2,15,1,
202100052753,107 432,A01,2,30,0,2,3,15,1,
202100052753,107 433,B01,1,7,0,2,1,1,1,
202100052754,107 430,A01,3,7,0,2,1,13,1,
202100052754,107 431,B01,3,10,0,2,1,1,1,
202100052755,107 428,B01,3,7,0,2,0,0,1,
202100052755,107 429,A01,3,30,0,2,0,0,1,
202100052756,107 426,A01,0,7,0,2,3,9,1,
202100052756,107 427,B01,0,7,0,2,2,1,1,
202100052757,107 424,A01,0,7,0,2,1,1,1,
202100052757,107 425,B01,0,7,0,2,4,1,1,
202100052758,107 423,A01,2,10,0,1,1,1,1,
202100052759,107 421,B01,1,30,0,2,7,1,1,
202100052759,107 422,A01,2,7,0,2,1,15,1,
202100052760,107 420,A01,1,7,0,1,1,1,1,
202100052761,107 417,A01,1,7,0,2,3,11,0,
202100052761,107 418,C01,1,7,0,2,0,1,1,
202100052761,107 419,B01,1,99,0,2,5,1,0,
202100052762,107 416,A01,1,7,7,0,3,14,1,
202100052763,107 414,A01,2,7,0,2,3,19,1,
202100052763,107 415,B01,2,1,0,2,7,1,0,
202100052764,107 412,A01,2,7,0,2,1,2,1,
202100052764,107 413,B01,2,7,0,2,4,1,1,
202100052765,107 411,A01,1,7,0,1,1,1,1,
202100052766,107 410,Z01,1,0,0,1,0,2,-1,
202100052767,107 409,A01,1,7,0,1,5,4,1,
202100052768,107 406,A01,2,7,1,0,1,14,1,
202100052769,107 404,B01,0,7,0,2,1,1,1,
202100052769,107 405,A01,0,7,0,2,5,19,1,
202100052770,107 402,A01,1,7,0,2,1,13,1,
202100052770,107 403,B01,1,7,0,2,1,1,1,
202100052771,107 400,A01,1,32,0,2,7,1,1,
202100052771,107 401,B01,1,80,0,2,6,1,3,
202100052772,107 399,A01,1,7,0,1,1,1,1,
202100052773,107 398,A01,3,7,13,0,1,14,1,
202100052774,107 394,D01,1,10,1,2,8,0,1,
202100052774,107 395,B01,1,7,0,2,3,13,1,
202100052774,107 396,A01,2,3,0,2,3,13,1,
202100052774,107 397,C01,1,7,1,2,8,0,1,
202100052775,107 393,A01,2,10,0,1,2,16,1,
202100052776,107 392,A01,2,7,0,1,3,1,1,
202100052777,107 390,B01,1,1,0,2,2,1,5,
202100052777,107 391,A01,1,7,0,2,1,1,1,
202100052778,107 388,A01,1,7,0,2,3,15,1,
202100052778,107 389,B01,2,33,0,2,8,1,1,
202100052779,107 386,Z01,2,7,0,2,1,9,1,
202100052779,107 387,B01,1,1,0,2,2,9,6,
202100052780,107 384,A01,1,7,14,0,1,6,1,
202100052780,107 385,B01,2,7,0,2,1,1,1,
202100052781,107 382,A01,2,7,0,0,2,19,1,
202100052781,107 383,B01,2,32,0,9,1,19,1,
202100052782,107 381,A01,3,7,0,1,3,1,1,
202100052783,107 379,A01,2,10,0,0,0,1,1,
202100052783,107 380,B01,2,7,0,0,1,13,1,
202100052784,107 377,B01,1,7,0,2,4,2,1,
202100052784,107 378,A01,2,7,0,2,1,2,1,
202100052785,107 374,A01,1,7,0,2,4,2,1,
202100052785,107 375,C01,1,7,0,2,1,1,1,
202100052785,107 376,B01,1,7,0,2,4,2,1,
202100052786,107 372,B01,3,2,0,2,1,1,1,
202100052786,107 373,A01,3,7,0,2,2,1,1,
202100052787,107 367,A01,2,7,0,2,1,9,1,
202100052787,107 368,C01,2,7,0,2,3,1,1,
202100052787,107 369,B01,1,7,0,2,2,1,1,
202100052788,107 365,B01,3,10,0,0,0,0,1,
202100052788,107 366,A01,3,31,0,2,1,5,1,
202100052789,107 363,B01,2,7,0,2,2,15,1,
202100052789,107 364,A01,2,30,0,2,1,1,1,
202100052790,107 362,A01,1,32,0,1,1,1,1,
202100052791,107 360,A01,1,43,0,2,1,1,1,
202100052791,107 361,B01,1,10,0,2,4,1,1,
202100052792,107 359,A01,3,2,0,0,0,1,1,
202100052793,107 358,A01,1,7,16,0,1,19,1,
202100052794,107 355,C01,1,7,0,2,1,0,0,
202100052794,107 356,B01,1,7,0,2,1,0,0,
202100052794,107 357,A01,1,7,0,2,6,0,0,
202100052795,107 353,A01,1,7,0,2,3,16,1,
202100052795,107 354,B01,2,2,0,2,1,1,1,
202100052796,107 352,A01,1,7,0,1,1,1,1,
202100052797,107 351,A01,1,2,14,0,9,2,1,
202100052798,107 349,A01,1,30,0,2,1,19,1,
202100052798,107 350,B01,1,7,0,2,6,1,1,
202100052799,107 347,B01,3,7,0,9,8,1,1,
202100052799,107 348,A01,3,1,0,2,3,19,5,
202100052800,107 343,A01,2,7,0,2,1,11,1,
202100052800,107 344,B01,2,10,0,2,2,23,1,
202100052800,107 345,C01,2,7,0,2,4,23,1,
202100052800,107 346,D01,2,7,0,2,4,23,1,
202100052801,107 341,A01,3,33,0,2,8,1,1,
202100052801,107 342,Z01,3,7,0,2,5,1,0,
202100052802,107 339,B01,1,32,0,2,1,1,1,
202100052802,107 340,A01,2,7,0,2,5,15,1,
202100052803,107 338,A01,1,7,0,1,8,1,1,
202100052804,107 336,B01,3,30,0,2,7,15,1,
202100052804,107 337,A01,2,7,0,2,2,1,1,
202100052805,107 334,A01,2,33,0,2,3,2,1,
202100052805,107 335,B01,3,1,0,2,3,15,5,
202100052806,107 332,B01,1,1,0,2,8,15,5,
202100052806,107 333,A01,1,1,0,2,7,17,5,
202100052807,107 330,A01,2,30,0,2,3,17,1,
202100052807,107 331,B01,2,7,0,2,2,16,1,
202100052808,107 329,A01,2,10,0,1,1,1,0,
202100052809,107 328,A01,1,7,1,2,2,1,1,
202100052810,107 327,A01,3,7,14,1,1,1,1,
202100052811,107 323,B01,3,1,0,2,2,1,5,
202100052811,107 324,A01,3,7,0,0,3,9,1,
202100052812,107 321,B01,1,7,0,2,2,9,1,
202100052812,107 322,A01,1,2,0,2,3,1,1,
202100052813,107 319,A01,2,32,0,2,1,1,1,
202100052813,107 320,B01,1,7,0,2,2,15,1,
202100052814,107 317,B01,2,99,0,2,1,3,3,
202100052814,107 318,A01,1,7,0,9,3,1,1,
202100052815,107 315,B01,2,7,0,2,4,23,1,
202100052815,107 316,A01,2,30,0,2,2,2,1,
202100052816,107 314,A01,1,30,14,0,1,14,1,
202100052817,107 313,A01,1,1,0,1,1,1,5,
202100052818,107 311,B01,3,2,0,2,8,1,1,
202100052818,107 312,A01,3,7,0,2,1,15,1,
202100052819,107 310,A01,0,7,0,1,1,1,1,
202100052820,107 308,B01,1,7,0,0,1,1,1,
202100052820,107 309,A01,2,7,0,0,7,13,1,
202100052821,107 307,A01,1,7,2,0,2,1,1,
202100052822,107 306,A01,1,10,4,0,7,1,1,
202100052823,107 304,A01,2,7,0,2,1,1,1,
202100052823,107 305,B01,1,14,0,2,3,1,1,
202100052824,107 303,A01,1,20,6,0,1,1,1,
202100052825,107 301,B01,2,15,0,2,1,1,1,
202100052825,107 302,A01,1,7,0,2,2,19,1,
202100052826,107 299,C01,1,10,0,2,1,1,1,
202100052826,107 300,B01,2,7,0,2,7,21,1,
202100052827,107 298,A01,1,7,13,0,1,1,1,
202100052828,107 295,A01,2,21,17,0,2,14,1,
202100052829,107 291,A01,3,2,0,2,1,13,1,
202100052829,107 292,B01,3,7,0,2,1,1,1,
202100052830,107 290,A01,1,7,2,0,7,1,1,
202100052831,107 289,A01,1,14,0,0,7,2,1,
202100052832,107 287,B01,2,37,0,2,3,23,1,3.0
202100052832,107 288,A01,1,17,0,2,3,1,1,
202100052833,107 285,B01,1,7,0,2,5,15,1,
202100052833,107 286,A01,2,2,0,2,8,1,1,
202100052834,107 281,D01,2,7,0,2,7,1,1,
202100052834,107 282,C01,2,7,0,2,1,2,1,
202100052834,107 283,B01,2,7,0,2,1,2,1,
202100052834,107 284,A01,2,15,3,0,0,1,1,
202100052835,107 279,A01,1,7,0,2,1,1,1,
202100052835,107 280,B01,1,7,0,2,8,11,1,
202100052836,107 277,A01,2,21,14,1,5,4,1,
202100052836,107 278,B01,1,17,0,1,1,23,1,
202100052837,107 275,A01,2,15,3,2,1,6,1,
202100052837,107 276,B01,1,10,0,2,8,1,1,
202100052838,107 274,A01,1,10,3,2,1,14,1,
202100052839,107 272,B01,1,7,0,2,3,1,1,
202100052839,107 273,A01,2,7,0,2,1,13,1,
202100052840,107 270,A01,2,7,0,2,3,13,1,
202100052840,107 271,B01,1,7,0,2,3,0,1,