Num_Acc,id_vehicule,num_veh,senc,catv,obs,obsm,choc,manv,motor,occutc
202100052841,107 269,A01,0,2,2,0,3,2,0,
202100052842,107 267,B01,2,1,0,2,8,1,5,
202100052842,107 268,A01,3,7,0,2,8,15,1,
202100052843,107 263,A01,1,7,0,0,4,2,1,
202100052843,107 264,B01,1,7,0,2,4,2,1,
202100052843,107 265,D01,1,7,0,2,1,2,1,
202100052843,107 266,C01,1,7,0,2,4,2,0,
202100052844,107 262,A01,2,7,13,0,1,1,1,
202100052845,107 260,B01,1,14,0,2,3,15,1,
202100052845,107 261,A01,1,7,2,2,7,17,1,
202100052846,107 255,E01,2,7,0,0,7,2,1,
202100052846,107 256,D01,2,7,0,0,7,2,1,
202100052846,107 257,C01,2,7,0,0,6,2,1,
202100052846,107 258,B01,2,15,0,2,6,1,1,
202100052846,107 259,A01,2,7,0,2,9,3,1,
202100052847,107 254,A01,1,34,0,0,8,1,1,
202100052848,107 252,A01,2,17,0,2,2,2,1,
202100052848,107 253,B01,2,7,0,2,4,23,1,
202100052849,107 249,A01,1,15,0,2,2,14,1,
202100052849,107 250,B01,1,7,0,2,1,2,1,
202100052849,107 251,C01,1,34,0,2,1,2,1,
202100052850,107 247,A01,2,10,0,2,5,1,1,
202100052850,107 248,B01,2,7,0,2,3,0,3,
202100052851,107 245,Z01,1,7,0,2,0,0,1,
202100052851,107 246,A01,1,31,0,2,3,1,1,
202100052852,107 243,A01,2,43,0,2,1,3,1,
202100052852,107 244,B01,2,7,0,2,4,1,1,
202100052853,107 242,A01,1,33,12,0,1,1,1,
202100052854,107 240,B01,2,7,0,2,4,2,1,
202100052854,107 241,A01,2,7,3,2,1,1,1,
202100052855,107 239,A01,1,31,0,0,8,1,1,
202100052856,107 237,B01,0,13,0,2,6,2,1,
202100052856,107 238,A01,1,7,3,2,3,2,1,
202100052857,107 236,A01,1,2,0,0,0,26,1,
202100052858,107 234,A01,2,7,0,2,1,15,1,
202100052858,107 235,B01,1,2,0,2,1,1,1,
202100052859,107 232,B01,2,7,0,2,1,1,1,
202100052859,107 233,A01,2,7,0,2,4,1,1,
202100052860,107 230,A01,1,7,0,2,1,10,1,
202100052860,107 231,B01,1,33,0,2,8,1,1,
202100052861,107 228,A01,2,15,0,2,1,2,1,
202100052861,107 229,B01,2,7,0,9,4,2,1,
202100052862,107 227,A01,2,7,0,1,1,1,1,
202100052863,107 225,B01,1,2,0,2,1,1,1,
202100052863,107 226,A01,2,7,0,2,1,15,1,
202100052864,107 223,A01,2,7,0,2,3,16,1,
202100052864,107 224,B01,1,1,0,2,1,15,5,
202100052865,107 221,B01,2,7,0,2,4,23,1,
202100052865,107 222,A01,2,10,0,2,1,2,1,
202100052866,107 217,A01,2,7,4,2,2,19,1,
202100052866,107 218,B01,1,7,0,2,1,1,1,
202100052867,107 216,A01,0,7,8,0,2,0,1,
202100052868,107 214,B01,1,1,0,2,1,1,5,
202100052868,107 215,A01,2,10,0,2,1,15,1,
202100052869,107 212,A01,2,10,0,2,1,2,1,
202100052869,107 213,B01,2,7,0,2,5,1,1,
202100052870,107 207,A01,1,7,0,2,1,1,1,
202100052870,107 208,C01,1,7,0,2,4,23,1,
202100052870,107 209,B01,1,7,0,2,4,23,1,
202100052871,107 205,B01,1,7,0,2,1,1,1,
202100052871,107 206,A01,2,7,0,2,1,1,1,
202100052872,107 203,A01,1,30,0,0,0,0,1,
202100052873,107 201,A01,1,7,0,2,1,1,1,
202100052873,107 202,B01,3,7,0,2,6,1,1,
202100052874,107 200,A01,1,7,2,0,2,13,1,
202100052875,107 199,A01,1,7,0,0,0,14,1,
202100052876,107 198,A01,0,7,0,1,7,1,1,
202100052877,107 196,A01,1,7,0,2,1,19,1,
202100052877,107 197,B01,1,1,0,2,8,1,5,
202100052878,107 195,A01,3,7,0,1,1,1,1,
202100052879,107 194,A01,3,7,0,1,1,15,1,
202100052880,107 193,A01,1,10,0,1,7,1,1,
202100052881,107 191,A01,1,7,0,2,4,2,1,
202100052881,107 192,B01,1,7,0,2,1,2,1,
202100052882,107 190,A01,1,30,14,0,1,1,3,
202100052883,107 189,B01,1,1,0,2,7,1,0,
202100052884,107 187,A01,1,7,0,2,1,1,1,
202100052884,107 188,B01,3,7,0,2,4,23,1,
202100052885,107 186,A01,3,30,0,0,8,15,1,
202100052886,107 185,A01,1,7,15,0,1,1,1,
202100052887,107 183,B01,3,7,0,2,3,1,1,
202100052887,107 184,A01,3,7,0,2,1,15,1,
202100052888,107 182,A01,2,7,0,1,7,1,1,
202100052889,107 179,C01,1,10,0,2,1,2,1,
202100052889,107 180,A01,1,7,0,0,4,2,1,
202100052889,107 181,B01,1,7,0,2,1,2,1,
202100052890,107 177,A01,2,7,0,2,8,15,1,
202100052890,107 178,B01,2,33,0,2,1,17,1,
202100052891,107 175,A01,2,7,0,2,2,15,1,
202100052891,107 176,B01,1,31,0,2,2,17,1,
202100052892,107 174,A01,1,7,0,1,1,21,1,
202100052893,107 172,B01,0,1,0,2,4,1,5,
202100052893,107 173,Z01,0,7,0,2,1,1,1,
202100052894,107 171,A01,2,7,0,0,2,14,1,
202100052895,107 170,A01,1,7,0,1,1,1,1,
202100052896,107 168,B01,1,30,0,2,4,1,1,
202100052896,107 169,A01,1,30,0,2,1,1,1,
202100052897,107 166,A01,0,7,0,2,1,1,1,
202100052897,107 167,B01,3,7,0,2,8,1,1,
202100052898,107 164,A01,3,7,0,2,2,15,1,
202100052898,107 165,B01,3,7,0,2,3,1,1,
202100052899,107 162,B01,1,33,0,2,7,1,1,
202100052899,107 163,A01,1,7,0,2,6,26,1,
202100052900,107 159,A01,1,10,0,2,3,1,1,
202100052900,107 160,C01,0,7,0,2,0,0,1,
202100052900,107 161,B01,1,10,0,2,3,0,1,
202100052901,107 158,A01,2,32,14,0,3,26,1,
202100052902,107 157,A01,2,43,0,1,1,1,1,
202100052903,107 155,B01,3,7,0,2,2,2,2,
202100052903,107 156,A01,3,7,0,2,6,15,1,
202100052904,107 153,A01,2,7,8,0,2,1,0,
202100052905,107 151,A01,2,7,0,2,1,2,1,
202100052905,107 152,B01,2,7,4,2,4,2,1,
202100052906,107 148,A01,2,30,0,2,2,11,3,
202100052906,107 149,B01,2,7,0,2,2,21,3,
202100052906,107 150,C01,2,33,9,2,3,7,1,
202100052907,107 146,B01,1,7,0,2,1,1,1,
202100052907,107 147,A01,2,7,0,2,3,1,1,
202100052908,107 145,A01,1,7,0,1,2,1,1,
202100052909,107 143,A01,1,7,0,2,2,15,2,
202100052909,107 144,B01,2,50,0,2,1,1,3,
202100052910,107 142,A01,3,7,11,0,1,13,2,
202100052911,107 140,B01,1,33,0,2,1,1,1,
202100052911,107 141,A01,2,7,0,2,1,15,1,
202100052912,107 139,A01,1,7,1,0,1,15,1,
202100052913,107 138,A01,2,32,0,2,0,1,1,
202100052914,107 136,B01,2,7,0,2,8,15,1,
202100052914,107 137,A01,3,33,0,2,7,17,1,
202100052915,107 134,A01,2,7,0,2,3,22,1,
202100052915,107 135,B01,2,1,0,2,1,1,5,
202100052916,107 133,A01,2,50,8,0,1,14,3,
202100052917,107 132,A01,1,34,0,1,1,1,3,
202100052918,107 130,A01,0,7,0,2,1,19,1,
202100052918,107 131,B01,1,33,0,2,0,0,0,
202100052919,107 128,A01,1,7,0,0,0,16,1,
202100052919,107 129,B01,3,2,0,0,0,21,1,
202100052920,107 126,A01,1,7,0,2,3,9,2,
202100052920,107 127,B01,1,2,0,2,1,9,1,
202100052921,107 124,A01,1,30,0,2,1,15,1,
202100052921,107 125,B01,1,30,0,2,8,1,1,
202100052922,107 123,A01,0,10,0,1,1,26,1,
202100052923,107 121,A01,2,20,0,2,3,26,1,
202100052923,107 122,B01,1,7,0,2,3,26,1,
202100052924,107 120,A01,-1,7,0,1,0,-1,-1,
202100052925,107 118,B01,1,33,0,2,2,17,1,
202100052925,107 119,A01,1,13,0,2,3,2,1,
202100052926,107 116,B01,2,7,0,2,5,1,2,
202100052926,107 117,A01,2,2,0,2,3,11,1,
202100052927,107 114,B01,2,7,0,2,3,1,1,
202100052927,107 115,A01,1,7,0,2,1,1,1,
202100052928,107 112,B01,2,7,0,9,3,1,1,
202100052928,107 113,A01,1,1,0,2,1,15,5,
202100052929,107 110,B01,1,10,0,2,3,1,1,
202100052929,107 111,A01,2,10,0,2,3,13,1,
202100052930,107 109,A01,1,7,0,0,0,1,1,
202100052931,107 107,A01,1,10,0,1,7,1,1,
202100052932,107 105,B01,1,7,0,0,4,2,1,
202100052932,107 106,A01,1,7,0,2,1,2,1,
202100052933,107 102,A01,2,7,0,0,4,1,0,
202100052933,107 103,B01,2,7,0,2,1,1,0,
202100052933,107 104,C01,2,7,0,2,1,1,1,
202100052934,107 100,A01,1,34,0,2,1,17,1,
202100052934,107 101,B01,2,7,0,2,3,9,1,
202100052935,107 098,B01,0,33,0,2,7,0,1,
202100052935,107 099,A01,0,7,0,2,1,0,1,
202100052936,107 097,A01,1,7,15,0,3,0,1,
202100052937,107 096,A01,1,7,0,1,3,0,0,
202100052938,107 095,A01,1,33,3,0,2,1,1,
202100052939,107 094,A01,1,17,0,1,2,1,1,
202100052940,107 091,A01,2,7,0,2,3,1,1,
202100052940,107 092,B01,2,7,0,2,3,1,1,
202100052940,107 093,C01,2,99,0,2,1,1,1,
202100052941,107 090,A01,0,7,0,1,0,1,6,
202100052942,107 089,A01,1,15,3,0,7,14,1,
202100052943,107 088,A01,0,7,4,0,3,26,1,
202100052944,107 086,B01,2,15,0,2,4,2,1,
202100052944,107 087,A01,2,15,0,2,1,2,1,
202100052945,107 084,A01,2,38,0,2,2,19,1,2.0
202100052945,107 085,B01,2,10,0,2,5,21,1,
202100052946,107 082,B01,2,7,0,2,2,0,1,
202100052946,107 083,A01,2,7,0,2,3,0,1,
202100052947,107 078,D01,2,7,0,2,1,2,1,
202100052947,107 079,B01,2,7,0,2,1,2,1,
202100052947,107 080,A01,2,7,0,0,4,1,1,
202100052947,107 081,C01,2,10,0,2,4,2,1,
202100052948,107 076,A01,1,17,0,2,2,2,1,
202100052948,107 077,B01,1,7,0,0,4,2,1,
202100052949,107 074,A01,2,7,0,2,2,1,1,
202100052949,107 075,B01,2,1,0,2,6,1,5,
202100052950,107 072,A01,1,2,0,2,1,13,1,
202100052950,107 073,B01,2,38,0,2,3,1,1,1.0
202100052951,107 071,A01,1,7,13,0,7,1,1,
202100052952,107 067,B01,1,1,0,0,4,2,5,
202100052952,107 068,A01,1,1,0,9,1,2,5,
202100052953,107 066,A01,2,7,0,0,2,1,1,
202100052954,107 064,B01,1,7,0,2,2,1,1,
202100052954,107 065,A01,2,10,0,0,2,1,1,
202100052955,107 063,A01,3,7,6,0,1,1,1,
202100052956,107 062,A01,3,10,0,1,3,1,1,
202100052957,107 060,B01,1,7,0,2,9,1,1,
202100052957,107 061,A01,2,17,0,2,1,0,1,
202100052958,107 059,A01,1,7,2,0,1,1,1,
202100052959,107 057,A01,1,7,0,2,1,1,1,
202100052959,107 058,B01,1,7,7,2,6,15,1,
202100052960,107 053,B01,2,14,0,0,6,1,1,
202100052960,107 054,A01,2,10,0,2,2,17,1,
202100052961,107 051,Z01,2,7,0,2,3,18,0,
202100052961,107 052,B01,2,7,0,2,5,1,1,
202100052962,107 049,A01,2,7,0,2,1,2,1,
202100052962,107 050,B01,2,7,0,2,4,2,1,
202100052963,107 047,A01,2,17,0,2,2,12,1,
202100052963,107 048,B01,2,7,0,2,4,1,1,
202100052964,107 046,A01,1,7,0,0,9,1,1,
202100052965,107 044,B01,1,30,0,2,8,1,1,
202100052965,107 045,Z01,2,7,0,2,3,13,1,
202100052966,107 041,A01,1,1,0,2,8,19,5,
202100052966,107 042,C01,1,7,0,2,1,2,1,
202100052966,107 043,B01,2,7,0,0,0,0,1,
202100052967,107 040,A01,2,2,0,2,4,15,1,
202100052968,107 038,A01,1,7,0,2,6,2,1,
202100052968,107 039,B01,1,10,0,2,1,2,1,
202100052969,107 034,B01,3,7,0,2,5,15,1,
202100052969,107 035,A01,3,1,0,2,1,1,6,
202100052970,107 032,A01,3,3,0,2,0,0,1,
202100052970,107 033,B01,3,7,8,2,8,1,1,
202100052971,107 030,A01,2,7,6,1,1,26,1,
202100052971,107 031,B01,2,7,0,2,7,15,1,
202100052972,107 028,A01,2,7,0,2,4,23,1,
202100052972,107 029,B01,2,10,0,2,1,1,1,
202100052973,107 027,A01,1,37,0,1,1,1,1,1.0
202100052974,107 025,A01,1,7,0,2,1,1,1,
202100052974,107 026,B01,2,7,0,2,8,1,1,
202100052975,107 023,A01,1,30,0,2,1,1,1,
202100052975,107 024,B01,2,7,0,2,1,15,1,
202100052976,107 022,A01,1,7,0,1,2,26,1,
202100052977,107 021,A01,1,7,0,1,1,1,1,
202100052978,107 019,A01,1,7,0,2,2,17,1,
202100052978,107 020,B01,1,7,0,2,3,15,1,
202100052979,107 018,A01,1,30,0,1,1,14,1,
202100052980,107 017,A01,3,7,0,1,1,1,1,
202100052981,107 015,B01,1,10,0,2,7,1,1,
202100052981,107 016,A01,1,7,0,2,3,15,1,
202100052982,107 011,D01,2,7,0,2,0,0,1,
202100052982,107 012,C01,2,7,0,2,0,1,1,
202100052982,107 013,B01,2,7,0,2,4,1,1,
202100052982,107 014,A01,2,7,0,2,9,26,1,
202100052983,107 009,B01,2,34,0,2,1,1,1,
202100052983,107 010,A01,2,7,0,2,6,26,1,
202100052984,107 008,Z01,1,7,0,1,5,1,1,
202100052985,107 007,A01,1,7,0,1,1,1,1,
202100052986,107 005,A01,2,2,0,2,3,1,1,
202100052986,107 006,B01,2,7,0,2,5,23,1,
202100052987,107 003,A01,1,7,0,2,1,2,1,
202100052987,107 004,B01,1,99,0,2,4,23,1,
202100052988,107 001,B01,2,30,0,2,8,1,1,
202100052988,107 002,A01,1,30,0,2,1,1,3,
202100052989,107 000,Z01,2,50,0,1,8,1,3,
202100052990,106 999,A01,1,1,0,2,4,1,5,
202100052991,106 998,A01,1,30,0,1,3,17,1,
202100052992,106 997,A01,1,10,0,1,2,16,1,
202100052993,106 995,Z01,1,10,0,2,0,26,0,
202100052993,106 996,B01,2,2,0,2,6,0,1,
202100052994,106 993,B01,1,32,0,2,0,15,1,
202100052994,106 994,A01,1,37,0,2,8,15,1,1.0
202100052995,106 991,A01,-1,7,16,2,6,9,1,
202100052995,106 992,B01,-1,7,0,2,1,1,1,
202100052996,106 989,A01,1,7,0,2,0,0,0,
202100052996,106 990,B01,1,7,0,2,1,26,0,
202100052997,106 987,B01,1,30,0,2,1,5,1,
202100052997,106 988,A01,1,7,0,2,3,10,1,
202100052998,106 985,B01,1,7,0,0,3,1,1,
202100052998,106 986,A01,2,7,0,0,3,1,1,
202100052999,106 984,A01,0,7,0,1,1,1,1,
202100053000,106 983,A01,1,7,13,0,2,14,1,
202100053001,106 981,B01,2,7,0,2,1,0,1,
202100053001,106 982,A01,3,7,0,2,8,0,1,
202100053002,106 977,A01,1,7,0,2,1,13,1,
202100053002,106 978,B01,1,7,0,0,8,1,1,
202100053002,106 979,C01,1,7,0,0,3,1,1,
202100053002,106 980,D01,1,7,14,0,1,1,1,
202100053003,106 976,A01,3,7,0,1,6,4,1,
202100053004,106 975,A01,2,7,13,0,9,1,1,
202100053005,106 973,B01,1,7,0,2,1,1,1,
202100053005,106 974,A01,2,7,0,2,2,26,1,
202100053006,106 972,A01,1,33,15,0,7,1,1,
202100053007,106 970,B01,1,7,0,2,1,2,1,
202100053007,106 971,A01,1,7,0,2,6,1,1,
202100053008,106 968,A01,2,7,0,2,1,13,1,
202100053008,106 969,B01,1,7,0,2,1,1,1,
202100053009,106 967,A01,1,7,6,0,0,1,0,
202100053010,106 963,B01,1,7,0,2,1,1,1,
202100053010,106 964,A01,1,7,0,2,8,19,1,
202100053011,106 962,A01,2,31,0,0,0,21,1,
202100053012,106 961,A01,2,7,4,0,8,9,1,
202100053013,106 959,B01,0,7,0,2,1,1,1,
202100053013,106 960,A01,0,7,0,2,1,17,1,
202100053014,106 958,A01,2,7,7,0,1,14,1,
202100053015,106 957,A01,1,7,6,0,3,1,1,
202100053016,106 955,B01,3,7,0,2,3,1,1,
202100053016,106 956,A01,3,7,0,2,3,1,1,
202100053017,106 952,A01,2,10,0,2,1,2,1,
202100053017,106 953,B01,2,7,0,2,4,2,1,
202100053017,106 954,C01,2,7,0,2,4,2,1,
202100053018,106 950,B01,2,7,0,2,2,1,2,
202100053018,106 951,A01,2,2,0,2,3,2,1,
202100053019,106 949,A01,1,7,6,0,4,0,1,
202100053020,106 948,A01,1,2,8,0,2,9,1,
202100053021,106 947,A01,2,7,13,0,2,0,1,
202100053022,106 946,A01,2,7,8,0,1,1,1,
202100053023,106 945,A01,0,7,13,0,1,15,1,
202100053024,106 943,B01,1,2,0,2,1,1,1,
202100053024,106 944,A01,0,7,0,2,7,19,1,
202100053025,106 941,B01,1,7,0,2,1,1,1,
202100053025,106 942,A01,2,7,0,2,3,26,1,
202100053026,106 939,A01,1,7,0,2,4,1,1,
202100053026,106 940,B01,1,7,0,2,1,2,1,
202100053027,106 937,B01,2,7,0,2,3,12,1,
202100053027,106 938,A01,1,7,0,2,4,1,1,
202100053028,106 935,A01,2,7,0,2,4,2,1,
202100053028,106 936,B01,2,7,0,2,1,2,1,
202100053029,106 934,A01,2,7,16,0,9,13,1,
202100053030,106 932,Z01,2,7,0,2,2,2,0,
202100053030,106 933,A01,2,7,4,2,6,1,1,
202100053031,106 931,A01,2,7,4,0,1,18,1,
202100053032,106 927,B01,2,7,0,2,3,1,1,
202100053032,106 928,C01,2,7,0,2,9,21,1,
202100053032,106 929,D01,2,7,0,2,6,1,1,
202100053032,106 930,A01,1,7,0,2,3,5,1,
202100053033,106 925,A01,1,7,0,2,1,2,1,
202100053033,106 926,B01,1,7,0,2,4,2,1,
202100053034,106 924,A01,2,7,4,0,1,14,1,
202100053035,106 922,B01,1,7,0,2,4,2,1,
202100053035,106 923,A01,2,7,0,2,1,1,1,
202100053036,106 921,A01,1,7,3,0,1,1,1,
202100053037,106 919,B01,1,7,0,0,5,1,1,
202100053037,106 920,A01,1,33,0,0,0,0,1,
202100053038,106 917,B01,1,7,0,2,4,1,1,
202100053038,106 918,A01,1,7,0,2,9,1,1,
202100053039,106 916,A01,1,33,0,0,9,1,1,
202100053040,106 914,A01,1,7,0,2,3,13,1,
202100053040,106 915,B01,1,7,0,2,2,1,1,
202100053041,106 912,B01,1,1,0,2,4,1,5,
202100053041,106 913,A01,1,7,0,2,2,1,1,
202100053042,106 910,A01,2,33,0,2,1,3,1,
202100053042,106 911,B01,2,7,0,2,3,9,1,
202100053043,106 908,B01,1,7,0,2,5,23,1,
202100053043,106 909,A01,1,1,0,2,1,1,5,
202100053044,106 906,B01,2,7,0,2,5,1,1,
202100053044,106 907,A01,2,7,0,2,1,1,1,
202100053045,106 904,A01,2,10,0,2,3,1,1,
202100053045,106 905,B01,3,33,0,2,0,16,1,
202100053046,106 902,B01,2,7,0,2,1,15,1,
202100053046,106 903,A01,1,2,0,2,1,26,3,
202100053047,106 900,A01,1,7,0,2,1,2,1,
202100053047,106 901,B01,1,7,0,0,4,2,1,
202100053048,106 899,A01,1,33,12,0,3,1,1,
202100053049,106 898,A01,1,7,1,0,1,1,1,
202100053050,106 897,A01,3,7,8,0,1,15,1,
202100053051,106 896,Z01,2,10,0,1,6,26,0,
202100053052,106 894,B01,3,50,0,2,1,25,3,
202100053052,106 895,A01,3,7,0,2,1,16,1,
202100053053,106 892,A01,2,2,0,2,1,1,1,
202100053053,106 893,B01,2,7,0,0,4,2,1,
202100053054,106 890,A01,3,80,0,2,1,1,3,
202100053054,106 891,B01,3,7,0,2,3,1,1,
202100053055,106 888,B01,2,1,0,2,4,1,5,
202100053055,106 889,A01,1,10,0,2,1,9,1,
202100053056,106 886,B01,1,7,0,2,6,15,2,
202100053056,106 887,A01,1,33,0,2,1,17,1,
202100053057,106 884,B01,2,30,0,2,4,1,1,
202100053057,106 885,A01,2,7,14,0,1,9,1,
202100053058,106 883,A01,2,7,13,0,1,13,1,
202100053059,106 882,A01,1,7,13,0,1,14,1,
202100053060,106 881,A01,3,2,14,0,1,1,1,
202100053061,106 879,B01,3,7,0,2,8,1,1,
202100053061,106 880,A01,3,7,0,2,3,1,1,
202100053062,106 877,A01,2,30,0,2,1,9,1,
202100053062,106 878,B01,2,7,0,2,2,1,1,
202100053063,106 873,C01,2,7,0,2,9,1,1,
202100053063,106 874,A01,1,7,0,2,3,15,1,
202100053063,106 875,D01,2,7,0,2,7,1,1,
202100053063,106 876,B01,2,7,0,2,1,1,1,
202100053064,106 869,B01,3,1,0,2,1,2,5,
202100053064,106 870,A01,3,14,0,2,0,1,1,
202100053065,106 868,A01,2,7,7,0,7,1,1,
202100053066,106 867,A01,0,7,0,1,2,1,1,
202100053067,106 864,C01,1,7,0,2,1,0,0,
202100053067,106 865,B01,1,7,0,2,3,0,0,
202100053067,106 866,A01,2,7,0,2,1,19,0,
202100053068,106 863,A01,1,7,0,1,3,1,1,
202100053069,106 862,A01,1,7,0,1,1,19,1,
202100053070,106 860,B01,1,7,9,2,7,2,1,
202100053070,106 861,A01,1,7,9,2,1,13,1,
202100053071,106 859,A01,1,7,8,0,1,1,1,
202100053072,106 857,A01,3,7,0,2,3,10,1,
202100053072,106 858,B01,3,2,0,2,1,2,1,
202100053073,106 855,B01,1,2,0,2,8,2,1,
202100053073,106 856,A01,1,7,0,2,7,12,1,
202100053074,106 854,A01,1,32,0,0,3,11,1,
202100053075,106 853,A01,2,32,0,2,1,1,1,
202100053076,106 851,A01,2,13,0,2,2,12,1,
202100053076,106 852,B01,2,7,0,2,3,1,1,
202100053077,106 850,A01,1,7,1,0,2,14,1,
202100053078,106 848,B01,1,7,0,2,1,1,1,
202100053078,106 849,A01,2,30,0,2,1,15,1,
202100053079,106 847,A01,1,7,0,1,7,16,1,
202100053080,106 845,A01,1,31,0,2,0,1,1,
202100053080,106 846,Z01,1,7,0,2,0,9,0,
202100053081,106 844,A01,1,30,0,1,3,1,1,
202100053082,106 843,A01,2,1,0,1,0,1,5,
202100053083,106 842,A01,3,32,12,0,1,13,1,
202100053084,106 840,A01,2,7,0,2,7,13,1,
202100053084,106 841,B01,2,33,0,2,7,17,1,
202100053085,106 838,B01,1,30,0,2,3,1,1,
202100053085,106 839,A01,1,7,0,2,3,15,2,
202100053086,106 837,A01,1,7,0,1,1,1,1,
202100053087,106 835,B01,3,2,0,0,0,0,1,
202100053087,106 836,A01,1,7,0,2,1,2,0,
202100053088,106 833,B01,3,7,0,2,8,15,1,
202100053088,106 834,A01,1,7,0,2,1,1,1,
202100053089,106 832,A01,1,7,0,1,3,18,0,
202100053090,106 831,A01,2,1,12,0,1,1,5,
202100053091,106 830,A01,1,7,8,0,1,18,1,
202100053092,106 829,A01,1,7,3,0,1,1,1,
202100053093,106 826,B01,1,7,1,0,9,23,1,
202100053093,106 827,C01,1,7,1,0,1,16,1,
202100053093,106 828,A01,1,7,0,2,6,23,1,
202100053094,106 825,A01,2,7,1,1,4,4,1,
202100053095,106 824,A01,2,32,14,0,3,13,1,
202100053096,106 823,A01,1,32,0,0,1,26,1,
202100053097,106 821,A01,0,7,0,2,5,16,1,
202100053097,106 822,Y01,0,7,0,2,0,9,0,
202100053098,106 820,A01,0,7,0,1,7,1,1,
202100053099,106 818,B01,2,30,0,2,1,14,1,
202100053099,106 819,A01,1,7,1,2,3,17,1,
202100053100,106 816,B01,1,7,0,2,6,15,1,
202100053100,106 817,A01,1,31,0,2,1,1,1,
202100053101,106 814,B01,1,2,0,2,8,15,1,
202100053101,106 815,A01,1,7,0,2,7,15,1,
202100053102,106 813,A01,1,7,0,1,1,1,1,
202100053103,106 812,A01,2,33,3,0,0,1,1,
202100053104,106 810,B01,1,7,0,2,1,1,1,
202100053104,106 811,A01,2,7,0,2,1,13,1,
202100053105,106 808,B01,2,7,0,2,3,1,1,
202100053105,106 809,A01,1,7,0,2,2,5,1,
202100053106,106 806,A01,1,7,0,1,2,1,1,
202100053106,106 807,B01,1,15,0,1,2,1,1,
202100053107,106 805,A01,3,31,8,0,1,1,1,
202100053108,106 802,A01,1,33,0,2,1,13,1,
202100053108,106 803,B01,1,7,0,2,6,1,1,
202100053108,106 804,C01,1,7,0,2,8,1,1,
202100053109,106 801,A01,1,7,13,0,2,13,1,
202100053110,106 799,B01,3,7,0,2,1,15,1,
202100053110,106 800,A01,0,7,0,2,6,19,1,
202100053111,106 797,A01,1,7,0,2,1,1,1,
202100053111,106 798,B01,2,10,0,2,1,1,1,
202100053112,106 796,A01,2,7,13,0,1,1,1,
202100053113,106 795,A01,2,10,8,0,0,0,1,
202100053114,106 793,B01,2,7,0,2,8,15,1,
202100053114,106 794,A01,2,7,0,2,1,17,6,
202100053115,106 792,A01,1,7,2,0,2,1,1,
202100053116,106 789,A01,2,7,0,2,3,13,1,
202100053116,106 790,B01,1,7,0,2,3,1,1,
202100053116,106 791,C01,1,7,0,2,7,1,1,
202100053117,106 788,A01,3,7,13,0,3,13,1,
202100053118,106 787,A01,3,2,14,9,1,1,1,
202100053119,106 786,A01,2,7,0,0,1,1,1,
202100053120,106 784,B01,1,2,0,2,1,5,1,
202100053120,106 785,A01,2,7,0,2,2,1,1,
202100053121,106 782,A01,2,7,0,0,8,1,1,
202100053121,106 783,B01,2,34,0,2,7,17,1,
202100053122,106 781,A01,1,7,3,0,8,1,1,
202100053123,106 780,A01,0,33,0,0,0,0,1,
202100053124,106 778,A01,1,32,0,2,7,17,1,
202100053124,106 779,B01,1,1,0,2,8,1,1,
202100053125,106 777,A01,0,7,2,0,1,0,1,
202100053126,106 776,A01,1,7,6,0,2,14,1,
202100053127,106 774,A01,2,7,0,9,1,19,1,
202100053127,106 775,B01,1,1,0,2,7,19,5,
202100053128,106 773,A01,3,10,0,1,4,4,1,
202100053129,106 772,A01,1,7,13,0,2,14,1,
202100053130,106 770,A01,2,10,1,0,6,1,1,
202100053131,106 769,A01,1,7,2,0,1,21,1,
202100053132,106 768,A01,1,33,0,0,8,16,1,
202100053133,106 767,A01,1,2,0,0,0,0,1,
202100053134,106 765,A01,1,7,16,2,8,1,1,
202100053134,106 766,B01,2,7,0,2,8,17,1,
202100053135,106 763,B01,0,7,0,0,1,1,1,
202100053135,106 764,A01,0,7,0,0,1,15,1,
202100053136,106 762,A01,2,7,6,0,1,6,1,
202100053137,106 761,A01,1,36,6,0,2,0,1,
202100053138,106 760,A01,1,7,6,0,1,0,1,
202100053139,106 757,A01,2,7,3,2,4,2,1,
202100053139,106 758,B01,2,7,3,2,4,2,1,
202100053139,106 759,C01,2,7,3,2,1,2,1,
202100053140,106 755,A01,2,7,0,2,2,1,1,
202100053140,106 756,B01,2,7,0,2,6,1,1,
202100053141,106 752,B01,2,7,0,2,4,2,1,
202100053141,106 753,A01,2,7,0,2,1,2,1,
202100053141,106 754,C01,2,7,0,2,4,0,2,
202100053142,106 751,A01,1,7,2,0,2,1,1,
202100053143,106 750,A01,2,33,0,0,8,26,1,
202100053144,106 749,A01,1,7,0,0,0,1,1,
202100053145,106 747,A01,1,33,0,2,2,3,1,
202100053145,106 748,B01,1,7,0,2,3,11,1,
202100053146,106 744,A01,1,7,0,2,1,21,1,
202100053146,106 745,B01,1,7,0,2,5,2,1,
202100053146,106 746,C01,1,7,0,2,4,0,1,
202100053147,106 743,A01,1,7,0,0,9,1,1,
202100053148,106 740,A01,2,7,0,2,1,1,1,
202100053148,106 741,C01,2,10,0,2,2,1,1,
202100053148,106 742,B01,2,10,0,2,4,1,1,
202100053149,106 737,B01,1,7,0,2,6,23,1,
202100053149,106 738,A01,1,10,0,2,2,21,1,
202100053149,106 739,C01,1,7,0,2,4,0,1,
202100053150,106 735,B01,1,10,0,2,6,23,1,