Num_Acc,id_vehicule,num_veh,senc,catv,obs,obsm,choc,manv,motor,occutc
202100053150,106 736,A01,1,33,1,0,1,2,1,
202100053151,106 732,A01,1,7,0,2,1,2,1,
202100053151,106 733,B01,1,7,0,2,1,2,1,
202100053151,106 734,C01,1,7,0,2,4,23,1,
202100053152,106 730,B01,0,10,0,0,0,0,1,
202100053152,106 731,A01,1,33,2,2,1,17,1,
202100053153,106 729,A01,1,7,1,1,3,13,1,
202100053154,106 726,C01,3,7,0,2,4,1,1,
202100053154,106 727,B01,3,7,0,2,4,1,1,
202100053154,106 728,A01,3,14,0,2,1,1,1,
202100053155,106 724,B01,2,7,0,2,8,15,1,
202100053155,106 725,A01,2,33,0,2,7,17,1,
202100053156,106 722,A01,1,7,0,2,8,16,1,
202100053156,106 723,B01,1,7,0,2,2,1,1,
202100053157,106 721,A01,1,7,0,1,8,2,1,
202100053158,106 718,C01,2,7,0,2,6,2,1,
202100053158,106 719,B01,2,7,0,2,4,2,1,
202100053158,106 720,A01,2,10,0,2,1,2,1,
202100053159,106 716,B01,2,7,0,2,8,1,1,
202100053159,106 717,A01,2,32,0,2,1,1,1,
202100053160,106 714,A01,3,7,0,2,3,2,1,
202100053160,106 715,B01,3,7,0,2,5,1,1,
202100053161,106 712,A01,2,7,0,0,0,14,1,
202100053161,106 713,B01,2,1,0,0,0,21,5,
202100053162,106 710,A01,2,30,0,2,1,1,1,
202100053162,106 711,B01,2,7,0,2,8,15,1,
202100053163,106 708,B01,2,32,0,2,3,0,1,
202100053163,106 709,A01,2,7,1,2,3,15,1,
202100053164,106 706,A01,1,50,0,2,2,15,3,
202100053164,106 707,B01,2,32,0,2,1,1,1,
202100053165,106 704,B01,2,7,0,2,1,1,1,
202100053165,106 705,A01,2,7,0,2,7,19,1,
202100053166,106 702,A01,2,7,0,2,2,15,1,
202100053166,106 703,B01,1,7,0,2,1,1,1,
202100053167,106 699,A01,2,37,0,9,7,1,0,0.0
202100053167,106 700,B01,2,2,0,2,8,26,1,
202100053168,106 696,B01,1,7,0,2,1,1,1,
202100053168,106 697,C01,2,7,0,2,1,24,2,
202100053168,106 698,A01,1,7,0,2,1,15,1,
202100053169,106 695,A01,1,30,0,0,7,9,1,
202100053170,106 694,A01,2,7,4,0,9,13,1,
202100053171,106 692,B01,3,7,0,2,3,1,1,
202100053171,106 693,A01,3,7,0,2,2,1,1,
202100053172,106 690,B01,2,32,0,2,1,1,1,
202100053172,106 691,A01,1,10,0,2,7,15,1,
202100053173,106 688,A01,1,7,0,2,5,1,1,
202100053173,106 689,B01,2,7,0,2,1,1,1,
202100053174,106 687,A01,1,7,0,1,2,16,1,
202100053175,106 684,A01,0,7,0,2,1,15,1,
202100053175,106 685,B01,0,1,0,2,1,1,5,
202100053176,106 683,A01,3,7,0,1,7,11,1,
202100053177,106 681,A01,2,2,0,2,3,12,1,
202100053177,106 682,B01,2,7,0,2,5,1,1,
202100053178,106 679,A01,1,7,0,2,0,1,0,
202100053178,106 680,B01,2,1,0,2,4,15,5,
202100053179,106 678,A01,1,32,0,0,0,16,1,
202100053180,106 677,A01,0,7,0,2,1,1,1,
202100053181,106 674,A01,0,7,0,2,1,13,1,
202100053181,106 675,B01,0,7,0,2,8,1,1,
202100053181,106 676,C01,0,7,0,2,1,1,1,
202100053182,106 673,A01,1,7,0,1,1,1,1,
202100053183,106 671,A01,1,7,0,2,3,7,1,
202100053183,106 672,B01,1,37,0,2,2,1,1,5.0
202100053184,106 667,B01,1,7,0,2,4,2,1,
202100053184,106 668,A01,1,7,0,2,1,2,1,
202100053185,106 665,A01,3,7,0,2,2,15,1,
202100053185,106 666,B01,3,7,0,2,2,1,1,
202100053186,106 663,B01,1,7,0,9,1,1,0,
202100053186,106 664,A01,2,1,0,2,7,19,5,
202100053187,106 662,A01,1,7,13,0,1,14,1,
202100053188,106 661,A01,1,40,0,1,6,1,3,
202100053189,106 659,B01,2,7,1,2,5,1,1,
202100053189,106 660,A01,1,7,0,2,2,9,1,
202100053190,106 658,Z01,1,7,0,1,1,1,1,
202100053191,106 656,B01,0,50,0,2,1,5,3,
202100053191,106 657,A01,1,7,0,9,3,16,1,
202100053192,106 654,B01,2,7,0,2,2,1,1,
202100053192,106 655,A01,2,7,0,2,3,15,1,
202100053193,106 652,A01,1,7,14,0,1,9,1,
202100053193,106 653,B01,1,2,0,2,0,9,1,
202100053194,106 651,A01,3,10,0,1,1,15,1,
202100053195,106 649,B01,1,10,0,2,2,17,0,
202100053195,106 650,A01,1,10,0,2,8,15,0,
202100053196,106 647,A01,2,7,0,9,3,0,3,
202100053196,106 648,B01,1,50,0,2,7,19,3,
202100053197,106 645,B01,2,7,0,2,6,11,1,
202100053197,106 646,A01,2,32,0,2,2,2,1,
202100053198,106 643,A01,1,7,0,2,1,2,1,
202100053198,106 644,B01,1,7,0,2,4,1,1,
202100053199,106 642,A01,3,3,0,1,3,0,1,
202100053200,106 641,A01,2,7,2,0,1,1,1,
202100053201,106 640,A01,2,7,0,1,3,15,1,
202100053202,106 639,A01,3,7,5,0,5,1,1,
202100053203,106 637,B01,1,2,15,0,1,1,1,
202100053203,106 638,A01,1,7,0,2,2,15,1,
202100053204,106 635,B01,1,1,0,2,7,1,5,
202100053204,106 636,A01,1,7,0,2,8,15,1,
202100053205,106 633,B01,2,7,0,2,2,16,1,
202100053205,106 634,A01,2,7,0,2,3,7,1,
202100053206,106 631,A01,3,7,0,2,1,15,1,
202100053206,106 632,B01,3,30,0,2,4,15,1,
202100053207,106 629,A01,3,7,0,2,3,15,1,
202100053207,106 630,B01,3,7,0,2,3,1,1,
202100053208,106 627,B01,1,33,0,2,2,1,1,
202100053208,106 628,A01,1,7,0,2,3,9,2,
202100053209,106 626,A01,1,7,4,0,3,1,1,
202100053210,106 624,B01,1,7,0,2,7,1,1,
202100053210,106 625,A01,1,7,0,2,0,12,1,
202100053211,106 623,A01,1,7,0,1,1,1,1,
202100053212,106 621,A01,2,10,0,2,3,15,1,
202100053212,106 622,B01,2,32,0,2,1,1,1,
202100053213,106 620,A01,2,50,0,0,0,1,3,
202100053214,106 619,A01,1,7,0,1,1,1,1,
202100053215,106 617,B01,1,31,0,2,7,1,1,
202100053215,106 618,A01,2,10,0,2,6,15,1,
202100053216,106 615,A01,3,33,12,2,2,17,1,
202100053216,106 616,B01,3,7,0,2,3,15,1,
202100053217,106 613,B01,1,2,0,1,0,16,1,
202100053217,106 614,A01,1,31,0,1,0,15,0,
202100053218,106 610,B01,3,1,0,2,0,1,5,
202100053218,106 611,A01,2,15,0,2,5,16,1,
202100053219,106 608,A01,2,7,0,2,1,1,1,
202100053219,106 609,B01,1,7,0,2,1,15,1,
202100053220,106 606,A01,3,1,0,2,7,1,5,
202100053220,106 607,B01,3,7,0,2,1,1,1,
202100053221,106 604,A01,1,7,0,2,1,15,1,
202100053221,106 605,B01,2,7,0,2,3,0,1,
202100053222,106 603,A01,1,7,0,1,1,1,1,
202100053223,106 601,A01,1,7,0,2,1,12,1,
202100053223,106 602,B01,1,37,0,2,1,16,1,1.0
202100053224,106 599,B01,1,33,0,2,1,1,1,
202100053224,106 600,A01,1,7,0,2,3,20,1,
202100053225,106 598,A01,1,30,0,1,1,17,1,
202100053226,106 596,A01,2,7,0,2,5,19,1,
202100053226,106 597,B01,1,2,0,2,1,2,1,
202100053227,106 595,A01,3,13,0,1,5,26,1,
202100053228,106 590,D01,1,7,0,2,4,0,1,
202100053228,106 591,A01,1,7,0,2,1,26,1,
202100053228,106 592,B01,1,20,0,2,4,0,1,
202100053228,106 593,C01,1,20,0,2,4,0,1,
202100053228,106 594,E01,1,20,0,2,4,0,1,
202100053229,106 588,B01,1,7,0,2,8,15,1,
202100053229,106 589,A01,1,30,0,2,1,9,1,
202100053230,106 584,A01,3,7,0,2,1,1,1,
202100053230,106 585,B01,3,10,0,2,4,23,1,
202100053231,106 582,A01,0,10,0,2,1,1,1,
202100053231,106 583,B01,0,7,0,2,4,1,1,
202100053232,106 579,A01,3,10,0,2,1,1,1,
202100053232,106 580,B01,3,7,0,2,4,1,1,
202100053232,106 581,C01,3,15,0,2,6,1,1,
202100053233,106 577,B01,3,7,0,2,2,15,1,
202100053233,106 578,A01,3,30,0,2,7,26,1,
202100053234,106 576,A01,2,31,0,1,1,21,1,
202100053235,106 573,C01,3,7,0,2,4,1,1,
202100053235,106 574,B01,3,7,0,2,4,2,1,
202100053235,106 575,A01,3,14,0,2,1,2,1,
202100053236,106 572,A01,1,7,8,0,1,1,1,
202100053237,106 568,B01,1,7,0,2,4,2,1,
202100053237,106 569,Z01,1,10,0,2,1,2,0,
202100053237,106 570,C01,1,7,0,2,4,2,1,
202100053237,106 571,A01,1,7,0,2,4,2,1,
202100053238,106 566,B01,2,7,0,2,4,23,1,
202100053238,106 567,A01,2,30,0,2,1,2,1,
202100053239,106 564,A01,1,1,0,2,1,1,5,
202100053239,106 565,B01,1,7,0,2,8,1,1,
202100053240,106 562,B01,3,7,0,2,7,1,1,
202100053240,106 563,A01,3,7,1,2,1,5,1,
202100053241,106 560,A01,1,7,0,2,7,14,1,
202100053241,106 561,B01,1,32,0,2,0,1,1,
202100053242,106 559,A01,1,7,14,0,1,13,1,
202100053243,106 557,B01,2,7,0,2,7,22,1,
202100053243,106 558,A01,2,1,1,2,7,18,5,
202100053244,106 555,B01,1,1,0,2,8,1,5,
202100053244,106 556,A01,1,32,0,2,8,1,1,
202100053245,106 553,B01,2,32,0,2,7,1,1,
202100053245,106 554,A01,2,7,0,2,8,15,2,
202100053246,106 552,A01,1,7,0,1,1,1,1,
202100053247,106 550,Z01,2,10,0,2,0,13,1,
202100053247,106 551,A01,2,32,0,2,8,23,1,
202100053248,106 549,A01,2,30,0,0,0,1,1,
202100053249,106 548,A01,2,34,14,0,0,1,1,
202100053250,106 547,A01,2,33,0,1,1,0,1,
202100053251,106 545,A01,1,10,0,2,7,16,1,
202100053251,106 546,B01,1,1,0,2,1,1,5,
202100053252,106 544,A01,1,7,0,1,2,16,1,
202100053253,106 541,C01,2,7,0,2,2,23,1,
202100053253,106 542,A01,2,7,0,2,3,22,1,
202100053253,106 543,B01,2,34,0,2,2,3,3,
202100053254,106 540,A01,1,50,0,1,1,1,3,
202100053255,106 539,Z01,1,30,0,1,0,0,1,
202100053256,106 536,A01,1,33,0,2,1,21,1,
202100053256,106 537,B01,2,37,0,2,1,1,1,1.0
202100053256,106 538,C01,1,33,0,0,7,21,1,
202100053257,106 534,A01,1,1,0,2,1,19,0,
202100053257,106 535,B01,3,32,0,2,2,0,1,
202100053258,106 533,A01,1,3,8,0,1,1,1,
202100053259,106 532,A01,3,7,0,1,1,1,1,
202100053260,106 531,A01,1,7,12,0,3,14,1,
202100053261,106 530,A01,3,30,0,0,8,1,1,
202100053262,106 528,A01,2,1,0,2,1,25,5,
202100053262,106 529,B01,1,7,0,2,2,9,1,
202100053263,106 526,A01,1,7,0,1,3,17,1,
202100053264,106 524,B01,1,7,0,2,1,1,1,
202100053264,106 525,A01,1,7,0,2,4,1,1,
202100053265,106 523,A01,3,7,0,1,1,1,1,
202100053266,106 521,A01,1,7,0,2,2,15,1,
202100053266,106 522,B01,1,7,0,2,2,1,1,
202100053267,106 520,A01,0,7,0,1,3,16,1,
202100053268,106 518,A01,1,2,0,2,1,1,1,
202100053268,106 519,B01,1,7,0,2,3,15,1,
202100053269,106 517,A01,-1,33,0,1,1,26,0,
202100053270,106 516,A01,0,7,0,1,2,15,1,
202100053271,106 513,A01,2,10,0,2,5,10,1,
202100053271,106 514,B01,1,32,0,2,1,1,1,
202100053272,106 511,A01,2,50,0,2,3,15,3,
202100053272,106 512,B01,2,30,0,2,2,1,1,
202100053273,106 509,B01,2,43,0,2,2,1,1,
202100053273,106 510,A01,2,7,0,2,3,9,1,
202100053274,106 507,B01,2,50,0,2,1,1,3,
202100053274,106 508,A01,1,7,0,2,2,10,1,
202100053275,106 505,B01,1,33,0,2,1,1,1,
202100053275,106 506,A01,1,1,0,2,4,15,5,
202100053276,106 504,A01,3,7,0,1,1,0,1,
202100053277,106 502,B01,1,1,0,2,2,1,5,
202100053277,106 503,A01,2,7,0,9,3,9,1,
202100053278,106 500,A01,0,7,0,0,1,13,1,
202100053278,106 501,B01,0,7,0,0,1,1,1,
202100053279,106 497,C01,1,7,0,2,3,2,1,
202100053279,106 498,B01,1,7,0,9,5,2,1,
202100053279,106 499,A01,1,7,3,0,2,1,1,
202100053280,106 496,A01,3,7,2,0,1,1,1,
202100053281,106 495,A01,1,7,17,0,2,1,1,
202100053282,106 491,B01,2,7,0,2,1,1,1,
202100053282,106 492,A01,1,7,0,2,3,5,1,
202100053283,106 490,A01,1,33,0,0,0,1,1,
202100053284,106 488,A01,2,7,13,2,3,13,3,
202100053284,106 489,B01,1,7,13,2,3,1,1,
202100053285,106 487,A01,0,7,13,0,3,0,1,
202100053286,106 486,A01,1,10,6,0,1,0,1,
202100053287,106 484,A01,2,7,0,2,5,15,1,
202100053287,106 485,B01,1,7,0,2,1,1,1,
202100053288,106 481,A01,3,10,0,2,3,19,1,
202100053288,106 482,B01,3,30,0,2,7,1,1,
202100053289,106 480,A01,2,7,3,0,9,1,1,
202100053290,106 477,C01,2,13,0,0,6,2,0,
202100053290,106 478,B01,2,7,0,2,2,1,2,
202100053290,106 479,A01,2,33,0,2,7,11,1,
202100053291,106 476,A01,1,7,4,0,3,17,1,
202100053292,106 474,B01,2,7,0,2,3,1,1,
202100053292,106 475,A01,1,30,0,2,1,13,1,
202100053293,106 472,A01,1,7,0,2,3,15,1,
202100053293,106 473,B01,2,33,0,2,0,21,1,
202100053294,106 470,A01,1,10,0,9,7,2,1,
202100053294,106 471,B01,1,1,0,0,4,2,5,
202100053295,106 469,A01,1,7,0,1,1,26,1,
202100053296,106 468,A01,1,7,15,0,2,1,1,
202100053297,106 466,B01,2,7,0,2,2,15,1,
202100053297,106 467,A01,1,1,0,2,1,0,5,
202100053298,106 464,A01,1,80,0,0,7,1,3,
202100053298,106 465,B01,1,7,0,2,1,9,0,
202100053299,106 463,A01,0,7,0,1,2,1,1,
202100053300,106 462,A01,1,10,0,1,2,1,1,
202100053301,106 460,A01,2,10,0,2,1,1,1,
202100053301,106 461,B01,1,2,0,2,8,1,1,
202100053302,106 457,A01,1,7,4,0,7,1,1,
202100053303,106 455,A01,2,10,0,2,2,2,1,
202100053303,106 456,B01,2,17,0,2,4,2,1,
202100053304,106 452,A01,1,10,0,2,4,2,1,
202100053304,106 453,C01,1,7,0,2,1,2,1,
202100053304,106 454,B01,1,7,0,2,1,2,1,
202100053305,106 448,D01,1,7,0,2,4,2,1,
202100053305,106 449,C01,1,7,0,2,1,2,1,
202100053305,106 450,B01,1,7,0,2,1,2,1,
202100053305,106 451,A01,1,7,0,2,1,2,1,
202100053306,106 447,A01,1,7,13,0,1,1,1,
202100053307,106 444,C01,1,7,0,2,4,2,1,
202100053307,106 445,B01,1,10,0,2,4,2,1,
202100053307,106 446,A01,1,10,0,2,1,2,1,
202100053308,106 442,A01,1,10,0,2,2,1,1,
202100053308,106 443,B01,1,33,0,2,3,3,1,
202100053309,106 439,C01,1,7,0,2,0,0,1,
202100053309,106 440,B01,1,7,0,2,4,2,1,
202100053309,106 441,A01,1,15,0,2,1,2,1,
202100053310,106 437,A01,1,14,0,2,1,1,1,
202100053310,106 438,B01,1,7,0,2,4,0,1,
202100053311,106 434,A01,2,7,0,2,3,11,1,
202100053311,106 435,B01,2,7,0,2,5,2,1,
202100053311,106 436,C01,2,7,0,2,2,2,1,
202100053312,106 432,A01,1,7,0,2,3,21,1,
202100053312,106 433,B01,1,7,0,2,5,2,1,
202100053313,106 429,A01,1,7,0,2,1,1,1,
202100053313,106 430,B01,1,10,0,2,2,26,1,
202100053313,106 431,C01,1,7,0,2,8,2,1,
202100053314,106 428,A01,2,7,4,0,4,11,1,
202100053315,106 423,A01,1,17,0,2,1,2,1,
202100053315,106 424,E01,1,7,0,2,4,2,1,
202100053315,106 425,C01,1,7,0,2,4,2,1,
202100053315,106 426,D01,1,7,0,2,4,2,1,
202100053315,106 427,B01,1,14,0,2,4,2,1,
202100053316,106 422,A01,1,7,0,0,9,1,1,
202100053317,106 420,B01,1,2,0,2,1,1,1,
202100053317,106 421,A01,1,7,0,9,1,15,1,
202100053318,106 418,A01,1,7,0,9,1,15,1,
202100053318,106 419,B01,1,2,0,2,1,1,1,
202100053319,106 416,A01,1,7,0,9,1,1,1,
202100053319,106 417,B01,1,1,0,2,1,19,0,
202100053320,106 415,A01,3,7,0,1,1,1,1,
202100053321,106 413,A01,1,7,0,2,1,19,1,
202100053321,106 414,B01,1,7,0,2,7,2,1,
202100053322,106 411,B01,0,50,0,0,0,0,3,
202100053322,106 412,A01,1,10,0,2,1,11,1,
202100053323,106 409,Z01,3,7,0,2,1,17,0,
202100053323,106 410,B01,3,1,0,2,8,15,6,
202100053324,106 407,A01,3,7,0,2,2,15,1,
202100053324,106 408,B01,2,32,0,2,1,1,1,
202100053325,106 405,A01,3,13,0,2,7,14,1,
202100053325,106 406,B01,3,7,0,2,6,1,1,
202100053326,106 404,A01,2,14,0,1,8,1,1,
202100053327,106 401,B01,3,1,0,2,1,26,0,
202100053327,106 402,A01,2,7,0,9,3,9,1,
202100053328,106 399,A01,2,7,0,2,1,1,1,
202100053328,106 400,B01,1,7,0,2,9,1,1,
202100053329,106 397,B01,1,33,0,2,7,1,1,
202100053329,106 398,A01,2,7,0,2,2,15,1,
202100053330,106 393,D01,2,7,1,0,3,24,1,
202100053330,106 394,A01,2,7,0,2,2,1,1,
202100053330,106 395,B01,2,7,1,0,3,26,1,
202100053330,106 396,C01,2,7,1,0,8,24,1,
202100053331,106 392,A01,0,3,0,1,1,1,1,
202100053332,106 390,A01,2,1,0,2,7,1,5,
202100053332,106 391,B01,2,7,0,2,1,16,1,
202100053333,106 388,A01,2,30,0,2,3,1,1,
202100053333,106 389,B01,1,7,0,2,0,0,0,
202100053334,106 387,A01,2,7,0,1,1,1,1,
202100053335,106 386,A01,0,1,0,1,1,1,5,
202100053336,106 384,A01,0,7,0,2,3,2,1,
202100053336,106 385,B01,0,7,0,2,4,2,1,
202100053337,106 382,B01,2,40,0,2,1,1,3,
202100053337,106 383,A01,1,7,0,4,8,15,1,
202100053338,106 379,A01,1,7,0,1,5,16,1,
202100053339,106 376,A01,1,7,0,2,4,2,1,
202100053339,106 377,B01,1,7,0,2,1,2,1,
202100053339,106 378,C01,1,7,0,2,1,2,1,
202100053340,106 375,A01,3,7,13,0,2,14,1,
202100053341,106 374,A01,3,7,0,1,3,26,0,
202100053342,106 372,A01,2,30,0,2,1,26,1,
202100053342,106 373,B01,2,7,14,0,4,26,1,
202100053343,106 370,A01,2,32,0,2,8,19,1,
202100053343,106 371,B01,1,7,0,2,1,1,1,
202100053344,106 368,B01,1,7,0,2,6,1,1,
202100053344,106 369,A01,1,2,0,2,1,1,1,
202100053345,106 367,A01,1,7,0,1,1,1,1,
202100053346,106 365,Z01,2,10,0,2,4,1,0,
202100053346,106 366,A01,2,33,0,2,1,13,1,
202100053347,106 363,A01,1,32,0,2,8,1,1,
202100053347,106 364,Z01,1,7,0,2,1,15,1,
202100053348,106 362,A01,2,10,0,1,0,1,1,
202100053349,106 361,A01,2,32,0,1,1,1,1,
202100053350,106 360,A01,2,30,0,1,1,1,1,
202100053351,106 358,B01,1,7,0,2,3,1,1,
202100053351,106 359,A01,1,1,0,2,1,5,5,
202100053352,106 356,A01,3,30,0,2,1,1,1,
202100053352,106 357,Z01,3,2,0,2,4,1,1,
202100053353,106 355,A01,1,43,0,1,1,1,1,
202100053354,106 353,B01,2,1,0,2,8,1,5,
202100053354,106 354,A01,1,7,0,2,3,15,1,
202100053355,106 351,A01,2,7,0,2,6,9,1,
202100053355,106 352,B01,2,30,0,2,1,1,1,
202100053356,106 349,B01,1,14,0,2,4,0,1,
202100053356,106 350,A01,1,7,0,2,1,0,1,
202100053357,106 348,A01,2,33,0,1,1,1,0,
202100053358,106 346,B01,2,7,0,2,4,2,1,
202100053358,106 347,A01,2,7,0,2,1,2,1,
202100053359,106 343,C01,1,7,0,2,4,2,0,
202100053359,106 344,B01,1,7,0,2,4,2,1,
202100053359,106 345,A01,1,10,0,2,1,1,1,
202100053360,106 341,Z01,-1,7,0,0,0,0,0,
202100053360,106 342,A01,3,33,0,2,1,1,1,
202100053361,106 339,B01,0,40,0,2,1,1,3,
202100053361,106 340,A01,0,7,0,-1,2,9,1,
202100053362,106 337,B01,2,7,0,2,1,13,1,
202100053362,106 338,A01,1,7,0,2,1,1,1,
202100053363,106 334,A01,-1,7,0,2,1,2,1,
202100053363,106 335,B01,-1,7,0,2,1,2,1,
202100053363,106 336,C01,-1,7,0,2,4,2,1,
202100053364,106 332,A01,1,7,0,2,1,1,1,
202100053364,106 333,B01,1,34,0,2,4,0,1,
202100053365,106 330,A01,1,33,0,2,1,19,1,
202100053365,106 331,B01,1,7,0,2,3,21,2,
202100053366,106 329,A01,1,7,0,1,1,1,1,
202100053367,106 328,A01,3,7,0,1,4,20,1,
202100053368,106 327,A01,1,31,0,0,9,1,1,
202100053369,106 325,A01,2,10,0,2,3,15,1,
202100053369,106 326,B01,2,7,0,2,2,17,1,
202100053370,106 323,A01,2,13,1,2,3,1,1,
202100053370,106 324,B01,1,7,0,2,3,1,1,
202100053371,106 322,A01,2,2,0,0,8,1,1,
202100053372,106 321,A01,1,7,0,1,2,1,1,
202100053373,106 319,B01,1,10,0,2,2,0,1,
202100053373,106 320,A01,1,30,0,2,8,0,1,
202100053374,106 318,A01,2,7,15,0,3,14,1,
202100053375,106 317,A01,2,7,2,0,1,14,1,
202100053376,106 316,A01,1,7,2,0,1,1,1,
202100053377,106 314,A01,2,7,0,2,3,15,1,
202100053377,106 315,B01,1,15,0,2,1,1,1,
202100053378,106 310,A01,1,7,0,2,3,5,1,
202100053378,106 311,B01,2,15,0,2,3,1,1,
202100053379,106 309,A01,1,33,3,0,9,1,1,
202100053380,106 307,A01,1,7,15,2,1,19,1,
202100053380,106 308,B01,2,7,15,2,7,1,1,
202100053381,106 305,B01,2,7,0,2,7,15,1,
202100053381,106 306,A01,1,7,0,2,1,1,1,
202100053382,106 303,A01,1,7,6,0,3,9,1,
202100053382,106 304,B01,1,7,6,0,1,1,1,
202100053383,106 300,A01,1,7,0,2,2,9,1,
202100053383,106 301,B01,2,15,0,2,1,9,1,
202100053383,106 302,C01,2,15,0,9,8,1,1,
202100053384,106 298,B01,2,7,0,2,1,1,1,
202100053384,106 299,A01,1,7,0,2,1,13,1,
202100053385,106 297,A01,1,7,8,0,1,1,1,
202100053386,106 296,A01,1,7,8,0,2,1,1,
202100053387,106 295,A01,1,7,2,0,1,1,1,
202100053388,106 294,A01,1,7,0,1,3,2,1,
202100053389,106 292,B01,2,17,0,2,3,1,1,
202100053389,106 293,A01,2,7,2,0,4,13,1,
202100053390,106 291,A01,3,7,0,1,1,26,1,
202100053391,106 289,A01,1,7,13,0,3,1,1,
202100053391,106 290,B01,1,7,0,0,2,17,1,
202100053392,106 287,A01,1,7,4,2,1,14,1,
202100053392,106 288,B01,1,17,0,0,8,1,1,
202100053393,106 285,B01,1,7,0,2,4,2,1,
202100053393,106 286,A01,1,32,1,0,1,2,1,
202100053394,106 283,B01,1,7,12,2,6,1,1,
202100053394,106 284,A01,3,7,0,2,1,9,1,
202100053395,106 281,A01,2,7,0,2,5,13,1,
202100053395,106 282,B01,1,7,0,2,2,1,1,
202100053396,106 279,A01,3,7,0,0,4,23,1,
202100053396,106 280,B01,3,7,0,2,1,1,1,
202100053397,106 278,A01,0,7,0,0,2,1,1,
202100053398,106 276,B01,2,10,8,0,1,1,1,
202100053398,106 277,A01,2,7,8,0,2,1,1,
202100053399,106 274,B01,2,50,0,0,0,2,3,
202100053399,106 275,A01,2,15,0,2,2,2,1,
202100053400,106 272,A01,2,7,0,2,3,17,1,
202100053400,106 273,B01,1,2,0,2,3,1,1,
202100053401,106 271,A01,0,2,1,0,1,0,1,
202100053402,106 269,A01,2,7,0,2,2,5,1,
202100053402,106 270,B01,1,10,0,2,1,1,1,
202100053403,106 268,A01,0,7,9,0,2,0,1,
202100053404,106 266,A01,0,7,0,0,7,19,1,
202100053404,106 267,B01,1,7,0,2,1,1,1,
202100053405,106 263,C01,2,7,0,2,1,2,1,
202100053405,106 264,B01,2,7,0,2,4,2,1,
202100053405,106 265,A01,2,7,0,2,4,1,1,
202100053406,106 260,C01,1,10,0,2,1,0,1,
202100053406,106 261,A01,1,7,0,2,2,16,1,
202100053406,106 262,B01,1,15,0,2,3,1,1,
202100053407,106 258,A01,1,7,0,2,6,11,1,
202100053407,106 259,B01,1,43,0,2,2,1,1,
202100053408,106 256,B01,2,7,0,2,1,2,1,
202100053408,106 257,A01,2,7,0,2,4,2,1,
202100053409,106 254,Z01,2,7,0,2,0,0,0,
202100053409,106 255,A01,2,7,4,2,5,1,1,
202100053410,106 252,B01,2,7,0,2,6,2,1,
202100053410,106 253,A01,2,7,0,2,2,2,1,
202100053411,106 251,A01,1,7,0,2,1,2,1,
202100053412,106 248,C01,1,15,0,2,1,1,1,
202100053412,106 249,A01,1,15,0,2,1,1,1,
202100053412,106 250,B01,1,7,0,2,4,1,1,
202100053413,106 246,B01,2,7,0,2,3,1,1,
202100053413,106 247,A01,2,33,0,2,1,1,1,
202100053414,106 245,A01,2,7,15,0,3,26,1,
202100053415,106 242,A01,2,7,4,2,1,1,1,
202100053415,106 243,B01,2,7,0,2,6,1,1,
202100053415,106 244,C01,2,10,0,1,8,1,1,
202100053416,106 240,A01,1,7,0,2,1,2,1,
202100053416,106 241,B01,1,10,0,2,4,2,1,
202100053417,106 237,C01,1,7,0,2,4,2,1,
202100053417,106 238,B01,1,7,0,2,4,2,1,
202100053417,106 239,A01,1,10,0,2,1,2,1,
202100053418,106 234,C01,2,7,0,2,4,2,1,
202100053418,106 235,B01,2,7,0,2,4,2,1,
202100053418,106 236,A01,2,7,0,2,1,2,1,
202100053419,106 232,B01,1,7,0,2,4,2,1,
202100053419,106 233,A01,1,13,0,2,1,1,1,
202100053420,106 229,C01,2,10,0,2,5,26,1,
202100053420,106 230,B01,2,7,0,2,8,13,1,
202100053420,106 231,A01,2,33,0,2,8,3,1,
202100053421,106 226,C01,2,10,0,2,5,1,1,
202100053421,106 227,B01,2,7,0,2,8,11,3,
202100053421,106 228,A01,2,43,0,2,1,3,1,
202100053422,106 224,A01,1,7,0,0,8,16,1,
202100053422,106 225,B01,1,1,0,2,3,19,5,
202100053423,106 221,A01,1,7,0,2,1,17,1,
202100053423,106 222,B01,1,7,0,2,3,1,1,
202100053423,106 223,C01,2,7,0,2,3,1,1,
202100053424,106 220,A01,1,7,15,0,1,13,1,
202100053425,106 218,B01,2,33,0,2,6,1,1,
202100053425,106 219,A01,1,7,0,2,3,11,1,
202100053426,106 216,B01,2,10,0,0,5,2,1,
202100053426,106 217,A01,2,33,0,0,8,2,1,
202100053427,106 214,A01,1,7,0,2,1,13,1,
202100053427,106 215,B01,2,7,0,2,3,15,1,
202100053428,106 212,A01,1,10,0,1,7,1,1,
202100053429,106 211,A01,3,7,0,1,2,1,1,
202100053430,106 210,A01,3,7,0,1,2,16,1,
202100053431,106 208,A01,3,3,0,9,2,17,1,
202100053431,106 209,B01,3,50,0,2,4,1,2,
202100053432,106 206,A01,1,7,0,2,2,15,1,
202100053432,106 207,B01,2,7,0,2,1,1,1,
202100053433,106 205,A01,1,7,0,1,3,1,1,
202100053434,106 203,B01,1,10,0,2,4,23,1,
202100053434,106 204,A01,1,17,0,2,1,2,1,
202100053435,106 202,A01,1,7,0,1,1,1,2,
202100053436,106 201,A01,1,7,0,1,1,1,1,