Num_Acc,id_vehicule,num_veh,senc,catv,obs,obsm,choc,manv,motor,occutc
202100053437,106 200,A01,3,10,0,1,1,1,-1,
202100053438,106 198,B01,1,7,0,0,4,1,2,
202100053438,106 199,A01,2,7,0,2,1,2,1,
202100053439,106 197,A01,3,99,0,1,1,16,0,
202100053440,106 194,A01,2,7,0,2,1,2,1,
202100053440,106 195,B01,2,7,0,2,5,23,1,
202100053440,106 196,C01,2,7,0,2,5,23,1,
202100053441,106 193,A01,2,7,8,0,1,1,1,
202100053442,106 192,A01,1,7,0,1,3,15,1,
202100053443,106 190,B01,2,1,0,2,1,1,5,
202100053443,106 191,A01,1,7,0,2,3,9,1,
202100053444,106 188,B01,2,7,0,2,2,1,1,
202100053444,106 189,A01,1,2,0,2,0,16,1,
202100053445,106 185,B01,1,7,0,2,2,1,1,
202100053445,106 186,C01,2,7,0,2,3,1,1,
202100053445,106 187,A01,2,7,0,2,2,15,1,
202100053446,106 183,B01,2,7,0,2,6,26,1,
202100053446,106 184,A01,2,33,0,2,6,26,1,
202100053447,106 181,A01,3,99,0,2,1,26,0,
202100053447,106 182,B01,3,99,0,2,3,0,0,
202100053448,106 179,A01,2,7,0,2,1,9,1,
202100053448,106 180,B01,1,50,0,2,7,0,3,
202100053449,106 177,A01,2,7,0,2,3,9,1,
202100053449,106 178,B01,1,1,0,2,1,1,5,
202100053450,106 175,B01,1,33,0,2,1,1,1,
202100053450,106 176,A01,2,7,0,2,3,15,1,
202100053451,106 174,A01,1,7,0,1,1,14,1,
202100053452,106 173,A01,2,10,0,1,2,1,1,
202100053453,106 172,A01,2,7,0,1,3,1,1,
202100053454,106 171,A01,0,7,0,1,1,1,1,
202100053455,106 169,A01,1,10,0,2,1,1,1,
202100053455,106 170,B01,1,7,0,2,1,1,1,
202100053456,106 167,B01,2,10,0,2,1,1,1,
202100053456,106 168,A01,1,7,0,2,1,13,1,
202100053457,106 166,A01,1,7,0,1,2,1,1,
202100053458,106 164,B01,3,7,0,2,1,1,1,
202100053458,106 165,A01,3,1,0,2,7,15,5,
202100053459,106 161,A01,3,7,0,2,1,2,1,
202100053459,106 162,C01,3,7,0,2,4,2,1,
202100053459,106 163,B01,3,7,0,2,1,2,1,
202100053460,106 159,B01,1,14,0,2,8,22,0,
202100053460,106 160,A01,1,80,1,0,1,1,3,
202100053461,106 158,A01,2,7,0,1,1,1,1,
202100053462,106 156,B01,1,32,0,2,1,1,1,
202100053462,106 157,A01,1,30,0,2,7,1,1,
202100053463,106 154,B01,1,7,0,2,8,1,2,
202100053463,106 155,A01,1,30,0,2,1,16,1,
202100053464,106 153,A01,1,7,0,1,1,1,1,
202100053465,106 151,B01,1,10,0,2,8,1,1,
202100053465,106 152,A01,1,7,0,2,1,1,1,
202100053466,106 146,A01,3,10,0,9,1,16,1,
202100053466,106 147,B01,1,1,0,2,8,1,5,
202100053467,106 145,A01,1,7,0,1,6,20,1,
202100053468,106 142,C01,1,7,0,2,1,1,1,
202100053468,106 143,A01,1,7,0,2,4,1,1,
202100053468,106 144,B01,1,7,0,2,1,1,1,
202100053469,106 141,A01,1,50,0,1,1,1,3,
202100053470,106 139,B01,1,32,0,2,3,2,3,
202100053470,106 140,A01,1,7,0,2,3,10,1,
202100053471,106 137,B01,3,40,0,2,3,1,3,
202100053471,106 138,A01,3,7,0,4,3,1,1,
202100053472,106 134,A01,2,7,11,2,3,18,1,
202100053472,106 135,B01,2,14,0,2,2,1,1,
202100053472,106 136,C01,1,7,0,2,6,1,1,
202100053473,106 132,A01,1,7,0,2,1,1,1,
202100053473,106 133,B01,1,7,8,1,7,1,1,
202100053474,106 130,A01,0,37,0,2,1,26,1,1.0
202100053474,106 131,B01,0,7,0,2,4,26,1,
202100053475,106 127,A01,3,7,1,2,4,1,1,
202100053475,106 128,B01,3,10,0,2,6,1,0,
202100053475,106 129,C01,3,10,1,0,5,26,1,
202100053476,106 126,A01,1,80,0,0,0,1,3,
202100053477,106 124,B01,2,10,0,2,7,18,1,
202100053477,106 125,A01,2,33,0,2,8,22,1,
202100053478,106 122,B01,1,30,0,2,2,17,1,
202100053478,106 123,A01,1,7,0,2,3,15,1,
202100053479,106 121,A01,1,10,0,1,1,1,1,
202100053480,106 120,A01,1,32,0,0,3,1,3,
202100053481,106 118,B01,1,2,0,2,1,1,1,
202100053481,106 119,A01,2,7,0,2,7,15,1,
202100053482,106 116,A01,1,7,0,2,1,15,1,
202100053482,106 117,B01,1,32,0,2,8,1,1,
202100053483,106 114,A01,3,7,0,2,1,1,1,
202100053483,106 115,B01,3,31,0,2,4,1,1,
202100053484,106 113,A01,1,10,0,1,4,4,1,
202100053485,106 112,A01,2,7,0,1,1,1,1,
202100053486,106 111,A01,2,43,0,1,6,2,1,
202100053487,106 110,A01,1,13,0,1,2,1,1,
202100053488,106 109,A01,3,33,0,0,7,1,1,
202100053489,106 108,A01,1,7,0,1,3,1,1,
202100053490,106 106,A01,1,7,0,2,2,1,1,
202100053490,106 107,B01,1,7,0,2,6,9,1,
202100053491,106 103,A01,1,7,0,2,1,2,1,
202100053491,106 104,B01,1,33,0,2,1,1,1,
202100053491,106 105,C01,1,7,0,2,4,2,1,
202100053492,106 101,B01,0,1,0,2,1,1,0,
202100053492,106 102,A01,0,30,0,9,1,25,0,
202100053493,106 099,A01,1,7,0,2,3,22,1,
202100053493,106 100,B01,1,1,0,2,1,1,5,
202100053494,106 097,A01,1,7,0,2,3,10,1,
202100053494,106 098,B01,1,33,0,2,8,1,1,
202100053495,106 095,A01,1,33,0,2,0,17,1,
202100053495,106 096,B01,1,7,0,2,3,13,1,
202100053496,106 093,A01,2,7,0,2,3,9,1,
202100053496,106 094,B01,1,50,0,2,7,2,3,
202100053497,106 089,D01,1,7,0,0,0,1,1,
202100053497,106 090,A01,2,7,14,2,6,13,3,
202100053497,106 091,B01,2,7,0,2,8,1,1,
202100053497,106 092,C01,2,31,14,2,1,1,1,
202100053498,106 086,A01,3,10,0,2,4,1,1,
202100053498,106 087,B01,3,7,0,2,1,2,1,
202100053498,106 088,C01,3,7,0,2,1,2,1,
202100053499,106 084,B01,3,2,0,2,1,1,1,
202100053499,106 085,A01,3,7,0,2,2,1,1,
202100053500,106 082,B01,1,7,0,2,1,1,1,
202100053500,106 083,A01,1,7,0,2,4,23,1,
202100053501,106 081,A01,3,7,0,1,1,15,1,
202100053502,106 079,A01,2,7,0,2,2,1,1,
202100053502,106 080,B01,1,1,0,2,0,1,5,
202100053503,106 077,B01,1,7,0,2,4,1,1,
202100053503,106 078,A01,1,7,0,2,1,2,0,
202100053504,106 075,A01,1,10,0,2,2,9,1,
202100053504,106 076,B01,1,7,0,2,3,1,1,
202100053505,106 074,A01,1,32,0,0,0,17,3,
202100053506,106 072,A01,2,80,0,1,7,1,3,
202100053507,106 071,A01,1,7,0,1,3,1,1,
202100053508,106 068,C01,1,7,0,2,3,9,1,
202100053508,106 069,B01,1,7,0,2,4,16,1,
202100053508,106 070,A01,1,7,14,0,2,1,1,
202100053509,106 066,B01,1,7,0,2,1,1,1,
202100053509,106 067,A01,2,7,0,2,3,19,1,
202100053510,106 064,A01,2,7,0,2,1,11,1,
202100053510,106 065,B01,1,14,0,2,1,1,1,
202100053511,106 063,A01,1,7,2,0,2,1,1,
202100053512,106 061,B01,2,7,0,2,2,1,1,
202100053512,106 062,A01,1,7,0,2,2,1,1,
202100053513,106 060,A01,1,7,2,0,3,0,1,
202100053514,106 059,A01,1,7,1,1,2,1,1,
202100053515,106 058,A01,2,10,0,1,7,1,1,
202100053516,106 056,A01,1,10,0,2,1,13,1,
202100053516,106 057,B01,2,7,0,2,3,1,1,
202100053517,106 054,B01,1,7,0,2,1,1,1,
202100053517,106 055,A01,2,7,13,2,7,15,1,
202100053518,106 053,A01,2,3,2,0,8,1,1,
202100053519,106 052,A01,3,31,0,0,8,1,1,
202100053520,106 050,A01,2,7,0,2,8,1,1,
202100053520,106 051,B01,1,7,0,2,3,13,1,
202100053521,106 048,B01,2,1,0,2,0,1,5,
202100053521,106 049,A01,2,1,0,2,0,1,5,
202100053522,106 047,A01,1,7,0,1,1,1,1,
202100053523,106 042,A01,1,7,0,0,3,13,1,
202100053523,106 043,B01,2,7,0,0,8,1,1,
202100053523,106 044,C01,2,7,0,0,3,1,1,
202100053523,106 045,D01,2,10,0,9,0,21,1,
202100053524,106 041,A01,0,7,0,1,4,26,1,
202100053525,106 040,A01,1,7,0,0,9,1,1,
202100053526,106 039,A01,1,10,0,1,0,1,0,
202100053527,106 038,A01,3,7,0,1,1,1,0,
202100053528,106 036,B01,1,7,0,2,8,13,1,
202100053528,106 037,A01,2,7,0,0,8,1,1,
202100053529,106 035,A01,1,7,9,0,1,0,1,
202100053530,106 033,A01,3,7,0,2,8,1,1,
202100053530,106 034,B01,3,7,0,2,1,16,1,
202100053531,106 031,B01,2,33,0,2,1,17,1,
202100053531,106 032,A01,1,15,0,2,3,1,1,
202100053532,106 030,A01,2,17,3,0,2,2,1,
202100053533,106 028,B01,1,10,0,9,3,0,1,
202100053533,106 029,A01,2,1,0,2,0,0,5,
202100053534,106 026,B01,2,33,0,2,1,17,1,
202100053534,106 027,A01,1,7,0,0,8,15,1,
202100053535,106 024,A01,2,7,1,0,1,0,1,
202100053535,106 025,B01,3,7,0,1,6,23,1,
202100053536,106 023,A01,1,7,0,1,2,1,1,
202100053537,106 022,A01,1,7,4,0,3,2,1,
202100053538,106 021,A01,0,7,0,1,2,1,1,
202100053539,106 020,A01,3,7,0,1,2,13,1,
202100053540,106 018,A01,2,7,13,2,4,1,1,
202100053540,106 019,B01,1,14,0,2,3,14,1,
202100053541,106 015,A01,1,7,0,9,3,15,1,
202100053541,106 016,B01,1,1,0,2,1,16,5,
202100053542,106 013,A01,1,7,0,2,5,26,1,
202100053542,106 014,B01,1,14,0,2,5,26,1,
202100053543,106 011,A01,1,7,0,2,3,26,1,
202100053543,106 012,Z01,1,7,0,2,0,14,0,
202100053544,106 009,B01,2,7,0,2,9,18,1,
202100053544,106 010,A01,2,14,0,2,2,1,1,
202100053545,106 007,A01,1,7,4,0,7,1,1,
202100053545,106 008,Z01,1,10,0,2,7,0,1,
202100053546,106 006,A01,2,7,4,0,2,14,1,
202100053547,106 004,A01,1,7,0,2,8,13,1,
202100053547,106 005,B01,1,15,0,2,2,1,1,
202100053548,106 003,A01,2,7,4,0,3,1,1,
202100053549,106 001,A01,1,15,0,2,2,14,1,
202100053549,106 002,B01,1,7,0,2,6,2,1,
202100053550,106 000,A01,2,7,2,0,1,21,1,
202100053551,105 997,B01,2,10,0,2,6,1,1,
202100053551,105 998,A01,2,33,0,2,1,26,1,
202100053552,105 995,A01,2,7,0,2,1,1,1,
202100053552,105 996,B01,2,7,0,2,4,1,1,
202100053553,105 994,A01,1,7,4,1,1,17,1,
202100053554,105 992,A01,1,1,0,2,2,11,5,
202100053554,105 993,B01,1,7,0,2,3,15,1,
202100053555,105 990,A01,3,7,0,2,3,15,1,
202100053555,105 991,B01,3,80,0,2,1,17,3,
202100053556,105 988,B01,1,7,0,2,4,24,1,
202100053556,105 989,A01,1,2,0,2,1,1,1,
202100053557,105 986,A01,1,2,0,2,8,9,1,
202100053557,105 987,B01,1,7,0,2,7,16,1,
202100053558,105 984,B01,2,1,0,2,1,2,5,
202100053558,105 985,A01,2,7,0,2,8,22,1,
202100053559,105 983,A01,2,7,0,0,2,14,1,
202100053560,105 982,A01,2,7,0,1,2,15,1,
202100053561,105 979,A01,3,7,11,2,1,2,1,
202100053561,105 980,B01,3,7,11,2,4,2,1,
202100053561,105 981,C01,3,7,11,2,4,2,1,
202100053562,105 978,A01,1,31,0,0,0,26,1,
202100053563,105 976,A01,1,50,0,2,1,25,3,
202100053563,105 977,B01,2,7,0,2,2,16,1,
202100053564,105 975,A01,3,7,0,1,3,15,1,
202100053565,105 973,A01,2,7,0,2,3,13,3,
202100053565,105 974,B01,1,7,0,2,3,13,1,
202100053566,105 971,A01,3,30,0,2,1,26,3,
202100053566,105 972,B01,3,7,0,2,3,15,1,
202100053567,105 969,B01,3,31,0,2,1,1,1,
202100053567,105 970,A01,3,13,0,2,1,15,1,
202100053568,105 967,A01,3,7,0,2,1,13,1,
202100053568,105 968,B01,3,37,0,2,1,1,1,1.0
202100053569,105 966,A01,3,7,0,1,4,20,1,
202100053570,105 964,A01,2,7,0,2,8,9,1,
202100053570,105 965,B01,1,7,0,2,3,1,1,
202100053571,105 962,A01,2,7,0,2,1,15,1,
202100053571,105 963,B01,1,2,0,2,1,1,1,
202100053572,105 960,B01,2,7,0,2,1,1,1,
202100053572,105 961,A01,1,7,0,2,8,13,1,
202100053573,105 958,A01,2,7,0,2,8,19,1,
202100053573,105 959,B01,1,50,0,2,1,1,3,
202100053574,105 956,B01,1,2,1,2,1,1,1,
202100053574,105 957,A01,2,7,0,2,3,19,1,
202100053575,105 954,A01,3,50,0,2,8,19,3,
202100053575,105 955,B01,3,7,0,2,1,1,1,
202100053576,105 953,A01,2,7,0,1,1,1,1,
202100053577,105 952,A01,3,7,0,1,3,1,1,
202100053578,105 950,A01,1,30,0,2,2,9,1,
202100053578,105 951,B01,2,7,0,2,2,1,1,
202100053579,105 948,B01,3,7,0,2,2,26,1,
202100053579,105 949,A01,3,7,0,2,3,26,1,
202100053580,105 946,A01,1,7,0,2,7,15,1,
202100053580,105 947,B01,2,7,0,2,2,1,1,
202100053581,105 945,A01,3,7,0,1,3,1,1,
202100053582,105 943,A01,1,7,0,2,1,2,1,
202100053582,105 944,B01,1,10,0,2,4,2,1,
202100053583,105 942,A01,1,7,4,0,3,0,1,
202100053584,105 939,A01,3,1,0,2,0,19,0,
202100053584,105 940,C01,3,7,0,2,3,2,1,
202100053584,105 941,B01,3,7,0,2,3,1,1,
202100053585,105 938,A01,1,3,1,0,1,13,1,
202100053586,105 937,A01,0,30,0,0,0,1,1,
202100053587,105 935,B01,1,7,0,0,0,0,1,
202100053587,105 936,A01,1,1,0,2,3,26,5,
202100053588,105 933,B01,3,7,0,2,8,1,1,
202100053588,105 934,A01,3,33,0,2,1,19,1,
202100053589,105 929,C01,1,7,0,2,4,23,1,
202100053589,105 930,D01,1,7,0,0,0,23,1,
202100053589,105 931,A01,1,7,0,2,1,1,1,
202100053589,105 932,B01,1,7,0,2,4,23,1,
202100053590,105 925,B01,0,7,0,2,4,23,1,
202100053590,105 926,A01,0,7,0,2,1,1,1,
202100053591,105 923,A01,3,7,0,2,2,15,1,
202100053591,105 924,B01,1,7,0,2,3,1,1,
202100053592,105 922,A01,1,1,0,0,0,1,5,
202100053593,105 920,B01,3,7,0,0,0,0,0,
202100053593,105 921,A01,3,10,0,2,3,0,1,
202100053594,105 918,B01,3,7,0,2,7,2,1,
202100053594,105 919,A01,3,7,0,2,3,9,1,
202100053595,105 917,A01,1,50,0,0,7,0,3,
202100053596,105 916,A01,1,7,0,1,1,1,1,
202100053597,105 915,A01,1,7,7,0,2,9,1,
202100053598,105 913,A01,1,7,0,2,1,1,1,
202100053598,105 914,B01,1,1,0,2,8,1,5,
202100053599,105 912,A01,1,7,0,1,1,1,1,
202100053600,105 909,C01,2,99,0,2,4,1,1,
202100053600,105 910,B01,2,7,0,2,1,1,1,
202100053600,105 911,A01,2,7,0,2,1,1,1,
202100053601,105 908,A01,3,30,0,0,1,1,1,
202100053602,105 907,A01,1,30,0,0,8,1,1,
202100053603,105 905,B01,1,10,0,2,5,1,0,
202100053603,105 906,A01,1,7,0,2,1,9,1,
202100053604,105 904,A01,1,7,4,0,1,1,1,
202100053605,105 902,A01,1,7,0,1,1,26,1,
202100053605,105 903,B01,1,60,0,2,1,15,5,
202100053606,105 899,A01,1,7,0,2,1,2,1,
202100053606,105 900,B01,1,7,0,2,4,23,1,
202100053606,105 901,C01,1,10,0,2,4,1,1,
202100053607,105 897,A01,0,10,0,2,3,9,1,
202100053607,105 898,B01,1,2,0,2,2,1,1,
202100053608,105 896,A01,1,7,15,0,3,9,1,
202100053609,105 894,A01,1,7,0,2,1,9,1,
202100053609,105 895,B01,1,7,0,2,4,9,0,
202100053610,105 892,A01,0,7,0,2,1,15,1,
202100053610,105 893,B01,0,7,0,2,5,1,1,
202100053611,105 890,A01,3,7,0,2,4,26,0,
202100053611,105 891,B01,3,7,0,2,1,1,1,
202100053612,105 888,B01,1,7,0,9,1,1,1,
202100053612,105 889,A01,1,14,0,2,0,1,1,
202100053613,105 887,A01,1,7,0,1,1,15,1,
202100053614,105 886,A01,2,33,0,1,1,17,1,
202100053615,105 885,A01,3,33,0,0,0,9,1,
202100053616,105 883,B01,3,7,0,2,1,1,1,
202100053616,105 884,A01,3,7,0,2,3,16,1,
202100053617,105 881,B01,0,7,0,2,1,1,1,
202100053617,105 882,A01,0,7,0,2,3,26,1,
202100053618,105 880,A01,2,7,0,1,1,1,1,
202100053619,105 879,A01,3,7,0,1,0,0,1,
202100053620,105 878,A01,2,31,0,0,8,26,1,
202100053621,105 876,A01,1,7,9,2,2,15,1,
202100053621,105 877,B01,2,7,0,2,1,1,1,
202100053622,105 875,A01,2,30,0,0,9,1,1,
202100053623,105 874,A01,2,7,1,0,1,1,1,
202100053624,105 872,A01,1,13,0,2,2,12,1,
202100053624,105 873,B01,1,7,0,2,6,1,1,
202100053625,105 870,A01,2,31,0,2,1,2,1,
202100053625,105 871,B01,2,33,0,2,4,23,1,
202100053626,105 869,A01,3,30,0,0,1,1,1,
202100053627,105 867,B01,1,32,0,2,1,1,1,
202100053627,105 868,A01,1,10,0,2,2,9,1,
202100053628,105 865,A01,2,7,0,2,2,16,0,
202100053628,105 866,B01,2,1,0,2,8,1,5,
202100053629,105 864,A01,1,1,0,2,0,21,5,
202100053630,105 863,A01,2,1,12,0,8,12,5,
202100053631,105 862,A01,1,1,0,1,1,1,5,
202100053632,105 861,A01,2,30,0,1,1,1,1,
202100053633,105 859,A01,1,7,0,2,2,9,1,
202100053633,105 860,B01,1,33,0,2,8,1,1,
202100053634,105 857,B01,2,10,0,1,4,2,1,
202100053634,105 858,A01,2,7,0,2,1,2,1,
202100053635,105 856,A01,3,7,0,1,1,2,0,
202100053636,105 855,A01,1,33,0,0,0,26,1,
202100053637,105 854,A01,3,10,0,1,1,1,1,
202100053638,105 852,A01,0,99,0,0,0,15,0,
202100053638,105 853,B01,0,33,0,2,0,1,0,
202100053639,105 850,A01,1,13,0,2,1,23,1,
202100053639,105 851,B01,1,7,0,2,4,23,1,
202100053640,105 848,A01,1,7,0,2,2,14,1,
202100053640,105 849,B01,1,0,0,0,6,1,3,
202100053641,105 847,A01,1,3,0,1,3,26,0,
202100053642,105 845,A01,1,7,0,2,2,1,1,
202100053642,105 846,B01,1,2,0,2,1,15,1,
202100053643,105 843,A01,1,7,0,2,8,13,1,
202100053643,105 844,B01,2,7,0,2,3,13,1,
202100053644,105 842,A01,1,32,3,1,7,21,1,
202100053645,105 840,B01,3,32,0,2,1,1,0,
202100053645,105 841,A01,3,50,0,2,1,5,3,
202100053646,105 839,A01,2,7,13,0,0,9,1,
202100053647,105 837,A01,2,10,0,2,1,13,1,
202100053647,105 838,B01,1,7,0,2,1,1,1,
202100053648,105 836,A01,2,7,2,0,2,11,1,
202100053649,105 835,A01,2,7,0,0,8,1,1,
202100053650,105 833,A01,3,7,0,2,1,1,1,
202100053650,105 834,B01,3,50,0,2,2,19,3,
202100053651,105 832,A01,1,7,0,0,2,0,1,
202100053652,105 830,A01,2,7,0,2,5,15,1,
202100053652,105 831,B01,1,7,0,2,2,1,1,
202100053653,105 829,A01,1,7,8,0,1,1,1,
202100053654,105 827,B01,2,7,13,1,2,1,1,
202100053654,105 828,A01,2,7,13,0,7,1,1,
202100053655,105 825,B01,0,3,0,2,1,1,1,
202100053655,105 826,A01,0,7,0,2,1,5,1,
202100053656,105 824,A01,2,31,0,6,1,1,1,
202100053657,105 822,B01,2,7,0,2,1,1,1,
202100053657,105 823,A01,1,7,0,2,3,13,1,
202100053658,105 821,A01,1,7,6,0,9,13,1,
202100053659,105 819,A01,1,2,0,2,1,1,1,
202100053659,105 820,B01,2,7,0,2,3,15,1,
202100053660,105 818,A01,2,7,2,0,1,1,1,
202100053661,105 816,B01,1,15,0,2,1,1,1,
202100053661,105 817,A01,2,7,0,2,3,13,1,
202100053662,105 813,C01,1,7,0,2,6,13,1,
202100053662,105 814,B01,2,7,0,2,6,1,1,
202100053662,105 815,A01,2,33,0,2,3,1,1,
202100053663,105 812,A01,2,7,17,0,1,14,1,
202100053664,105 811,A01,1,7,0,1,1,1,1,
202100053665,105 809,B01,3,7,0,2,8,1,1,
202100053665,105 810,A01,2,7,0,2,1,1,1,
202100053666,105 807,B01,2,10,0,2,1,1,1,
202100053666,105 808,A01,1,10,0,2,2,0,1,
202100053667,105 806,A01,1,7,0,1,2,1,1,
202100053668,105 804,A01,1,7,0,2,1,13,1,
202100053668,105 805,B01,2,7,0,2,3,1,1,
202100053669,105 803,A01,1,17,3,0,3,1,1,
202100053670,105 801,A01,1,7,0,0,4,1,1,
202100053670,105 802,B01,1,10,0,2,1,2,1,
202100053671,105 799,A01,2,33,0,2,1,2,1,
202100053671,105 800,B01,2,7,0,0,4,2,1,
202100053672,105 797,A01,1,15,0,2,6,1,1,
202100053672,105 798,B01,1,7,0,2,2,1,1,
202100053673,105 796,A01,3,7,0,1,4,4,1,
202100053674,105 793,C01,1,7,0,9,3,1,1,
202100053674,105 794,B01,2,33,0,2,3,13,1,
202100053674,105 795,A01,1,7,0,2,3,1,1,
202100053675,105 791,B01,1,7,0,0,3,1,1,
202100053675,105 792,A01,0,7,0,0,2,13,1,
202100053676,105 790,A01,1,7,4,0,0,1,1,
202100053677,105 789,A01,0,7,15,0,1,1,1,
202100053678,105 788,A01,3,7,0,1,2,15,0,
202100053679,105 783,B01,2,7,0,2,6,1,2,
202100053679,105 784,A01,1,7,6,2,7,1,1,
202100053679,105 785,C01,1,7,0,2,5,2,1,
202100053679,105 786,D01,1,7,0,2,8,1,1,
202100053679,105 787,E01,1,7,0,0,7,2,1,
202100053680,105 782,A01,2,7,0,1,3,16,1,
202100053681,105 781,A01,1,7,0,1,3,1,1,
202100053682,105 779,A01,1,15,0,2,1,1,1,
202100053682,105 780,B01,1,10,0,2,3,9,1,
202100053683,105 777,B01,2,2,0,2,1,1,1,
202100053683,105 778,A01,2,7,0,2,3,9,1,
202100053684,105 775,B01,1,7,0,2,8,1,1,
202100053684,105 776,A01,2,15,0,2,6,13,1,
202100053685,105 774,A01,1,7,17,0,1,21,1,
202100053686,105 772,Z01,1,7,0,2,3,12,0,
202100053686,105 773,A01,1,7,0,2,5,1,1,
202100053687,105 770,B01,2,33,0,2,1,3,1,
202100053687,105 771,A01,2,7,0,2,6,11,1,
202100053688,105 767,A01,2,7,0,2,6,2,1,
202100053688,105 768,B01,2,7,0,2,6,9,1,
202100053688,105 769,C01,2,7,0,2,2,1,1,
202100053689,105 764,C01,1,7,0,2,4,2,0,
202100053689,105 765,B01,1,7,0,2,4,2,1,
202100053689,105 766,A01,1,7,0,2,1,2,1,
202100053690,105 763,A01,1,7,9,0,1,21,1,
202100053691,105 761,A01,2,33,0,2,1,3,1,
202100053691,105 762,B01,2,7,0,2,4,11,1,
202100053692,105 759,A01,2,10,0,2,6,0,1,
202100053692,105 760,B01,2,33,0,2,1,3,1,
202100053693,105 757,B01,2,32,0,2,2,3,1,
202100053693,105 758,A01,2,7,0,2,6,11,1,
202100053694,105 756,A01,2,7,0,9,1,1,1,
202100053695,105 753,C01,2,7,0,2,0,2,1,
202100053695,105 754,B01,2,33,0,2,1,3,1,
202100053695,105 755,A01,2,10,0,2,6,1,1,
202100053696,105 751,A01,2,7,0,2,5,12,1,
202100053696,105 752,B01,2,33,0,2,1,3,1,
202100053697,105 749,A01,2,7,0,2,4,1,1,
202100053697,105 750,B01,1,7,0,2,1,2,1,
202100053698,105 747,B01,1,7,0,2,4,2,1,
202100053698,105 748,A01,1,37,0,2,1,9,1,1.0
202100053699,105 745,A01,1,7,0,2,1,2,1,
202100053699,105 746,B01,1,7,0,2,4,2,1,
202100053700,105 744,A01,3,7,0,1,3,15,1,
202100053701,105 742,B01,1,7,0,2,4,2,1,
202100053701,105 743,A01,1,34,0,2,1,2,1,
202100053702,105 740,A01,2,7,1,2,8,1,1,
202100053702,105 741,B01,2,31,0,2,1,1,1,
202100053703,105 739,A01,3,7,0,1,1,19,1,
202100053704,105 738,A01,1,7,0,1,2,1,0,
202100053705,105 737,A01,1,10,9,1,2,2,1,
202100053706,105 735,B01,1,7,0,2,7,1,1,
202100053706,105 736,A01,1,7,0,2,1,1,1,
202100053707,105 733,A01,3,7,0,2,3,1,1,
202100053707,105 734,B01,3,1,0,2,1,1,5,
202100053708,105 732,A01,2,7,0,1,2,1,1,
202100053709,105 731,A01,2,7,0,1,7,26,1,
202100053710,105 729,A01,1,7,0,2,3,15,1,
202100053710,105 730,B01,1,7,2,0,8,1,1,
202100053711,105 728,A01,1,7,0,1,1,1,1,
202100053712,105 725,A01,1,10,0,2,0,17,1,
202100053712,105 726,B01,1,7,0,2,6,12,1,
202100053713,105 723,B01,1,10,0,2,3,15,1,
202100053713,105 724,A01,1,7,0,2,2,1,1,
202100053714,105 721,A01,2,7,0,2,1,1,1,
202100053714,105 722,B01,1,7,0,2,8,1,1,
202100053715,105 719,A01,1,7,0,2,8,15,1,
202100053715,105 720,B01,1,7,0,2,1,1,1,
202100053716,105 717,B01,2,7,0,2,1,1,1,
202100053716,105 718,A01,1,7,5,2,4,13,1,
202100053717,105 715,A01,0,7,0,2,0,1,0,
202100053717,105 716,B01,1,7,0,2,1,1,1,
202100053718,105 714,A01,1,7,0,1,1,16,1,
202100053719,105 713,A01,1,15,0,0,0,14,1,
202100053720,105 711,B01,2,7,0,2,1,1,1,
202100053720,105 712,A01,1,1,0,2,5,1,5,
202100053721,105 709,B01,1,33,0,2,1,1,1,
202100053721,105 710,A01,1,7,0,2,1,15,1,
202100053722,105 708,A01,0,7,8,0,1,1,1,
202100053723,105 707,A01,3,30,0,0,7,9,1,
202100053724,105 706,A01,1,7,0,1,1,26,1,
202100053725,105 704,B01,1,7,0,2,3,1,1,
202100053725,105 705,A01,1,32,0,2,3,1,1,
202100053726,105 703,A01,1,99,0,1,1,26,1,
202100053727,105 702,A01,1,7,0,1,7,19,1,
202100053728,105 701,A01,3,7,0,9,1,15,1,
202100053729,105 700,A01,3,30,2,0,1,1,1,
202100053730,105 698,A01,3,7,0,2,4,1,1,
202100053730,105 699,B01,3,7,0,2,1,2,0,
202100053731,105 697,A01,2,7,0,1,2,1,1,
202100053732,105 695,A01,1,7,0,2,6,15,1,
202100053732,105 696,B01,1,2,0,2,7,17,1,
202100053733,105 694,A01,0,7,8,0,2,1,1,
202100053734,105 693,A01,3,30,0,0,7,0,1,
202100053735,105 692,A01,1,7,0,1,8,16,1,
202100053736,105 691,A01,1,99,0,1,1,1,1,
202100053737,105 689,B01,1,1,0,2,7,26,5,
202100053737,105 690,A01,1,7,0,2,7,9,1,
202100053738,105 687,A01,1,7,0,2,2,15,1,
202100053738,105 688,B01,2,7,0,2,1,1,1,
202100053739,105 686,A01,1,7,0,0,9,26,1,
202100053740,105 683,A01,2,7,0,2,3,17,1,
202100053740,105 684,B01,2,33,0,2,1,1,1,
202100053740,105 685,C01,2,7,0,2,4,1,1,
202100053741,105 676,A01,2,7,0,2,1,13,1,
202100053741,105 677,B01,1,7,0,2,1,1,1,
202100053742,105 674,A01,1,7,0,2,0,26,1,
202100053742,105 675,B01,1,30,0,2,0,0,6,
202100053743,105 672,A01,2,7,0,2,2,10,1,
202100053743,105 673,B01,1,34,0,2,1,26,1,
202100053744,105 671,A01,2,37,0,0,0,7,1,3.0