Num_Acc,id_vehicule,num_veh,senc,catv,obs,obsm,choc,manv,motor,occutc
202100053745,105 669,B01,2,7,0,2,8,1,1,
202100053745,105 670,A01,1,10,0,2,1,1,1,
202100053746,105 668,A01,1,10,0,1,5,4,3,
202100053747,105 666,A01,2,30,0,2,7,15,1,
202100053747,105 667,B01,1,30,0,2,1,1,3,
202100053748,105 665,A01,1,7,0,1,1,16,1,
202100053749,105 664,A01,2,32,0,1,1,1,1,
202100053750,105 662,A01,1,7,0,2,1,16,1,
202100053750,105 663,B01,2,1,0,2,4,1,5,
202100053751,105 660,A01,1,1,0,2,7,1,5,
202100053751,105 661,B01,1,10,0,2,3,1,1,
202100053752,105 658,A01,2,33,0,2,1,1,1,
202100053752,105 659,B01,1,32,0,2,7,15,1,
202100053753,105 657,Z01,1,2,0,1,1,1,1,
202100053754,105 656,A01,2,7,8,0,0,1,1,
202100053755,105 654,A01,2,7,0,2,7,15,1,
202100053755,105 655,B01,1,32,0,2,1,1,1,
202100053756,105 653,A01,1,37,0,1,7,26,1,1.0
202100053757,105 652,A01,1,7,0,1,3,0,0,
202100053758,105 650,A01,1,7,0,2,1,1,1,
202100053758,105 651,B01,1,34,0,2,4,23,1,
202100053759,105 648,A01,2,7,0,2,2,16,2,
202100053759,105 649,B01,2,2,0,2,1,18,0,
202100053760,105 646,A01,2,7,0,2,1,17,0,
202100053760,105 647,B01,2,13,0,0,4,1,0,
202100053761,105 645,A01,2,7,0,1,2,1,1,
202100053762,105 643,B01,-1,7,0,2,1,15,0,
202100053762,105 644,A01,3,30,0,2,8,1,0,
202100053763,105 641,B01,3,7,0,2,3,1,0,
202100053763,105 642,A01,3,7,0,2,1,15,0,
202100053764,105 640,A01,2,30,0,1,1,9,1,
202100053765,105 638,A01,2,33,0,2,2,1,1,
202100053765,105 639,B01,2,7,0,2,1,15,2,
202100053766,105 637,A01,2,15,0,1,7,1,1,
202100053767,105 635,Y01,0,50,0,0,0,0,3,
202100053767,105 636,A01,1,7,0,1,1,17,1,
202100053768,105 633,A01,3,33,0,2,6,1,1,
202100053768,105 634,B01,3,7,0,2,1,2,1,
202100053769,105 632,A01,2,7,0,1,1,1,2,
202100053770,105 631,A01,3,1,0,0,0,26,5,
202100053771,105 630,A01,2,7,0,1,2,1,1,
202100053772,105 628,A01,3,7,0,1,2,15,1,
202100053773,105 627,A01,2,3,0,0,0,2,1,
202100053774,105 625,A01,3,7,0,9,2,15,1,
202100053774,105 626,B01,3,1,0,2,1,1,5,
202100053775,105 624,A01,2,7,2,0,0,1,1,
202100053776,105 622,A01,0,7,0,2,1,1,2,
202100053776,105 623,B01,0,7,0,2,1,17,1,
202100053777,105 621,A01,2,7,4,0,3,1,1,
202100053778,105 619,B01,1,7,0,2,1,1,1,
202100053778,105 620,A01,2,7,0,2,1,13,1,
202100053779,105 618,A01,1,7,8,0,1,1,1,
202100053780,105 616,B01,1,17,0,2,8,1,1,
202100053780,105 617,A01,2,10,6,2,3,13,1,
202100053781,105 615,A01,2,17,1,1,2,1,1,
202100053782,105 613,B01,1,7,1,0,7,2,1,
202100053782,105 614,A01,1,7,3,0,7,1,1,
202100053783,105 612,A01,1,7,15,9,1,21,1,
202100053784,105 610,A01,2,7,0,2,3,1,1,
202100053784,105 611,B01,1,7,0,2,3,1,1,
202100053785,105 608,B01,1,7,0,2,1,2,1,
202100053785,105 609,A01,1,7,0,2,8,2,1,
202100053786,105 606,B01,0,21,0,0,4,2,1,
202100053786,105 607,A01,0,10,0,2,1,2,1,
202100053787,105 605,A01,1,7,14,0,1,1,1,
202100053788,105 604,A01,2,7,0,1,3,1,1,
202100053789,105 603,A01,1,33,0,0,0,1,1,
202100053790,105 599,C01,2,10,0,2,1,1,1,
202100053790,105 600,D01,1,7,0,2,1,1,1,
202100053790,105 601,A01,1,31,0,2,1,17,1,
202100053790,105 602,B01,2,7,0,2,1,1,1,
202100053791,105 598,A01,2,7,2,0,1,14,1,
202100053792,105 597,A01,1,7,0,1,3,15,1,
202100053793,105 596,A01,3,7,0,1,2,20,1,
202100053794,105 595,A01,3,7,0,0,7,1,1,
202100053795,105 594,A01,0,7,0,0,2,2,1,
202100053796,105 591,A01,2,7,17,0,2,21,1,
202100053797,105 590,A01,1,15,3,0,9,6,1,
202100053798,105 589,A01,2,7,0,1,2,1,1,
202100053799,105 588,A01,1,7,0,1,1,1,1,
202100053800,105 586,A01,2,7,0,2,2,1,1,
202100053800,105 587,B01,1,7,0,2,1,1,1,
202100053801,105 584,A01,2,7,0,2,2,17,1,
202100053801,105 585,B01,2,15,0,2,6,13,1,
202100053802,105 581,A01,2,7,0,2,1,2,1,
202100053802,105 582,B01,2,10,0,2,4,2,1,
202100053802,105 583,C01,2,7,0,2,8,9,1,
202100053803,105 579,B01,0,7,0,0,5,15,1,
202100053803,105 580,A01,0,1,0,2,2,1,5,
202100053804,105 577,A01,2,7,0,2,2,15,1,
202100053804,105 578,B01,1,2,0,2,1,1,1,
202100053805,105 575,A01,1,7,0,0,2,13,1,
202100053805,105 576,B01,1,7,0,0,2,21,1,
202100053806,105 574,A01,3,7,2,0,3,13,1,
202100053807,105 573,A01,1,7,4,0,0,1,1,
202100053808,105 572,A01,1,7,0,1,1,1,1,
202100053809,105 570,B01,2,15,0,2,8,1,1,
202100053809,105 571,A01,1,7,0,2,1,5,1,
202100053810,105 568,B01,1,31,0,2,1,1,1,
202100053810,105 569,A01,2,7,0,2,2,19,1,
202100053811,105 566,A01,3,7,0,2,3,9,1,
202100053811,105 567,B01,1,2,0,2,1,1,1,
202100053812,105 565,A01,3,7,0,1,1,15,1,
202100053813,105 563,B01,3,7,0,2,3,1,1,
202100053813,105 564,A01,3,10,0,2,3,1,1,
202100053814,105 560,C01,3,7,0,2,1,1,1,
202100053814,105 561,B01,3,7,0,2,3,1,1,
202100053814,105 562,A01,3,7,0,2,1,13,1,
202100053815,105 559,A01,2,7,3,0,1,13,1,
202100053816,105 556,B01,1,7,0,2,4,2,1,
202100053816,105 557,A01,1,7,0,2,1,2,1,
202100053817,105 553,A01,1,7,0,2,1,2,1,
202100053817,105 554,C01,1,7,0,2,4,2,1,
202100053817,105 555,B01,1,7,0,2,4,2,1,
202100053818,105 552,A01,2,33,0,0,8,1,1,
202100053819,105 550,B01,1,7,4,0,4,2,1,
202100053819,105 551,A01,1,7,0,2,1,2,1,
202100053820,105 546,A01,1,7,0,2,4,12,1,
202100053820,105 547,B01,1,10,0,2,1,2,1,
202100053820,105 548,C01,1,7,0,2,5,1,1,
202100053820,105 549,D01,1,7,0,2,1,1,1,
202100053821,105 545,A01,2,7,3,0,0,1,1,
202100053822,105 543,B01,1,30,0,2,1,1,1,
202100053822,105 544,A01,1,10,0,2,4,1,1,
202100053823,105 541,B01,2,30,0,2,1,1,1,
202100053823,105 542,A01,1,7,0,2,1,1,1,
202100053824,105 539,A01,2,7,0,2,6,2,1,
202100053824,105 540,B01,2,7,0,2,2,2,1,
202100053825,105 537,A01,3,7,0,2,1,1,1,
202100053825,105 538,B01,3,7,0,2,4,1,1,
202100053826,105 535,B01,2,7,0,2,2,16,1,
202100053826,105 536,A01,2,36,0,2,8,18,1,
202100053827,105 533,A01,2,7,0,2,1,16,1,
202100053827,105 534,B01,2,7,0,2,7,1,1,
202100053828,105 531,B01,3,7,0,2,1,16,1,
202100053828,105 532,A01,1,7,0,2,1,5,1,
202100053829,105 530,A01,1,7,3,0,3,2,1,
202100053830,105 528,B01,1,1,0,2,6,1,0,
202100053830,105 529,A01,2,7,0,1,3,15,1,
202100053831,105 526,A01,1,30,0,2,1,2,1,
202100053831,105 527,B01,1,7,0,2,6,2,1,
202100053832,105 524,A01,0,7,9,0,2,1,1,
202100053832,105 525,B01,0,7,2,0,0,0,1,
202100053833,105 523,A01,1,7,2,0,7,1,1,
202100053834,105 522,A01,1,7,0,1,2,26,1,
202100053835,105 520,A01,2,3,0,2,1,1,1,
202100053835,105 521,B01,2,3,0,2,7,1,1,
202100053836,105 518,A01,1,7,0,9,3,15,1,
202100053836,105 519,B01,1,50,0,2,1,1,3,
202100053837,105 516,B01,3,7,0,2,1,1,1,
202100053837,105 517,A01,3,7,1,2,8,9,1,
202100053838,105 515,A01,1,2,11,0,1,1,1,
202100053839,105 513,B01,1,7,0,2,2,1,1,
202100053839,105 514,A01,2,7,0,2,3,1,2,
202100053840,105 511,A01,1,7,0,2,2,2,1,
202100053840,105 512,B01,1,7,0,2,6,1,1,
202100053841,105 509,B01,2,7,0,2,1,1,1,
202100053841,105 510,A01,1,7,0,2,2,15,1,
202100053842,105 507,B01,0,33,0,2,8,1,1,
202100053842,105 508,A01,3,7,0,2,1,19,1,
202100053843,105 506,A01,1,7,0,1,3,1,1,
202100053844,105 504,B01,2,7,8,2,7,1,1,
202100053844,105 505,A01,0,7,0,2,2,15,1,
202100053845,105 503,A01,2,7,0,0,2,14,1,
202100053846,105 501,B01,1,7,13,2,8,1,1,
202100053846,105 502,A01,3,7,0,2,1,19,1,
202100053847,105 497,B01,2,33,0,2,1,1,1,
202100053847,105 498,A01,2,7,0,2,1,15,1,
202100053848,105 495,A01,2,7,0,2,2,3,1,
202100053848,105 496,B01,2,7,0,2,6,1,1,
202100053849,105 493,B01,0,7,0,2,2,1,1,
202100053849,105 494,A01,0,7,0,2,8,2,1,
202100053850,105 489,C01,2,7,0,2,0,26,1,
202100053850,105 490,B01,2,7,0,2,3,26,1,
202100053850,105 491,A01,1,34,0,2,1,13,1,
202100053851,105 487,B01,1,7,0,9,4,26,1,
202100053851,105 488,A01,1,7,0,2,1,2,1,
202100053852,105 486,A01,1,7,0,1,3,16,1,
202100053853,105 484,A01,1,33,0,2,1,3,1,
202100053853,105 485,B01,1,7,0,2,5,12,1,
202100053854,105 482,A01,1,7,0,2,1,1,2,
202100053854,105 483,B01,1,30,0,2,5,1,1,
202100053855,105 480,B01,1,7,0,2,2,15,1,
202100053855,105 481,A01,3,34,0,2,1,1,1,
202100053856,105 479,A01,3,1,0,0,0,16,5,
202100053857,105 478,A01,0,0,0,1,0,0,0,
202100053858,105 476,A01,2,2,0,2,1,26,1,
202100053858,105 477,B01,2,7,0,2,8,9,1,
202100053859,105 474,A01,1,7,0,2,1,17,1,
202100053859,105 475,B01,2,7,0,2,1,1,1,
202100053860,105 472,B01,1,7,0,2,1,1,1,
202100053860,105 473,A01,1,7,0,2,8,1,1,
202100053861,105 470,A01,2,7,0,2,5,15,1,
202100053861,105 471,B01,2,7,0,2,3,1,1,
202100053862,105 469,A01,2,7,0,1,3,15,1,
202100053863,105 467,A01,1,7,0,2,2,1,1,
202100053863,105 468,B01,2,7,0,2,1,1,1,
202100053864,105 465,B01,0,2,0,0,0,0,0,
202100053864,105 466,A01,0,3,0,0,0,0,0,
202100053865,105 464,A01,3,32,1,0,1,1,1,
202100053866,105 462,A01,1,7,0,2,7,12,1,
202100053866,105 463,B01,1,33,0,2,8,3,1,
202100053867,105 460,A01,1,7,0,2,3,1,1,
202100053867,105 461,B01,2,7,0,2,3,1,1,
202100053868,105 457,A01,1,7,0,0,6,15,1,
202100053868,105 458,B01,1,7,0,2,4,23,1,
202100053868,105 459,C01,1,7,0,2,1,1,1,
202100053869,105 455,B01,2,7,0,2,1,1,1,
202100053869,105 456,A01,1,7,0,2,7,13,1,
202100053870,105 454,A01,0,7,0,1,1,1,1,
202100053871,105 451,B01,2,17,0,2,3,1,1,
202100053871,105 452,A01,1,10,0,2,8,13,1,
202100053871,105 453,C01,1,7,0,2,1,1,1,
202100053872,105 449,A01,3,7,0,2,3,13,1,
202100053872,105 450,B01,3,7,0,2,3,1,1,
202100053873,105 447,B01,2,13,0,2,6,2,1,
202100053873,105 448,A01,2,10,0,2,1,11,1,
202100053874,105 446,A01,1,7,0,1,1,1,1,
202100053875,105 444,B01,1,7,0,2,1,1,1,
202100053875,105 445,A01,2,7,0,2,1,11,1,
202100053876,105 443,A01,3,1,16,0,0,0,5,
202100053877,105 442,A01,1,2,0,0,8,1,1,
202100053878,105 440,A01,3,7,0,2,3,17,1,
202100053878,105 441,B01,2,7,0,2,1,15,1,
202100053879,105 438,A01,1,7,0,2,3,15,1,
202100053879,105 439,B01,2,10,0,2,2,1,1,
202100053880,105 437,A01,1,7,13,0,1,1,1,
202100053881,105 435,B01,3,7,0,0,7,1,1,
202100053881,105 436,A01,3,7,0,2,1,19,1,
202100053882,105 433,A01,1,7,0,2,3,15,1,
202100053882,105 434,B01,1,1,0,0,4,1,5,
202100053883,105 431,A01,1,7,0,2,6,17,1,
202100053883,105 432,B01,2,1,0,2,1,1,5,
202100053884,105 430,A01,2,7,0,0,2,1,1,
202100053885,105 428,B01,0,7,0,0,4,2,1,
202100053885,105 429,A01,3,7,0,2,1,2,1,
202100053886,105 427,A01,2,20,6,0,2,2,1,
202100053887,105 425,A01,0,7,0,2,1,1,1,
202100053887,105 426,B01,0,33,0,2,1,1,1,
202100053888,105 422,A01,2,33,0,2,1,1,1,
202100053888,105 423,C01,1,7,0,9,1,1,1,
202100053888,105 424,B01,1,7,0,2,3,1,1,
202100053889,105 420,A01,2,7,0,2,3,15,1,
202100053889,105 421,B01,1,7,0,2,1,1,1,
202100053890,105 419,A01,1,7,8,0,6,17,1,
202100053891,105 418,A01,2,7,3,0,0,0,1,
202100053892,105 416,A01,2,7,0,2,6,13,1,
202100053892,105 417,B01,2,7,0,2,2,1,1,
202100053893,105 414,A01,1,7,0,2,1,1,1,
202100053893,105 415,B01,1,33,0,0,4,1,1,
202100053894,105 413,A01,2,99,13,9,1,1,1,
202100053895,105 412,A01,0,7,13,9,1,1,1,
202100053896,105 411,A01,0,7,2,0,7,13,1,
202100053897,105 409,B01,1,7,2,2,3,1,1,
202100053897,105 410,A01,2,7,0,2,1,13,1,
202100053898,105 407,B01,2,7,0,2,1,1,1,
202100053898,105 408,A01,1,7,0,2,1,13,1,
202100053899,105 406,A01,3,7,0,1,2,1,1,
202100053900,105 404,B01,2,2,0,2,1,1,1,
202100053900,105 405,A01,1,7,0,2,1,17,1,
202100053901,105 403,A01,2,7,13,0,9,26,1,
202100053902,105 402,A01,2,7,16,0,1,1,1,
202100053903,105 400,A01,2,33,0,2,8,15,1,
202100053903,105 401,B01,2,33,0,2,1,1,1,
202100053904,105 398,B01,2,7,0,2,2,1,0,
202100053904,105 399,A01,1,7,0,2,1,9,1,
202100053905,105 396,A01,2,7,0,2,1,15,1,
202100053905,105 397,B01,1,2,0,2,1,1,1,
202100053906,105 394,B01,3,7,0,9,2,15,1,
202100053906,105 395,A01,3,1,0,2,1,1,6,
202100053907,105 393,A01,2,7,13,0,1,1,1,
202100053908,105 389,B01,0,7,0,2,3,1,1,
202100053908,105 390,A01,0,7,0,2,3,13,1,
202100053909,105 386,A01,1,7,0,2,4,1,1,
202100053909,105 387,B01,1,7,0,2,1,2,1,
202100053909,105 388,C01,1,7,0,2,2,23,1,
202100053910,105 384,A01,2,7,0,2,4,23,1,
202100053910,105 385,B01,2,7,1,0,1,1,1,
202100053911,105 383,A01,1,32,0,0,0,26,1,
202100053912,105 381,B01,2,7,0,2,4,2,1,
202100053912,105 382,A01,2,7,4,2,1,1,1,
202100053913,105 380,A01,1,7,4,0,2,26,1,
202100053914,105 375,A01,1,7,0,2,4,12,1,
202100053914,105 376,B01,1,7,0,2,2,2,1,
202100053914,105 377,C01,1,7,3,2,9,2,1,
202100053914,105 378,E01,1,7,0,2,0,0,1,
202100053914,105 379,D01,1,7,0,2,1,2,1,
202100053915,105 373,B01,1,7,0,2,5,2,1,
202100053915,105 374,A01,1,7,0,2,1,9,1,
202100053916,105 372,A01,2,7,4,0,1,1,1,
202100053917,105 370,A01,1,7,3,2,1,1,1,
202100053917,105 371,B01,1,10,3,2,1,21,1,
202100053918,105 368,B01,1,2,0,2,1,1,1,
202100053918,105 369,A01,1,32,0,2,4,1,1,
202100053919,105 366,B01,2,7,0,2,1,9,1,
202100053919,105 367,A01,2,7,16,0,4,2,1,
202100053920,105 364,A01,2,10,0,2,1,1,1,
202100053920,105 365,B01,2,7,0,2,7,1,1,
202100053921,105 363,A01,3,33,0,0,0,26,1,
202100053922,105 361,A01,2,7,0,2,3,15,1,
202100053922,105 362,B01,2,37,0,2,2,1,2,2.0
202100053923,105 358,A01,1,7,0,2,1,12,1,
202100053923,105 359,C01,1,7,0,2,4,23,1,
202100053923,105 360,B01,1,7,0,2,4,23,1,
202100053924,105 357,A01,1,7,9,0,3,13,1,
202100053925,105 356,A01,0,7,4,0,0,14,1,
202100053926,105 355,A01,2,7,0,1,2,1,1,
202100053927,105 353,B01,1,7,0,2,2,1,1,
202100053927,105 354,A01,1,7,0,2,8,9,1,
202100053928,105 351,A01,2,7,0,2,2,15,1,
202100053928,105 352,B01,1,7,0,2,1,1,1,
202100053929,105 349,A01,3,7,0,2,1,0,1,
202100053929,105 350,B01,3,7,0,2,2,1,1,
202100053930,105 347,B01,1,7,0,2,3,1,1,
202100053930,105 348,A01,2,10,0,2,3,15,1,
202100053931,105 346,A01,1,7,0,1,1,1,1,
202100053932,105 345,A01,1,10,0,1,1,1,1,
202100053933,105 343,A01,1,7,0,2,1,1,1,
202100053933,105 344,B01,1,7,0,2,1,5,1,
202100053934,105 342,A01,1,7,0,1,1,1,1,
202100053935,105 340,B01,1,7,0,2,1,1,1,
202100053935,105 341,A01,1,7,0,2,8,1,1,
202100053936,105 339,A01,1,7,0,1,4,26,1,
202100053937,105 338,A01,1,2,0,1,1,2,1,
202100053938,105 336,A01,2,7,0,2,2,19,1,
202100053938,105 337,B01,2,7,0,2,3,1,1,
202100053939,105 334,A01,1,7,0,2,2,13,0,
202100053939,105 335,B01,1,31,0,2,8,15,1,
202100053940,105 333,Z01,1,7,0,1,0,1,1,
202100053941,105 331,B01,3,7,0,2,1,1,1,
202100053941,105 332,A01,1,1,0,2,8,1,5,
202100053942,105 329,A01,1,7,0,2,1,1,1,
202100053942,105 330,B01,3,1,0,2,8,19,5,
202100053943,105 328,A01,3,7,0,1,4,4,1,
202100053944,105 327,A01,3,7,0,1,3,17,1,
202100053945,105 325,B01,2,7,0,0,4,26,1,
202100053945,105 326,A01,2,14,0,2,1,26,1,
202100053946,105 323,B01,1,7,0,2,2,1,1,
202100053946,105 324,A01,1,7,0,2,3,9,1,
202100053947,105 321,B01,3,30,0,2,1,1,1,
202100053947,105 322,A01,3,7,0,2,7,15,1,
202100053948,105 320,Z01,0,3,0,1,0,26,0,
202100053949,105 318,A01,0,7,0,2,3,1,1,
202100053949,105 319,Z01,0,7,0,2,1,9,1,
202100053950,105 316,A01,3,7,0,2,1,7,1,
202100053950,105 317,B01,3,10,0,2,7,15,1,
202100053951,105 315,A01,1,7,0,0,9,1,1,
202100053952,105 313,A01,2,7,0,2,1,9,1,
202100053952,105 314,B01,2,7,15,2,5,1,1,
202100053953,105 312,A01,3,7,0,1,2,15,1,
202100053954,105 309,C01,1,7,0,2,6,23,1,
202100053954,105 310,B01,1,7,0,2,5,23,1,
202100053954,105 311,A01,1,32,0,2,1,3,1,
202100053955,105 308,A01,2,10,0,1,1,15,1,
202100053956,105 306,A01,2,43,0,2,3,15,1,
202100053956,105 307,B01,2,43,0,2,1,17,1,
202100053957,105 305,A01,2,7,0,1,6,4,1,
202100053958,105 303,B01,1,30,0,2,5,1,3,
202100053958,105 304,A01,1,30,0,2,1,16,1,
202100053959,105 301,B01,3,33,0,2,1,1,1,
202100053959,105 302,A01,3,7,0,2,2,15,1,
202100053960,105 299,A01,1,1,0,2,1,17,5,
202100053960,105 300,B01,1,7,0,2,8,10,1,
202100053961,105 298,A01,3,32,0,0,0,0,1,
202100053962,105 296,B01,1,7,0,2,4,1,1,
202100053962,105 297,A01,1,7,0,2,1,1,1,
202100053963,105 294,B01,2,2,0,2,1,1,1,
202100053963,105 295,A01,2,7,0,2,2,15,1,
202100053964,105 293,A01,1,10,0,1,2,16,1,
202100053965,105 292,Z01,1,30,0,1,0,1,0,
202100053966,105 290,A01,2,7,0,2,1,1,1,
202100053966,105 291,B01,2,7,0,2,3,1,1,
202100053967,105 288,B01,3,30,0,2,2,1,1,
202100053967,105 289,A01,3,7,0,2,3,11,1,
202100053968,105 286,A01,2,32,0,2,1,1,1,
202100053968,105 287,B01,1,7,0,2,3,1,1,
202100053969,105 284,A01,1,7,0,2,1,9,0,
202100053969,105 285,B01,1,7,0,2,1,1,1,
202100053970,105 281,A01,0,7,0,2,1,26,0,
202100053970,105 282,C01,0,7,0,2,3,23,0,
202100053970,105 283,B01,0,7,0,2,4,0,1,
202100053971,105 279,A01,0,7,1,0,6,23,1,
202100053971,105 280,B01,0,10,0,2,1,1,1,
202100053972,105 277,A01,1,7,12,0,2,0,1,
202100053972,105 278,B01,1,7,0,2,4,1,1,
202100053973,105 274,A01,1,7,0,2,1,26,1,
202100053973,105 275,C01,1,7,0,2,1,1,1,
202100053973,105 276,B01,1,7,0,2,7,1,1,
202100053974,105 271,A01,2,7,0,2,1,1,1,
202100053974,105 272,B01,2,7,0,2,4,23,1,
202100053974,105 273,C01,2,7,0,2,4,23,0,
202100053975,105 269,B01,1,32,0,2,9,1,1,
202100053975,105 270,A01,2,7,0,2,7,19,0,
202100053976,105 268,A01,1,7,0,1,1,26,1,
202100053977,105 267,A01,1,99,15,0,9,14,1,
202100053978,105 265,A01,1,7,8,2,1,1,0,
202100053978,105 266,B01,1,7,0,0,2,9,0,
202100053979,105 263,B01,2,7,0,2,2,1,1,
202100053979,105 264,A01,2,10,0,2,3,9,0,
202100053980,105 262,A01,1,30,0,0,0,1,1,
202100053981,105 260,A01,2,37,0,2,2,1,0,1.0
202100053981,105 261,B01,1,1,0,2,1,16,0,
202100053982,105 256,C01,2,7,0,2,2,1,1,
202100053982,105 257,A01,2,7,3,0,3,1,1,
202100053982,105 258,D01,2,7,1,0,6,23,1,
202100053983,105 255,A01,2,10,4,0,3,2,1,
202100053984,105 253,A01,1,7,0,1,3,1,2,
202100053985,105 252,A01,1,2,0,0,7,1,1,
202100053986,105 250,B01,2,7,0,2,1,1,1,
202100053986,105 251,A01,1,10,0,2,2,13,1,
202100053987,105 249,A01,2,3,6,0,8,13,1,
202100053988,105 247,A01,3,1,0,2,1,15,5,
202100053988,105 248,B01,1,7,0,2,3,1,1,
202100053989,105 246,A01,3,10,0,0,2,0,1,
202100053990,105 244,A01,2,7,0,2,2,2,1,
202100053990,105 245,B01,2,1,0,2,4,2,5,
202100053991,105 243,A01,2,7,2,0,7,0,1,
202100053992,105 242,A01,1,33,13,0,1,1,1,
202100053993,105 241,A01,1,7,0,0,9,1,1,
202100053994,105 238,A01,2,7,0,2,3,15,1,
202100053994,105 239,B01,1,33,0,2,8,1,1,
202100053995,105 235,A01,0,7,0,0,0,0,1,
202100053996,105 234,A01,1,7,0,1,0,1,0,
202100053997,105 232,A01,1,33,0,2,7,13,1,
202100053997,105 233,B01,2,10,0,9,1,21,1,
202100053998,105 228,A01,1,7,0,2,3,15,1,
202100053998,105 229,B01,1,33,0,2,1,17,1,
202100053999,105 226,A01,1,7,0,2,3,13,1,
202100053999,105 227,B01,2,7,0,2,3,21,1,
202100054000,105 225,A01,2,7,2,0,9,1,1,
202100054001,105 223,B01,1,33,0,2,3,1,0,
202100054001,105 224,A01,2,7,0,2,3,1,0,
202100054002,105 221,B01,1,34,0,2,1,1,1,
202100054002,105 222,A01,3,7,0,2,3,17,1,
202100054003,105 220,A01,1,7,0,0,2,26,1,
202100054004,105 219,A01,1,2,9,0,1,1,1,
202100054005,105 218,A01,1,20,0,1,2,16,1,
202100054006,105 216,A01,1,7,0,1,2,1,2,
202100054007,105 213,A01,3,7,0,2,1,5,1,
202100054007,105 214,C01,3,7,0,2,3,23,1,
202100054007,105 215,B01,3,7,0,2,3,1,1,
202100054008,105 212,A01,2,7,13,0,1,1,1,
202100054009,105 210,B01,2,33,0,2,7,16,1,
202100054009,105 211,A01,2,7,0,2,3,2,1,
202100054010,105 208,B01,1,31,0,2,0,0,1,
202100054010,105 209,A01,1,7,0,2,2,0,1,
202100054011,105 205,D01,1,7,0,2,4,1,1,
202100054011,105 206,C01,1,7,0,2,6,1,1,
202100054011,105 207,A01,1,7,3,2,2,21,1,
202100054012,105 204,A01,1,7,3,0,2,26,1,
202100054013,105 199,C01,2,7,0,2,1,2,1,
202100054013,105 200,D01,2,7,0,2,1,2,1,
202100054013,105 201,B01,2,7,0,2,1,2,1,
202100054013,105 202,E01,2,7,0,2,4,2,1,
202100054013,105 203,A01,2,7,0,2,1,2,1,
202100054014,105 198,A01,2,7,4,0,3,26,1,
202100054015,105 197,B01,1,7,0,2,1,1,1,
202100054016,105 194,A01,1,7,0,2,1,14,1,
202100054016,105 195,B01,1,10,0,2,3,1,1,
202100054016,105 196,C01,1,7,0,2,1,1,1,
202100054017,105 192,B01,2,7,0,2,6,23,1,
202100054017,105 193,A01,2,14,1,0,2,1,1,
202100054018,105 190,A01,1,7,0,2,1,26,1,
202100054018,105 191,B01,1,7,0,2,4,0,1,
202100054019,105 185,E01,2,7,0,2,4,2,1,
202100054019,105 186,D01,2,7,0,2,4,2,1,
202100054019,105 187,C01,2,7,0,2,4,2,2,
202100054019,105 188,B01,2,10,0,2,4,2,1,
202100054019,105 189,A01,2,7,0,2,1,2,1,
202100054020,105 183,B01,1,7,0,2,4,2,1,
202100054020,105 184,A01,1,10,0,2,1,2,1,
202100054021,105 181,B01,1,7,0,2,4,2,1,
202100054021,105 182,A01,1,7,0,2,1,2,1,
202100054022,105 180,A01,1,32,0,0,9,1,1,
202100054023,105 178,B01,1,32,0,2,1,1,1,
202100054023,105 179,A01,2,33,0,2,1,13,1,
202100054024,105 177,A01,2,30,12,0,7,26,1,
202100054025,105 175,A01,1,30,0,2,8,3,1,
202100054025,105 176,B01,1,7,0,2,5,1,1,
202100054026,105 173,A01,1,7,0,2,1,15,1,
202100054026,105 174,B01,1,7,0,2,8,1,1,
202100054027,105 172,A01,1,10,6,0,1,1,1,
202100054028,105 171,A01,1,7,8,0,1,16,1,
202100054029,105 169,A01,2,7,0,2,8,1,1,
202100054029,105 170,B01,2,7,0,2,2,12,1,
202100054030,105 167,Z01,3,7,0,2,1,16,1,
202100054030,105 168,B01,2,7,0,2,7,1,1,
202100054031,105 164,C01,3,10,0,2,4,23,1,
202100054031,105 165,B01,3,7,0,2,4,23,1,
202100054031,105 166,A01,3,10,0,2,1,2,1,
202100054032,105 163,A01,1,10,0,1,3,15,1,
202100054033,105 161,A01,3,10,0,9,3,1,-1,
202100054033,105 162,B01,3,39,0,2,0,0,0,
202100054034,105 159,A01,1,7,0,2,1,17,1,
202100054034,105 160,B01,2,7,0,2,1,1,1,
202100054035,105 158,A01,1,7,9,1,2,2,1,
202100054036,105 157,A01,0,7,0,1,1,0,-1,
202100054037,105 156,A01,2,37,0,1,0,1,1,1.0
202100054038,105 154,B01,0,10,0,2,3,1,1,
202100054038,105 155,A01,0,7,0,2,1,1,1,
202100054039,105 153,A01,1,7,0,1,3,1,1,
202100054040,105 151,B01,1,2,0,2,7,0,1,
202100054040,105 152,A01,1,7,0,2,3,0,1,
202100054041,105 150,Z01,0,7,0,1,1,1,0,
202100054042,105 146,D01,1,7,4,0,1,2,1,
202100054042,105 147,C01,1,13,4,0,0,0,1,
202100054042,105 148,A01,1,3,4,0,9,1,3,
202100054042,105 149,B01,1,7,4,0,5,11,2,
202100054043,105 145,A01,1,7,0,1,1,20,1,
202100054044,105 143,B01,3,7,0,2,7,1,1,
202100054044,105 144,A01,3,7,0,2,1,1,1,
202100054045,105 141,A01,0,7,0,1,1,1,3,
202100054046,105 139,A01,2,7,0,1,2,17,1,
202100054047,105 137,B01,1,7,0,2,4,1,1,
202100054047,105 138,A01,1,7,0,2,1,1,1,
202100054048,105 136,A01,1,7,0,1,1,9,1,
202100054049,105 134,B01,2,7,0,0,1,1,1,