Num_Acc,id_vehicule,num_veh,senc,catv,obs,obsm,choc,manv,motor,occutc
202100054049,105 135,A01,2,2,0,2,7,1,1,
202100054050,105 130,A01,1,30,12,0,0,26,1,
202100054051,105 128,A01,2,7,0,2,1,1,1,
202100054051,105 129,B01,2,1,0,2,8,13,5,
202100054052,105 127,A01,1,7,0,1,1,1,1,
202100054053,105 126,Z01,3,7,0,1,1,1,0,
202100054054,105 124,A01,2,7,0,2,2,15,1,
202100054054,105 125,B01,2,30,0,2,8,0,1,
202100054055,105 123,A01,1,10,0,1,2,26,1,
202100054056,105 121,B01,3,7,0,2,1,1,1,
202100054056,105 122,A01,1,7,0,2,6,1,1,
202100054057,105 120,A01,2,7,0,1,3,1,1,
202100054058,105 118,A01,2,7,0,2,1,9,1,
202100054058,105 119,B01,1,1,0,2,7,1,5,
202100054059,105 116,B01,2,7,0,2,1,1,1,
202100054059,105 117,A01,1,10,0,2,2,1,1,
202100054060,105 115,A01,2,7,0,1,1,1,1,
202100054061,105 113,A01,2,30,0,2,1,17,1,
202100054061,105 114,B01,2,7,0,2,6,15,1,
202100054062,105 111,B01,1,1,0,2,1,1,5,
202100054062,105 112,A01,1,7,0,9,1,15,1,
202100054063,105 110,A01,2,7,0,1,3,1,1,
202100054064,105 108,B01,3,7,0,2,1,1,1,
202100054064,105 109,A01,3,7,9,2,7,19,1,
202100054065,105 106,A01,3,7,0,4,1,1,1,
202100054065,105 107,B01,3,40,0,2,2,1,3,
202100054066,105 104,B01,3,7,0,2,4,1,1,
202100054066,105 105,A01,3,7,0,2,1,1,1,
202100054067,105 102,B01,-1,31,0,2,1,0,1,
202100054067,105 103,A01,3,7,0,2,2,15,1,
202100054068,105 100,B01,3,1,0,2,8,19,5,
202100054068,105 101,A01,3,10,0,2,2,1,0,
202100054069,105 098,B01,2,7,9,2,4,2,1,
202100054069,105 099,A01,2,7,0,2,3,2,1,
202100054070,105 097,A01,3,7,0,1,2,1,1,
202100054071,105 095,A01,2,7,0,2,1,1,1,
202100054071,105 096,B01,2,7,0,2,3,16,1,
202100054072,105 093,B01,2,2,0,2,1,1,1,
202100054072,105 094,A01,2,7,0,2,3,15,1,
202100054073,105 091,A01,3,7,0,2,1,1,1,
202100054073,105 092,B01,3,30,0,2,1,1,1,
202100054074,105 090,A01,2,7,0,1,2,1,1,
202100054075,105 089,A01,2,7,0,1,1,1,1,
202100054076,105 088,A01,2,7,6,0,3,13,1,
202100054077,105 085,C01,2,7,0,2,1,24,1,
202100054077,105 086,B01,1,31,0,2,7,17,1,
202100054077,105 087,A01,1,7,0,2,3,15,1,
202100054078,105 083,B01,0,7,0,0,4,1,1,
202100054078,105 084,A01,0,7,1,2,1,1,1,
202100054079,105 081,B01,3,50,0,2,0,0,3,
202100054079,105 082,A01,3,7,0,2,3,26,1,
202100054080,105 079,A01,1,7,0,2,2,15,1,
202100054080,105 080,B01,2,7,0,2,3,1,1,
202100054081,105 078,A01,2,7,0,1,2,15,1,
202100054082,105 077,A01,1,2,0,1,7,1,1,
202100054083,105 075,B01,3,2,0,2,1,1,1,
202100054083,105 076,A01,3,7,0,2,2,19,1,
202100054084,105 073,B01,1,7,0,2,4,1,1,
202100054084,105 074,A01,1,7,14,2,1,2,1,
202100054085,105 071,Z01,1,7,0,2,1,1,0,
202100054085,105 072,B01,1,30,0,2,1,1,1,
202100054086,105 069,Z01,1,7,0,2,4,20,1,
202100054086,105 070,B01,1,7,0,2,1,23,1,
202100054087,105 067,A01,1,7,0,2,1,16,1,
202100054087,105 068,B01,0,7,0,2,2,1,1,
202100054088,105 065,B01,3,7,0,2,1,0,1,
202100054088,105 066,A01,3,7,0,2,1,0,1,
202100054089,105 063,B01,3,10,0,2,3,9,1,
202100054089,105 064,A01,3,7,0,2,7,13,1,
202100054090,105 061,B01,1,7,0,2,3,15,1,
202100054090,105 062,A01,1,31,0,2,1,1,1,
202100054091,105 059,A01,2,7,0,2,1,13,1,
202100054091,105 060,B01,1,7,0,2,3,1,1,
202100054092,105 057,B01,1,50,0,2,8,1,3,
202100054092,105 058,A01,1,7,0,2,2,16,1,
202100054093,105 056,A01,1,7,0,1,2,1,1,
202100054094,105 055,A01,1,10,0,1,2,26,1,
202100054095,105 053,A01,1,7,0,2,0,1,1,
202100054095,105 054,B01,1,30,0,2,8,15,1,
202100054096,105 051,A01,1,33,0,2,7,15,1,
202100054096,105 052,B01,2,30,0,2,1,1,1,
202100054097,105 049,A01,1,7,0,2,0,22,1,
202100054097,105 050,B01,1,1,0,2,0,1,5,
202100054098,105 047,A01,3,30,0,2,1,18,3,
202100054098,105 048,B01,2,7,0,2,2,15,1,
202100054099,105 045,A01,1,10,0,2,7,10,1,
202100054099,105 046,B01,1,43,1,2,1,17,1,
202100054100,105 042,A01,1,7,0,1,1,1,1,
202100054101,105 040,A01,1,7,0,2,7,15,1,
202100054101,105 041,B01,2,32,0,2,1,1,1,
202100054102,105 039,A01,2,33,0,0,1,1,1,
202100054103,105 038,A01,3,7,0,1,2,1,1,
202100054104,105 037,A01,1,50,0,0,2,1,3,
202100054105,105 036,A01,1,32,1,0,2,1,1,
202100054106,105 034,A01,3,10,0,2,3,2,1,
202100054106,105 035,B01,3,50,1,0,7,1,3,
202100054107,105 032,B01,2,31,0,2,3,1,1,
202100054107,105 033,A01,1,7,0,2,1,15,1,
202100054108,105 031,A01,2,10,0,1,3,26,1,
202100054109,105 029,A01,1,7,1,0,0,0,1,
202100054109,105 030,B01,2,1,1,0,0,0,5,
202100054110,105 027,A01,1,7,0,2,3,20,1,
202100054110,105 028,B01,1,31,0,2,1,1,1,
202100054111,105 025,A01,3,32,0,2,3,13,1,
202100054111,105 026,B01,3,15,0,2,3,1,1,
202100054112,105 023,A01,0,7,0,2,1,9,0,
202100054112,105 024,B01,2,7,0,2,7,1,1,
202100054113,105 021,A01,3,7,0,2,3,20,1,
202100054113,105 022,B01,3,32,0,2,4,1,1,
202100054114,105 019,A01,3,7,0,2,1,5,1,
202100054114,105 020,B01,2,32,0,2,1,1,1,
202100054115,105 017,A01,2,3,0,2,6,2,1,
202100054115,105 018,B01,1,30,0,2,1,2,1,
202100054116,105 016,A01,1,7,0,1,1,1,2,
202100054117,105 015,A01,3,7,1,0,1,5,1,
202100054118,105 013,B01,-1,7,0,2,4,0,0,
202100054118,105 014,A01,-1,31,0,2,4,26,0,
202100054119,105 011,B01,1,7,0,2,7,16,2,
202100054119,105 012,A01,1,34,0,2,8,18,1,
202100054120,105 010,A01,1,7,6,0,1,16,1,
202100054121,105 008,B01,3,30,0,2,8,1,1,
202100054121,105 009,Z01,3,7,0,2,0,0,1,
202100054122,105 007,A01,1,10,0,1,2,1,1,
202100054123,105 004,Z01,0,7,0,2,1,2,0,
202100054123,105 005,B01,3,7,0,2,4,2,1,
202100054123,105 006,A01,3,33,0,2,4,2,1,
202100054124,105 003,A01,1,7,0,1,1,14,1,
202100054125,105 001,Z01,3,7,0,2,2,17,0,
202100054125,105 002,A01,1,30,0,2,3,1,1,
202100054126,104 999,A01,1,10,0,2,3,15,1,
202100054126,105 000,B01,1,2,0,2,1,1,1,
202100054127,104 998,A01,2,30,0,1,1,16,1,
202100054128,104 996,A01,2,31,0,0,0,1,3,
202100054128,104 997,Z01,2,7,0,0,0,15,0,
202100054129,104 994,A01,1,10,3,0,6,9,1,
202100054129,104 995,B01,1,7,0,2,2,2,1,
202100054130,104 992,A01,1,7,0,2,6,15,1,
202100054130,104 993,C01,1,7,0,2,3,1,1,
202100054131,104 990,B01,1,7,0,2,3,9,1,
202100054131,104 991,A01,2,7,0,2,1,1,1,
202100054132,104 986,A01,1,3,0,0,6,0,1,
202100054132,104 987,B01,1,7,0,2,9,0,1,
202100054133,104 985,A01,2,7,5,0,1,16,1,
202100054134,104 983,B01,0,7,0,2,7,1,1,
202100054134,104 984,A01,0,2,0,2,2,15,1,
202100054135,104 982,A01,3,7,0,1,3,2,1,
202100054136,104 981,A01,2,7,0,1,1,1,1,
202100054137,104 979,A01,2,7,1,0,1,2,1,
202100054137,104 980,B01,2,10,1,0,4,0,1,
202100054138,104 977,A01,2,33,0,2,0,15,1,
202100054138,104 978,B01,2,7,0,0,6,23,1,
202100054139,104 976,A01,1,7,0,1,2,1,1,
202100054140,104 974,B01,2,7,0,9,1,1,1,
202100054140,104 975,A01,2,33,0,2,4,16,1,
202100054141,104 973,A01,2,7,2,0,1,2,1,
202100054142,104 971,A01,2,7,0,2,8,1,1,
202100054142,104 972,B01,1,7,0,2,1,1,1,
202100054143,104 969,A01,3,7,0,2,2,15,1,
202100054143,104 970,B01,3,2,0,2,2,2,1,
202100054144,104 968,A01,3,33,13,0,1,0,1,
202100054145,104 967,A01,1,2,0,0,8,1,1,
202100054146,104 965,B01,1,33,0,2,1,1,1,
202100054146,104 966,A01,2,7,0,2,1,5,1,
202100054147,104 962,B01,2,7,0,2,1,1,1,
202100054147,104 963,A01,2,7,0,2,1,19,1,
202100054147,104 964,C01,1,7,0,2,3,23,1,
202100054148,104 960,B01,2,10,0,2,2,1,1,
202100054148,104 961,A01,3,7,0,2,3,15,1,
202100054149,104 958,B01,2,21,0,2,3,1,1,
202100054149,104 959,A01,1,7,0,2,3,1,1,
202100054150,104 956,A01,2,33,0,0,1,2,1,
202100054150,104 957,B01,2,7,0,0,6,23,1,
202100054151,104 954,A01,2,7,0,0,1,13,1,
202100054151,104 955,B01,1,7,0,0,1,0,1,
202100054152,104 952,A01,1,7,0,2,8,1,1,
202100054152,104 953,B01,2,7,0,2,1,1,1,
202100054153,104 950,B01,2,1,0,2,1,1,5,
202100054153,104 951,A01,1,10,0,9,2,1,1,
202100054154,104 949,A01,1,10,4,0,3,1,1,
202100054155,104 943,A01,2,7,3,0,5,1,1,
202100054155,104 944,B01,2,7,3,0,1,1,1,
202100054155,104 945,C01,2,7,3,2,1,1,1,
202100054155,104 946,D01,2,7,3,2,1,1,1,
202100054155,104 947,E01,2,7,3,2,1,1,1,
202100054155,104 948,F01,2,7,3,2,4,1,1,
202100054156,104 940,A01,3,7,0,2,3,2,1,
202100054156,104 941,B01,3,31,0,2,2,2,1,
202100054157,104 939,A01,2,7,15,0,2,1,1,
202100054158,104 938,A01,2,7,13,0,1,1,1,
202100054159,104 937,A01,3,7,0,0,0,1,1,
202100054160,104 936,A01,1,7,0,1,3,1,1,
202100054161,104 934,A01,1,15,0,2,3,1,1,
202100054161,104 935,B01,2,7,0,2,3,1,1,
202100054162,104 932,A01,3,7,0,2,3,15,1,
202100054162,104 933,B01,3,2,0,2,7,1,1,
202100054163,104 931,A01,2,7,0,0,9,1,1,
202100054164,104 929,A01,0,31,0,0,8,1,1,
202100054164,104 930,B01,0,7,0,0,0,15,1,
202100054165,104 928,A01,0,33,0,0,2,1,1,
202100054166,104 926,A01,0,7,0,2,0,1,1,
202100054166,104 927,B01,0,7,0,2,3,1,1,
202100054167,104 925,A01,2,7,8,0,7,0,1,
202100054168,104 923,B01,1,10,0,2,1,2,1,
202100054168,104 924,A01,1,7,0,0,4,23,1,
202100054169,104 921,B01,0,7,0,2,2,2,1,
202100054169,104 922,A01,0,7,0,2,3,2,1,
202100054170,104 918,C01,2,7,0,2,4,1,1,
202100054170,104 919,B01,2,7,0,2,4,2,1,
202100054170,104 920,A01,2,7,0,2,1,1,1,
202100054171,104 915,B01,2,7,0,2,9,1,1,
202100054171,104 916,C01,2,7,0,2,7,1,1,
202100054171,104 917,A01,2,17,0,2,2,12,1,
202100054172,104 914,A01,1,7,0,2,1,14,1,
202100054173,104 913,A01,1,7,6,0,2,14,1,
202100054174,104 911,A01,2,33,0,0,7,1,1,
202100054174,104 912,Z01,2,7,0,2,3,11,1,
202100054175,104 909,A01,1,10,4,0,1,0,1,
202100054175,104 910,B01,1,7,3,0,1,0,2,
202100054176,104 904,B01,1,10,0,2,5,1,1,
202100054176,104 905,A01,1,7,0,2,3,1,1,
202100054176,104 906,E01,1,7,0,2,4,1,1,
202100054176,104 907,D01,1,7,0,2,4,1,1,
202100054176,104 908,C01,1,7,0,2,4,1,1,
202100054177,104 903,A01,1,7,4,0,3,13,1,
202100054178,104 901,A01,3,7,0,9,3,1,1,
202100054178,104 902,B01,3,1,0,2,1,1,5,
202100054179,104 900,A01,2,1,0,1,4,25,5,
202100054180,104 899,A01,1,7,0,1,0,6,1,
202100054181,104 898,A01,2,1,14,0,1,1,5,
202100054182,104 897,A01,2,1,12,0,0,19,5,
202100054183,104 895,B01,1,7,0,2,2,1,1,
202100054183,104 896,A01,1,7,15,2,3,9,1,
202100054184,104 893,A01,1,7,14,0,2,2,1,
202100054184,104 894,B01,1,7,0,2,6,23,1,
202100054185,104 892,A01,1,7,6,0,9,17,1,
202100054186,104 891,A01,3,7,0,1,1,16,1,
202100054187,104 890,A01,1,10,0,1,2,21,1,
202100054188,104 888,B01,2,33,0,2,1,1,1,
202100054188,104 889,A01,2,10,0,2,2,9,1,
202100054189,104 887,A01,1,7,0,1,1,1,1,
202100054190,104 886,A01,1,7,0,0,7,1,1,
202100054191,104 884,A01,0,7,0,2,6,9,1,
202100054191,104 885,B01,0,33,0,2,7,9,1,
202100054192,104 883,A01,0,7,0,1,8,1,1,
202100054193,104 881,B01,0,7,0,0,0,1,1,
202100054193,104 882,A01,0,33,0,0,7,1,1,
202100054194,104 877,A01,1,33,0,2,1,18,1,
202100054194,104 878,B01,2,7,0,2,1,0,1,
202100054195,104 875,A01,1,14,0,2,2,16,1,
202100054195,104 876,B01,2,1,0,2,0,9,0,
202100054196,104 874,A01,3,7,0,1,2,1,1,
202100054197,104 871,A01,1,7,0,1,2,1,1,
202100054198,104 869,A01,1,7,0,2,1,15,1,
202100054198,104 870,B01,0,50,0,2,8,19,3,
202100054199,104 868,A01,1,14,0,1,2,1,1,
202100054200,104 866,B01,1,10,0,2,7,1,0,
202100054200,104 867,A01,2,30,0,2,7,13,1,
202100054201,104 864,B01,2,10,0,2,6,1,1,
202100054201,104 865,A01,1,2,0,2,1,1,1,
202100054202,104 862,A01,1,10,0,2,2,19,1,
202100054202,104 863,B01,1,37,0,2,3,1,1,2.0
202100054203,104 861,A01,3,30,0,0,1,1,1,
202100054204,104 859,A01,1,7,0,2,1,1,1,
202100054204,104 860,B01,1,7,0,2,4,1,1,
202100054205,104 858,A01,1,7,0,1,1,15,1,
202100054206,104 857,A01,1,32,0,0,1,9,1,
202100054207,104 855,B01,1,10,0,2,2,15,1,
202100054207,104 856,A01,2,31,0,2,7,21,1,
202100054208,104 853,A01,2,7,0,2,2,2,1,
202100054208,104 854,B01,2,1,0,2,8,15,0,
202100054209,104 851,A01,3,7,0,2,1,1,1,
202100054209,104 852,B01,3,10,0,2,7,1,1,
202100054210,104 849,A01,3,30,0,2,7,26,1,
202100054210,104 850,B01,3,7,0,2,3,26,1,
202100054211,104 847,A01,3,30,0,2,1,1,1,
202100054211,104 848,B01,3,7,0,2,3,15,1,
202100054212,104 845,B01,1,7,0,0,4,1,1,
202100054212,104 846,A01,1,7,0,2,1,2,1,
202100054213,104 843,B01,2,7,0,2,1,1,1,
202100054213,104 844,A01,3,7,0,2,3,16,1,
202100054214,104 842,A01,1,32,0,1,1,1,1,
202100054215,104 840,A01,3,7,0,2,3,9,1,
202100054215,104 841,B01,3,2,0,2,1,1,1,
202100054216,104 839,A01,1,7,0,1,1,1,2,
202100054217,104 838,A01,1,7,0,1,2,0,1,
202100054218,104 837,A01,1,7,0,1,1,1,1,
202100054219,104 835,B01,1,7,0,2,3,15,1,
202100054219,104 836,A01,2,2,0,2,1,15,1,
202100054220,104 832,B01,1,7,0,2,5,1,1,
202100054220,104 833,A01,1,7,0,2,1,1,1,
202100054221,104 830,A01,1,10,0,2,7,1,1,
202100054221,104 831,B01,2,7,0,2,1,1,1,
202100054222,104 829,A01,2,10,0,1,7,16,1,
202100054223,104 827,A01,1,14,0,2,1,1,1,
202100054223,104 828,B01,3,50,0,2,3,19,3,
202100054224,104 826,A01,3,34,0,1,1,1,1,
202100054225,104 824,A01,1,30,0,0,0,0,0,
202100054225,104 825,E01,1,7,0,2,3,0,1,
202100054226,104 822,A01,1,7,0,2,1,2,1,
202100054226,104 823,B01,1,15,0,2,4,2,1,
202100054227,104 821,A01,1,30,0,2,8,2,1,
202100054228,104 819,B01,2,7,0,2,8,15,1,
202100054228,104 820,A01,2,30,0,2,2,17,1,
202100054229,104 818,A01,2,7,0,1,1,16,1,
202100054230,104 817,A01,1,10,0,1,2,1,1,
202100054231,104 815,B01,1,30,0,2,7,17,1,
202100054231,104 816,A01,3,7,0,2,3,9,1,
202100054232,104 813,A01,2,30,0,2,1,1,1,
202100054232,104 814,B01,1,7,0,2,2,1,1,
202100054233,104 811,B01,1,7,0,2,1,1,0,
202100054233,104 812,A01,1,7,0,2,4,1,1,
202100054234,104 809,A01,3,50,0,2,8,19,3,
202100054234,104 810,B01,3,7,0,2,5,1,1,
202100054235,104 807,B01,1,34,0,2,3,1,1,
202100054235,104 808,A01,1,7,0,2,2,1,1,
202100054236,104 805,A01,1,7,0,2,1,1,1,
202100054236,104 806,B01,1,34,0,2,4,15,1,
202100054237,104 804,A01,2,7,0,1,1,16,1,
202100054238,104 803,A01,2,37,0,1,3,7,1,1.0
202100054239,104 802,A01,2,50,0,1,1,1,3,
202100054240,104 800,A01,1,7,0,2,8,15,1,
202100054240,104 801,B01,1,30,0,2,7,1,1,
202100054241,104 798,B01,2,37,0,2,7,23,3,1.0
202100054241,104 799,A01,2,50,0,2,8,16,3,
202100054242,104 796,A01,1,7,0,2,1,15,1,
202100054242,104 797,B01,2,33,0,2,1,1,1,
202100054243,104 794,B01,1,34,0,2,1,3,1,
202100054243,104 795,A01,1,7,0,2,8,22,1,
202100054244,104 793,A01,1,32,0,0,1,1,1,
202100054245,104 791,B01,1,7,0,2,3,15,1,
202100054245,104 792,A01,2,1,0,2,1,17,5,
202100054246,104 790,A01,0,7,0,1,3,1,3,
202100054247,104 789,A01,3,30,0,0,3,1,1,
202100054248,104 788,Z01,3,50,0,1,0,1,3,
202100054249,104 787,A01,2,7,11,0,2,1,1,
202100054250,104 785,A01,2,33,0,2,1,18,1,
202100054250,104 786,B01,2,10,0,2,3,15,1,
202100054251,104 784,B01,1,31,0,1,1,0,1,
202100054252,104 782,A01,1,13,1,0,6,11,1,
202100054252,104 783,B01,1,2,0,2,2,2,1,
202100054253,104 780,A01,1,10,0,2,4,4,1,
202100054253,104 781,B01,1,2,0,2,1,2,1,
202100054254,104 778,A01,1,7,0,2,1,1,2,
202100054254,104 779,B01,1,1,0,2,4,26,5,
202100054255,104 775,A01,1,10,0,2,3,1,1,
202100054255,104 776,C01,1,7,0,2,3,2,1,
202100054255,104 777,B01,1,7,0,2,9,1,1,
202100054256,104 774,A01,1,14,0,1,3,1,1,
202100054257,104 773,A01,0,7,0,1,1,1,1,
202100054258,104 770,A01,2,43,0,1,2,1,1,
202100054259,104 769,A01,1,2,0,1,1,1,1,
202100054260,104 767,B01,2,1,0,2,8,1,5,
202100054260,104 768,A01,1,7,0,2,1,15,1,
202100054261,104 764,A01,3,7,0,2,3,11,1,
202100054261,104 765,B01,3,32,0,2,1,3,1,
202100054261,104 766,C01,3,7,0,2,1,1,1,
202100054262,104 763,A01,1,7,0,1,2,1,1,
202100054263,104 761,B01,1,1,0,2,0,1,0,
202100054263,104 762,A01,1,7,0,2,5,16,0,
202100054264,104 759,B01,1,1,0,2,4,2,5,
202100054264,104 760,A01,1,10,0,2,2,2,1,
202100054265,104 758,A01,2,7,2,0,7,14,1,
202100054266,104 755,C01,1,14,0,2,3,1,1,
202100054266,104 756,B01,2,10,0,2,6,1,1,
202100054266,104 757,A01,2,7,0,2,2,1,1,
202100054267,104 754,A01,3,7,13,0,9,1,1,
202100054268,104 753,A01,2,7,4,0,0,1,1,
202100054269,104 751,A01,2,17,0,2,6,1,1,
202100054269,104 752,B01,1,10,0,2,3,1,1,
202100054270,104 750,A01,2,7,15,0,3,0,1,
202100054271,104 748,A01,1,7,0,2,1,13,1,
202100054271,104 749,B01,2,7,0,2,1,1,1,
202100054272,104 747,A01,1,7,0,1,1,1,1,
202100054273,104 745,B01,1,7,0,2,3,1,1,
202100054273,104 746,A01,2,7,0,2,3,1,1,
202100054274,104 744,A01,1,7,2,0,2,13,1,
202100054275,104 743,A01,2,7,0,1,1,1,1,
202100054276,104 742,A01,1,7,14,0,1,1,1,
202100054277,104 740,B01,1,1,0,2,2,1,5,
202100054277,104 741,A01,1,7,0,2,3,16,1,
202100054278,104 736,A01,2,7,0,2,8,19,1,
202100054278,104 737,B01,1,33,0,2,1,1,1,
202100054279,104 735,A01,2,7,0,1,3,1,1,
202100054280,104 734,A01,0,7,3,0,3,1,1,
202100054281,104 733,A01,2,7,0,1,3,1,1,
202100054282,104 732,A01,1,7,3,0,1,1,1,
202100054283,104 730,A01,1,2,0,2,1,1,1,
202100054283,104 731,B01,1,7,0,0,4,23,1,
202100054284,104 726,B01,1,15,0,2,3,1,1,
202100054284,104 727,C01,2,7,0,9,-1,2,1,
202100054284,104 728,D01,1,7,0,9,1,2,1,
202100054284,104 729,A01,2,7,0,2,3,5,1,
202100054285,104 723,A01,1,7,0,2,3,11,1,
202100054285,104 724,B01,1,10,0,2,2,1,1,
202100054285,104 725,C01,1,17,0,2,2,1,1,
202100054286,104 722,A01,2,38,16,0,7,1,1,13.0
202100054287,104 721,A01,3,7,1,0,2,14,1,
202100054288,104 719,A01,3,10,0,2,6,1,1,
202100054288,104 720,B01,3,7,0,2,3,16,1,
202100054289,104 717,A01,1,7,0,0,3,9,1,
202100054289,104 718,B01,2,33,0,2,1,1,1,
202100054290,104 716,A01,2,7,13,0,1,1,1,
202100054291,104 715,A01,2,7,0,1,2,14,1,
202100054292,104 714,A01,2,7,0,1,1,1,1,
202100054293,104 713,A01,1,7,0,1,1,1,1,
202100054294,104 711,A01,2,7,0,2,1,15,1,
202100054294,104 712,B01,1,2,0,2,1,1,1,
202100054295,104 709,A01,2,7,0,2,6,15,1,
202100054295,104 710,B01,1,33,0,2,1,1,1,
202100054296,104 706,A01,2,7,3,0,6,1,1,
202100054296,104 707,B01,2,7,0,0,0,1,1,
202100054297,104 704,A01,1,7,0,2,2,2,0,
202100054297,104 705,B01,1,1,0,0,4,2,5,
202100054298,104 703,A01,2,7,0,1,2,1,1,
202100054299,104 702,A01,1,30,4,0,3,1,1,
202100054300,104 701,A01,2,7,0,1,1,1,1,
202100054301,104 696,E01,1,7,0,2,4,2,1,
202100054301,104 697,D01,1,7,0,2,4,2,2,
202100054301,104 698,C01,1,7,0,2,4,2,1,
202100054301,104 699,B01,1,10,0,2,4,2,1,
202100054301,104 700,A01,1,7,0,2,1,2,1,
202100054302,104 695,A01,2,32,0,2,0,3,1,
202100054303,104 692,C01,1,10,0,2,1,2,1,
202100054303,104 693,B01,1,7,0,2,4,2,1,
202100054303,104 694,A01,1,10,0,2,4,1,1,
202100054304,104 690,A01,3,7,0,2,3,1,1,
202100054304,104 691,B01,3,7,0,2,3,0,1,
202100054305,104 688,B01,1,1,0,2,1,1,0,
202100054305,104 689,A01,1,7,0,2,1,9,1,
202100054306,104 686,B01,2,7,0,2,7,15,1,
202100054306,104 687,A01,2,2,0,2,0,0,0,
202100054307,104 685,A01,0,7,0,0,0,1,1,
202100054308,104 684,A01,2,7,9,0,6,16,1,
202100054309,104 683,A01,3,7,0,1,1,1,1,
202100054310,104 681,B01,3,33,0,2,1,1,1,
202100054310,104 682,A01,3,7,0,2,3,15,1,
202100054311,104 680,A01,2,7,0,1,1,1,1,
202100054312,104 679,A01,3,7,0,1,2,26,1,
202100054313,104 678,A01,1,7,9,2,2,1,0,
202100054314,104 677,A01,1,0,0,1,7,16,0,
202100054315,104 675,B01,1,7,0,2,1,1,1,
202100054315,104 676,A01,2,2,0,2,5,1,1,
202100054316,104 673,B01,1,2,0,0,5,1,1,
202100054316,104 674,A01,1,1,0,2,8,7,0,
202100054317,104 671,B01,1,33,0,2,1,15,0,
202100054317,104 672,A01,2,15,0,2,8,26,0,
202100054318,104 668,B01,1,7,0,2,4,23,1,
202100054318,104 669,A01,1,7,0,2,1,2,1,
202100054319,104 666,B01,2,7,0,2,1,1,1,
202100054319,104 667,A01,1,7,0,2,2,13,1,
202100054320,104 664,A01,0,7,0,2,5,26,1,
202100054320,104 665,B01,3,1,0,2,0,1,5,
202100054321,104 662,A01,1,7,0,2,1,1,1,
202100054321,104 663,B01,1,7,0,2,3,16,1,
202100054322,104 661,A01,2,7,0,1,3,15,1,
202100054323,104 659,B01,2,7,0,2,1,1,1,
202100054323,104 660,A01,1,7,0,2,1,13,1,
202100054324,104 657,A01,0,32,0,0,8,15,2,
202100054324,104 658,B01,1,10,0,2,2,0,1,
202100054325,104 656,A01,1,30,0,1,1,1,1,
202100054326,104 654,A01,2,7,0,2,3,9,1,
202100054326,104 655,B01,3,1,0,2,1,1,5,
202100054327,104 651,C01,2,7,0,2,4,1,1,
202100054327,104 652,B01,2,7,0,2,4,1,1,
202100054327,104 653,A01,2,7,0,2,1,2,1,
202100054328,104 650,A01,1,2,0,1,1,26,1,
202100054329,104 649,A01,3,7,0,1,2,26,1,
202100054330,104 647,A01,1,7,0,2,6,10,1,
202100054330,104 648,B01,1,33,0,2,1,1,1,
202100054331,104 646,A01,1,7,0,1,3,1,1,
202100054332,104 644,A01,3,7,0,2,3,15,1,
202100054332,104 645,B01,3,7,0,2,3,1,1,
202100054333,104 642,A01,1,7,0,2,2,1,1,
202100054333,104 643,B01,1,7,0,2,3,15,1,
202100054334,104 640,B01,2,7,9,0,7,16,1,
202100054334,104 641,A01,2,7,0,2,1,1,1,
202100054335,104 638,B01,1,7,0,2,2,1,1,
202100054335,104 639,A01,3,10,0,2,5,4,1,
202100054336,104 637,A01,1,10,0,1,2,15,1,
202100054337,104 635,B01,1,7,0,2,1,15,1,
202100054337,104 636,A01,2,30,0,2,1,1,1,
202100054338,104 633,A01,1,10,0,2,2,1,1,
202100054338,104 634,B01,1,1,0,2,1,19,5,
202100054339,104 631,A01,2,80,0,2,2,1,3,
202100054339,104 632,B01,1,7,0,2,3,1,1,
202100054340,104 630,A01,3,10,0,1,3,1,1,
202100054341,104 628,B01,2,7,0,2,3,19,1,
202100054341,104 629,A01,1,7,0,2,1,1,1,
202100054342,104 627,A01,2,7,0,1,1,3,0,
202100054343,104 626,A01,3,30,0,0,0,1,1,
202100054344,104 624,B01,3,1,0,2,0,1,0,
202100054344,104 625,A01,3,7,0,2,1,26,1,
202100054345,104 621,C01,3,10,0,2,4,1,1,
202100054345,104 622,B01,3,7,0,2,4,1,1,
202100054345,104 623,A01,3,7,0,2,1,1,1,
202100054346,104 619,B01,1,7,0,2,1,0,1,
202100054346,104 620,A01,1,32,0,2,2,1,1,
202100054347,104 616,C01,1,7,0,2,4,2,0,
202100054347,104 617,B01,1,7,0,2,1,2,1,
202100054347,104 618,A01,1,7,0,2,1,2,1,
202100054348,104 614,B01,2,33,0,2,3,3,1,
202100054348,104 615,A01,2,7,0,2,2,12,1,
202100054349,104 612,A01,2,7,0,2,2,12,1,
202100054349,104 613,B01,2,33,0,2,8,1,1,
202100054350,104 609,A01,2,7,0,2,1,2,1,
202100054350,104 610,B01,2,7,0,2,4,2,1,
202100054350,104 611,C01,2,7,0,2,4,2,2,
202100054351,104 607,A01,1,43,0,2,7,1,1,
202100054351,104 608,Z01,1,7,0,2,8,11,0,
202100054352,104 605,B01,2,7,0,2,4,1,1,
202100054352,104 606,A01,2,10,0,2,1,12,1,
202100054353,104 603,A01,1,10,0,2,2,3,1,
202100054353,104 604,B01,1,7,0,2,6,1,2,
202100054354,104 602,A01,1,7,4,0,2,1,1,
202100054355,104 600,A01,1,33,0,2,7,1,1,