Num_Acc,id_vehicule,num_veh,senc,catv,obs,obsm,choc,manv,motor,occutc
202100054355,104 601,B01,1,7,0,2,7,15,1,
202100054356,104 599,A01,2,32,0,1,3,17,1,
202100054357,104 598,A01,2,31,0,0,0,1,1,
202100054358,104 596,B01,2,10,0,2,1,1,1,
202100054358,104 597,A01,2,7,1,2,3,1,1,
202100054359,104 594,A01,1,7,0,2,3,15,1,
202100054359,104 595,B01,1,32,0,2,7,1,1,
202100054360,104 592,B01,1,7,0,2,4,23,1,
202100054360,104 593,A01,1,30,0,2,1,2,1,
202100054361,104 591,A01,1,1,8,0,1,1,5,
202100054362,104 590,A01,1,7,6,0,1,1,1,
202100054363,104 588,B01,1,7,0,2,1,1,1,
202100054363,104 589,A01,1,10,0,2,2,1,1,
202100054364,104 585,A01,3,33,0,2,7,15,1,
202100054364,104 586,B01,3,10,0,2,3,1,1,
202100054364,104 587,C01,3,7,0,2,1,15,1,
202100054365,104 584,A01,3,0,0,1,0,15,1,
202100054366,104 582,B01,2,7,0,2,4,0,0,
202100054366,104 583,A01,1,7,0,2,4,2,1,
202100054367,104 581,A01,2,7,0,1,1,13,1,
202100054368,104 579,A01,2,33,0,2,1,2,1,
202100054368,104 580,B01,1,14,0,2,6,15,1,
202100054369,104 577,A01,2,7,0,2,3,26,0,
202100054369,104 578,B01,2,30,0,2,1,11,1,
202100054370,104 575,A01,2,7,0,2,2,1,1,
202100054370,104 576,B01,2,7,0,2,3,1,1,
202100054371,104 573,B01,1,7,0,9,2,1,1,
202100054371,104 574,A01,1,80,0,2,8,1,3,
202100054372,104 571,A01,1,7,0,0,4,16,1,
202100054372,104 572,B01,1,7,0,2,1,16,1,
202100054373,104 570,A01,-1,7,0,1,1,1,1,
202100054374,104 569,A01,3,7,8,0,1,1,1,
202100054375,104 568,A01,3,7,8,0,2,1,1,
202100054376,104 566,A01,1,7,0,2,7,22,1,
202100054376,104 567,B01,1,1,1,0,0,1,5,
202100054377,104 565,A01,1,1,0,1,1,1,5,
202100054378,104 562,A01,1,7,0,2,1,2,1,
202100054378,104 563,B01,1,7,0,2,4,2,1,
202100054378,104 564,C01,1,7,0,2,4,1,1,
202100054379,104 560,A01,1,7,0,2,2,16,1,
202100054379,104 561,B01,1,1,0,2,8,1,0,
202100054380,104 559,A01,0,21,0,0,7,16,1,
202100054381,104 557,A01,1,7,0,2,8,19,1,
202100054381,104 558,B01,2,2,0,2,1,1,1,
202100054382,104 556,A01,2,7,0,1,1,9,1,
202100054383,104 555,A01,1,10,3,0,1,1,1,
202100054384,104 554,A01,2,7,13,0,1,1,1,
202100054385,104 552,B01,1,7,0,2,3,1,1,
202100054385,104 553,A01,2,7,8,2,2,15,1,
202100054386,104 550,A01,3,7,0,1,3,1,1,
202100054387,104 548,A01,2,2,0,2,1,1,1,
202100054387,104 549,B01,1,10,0,2,1,23,1,
202100054388,104 546,A01,2,7,0,2,3,15,1,
202100054388,104 547,B01,2,15,0,2,2,2,1,
202100054389,104 545,A01,3,7,10,0,1,1,1,
202100054390,104 542,A01,2,7,5,0,1,1,1,
202100054391,104 540,A01,1,10,7,2,3,17,1,
202100054391,104 541,B01,1,7,0,2,3,16,1,
202100054392,104 539,A01,2,7,15,0,2,1,1,
202100054393,104 538,A01,0,7,0,1,2,21,1,
202100054394,104 534,D01,3,7,0,0,4,2,1,
202100054394,104 535,C01,3,7,0,2,4,2,1,
202100054394,104 536,B01,1,7,0,2,4,2,1,
202100054394,104 537,A01,1,10,0,2,1,2,1,
202100054395,104 532,A01,2,14,0,2,8,15,1,
202100054395,104 533,B01,1,7,0,2,1,1,1,
202100054396,104 530,A01,2,1,0,2,0,13,0,
202100054396,104 531,B01,2,7,0,9,2,17,1,
202100054397,104 528,B01,1,13,0,0,6,1,1,
202100054397,104 529,A01,2,13,0,2,1,1,1,
202100054398,104 526,A01,3,7,0,0,3,16,1,
202100054398,104 527,B01,3,1,0,2,1,1,5,
202100054399,104 525,A01,2,7,0,1,2,1,1,
202100054400,104 524,A01,1,7,4,0,1,1,1,
202100054401,104 521,A01,1,7,0,1,1,1,1,
202100054402,104 519,B01,2,7,0,2,1,1,1,
202100054402,104 520,A01,2,7,0,2,1,5,1,
202100054403,104 517,B01,2,7,0,2,4,2,0,
202100054403,104 518,A01,2,7,0,2,1,2,1,
202100054404,104 515,A01,2,7,0,2,1,1,1,
202100054404,104 516,B01,2,10,0,0,4,1,1,
202100054405,104 511,A01,1,7,0,2,1,1,1,
202100054405,104 512,B01,1,7,0,2,4,1,1,
202100054405,104 513,C01,1,7,0,2,4,1,1,
202100054405,104 514,D01,1,7,0,2,4,1,1,
202100054406,104 506,B01,2,7,0,2,8,1,1,
202100054406,104 507,A01,2,7,0,2,4,2,1,
202100054406,104 508,E01,2,7,0,2,1,2,1,
202100054406,104 509,D01,2,7,0,2,1,1,1,
202100054406,104 510,C01,2,33,0,2,7,3,1,
202100054407,104 504,A01,2,34,0,2,1,1,1,
202100054407,104 505,B01,2,17,0,2,4,1,1,
202100054408,104 502,A01,2,7,0,2,5,0,1,
202100054408,104 503,B01,2,33,0,2,1,1,1,
202100054409,104 499,C01,1,10,0,2,1,1,1,
202100054409,104 500,B01,1,7,0,2,1,1,1,
202100054409,104 501,A01,1,7,0,2,4,23,1,
202100054410,104 497,A01,2,10,0,2,1,1,1,
202100054410,104 498,B01,2,7,1,2,4,26,1,
202100054411,104 495,B01,1,7,0,2,6,2,1,
202100054411,104 496,A01,1,10,0,2,1,2,1,
202100054412,104 494,A01,3,10,9,0,1,15,1,
202100054413,104 492,B01,2,2,0,2,1,0,1,
202100054413,104 493,A01,1,7,0,2,2,15,1,
202100054414,104 490,A01,2,7,0,2,1,1,1,
202100054414,104 491,B01,1,7,0,2,3,1,1,
202100054415,104 489,A01,3,7,0,1,1,26,0,
202100054416,104 487,A01,1,7,0,2,1,2,1,
202100054416,104 488,B01,1,7,0,2,4,2,1,
202100054417,104 486,A01,0,7,0,1,1,4,1,
202100054418,104 482,C01,0,7,0,2,0,1,1,
202100054418,104 483,A01,0,7,0,2,1,5,1,
202100054418,104 484,B01,0,7,0,2,8,1,1,
202100054418,104 485,D01,0,7,0,2,0,1,1,
202100054419,104 480,A01,0,30,0,2,1,19,1,
202100054419,104 481,B01,1,7,0,2,2,0,1,
202100054420,104 478,A01,1,7,0,2,1,13,1,
202100054420,104 479,B01,1,7,0,2,1,1,1,
202100054421,104 476,B01,1,7,0,2,1,1,1,
202100054421,104 477,A01,2,7,0,2,2,17,1,
202100054422,104 474,A01,3,7,0,2,1,1,1,
202100054422,104 475,B01,1,33,0,2,7,0,1,
202100054423,104 473,A01,2,7,0,1,1,1,1,
202100054424,104 471,B01,1,7,0,2,4,2,1,
202100054424,104 472,A01,1,7,0,2,1,2,1,
202100054425,104 470,A01,1,7,0,1,2,1,1,
202100054426,104 468,B01,1,7,0,2,8,15,1,
202100054426,104 469,A01,1,33,0,2,2,1,1,
202100054427,104 466,A01,1,30,0,2,1,13,1,
202100054427,104 467,B01,2,7,0,2,1,1,1,
202100054428,104 465,A01,2,7,0,1,2,26,1,
202100054429,104 463,A01,0,15,0,2,3,21,1,
202100054429,104 464,B01,0,7,0,2,3,13,1,
202100054430,104 462,A01,1,10,0,1,3,1,1,
202100054431,104 461,B01,1,1,0,1,1,16,5,
202100054432,104 459,B01,2,7,0,2,3,1,1,
202100054432,104 460,A01,1,7,0,2,2,15,1,
202100054433,104 457,A01,0,7,0,2,2,1,1,
202100054433,104 458,B01,0,7,0,2,1,1,1,
202100054434,104 456,A01,0,7,2,0,1,13,1,
202100054435,104 455,A01,2,10,0,1,0,1,1,
202100054436,104 454,A01,2,7,0,1,3,11,1,
202100054437,104 453,A01,1,40,0,1,1,1,5,
202100054438,104 451,A01,1,30,0,2,8,15,1,
202100054438,104 452,B01,1,7,0,2,1,1,1,
202100054439,104 450,A01,2,7,0,1,0,16,1,
202100054440,104 449,A01,2,7,0,1,2,1,1,
202100054441,104 448,A01,1,7,0,1,1,15,1,
202100054442,104 446,A01,2,7,0,2,3,1,1,
202100054442,104 447,B01,1,1,0,2,1,1,5,
202100054443,104 445,A01,1,7,0,1,3,1,1,
202100054444,104 444,A01,1,7,0,1,8,1,1,
202100054445,104 443,A01,1,30,0,1,1,0,0,
202100054446,104 442,A01,2,7,0,1,3,1,1,
202100054447,104 440,A01,2,7,0,2,1,13,1,
202100054447,104 441,B01,1,10,0,2,3,1,1,
202100054448,104 438,A01,1,10,0,2,1,15,1,
202100054448,104 439,B01,0,1,0,2,1,25,5,
202100054449,104 436,B01,1,2,0,2,2,3,1,
202100054449,104 437,A01,0,7,0,2,3,11,1,
202100054450,104 433,A01,1,33,0,2,9,1,1,
202100054450,104 434,B01,1,7,0,2,3,1,1,
202100054450,104 435,C01,1,7,0,2,2,1,1,
202100054451,104 432,A01,1,7,0,1,3,1,1,
202100054452,104 430,B01,0,7,0,0,1,1,1,
202100054452,104 431,A01,0,7,0,2,1,0,1,
202100054453,104 427,B01,1,7,0,2,1,1,1,
202100054453,104 428,C01,2,7,0,2,6,13,1,
202100054453,104 429,A01,1,7,0,2,1,1,1,
202100054454,104 425,A01,0,10,0,2,2,1,1,
202100054454,104 426,B01,0,1,0,2,4,15,5,
202100054455,104 423,B01,3,1,0,2,0,17,5,
202100054455,104 424,A01,3,7,0,2,3,15,1,
202100054456,104 421,B01,1,33,0,2,3,2,1,
202100054456,104 422,A01,1,7,0,2,2,15,1,
202100054457,104 419,B01,2,37,0,2,5,15,1,1.0
202100054457,104 420,A01,1,33,0,2,1,17,1,
202100054458,104 417,A01,2,10,0,2,8,15,1,
202100054458,104 418,B01,1,34,0,2,1,1,1,
202100054459,104 416,A01,0,3,0,1,1,0,1,
202100054460,104 415,A01,1,2,12,0,1,2,1,
202100054461,104 413,A01,2,7,0,2,1,2,0,
202100054461,104 414,B01,2,2,0,2,4,1,1,
202100054462,104 411,A01,1,10,0,2,2,1,1,
202100054462,104 412,B01,1,7,0,2,6,1,1,
202100054463,104 410,A01,3,30,0,2,7,1,1,
202100054464,104 408,A01,3,31,0,0,0,0,1,
202100054464,104 409,B01,3,7,0,0,0,1,1,
202100054465,104 406,A01,1,10,0,2,3,15,1,
202100054465,104 407,B01,3,31,0,2,1,15,1,
202100054466,104 404,A01,2,7,12,2,3,13,1,
202100054466,104 405,B01,2,7,0,2,8,1,1,
202100054467,104 403,A01,2,32,0,1,1,1,1,
202100054468,104 402,A01,2,7,0,1,3,21,1,
202100054469,104 401,A01,3,34,0,1,3,3,1,
202100054470,104 399,A01,1,7,0,2,2,16,1,
202100054470,104 400,B01,1,1,0,2,2,1,5,
202100054471,104 397,A01,1,10,0,2,3,22,1,
202100054471,104 398,B01,1,80,0,2,7,17,3,
202100054472,104 396,A01,1,7,0,1,1,1,1,
202100054473,104 394,A01,2,7,0,2,2,9,1,
202100054473,104 395,B01,2,30,0,2,3,1,1,
202100054474,104 392,B01,1,7,0,2,1,1,1,
202100054474,104 393,A01,2,7,0,2,5,1,1,
202100054475,104 391,A01,2,7,1,0,1,14,1,
202100054476,104 389,B01,2,32,0,2,1,1,1,
202100054476,104 390,A01,1,7,0,2,7,16,1,
202100054477,104 388,A01,1,7,0,1,1,2,1,
202100054478,104 386,B01,1,31,0,2,7,17,1,
202100054478,104 387,A01,1,10,0,2,3,15,1,
202100054479,104 384,A01,2,7,0,2,7,1,1,
202100054479,104 385,B01,2,1,0,2,8,1,5,
202100054480,104 383,A01,2,30,0,0,0,1,1,
202100054481,104 381,B01,1,33,0,2,7,1,1,
202100054481,104 382,A01,1,7,0,2,1,9,1,
202100054482,104 379,A01,0,7,1,2,1,14,1,
202100054482,104 380,B01,0,7,0,2,3,2,1,
202100054483,104 378,A01,1,30,0,1,1,19,1,
202100054484,104 376,A01,2,7,0,2,8,15,1,
202100054484,104 377,B01,1,7,1,2,1,1,1,
202100054485,104 375,A01,1,32,0,1,1,19,1,
202100054486,104 374,A01,-1,7,0,1,2,1,1,
202100054487,104 372,B01,2,10,0,2,2,16,1,
202100054487,104 373,A01,1,33,0,2,1,15,1,
202100054488,104 370,A01,1,7,0,2,3,15,1,
202100054488,104 371,B01,2,1,0,2,6,1,5,
202100054489,104 369,A01,3,10,0,1,1,1,0,
202100054490,104 367,A01,2,37,0,2,2,2,1,5.0
202100054490,104 368,B01,2,7,0,2,4,1,1,
202100054491,104 366,A01,1,7,0,1,1,1,1,
202100054492,104 364,B01,1,30,0,2,0,1,3,
202100054492,104 365,A01,1,7,0,2,8,15,2,
202100054493,104 363,A01,1,7,0,1,5,4,1,
202100054494,104 362,A01,0,7,0,1,1,1,0,
202100054495,104 361,A01,1,1,0,1,1,1,5,
202100054496,104 360,A01,1,1,0,1,1,1,5,
202100054497,104 359,A01,3,7,0,1,6,15,1,
202100054498,104 358,A01,2,3,0,1,2,1,1,
202100054499,104 356,B01,2,33,0,2,8,1,1,
202100054499,104 357,A01,1,7,0,2,1,15,1,
202100054500,104 354,B01,1,7,0,2,3,1,1,
202100054500,104 355,A01,1,1,0,2,7,19,5,
202100054501,104 352,B01,1,32,0,2,1,2,1,
202100054501,104 353,A01,1,7,0,0,5,9,1,
202100054502,104 350,A01,2,7,0,2,3,1,1,
202100054502,104 351,B01,2,33,0,2,1,1,1,
202100054503,104 349,A01,1,17,13,0,2,1,1,
202100054504,104 348,A01,2,7,2,0,1,1,1,
202100054505,104 346,B01,2,7,0,2,2,1,1,
202100054505,104 347,A01,1,7,0,2,3,13,1,
202100054506,104 345,A01,1,7,7,0,0,13,1,
202100054507,104 343,B01,2,7,0,1,1,1,0,
202100054507,104 344,A01,1,7,0,1,3,1,0,
202100054508,104 341,A01,2,7,0,2,3,13,1,
202100054508,104 342,B01,1,7,0,2,3,1,1,
202100054509,104 340,A01,2,7,13,0,2,14,1,
202100054510,104 338,A01,1,7,0,2,3,13,1,
202100054510,104 339,B01,2,7,0,2,3,1,1,
202100054511,104 337,A01,2,7,0,1,5,1,1,
202100054512,104 336,A01,2,7,6,0,2,1,1,
202100054513,104 334,A01,1,10,0,2,2,17,1,
202100054513,104 335,B01,1,80,0,2,4,11,2,
202100054514,104 332,A01,1,7,0,2,3,1,1,
202100054514,104 333,B01,1,7,0,2,2,19,1,
202100054515,104 330,A01,1,7,0,2,2,19,1,
202100054515,104 331,B01,2,32,0,2,6,1,1,
202100054516,104 326,A01,1,7,4,2,6,1,1,
202100054516,104 327,B01,1,15,0,2,7,12,1,
202100054517,104 324,A01,2,7,0,2,1,1,1,
202100054517,104 325,B01,1,7,0,2,3,15,1,
202100054518,104 322,A01,2,7,0,2,1,2,1,
202100054518,104 323,B01,2,7,0,2,4,1,1,
202100054519,104 321,A01,1,7,0,1,2,1,1,
202100054520,104 320,A01,1,10,13,0,1,13,1,
202100054521,104 318,B01,1,20,0,2,4,1,1,
202100054521,104 319,A01,1,17,0,2,1,2,1,
202100054522,104 317,A01,1,99,0,0,3,1,1,
202100054523,104 316,A01,1,2,0,1,1,1,1,
202100054524,104 314,A01,1,7,0,2,8,1,1,
202100054524,104 315,B01,2,7,0,2,1,1,1,
202100054525,104 312,B01,2,33,0,2,2,8,1,
202100054525,104 313,A01,1,7,0,2,7,15,1,
202100054526,104 311,A01,0,7,0,1,1,1,1,
202100054527,104 310,A01,2,7,0,1,2,1,1,
202100054528,104 306,A01,1,2,0,2,1,17,1,
202100054528,104 307,B01,1,7,0,2,3,15,1,
202100054529,104 305,A01,0,13,0,1,1,1,1,
202100054530,104 303,A01,2,2,0,2,1,23,1,
202100054530,104 304,B01,2,7,0,0,5,15,1,
202100054531,104 301,A01,2,15,0,2,2,14,1,
202100054531,104 302,B01,2,7,0,2,8,1,1,
202100054532,104 299,A01,1,7,0,2,7,14,1,
202100054532,104 300,B01,1,34,0,2,3,13,1,
202100054533,104 298,A01,1,7,14,0,9,1,1,
202100054534,104 295,B01,1,10,0,2,4,2,1,
202100054534,104 296,A01,1,7,0,2,4,2,1,
202100054534,104 297,C01,1,7,0,2,1,1,1,
202100054535,104 293,A01,2,14,0,2,4,23,1,
202100054535,104 294,B01,2,14,1,0,1,1,1,
202100054536,104 289,A01,2,7,0,2,1,0,1,
202100054536,104 290,B01,2,7,0,2,4,1,1,
202100054536,104 291,C01,2,7,0,2,8,1,1,
202100054536,104 292,D01,1,15,0,2,6,1,1,
202100054537,104 287,B01,1,7,4,2,6,1,1,
202100054537,104 288,A01,1,14,0,2,2,12,1,
202100054538,104 286,A01,1,7,2,0,1,14,1,
202100054539,104 285,A01,1,10,4,0,1,15,1,
202100054540,104 283,A01,2,13,0,2,1,2,1,
202100054540,104 284,B01,1,7,0,2,4,0,1,
202100054541,104 282,A01,1,7,3,0,3,9,1,
202100054542,104 280,B01,2,7,0,2,6,12,1,
202100054542,104 281,A01,2,33,0,2,2,2,1,
202100054543,104 278,B01,1,33,0,0,0,0,1,
202100054543,104 279,A01,1,7,0,0,0,13,1,
202100054544,104 277,A01,2,32,0,2,8,1,1,
202100054545,104 275,A01,1,10,1,0,1,2,1,
202100054545,104 276,B01,1,7,0,2,4,23,1,
202100054546,104 273,B01,1,10,0,2,5,1,1,
202100054546,104 274,A01,1,43,0,2,1,3,1,
202100054547,104 271,A01,2,7,0,2,5,0,1,
202100054547,104 272,B01,2,33,0,2,3,0,1,
202100054548,104 270,A01,1,43,0,1,1,1,1,
202100054549,104 268,A01,1,7,0,9,2,14,1,
202100054549,104 269,B01,1,37,0,2,8,1,1,1.0
202100054550,104 266,B01,2,7,0,2,4,2,1,
202100054550,104 267,A01,2,7,0,2,1,2,1,
202100054551,104 264,A01,1,32,1,0,1,2,1,
202100054551,104 265,B01,1,10,0,2,4,23,1,
202100054552,104 262,A01,1,30,0,2,1,1,1,
202100054552,104 263,B01,1,7,14,2,4,1,1,
202100054553,104 261,A01,2,10,0,1,1,19,1,
202100054554,104 260,A01,1,10,0,0,3,1,0,
202100054555,104 257,A01,3,7,0,2,1,15,1,
202100054555,104 258,B01,1,7,0,2,2,1,1,
202100054556,104 256,A01,1,7,0,1,3,1,1,
202100054557,104 254,B01,2,7,0,2,6,1,1,
202100054557,104 255,A01,2,17,0,2,2,12,1,
202100054558,104 253,A01,2,1,0,0,0,1,5,
202100054559,104 251,B01,2,7,0,2,3,1,1,
202100054559,104 252,A01,1,7,0,2,2,9,1,
202100054560,104 250,A01,1,33,0,0,7,1,1,
202100054561,104 248,B01,1,7,0,2,2,1,1,
202100054561,104 249,A01,1,7,0,2,1,11,1,
202100054562,104 247,A01,1,10,0,1,1,19,1,
202100054563,104 245,B01,1,7,0,2,3,1,1,
202100054563,104 246,A01,1,7,0,2,1,13,1,
202100054564,104 244,A01,0,7,0,1,1,1,1,
202100054565,104 242,B01,0,1,0,2,1,5,5,
202100054565,104 243,A01,0,7,0,2,3,1,1,
202100054566,104 241,A01,2,7,0,1,1,1,1,
202100054567,104 238,A01,1,10,0,2,2,2,1,
202100054568,104 233,C01,2,7,0,2,4,1,1,
202100054568,104 234,B01,2,7,0,2,4,1,1,
202100054568,104 235,A01,2,7,0,2,1,1,1,
202100054569,104 232,A01,1,7,0,1,2,1,1,
202100054570,104 231,A01,2,7,16,0,8,14,1,
202100054571,104 230,A01,1,7,0,1,4,4,1,
202100054572,104 229,A01,1,10,1,0,2,14,1,
202100054573,104 227,B01,1,31,0,2,1,1,1,
202100054573,104 228,A01,2,14,0,2,3,19,1,
202100054574,104 225,B01,3,7,0,0,2,2,1,
202100054574,104 226,A01,3,7,0,0,1,10,1,
202100054575,104 223,A01,1,7,0,2,1,1,1,
202100054575,104 224,B01,2,7,0,2,7,9,1,
202100054576,104 221,A01,1,7,0,2,2,26,1,
202100054576,104 222,B01,1,3,0,2,4,2,2,
202100054577,104 219,A01,1,7,1,2,3,1,1,
202100054577,104 220,B01,1,7,1,2,3,20,1,
202100054578,104 218,A01,3,7,0,1,1,1,1,
202100054579,104 217,A01,1,7,6,0,1,26,1,
202100054580,104 216,A01,1,7,1,0,3,0,1,
202100054581,104 214,A01,3,7,0,2,1,1,1,
202100054581,104 215,B01,3,7,12,0,8,9,1,
202100054582,104 213,A01,2,33,12,0,1,13,1,
202100054583,104 212,A01,1,7,14,0,1,13,1,
202100054584,104 211,Z01,1,7,0,1,1,1,1,
202100054585,104 210,A01,3,7,0,1,2,1,1,
202100054586,104 208,A01,1,7,0,2,3,9,1,
202100054586,104 209,B01,2,1,0,2,7,1,5,
202100054587,104 206,A01,2,2,0,2,1,1,1,
202100054587,104 207,B01,2,7,0,2,3,1,1,
202100054588,104 205,A01,0,34,0,2,0,0,1,
202100054589,104 204,A01,3,7,2,0,1,21,1,
202100054590,104 202,B01,3,33,0,2,1,26,1,
202100054590,104 203,Z01,3,7,0,2,4,23,-1,
202100054591,104 200,B01,1,10,0,2,4,1,1,
202100054591,104 201,A01,1,7,0,2,1,1,1,
202100054592,104 198,A01,3,7,0,2,8,22,1,
202100054592,104 199,B01,3,1,1,0,1,1,0,
202100054593,104 196,A01,1,7,15,2,1,13,1,
202100054593,104 197,B01,2,7,0,2,8,1,1,
202100054594,104 194,B01,2,32,0,2,3,1,1,
202100054594,104 195,A01,1,7,0,2,3,5,1,
202100054595,104 193,A01,1,7,0,1,2,16,1,
202100054596,104 191,A01,1,7,0,2,7,1,1,
202100054596,104 192,B01,1,1,0,2,8,13,0,
202100054597,104 190,A01,1,7,0,1,3,15,1,
202100054598,104 188,A01,2,7,0,2,3,15,1,
202100054598,104 189,B01,1,7,0,2,3,1,1,
202100054599,104 187,A01,1,7,0,1,0,0,0,
202100054600,104 185,B01,1,7,1,2,3,1,1,
202100054600,104 186,A01,2,7,0,2,1,13,1,
202100054601,104 183,B01,2,32,0,2,7,3,1,
202100054601,104 184,A01,2,7,0,2,6,13,1,
202100054602,104 182,A01,1,1,0,1,1,1,5,
202100054603,104 181,A01,1,7,0,1,4,4,1,
202100054604,104 179,A01,1,2,0,2,3,17,1,
202100054604,104 180,B01,1,10,0,2,8,15,1,
202100054605,104 177,B01,3,60,0,2,1,19,5,
202100054605,104 178,A01,3,7,0,2,2,15,1,
202100054606,104 175,A01,3,1,0,2,2,19,5,
202100054606,104 176,B01,1,34,0,2,3,1,1,
202100054607,104 174,A01,1,30,0,9,2,1,1,
202100054608,104 173,A01,2,7,0,1,2,1,1,
202100054609,104 171,B01,1,7,0,2,8,15,1,
202100054609,104 172,A01,1,30,0,2,2,17,1,
202100054610,104 170,A01,1,7,0,1,2,26,1,
202100054611,104 168,B01,2,7,0,0,0,15,1,
202100054611,104 169,A01,2,30,0,2,0,17,1,
202100054612,104 167,A01,1,7,0,1,1,26,0,
202100054613,104 164,A01,-1,7,14,0,1,2,1,
202100054613,104 165,B01,-1,7,14,0,1,23,1,
202100054613,104 166,C01,-1,7,14,0,4,23,1,
202100054614,104 162,A01,-1,7,0,2,7,1,1,
202100054614,104 163,B01,-1,30,0,2,0,1,1,
202100054615,104 161,A01,2,1,0,0,0,1,5,
202100054616,104 160,A01,0,10,0,1,1,0,1,
202100054617,104 158,A01,2,30,0,2,1,1,1,
202100054617,104 159,B01,3,7,0,2,8,1,1,
202100054618,104 156,B01,1,7,0,2,6,1,1,
202100054618,104 157,A01,1,33,0,2,2,18,1,
202100054619,104 155,A01,1,14,0,1,5,16,1,
202100054620,104 153,A01,0,7,0,2,4,0,1,
202100054620,104 154,B01,0,7,0,2,1,26,1,
202100054621,104 151,B01,1,33,0,2,3,17,1,
202100054621,104 152,A01,2,7,0,2,8,15,1,
202100054622,104 150,A01,1,7,13,6,1,1,1,
202100054623,104 149,A01,3,7,15,9,1,1,1,
202100054624,104 147,A01,1,7,1,0,1,2,1,
202100054624,104 148,B01,1,7,0,0,4,23,1,
202100054625,104 145,A01,1,7,0,2,1,1,1,
202100054625,104 146,B01,2,7,0,2,1,1,1,
202100054626,104 144,A01,2,7,8,0,5,1,1,
202100054627,104 142,A01,2,10,0,2,3,19,1,
202100054627,104 143,B01,1,15,0,2,2,1,1,
202100054628,104 141,A01,3,36,13,0,0,1,1,
202100054629,104 140,A01,2,2,0,0,9,1,1,
202100054630,104 138,A01,-1,7,0,2,6,19,1,
202100054630,104 139,B01,-1,2,0,2,1,1,1,
202100054631,104 136,B01,1,33,0,2,1,1,1,
202100054631,104 137,A01,2,7,0,2,3,15,1,
202100054632,104 135,A01,1,33,0,0,7,1,1,
202100054633,104 133,A01,1,15,0,2,3,13,1,
202100054633,104 134,B01,2,7,0,2,3,1,1,
202100054634,104 131,B01,2,7,0,2,4,23,1,
202100054634,104 132,A01,2,31,0,2,1,2,1,
202100054635,104 128,C01,2,7,0,2,1,2,1,
202100054635,104 129,B01,2,10,0,2,1,1,1,
202100054635,104 130,A01,1,7,0,2,1,1,1,
202100054636,104 127,A01,1,7,0,1,1,0,0,
202100054637,104 126,A01,1,7,7,0,3,1,1,
202100054638,104 124,B01,2,7,0,2,1,15,1,
202100054638,104 125,A01,1,7,0,2,1,1,1,
202100054639,104 123,A01,0,7,1,1,2,1,1,
202100054640,104 122,A01,2,7,0,1,1,1,1,
202100054641,104 120,A01,1,7,0,2,2,2,1,
202100054641,104 121,B01,1,7,0,0,6,2,1,
202100054642,104 119,A01,3,7,16,0,2,1,1,
202100054643,104 118,A01,2,7,13,0,1,1,1,
202100054644,104 117,A01,1,31,12,0,6,1,1,
202100054645,104 115,B01,1,2,0,2,3,13,1,
202100054645,104 116,A01,2,14,0,2,3,1,1,
202100054646,104 113,A01,1,10,0,2,1,9,1,
202100054646,104 114,B01,1,50,0,2,7,1,3,
202100054647,104 111,B01,1,7,0,2,4,2,1,
202100054647,104 112,A01,1,7,3,2,2,1,1,
202100054648,104 109,A01,2,7,0,2,1,13,1,
202100054648,104 110,B01,1,7,0,2,1,1,1,
202100054649,104 107,A01,2,7,0,2,7,13,1,
202100054649,104 108,B01,1,7,0,2,1,1,1,
202100054650,104 106,A01,2,2,12,0,1,1,1,
202100054651,104 104,A01,2,7,0,2,1,17,1,
202100054651,104 105,B01,2,1,0,2,8,15,5,
202100054652,104 102,B01,0,7,0,0,4,16,1,
202100054652,104 103,A01,0,7,0,2,1,2,1,
202100054653,104 101,A01,2,10,3,0,0,14,1,
202100054654,104 099,B01,1,7,0,2,3,9,1,
202100054654,104 100,A01,1,2,0,0,7,16,1,
202100054655,104 098,A01,2,7,13,0,1,19,0,
202100054656,104 094,A01,2,7,0,2,4,2,1,
202100054656,104 095,B01,2,7,0,2,1,2,1,
202100054656,104 096,C01,2,33,0,2,1,2,1,
202100054656,104 097,D01,2,7,0,2,1,2,1,
202100054657,104 092,A01,1,7,0,2,5,11,1,
202100054657,104 093,B01,1,33,0,2,1,3,1,
202100054658,104 091,A01,2,7,3,0,1,26,1,
202100054659,104 079,A01,1,7,0,2,1,2,1,
202100054659,104 080,B01,1,7,0,2,4,2,1,
202100054659,104 081,C01,1,10,0,2,1,2,1,
202100054659,104 082,E01,1,7,0,2,1,2,1,
202100054659,104 083,I01,1,7,0,2,0,1,1,
202100054659,104 084,J01,1,7,0,2,1,1,1,
202100054659,104 085,K01,1,7,0,2,1,1,1,
202100054659,104 086,L01,1,7,0,2,1,1,1,
202100054659,104 087,D01,1,7,0,2,4,2,1,
202100054659,104 088,F01,1,7,0,2,4,2,1,
202100054659,104 089,G01,1,7,0,2,1,1,1,
202100054659,104 090,H01,1,7,0,2,1,1,1,
202100054660,104 077,A01,2,7,0,2,2,12,1,
202100054660,104 078,B01,2,7,0,2,6,12,1,
202100054661,104 075,B01,2,7,0,2,5,1,1,
202100054661,104 076,A01,2,7,0,2,3,13,1,
202100054662,104 073,B01,1,7,0,2,4,2,1,
202100054662,104 074,A01,1,33,0,2,1,2,1,
202100054663,104 071,A01,2,7,0,2,1,13,1,
202100054663,104 072,B01,1,2,0,2,1,1,1,