Num_Acc,id_vehicule,num_veh,senc,catv,obs,obsm,choc,manv,motor,occutc
202100054664,104 070,A01,1,7,0,0,0,26,1,
202100054665,104 069,A01,2,7,12,0,2,14,1,
202100054666,104 067,B01,2,7,0,2,4,2,1,
202100054666,104 068,A01,2,7,0,2,1,2,1,
202100054667,104 065,A01,2,7,0,2,2,1,1,
202100054667,104 066,B01,2,1,0,2,4,2,5,
202100054668,104 064,A01,2,10,9,0,1,16,1,
202100054669,104 062,B01,1,10,0,2,1,13,1,
202100054669,104 063,A01,2,7,0,2,1,26,1,
202100054670,104 061,A01,1,7,0,1,7,1,0,
202100054671,104 060,A01,1,7,1,1,3,5,1,
202100054672,104 058,B01,1,7,0,1,3,1,1,
202100054672,104 059,A01,2,7,0,1,3,1,1,
202100054673,104 057,A01,1,10,0,1,2,1,1,
202100054674,104 055,B01,1,7,0,2,6,23,1,
202100054674,104 056,A01,1,7,0,2,1,11,1,
202100054675,104 054,A01,2,10,0,1,3,1,1,
202100054676,104 052,B01,2,7,0,2,1,1,1,
202100054676,104 053,A01,2,7,0,2,8,15,1,
202100054677,104 049,C01,2,7,0,2,6,1,1,
202100054677,104 050,B01,1,7,0,2,1,1,1,
202100054677,104 051,A01,2,7,0,2,1,16,1,
202100054678,104 048,A01,1,7,2,0,1,14,1,
202100054679,104 046,A01,2,30,0,2,1,18,1,
202100054679,104 047,B01,1,7,0,2,2,15,1,
202100054680,104 044,A01,2,7,0,2,3,15,1,
202100054680,104 045,B01,1,7,0,2,2,1,1,
202100054681,104 042,B01,3,7,0,2,2,1,1,
202100054681,104 043,A01,3,7,0,2,6,9,1,
202100054682,104 041,A01,3,7,0,1,1,1,1,
202100054683,104 040,A01,1,7,2,0,0,0,1,
202100054684,104 039,A01,3,7,0,1,2,17,1,
202100054685,104 038,A01,1,7,0,1,0,10,1,
202100054686,104 036,B01,1,2,0,2,8,1,1,
202100054686,104 037,A01,1,7,0,2,0,22,2,
202100054687,104 034,A01,3,7,0,2,1,1,1,
202100054687,104 035,B01,3,7,0,2,2,15,1,
202100054688,104 032,B01,3,2,0,2,3,1,1,
202100054688,104 033,A01,3,7,0,2,2,1,1,
202100054689,104 031,A01,1,7,0,1,1,1,1,
202100054690,104 029,Z01,3,7,0,0,3,1,0,
202100054690,104 030,A01,3,30,0,2,2,17,1,
202100054691,104 027,B01,1,2,0,2,7,17,1,
202100054691,104 028,A01,1,7,0,2,3,15,2,
202100054692,104 026,A01,2,32,0,0,2,21,1,
202100054693,104 024,A01,1,7,0,2,3,5,1,
202100054693,104 025,B01,1,7,0,2,3,1,1,
202100054694,104 023,A01,1,7,0,1,1,16,1,
202100054695,104 021,A01,1,7,0,2,1,23,1,
202100054695,104 022,B01,1,7,0,2,4,23,1,
202100054696,104 019,B01,1,7,0,2,2,1,1,
202100054696,104 020,A01,1,7,0,2,1,9,1,
202100054697,104 017,B01,2,7,0,2,4,23,1,
202100054697,104 018,A01,2,7,0,2,1,1,1,
202100054698,104 015,B01,1,7,0,2,4,1,1,
202100054698,104 016,A01,1,7,0,2,1,15,1,
202100054699,104 013,B01,3,10,0,2,1,2,1,
202100054699,104 014,A01,3,10,0,2,1,2,1,
202100054700,104 011,A01,1,30,0,2,4,0,1,
202100054700,104 012,B01,1,7,0,2,1,1,1,
202100054701,104 009,A01,1,7,0,2,1,1,1,
202100054701,104 010,B01,1,50,0,2,1,1,3,
202100054702,104 007,A01,2,7,0,2,3,26,1,
202100054702,104 008,B01,2,30,0,2,2,1,1,
202100054703,104 006,A01,1,7,2,0,1,2,1,
202100054704,104 005,A01,1,33,6,0,1,14,1,
202100054705,104 004,A01,3,10,0,1,6,4,1,
202100054706,104 003,A01,1,7,3,6,1,0,1,
202100054707,104 001,A01,3,7,0,2,2,2,1,
202100054707,104 002,B01,3,1,0,2,4,2,5,
202100054708,104 000,A01,3,36,6,0,3,1,1,
202100054709,103 998,B01,1,7,3,9,3,2,1,
202100054709,103 999,A01,1,7,0,0,0,12,1,
202100054710,103 996,A01,2,7,8,0,1,1,1,
202100054710,103 997,B01,2,7,15,1,1,2,1,
202100054711,103 995,A01,1,7,15,1,1,1,1,
202100054712,103 994,A01,2,10,0,1,6,4,1,
202100054713,103 992,A01,2,7,0,2,3,1,1,
202100054713,103 993,B01,1,7,0,2,3,1,1,
202100054714,103 990,B01,3,7,0,2,3,1,1,
202100054714,103 991,A01,3,7,0,2,3,1,1,
202100054715,103 988,A01,2,7,0,2,1,1,1,
202100054715,103 989,B01,2,33,0,0,4,0,1,
202100054716,103 987,A01,3,1,0,0,0,1,2,
202100054717,103 985,A01,1,10,0,2,2,19,1,
202100054717,103 986,B01,1,7,0,2,3,2,1,
202100054718,103 983,A01,1,7,0,2,3,2,1,
202100054718,103 984,B01,1,7,0,0,5,23,1,
202100054719,103 981,B01,1,7,0,2,3,1,1,
202100054719,103 982,A01,2,7,0,2,3,13,1,
202100054720,103 980,A01,1,10,0,5,2,1,1,
202100054721,103 978,B01,1,10,0,2,1,1,1,
202100054721,103 979,A01,2,7,0,2,1,15,1,
202100054722,103 976,A01,2,2,0,0,1,26,1,
202100054723,103 975,A01,2,15,0,0,6,9,1,
202100054724,103 973,B01,2,14,0,2,3,1,1,
202100054724,103 974,A01,1,7,0,2,3,13,1,
202100054725,103 971,A01,2,7,9,0,1,1,1,
202100054725,103 972,B01,2,7,0,9,1,2,1,
202100054726,103 969,A01,1,33,0,9,1,3,1,
202100054727,103 967,A01,2,32,12,0,8,17,1,
202100054727,103 968,B01,1,7,0,0,0,1,1,
202100054728,103 965,A01,2,7,0,2,3,6,1,
202100054728,103 966,B01,1,31,0,2,1,1,1,
202100054729,103 964,A01,1,7,15,0,1,16,1,
202100054730,103 963,A01,1,7,2,0,2,13,1,
202100054731,103 961,B01,1,33,0,2,4,1,1,
202100054731,103 962,A01,1,33,0,2,1,1,1,
202100054732,103 959,B01,1,7,0,2,5,2,1,
202100054732,103 960,A01,1,33,0,2,1,2,1,
202100054733,103 957,B01,2,7,0,2,1,1,1,
202100054733,103 958,A01,2,7,0,0,4,1,1,
202100054734,103 956,A01,2,31,0,0,0,1,1,
202100054735,103 955,A01,1,7,0,1,3,1,1,
202100054736,103 953,B01,2,7,0,2,1,1,1,
202100054736,103 954,A01,1,7,0,2,1,1,1,
202100054737,103 952,A01,2,7,0,1,1,1,1,
202100054738,103 951,A01,2,7,0,1,1,2,1,
202100054739,103 950,A01,2,7,15,0,1,1,0,
202100054740,103 949,A01,1,7,3,0,1,1,1,
202100054741,103 947,A01,1,7,0,2,7,21,1,
202100054741,103 948,B01,1,10,4,0,1,1,1,
202100054742,103 945,A01,2,7,0,2,1,1,1,
202100054742,103 946,B01,2,7,0,2,7,1,1,
202100054743,103 943,B01,2,7,0,2,4,2,3,
202100054743,103 944,A01,2,7,0,2,1,2,1,
202100054744,103 942,A01,1,7,4,0,1,21,1,
202100054745,103 941,A01,2,7,4,0,1,1,1,
202100054746,103 940,A01,2,7,4,0,1,26,1,
202100054747,103 939,A01,1,7,4,0,2,21,1,
202100054748,103 938,A01,1,7,1,1,2,26,1,
202100054749,103 936,A01,1,7,0,2,1,2,1,
202100054749,103 937,B01,1,7,0,2,4,2,2,
202100054750,103 935,A01,2,7,0,1,1,2,1,
202100054751,103 933,B01,1,33,0,2,1,5,1,
202100054751,103 934,A01,2,7,0,2,2,15,1,
202100054752,103 931,B01,2,7,0,2,2,0,1,
202100054752,103 932,A01,1,7,0,2,3,1,1,
202100054753,103 930,A01,1,33,1,0,2,14,1,
202100054754,103 928,A01,1,33,0,1,1,1,1,
202100054755,103 926,A01,1,32,0,2,7,17,1,
202100054755,103 927,B01,1,30,0,2,8,1,1,
202100054756,103 924,A01,3,7,0,2,1,2,1,
202100054756,103 925,B01,3,7,0,2,4,2,1,
202100054757,103 919,A01,1,14,0,2,2,12,1,
202100054757,103 920,B01,1,1,0,2,8,1,5,
202100054758,103 917,B01,1,7,0,2,6,15,1,
202100054758,103 918,A01,1,7,6,2,1,26,1,
202100054759,103 916,A01,2,33,12,0,7,1,1,
202100054760,103 915,A01,2,33,0,0,0,26,1,
202100054761,103 914,A01,1,7,0,1,1,25,1,
202100054762,103 912,B01,0,7,0,2,4,1,1,
202100054762,103 913,A01,3,30,0,2,1,1,1,
202100054763,103 911,A01,1,7,1,0,3,13,1,
202100054764,103 909,B01,0,30,0,0,0,0,1,
202100054764,103 910,A01,3,7,0,2,1,15,1,
202100054765,103 908,A01,1,40,0,1,7,1,6,
202100054766,103 907,A01,1,7,9,0,1,1,1,
202100054767,103 905,B01,3,37,0,0,6,1,1,1.0
202100054767,103 906,A01,2,1,0,2,1,1,5,
202100054768,103 904,A01,1,7,0,1,2,1,1,
202100054769,103 902,A01,2,7,0,2,1,9,1,
202100054769,103 903,B01,2,7,0,0,4,2,1,
202100054770,103 899,B01,2,7,0,2,4,23,1,
202100054770,103 900,A01,2,7,0,2,1,2,1,
202100054770,103 901,C01,2,7,0,2,4,23,1,
202100054771,103 898,A01,2,33,0,0,2,16,1,
202100054772,103 896,B01,0,7,0,2,4,1,1,
202100054772,103 897,A01,0,7,0,2,1,1,1,
202100054773,103 889,B01,1,1,0,2,1,1,5,
202100054773,103 890,A01,1,7,0,2,3,9,1,
202100054774,103 886,A01,2,31,0,0,0,1,1,
202100054775,103 883,A01,2,10,0,2,1,1,1,
202100054775,103 884,C01,2,7,0,2,4,1,1,
202100054775,103 885,B01,2,7,0,2,4,1,2,
202100054776,103 880,C01,2,7,0,2,5,1,1,
202100054776,103 881,B01,2,7,0,2,8,1,1,
202100054776,103 882,A01,2,17,0,2,2,12,1,
202100054777,103 879,A01,2,7,11,0,3,13,1,
202100054778,103 878,A01,1,2,12,0,1,13,1,
202100054779,103 877,A01,1,37,0,1,2,21,1,1.0
202100054780,103 876,Z01,2,7,0,1,7,1,2,
202100054781,103 875,A01,3,7,0,1,2,1,1,
202100054782,103 874,A01,2,1,0,1,1,1,5,
202100054783,103 872,A01,1,7,0,2,6,13,1,
202100054783,103 873,B01,1,43,0,2,2,1,1,
202100054784,103 871,A01,2,1,12,0,1,1,5,
202100054785,103 869,A01,1,30,0,2,1,1,1,
202100054785,103 870,B01,1,7,0,2,2,1,1,
202100054786,103 868,A01,1,10,11,0,3,13,1,
202100054787,103 866,A01,2,7,0,2,3,22,1,
202100054787,103 867,B01,2,1,0,2,3,1,5,
202100054788,103 864,Z01,1,7,0,2,1,1,0,
202100054788,103 865,A01,1,7,0,2,4,23,1,
202100054789,103 862,B01,1,32,0,2,8,1,1,
202100054789,103 863,A01,1,7,0,2,2,9,1,
202100054790,103 860,A01,1,7,1,2,8,22,1,
202100054790,103 861,B01,1,1,1,0,0,1,5,
202100054791,103 858,A01,2,7,0,2,1,13,1,
202100054791,103 859,B01,2,7,12,2,3,21,1,
202100054792,103 856,B01,3,7,0,2,3,16,1,
202100054792,103 857,A01,3,7,0,2,3,15,1,
202100054793,103 854,A01,0,7,0,2,3,24,0,
202100054793,103 855,B01,0,31,0,2,0,0,0,
202100054794,103 852,A01,3,37,0,2,1,2,1,1.0
202100054794,103 853,B01,3,7,0,0,4,2,1,
202100054795,103 850,B01,1,7,0,2,2,26,0,
202100054795,103 851,A01,3,7,0,2,3,15,1,
202100054796,103 848,B01,2,32,0,2,2,1,1,
202100054796,103 849,A01,2,10,0,0,1,2,0,
202100054797,103 846,A01,1,7,0,2,1,2,1,
202100054797,103 847,B01,1,7,0,2,4,1,1,
202100054798,103 844,B01,2,7,0,2,8,15,1,
202100054798,103 845,A01,2,7,0,2,1,1,1,
202100054799,103 842,A01,1,7,0,2,1,2,1,
202100054799,103 843,B01,1,7,0,2,4,23,1,
202100054800,103 841,A01,2,7,0,1,8,1,1,
202100054801,103 838,C01,2,7,0,2,1,0,1,
202100054801,103 839,B01,2,7,0,2,8,0,0,
202100054801,103 840,A01,1,7,0,2,3,13,1,
202100054802,103 836,B01,1,10,0,2,3,1,1,
202100054802,103 837,A01,2,7,13,2,3,26,1,
202100054803,103 835,A01,2,32,13,0,1,0,1,
202100054804,103 834,A01,2,7,2,0,1,13,1,
202100054805,103 832,B01,3,7,0,2,3,1,1,
202100054805,103 833,A01,1,10,0,2,1,1,1,
202100054806,103 830,B01,2,1,0,2,1,1,5,
202100054806,103 831,A01,2,7,0,9,2,15,1,
202100054807,103 829,A01,1,7,13,9,9,1,1,
202100054808,103 827,B01,1,7,0,2,1,1,1,
202100054808,103 828,A01,2,7,0,2,1,15,1,
202100054809,103 826,A01,2,7,2,0,8,14,1,
202100054810,103 825,A01,2,7,15,0,2,1,1,
202100054811,103 824,A01,0,32,0,1,0,21,1,
202100054812,103 823,A01,1,7,0,0,9,1,1,
202100054813,103 820,A01,2,10,0,0,6,1,1,
202100054813,103 821,C01,1,7,0,2,1,13,1,
202100054813,103 822,B01,2,2,0,0,1,1,1,
202100054814,103 819,A01,3,7,2,0,1,1,1,
202100054815,103 816,A01,2,7,0,2,1,2,1,
202100054815,103 817,B01,1,7,0,2,6,2,1,
202100054815,103 818,C01,1,7,0,2,1,2,1,
202100054816,103 815,A01,2,7,2,0,8,2,1,
202100054817,103 813,B01,2,7,0,2,7,1,1,
202100054817,103 814,A01,1,2,0,2,1,19,1,
202100054818,103 811,B01,1,33,0,2,1,1,1,
202100054818,103 812,A01,2,7,0,2,3,15,1,
202100054819,103 810,A01,1,10,0,1,3,1,1,
202100054820,103 808,A01,2,7,0,2,7,2,1,
202100054820,103 809,B01,2,50,0,2,8,2,3,
202100054821,103 807,A01,2,10,3,0,1,14,1,
202100054822,103 805,A01,1,7,0,2,5,13,1,
202100054822,103 806,B01,2,7,0,2,1,1,1,
202100054823,103 804,A01,2,7,0,0,2,1,1,
202100054824,103 803,A01,1,7,0,1,2,1,1,
202100054825,103 800,B01,2,7,0,2,1,1,1,
202100054825,103 801,A01,1,7,0,2,7,1,1,
202100054825,103 802,C01,2,7,0,2,1,1,1,
202100054826,103 799,A01,0,31,3,0,0,21,1,
202100054827,103 798,A01,3,7,0,1,2,1,1,
202100054828,103 795,C01,2,33,0,2,1,2,1,
202100054828,103 796,B01,2,33,0,2,1,2,1,
202100054828,103 797,A01,2,7,0,2,4,1,1,
202100054829,103 793,A01,1,7,0,2,7,1,1,
202100054829,103 794,B01,2,7,0,2,1,1,1,
202100054830,103 792,A01,0,33,0,0,0,0,1,
202100054831,103 790,A01,1,7,6,2,2,19,1,
202100054831,103 791,B01,2,7,6,2,1,1,1,
202100054832,103 789,A01,2,7,2,0,3,0,1,
202100054833,103 788,A01,1,7,15,0,9,13,1,
202100054834,103 786,A01,3,7,2,0,3,13,1,
202100054835,103 784,B01,2,7,0,2,4,1,1,
202100054835,103 785,A01,2,7,0,2,1,14,2,
202100054836,103 783,A01,1,7,3,0,3,2,1,
202100054837,103 782,A01,1,7,3,0,2,26,2,
202100054838,103 780,B01,1,15,0,2,2,12,1,
202100054838,103 781,A01,1,7,0,0,8,1,1,
202100054839,103 778,A01,2,7,0,0,0,11,1,
202100054839,103 779,B01,2,33,0,0,0,3,1,
202100054840,103 776,A01,2,7,0,2,1,2,1,
202100054840,103 777,B01,2,7,0,2,4,2,0,
202100054841,103 774,A01,3,30,0,2,1,26,1,
202100054841,103 775,B01,2,7,0,2,2,1,1,
202100054842,103 773,A01,0,7,0,1,1,1,1,
202100054843,103 772,A01,1,7,0,1,1,1,1,
202100054844,103 770,B01,2,31,0,2,1,1,1,
202100054844,103 771,A01,2,7,0,2,2,15,1,
202100054845,103 768,B01,1,10,0,2,2,1,1,
202100054845,103 769,A01,1,7,0,2,8,10,1,
202100054846,103 766,A01,2,30,0,2,8,17,1,
202100054846,103 767,B01,2,7,0,2,1,15,1,
202100054847,103 764,A01,2,7,0,2,0,0,1,
202100054847,103 765,B01,2,50,0,2,8,1,3,
202100054848,103 763,A01,2,7,0,1,1,1,1,
202100054849,103 762,A01,0,7,1,0,6,14,1,
202100054850,103 760,B01,2,7,0,0,4,23,1,
202100054850,103 761,A01,2,33,0,2,1,1,1,
202100054851,103 757,A01,3,10,0,2,2,1,1,
202100054851,103 758,B01,3,7,0,2,4,1,1,
202100054851,103 759,C01,3,7,0,2,4,1,1,
202100054852,103 755,B01,3,40,0,2,1,1,3,
202100054852,103 756,A01,3,7,0,4,7,1,1,
202100054853,103 753,B01,1,32,0,2,7,1,1,
202100054853,103 754,A01,2,7,0,2,1,1,1,
202100054854,103 752,A01,3,7,0,0,9,1,1,
202100054855,103 750,A01,2,7,0,2,8,26,1,
202100054855,103 751,B01,2,2,0,2,1,1,1,
202100054856,103 749,A01,2,7,0,1,2,16,1,
202100054857,103 748,A01,1,7,8,0,2,1,1,
202100054858,103 746,B01,1,7,0,2,2,15,1,
202100054858,103 747,A01,2,7,0,2,2,15,1,
202100054859,103 744,B01,2,32,0,2,1,1,1,
202100054859,103 745,A01,1,7,0,2,3,15,1,
202100054860,103 743,A01,3,37,0,0,6,9,1,1.0
202100054861,103 741,B01,3,7,0,2,3,15,1,
202100054861,103 742,A01,2,30,0,2,1,1,1,
202100054862,103 739,A01,3,33,0,2,1,1,1,
202100054862,103 740,B01,3,7,0,2,3,23,1,
202100054863,103 737,B01,1,30,0,2,1,1,1,
202100054863,103 738,A01,1,7,0,2,6,20,1,
202100054864,103 736,A01,2,7,13,0,8,16,1,
202100054865,103 734,B01,2,7,0,2,7,1,1,
202100054865,103 735,A01,1,30,0,2,1,1,1,
202100054866,103 733,A01,1,7,0,1,1,26,1,
202100054867,103 731,B01,2,33,1,2,8,1,1,
202100054867,103 732,A01,1,7,0,2,1,15,1,
202100054868,103 729,A01,2,7,0,2,8,17,1,
202100054868,103 730,B01,2,15,0,2,7,1,1,
202100054869,103 728,A01,1,7,0,0,9,1,1,
202100054870,103 726,A01,1,7,0,2,7,0,1,
202100054870,103 727,B01,3,7,0,2,1,6,1,
202100054871,103 724,A01,2,7,0,2,4,23,1,
202100054871,103 725,Z01,2,7,0,0,0,0,0,
202100054872,103 723,A01,0,7,0,1,1,1,1,
202100054873,103 722,A01,1,7,0,1,2,15,1,
202100054874,103 721,A01,2,7,13,0,3,13,1,
202100054875,103 719,B01,1,1,0,2,1,1,5,
202100054875,103 720,A01,1,7,0,2,3,15,1,
202100054876,103 718,A01,1,7,0,1,3,1,1,
202100054877,103 716,B01,1,7,0,2,8,1,1,
202100054877,103 717,A01,1,7,0,2,1,1,1,
202100054878,103 714,B01,1,1,0,2,1,21,5,
202100054878,103 715,A01,1,7,0,2,2,16,1,
202100054879,103 712,B01,1,7,0,2,4,1,1,
202100054879,103 713,A01,1,7,0,2,1,2,1,
202100054880,103 710,A01,1,7,0,2,1,1,1,
202100054880,103 711,B01,1,50,0,2,7,19,3,
202100054881,103 709,A01,1,99,0,1,0,1,0,
202100054882,103 707,A01,1,7,0,2,1,9,0,
202100054882,103 708,B01,2,1,0,2,8,1,5,
202100054883,103 704,A01,1,7,0,2,1,2,1,
202100054883,103 705,B01,1,7,0,2,4,2,1,
202100054883,103 706,C01,1,7,0,2,4,2,1,
202100054884,103 703,A01,2,30,0,0,0,1,1,
202100054885,103 702,A01,3,7,6,0,1,20,1,
202100054886,103 700,A01,1,7,0,2,2,19,1,
202100054886,103 701,B01,2,7,0,2,3,1,1,
202100054887,103 699,A01,2,10,0,1,2,21,1,
202100054888,103 698,A01,2,7,0,1,3,15,1,
202100054889,103 696,A01,2,7,0,2,2,2,1,
202100054889,103 697,B01,2,7,0,2,6,2,1,
202100054890,103 694,B01,1,33,0,2,1,1,1,
202100054890,103 695,A01,2,7,0,2,2,15,1,
202100054891,103 692,B01,2,1,0,2,1,1,5,
202100054891,103 693,A01,3,7,0,2,3,9,1,
202100054892,103 691,A01,1,7,0,1,1,16,1,
202100054893,103 689,A01,2,7,0,2,8,11,1,
202100054893,103 690,B01,2,7,0,2,2,1,1,
202100054894,103 688,A01,0,7,0,1,2,15,1,
202100054895,103 687,A01,3,7,0,1,2,1,1,
202100054896,103 685,B01,1,30,0,2,1,1,1,
202100054896,103 686,A01,1,7,0,2,3,26,1,
202100054897,103 683,A01,3,7,0,2,1,1,1,
202100054897,103 684,B01,3,7,0,2,1,15,1,
202100054898,103 679,A01,1,10,0,2,1,1,1,
202100054898,103 680,B01,1,10,0,2,4,1,1,
202100054898,103 681,C01,1,7,0,2,4,1,1,
202100054898,103 682,D01,1,7,0,2,5,1,1,
202100054899,103 677,A01,2,7,0,2,2,1,1,
202100054899,103 678,B01,1,50,0,2,1,19,3,
202100054900,103 676,Z01,2,7,0,1,1,1,0,
202100054901,103 674,B01,1,7,0,2,2,1,1,
202100054901,103 675,A01,1,7,0,2,3,11,1,
202100054902,103 672,B01,1,31,0,2,8,1,1,
202100054902,103 673,A01,1,7,0,2,1,15,1,
202100054903,103 670,B01,1,10,0,2,3,1,1,
202100054903,103 671,A01,1,7,0,2,7,1,1,
202100054904,103 668,A01,1,7,0,2,1,1,1,
202100054904,103 669,B01,1,7,0,2,4,1,1,
202100054905,103 667,A01,3,7,0,1,1,1,1,
202100054906,103 665,B01,1,7,0,2,1,13,1,
202100054906,103 666,A01,1,30,0,2,1,1,1,
202100054907,103 664,A01,1,7,0,1,1,1,1,
202100054908,103 662,A01,1,10,0,2,0,15,0,
202100054908,103 663,B01,1,2,0,2,1,1,1,
202100054909,103 660,B01,2,10,0,0,4,1,1,
202100054909,103 661,A01,2,7,0,2,1,16,1,
202100054910,103 659,A01,1,10,0,1,1,1,1,
202100054911,103 657,A01,1,7,0,2,3,15,1,
202100054911,103 658,B01,2,1,0,2,3,1,5,
202100054912,103 655,B01,1,2,0,2,8,1,1,
202100054912,103 656,A01,2,7,0,2,3,15,1,
202100054913,103 654,A01,1,7,0,1,1,9,1,
202100054914,103 652,B01,3,7,0,2,4,1,1,
202100054914,103 653,A01,3,7,0,2,1,2,1,
202100054915,103 650,B01,3,39,0,2,1,26,1,
202100054915,103 651,A01,1,7,6,4,3,19,1,
202100054916,103 648,A01,2,32,0,2,1,2,1,
202100054916,103 649,B01,2,10,0,2,4,2,1,
202100054917,103 646,A01,2,14,0,2,1,1,1,
202100054917,103 647,B01,2,10,0,2,4,1,1,
202100054918,103 644,B01,2,1,0,2,8,13,5,
202100054918,103 645,A01,2,1,0,2,7,17,5,
202100054919,103 642,A01,1,7,0,2,3,22,1,
202100054919,103 643,B01,1,1,0,2,1,1,5,
202100054920,103 641,A01,2,30,0,0,0,1,1,
202100054921,103 639,A01,3,30,0,2,8,15,1,
202100054921,103 640,B01,3,37,0,2,1,1,1,1.0
202100054922,103 637,A01,3,7,0,2,3,1,1,
202100054922,103 638,B01,3,7,0,2,1,1,1,
202100054923,103 636,A01,1,10,0,1,6,4,1,
202100054924,103 634,B01,2,1,0,2,3,18,5,
202100054924,103 635,A01,2,7,0,2,2,16,1,
202100054925,103 633,A01,2,1,0,1,1,1,5,
202100054926,103 631,Z01,2,31,0,2,3,1,0,
202100054926,103 632,A01,1,1,0,2,3,15,5,
202100054927,103 630,A01,2,1,0,0,1,7,5,
202100054928,103 628,B01,2,1,0,2,1,17,5,
202100054928,103 629,A01,2,10,0,2,8,22,1,
202100054929,103 626,A01,1,7,0,2,1,2,1,
202100054929,103 627,B01,1,7,0,2,4,2,1,
202100054930,103 625,A01,1,1,0,1,8,1,0,
202100054931,103 623,A01,3,7,0,2,4,4,1,
202100054931,103 624,B01,3,1,0,2,8,19,0,
202100054932,103 622,A01,1,7,0,1,3,1,1,
202100054933,103 621,A01,1,7,0,1,1,15,1,
202100054934,103 618,A01,2,7,0,2,2,9,1,
202100054934,103 619,B01,2,7,0,2,3,1,1,
202100054934,103 620,C01,1,10,0,2,8,0,0,
202100054935,103 616,A01,1,7,0,2,3,15,1,
202100054935,103 617,B01,1,33,0,2,1,1,1,
202100054936,103 614,B01,3,30,0,2,1,1,0,
202100054936,103 615,A01,3,7,0,2,1,15,0,
202100054937,103 613,Z01,2,32,0,1,0,17,0,
202100054938,103 611,A01,1,10,0,2,0,15,0,
202100054938,103 612,B01,1,50,0,2,3,1,3,
202100054939,103 608,T01,2,7,0,0,0,1,1,
202100054939,103 609,A01,2,7,0,2,2,10,1,
202100054939,103 610,B01,1,32,0,2,1,1,1,
202100054940,103 606,A01,2,7,0,2,1,1,1,
202100054940,103 607,B01,2,7,0,2,4,15,3,
202100054941,103 604,B01,3,7,0,2,3,1,1,
202100054941,103 605,A01,3,30,0,2,2,1,1,
202100054942,103 602,B01,1,30,1,2,1,1,1,
202100054942,103 603,A01,1,30,0,0,4,20,1,
202100054943,103 600,A01,1,99,8,2,5,19,1,
202100054943,103 601,B01,1,7,0,2,1,19,1,
202100054944,103 599,A01,2,30,0,2,0,1,1,
202100054945,103 596,C01,-1,7,1,0,3,0,1,
202100054945,103 597,A01,-1,7,0,2,1,17,0,
202100054945,103 598,B01,3,7,0,2,3,15,1,
202100054946,103 595,A01,-1,7,0,0,3,26,1,
202100054947,103 594,A01,0,7,0,1,1,1,1,
202100054948,103 592,A01,1,34,0,2,1,26,1,
202100054948,103 593,B01,1,1,0,2,7,19,5,
202100054949,103 590,B01,1,7,0,2,3,1,1,
202100054949,103 591,A01,1,30,0,2,1,19,1,
202100054950,103 589,A01,0,2,0,0,0,0,1,
202100054951,103 587,A01,1,2,0,0,4,1,1,
202100054951,103 588,B01,1,2,0,0,1,2,1,
202100054952,103 584,A01,1,7,0,2,1,15,1,
202100054952,103 585,C01,1,7,0,2,1,1,1,
202100054952,103 586,B01,2,7,0,2,2,1,1,
202100054953,103 583,A01,2,7,0,1,3,1,0,
202100054954,103 581,A01,3,36,2,0,0,0,1,
202100054955,103 580,A01,3,7,0,0,0,0,1,
202100054956,103 578,B01,2,7,0,2,3,1,1,
202100054956,103 579,A01,1,7,0,2,3,13,1,
202100054957,103 577,A01,0,7,8,0,1,6,1,
202100054958,103 576,A01,3,7,16,0,0,19,1,
202100054959,103 574,B01,2,2,0,0,4,2,1,
202100054959,103 575,A01,2,7,0,2,2,2,1,
202100054960,103 572,B01,0,7,0,2,9,21,1,
202100054960,103 573,A01,3,7,0,2,6,9,1,
202100054961,103 570,A01,2,7,0,2,1,1,1,
202100054961,103 571,B01,1,7,0,2,2,1,1,
202100054962,103 568,A01,1,7,6,2,3,17,1,
202100054962,103 569,B01,2,7,0,2,3,1,1,
202100054963,103 567,A01,2,7,0,0,9,1,1,
202100054964,103 566,A01,2,7,6,0,1,0,1,
202100054965,103 565,A01,2,7,16,0,0,14,1,
202100054966,103 563,B01,2,2,0,2,1,1,1,
202100054966,103 564,A01,1,7,0,2,1,15,1,
202100054967,103 560,A01,3,7,0,1,3,0,1,
202100054968,103 558,A01,3,10,0,2,1,1,1,
202100054968,103 559,B01,0,7,0,2,2,26,1,
202100054969,103 556,B01,2,7,0,0,4,2,1,
202100054969,103 557,A01,2,7,0,2,1,2,1,
202100054970,103 554,B01,1,7,0,2,2,1,1,
202100054970,103 555,A01,1,7,0,2,3,26,1,
202100054971,103 553,A01,2,7,2,0,7,14,1,
202100054972,103 551,B01,1,17,0,0,4,2,1,
202100054972,103 552,A01,1,7,0,2,1,2,1,
202100054973,103 550,A01,2,7,0,1,0,17,1,
202100054974,103 548,A01,3,7,0,2,2,15,1,
202100054974,103 549,B01,3,32,0,2,1,1,1,
202100054975,103 547,A01,1,7,0,1,3,1,1,
202100054976,103 545,B01,2,7,0,2,1,1,1,
202100054976,103 546,A01,1,10,0,2,1,13,1,
202100054977,103 544,A01,1,7,0,1,3,1,1,
202100054978,103 542,B01,1,7,0,2,3,17,1,
202100054978,103 543,A01,1,2,0,2,8,15,3,
202100054979,103 540,B01,1,2,0,2,2,17,1,
202100054979,103 541,A01,1,2,0,0,8,15,1,
202100054980,103 538,B01,2,7,0,2,1,1,3,