Num_Acc,id_vehicule,num_veh,senc,catv,obs,obsm,choc,manv,motor,occutc
202100054980,103 539,A01,1,2,0,2,1,11,1,
202100054981,103 537,A01,1,7,4,0,1,26,1,
202100054982,103 536,A01,1,7,4,9,1,16,1,
202100054983,103 534,A01,3,7,0,0,6,20,1,
202100054984,103 532,B01,2,7,0,2,1,2,1,
202100054984,103 533,A01,1,7,0,2,4,2,1,
202100054985,103 530,B01,2,33,7,2,8,1,1,
202100054985,103 531,A01,2,7,0,2,7,14,1,
202100054986,103 529,A01,2,7,13,0,2,14,1,
202100054987,103 527,B01,2,7,0,2,6,9,1,
202100054987,103 528,A01,2,15,0,2,2,1,1,
202100054988,103 523,D01,1,7,0,2,0,23,1,
202100054988,103 524,C01,1,7,0,2,0,23,1,
202100054988,103 525,B01,1,7,0,2,5,23,1,
202100054988,103 526,A01,1,7,0,2,1,11,1,
202100054989,103 520,C01,1,7,0,2,4,2,1,
202100054989,103 521,A01,1,7,0,2,1,2,1,
202100054989,103 522,B01,1,7,0,2,4,2,1,
202100054990,103 518,B01,2,7,0,2,0,26,1,
202100054990,103 519,A01,2,10,0,2,4,26,1,
202100054991,103 516,A01,2,14,0,2,1,2,1,
202100054991,103 517,B01,2,7,12,0,4,1,1,
202100054992,103 514,B01,2,7,0,2,4,1,1,
202100054992,103 515,A01,1,7,0,2,1,2,1,
202100054993,103 513,B01,1,7,1,0,2,2,1,
202100054994,103 511,B01,2,7,0,2,4,2,1,
202100054994,103 512,A01,2,10,0,2,1,2,1,
202100054995,103 509,A01,1,10,0,2,5,12,1,
202100054995,103 510,B01,1,33,0,2,5,3,1,
202100054996,103 508,A01,2,7,0,0,0,2,1,
202100054997,103 505,C01,1,10,0,2,4,2,1,
202100054997,103 506,B01,1,7,0,2,4,2,1,
202100054997,103 507,A01,1,10,0,2,1,2,1,
202100054998,103 502,C01,2,17,0,2,1,1,1,
202100054998,103 503,B01,2,7,0,2,3,1,1,
202100054998,103 504,A01,2,17,0,2,7,12,1,
202100054999,103 499,A01,2,7,0,2,7,12,1,
202100054999,103 500,B01,2,7,4,2,4,2,1,
202100054999,103 501,C01,2,7,0,2,1,2,1,
202100055000,103 498,A01,2,7,4,0,2,1,1,
202100055001,103 496,B01,1,7,0,2,2,1,1,
202100055001,103 497,A01,1,7,0,2,3,9,1,
202100055002,103 494,B01,1,7,0,2,4,2,1,
202100055002,103 495,A01,1,7,0,2,1,26,1,
202100055003,103 493,A01,2,17,16,0,1,26,1,
202100055004,103 492,A01,2,7,3,0,1,21,1,
202100055005,103 489,B01,2,7,0,2,3,2,1,
202100055005,103 490,C01,2,10,0,2,6,2,1,
202100055005,103 491,A01,1,32,0,2,1,3,1,
202100055006,103 488,A01,2,7,0,1,3,1,1,
202100055007,103 486,A01,1,32,0,2,1,1,1,
202100055007,103 487,B01,2,7,0,2,3,26,1,
202100055008,103 484,B01,2,37,0,9,5,1,1,1.0
202100055008,103 485,A01,1,1,0,2,1,15,5,
202100055009,103 482,A01,2,7,0,2,2,2,1,
202100055009,103 483,B01,2,7,0,2,4,12,2,
202100055010,103 480,B01,1,10,0,2,3,1,1,
202100055010,103 481,A01,1,32,0,2,1,1,1,
202100055011,103 476,B01,1,7,0,2,0,0,1,
202100055011,103 477,C01,2,7,0,2,0,0,1,
202100055011,103 478,D01,1,33,3,0,1,3,1,
202100055011,103 479,A01,2,7,0,2,0,0,1,
202100055012,103 475,A01,2,1,0,0,0,26,5,
202100055013,103 474,A01,1,7,0,1,2,1,1,
202100055014,103 473,A01,1,30,0,0,9,1,1,
202100055015,103 471,A01,2,7,0,9,2,9,1,
202100055015,103 472,B01,2,1,0,2,4,18,5,
202100055016,103 469,A01,1,17,0,2,1,2,1,
202100055016,103 470,B01,1,1,0,2,4,1,5,
202100055017,103 468,A01,2,7,0,1,1,2,2,
202100055018,103 466,B01,2,17,0,2,1,1,1,
202100055018,103 467,A01,1,7,0,2,9,5,1,
202100055019,103 465,A01,2,30,0,0,8,1,1,
202100055020,103 463,Z01,2,10,0,2,0,0,0,
202100055020,103 464,B01,3,1,0,2,4,2,0,
202100055021,103 461,A01,2,7,0,2,1,15,1,
202100055021,103 462,B01,1,7,0,2,1,2,1,
202100055022,103 459,B01,2,30,0,2,1,17,1,
202100055022,103 460,A01,2,7,0,2,3,15,1,
202100055023,103 458,Z01,2,7,0,1,0,1,0,
202100055024,103 456,A01,1,7,0,2,7,15,2,
202100055024,103 457,B01,2,14,0,2,1,1,1,
202100055025,103 454,B01,2,7,0,2,3,9,1,
202100055025,103 455,A01,2,7,0,2,1,17,1,
202100055026,103 452,B01,1,7,0,9,1,26,1,
202100055026,103 453,A01,3,99,12,2,1,26,1,
202100055027,103 451,A01,1,7,0,1,1,1,1,
202100055028,103 450,A01,1,7,0,1,3,15,1,
202100055029,103 448,A01,1,50,0,1,3,26,3,
202100055030,103 447,A01,1,7,0,1,1,1,1,
202100055031,103 445,C01,3,40,0,2,2,1,3,
202100055031,103 446,A01,3,7,0,4,1,18,1,
202100055032,103 443,A01,2,7,0,2,1,2,1,
202100055032,103 444,B01,2,7,0,2,4,2,1,
202100055033,103 442,A01,2,7,0,1,3,15,1,
202100055034,103 440,A01,2,7,0,2,3,9,1,
202100055034,103 441,B01,2,7,0,2,2,1,1,
202100055035,103 438,B01,3,1,0,2,1,0,5,
202100055035,103 439,A01,3,7,0,9,2,15,1,
202100055036,103 436,A01,1,10,0,2,1,1,1,
202100055036,103 437,B01,1,7,0,2,4,23,1,
202100055037,103 435,A01,1,7,0,1,1,1,1,
202100055038,103 434,A01,0,7,0,1,2,1,1,
202100055039,103 433,A01,2,10,0,1,3,15,1,
202100055040,103 431,A01,2,30,0,2,1,1,1,
202100055040,103 432,B01,2,7,0,2,8,1,1,
202100055041,103 429,B01,2,10,0,2,2,15,1,
202100055041,103 430,A01,1,7,0,2,1,1,1,
202100055042,103 427,A01,1,31,0,2,1,1,1,
202100055042,103 428,B01,1,30,0,2,4,1,1,
202100055043,103 426,A01,1,33,0,1,9,1,1,
202100055044,103 424,A01,0,7,0,2,1,26,1,
202100055044,103 425,B01,1,37,0,2,7,2,1,2.0
202100055045,103 422,A01,2,30,0,2,1,17,1,
202100055045,103 423,B01,1,7,0,2,3,15,1,
202100055046,103 419,B01,2,7,0,2,6,1,1,
202100055046,103 420,A01,1,7,0,2,4,1,1,
202100055046,103 421,C01,1,7,0,2,1,1,1,
202100055047,103 417,B01,1,7,0,2,4,23,1,
202100055047,103 418,A01,1,10,0,2,1,1,1,
202100055048,103 414,A01,1,7,0,1,2,15,1,
202100055049,103 413,A01,1,7,0,1,8,1,1,
202100055050,103 411,A01,1,7,0,2,1,15,1,
202100055050,103 412,B01,2,7,0,2,1,1,1,
202100055051,103 410,A01,1,30,0,0,0,26,1,
202100055052,103 407,C01,1,7,0,2,1,1,1,
202100055052,103 408,B01,1,10,0,2,1,1,1,
202100055052,103 409,A01,2,7,0,2,3,13,1,
202100055053,103 405,A01,1,2,0,2,1,1,1,
202100055053,103 406,B01,1,7,0,2,1,1,1,
202100055054,103 404,A01,0,7,0,1,1,1,1,
202100055055,103 402,A01,1,32,10,2,1,1,1,
202100055055,103 403,Z01,0,7,0,0,0,0,0,
202100055056,103 399,C01,1,7,0,2,1,0,1,
202100055056,103 400,B01,1,7,0,2,6,0,1,
202100055056,103 401,A01,1,7,0,2,1,9,1,
202100055057,103 398,A01,2,7,0,1,3,26,1,
202100055058,103 396,B01,2,2,0,2,7,1,1,
202100055058,103 397,Z01,3,7,0,2,0,0,1,
202100055059,103 394,A01,1,30,0,2,1,1,1,
202100055059,103 395,B01,1,1,0,2,1,19,5,
202100055060,103 392,A01,1,7,0,2,1,26,1,
202100055060,103 393,B01,1,7,0,2,0,0,1,
202100055061,103 390,B01,1,7,0,9,8,1,1,
202100055061,103 391,A01,1,80,0,2,3,17,3,
202100055062,103 388,B01,2,14,0,2,8,1,1,
202100055062,103 389,A01,1,7,0,2,3,1,1,
202100055063,103 386,A01,1,13,0,2,5,1,1,
202100055063,103 387,B01,1,1,0,2,1,2,6,
202100055064,103 385,A01,2,7,0,1,1,26,1,
202100055065,103 383,B01,1,10,0,2,5,1,1,
202100055065,103 384,A01,1,32,0,2,1,1,1,
202100055066,103 380,C01,3,60,0,2,8,19,5,
202100055066,103 381,B01,3,1,0,2,8,19,5,
202100055066,103 382,A01,3,7,0,2,3,1,2,
202100055067,103 379,A01,1,7,0,1,6,1,1,
202100055068,103 377,A01,2,7,8,2,1,1,1,
202100055068,103 378,B01,1,7,8,2,1,1,1,
202100055069,103 375,A01,3,7,0,2,2,16,1,
202100055069,103 376,B01,3,60,0,2,8,19,5,
202100055070,103 373,B01,1,1,0,2,1,1,5,
202100055070,103 374,A01,1,10,0,2,8,22,1,
202100055071,103 372,A01,2,7,0,1,3,1,1,
202100055072,103 370,B01,1,30,0,2,7,10,1,
202100055072,103 371,Z01,2,7,0,2,1,1,1,
202100055073,103 369,A01,2,10,0,1,2,1,1,
202100055074,103 367,A01,1,7,0,2,1,1,1,
202100055074,103 368,B01,1,7,0,2,4,1,1,
202100055075,103 366,FA01,1,7,0,1,1,2,1,
202100055076,103 365,A01,2,7,0,1,1,16,1,
202100055077,103 364,A01,2,37,0,1,2,1,1,1.0
202100055078,103 362,B01,3,2,0,2,0,1,1,
202100055078,103 363,A01,3,7,0,0,0,15,2,
202100055079,103 360,B01,3,7,0,2,2,26,2,
202100055079,103 361,A01,3,7,0,2,3,26,2,
202100055080,103 358,A01,1,7,0,2,3,20,1,
202100055080,103 359,B01,1,2,0,2,1,1,1,
202100055081,103 356,A01,1,7,0,9,8,15,1,
202100055081,103 357,B01,2,50,0,2,2,18,3,
202100055082,103 355,A01,2,20,0,1,1,1,1,
202100055083,103 354,A01,1,7,0,1,2,1,1,
202100055084,103 352,B01,0,7,0,0,1,1,1,
202100055084,103 353,A01,0,7,14,1,1,1,1,
202100055085,103 350,A01,1,30,0,2,3,9,1,
202100055085,103 351,B01,1,33,0,2,1,1,1,
202100055086,103 349,A01,-1,7,12,0,1,9,1,
202100055087,103 347,A01,3,30,0,2,1,2,0,
202100055087,103 348,B01,3,7,0,0,6,2,0,
202100055088,103 345,B01,1,7,0,2,1,2,1,
202100055088,103 346,A01,2,7,8,0,4,2,1,
202100055089,103 344,A01,1,7,0,1,2,1,1,
202100055090,103 342,A01,1,37,0,2,4,4,1,1.0
202100055090,103 343,B01,1,7,0,2,1,2,1,
202100055091,103 340,A01,0,7,0,2,2,15,2,
202100055091,103 341,B01,0,60,0,2,1,19,5,
202100055092,103 338,B01,1,1,0,2,1,2,5,
202100055092,103 339,A01,1,10,0,2,1,9,1,
202100055093,103 337,A01,2,20,0,1,6,26,1,
202100055094,103 334,D01,1,7,4,9,9,2,1,
202100055094,103 335,C01,1,7,0,2,1,2,1,
202100055094,103 336,A01,1,17,0,0,0,2,1,
202100055095,103 333,A01,1,7,8,0,1,14,1,
202100055096,103 331,A01,1,7,0,2,1,19,1,
202100055096,103 332,B01,2,7,0,2,1,2,1,
202100055097,103 329,A01,1,10,0,2,2,2,1,
202100055097,103 330,B01,1,1,0,2,4,2,5,
202100055098,103 327,B01,2,7,0,2,1,1,1,
202100055098,103 328,A01,3,38,0,2,7,19,1,1.0
202100055099,103 326,A01,2,7,0,1,6,26,3,
202100055100,103 324,B01,2,7,0,2,3,19,1,
202100055100,103 325,A01,2,7,0,2,1,1,1,
202100055101,103 322,A01,3,7,0,2,2,15,1,
202100055101,103 323,B01,1,2,0,2,7,1,1,
202100055102,103 320,A01,1,17,0,2,3,13,1,
202100055102,103 321,B01,2,7,0,2,3,1,1,
202100055103,103 319,A01,2,7,0,1,2,1,1,
202100055104,103 316,A01,1,7,3,2,2,1,1,
202100055104,103 317,B01,1,7,0,2,6,1,2,
202100055104,103 318,C01,2,15,0,2,2,1,1,
202100055105,103 314,A01,1,7,0,2,1,1,1,
202100055105,103 315,B01,2,7,0,2,8,5,1,
202100055106,103 312,A01,0,7,0,2,1,13,1,
202100055106,103 313,B01,0,7,0,2,6,1,1,
202100055107,103 310,A01,2,31,0,2,8,1,1,
202100055107,103 311,B01,1,10,0,2,3,1,1,
202100055108,103 309,A01,1,1,0,0,0,0,5,
202100055109,103 307,A01,2,7,0,2,3,15,1,
202100055109,103 308,B01,1,7,0,2,1,16,1,
202100055110,103 305,A01,3,7,0,2,2,1,1,
202100055110,103 306,B01,3,1,0,2,5,1,5,
202100055111,103 303,B01,1,7,0,2,1,1,1,
202100055111,103 304,A01,3,7,0,2,7,19,1,
202100055112,103 301,B01,1,7,0,2,2,1,1,
202100055112,103 302,A01,2,15,0,2,3,13,1,
202100055113,103 299,A01,2,10,0,2,1,2,1,
202100055113,103 300,B01,2,16,0,0,4,2,1,
202100055114,103 298,A01,3,2,1,0,8,1,1,
202100055115,103 297,A01,2,10,13,0,3,13,1,
202100055116,103 293,B01,1,17,0,2,6,1,1,
202100055116,103 294,A01,1,7,0,2,2,2,1,
202100055117,103 290,C01,1,14,0,2,1,1,1,
202100055117,103 291,B01,2,7,0,0,6,1,1,
202100055117,103 292,A01,2,10,0,2,1,17,1,
202100055118,103 289,A01,3,7,0,1,3,15,1,
202100055119,103 287,A01,1,7,0,2,0,1,1,
202100055119,103 288,B01,2,7,0,2,3,1,1,
202100055120,103 285,A01,1,10,0,2,2,1,1,
202100055120,103 286,B01,1,50,0,2,3,1,3,
202100055121,103 283,B01,3,7,0,0,8,19,1,
202100055121,103 284,A01,3,2,0,2,1,19,3,
202100055122,103 282,A01,2,10,0,1,1,1,1,
202100055123,103 280,A01,1,31,0,2,1,5,1,
202100055123,103 281,B01,2,7,0,2,3,1,1,
202100055124,103 278,B01,1,7,0,2,3,1,1,
202100055124,103 279,A01,2,7,0,2,1,1,1,
202100055125,103 277,A01,2,7,14,0,1,1,1,
202100055126,103 276,A01,3,7,0,1,3,16,1,
202100055127,103 274,B01,2,7,0,2,3,1,1,
202100055127,103 275,A01,1,10,0,2,8,17,1,
202100055128,103 273,A01,1,7,6,0,7,1,1,
202100055129,103 271,A01,3,7,0,2,1,1,1,
202100055129,103 272,B01,3,10,0,2,8,23,1,
202100055130,103 270,A01,2,7,0,1,2,1,1,
202100055131,103 268,B01,1,7,0,2,1,1,1,
202100055131,103 269,A01,3,7,0,2,8,19,1,
202100055132,103 267,A01,1,7,6,0,2,1,1,
202100055133,103 266,A01,2,7,6,0,3,1,1,
202100055134,103 264,B01,3,7,0,2,1,1,1,
202100055134,103 265,A01,1,7,6,2,7,1,1,
202100055135,103 262,B01,1,7,0,2,1,9,1,
202100055135,103 263,A01,1,7,0,2,4,1,1,
202100055136,103 258,C01,2,7,0,2,4,2,1,
202100055136,103 259,B01,2,15,0,2,4,2,1,
202100055136,103 260,A01,2,15,0,2,1,2,1,
202100055136,103 261,D01,2,10,0,2,4,2,1,
202100055137,103 257,A01,1,33,4,0,8,1,1,
202100055138,103 255,B01,2,7,0,2,5,1,1,
202100055138,103 256,A01,2,7,0,2,3,1,1,
202100055139,103 253,B01,2,32,1,2,3,3,1,
202100055139,103 254,A01,2,7,0,2,7,12,1,
202100055140,103 251,A01,2,7,0,2,1,1,1,
202100055140,103 252,B01,2,7,0,2,4,23,1,
202100055141,103 250,A01,1,7,4,0,2,14,1,
202100055142,103 248,B01,2,7,0,2,1,0,1,
202100055142,103 249,A01,2,7,0,2,1,1,1,
202100055143,103 247,A01,1,7,0,0,9,16,1,
202100055144,103 245,A01,1,34,0,2,3,3,1,
202100055144,103 246,Z01,1,14,0,0,0,0,1,
202100055145,103 242,B01,2,10,0,2,1,2,1,
202100055145,103 243,A01,2,33,0,2,1,2,1,
202100055145,103 244,C01,2,7,0,2,4,2,1,
202100055146,103 241,A01,1,7,0,1,7,2,1,
202100055147,103 239,B01,2,7,0,2,3,15,1,
202100055147,103 240,A01,2,2,0,2,1,1,1,
202100055148,103 238,A01,0,7,0,1,3,1,1,
202100055149,103 236,A01,3,7,0,2,4,5,0,
202100055149,103 237,B01,3,7,0,2,3,1,0,
202100055150,103 234,B01,1,7,0,2,6,1,1,
202100055150,103 235,A01,2,7,0,2,2,9,1,
202100055151,103 233,A01,1,7,14,0,1,14,1,
202100055152,103 232,A01,3,10,9,2,1,14,1,
202100055153,103 231,A01,1,32,0,0,3,15,1,
202100055154,103 229,A01,3,7,0,2,3,9,1,
202100055154,103 230,B01,1,7,0,2,7,1,1,
202100055155,103 228,A01,1,7,0,1,2,1,1,
202100055156,103 226,B01,1,7,0,2,1,1,1,
202100055156,103 227,A01,1,33,0,2,4,1,1,
202100055157,103 224,B01,3,7,0,2,1,1,1,
202100055157,103 225,A01,3,7,0,2,7,13,1,
202100055158,103 223,A01,2,7,0,1,1,1,1,
202100055159,103 221,B01,3,7,0,2,3,1,1,
202100055159,103 222,A01,3,7,1,2,1,19,1,
202100055160,103 217,D01,1,7,0,2,3,0,1,
202100055160,103 218,C01,2,7,0,2,5,2,1,
202100055160,103 219,B01,2,33,0,2,4,2,1,
202100055160,103 220,A01,2,33,0,9,1,2,1,
202100055161,103 215,A01,0,7,0,2,1,1,1,
202100055161,103 216,B01,0,7,0,2,7,15,1,
202100055162,103 214,A01,0,7,0,1,1,16,1,
202100055163,103 211,C01,0,7,0,2,4,1,1,
202100055163,103 212,B01,0,7,0,2,1,1,1,
202100055163,103 213,A01,0,7,0,2,1,1,1,
202100055164,103 210,A01,0,7,15,0,1,1,1,
202100055165,103 208,B01,3,1,0,2,7,1,0,
202100055165,103 209,A01,1,10,0,2,1,9,1,
202100055166,103 207,A01,3,7,2,0,1,13,1,
202100055167,103 204,A01,3,7,0,2,7,1,1,
202100055167,103 205,C01,3,7,0,2,1,1,1,
202100055167,103 206,B01,3,7,0,2,1,1,1,
202100055168,103 203,A01,1,7,0,1,2,15,1,
202100055169,103 202,A01,1,7,0,1,1,9,3,
202100055170,103 200,B01,1,7,0,2,2,1,1,
202100055170,103 201,A01,3,10,0,2,1,15,1,
202100055171,103 198,B01,3,30,0,2,1,1,1,
202100055171,103 199,A01,3,7,0,2,5,15,1,
202100055172,103 196,B01,2,1,0,2,1,1,0,
202100055172,103 197,A01,3,7,0,9,3,16,1,
202100055173,103 194,A01,2,7,0,2,2,15,1,
202100055173,103 195,B01,1,7,0,2,3,1,1,
202100055174,103 192,B01,2,2,0,2,1,1,1,
202100055174,103 193,A01,1,7,0,2,1,13,1,
202100055175,103 190,A01,2,7,0,2,2,19,1,
202100055175,103 191,B01,1,7,0,2,3,2,1,
202100055176,103 189,A01,1,50,0,0,0,1,3,
202100055177,103 188,A01,1,1,0,0,0,1,5,
202100055178,103 187,A01,1,7,0,1,1,1,1,
202100055179,103 184,A01,2,15,0,2,6,1,1,
202100055179,103 185,B01,2,7,0,2,2,1,1,
202100055179,103 186,C01,2,7,0,2,3,1,1,
202100055180,103 183,A01,1,7,0,1,1,1,1,
202100055181,103 182,A01,1,7,0,1,1,1,1,
202100055182,103 181,A01,1,7,14,0,1,1,1,
202100055183,103 179,B01,2,7,0,1,1,1,1,
202100055183,103 180,A01,1,7,0,1,3,2,1,
202100055184,103 177,B01,3,30,0,2,4,2,1,
202100055184,103 178,A01,3,10,0,2,1,2,1,
202100055185,103 175,B01,2,7,0,2,4,2,1,
202100055185,103 176,A01,2,7,0,2,1,2,1,
202100055186,103 173,A01,2,7,0,2,1,15,1,
202100055186,103 174,B01,1,80,0,2,8,1,3,
202100055187,103 171,A01,2,15,0,2,3,16,1,
202100055187,103 172,B01,1,32,0,2,1,16,1,
202100055188,103 167,B01,2,7,0,2,1,1,3,
202100055188,103 168,A01,1,7,0,2,9,14,1,
202100055188,103 169,C01,1,7,0,2,6,1,1,
202100055188,103 170,Z01,1,7,0,2,0,0,0,
202100055189,103 166,A01,0,3,0,1,2,1,1,
202100055190,103 164,A01,0,30,0,2,1,17,1,
202100055190,103 165,B01,0,7,0,2,3,15,1,
202100055191,103 163,A01,2,10,0,1,0,1,1,
202100055192,103 161,B01,1,43,0,2,1,1,1,
202100055192,103 162,A01,1,7,0,2,1,9,1,
202100055193,103 159,A01,1,7,0,2,8,15,1,
202100055193,103 160,B01,1,2,0,2,1,17,1,
202100055194,103 158,A01,0,7,0,1,1,1,1,
202100055195,103 156,A01,1,7,0,2,3,16,1,
202100055195,103 157,B01,1,7,0,2,5,1,1,
202100055196,103 154,A01,3,10,0,2,1,1,1,
202100055196,103 155,B01,3,7,0,2,1,1,1,
202100055197,103 152,B01,1,7,0,2,4,2,1,
202100055197,103 153,A01,1,7,0,2,1,2,1,
202100055198,103 150,A01,3,7,0,2,1,2,1,
202100055198,103 151,B01,3,10,0,2,4,23,0,
202100055199,103 149,A01,1,7,4,0,1,13,1,
202100055200,103 147,B01,2,7,0,2,1,1,1,
202100055200,103 148,A01,1,7,0,2,7,26,1,
202100055201,103 145,B01,0,7,0,2,2,1,1,
202100055201,103 146,A01,0,7,0,2,1,1,1,
202100055202,103 143,B01,2,10,0,2,2,17,1,
202100055202,103 144,A01,2,7,0,2,8,15,1,
202100055203,103 141,B01,1,7,0,2,1,1,1,
202100055203,103 142,A01,1,1,0,2,1,11,5,
202100055204,103 139,B01,2,7,0,2,1,7,2,
202100055204,103 140,A01,2,2,0,2,8,15,1,
202100055205,103 138,A01,1,31,0,0,8,1,1,
202100055206,103 136,B01,2,1,0,2,1,1,5,
202100055206,103 137,A01,1,30,0,2,8,5,1,
202100055207,103 134,B01,2,7,0,2,3,9,2,
202100055207,103 135,A01,2,30,0,2,1,1,3,
202100055208,103 132,B01,1,10,0,2,1,1,1,
202100055208,103 133,A01,1,7,0,2,4,1,1,
202100055209,103 130,A01,1,10,0,2,7,12,1,
202100055209,103 131,B01,1,43,0,2,8,7,1,
202100055210,103 128,A01,3,7,0,2,2,15,1,
202100055210,103 129,B01,3,33,0,2,2,1,1,
202100055211,103 127,A01,2,37,0,0,0,1,1,2.0
202100055212,103 125,A01,2,7,0,2,1,15,1,
202100055212,103 126,B01,2,1,0,2,8,1,5,
202100055213,103 124,A01,2,7,0,1,3,1,1,
202100055214,103 123,A01,1,32,0,1,3,1,1,
202100055215,103 121,Z01,1,7,0,2,0,15,1,
202100055215,103 122,B01,2,1,0,2,0,1,5,
202100055216,103 119,B01,3,43,0,2,1,1,1,
202100055216,103 120,A01,3,30,0,2,8,9,1,
202100055217,103 118,A01,3,10,0,1,4,4,1,
202100055218,103 117,A01,2,37,0,1,1,15,3,1.0
202100055219,103 115,A01,1,34,0,2,1,13,1,
202100055219,103 116,B01,1,7,0,2,6,15,1,
202100055220,103 114,A01,1,7,0,1,1,1,1,
202100055221,103 112,B01,2,1,0,0,0,15,5,
202100055221,103 113,A01,2,34,0,2,3,17,1,
202100055222,103 111,A01,2,7,12,0,2,1,1,
202100055223,103 109,A01,1,80,1,2,7,1,3,
202100055223,103 110,Z01,1,7,0,2,8,24,3,
202100055224,103 107,B01,1,2,0,2,2,17,1,
202100055224,103 108,A01,1,7,0,2,6,17,1,
202100055225,103 106,Z01,1,7,0,1,1,1,0,
202100055226,103 105,A01,2,7,8,0,1,13,1,
202100055227,103 103,B01,0,7,1,0,7,1,1,
202100055227,103 104,A01,0,7,1,0,1,9,1,
202100055228,103 101,B01,2,32,0,2,4,1,1,
202100055228,103 102,A01,2,7,0,2,1,1,1,
202100055229,103 099,B01,2,2,0,2,1,2,1,
202100055229,103 100,A01,1,7,1,0,3,26,1,
202100055230,103 097,A01,2,7,0,2,8,13,1,
202100055230,103 098,B01,2,37,0,2,2,1,1,1.0
202100055231,103 096,A01,2,30,0,1,1,21,1,
202100055232,103 093,A01,1,10,0,2,1,1,1,
202100055232,103 094,B01,1,7,0,2,4,23,1,
202100055232,103 095,C01,1,7,0,2,4,23,1,
202100055233,103 091,B01,2,7,0,2,8,15,1,
202100055233,103 092,A01,2,32,0,2,2,17,1,
202100055234,103 090,A01,1,32,0,1,1,1,1,
202100055235,103 089,A01,1,10,0,1,8,1,1,
202100055236,103 087,A01,1,7,0,2,3,15,1,
202100055236,103 088,B01,2,7,0,2,1,1,1,
202100055237,103 086,A01,1,7,0,1,3,15,1,
202100055238,103 085,A01,1,7,13,0,1,1,1,
202100055239,103 083,B01,2,7,0,2,3,1,1,
202100055239,103 084,A01,1,1,0,2,1,19,5,
202100055240,103 081,A01,3,7,0,2,1,1,1,
202100055240,103 082,B01,3,1,0,0,1,1,5,
202100055241,103 080,A01,2,7,2,0,2,1,0,
202100055242,103 078,B01,0,2,0,2,1,1,1,
202100055242,103 079,A01,3,7,0,2,6,9,1,
202100055243,103 077,A01,0,15,0,0,0,1,1,
202100055244,103 073,A01,1,7,0,2,1,1,1,
202100055244,103 074,B01,1,10,0,2,4,1,1,
202100055244,103 075,C01,1,10,0,0,6,1,1,
202100055245,103 072,A01,1,7,2,0,0,1,1,
202100055246,103 071,A01,1,7,0,1,1,1,1,
202100055247,103 070,A01,1,7,13,0,2,1,1,
202100055248,103 069,A01,0,7,0,1,2,1,0,
202100055249,103 065,D01,1,10,0,2,1,2,1,
202100055249,103 066,C01,1,7,0,2,4,2,1,
202100055249,103 067,B01,1,7,0,2,4,0,1,
202100055249,103 068,A01,1,7,0,0,4,1,1,
202100055250,103 064,A01,2,15,3,0,3,13,1,
202100055251,103 062,B01,2,7,6,0,8,15,3,
202100055251,103 063,A01,2,7,0,2,2,13,1,
202100055252,103 061,A01,1,7,0,1,3,0,1,
202100055253,103 059,B01,2,7,0,2,3,1,1,
202100055253,103 060,A01,1,7,0,2,3,17,1,
202100055254,103 057,A01,1,2,0,2,1,15,1,
202100055254,103 058,B01,2,7,0,2,3,1,1,
202100055255,103 056,A01,3,32,0,0,0,1,1,
202100055256,103 054,B01,1,7,0,2,1,1,1,
202100055256,103 055,A01,2,7,0,2,1,1,1,
202100055257,103 052,A01,2,7,0,2,1,0,1,
202100055257,103 053,B01,1,7,0,2,1,1,1,
202100055258,103 051,A01,2,7,0,1,1,1,1,
202100055259,103 049,B01,1,99,0,0,4,0,1,
202100055259,103 050,A01,1,10,0,0,1,17,1,
202100055260,103 047,A01,1,7,0,6,1,1,1,
202100055261,103 045,B01,1,7,0,2,5,0,1,
202100055261,103 046,A01,2,7,0,2,1,0,1,
202100055262,103 043,B01,3,7,7,0,7,1,1,
202100055262,103 044,A01,3,7,0,2,1,1,1,
202100055263,103 041,B01,1,7,0,2,1,26,1,
202100055263,103 042,A01,1,7,0,2,4,26,1,
202100055264,103 039,B01,2,7,4,0,4,2,2,
202100055264,103 040,A01,2,15,0,2,1,2,1,
202100055265,103 037,A01,2,10,0,2,7,12,1,
202100055265,103 038,B01,2,33,0,2,1,3,1,
202100055266,103 034,B01,2,33,0,2,1,1,1,
202100055266,103 035,A01,2,7,0,2,1,1,1,
202100055266,103 036,C01,2,7,0,2,4,1,1,
202100055267,103 029,F01,2,10,0,2,4,2,1,
202100055267,103 030,E01,2,7,0,2,1,2,1,
202100055267,103 031,C01,2,7,0,2,1,2,1,
202100055267,103 032,B01,2,7,0,2,1,2,1,
202100055267,103 033,A01,2,7,0,2,1,2,1,
202100055268,103 027,A01,3,32,0,2,1,19,1,
202100055268,103 028,B01,3,10,0,2,7,19,1,
202100055269,103 025,A01,3,7,0,2,2,15,1,
202100055269,103 026,B01,3,2,0,2,1,2,1,
202100055270,103 023,A01,1,1,0,2,7,19,0,
202100055270,103 024,B01,1,7,0,2,1,1,1,
202100055271,103 021,B01,2,7,0,2,2,9,1,
202100055271,103 022,A01,2,32,0,2,2,26,1,
202100055272,103 020,A01,2,7,0,1,1,1,1,
202100055273,103 019,A01,1,7,0,1,7,1,1,
202100055274,103 018,A01,1,13,0,1,1,1,1,
202100055275,103 017,A01,1,32,1,0,1,13,1,
202100055276,103 016,A01,3,7,0,2,2,17,1,
202100055277,103 013,A01,3,7,0,2,3,15,1,