Num_Acc,id_vehicule,num_veh,senc,catv,obs,obsm,choc,manv,motor,occutc
202100055277,103 014,B01,3,1,0,2,8,16,5,
202100055278,103 012,A01,1,7,0,1,1,1,1,
202100055279,103 010,B01,2,7,0,2,4,2,2,
202100055279,103 011,A01,2,7,0,2,1,2,1,
202100055280,103 008,B01,3,30,0,2,0,0,1,
202100055280,103 009,A01,1,37,0,2,1,15,1,1.0
202100055281,103 005,A01,1,33,0,2,1,2,1,
202100055281,103 006,B01,1,7,0,2,4,2,1,
202100055281,103 007,C01,1,7,0,2,4,2,1,
202100055282,103 003,A01,3,7,0,2,5,15,0,
202100055282,103 004,B01,0,2,0,2,1,1,1,
202100055283,103 001,B01,0,2,0,2,6,1,1,
202100055283,103 002,A01,0,7,0,2,8,10,1,
202100055284,103 000,A01,1,7,0,1,2,26,1,
202100055285,102 998,A01,1,7,0,2,8,10,1,
202100055285,102 999,B01,1,7,0,2,1,2,1,
202100055286,102 997,A01,1,7,0,1,1,1,1,
202100055287,102 996,A01,3,7,0,1,1,1,1,
202100055288,102 994,B01,2,7,0,2,4,0,1,
202100055288,102 995,A01,2,37,0,2,1,1,1,1.0
202100055289,102 992,B01,1,7,0,2,1,1,1,
202100055289,102 993,A01,2,7,0,2,7,1,1,
202100055290,102 990,B01,1,7,1,0,4,2,1,
202100055290,102 991,A01,1,7,0,2,1,26,1,
202100055291,102 988,B01,1,32,0,2,1,1,1,
202100055291,102 989,A01,2,10,0,2,2,19,1,
202100055292,102 987,A01,3,7,0,1,1,16,1,
202100055293,102 985,Z01,2,7,0,2,2,17,1,
202100055293,102 986,B01,2,7,0,2,6,23,1,
202100055294,102 983,B01,1,2,0,2,1,1,1,
202100055294,102 984,A01,2,7,0,2,3,15,1,
202100055295,102 981,B01,3,32,0,2,5,23,1,
202100055295,102 982,A01,3,13,0,2,1,1,0,
202100055296,102 980,A01,3,20,0,1,3,10,1,
202100055297,102 978,A01,3,7,0,2,1,1,1,
202100055297,102 979,B01,3,7,0,2,1,0,1,
202100055298,102 977,A01,2,7,0,1,3,1,1,
202100055299,102 976,A01,1,7,0,1,2,1,1,
202100055300,102 975,A01,1,7,0,1,8,1,1,
202100055301,102 974,A01,3,7,0,1,1,16,1,
202100055302,102 973,A01,1,7,0,1,1,1,1,
202100055303,102 972,A01,2,7,0,1,1,1,1,
202100055304,102 971,A01,3,7,0,1,2,15,1,
202100055305,102 968,B01,1,7,0,2,4,23,1,
202100055305,102 969,A01,1,10,0,2,1,1,1,
202100055305,102 970,C01,1,7,0,0,4,23,1,
202100055306,102 967,A01,1,7,0,1,1,15,1,
202100055307,102 966,A01,1,3,0,1,1,1,1,
202100055308,102 965,A01,2,3,6,0,1,9,1,
202100055309,102 964,A01,1,7,13,0,6,1,1,
202100055310,102 963,A01,1,7,8,0,1,1,1,
202100055311,102 961,B01,3,7,0,2,1,1,1,
202100055311,102 962,A01,3,7,0,2,3,15,1,
202100055312,102 959,B01,3,1,0,2,0,1,5,
202100055312,102 960,A01,3,7,0,2,1,17,1,
202100055313,102 957,B01,1,7,0,2,2,19,1,
202100055313,102 958,A01,1,99,0,2,3,19,1,
202100055314,102 955,A01,2,7,0,2,7,1,1,
202100055314,102 956,B01,3,7,0,2,3,0,1,
202100055315,102 954,A01,1,60,0,2,1,1,5,
202100055316,102 953,A01,3,30,0,0,8,15,3,
202100055317,102 952,A01,1,7,0,1,1,1,1,
202100055318,102 950,B01,2,7,0,2,2,1,1,
202100055318,102 951,A01,2,30,0,2,1,18,1,
202100055319,102 948,B01,3,30,0,2,1,1,1,
202100055319,102 949,A01,3,7,0,2,3,15,1,
202100055320,102 946,B01,2,7,0,2,4,2,1,
202100055320,102 947,A01,2,7,0,2,1,2,1,
202100055321,102 944,B01,2,1,0,2,1,1,0,
202100055321,102 945,A01,2,7,0,2,5,16,2,
202100055322,102 942,Z01,3,7,1,1,1,1,1,
202100055322,102 943,B01,3,13,0,0,7,24,0,
202100055323,102 940,B01,3,37,0,2,3,1,0,3.0
202100055323,102 941,A01,3,7,0,2,7,16,1,
202100055324,102 939,A01,3,7,0,1,2,1,1,
202100055325,102 937,A01,1,7,0,2,2,15,1,
202100055325,102 938,B01,2,32,0,2,1,1,1,
202100055326,102 935,A01,2,33,0,2,7,17,1,
202100055326,102 936,B01,0,7,0,2,8,1,1,
202100055327,102 933,B01,1,7,0,2,1,1,1,
202100055327,102 934,A01,2,7,0,2,6,9,1,
202100055328,102 932,A01,3,7,0,1,2,16,6,
202100055329,102 931,A01,3,7,0,1,2,15,1,
202100055330,102 929,B01,2,1,0,2,3,1,5,
202100055330,102 930,A01,2,7,0,2,2,21,1,
202100055331,102 928,A01,1,7,0,1,1,1,1,
202100055332,102 926,A01,1,7,0,2,4,23,1,
202100055332,102 927,B01,1,7,0,2,2,26,1,
202100055333,102 924,B01,0,1,0,0,0,0,5,
202100055333,102 925,A01,0,7,0,2,4,4,1,
202100055334,102 923,A01,1,7,0,0,0,1,1,
202100055335,102 922,A01,1,7,0,1,1,1,1,
202100055336,102 920,A01,1,30,0,2,1,17,1,
202100055336,102 921,B01,1,7,0,2,3,15,1,
202100055337,102 919,A01,3,32,0,1,0,1,1,
202100055338,102 916,C01,1,7,0,2,1,1,1,
202100055338,102 917,B01,2,7,0,2,8,1,1,
202100055338,102 918,A01,1,10,0,2,1,15,1,
202100055339,102 914,A01,2,7,0,2,1,15,1,
202100055339,102 915,B01,1,2,1,2,1,1,1,
202100055340,102 912,A01,3,30,8,2,8,1,1,
202100055340,102 913,B01,0,7,0,2,2,1,1,
202100055341,102 911,A01,3,33,12,0,1,1,1,
202100055342,102 910,A01,2,7,0,1,1,15,1,
202100055343,102 909,A01,1,7,0,1,3,15,1,
202100055344,102 908,Z01,1,7,0,1,1,1,0,
202100055345,102 906,A01,2,10,0,2,8,11,1,
202100055345,102 907,B01,2,31,0,2,2,3,1,
202100055346,102 905,A01,2,32,4,2,8,13,1,
202100055347,102 904,A01,2,7,0,1,2,1,1,
202100055348,102 902,A01,1,7,0,2,7,1,1,
202100055348,102 903,B01,1,34,0,2,8,17,1,
202100055349,102 901,A01,1,43,12,0,1,13,1,
202100055350,102 900,A01,2,33,0,1,1,17,1,
202100055351,102 898,B01,3,7,0,2,4,23,1,
202100055351,102 899,A01,3,14,0,2,1,1,1,
202100055352,102 896,A01,1,7,0,2,6,4,1,
202100055352,102 897,B01,1,2,0,2,1,17,1,
202100055353,102 894,B01,1,10,1,2,6,1,1,
202100055353,102 895,A01,2,7,0,2,1,1,1,
202100055354,102 892,B01,2,50,0,2,3,1,3,
202100055354,102 893,A01,2,7,0,2,8,15,1,
202100055355,102 890,Z01,2,10,0,2,1,1,0,
202100055355,102 891,A01,2,30,0,2,0,1,1,
202100055356,102 888,B01,1,10,0,2,6,15,1,
202100055356,102 889,A01,1,30,0,2,2,17,1,
202100055357,102 887,A01,2,7,0,1,1,1,1,
202100055358,102 885,A01,1,10,0,2,2,15,1,
202100055358,102 886,B01,2,30,0,2,3,1,1,
202100055359,102 884,A01,1,7,0,1,2,1,1,
202100055360,102 883,A01,2,7,0,1,3,15,2,
202100055361,102 882,A01,1,10,0,1,1,9,1,
202100055362,102 880,A01,2,7,0,2,4,4,1,
202100055362,102 881,B01,2,10,0,2,7,21,1,
202100055363,102 879,A01,1,1,0,0,0,1,5,
202100055364,102 875,A01,2,10,0,2,1,9,3,
202100055364,102 876,B01,2,7,0,2,5,1,3,
202100055364,102 877,C01,2,7,0,2,5,2,1,
202100055364,102 878,D01,2,7,0,2,2,2,1,
202100055365,102 874,A01,1,10,1,1,2,1,1,
202100055366,102 873,A01,2,7,0,1,8,15,1,
202100055367,102 871,B01,2,7,0,2,1,2,1,
202100055367,102 872,FA01,2,1,0,2,8,19,5,
202100055368,102 870,A01,1,33,0,1,1,1,1,
202100055369,102 867,C01,1,7,0,2,3,15,1,
202100055369,102 868,A01,1,7,0,2,1,1,1,
202100055369,102 869,B01,1,7,0,2,4,1,1,
202100055370,102 866,A01,1,7,0,1,3,15,1,
202100055371,102 864,B01,1,7,0,2,1,15,1,
202100055371,102 865,A01,1,7,0,2,8,1,1,
202100055372,102 862,A01,3,7,0,2,1,26,1,
202100055372,102 863,B01,3,99,0,0,0,25,0,
202100055373,102 861,A01,3,7,12,0,9,2,0,
202100055374,102 860,A01,1,7,0,1,3,15,1,
202100055375,102 859,A01,1,30,0,0,8,1,1,
202100055376,102 858,A01,0,7,0,1,1,15,1,
202100055377,102 857,A01,1,30,0,1,2,1,1,
202100055378,102 856,A01,2,10,0,1,4,4,1,
202100055379,102 854,B01,2,7,0,2,4,0,1,
202100055379,102 855,A01,2,7,0,2,1,0,1,
202100055380,102 853,Z01,1,7,0,1,1,16,0,
202100055381,102 851,B01,1,7,0,2,6,1,2,
202100055381,102 852,A01,1,30,0,2,6,12,3,
202100055382,102 849,B01,2,7,0,2,1,1,1,
202100055382,102 850,A01,2,30,0,2,4,18,1,
202100055383,102 848,A01,1,32,0,0,0,0,1,
202100055384,102 846,A01,1,7,0,0,9,14,1,
202100055385,102 845,A01,1,7,0,1,2,1,1,
202100055386,102 844,A01,1,7,2,0,1,1,1,
202100055387,102 843,A01,0,7,6,0,3,1,1,
202100055388,102 841,A01,2,7,0,2,3,19,1,
202100055388,102 842,B01,2,7,0,2,2,1,1,
202100055389,102 839,B01,2,2,0,2,3,1,1,
202100055389,102 840,A01,1,2,0,2,3,13,1,
202100055390,102 837,B01,2,33,0,2,1,17,1,
202100055390,102 838,A01,3,10,0,2,3,19,1,
202100055391,102 836,A01,1,7,0,1,4,4,1,
202100055392,102 834,B01,1,7,0,2,1,1,1,
202100055392,102 835,A01,2,7,0,2,1,13,1,
202100055393,102 832,B01,1,2,0,2,8,1,1,
202100055393,102 833,A01,2,7,0,2,1,1,1,
202100055394,102 831,A01,1,7,0,1,2,1,1,
202100055395,102 830,A01,2,10,0,1,4,4,1,
202100055396,102 827,A01,2,15,0,0,4,1,1,
202100055396,102 828,B01,2,7,0,2,1,1,1,
202100055396,102 829,C01,2,7,0,2,1,1,1,
202100055397,102 825,A01,2,10,0,2,8,17,1,
202100055397,102 826,B01,1,30,0,2,3,1,1,
202100055398,102 824,A01,1,7,7,0,9,1,1,
202100055399,102 822,A01,0,7,0,2,1,11,1,
202100055399,102 823,B01,0,7,0,2,1,1,1,
202100055400,102 821,A01,1,7,6,0,1,1,1,
202100055401,102 820,A01,1,7,13,0,4,1,0,
202100055402,102 816,C01,2,7,0,2,6,1,1,
202100055402,102 817,D01,2,7,0,2,3,1,1,
202100055402,102 818,B01,2,7,0,2,8,1,1,
202100055402,102 819,A01,1,7,0,2,3,13,1,
202100055403,102 814,A01,1,7,0,2,1,17,1,
202100055403,102 815,B01,1,7,13,0,4,13,1,
202100055404,102 810,B01,2,17,0,2,1,1,1,
202100055404,102 811,A01,1,14,0,2,1,13,1,
202100055405,102 809,A01,3,7,0,1,1,1,1,
202100055406,102 808,A01,1,7,3,0,2,14,1,
202100055407,102 807,A01,3,10,3,0,2,0,1,
202100055408,102 806,A01,3,32,6,0,1,1,1,
202100055409,102 805,A01,2,7,9,0,1,1,1,
202100055410,102 803,B01,0,7,0,2,3,23,1,
202100055410,102 804,A01,0,7,0,2,3,16,1,
202100055411,102 802,A01,1,7,8,0,1,1,1,
202100055412,102 800,B01,3,7,0,2,3,1,1,
202100055412,102 801,A01,3,7,0,2,1,13,1,
202100055413,102 798,A01,1,7,0,2,3,13,1,
202100055413,102 799,B01,2,7,0,2,3,1,1,
202100055414,102 797,A01,1,7,0,1,3,1,1,
202100055415,102 796,A01,2,33,3,0,7,17,1,
202100055416,102 795,A01,1,7,0,9,0,1,1,
202100055417,102 793,B01,1,7,0,2,4,2,1,
202100055417,102 794,A01,1,7,0,2,1,2,1,
202100055418,102 790,C01,1,7,1,2,1,2,1,
202100055418,102 791,B01,1,7,3,0,1,2,1,
202100055418,102 792,A01,1,7,0,2,4,23,1,
202100055419,102 789,A01,1,7,4,0,3,1,1,
202100055420,102 787,A01,1,7,0,2,3,9,1,
202100055420,102 788,B01,1,14,0,2,2,26,1,
202100055421,102 784,C01,2,10,0,2,4,2,1,
202100055421,102 785,A01,2,99,0,2,1,2,1,
202100055421,102 786,B01,2,7,0,2,4,2,1,
202100055422,102 782,A01,2,7,0,2,3,12,1,
202100055422,102 783,B01,2,10,0,2,5,2,1,
202100055423,102 781,A01,2,7,4,0,8,2,1,
202100055424,102 780,A01,2,7,4,0,2,14,1,
202100055425,102 779,A01,2,7,3,0,3,2,1,
202100055426,102 778,A01,2,7,4,0,3,13,1,
202100055427,102 774,A01,2,33,0,2,8,3,1,
202100055427,102 775,B01,2,7,0,2,2,12,1,
202100055427,102 776,C01,2,7,0,2,7,1,1,
202100055427,102 777,D01,2,7,0,2,6,1,1,
202100055428,102 773,A01,2,33,0,0,0,2,1,
202100055429,102 771,B01,1,7,0,2,1,1,1,
202100055429,102 772,A01,1,10,0,2,4,1,1,
202100055430,102 769,A01,2,7,0,2,0,11,1,
202100055430,102 770,B01,2,7,0,2,0,2,1,
202100055431,102 768,A01,1,10,0,1,1,21,1,
202100055432,102 767,A01,1,30,14,0,0,26,1,
202100055433,102 766,A01,2,10,4,0,1,15,1,
202100055434,102 765,A01,3,7,0,1,1,1,1,
202100055435,102 764,A01,1,7,1,0,2,1,1,
202100055436,102 763,A01,1,7,1,0,2,14,1,
202100055437,102 762,A01,2,30,14,0,1,17,1,
202100055438,102 760,A01,2,7,0,9,0,1,1,
202100055438,102 761,B01,1,1,0,2,0,15,0,
202100055439,102 758,A01,1,10,0,2,2,13,1,
202100055439,102 759,B01,2,7,0,2,2,1,1,
202100055440,102 757,A01,2,7,0,1,3,1,1,
202100055441,102 755,B01,1,33,0,2,0,26,1,
202100055441,102 756,A01,1,10,0,2,2,0,1,
202100055442,102 753,A01,3,31,0,2,0,26,0,
202100055442,102 754,B01,3,7,5,2,3,1,6,
202100055443,102 751,B01,2,33,0,2,7,3,1,
202100055443,102 752,A01,2,7,0,2,8,11,1,
202100055444,102 750,A01,1,7,15,0,1,19,1,
202100055445,102 748,B01,3,7,0,2,8,1,1,
202100055445,102 749,A01,1,7,0,2,1,1,1,
202100055446,102 746,B01,2,33,0,2,3,1,1,
202100055446,102 747,A01,1,7,0,2,3,15,1,
202100055447,102 744,B01,1,2,0,2,1,1,1,
202100055447,102 745,A01,1,7,0,2,2,15,1,
202100055448,102 742,B01,2,7,0,2,1,5,1,
202100055448,102 743,A01,1,7,0,2,1,0,1,
202100055449,102 741,A01,1,7,0,1,1,1,1,
202100055450,102 738,A01,1,7,11,0,0,6,1,
202100055450,102 739,B01,1,7,0,2,1,1,1,
202100055450,102 740,C01,1,7,0,2,3,1,1,
202100055451,102 736,B01,2,30,0,2,1,1,3,
202100055451,102 737,A01,2,7,0,2,3,23,1,
202100055452,102 734,A01,1,2,0,2,1,1,1,
202100055452,102 735,B01,2,7,0,2,2,1,1,
202100055453,102 733,A01,1,33,0,0,8,1,1,
202100055454,102 732,A01,2,7,13,0,1,13,1,
202100055455,102 726,A01,2,10,0,2,1,1,1,
202100055455,102 727,E01,2,7,0,2,4,23,1,
202100055455,102 728,D01,2,7,0,2,4,23,1,
202100055455,102 729,C01,2,7,0,2,4,23,1,
202100055455,102 730,B01,2,7,0,2,4,23,1,
202100055456,102 724,A01,3,7,0,2,1,1,1,
202100055456,102 725,B01,3,2,0,2,1,1,1,
202100055457,102 722,Z01,2,7,0,2,1,2,1,
202100055457,102 723,A01,2,80,0,2,4,1,3,
202100055458,102 720,A01,1,33,0,2,1,13,1,
202100055458,102 721,B01,1,7,0,2,3,1,1,
202100055459,102 718,A01,1,7,0,2,8,1,1,
202100055459,102 719,B01,1,80,0,2,1,1,3,
202100055460,102 716,B01,0,7,0,2,3,1,1,
202100055460,102 717,A01,0,7,0,2,0,9,0,
202100055461,102 714,A01,1,10,0,2,1,2,1,
202100055461,102 715,B01,1,43,0,2,4,23,1,
202100055462,102 712,B01,1,1,0,2,0,1,5,
202100055462,102 713,A01,1,15,0,2,0,16,1,
202100055463,102 710,A01,2,7,2,0,3,26,1,
202100055464,102 705,C01,2,37,0,2,1,1,1,1.0
202100055464,102 706,A01,1,7,0,2,3,9,1,
202100055464,102 707,B01,1,34,0,2,1,1,1,
202100055465,102 703,A01,2,7,0,2,1,1,1,
202100055465,102 704,B01,1,10,0,2,1,15,1,
202100055466,102 699,B01,0,7,0,2,1,1,1,
202100055466,102 700,A01,0,7,0,2,8,26,1,
202100055467,102 698,A01,3,7,0,1,1,26,1,
202100055468,102 697,A01,2,7,0,1,2,21,1,
202100055469,102 695,A01,2,10,0,2,3,15,1,
202100055469,102 696,B01,1,50,0,2,1,1,3,
202100055470,102 694,A01,1,7,0,1,3,1,1,
202100055471,102 692,A01,2,7,6,0,2,1,1,
202100055472,102 691,A01,1,7,6,0,1,1,1,
202100055473,102 689,A01,2,7,0,2,7,1,1,
202100055473,102 690,B01,3,14,0,2,1,1,1,
202100055474,102 688,A01,0,7,0,1,3,11,1,
202100055475,102 687,A01,2,99,0,1,3,15,1,
202100055476,102 686,A01,2,7,8,0,1,13,1,
202100055477,102 684,B01,1,7,0,2,4,23,1,
202100055477,102 685,A01,1,7,0,2,1,1,1,
202100055478,102 683,A01,1,7,0,1,2,1,2,
202100055479,102 682,A01,1,7,0,1,3,1,1,
202100055480,102 680,A01,0,7,0,2,3,0,1,
202100055480,102 681,B01,2,50,0,2,0,0,3,
202100055481,102 679,A01,1,30,0,0,0,1,1,
202100055482,102 678,A01,1,30,0,0,0,1,1,
202100055483,102 677,A01,3,7,3,0,1,1,1,
202100055484,102 675,B01,1,7,0,2,7,1,1,
202100055484,102 676,A01,1,60,0,2,1,1,5,
202100055485,102 672,C01,1,7,0,2,4,1,1,
202100055485,102 673,A01,0,7,0,2,1,1,1,
202100055485,102 674,B01,1,7,0,2,9,1,1,
202100055486,102 671,A01,1,7,14,0,9,1,1,
202100055487,102 669,B01,1,40,0,2,1,1,3,
202100055487,102 670,A01,2,7,0,4,1,1,1,
202100055488,102 667,B01,3,7,0,2,4,1,1,
202100055488,102 668,A01,3,7,0,2,1,1,1,
202100055489,102 665,B01,1,7,0,2,3,1,1,
202100055489,102 666,A01,2,7,0,2,2,10,1,
202100055490,102 663,A01,1,1,0,2,1,5,5,
202100055490,102 664,B01,2,7,0,2,0,1,1,
202100055491,102 661,B01,2,7,0,2,4,1,1,
202100055491,102 662,A01,2,7,0,2,1,2,1,
202100055492,102 658,C01,1,7,0,2,4,2,1,
202100055492,102 659,B01,1,7,0,2,4,1,1,
202100055492,102 660,A01,1,10,0,2,1,2,1,
202100055493,102 656,A01,1,7,0,2,3,9,1,
202100055493,102 657,B01,1,1,0,2,7,1,5,
202100055494,102 654,A01,1,30,0,2,0,1,1,
202100055494,102 655,B01,1,7,0,2,2,1,1,
202100055495,102 652,B01,2,7,0,2,1,1,2,
202100055495,102 653,A01,2,10,0,2,8,9,1,
202100055496,102 651,A01,1,7,0,1,1,1,1,
202100055497,102 649,B01,1,7,0,2,4,1,1,
202100055497,102 650,A01,1,10,0,2,1,1,1,
202100055498,102 648,A01,1,7,0,1,3,1,1,
202100055499,102 645,A01,2,7,0,2,1,16,1,
202100055499,102 646,B01,2,10,0,2,4,16,1,
202100055499,102 647,C01,2,7,0,2,4,9,1,
202100055500,102 643,B01,2,2,0,2,2,1,1,
202100055500,102 644,A01,2,7,0,2,0,15,1,
202100055501,102 638,E01,1,7,0,2,4,15,1,
202100055501,102 639,A01,1,7,0,2,1,1,1,
202100055501,102 640,B01,1,7,0,0,1,1,1,
202100055501,102 641,C01,1,7,0,0,4,0,1,
202100055501,102 642,D01,1,7,0,2,0,0,1,
202100055502,102 636,Z01,3,7,0,2,4,16,1,
202100055502,102 637,A01,3,2,0,2,1,26,1,
202100055503,102 634,A01,0,10,0,2,2,15,1,
202100055503,102 635,B01,0,32,0,2,1,1,1,
202100055504,102 632,B01,1,10,0,2,1,1,1,
202100055504,102 633,A01,2,7,0,2,1,9,1,
202100055505,102 630,B01,1,7,0,2,3,1,1,
202100055505,102 631,A01,2,7,0,2,3,19,1,
202100055506,102 628,B01,2,7,4,2,0,0,1,
202100055506,102 629,A01,1,7,4,2,3,23,1,
202100055507,102 626,B01,1,7,0,2,2,1,1,
202100055507,102 627,A01,1,7,0,2,3,9,1,
202100055508,102 625,A01,3,7,5,0,1,1,1,
202100055509,102 623,A01,1,33,0,2,1,13,1,
202100055509,102 624,B01,2,10,0,2,1,1,1,
202100055510,102 621,B01,1,7,1,2,1,1,1,
202100055510,102 622,A01,1,7,1,2,2,15,1,
202100055511,102 619,B01,3,7,0,2,4,0,1,
202100055511,102 620,A01,3,7,0,2,1,21,1,
202100055512,102 618,A01,2,7,0,1,1,1,1,
202100055513,102 617,A01,1,7,6,0,1,1,1,
202100055514,102 615,B01,2,7,0,2,1,1,1,
202100055514,102 616,A01,1,7,0,2,4,1,1,
202100055515,102 614,A01,3,7,2,0,8,1,1,
202100055516,102 611,A01,2,43,0,2,2,3,1,
202100055516,102 612,B01,2,7,0,2,8,1,1,
202100055516,102 613,C01,2,7,0,2,7,1,1,
202100055517,102 609,A01,1,7,0,2,7,12,1,
202100055517,102 610,B01,1,33,0,2,8,1,1,
202100055518,102 608,A01,1,37,0,1,2,1,1,1.0
202100055519,102 607,A01,3,7,9,1,1,14,1,
202100055520,102 605,A01,1,32,0,2,1,7,1,
202100055520,102 606,B01,1,7,0,2,2,16,1,
202100055521,102 603,B01,1,37,0,2,3,9,2,1.0
202100055521,102 604,A01,2,30,0,2,1,1,1,
202100055522,102 601,Z01,1,7,0,2,1,2,1,
202100055522,102 602,A01,1,7,0,2,4,1,1,
202100055523,102 600,A01,1,7,0,1,7,1,1,
202100055524,102 598,A01,1,2,0,2,8,18,1,
202100055524,102 599,Z01,1,7,0,2,7,16,0,
202100055525,102 597,A01,2,7,0,1,3,1,1,
202100055526,102 596,A01,1,2,8,0,1,25,1,
202100055527,102 594,A01,1,30,0,2,3,18,1,
202100055527,102 595,Z01,1,10,0,2,7,14,1,
202100055528,102 593,A01,2,34,1,0,3,13,1,
202100055529,102 592,A01,1,1,0,1,1,1,5,
202100055530,102 590,B01,1,1,0,2,3,1,5,
202100055530,102 591,A01,1,7,0,2,2,16,1,
202100055531,102 588,A01,1,2,0,2,1,11,1,
202100055531,102 589,B01,1,7,0,2,4,1,2,
202100055532,102 587,A01,0,1,14,0,0,1,5,
202100055533,102 585,B01,1,1,0,2,8,1,5,
202100055533,102 586,A01,1,14,0,2,2,2,1,
202100055534,102 584,A01,1,1,9,0,1,19,5,
202100055535,102 583,B01,2,1,0,0,0,21,5,
202100055536,102 582,A01,1,1,0,1,1,1,5,
202100055537,102 581,A01,1,50,8,0,1,25,3,
202100055538,102 580,A01,2,7,0,1,2,9,0,
202100055539,102 579,A01,2,30,0,0,8,1,1,
202100055540,102 578,A01,2,34,0,0,0,1,1,
202100055541,102 576,B01,3,32,0,2,1,1,1,
202100055541,102 577,A01,3,7,0,2,5,19,1,
202100055542,102 575,A01,3,7,0,0,1,21,1,
202100055543,102 573,A01,1,32,0,2,1,1,1,
202100055543,102 574,B01,3,7,0,2,5,15,1,
202100055544,102 572,A01,2,7,0,1,2,20,1,
202100055545,102 570,A01,2,30,0,2,2,1,1,
202100055545,102 571,B01,3,7,0,2,2,1,1,
202100055546,102 568,A01,0,30,0,0,3,0,0,
202100055546,102 569,B01,0,7,0,0,0,2,2,
202100055547,102 566,B01,1,43,0,2,7,2,1,
202100055547,102 567,A01,1,7,0,2,8,13,1,
202100055548,102 565,A01,0,7,0,1,1,26,1,
202100055549,102 563,A01,1,30,0,2,8,17,1,
202100055549,102 564,B01,1,7,0,2,8,15,1,
202100055550,102 561,A01,2,7,0,2,2,15,1,
202100055550,102 562,B01,1,33,0,2,7,1,1,
202100055551,102 559,A01,2,10,2,0,7,26,1,
202100055551,102 560,B01,1,10,0,2,1,16,1,
202100055552,102 555,A01,0,30,0,2,3,26,1,
202100055552,102 556,B01,0,7,0,0,0,0,0,
202100055553,102 554,A01,1,7,7,0,3,1,1,
202100055554,102 552,B01,1,32,0,2,8,16,1,
202100055554,102 553,A01,2,7,0,2,2,1,1,
202100055555,102 551,A01,2,7,0,1,1,1,1,
202100055556,102 550,A01,1,33,12,0,3,18,1,
202100055557,102 549,A01,1,34,5,0,1,19,1,
202100055558,102 546,A01,1,7,0,2,3,15,1,
202100055558,102 547,B01,3,7,0,2,0,0,0,
202100055559,102 544,A01,0,7,0,2,2,20,1,
202100055559,102 545,B01,0,2,0,2,1,1,1,
202100055560,102 542,B01,2,7,0,2,1,1,1,
202100055560,102 543,A01,1,7,0,2,7,1,1,
202100055561,102 540,B01,1,14,0,2,1,1,1,
202100055561,102 541,A01,2,10,0,2,1,5,1,
202100055562,102 538,A01,0,7,0,2,3,15,1,
202100055562,102 539,B01,2,33,0,2,1,21,1,
202100055563,102 536,B01,0,2,5,2,1,1,1,
202100055563,102 537,A01,0,10,0,2,3,15,0,
202100055564,102 533,A01,1,7,0,2,1,17,1,
202100055564,102 534,B01,2,7,0,2,1,1,2,
202100055565,102 532,A01,1,17,13,0,2,1,1,
202100055566,102 530,C01,0,2,0,2,5,19,1,
202100055566,102 531,A01,1,7,0,2,1,1,1,
202100055567,102 527,B01,1,7,0,0,4,2,1,
202100055567,102 528,C01,1,7,0,0,6,2,1,
202100055567,102 529,A01,1,10,0,2,1,1,1,
202100055568,102 525,A01,1,7,0,2,5,17,1,
202100055568,102 526,B01,1,7,0,2,3,1,1,
202100055569,102 523,B01,2,3,0,2,3,1,1,
202100055569,102 524,A01,1,7,0,2,3,13,1,
202100055570,102 522,A01,1,7,0,0,9,1,1,
202100055571,102 521,A01,1,33,0,0,8,1,1,
202100055572,102 519,A01,3,2,0,2,1,1,1,
202100055572,102 520,B01,3,7,0,2,2,15,1,
202100055573,102 518,A01,3,7,0,0,1,1,1,
202100055574,102 517,A01,2,33,0,0,0,1,1,
202100055575,102 516,A01,2,7,13,0,2,1,1,
202100055576,102 514,B01,2,21,0,2,1,1,1,
202100055576,102 515,A01,1,7,0,2,7,26,1,
202100055577,102 512,B01,1,13,0,2,1,0,1,
202100055577,102 513,A01,1,7,0,2,7,13,1,
202100055578,102 511,A01,1,7,10,0,2,1,1,
202100055579,102 510,A01,2,7,3,0,1,16,1,
202100055580,102 509,A01,1,7,13,0,1,0,1,
202100055581,102 507,B01,1,7,0,2,3,1,1,
202100055581,102 508,A01,2,10,0,2,3,13,1,
202100055582,102 505,A01,2,7,13,0,1,1,1,
202100055583,102 503,A01,2,7,0,2,1,1,1,
202100055583,102 504,B01,1,10,0,2,1,1,1,
202100055584,102 502,A01,3,7,0,1,3,20,2,
202100055585,102 500,A01,1,7,2,2,3,17,1,
202100055585,102 501,B01,1,7,0,2,3,1,1,
202100055586,102 499,A01,2,7,13,0,3,1,1,
202100055587,102 497,A01,1,7,0,2,3,1,1,
202100055587,102 498,B01,2,7,0,2,3,1,1,
202100055588,102 495,A01,1,7,0,2,3,13,1,
202100055588,102 496,B01,2,10,0,2,3,1,1,
202100055589,102 493,A01,1,7,0,2,2,13,1,
202100055589,102 494,B01,2,7,0,2,2,1,1,
202100055590,102 490,B01,2,33,0,0,4,1,1,
202100055590,102 491,A01,2,14,0,0,3,9,1,
202100055591,102 488,A01,0,7,0,1,1,0,1,
202100055592,102 486,A01,1,7,0,2,3,1,1,
202100055592,102 487,B01,2,7,0,2,3,1,1,
202100055593,102 484,A01,1,7,0,2,1,1,1,
202100055593,102 485,B01,2,7,0,2,1,13,1,
202100055594,102 482,B01,1,7,0,2,1,0,1,
202100055594,102 483,A01,1,1,0,0,4,0,0,