Num_Acc,id_vehicule,num_veh,senc,catv,obs,obsm,choc,manv,motor,occutc
202100055904,101 949,B01,3,7,0,2,1,0,1,
202100055905,101 946,B01,3,33,0,2,0,1,1,
202100055905,101 947,A01,3,7,0,2,3,9,1,
202100055906,101 944,A01,3,10,0,2,3,15,1,
202100055906,101 945,B01,3,2,0,2,1,17,1,
202100055907,101 942,B01,1,37,0,2,3,1,1,2.0
202100055907,101 943,A01,1,7,0,2,5,16,1,
202100055908,101 939,B01,1,7,0,2,0,0,1,
202100055908,101 940,C01,1,7,0,2,1,1,1,
202100055908,101 941,A01,1,7,0,2,4,2,1,
202100055909,101 938,A01,1,7,1,0,3,13,1,
202100055910,101 937,A01,1,3,0,1,1,1,1,
202100055911,101 935,A01,3,7,0,2,3,15,1,
202100055911,101 936,B01,3,7,0,2,1,1,1,
202100055912,101 934,A01,1,7,0,1,3,15,1,
202100055913,101 932,A01,1,7,0,2,1,26,3,
202100055913,101 933,B01,1,7,0,2,8,1,1,
202100055914,101 930,B01,2,50,0,2,1,13,3,
202100055914,101 931,A01,1,7,0,9,1,1,1,
202100055915,101 929,A01,1,7,0,1,3,15,1,
202100055916,101 928,A01,1,7,0,1,1,1,1,
202100055917,101 927,A01,2,7,0,1,3,1,1,
202100055918,101 925,B01,1,2,0,2,7,15,1,
202100055918,101 926,A01,1,7,0,2,8,1,1,
202100055919,101 923,A01,1,31,0,2,7,17,1,
202100055919,101 924,B01,1,7,0,2,8,23,1,
202100055920,101 922,A01,3,7,0,1,2,1,1,
202100055921,101 919,A01,1,14,0,2,1,2,1,
202100055921,101 920,B01,1,17,0,2,4,2,1,
202100055921,101 921,C01,1,14,0,2,4,2,1,
202100055922,101 917,A01,1,7,0,2,2,15,1,
202100055922,101 918,B01,2,33,0,2,1,1,1,
202100055923,101 915,B01,2,14,0,2,1,1,1,
202100055923,101 916,A01,2,1,0,2,1,19,5,
202100055924,101 913,A01,2,7,0,2,1,15,1,
202100055924,101 914,B01,2,50,0,2,8,19,3,
202100055925,101 911,A01,1,7,0,2,1,1,1,
202100055925,101 912,B01,1,7,0,2,1,1,1,
202100055926,101 909,B01,2,2,0,2,4,1,1,
202100055926,101 910,A01,2,10,0,2,3,1,1,
202100055927,101 908,A01,3,7,0,1,2,26,1,
202100055928,101 907,A01,0,7,0,1,2,16,1,
202100055929,101 906,A01,3,30,0,0,0,26,1,
202100055930,101 904,B01,3,7,0,2,4,0,1,
202100055930,101 905,A01,3,7,0,2,1,2,1,
202100055931,101 903,A01,1,7,0,1,1,1,1,
202100055932,101 901,A01,1,7,0,2,2,15,1,
202100055932,101 902,B01,2,7,0,2,6,1,1,
202100055933,101 900,A01,3,7,0,1,6,15,1,
202100055934,101 899,A01,3,31,0,0,7,1,1,
202100055935,101 897,B01,2,7,0,2,6,23,1,
202100055935,101 898,A01,2,33,0,2,1,3,1,
202100055936,101 896,A01,1,7,0,1,1,1,1,
202100055937,101 895,A01,2,32,0,0,0,1,1,
202100055938,101 894,A01,2,7,0,1,6,15,3,
202100055939,101 893,A01,2,7,0,1,8,1,1,
202100055940,101 892,A01,2,30,0,0,0,21,1,
202100055941,101 889,A01,2,7,0,2,1,17,2,
202100055941,101 890,C01,1,32,0,2,3,1,1,
202100055941,101 891,B01,1,10,0,2,9,1,1,
202100055942,101 888,Z01,2,30,0,1,2,1,-1,
202100055943,101 886,B01,1,1,0,2,1,1,5,
202100055943,101 887,A01,1,7,0,2,3,9,1,
202100055944,101 884,B01,2,1,0,2,1,1,5,
202100055944,101 885,A01,1,1,0,2,1,5,5,
202100055945,101 883,A01,2,7,0,1,1,15,1,
202100055946,101 882,A01,1,7,0,1,2,16,1,
202100055947,101 881,A01,1,50,0,0,0,7,3,
202100055948,101 879,A01,3,43,0,2,1,2,1,
202100055948,101 880,B01,3,7,0,2,4,2,1,
202100055949,101 878,A01,3,7,2,0,1,1,1,
202100055950,101 875,A01,2,33,0,1,1,3,1,
202100055950,101 876,B01,2,7,0,2,8,0,1,
202100055950,101 877,C01,2,7,0,2,6,2,3,
202100055951,101 873,A01,3,7,0,2,1,1,1,
202100055951,101 874,B01,3,7,0,2,4,1,1,
202100055952,101 872,A01,1,10,0,1,4,4,1,
202100055953,101 870,B01,3,10,0,2,1,0,0,
202100055953,101 871,A01,3,7,0,2,8,26,0,
202100055954,101 868,A01,1,7,0,2,1,2,1,
202100055954,101 869,B01,1,7,0,0,4,0,1,
202100055955,101 866,B01,1,7,0,2,3,15,1,
202100055955,101 867,A01,1,43,1,0,3,1,1,
202100055956,101 864,A01,2,10,0,2,2,26,1,
202100055956,101 865,B01,2,7,0,2,7,15,1,
202100055957,101 862,B01,1,7,0,2,3,1,1,
202100055957,101 863,A01,1,7,0,2,3,16,1,
202100055958,101 861,A01,3,10,0,1,1,15,1,
202100055959,101 860,A01,1,7,0,1,2,1,1,
202100055960,101 858,A01,2,10,0,2,2,1,1,
202100055960,101 859,B01,1,31,0,2,1,1,1,
202100055961,101 856,B01,3,7,1,1,2,0,1,
202100055961,101 857,A01,1,10,1,0,1,14,1,
202100055962,101 855,A01,2,10,14,0,1,0,0,
202100055963,101 853,B01,2,60,0,2,1,1,5,
202100055963,101 854,A01,2,7,0,2,1,16,0,
202100055964,101 852,A01,3,7,0,1,0,21,1,
202100055965,101 851,A01,1,60,0,0,0,0,5,
202100055966,101 849,B01,0,31,0,2,1,2,1,
202100055966,101 850,A01,3,99,0,2,4,20,1,
202100055967,101 847,A01,2,7,0,2,2,1,1,
202100055967,101 848,B01,1,7,0,2,3,1,1,
202100055968,101 846,A01,1,30,0,0,2,1,1,
202100055969,101 844,A01,3,7,0,2,1,9,1,
202100055969,101 845,B01,2,2,0,0,7,1,1,
202100055970,101 842,A01,3,7,0,2,1,15,1,
202100055970,101 843,B01,0,7,0,2,1,1,1,
202100055971,101 841,A01,2,7,0,1,1,1,1,
202100055972,101 840,A01,2,33,8,0,1,1,1,
202100055973,101 839,A01,2,3,13,0,8,13,1,
202100055974,101 838,A01,3,10,0,1,6,4,1,
202100055975,101 836,A01,2,7,0,2,1,1,1,
202100055975,101 837,B01,1,2,0,2,7,15,1,
202100055976,101 835,A01,2,7,17,0,2,14,1,
202100055977,101 833,B01,3,1,0,2,8,0,5,
202100055977,101 834,A01,2,7,0,2,1,1,1,
202100055978,101 831,A01,1,7,0,2,3,13,1,
202100055978,101 832,B01,2,1,0,2,1,1,5,
202100055979,101 830,A01,1,7,0,1,2,1,0,
202100055980,101 828,A01,2,10,0,2,2,15,1,
202100055980,101 829,B01,1,2,0,2,1,1,1,
202100055981,101 827,A01,1,7,7,0,8,1,1,
202100055982,101 824,A01,1,2,0,0,8,15,1,
202100055982,101 825,B01,2,10,0,2,1,1,1,
202100055983,101 822,A01,0,7,0,2,1,1,1,
202100055983,101 823,B01,0,3,0,2,1,15,1,
202100055984,101 820,A01,2,7,13,2,3,9,1,
202100055984,101 821,B01,1,7,0,2,1,1,1,
202100055985,101 818,B01,1,10,0,2,1,2,1,
202100055985,101 819,A01,1,7,0,0,4,2,1,
202100055986,101 815,A01,2,7,0,0,6,15,1,
202100055986,101 816,B01,2,2,0,2,1,21,1,
202100055986,101 817,C01,2,2,0,0,0,21,1,
202100055987,101 813,B01,1,7,0,2,1,1,1,
202100055987,101 814,A01,2,7,0,2,8,13,1,
202100055988,101 811,A01,1,7,0,2,1,1,1,
202100055988,101 812,B01,2,30,0,2,1,13,1,
202100055989,101 809,B01,1,13,0,0,3,1,1,
202100055989,101 810,A01,2,7,0,0,2,1,1,
202100055990,101 806,A01,3,7,0,1,5,1,1,
202100055991,101 804,B01,2,7,0,2,1,1,1,
202100055991,101 805,A01,3,7,0,2,6,1,1,
202100055992,101 803,A01,2,10,13,0,0,0,1,
202100055993,101 802,A01,3,7,8,0,1,14,1,
202100055994,101 800,A01,2,10,0,2,1,1,1,
202100055994,101 801,B01,1,7,0,2,2,1,1,
202100055995,101 798,B01,2,10,0,2,2,17,1,
202100055995,101 799,A01,1,7,13,2,3,15,1,
202100055996,101 797,A01,1,7,9,0,1,1,1,
202100055997,101 793,C01,2,7,0,2,2,1,1,
202100055997,101 794,A01,1,7,0,2,1,17,1,
202100055997,101 795,B01,2,7,0,2,4,1,1,
202100055997,101 796,D01,2,7,0,2,3,1,1,
202100055998,101 791,B01,0,1,0,0,4,16,5,
202100055998,101 792,A01,1,7,0,9,2,9,1,
202100055999,101 790,A01,2,7,6,0,1,1,1,
202100056000,101 788,B01,3,60,0,2,8,26,5,
202100056000,101 789,A01,3,7,0,2,2,1,0,
202100056001,101 786,B01,3,7,0,2,3,1,0,
202100056001,101 787,A01,3,7,0,2,3,1,1,
202100056002,101 784,A01,2,7,0,2,7,16,1,
202100056002,101 785,B01,2,31,0,2,8,23,1,
202100056003,101 782,B01,1,7,0,2,4,1,1,
202100056003,101 783,A01,1,7,0,2,1,1,1,
202100056004,101 778,A01,1,33,0,2,1,3,1,
202100056004,101 779,B01,2,7,0,2,1,1,1,
202100056005,101 776,A01,1,7,0,2,5,1,1,
202100056005,101 777,B01,0,2,0,2,1,1,1,
202100056006,101 774,B01,2,7,0,2,1,1,1,
202100056006,101 775,A01,2,7,0,2,8,2,1,
202100056007,101 772,B01,1,7,0,2,7,14,1,
202100056007,101 773,A01,1,7,0,2,8,1,1,
202100056008,101 770,B01,1,7,0,2,4,2,1,
202100056008,101 771,A01,1,7,0,2,1,1,1,
202100056009,101 767,B01,1,7,0,2,4,2,1,
202100056009,101 768,A01,1,7,0,2,1,2,1,
202100056009,101 769,C01,1,10,0,2,4,2,0,
202100056010,101 766,A01,1,7,3,0,7,14,1,
202100056011,101 764,B01,1,7,0,2,5,2,1,
202100056011,101 765,A01,1,7,0,2,3,2,1,
202100056012,101 762,B01,2,7,0,2,8,0,1,
202100056012,101 763,A01,2,33,0,2,8,3,1,
202100056013,101 760,A01,2,33,0,2,1,12,1,
202100056013,101 761,B01,2,7,0,2,5,1,1,
202100056014,101 759,A01,2,34,0,0,9,2,1,
202100056015,101 757,A01,1,7,0,2,1,1,1,
202100056015,101 758,B01,1,7,0,2,4,2,1,
202100056016,101 755,A01,1,7,0,2,7,1,1,
202100056016,101 756,Z01,1,7,4,2,8,0,1,
202100056017,101 754,A01,2,30,0,9,0,1,1,
202100056018,101 752,B01,1,31,0,2,1,1,1,
202100056018,101 753,A01,2,13,0,9,3,13,1,
202100056019,101 750,A01,1,7,0,2,1,15,1,
202100056019,101 751,B01,2,43,0,2,3,1,1,
202100056020,101 749,A01,2,7,0,2,7,1,1,
202100056021,101 746,A01,1,7,0,2,1,1,1,
202100056021,101 747,B01,1,7,0,2,4,23,1,
202100056021,101 748,C01,1,7,0,2,4,23,1,
202100056022,101 745,A01,1,7,0,1,1,19,1,
202100056023,101 743,A01,2,33,0,2,1,2,1,
202100056023,101 744,B01,2,7,0,2,4,2,1,
202100056024,101 741,B01,3,2,0,2,8,16,1,
202100056024,101 742,A01,3,7,0,2,2,1,1,
202100056025,101 740,A01,1,7,4,0,3,14,1,
202100056026,101 738,B01,3,7,4,2,4,13,1,
202100056026,101 739,A01,3,7,0,2,3,15,1,
202100056027,101 736,A01,1,7,0,2,8,10,1,
202100056027,101 737,B01,3,7,0,2,1,1,1,
202100056028,101 735,A01,1,10,0,1,2,16,1,
202100056029,101 733,B01,2,7,0,2,6,0,1,
202100056029,101 734,A01,2,7,0,2,3,16,1,
202100056030,101 732,A01,1,60,0,0,1,1,5,
202100056031,101 731,A01,2,7,0,0,7,13,1,
202100056032,101 730,A01,1,33,0,0,0,1,1,
202100056033,101 728,A01,1,7,0,2,2,15,1,
202100056033,101 729,B01,2,32,0,2,1,1,1,
202100056034,101 726,B01,0,7,0,2,1,16,1,
202100056034,101 727,A01,0,7,0,2,2,1,1,
202100056035,101 724,A01,0,7,0,2,1,1,1,
202100056035,101 725,B01,0,7,1,2,4,23,1,
202100056036,101 722,A01,1,7,0,2,8,9,1,
202100056036,101 723,B01,2,7,0,2,1,9,2,
202100056037,101 721,A01,1,7,0,1,2,1,1,
202100056038,101 720,A01,2,10,0,1,2,1,1,
202100056039,101 719,A01,3,7,0,1,2,17,0,
202100056040,101 717,A01,2,7,7,2,1,2,1,
202100056040,101 718,B01,2,7,9,0,4,2,1,
202100056041,101 715,A01,1,7,0,2,2,15,1,
202100056041,101 716,B01,2,7,0,2,3,1,1,
202100056042,101 713,B01,2,7,0,2,1,1,1,
202100056042,101 714,A01,1,7,0,2,1,13,1,
202100056043,101 711,A01,1,7,0,2,1,1,1,
202100056043,101 712,B01,1,7,0,2,4,1,1,
202100056044,101 707,D01,1,7,0,2,1,1,1,
202100056044,101 708,A01,1,7,0,2,4,1,1,
202100056044,101 709,C01,1,7,0,2,4,1,1,
202100056044,101 710,B01,1,7,0,2,1,1,1,
202100056045,101 705,A01,1,7,0,2,1,1,1,
202100056045,101 706,B01,1,2,0,2,1,1,1,
202100056046,101 703,B01,1,7,0,2,4,1,1,
202100056046,101 704,A01,1,7,0,2,1,1,1,
202100056047,101 702,A01,2,7,0,1,2,1,1,
202100056048,101 700,A01,2,7,0,2,2,15,1,
202100056048,101 701,B01,1,7,0,2,1,1,0,
202100056049,101 698,A01,0,7,0,2,3,9,1,
202100056049,101 699,B01,3,1,0,2,1,1,5,
202100056050,101 697,A01,3,7,15,0,1,26,1,
202100056051,101 695,A01,1,7,0,2,3,15,1,
202100056051,101 696,B01,2,1,0,2,3,1,5,
202100056052,101 694,A01,2,7,0,1,3,1,1,
202100056053,101 693,A01,1,7,0,1,2,1,1,
202100056054,101 690,Z01,1,10,0,2,0,19,0,
202100056054,101 691,A01,1,7,0,2,6,1,1,
202100056054,101 692,B01,2,7,0,2,8,1,1,
202100056055,101 687,A01,0,7,0,2,1,17,1,
202100056055,101 688,B01,0,7,0,2,1,1,1,
202100056055,101 689,C01,0,7,0,2,3,1,1,
202100056056,101 685,A01,1,34,0,2,1,1,1,
202100056056,101 686,B01,1,7,0,0,0,0,1,
202100056057,101 684,A01,1,7,0,1,1,1,1,
202100056058,101 683,A01,3,7,0,1,1,1,1,
202100056059,101 682,A01,2,30,0,0,1,0,1,
202100056060,101 681,A01,2,7,4,0,2,1,1,
202100056061,101 678,A01,2,10,0,2,0,2,1,
202100056061,101 679,B01,2,10,0,2,4,23,1,
202100056061,101 680,C01,2,7,0,2,4,23,1,
202100056062,101 676,B01,1,7,0,2,6,2,1,
202100056062,101 677,A01,1,32,0,2,1,2,1,
202100056063,101 674,A01,1,32,7,2,1,1,1,
202100056063,101 675,B01,1,32,0,2,8,1,1,
202100056064,101 671,C01,1,7,0,2,3,5,1,
202100056064,101 672,B01,2,7,0,2,2,12,1,
202100056064,101 673,A01,2,7,0,2,3,7,1,
202100056065,101 670,A01,3,30,0,0,0,1,1,
202100056066,101 668,B01,3,7,0,2,6,23,1,
202100056066,101 669,A01,3,1,0,2,1,1,5,
202100056067,101 666,B01,1,33,0,2,8,1,1,
202100056067,101 667,A01,1,10,0,2,2,16,1,
202100056068,101 663,A01,3,7,0,2,3,15,1,
202100056068,101 664,B01,3,33,0,2,3,1,1,
202100056068,101 665,C01,3,32,0,2,3,1,1,
202100056069,101 661,B01,1,1,0,2,8,1,5,
202100056069,101 662,A01,1,7,0,2,2,14,1,
202100056070,101 659,B01,2,32,0,2,2,7,1,
202100056070,101 660,A01,2,7,0,2,8,22,1,
202100056071,101 658,A01,2,32,0,1,1,1,1,
202100056072,101 656,B01,2,34,0,2,8,1,1,
202100056072,101 657,A01,2,7,0,2,8,1,1,
202100056073,101 652,B01,3,7,0,2,2,1,1,
202100056073,101 653,A01,3,30,0,2,1,1,3,
202100056074,101 650,B01,2,7,0,2,1,15,1,
202100056074,101 651,A01,1,1,0,2,1,1,5,
202100056075,101 648,B01,1,1,0,2,1,19,5,
202100056075,101 649,A01,1,7,0,2,2,16,1,
202100056076,101 646,A01,3,33,0,2,1,2,1,
202100056076,101 647,B01,3,7,15,0,5,23,1,
202100056077,101 644,A01,3,7,0,2,1,1,1,
202100056077,101 645,B01,3,7,0,2,8,15,1,
202100056078,101 642,A01,1,7,0,2,3,9,2,
202100056078,101 643,B01,1,50,0,2,7,2,3,
202100056079,101 640,A01,0,30,0,0,0,26,1,
202100056080,101 638,B01,1,7,0,2,8,15,1,
202100056080,101 639,A01,2,7,0,2,1,1,1,
202100056081,101 636,A01,1,30,0,2,2,1,1,
202100056081,101 637,Z01,1,10,0,2,0,9,0,
202100056082,101 635,A01,1,30,0,0,0,16,1,
202100056083,101 633,B01,1,2,0,2,1,1,1,
202100056083,101 634,A01,1,7,0,2,6,9,1,
202100056084,101 630,A01,2,7,0,2,3,13,0,
202100056084,101 631,B01,2,7,0,2,7,1,0,
202100056084,101 632,C01,2,31,0,2,9,3,0,
202100056085,101 629,A01,2,7,0,1,2,26,1,
202100056086,101 628,A01,2,15,0,1,2,1,1,
202100056087,101 625,A01,0,2,0,2,1,0,1,
202100056087,101 626,B01,3,10,0,2,8,1,1,
202100056088,101 623,A01,1,7,0,0,0,15,1,
202100056088,101 624,B01,2,1,12,0,0,1,5,
202100056089,101 621,A01,3,7,0,2,8,15,1,
202100056089,101 622,B01,1,2,0,2,1,1,1,
202100056090,101 619,B01,0,2,0,2,1,1,1,
202100056090,101 620,A01,0,7,0,2,3,9,1,
202100056091,101 618,A01,1,10,0,1,2,1,1,
202100056092,101 617,A01,3,7,2,0,3,0,1,
202100056093,101 615,A01,1,7,0,2,1,13,1,
202100056093,101 616,B01,2,10,0,2,1,1,1,
202100056094,101 614,A01,3,7,0,1,1,1,1,
202100056095,101 613,B01,1,10,0,1,7,1,1,
202100056096,101 611,A01,0,7,0,2,3,1,1,
202100056096,101 612,B01,0,7,0,2,3,16,1,
202100056097,101 609,B01,1,7,0,2,3,1,1,
202100056097,101 610,A01,2,17,0,2,6,1,1,
202100056098,101 608,A01,0,7,0,1,3,16,1,
202100056099,101 606,B01,0,7,0,2,8,19,1,
202100056099,101 607,A01,1,7,0,2,1,2,1,
202100056100,101 604,A01,3,7,1,0,2,2,1,
202100056100,101 605,B01,0,21,0,0,6,23,1,
202100056101,101 603,A01,1,10,0,1,2,1,1,
202100056102,101 602,A01,1,7,0,1,1,1,1,
202100056103,101 601,A01,1,7,13,0,2,1,1,
202100056104,101 599,A01,1,7,3,0,4,26,1,
202100056104,101 600,B01,1,7,0,2,1,2,3,
202100056105,101 597,A01,1,10,0,2,1,12,1,
202100056105,101 598,B01,1,15,0,0,4,1,1,
202100056106,101 595,B01,1,15,0,2,3,1,1,
202100056106,101 596,A01,2,7,0,2,3,13,1,
202100056107,101 591,B01,2,7,0,2,3,2,1,
202100056107,101 592,A01,2,7,4,2,3,13,1,
202100056108,101 590,A01,3,7,8,0,0,1,1,
202100056109,101 588,A01,1,7,0,2,2,19,1,
202100056109,101 589,B01,2,7,0,2,7,15,1,
202100056110,101 584,A01,2,7,0,0,3,5,1,
202100056110,101 585,B01,1,14,0,0,3,0,0,
202100056111,101 583,A01,2,7,3,0,3,1,1,
202100056112,101 582,A01,3,7,1,1,7,1,0,
202100056113,101 580,A01,3,7,0,2,3,0,1,
202100056113,101 581,B01,3,7,0,2,3,1,1,
202100056114,101 578,B01,3,2,0,0,0,1,1,
202100056114,101 579,A01,3,13,0,0,0,16,1,
202100056115,101 577,A01,0,7,0,1,3,1,1,
202100056116,101 576,A01,1,7,2,0,1,1,1,
202100056117,101 574,A01,0,30,9,2,8,1,1,
202100056117,101 575,B01,0,7,0,2,3,1,1,
202100056118,101 572,A01,1,7,6,2,8,17,1,
202100056118,101 573,B01,1,7,0,2,1,1,1,
202100056119,101 571,A01,2,7,4,0,1,1,1,
202100056120,101 570,A01,2,7,4,0,0,17,1,
202100056121,101 567,C01,1,10,0,2,1,2,1,
202100056121,101 568,B01,1,7,0,2,4,2,1,
202100056121,101 569,A01,1,7,0,2,4,1,1,
202100056122,101 565,A01,1,7,0,0,0,21,1,
202100056122,101 566,B01,1,7,0,0,1,0,0,
202100056123,101 563,A01,2,7,1,0,1,2,1,
202100056123,101 564,B01,2,7,0,2,4,23,1,
202100056124,101 561,A01,2,7,0,2,5,1,1,
202100056124,101 562,B01,2,34,0,2,1,21,1,
202100056125,101 559,A01,2,15,0,2,1,2,1,
202100056125,101 560,B01,2,7,0,2,4,2,1,
202100056126,101 557,B01,1,7,0,2,2,12,1,
202100056126,101 558,A01,1,32,0,2,3,3,1,
202100056127,101 556,A01,1,7,4,0,3,13,1,
202100056128,101 555,A01,2,7,8,0,1,14,1,
202100056129,101 551,B01,2,43,0,2,2,3,1,
202100056129,101 552,D01,2,7,0,2,6,1,2,
202100056129,101 553,A01,2,99,0,2,8,11,1,
202100056129,101 554,C01,2,7,0,2,7,1,1,
202100056130,101 550,A01,1,7,4,2,6,14,1,
202100056131,101 549,A01,2,7,0,1,1,1,1,
202100056132,101 547,A01,3,7,0,2,1,0,1,
202100056132,101 548,B01,3,7,0,2,1,0,1,
202100056133,101 545,B01,3,7,0,2,7,1,2,
202100056133,101 546,A01,3,7,0,2,1,26,1,
202100056134,101 543,B01,1,2,0,2,8,1,1,
202100056134,101 544,A01,1,7,0,2,1,15,1,
202100056135,101 542,A01,0,1,0,1,0,1,5,
202100056136,101 539,C01,1,7,0,0,2,1,1,
202100056136,101 540,B01,1,7,0,2,3,1,1,
202100056136,101 541,A01,1,34,0,2,1,15,1,
202100056137,101 537,B01,1,7,0,2,1,1,1,
202100056137,101 538,A01,1,7,0,2,5,9,2,
202100056138,101 535,A01,2,7,0,2,1,17,1,
202100056138,101 536,B01,2,7,3,0,6,1,1,
202100056139,101 533,B01,2,7,0,2,3,1,1,
202100056139,101 534,A01,1,7,0,2,3,13,1,
202100056140,101 531,B01,1,33,0,2,1,2,1,
202100056140,101 532,A01,1,7,0,2,3,15,3,
202100056141,101 530,A01,0,7,1,0,5,1,1,
202100056142,101 528,A01,2,7,0,2,2,15,1,
202100056142,101 529,B01,3,2,0,2,3,1,1,
202100056143,101 526,B01,2,7,0,2,1,1,1,
202100056143,101 527,A01,1,7,0,2,2,9,1,
202100056144,101 525,A01,1,7,0,1,1,15,1,
202100056145,101 524,A01,1,40,0,1,3,1,3,
202100056146,101 522,B01,1,7,0,2,3,1,1,
202100056146,101 523,A01,1,7,0,2,2,1,1,
202100056147,101 521,A01,2,30,0,0,8,26,1,
202100056148,101 519,B01,3,2,0,2,0,0,1,
202100056148,101 520,A01,3,7,0,2,3,9,1,
202100056149,101 518,A01,2,7,0,1,1,17,1,
202100056150,101 516,B01,2,33,0,2,1,1,1,
202100056150,101 517,A01,1,7,0,2,8,15,1,
202100056151,101 514,B01,3,7,0,2,3,0,1,
202100056151,101 515,A01,3,1,0,2,1,1,5,
202100056152,101 512,B01,1,7,0,2,6,2,1,
202100056152,101 513,A01,1,7,0,2,3,2,1,
202100056153,101 511,A01,2,7,0,1,1,1,1,
202100056154,101 509,A01,1,7,0,2,3,15,1,
202100056154,101 510,B01,1,33,0,2,1,2,1,
202100056155,101 508,A01,1,7,0,1,3,15,1,
202100056156,101 507,B01,2,7,0,1,7,1,1,
202100056157,101 506,Z01,2,7,0,1,1,1,1,
202100056158,101 505,A01,1,7,0,1,2,1,1,
202100056159,101 504,A01,1,7,12,0,1,1,1,
202100056160,101 502,A01,0,7,0,2,2,15,1,
202100056160,101 503,B01,0,7,0,2,8,2,1,
202100056161,101 500,B01,1,2,0,2,1,19,1,
202100056161,101 501,A01,2,7,0,2,1,15,1,
202100056162,101 499,A01,1,7,8,0,1,1,1,
202100056163,101 497,A01,1,7,0,2,7,15,1,
202100056163,101 498,B01,1,50,0,2,5,1,3,
202100056164,101 496,A01,1,30,0,0,0,1,1,
202100056165,101 495,A01,2,30,2,0,1,14,1,
202100056166,101 494,A01,1,7,0,1,3,1,1,
202100056167,101 491,B01,1,10,0,2,3,1,1,
202100056167,101 492,A01,1,7,0,2,5,9,1,
202100056168,101 489,B01,3,2,0,2,2,2,1,
202100056168,101 490,A01,3,7,0,2,3,15,1,
202100056169,101 487,A01,2,1,0,1,1,1,5,
202100056170,101 485,A01,0,7,0,2,1,1,1,
202100056170,101 486,B01,3,7,0,2,4,23,1,
202100056171,101 484,A01,1,7,6,0,1,9,1,
202100056172,101 482,B01,0,7,0,2,7,1,1,
202100056172,101 483,A01,0,7,0,2,1,19,1,
202100056173,101 481,A01,1,43,0,1,1,26,1,
202100056174,101 479,B01,2,7,0,2,4,2,1,
202100056174,101 480,Z01,2,7,0,2,1,2,1,
202100056175,101 476,C01,1,7,0,2,4,2,1,
202100056175,101 477,B01,1,7,0,2,4,2,1,
202100056175,101 478,A01,1,7,0,2,1,2,1,
202100056176,101 475,A01,1,33,0,1,2,17,1,
202100056177,101 474,A01,1,30,0,0,7,21,1,
202100056178,101 472,A01,1,10,0,2,0,22,1,
202100056178,101 473,B01,1,32,0,2,0,1,1,
202100056179,101 470,Z01,1,10,0,2,7,12,0,
202100056179,101 471,A01,1,30,0,2,8,7,3,
202100056180,101 469,Z01,2,7,0,1,4,4,1,
202100056181,101 468,A01,1,33,0,1,1,21,1,
202100056182,101 466,A01,1,7,0,2,3,13,1,
202100056182,101 467,B01,1,2,1,2,2,17,3,
202100056183,101 463,A01,1,10,0,2,8,22,1,
202100056183,101 464,B01,3,80,0,2,1,1,3,
202100056184,101 462,A01,1,1,0,0,1,21,5,
202100056185,101 460,A01,2,7,0,2,1,1,1,
202100056185,101 461,B01,2,1,0,2,8,19,5,
202100056186,101 459,A01,2,14,0,1,5,24,1,
202100056187,101 458,A01,1,14,0,1,1,16,1,
202100056188,101 456,B01,1,7,0,2,5,1,1,
202100056188,101 457,A01,1,7,0,2,3,13,1,
202100056189,101 454,B01,3,1,0,4,8,19,5,
202100056189,101 455,A01,3,40,0,9,1,1,3,
202100056190,101 452,B01,0,7,0,2,3,26,1,
202100056190,101 453,A01,-1,7,0,2,1,9,1,
202100056191,101 450,B01,1,7,0,0,0,0,0,
202100056191,101 451,A01,1,33,0,0,0,0,0,
202100056192,101 449,A01,2,7,0,1,1,1,1,
202100056193,101 448,A01,1,30,0,0,8,1,1,
202100056194,101 446,A01,1,10,0,2,3,15,1,
202100056194,101 447,B01,2,50,0,2,1,1,3,
202100056195,101 444,B01,2,7,0,2,5,16,1,
202100056195,101 445,A01,2,7,0,2,2,16,2,
202100056196,101 443,A01,1,7,0,1,1,1,1,
202100056197,101 441,A01,1,7,0,2,7,12,1,
202100056197,101 442,B01,1,32,0,2,1,1,1,
202100056198,101 440,A01,1,10,13,0,3,1,1,
202100056199,101 438,B01,2,15,0,0,4,2,1,
202100056199,101 439,A01,2,7,0,2,1,2,1,
202100056200,101 437,A01,3,14,13,0,3,1,1,
202100056201,101 432,A01,2,7,0,1,2,0,2,
202100056202,101 431,A01,1,7,13,0,1,13,1,
202100056203,101 430,A01,1,7,17,0,2,13,1,
202100056204,101 429,A01,2,7,0,1,2,1,1,
202100056205,101 427,A01,2,10,0,2,8,1,1,
202100056205,101 428,B01,1,7,0,2,1,1,1,
202100056206,101 425,A01,1,7,0,2,2,15,1,
202100056206,101 426,B01,2,33,0,2,7,21,1,
202100056207,101 424,A01,3,7,2,0,1,1,1,
202100056208,101 423,A01,1,7,1,0,1,5,1,
202100056209,101 422,A01,1,7,13,0,2,1,1,
202100056210,101 420,B01,2,7,0,2,1,1,1,
202100056210,101 421,A01,1,7,0,2,1,13,1,
202100056211,101 418,B01,1,2,0,2,7,1,1,
202100056211,101 419,A01,2,7,0,2,1,15,1,
202100056212,101 416,A01,1,33,0,2,1,1,1,
202100056212,101 417,B01,2,7,0,2,3,17,1,
202100056213,101 413,B01,1,7,0,2,4,1,1,
202100056213,101 414,A01,1,7,0,2,1,2,1,
202100056214,101 411,B01,3,2,0,2,1,1,1,