Num_Acc,id_vehicule,num_veh,senc,catv,obs,obsm,choc,manv,motor,occutc
202100056214,101 412,A01,3,2,0,2,1,13,1,
202100056215,101 410,A01,1,1,0,0,3,1,5,
202100056216,101 409,A01,2,7,0,1,2,1,1,
202100056217,101 408,A01,1,7,2,0,3,13,1,
202100056218,101 407,A01,2,7,0,0,9,1,1,
202100056219,101 405,B01,3,10,0,2,5,15,1,
202100056219,101 406,A01,3,33,0,2,2,1,1,
202100056220,101 403,B01,1,7,0,0,3,1,1,
202100056220,101 404,A01,1,7,0,0,1,15,1,
202100056221,101 402,A01,1,7,0,1,7,1,1,
202100056222,101 400,B01,1,2,0,2,3,15,1,
202100056222,101 401,A01,2,7,0,2,3,15,1,
202100056223,101 399,A01,2,33,1,0,1,21,1,
202100056224,101 397,A01,2,7,0,2,4,1,1,
202100056224,101 398,B01,2,7,0,2,2,2,1,
202100056225,101 396,A01,1,34,0,9,1,1,1,
202100056226,101 394,A01,1,7,0,2,4,1,1,
202100056226,101 395,B01,1,7,0,2,1,1,1,
202100056227,101 391,B01,1,17,0,2,3,0,1,
202100056227,101 392,Z01,1,7,0,2,0,0,0,
202100056227,101 393,A01,1,7,0,2,0,0,1,
202100056228,101 389,B01,2,7,0,2,3,1,1,
202100056228,101 390,A01,2,15,0,2,2,12,1,
202100056229,101 388,A01,2,7,0,0,1,1,1,
202100056230,101 385,B01,1,10,0,2,4,2,1,
202100056230,101 386,C01,1,33,0,2,1,2,1,
202100056230,101 387,A01,1,7,0,2,1,2,1,
202100056231,101 380,A01,2,7,0,2,2,15,1,
202100056231,101 381,B01,2,33,0,2,5,16,1,
202100056232,101 379,A01,1,33,0,0,0,9,1,
202100056233,101 377,A01,3,7,0,2,3,13,1,
202100056233,101 378,B01,3,33,0,2,1,7,1,
202100056234,101 376,A01,1,7,0,1,1,1,1,
202100056235,101 375,B01,1,50,0,0,8,1,3,
202100056236,101 373,A01,1,7,0,2,3,1,1,
202100056236,101 374,B01,2,7,0,2,6,1,1,
202100056237,101 372,A01,2,7,0,1,2,1,1,
202100056238,101 370,A01,1,7,0,2,3,2,1,
202100056238,101 371,B01,1,7,0,2,5,2,1,
202100056239,101 368,B01,1,7,0,2,5,26,1,
202100056239,101 369,A01,3,7,0,2,3,9,1,
202100056240,101 367,A01,3,7,0,1,1,1,0,
202100056241,101 365,B01,2,7,0,2,1,1,1,
202100056241,101 366,A01,1,7,0,2,2,15,1,
202100056242,101 364,A01,3,2,12,0,1,19,1,
202100056243,101 362,B01,2,7,0,2,7,1,1,
202100056243,101 363,A01,2,7,0,2,8,15,1,
202100056244,101 361,A01,3,7,2,0,1,1,1,
202100056245,101 357,B01,2,7,0,2,4,23,1,
202100056245,101 358,C01,2,7,0,2,4,23,1,
202100056245,101 359,Z01,2,7,0,0,0,0,0,
202100056245,101 360,A01,2,7,0,2,1,1,1,
202100056246,101 355,B01,3,7,0,2,1,5,1,
202100056246,101 356,A01,3,2,0,2,1,15,1,
202100056247,101 351,A01,1,7,0,2,3,15,3,
202100056247,101 352,B01,1,34,0,2,1,1,1,
202100056248,101 349,B01,2,1,0,2,7,1,5,
202100056248,101 350,A01,1,7,0,2,3,9,1,
202100056249,101 348,A01,3,30,0,0,0,1,1,
202100056250,101 347,A01,1,7,1,0,8,1,1,
202100056251,101 346,A01,0,7,0,1,3,26,1,
202100056252,101 345,A01,1,7,0,1,2,1,1,
202100056253,101 344,A01,1,0,0,1,1,19,0,
202100056254,101 343,A01,1,7,7,0,2,14,1,
202100056255,101 342,A01,1,7,7,0,3,13,1,
202100056256,101 340,A01,1,7,0,2,1,15,1,
202100056256,101 341,B01,1,33,0,2,1,1,1,
202100056257,101 339,A01,0,7,0,1,2,1,1,
202100056258,101 338,A01,1,7,7,0,2,14,1,
202100056259,101 335,A01,3,10,0,1,3,15,1,
202100056260,101 333,A01,2,2,0,2,1,1,1,
202100056260,101 334,B01,2,7,0,2,6,23,1,
202100056261,101 331,B01,1,7,0,2,4,16,1,
202100056261,101 332,A01,1,7,0,2,1,16,1,
202100056262,101 329,A01,1,7,0,2,2,23,1,
202100056262,101 330,B01,1,2,14,0,1,18,1,
202100056263,101 327,B01,2,37,0,2,2,1,1,3.0
202100056263,101 328,A01,2,7,3,2,5,1,1,
202100056264,101 325,A01,1,30,0,2,8,1,1,
202100056264,101 326,B01,1,7,0,2,1,15,1,
202100056265,101 323,Z01,0,7,0,2,0,9,0,
202100056265,101 324,A01,0,2,0,2,1,1,1,
202100056266,101 321,B01,3,10,0,0,6,23,1,
202100056266,101 322,A01,1,7,0,2,2,21,1,
202100056267,101 320,Z01,3,7,0,1,0,26,0,
202100056268,101 319,A01,0,7,0,1,1,13,1,
202100056269,101 317,A01,0,43,0,2,1,1,1,
202100056269,101 318,Z01,0,7,0,2,5,16,0,
202100056270,101 316,A01,2,7,0,1,3,1,1,
202100056271,101 315,B01,3,7,0,1,1,21,2,
202100056272,101 311,A01,1,15,0,2,1,1,1,
202100056272,101 312,B01,1,10,0,2,4,15,1,
202100056272,101 313,C01,1,7,13,0,0,0,1,
202100056272,101 314,D01,1,7,0,2,3,1,1,
202100056273,101 309,B01,2,7,0,2,2,21,1,
202100056273,101 310,A01,1,7,0,2,2,9,1,
202100056274,101 307,A01,2,7,0,2,1,1,1,
202100056274,101 308,B01,1,7,0,2,2,1,1,
202100056275,101 305,A01,2,30,0,2,8,1,1,
202100056275,101 306,Z01,1,7,0,2,3,15,1,
202100056276,101 303,B01,2,1,0,2,3,1,5,
202100056276,101 304,A01,2,7,0,2,2,17,2,
202100056277,101 301,B01,1,10,0,2,8,22,1,
202100056277,101 302,A01,1,30,0,2,7,1,1,
202100056278,101 299,A01,1,7,0,2,3,1,1,
202100056278,101 300,Z01,1,7,0,2,1,1,1,
202100056279,101 297,A01,3,32,0,2,1,13,1,
202100056279,101 298,B01,3,7,0,2,4,1,1,
202100056280,101 296,A01,1,30,0,0,0,16,1,
202100056281,101 294,A01,1,80,0,0,0,1,3,
202100056282,101 293,A01,1,80,12,0,1,13,3,
202100056283,101 292,A01,1,1,0,1,1,1,5,
202100056284,101 291,A01,1,1,0,1,1,5,5,
202100056285,101 289,B01,2,1,0,9,8,19,5,
202100056285,101 290,A01,2,2,0,9,1,1,0,
202100056286,101 286,C01,3,7,0,2,6,24,1,
202100056286,101 287,B01,3,7,0,2,2,19,1,
202100056286,101 288,A01,3,7,1,2,8,1,1,
202100056287,101 284,A01,3,50,0,2,0,19,3,
202100056287,101 285,B01,3,7,0,2,0,0,0,
202100056288,101 282,A01,2,7,0,2,3,15,1,
202100056288,101 283,B01,1,7,0,2,1,1,1,
202100056289,101 280,Z01,2,7,0,2,1,2,0,
202100056289,101 281,B01,2,7,0,2,4,2,1,
202100056290,101 278,A01,2,10,0,2,3,15,1,
202100056290,101 279,B01,2,1,0,2,1,1,5,
202100056291,101 276,B01,-1,43,0,2,7,13,1,
202100056291,101 277,A01,-1,7,1,0,3,13,1,
202100056292,101 275,A01,3,7,14,0,3,13,1,
202100056293,101 273,A01,1,10,0,2,3,1,3,
202100056293,101 274,B01,1,7,0,2,3,15,1,
202100056294,101 272,A01,1,10,0,1,1,1,1,
202100056295,101 271,A01,1,7,0,1,4,26,1,
202100056296,101 269,B01,1,7,0,2,1,1,1,
202100056296,101 270,A01,2,7,0,2,1,5,1,
202100056297,101 267,B01,1,7,0,2,8,1,1,
202100056297,101 268,A01,2,10,0,2,1,1,1,
202100056298,101 265,B01,3,50,1,0,1,1,3,
202100056298,101 266,A01,3,7,0,2,7,22,0,
202100056299,101 261,D01,1,10,0,2,2,1,1,
202100056299,101 262,B01,1,14,0,2,6,1,1,
202100056299,101 263,A01,1,7,0,2,3,13,1,
202100056299,101 264,C01,2,17,0,2,3,1,1,
202100056300,101 259,A01,1,1,0,2,1,25,5,
202100056300,101 260,B01,2,7,0,2,7,9,1,
202100056301,101 258,A01,2,33,0,1,1,1,1,
202100056302,101 257,A01,1,31,0,0,7,1,1,
202100056303,101 255,B01,1,10,0,2,3,1,1,
202100056303,101 256,A01,2,7,0,2,3,1,1,
202100056304,101 254,A01,1,7,0,0,7,0,1,
202100056305,101 253,A01,2,38,3,0,7,0,1,1.0
202100056306,101 252,A01,1,7,0,1,1,11,1,
202100056307,101 250,B01,1,1,9,0,4,1,5,
202100056307,101 251,A01,1,7,0,9,2,1,1,
202100056308,101 249,A01,1,7,2,0,1,1,1,
202100056309,101 248,A01,3,10,0,1,1,1,1,
202100056310,101 247,A01,0,7,0,1,3,1,1,
202100056311,101 245,B01,2,7,0,2,2,1,1,
202100056311,101 246,A01,1,7,0,2,1,13,1,
202100056312,101 243,B01,2,17,0,2,5,1,1,
202100056312,101 244,A01,2,1,0,2,3,25,5,
202100056313,101 241,B01,3,7,0,2,2,1,1,
202100056313,101 242,A01,3,7,1,2,3,2,1,
202100056314,101 240,A01,2,7,3,0,1,1,2,
202100056315,101 236,A01,2,15,0,2,1,2,0,
202100056315,101 237,B01,2,7,0,2,4,2,1,
202100056315,101 238,C01,2,7,0,2,4,2,1,
202100056315,101 239,D01,2,15,0,0,4,2,1,
202100056316,101 234,A01,2,7,0,2,1,13,1,
202100056316,101 235,B01,2,10,0,2,4,17,1,
202100056317,101 232,B01,2,1,0,0,8,1,5,
202100056317,101 233,A01,2,7,0,2,7,14,0,
202100056318,101 231,A01,3,2,0,1,1,5,1,
202100056319,101 229,A01,2,7,0,2,2,13,1,
202100056319,101 230,B01,1,7,0,2,3,1,1,
202100056320,101 228,A01,2,7,4,0,3,11,1,
202100056321,101 225,C01,1,7,0,2,4,2,1,
202100056321,101 226,A01,1,7,0,2,1,2,0,
202100056321,101 227,B01,1,7,0,2,4,2,0,
202100056322,101 222,A01,1,7,4,0,1,1,1,
202100056322,101 223,B01,1,15,0,2,4,2,1,
202100056322,101 224,C01,1,7,0,2,1,2,1,
202100056323,101 221,B01,2,7,1,1,1,1,1,
202100056324,101 219,A01,1,31,0,2,1,1,1,
202100056324,101 220,B01,1,7,0,2,6,15,1,
202100056325,101 217,A01,2,33,1,2,8,1,1,
202100056325,101 218,B01,1,7,1,2,2,1,1,
202100056326,101 215,B01,1,2,0,2,0,0,1,
202100056326,101 216,A01,1,7,0,2,5,26,1,
202100056327,101 214,A01,2,30,0,1,1,21,0,
202100056328,101 213,A01,2,7,0,0,1,14,1,
202100056329,101 212,A01,2,43,0,9,1,1,1,
202100056330,101 211,A01,2,7,4,0,9,26,1,
202100056331,101 209,B01,2,7,0,2,1,1,1,
202100056331,101 210,A01,2,7,0,2,1,10,1,
202100056332,101 207,B01,1,7,0,2,4,2,1,
202100056332,101 208,A01,1,7,0,2,2,2,1,
202100056333,101 205,A01,1,7,0,2,3,26,1,
202100056333,101 206,B01,1,2,0,2,1,26,1,
202100056334,101 203,A01,3,7,2,2,2,24,1,
202100056334,101 204,Z01,1,7,1,0,2,1,1,
202100056335,101 201,A01,3,7,0,2,1,1,1,
202100056335,101 202,B01,3,7,0,2,7,1,1,
202100056336,101 199,A01,2,7,0,2,1,19,1,
202100056336,101 200,B01,1,7,0,2,3,15,1,
202100056337,101 198,Z01,2,7,1,0,0,0,1,
202100056338,101 196,B01,3,7,0,2,1,2,0,
202100056338,101 197,A01,3,33,0,2,1,17,1,
202100056339,101 195,A01,1,36,12,0,9,10,1,
202100056340,101 191,B01,1,7,0,2,3,19,1,
202100056340,101 192,A01,1,31,0,2,1,1,1,
202100056341,101 189,B01,2,7,0,2,2,2,1,
202100056341,101 190,A01,2,2,0,2,8,2,1,
202100056342,101 187,A01,0,30,0,2,1,15,1,
202100056342,101 188,B01,0,32,0,2,1,1,1,
202100056343,101 185,B01,1,7,8,2,5,1,1,
202100056343,101 186,A01,1,7,0,2,1,1,1,
202100056344,101 183,B01,2,31,0,2,0,0,1,
202100056344,101 184,A01,2,7,0,2,0,0,2,
202100056345,101 182,A01,2,32,0,0,0,1,1,
202100056346,101 181,A01,1,1,0,1,1,13,0,
202100056347,101 180,A01,2,7,8,0,1,0,1,
202100056348,101 178,B01,3,32,0,2,2,1,1,
202100056348,101 179,A01,3,7,0,2,3,10,1,
202100056349,101 177,A01,1,7,1,0,1,26,1,
202100056350,101 176,A01,1,7,1,0,2,13,1,
202100056351,101 174,A01,1,2,0,2,1,1,1,
202100056351,101 175,B01,2,7,0,2,6,1,1,
202100056352,101 173,A01,1,7,8,0,3,1,1,
202100056353,101 171,B01,2,7,0,2,1,1,1,
202100056353,101 172,A01,1,7,0,0,8,9,1,
202100056354,101 168,B01,2,10,0,2,7,1,1,
202100056354,101 169,C01,2,7,0,2,1,1,1,
202100056354,101 170,A01,1,7,0,2,1,13,1,
202100056355,101 167,A01,3,7,2,0,1,1,1,
202100056356,101 166,A01,2,7,2,0,1,1,1,
202100056357,101 164,A01,1,7,0,2,3,15,1,
202100056357,101 165,B01,2,7,0,2,3,1,1,
202100056358,101 163,A01,0,7,15,0,1,1,1,
202100056359,101 161,B01,1,7,0,2,3,1,1,
202100056359,101 162,A01,2,2,0,2,7,15,1,
202100056360,101 160,A01,1,7,2,0,1,1,1,
202100056361,101 159,A01,1,7,2,0,3,0,1,
202100056362,101 157,B01,2,1,0,2,0,1,5,
202100056362,101 158,A01,1,7,0,2,1,15,1,
202100056363,101 156,A01,0,7,2,0,2,1,1,
202100056364,101 151,E01,1,7,3,2,1,1,1,
202100056364,101 152,D01,1,7,3,2,2,1,1,
202100056364,101 153,C01,1,7,3,2,2,1,1,
202100056364,101 154,B01,1,7,3,2,3,1,1,
202100056364,101 155,A01,1,7,3,2,2,1,1,
202100056365,101 149,A01,2,7,0,0,4,23,1,
202100056365,101 150,B01,2,7,1,0,1,2,1,
202100056366,101 147,A01,2,7,0,0,4,17,1,
202100056366,101 148,B01,2,7,0,2,1,2,1,
202100056367,101 145,B01,1,7,0,0,4,1,1,
202100056367,101 146,A01,1,10,0,2,1,1,1,
202100056368,101 143,B01,2,7,0,2,2,2,1,
202100056368,101 144,A01,2,7,0,2,4,1,1,
202100056369,101 142,A01,0,7,8,0,1,1,1,
202100056370,101 141,A01,2,10,16,0,9,14,1,
202100056371,101 140,A01,3,7,16,0,0,13,1,
202100056372,101 138,A01,1,2,0,2,1,1,1,
202100056372,101 139,B01,2,7,0,2,1,1,1,
202100056373,101 136,A01,3,7,0,9,1,1,1,
202100056373,101 137,B01,0,2,0,2,7,19,3,
202100056374,101 134,B01,2,7,0,0,3,23,1,
202100056374,101 135,A01,2,7,1,0,3,13,1,
202100056375,101 133,A01,2,7,13,0,3,1,1,
202100056376,101 132,A01,2,36,0,0,0,1,1,
202100056377,101 130,A01,1,7,0,2,2,23,1,
202100056377,101 131,B01,1,7,0,2,0,0,1,
202100056378,101 128,B01,1,7,1,0,7,2,0,
202100056378,101 129,A01,1,7,4,0,2,1,0,
202100056379,101 126,A01,2,7,0,2,1,2,1,
202100056379,101 127,B01,2,7,0,2,4,1,1,
202100056380,101 123,C01,2,7,0,2,4,2,1,
202100056380,101 124,B01,2,7,0,2,4,2,1,
202100056380,101 125,A01,2,7,0,2,1,2,1,
202100056381,101 121,Z01,2,7,0,0,0,0,0,
202100056381,101 122,A01,1,2,0,2,1,0,1,
202100056382,101 119,A01,2,7,0,2,1,2,1,
202100056382,101 120,B01,2,7,0,2,4,23,1,
202100056383,101 118,A01,2,7,4,0,2,0,1,
202100056384,101 116,A01,2,7,0,2,1,2,1,
202100056384,101 117,B01,2,7,0,2,4,2,1,
202100056385,101 115,A01,2,33,0,2,1,1,1,
202100056386,101 113,B01,3,7,0,2,3,1,1,
202100056386,101 114,A01,3,7,0,2,3,15,1,
202100056387,101 111,B01,2,32,0,2,4,23,1,
202100056387,101 112,A01,2,2,0,2,1,1,1,
202100056388,101 109,B01,1,7,0,2,1,15,1,
202100056388,101 110,A01,1,7,0,2,5,1,1,
202100056389,101 107,B01,1,31,0,2,4,2,1,
202100056389,101 108,A01,1,7,0,2,1,0,0,
202100056390,101 104,A01,1,7,0,2,1,15,1,
202100056390,101 105,B01,2,7,0,2,1,2,1,
202100056390,101 106,C01,1,7,0,2,1,1,1,
202100056391,101 102,A01,2,2,0,2,2,26,1,
202100056391,101 103,B01,2,7,0,2,3,1,1,
202100056392,101 100,B01,3,2,0,2,1,0,1,
202100056392,101 101,A01,1,7,0,2,2,1,1,
202100056393,101 098,A01,3,7,0,2,7,1,1,
202100056393,101 099,B01,3,7,0,2,1,15,1,
202100056394,101 097,A01,3,7,11,0,2,12,2,
202100056395,101 096,A01,2,7,6,0,1,13,1,
202100056396,101 094,B01,2,7,0,2,3,21,1,
202100056396,101 095,A01,1,7,0,2,2,21,0,
202100056397,101 092,A01,2,30,0,2,1,1,1,
202100056397,101 093,B01,1,7,0,2,3,1,1,
202100056398,101 090,B01,1,7,0,0,4,2,1,
202100056398,101 091,A01,1,7,0,2,1,2,1,
202100056399,101 089,A01,2,7,0,1,2,1,1,
202100056400,101 086,C01,3,7,0,2,4,1,1,
202100056400,101 087,B01,3,7,0,2,4,1,1,
202100056400,101 088,A01,3,7,0,2,1,1,1,
202100056401,101 085,A01,2,7,1,1,1,21,1,
202100056402,101 083,B01,1,7,15,2,3,19,1,
202100056402,101 084,A01,1,7,15,2,2,19,1,
202100056403,101 081,A01,1,7,0,2,1,1,1,
202100056403,101 082,B01,1,7,0,2,4,1,1,
202100056404,101 079,A01,1,1,0,2,1,25,5,
202100056404,101 080,B01,1,7,0,2,1,1,1,
202100056405,101 078,A01,2,7,14,0,1,26,1,
202100056406,101 077,A01,3,7,2,0,1,1,1,
202100056407,101 074,B01,2,7,0,2,3,1,1,
202100056407,101 075,A01,2,33,0,2,1,17,1,
202100056407,101 076,C01,2,7,0,2,3,1,1,
202100056408,101 071,C01,2,7,0,2,1,1,1,
202100056408,101 072,B01,2,7,0,2,1,9,1,
202100056408,101 073,A01,1,7,0,2,1,13,1,
202100056409,101 070,A01,1,7,16,0,1,14,1,
202100056410,101 068,A01,0,7,0,2,7,9,0,
202100056410,101 069,B01,0,30,0,2,1,1,0,
202100056411,101 067,A01,1,10,0,1,7,26,1,
202100056412,101 065,A01,1,7,0,2,1,0,1,
202100056412,101 066,B01,1,7,0,2,2,1,1,
202100056413,101 063,A01,1,7,0,2,3,15,1,
202100056413,101 064,B01,1,32,0,2,1,2,1,
202100056414,101 061,A01,1,2,0,2,7,1,1,
202100056414,101 062,B01,1,7,0,2,1,0,1,
202100056415,101 059,A01,1,32,0,2,2,0,1,
202100056415,101 060,B01,1,3,0,2,6,0,1,
202100056416,101 058,A01,2,7,6,0,1,1,1,
202100056417,101 055,A01,1,7,0,2,1,2,1,
202100056417,101 056,B01,1,7,0,2,4,2,1,
202100056417,101 057,C01,1,10,0,2,4,2,1,
202100056418,101 053,Z01,1,7,0,2,0,1,0,
202100056418,101 054,A01,1,30,0,2,1,1,1,
202100056419,101 048,E01,2,7,0,2,4,23,1,
202100056419,101 049,D01,2,7,0,2,4,23,1,
202100056419,101 050,C01,2,7,0,2,4,23,1,
202100056419,101 051,B01,2,7,0,2,4,23,1,
202100056419,101 052,A01,2,7,0,2,1,1,1,
202100056420,101 047,A01,1,7,1,2,2,16,1,
202100056421,101 046,A01,1,10,0,1,2,1,1,
202100056422,101 044,A01,1,7,1,2,3,13,1,
202100056422,101 045,B01,1,2,0,2,7,17,3,
202100056423,101 042,B01,2,33,0,2,1,1,1,
202100056423,101 043,A01,2,7,0,2,8,10,1,
202100056424,101 040,B01,2,7,0,2,2,9,1,
202100056424,101 041,A01,1,1,0,2,1,1,5,
202100056425,101 038,A01,1,7,0,2,2,16,1,
202100056425,101 039,B01,1,30,0,2,1,18,1,
202100056426,101 037,A01,3,50,0,0,0,26,3,
202100056427,101 035,A01,1,7,0,2,0,0,1,
202100056427,101 036,B01,1,2,0,2,1,0,1,
202100056428,101 034,Z01,3,7,0,1,2,1,1,
202100056429,101 032,A01,2,7,0,2,3,2,1,
202100056429,101 033,B01,2,7,0,2,5,0,1,
202100056430,101 030,B01,0,7,0,2,1,1,1,
202100056430,101 031,A01,3,10,0,2,1,5,1,
202100056431,101 029,A01,1,32,0,1,3,1,1,
202100056432,101 027,A01,2,7,0,2,1,1,1,
202100056432,101 028,B01,2,7,0,2,1,1,1,
202100056433,101 026,Z01,1,7,0,1,2,26,0,
202100056434,101 025,A01,3,20,0,1,3,0,1,
202100056435,101 024,A01,2,7,1,0,2,0,1,
202100056436,101 022,B01,3,7,0,2,1,1,1,
202100056436,101 023,A01,3,7,0,2,2,15,1,
202100056437,101 020,A01,0,10,0,2,1,2,1,
202100056437,101 021,B01,0,7,0,2,4,1,1,
202100056438,101 016,A01,1,7,0,2,1,26,0,
202100056438,101 017,D01,1,7,0,2,4,0,0,
202100056438,101 018,C01,1,7,0,0,4,0,0,
202100056438,101 019,B01,1,7,0,2,4,0,0,
202100056439,101 015,A01,1,7,0,1,1,1,0,
202100056440,101 013,A01,1,7,0,2,2,1,1,
202100056440,101 014,B01,1,14,0,2,6,23,1,
202100056441,101 012,A01,1,7,0,1,2,15,1,
202100056442,101 010,A01,2,32,0,2,1,1,1,
202100056442,101 011,B01,1,7,0,2,2,15,1,
202100056443,101 008,B01,1,34,0,2,1,1,1,
202100056443,101 009,A01,2,7,0,2,5,15,1,
202100056444,101 006,B01,0,31,0,9,0,0,0,
202100056444,101 007,A01,0,30,0,9,0,0,0,
202100056445,101 005,A01,0,7,16,0,1,1,6,
202100056446,101 004,A01,1,7,8,0,1,21,1,
202100056447,101 003,A01,1,7,2,0,1,1,1,
202100056448,101 002,A01,1,7,0,1,2,1,1,
202100056449,101 000,A01,1,7,0,2,3,1,1,
202100056449,101 001,B01,1,33,0,2,8,15,1,
202100056450,100 995,A01,2,7,0,2,3,5,1,
202100056450,100 996,C01,1,7,0,2,1,1,1,
202100056450,100 997,D01,1,7,0,2,8,1,1,
202100056450,100 998,E01,1,7,0,2,7,1,1,
202100056450,100 999,B01,1,7,0,2,3,1,1,
202100056451,100 994,A01,2,7,13,0,2,0,1,
202100056452,100 993,A01,1,7,3,0,9,17,1,
202100056453,100 991,B01,1,7,0,2,3,15,1,
202100056453,100 992,A01,2,43,12,0,3,1,1,
202100056454,100 990,A01,1,2,8,0,7,1,1,
202100056455,100 989,A01,2,7,2,0,1,1,1,
202100056456,100 987,B01,3,2,0,2,1,1,1,
202100056456,100 988,A01,3,7,0,2,2,19,1,
202100056457,100 985,B01,1,7,0,2,1,1,1,
202100056457,100 986,A01,1,7,0,2,7,1,1,
202100056458,100 984,A01,2,7,2,0,1,19,1,
202100056459,100 983,A01,2,7,2,0,3,1,1,
202100056460,100 982,A01,0,7,0,1,1,15,1,
202100056461,100 980,B01,3,7,0,2,1,1,1,
202100056461,100 981,A01,3,7,0,2,3,15,1,
202100056462,100 979,A01,1,7,8,0,1,1,1,
202100056463,100 976,C01,1,7,0,0,3,1,1,
202100056463,100 977,A01,1,7,0,0,3,19,1,
202100056463,100 978,B01,1,7,0,2,1,1,1,
202100056464,100 975,A01,2,7,3,0,2,1,1,
202100056465,100 971,A01,3,33,0,0,0,1,1,
202100056466,100 970,A01,1,7,0,1,2,1,1,
202100056467,100 968,A01,1,7,4,2,3,1,1,
202100056467,100 969,B01,1,7,0,2,2,1,1,
202100056468,100 966,A01,2,7,0,2,3,5,1,
202100056468,100 967,B01,1,7,0,2,6,1,1,
202100056469,100 964,A01,1,7,0,2,1,6,1,
202100056469,100 965,B01,2,7,0,2,1,1,1,
202100056470,100 962,B01,1,7,0,0,1,1,1,
202100056470,100 963,A01,2,7,0,0,1,5,1,
202100056471,100 960,B01,2,7,0,2,7,16,1,
202100056471,100 961,A01,2,32,0,2,3,1,1,
202100056472,100 957,A01,1,7,0,2,1,5,1,
202100056472,100 958,C01,2,10,0,2,3,1,1,
202100056472,100 959,B01,2,7,0,2,1,1,1,
202100056473,100 956,A01,3,36,1,0,1,1,1,
202100056474,100 954,A01,1,2,0,2,1,13,1,
202100056474,100 955,B01,2,2,0,2,1,1,1,
202100056475,100 952,A01,2,31,0,2,1,13,1,
202100056475,100 953,B01,1,10,0,2,1,15,1,
202100056476,100 951,A01,3,7,0,1,3,1,1,
202100056477,100 950,A01,2,7,17,0,3,1,1,
202100056478,100 948,A01,0,7,2,2,5,19,1,
202100056478,100 949,B01,1,7,0,2,1,1,1,
202100056479,100 947,A01,1,7,16,0,8,1,1,
202100056480,100 945,A01,1,7,0,2,8,9,1,
202100056480,100 946,B01,1,7,0,2,1,1,1,
202100056481,100 943,B01,2,7,8,2,1,14,1,
202100056481,100 944,A01,3,7,8,0,3,23,1,
202100056482,100 941,A01,3,7,0,9,2,1,1,
202100056482,100 942,B01,0,99,0,2,1,15,5,
202100056483,100 938,A01,2,7,0,2,1,1,1,
202100056483,100 939,B01,2,7,0,2,5,1,1,
202100056483,100 940,C01,2,7,0,2,4,1,1,
202100056484,100 936,B01,2,7,0,2,5,2,1,
202100056484,100 937,A01,2,7,0,2,1,2,1,
202100056485,100 934,A01,2,7,0,0,4,1,1,
202100056485,100 935,Z01,2,7,0,2,1,1,1,
202100056486,100 931,C01,2,7,0,0,4,1,1,
202100056486,100 932,B01,2,7,0,2,4,1,1,
202100056486,100 933,A01,2,7,0,2,1,1,1,
202100056487,100 930,Z01,2,0,0,1,0,1,0,
202100056488,100 929,A01,2,33,0,0,9,3,1,
202100056489,100 927,A01,1,33,0,2,1,2,1,
202100056489,100 928,B01,1,7,0,2,6,2,1,
202100056490,100 925,B01,1,7,0,2,5,1,1,
202100056490,100 926,A01,1,43,0,2,1,2,1,
202100056491,100 923,B01,2,7,0,2,2,1,1,
202100056491,100 924,A01,2,7,0,2,4,2,1,
202100056492,100 922,A01,2,7,4,0,1,9,1,
202100056493,100 921,A01,1,7,4,0,9,1,1,
202100056494,100 919,B01,1,7,0,2,6,2,1,
202100056494,100 920,A01,1,7,0,2,1,1,1,
202100056495,100 918,A01,2,7,0,0,9,2,1,
202100056496,100 917,A01,2,7,4,0,1,1,1,
202100056497,100 916,A01,1,7,5,0,2,1,1,
202100056498,100 913,A01,2,7,0,2,1,2,1,
202100056498,100 914,B01,2,7,0,2,4,2,1,
202100056498,100 915,C01,2,7,0,2,4,2,1,
202100056499,100 910,B01,1,7,0,2,1,2,1,
202100056499,100 911,A01,1,7,0,2,1,1,1,
202100056499,100 912,C01,1,7,0,2,4,2,1,
202100056500,100 907,B01,2,7,0,2,4,1,1,
202100056500,100 908,C01,2,7,0,2,5,1,2,
202100056500,100 909,A01,2,7,0,2,1,3,1,
202100056501,100 906,A01,1,7,4,0,2,14,1,
202100056502,100 904,B01,1,7,4,2,8,17,1,
202100056502,100 905,A01,1,7,0,2,8,1,1,
202100056503,100 903,A01,1,33,6,0,2,0,1,
202100056504,100 902,A01,1,7,6,0,1,13,1,
202100056505,100 901,A01,0,33,6,0,1,0,1,
202100056506,100 900,A01,2,7,5,0,3,13,1,
202100056507,100 899,A01,2,7,13,0,1,1,1,
202100056508,100 898,A01,2,1,0,0,8,1,5,
202100056509,100 897,A01,1,7,13,0,8,1,1,
202100056510,100 894,A01,1,7,0,0,4,2,1,
202100056510,100 895,B01,1,7,0,2,4,2,1,
202100056510,100 896,C01,1,7,0,2,1,2,1,
202100056511,100 892,B01,1,7,0,0,6,17,1,
202100056511,100 893,A01,1,33,0,2,1,2,1,
202100056512,100 891,A01,0,10,4,0,0,1,1,
202100056513,100 889,A01,2,7,13,2,1,2,1,
202100056513,100 890,B01,2,7,0,2,4,2,1,
202100056514,100 888,A01,2,7,5,0,3,0,1,
202100056515,100 887,A01,1,7,6,0,1,1,1,
202100056516,100 885,A01,1,7,0,2,1,5,1,
202100056516,100 886,B01,2,7,0,2,3,1,1,
202100056517,100 884,A01,2,7,6,0,5,6,1,
202100056518,100 882,A01,2,7,0,2,1,6,1,
202100056518,100 883,B01,1,7,0,2,1,1,1,